[2026-05-17T03:20:30.515+0000] {processor.py:161} INFO - Started process (PID=98) to work on /home/airflow/.local/lib/python3.8/site-packages/airflow/example_dags/plugins/event_listener.py
[2026-05-17T03:20:30.516+0000] {processor.py:830} INFO - Processing file /home/airflow/.local/lib/python3.8/site-packages/airflow/example_dags/plugins/event_listener.py for tasks to queue
[2026-05-17T03:20:30.520+0000] {logging_mixin.py:188} INFO - [2026-05-17T03:20:30.520+0000] {dagbag.py:538} INFO - Filling up the DagBag from /home/airflow/.local/lib/python3.8/site-packages/airflow/example_dags/plugins/event_listener.py
[2026-05-17T03:20:30.526+0000] {processor.py:842} WARNING - No viable dags retrieved from /home/airflow/.local/lib/python3.8/site-packages/airflow/example_dags/plugins/event_listener.py
[2026-05-17T03:20:30.566+0000] {processor.py:183} INFO - Processing /home/airflow/.local/lib/python3.8/site-packages/airflow/example_dags/plugins/event_listener.py took 0.074 seconds
[2026-05-17T03:21:01.764+0000] {processor.py:161} INFO - Started process (PID=164) to work on /home/airflow/.local/lib/python3.8/site-packages/airflow/example_dags/plugins/event_listener.py
[2026-05-17T03:21:01.765+0000] {processor.py:830} INFO - Processing file /home/airflow/.local/lib/python3.8/site-packages/airflow/example_dags/plugins/event_listener.py for tasks to queue
[2026-05-17T03:21:01.768+0000] {logging_mixin.py:188} INFO - [2026-05-17T03:21:01.767+0000] {dagbag.py:538} INFO - Filling up the DagBag from /home/airflow/.local/lib/python3.8/site-packages/airflow/example_dags/plugins/event_listener.py
[2026-05-17T03:21:01.771+0000] {processor.py:842} WARNING - No viable dags retrieved from /home/airflow/.local/lib/python3.8/site-packages/airflow/example_dags/plugins/event_listener.py
[2026-05-17T03:21:01.797+0000] {processor.py:183} INFO - Processing /home/airflow/.local/lib/python3.8/site-packages/airflow/example_dags/plugins/event_listener.py took 0.038 seconds
[2026-05-17T03:21:32.057+0000] {processor.py:161} INFO - Started process (PID=226) to work on /home/airflow/.local/lib/python3.8/site-packages/airflow/example_dags/plugins/event_listener.py
[2026-05-17T03:21:32.059+0000] {processor.py:830} INFO - Processing file /home/airflow/.local/lib/python3.8/site-packages/airflow/example_dags/plugins/event_listener.py for tasks to queue
[2026-05-17T03:21:32.062+0000] {logging_mixin.py:188} INFO - [2026-05-17T03:21:32.061+0000] {dagbag.py:538} INFO - Filling up the DagBag from /home/airflow/.local/lib/python3.8/site-packages/airflow/example_dags/plugins/event_listener.py
[2026-05-17T03:21:32.065+0000] {processor.py:842} WARNING - No viable dags retrieved from /home/airflow/.local/lib/python3.8/site-packages/airflow/example_dags/plugins/event_listener.py
[2026-05-17T03:21:32.087+0000] {processor.py:183} INFO - Processing /home/airflow/.local/lib/python3.8/site-packages/airflow/example_dags/plugins/event_listener.py took 0.035 seconds
[2026-05-17T03:22:02.674+0000] {processor.py:161} INFO - Started process (PID=292) to work on /home/airflow/.local/lib/python3.8/site-packages/airflow/example_dags/plugins/event_listener.py
[2026-05-17T03:22:02.675+0000] {processor.py:830} INFO - Processing file /home/airflow/.local/lib/python3.8/site-packages/airflow/example_dags/plugins/event_listener.py for tasks to queue
[2026-05-17T03:22:02.678+0000] {logging_mixin.py:188} INFO - [2026-05-17T03:22:02.678+0000] {dagbag.py:538} INFO - Filling up the DagBag from /home/airflow/.local/lib/python3.8/site-packages/airflow/example_dags/plugins/event_listener.py
[2026-05-17T03:22:02.682+0000] {processor.py:842} WARNING - No viable dags retrieved from /home/airflow/.local/lib/python3.8/site-packages/airflow/example_dags/plugins/event_listener.py
[2026-05-17T03:22:02.708+0000] {processor.py:183} INFO - Processing /home/airflow/.local/lib/python3.8/site-packages/airflow/example_dags/plugins/event_listener.py took 0.041 seconds
[2026-05-17T03:22:33.141+0000] {processor.py:161} INFO - Started process (PID=356) to work on /home/airflow/.local/lib/python3.8/site-packages/airflow/example_dags/plugins/event_listener.py
[2026-05-17T03:22:33.143+0000] {processor.py:830} INFO - Processing file /home/airflow/.local/lib/python3.8/site-packages/airflow/example_dags/plugins/event_listener.py for tasks to queue
[2026-05-17T03:22:33.146+0000] {logging_mixin.py:188} INFO - [2026-05-17T03:22:33.145+0000] {dagbag.py:538} INFO - Filling up the DagBag from /home/airflow/.local/lib/python3.8/site-packages/airflow/example_dags/plugins/event_listener.py
[2026-05-17T03:22:33.150+0000] {processor.py:842} WARNING - No viable dags retrieved from /home/airflow/.local/lib/python3.8/site-packages/airflow/example_dags/plugins/event_listener.py
[2026-05-17T03:22:33.174+0000] {processor.py:183} INFO - Processing /home/airflow/.local/lib/python3.8/site-packages/airflow/example_dags/plugins/event_listener.py took 0.037 seconds
[2026-05-17T03:23:04.114+0000] {processor.py:161} INFO - Started process (PID=421) to work on /home/airflow/.local/lib/python3.8/site-packages/airflow/example_dags/plugins/event_listener.py
[2026-05-17T03:23:04.115+0000] {processor.py:830} INFO - Processing file /home/airflow/.local/lib/python3.8/site-packages/airflow/example_dags/plugins/event_listener.py for tasks to queue
[2026-05-17T03:23:04.118+0000] {logging_mixin.py:188} INFO - [2026-05-17T03:23:04.118+0000] {dagbag.py:538} INFO - Filling up the DagBag from /home/airflow/.local/lib/python3.8/site-packages/airflow/example_dags/plugins/event_listener.py
[2026-05-17T03:23:04.122+0000] {processor.py:842} WARNING - No viable dags retrieved from /home/airflow/.local/lib/python3.8/site-packages/airflow/example_dags/plugins/event_listener.py
[2026-05-17T03:23:04.149+0000] {processor.py:183} INFO - Processing /home/airflow/.local/lib/python3.8/site-packages/airflow/example_dags/plugins/event_listener.py took 0.040 seconds
[2026-05-17T03:23:34.561+0000] {processor.py:161} INFO - Started process (PID=484) to work on /home/airflow/.local/lib/python3.8/site-packages/airflow/example_dags/plugins/event_listener.py
[2026-05-17T03:23:34.564+0000] {processor.py:830} INFO - Processing file /home/airflow/.local/lib/python3.8/site-packages/airflow/example_dags/plugins/event_listener.py for tasks to queue
[2026-05-17T03:23:34.567+0000] {logging_mixin.py:188} INFO - [2026-05-17T03:23:34.566+0000] {dagbag.py:538} INFO - Filling up the DagBag from /home/airflow/.local/lib/python3.8/site-packages/airflow/example_dags/plugins/event_listener.py
[2026-05-17T03:23:34.570+0000] {processor.py:842} WARNING - No viable dags retrieved from /home/airflow/.local/lib/python3.8/site-packages/airflow/example_dags/plugins/event_listener.py
[2026-05-17T03:23:34.605+0000] {processor.py:183} INFO - Processing /home/airflow/.local/lib/python3.8/site-packages/airflow/example_dags/plugins/event_listener.py took 0.050 seconds
[2026-05-17T03:24:05.355+0000] {processor.py:161} INFO - Started process (PID=556) to work on /home/airflow/.local/lib/python3.8/site-packages/airflow/example_dags/plugins/event_listener.py
[2026-05-17T03:24:05.356+0000] {processor.py:830} INFO - Processing file /home/airflow/.local/lib/python3.8/site-packages/airflow/example_dags/plugins/event_listener.py for tasks to queue
[2026-05-17T03:24:05.360+0000] {logging_mixin.py:188} INFO - [2026-05-17T03:24:05.359+0000] {dagbag.py:538} INFO - Filling up the DagBag from /home/airflow/.local/lib/python3.8/site-packages/airflow/example_dags/plugins/event_listener.py
[2026-05-17T03:24:05.364+0000] {processor.py:842} WARNING - No viable dags retrieved from /home/airflow/.local/lib/python3.8/site-packages/airflow/example_dags/plugins/event_listener.py
[2026-05-17T03:24:05.391+0000] {processor.py:183} INFO - Processing /home/airflow/.local/lib/python3.8/site-packages/airflow/example_dags/plugins/event_listener.py took 0.043 seconds
[2026-05-17T03:24:36.425+0000] {processor.py:161} INFO - Started process (PID=622) to work on /home/airflow/.local/lib/python3.8/site-packages/airflow/example_dags/plugins/event_listener.py
[2026-05-17T03:24:36.427+0000] {processor.py:830} INFO - Processing file /home/airflow/.local/lib/python3.8/site-packages/airflow/example_dags/plugins/event_listener.py for tasks to queue
[2026-05-17T03:24:36.430+0000] {logging_mixin.py:188} INFO - [2026-05-17T03:24:36.430+0000] {dagbag.py:538} INFO - Filling up the DagBag from /home/airflow/.local/lib/python3.8/site-packages/airflow/example_dags/plugins/event_listener.py
[2026-05-17T03:24:36.435+0000] {processor.py:842} WARNING - No viable dags retrieved from /home/airflow/.local/lib/python3.8/site-packages/airflow/example_dags/plugins/event_listener.py
[2026-05-17T03:24:36.463+0000] {processor.py:183} INFO - Processing /home/airflow/.local/lib/python3.8/site-packages/airflow/example_dags/plugins/event_listener.py took 0.043 seconds
[2026-05-17T03:25:07.658+0000] {processor.py:161} INFO - Started process (PID=687) to work on /home/airflow/.local/lib/python3.8/site-packages/airflow/example_dags/plugins/event_listener.py
[2026-05-17T03:25:07.660+0000] {processor.py:830} INFO - Processing file /home/airflow/.local/lib/python3.8/site-packages/airflow/example_dags/plugins/event_listener.py for tasks to queue
[2026-05-17T03:25:07.663+0000] {logging_mixin.py:188} INFO - [2026-05-17T03:25:07.663+0000] {dagbag.py:538} INFO - Filling up the DagBag from /home/airflow/.local/lib/python3.8/site-packages/airflow/example_dags/plugins/event_listener.py
[2026-05-17T03:25:07.668+0000] {processor.py:842} WARNING - No viable dags retrieved from /home/airflow/.local/lib/python3.8/site-packages/airflow/example_dags/plugins/event_listener.py
[2026-05-17T03:25:07.703+0000] {processor.py:183} INFO - Processing /home/airflow/.local/lib/python3.8/site-packages/airflow/example_dags/plugins/event_listener.py took 0.051 seconds
[2026-05-17T03:25:37.954+0000] {processor.py:161} INFO - Started process (PID=751) to work on /home/airflow/.local/lib/python3.8/site-packages/airflow/example_dags/plugins/event_listener.py
[2026-05-17T03:25:37.955+0000] {processor.py:830} INFO - Processing file /home/airflow/.local/lib/python3.8/site-packages/airflow/example_dags/plugins/event_listener.py for tasks to queue
[2026-05-17T03:25:37.958+0000] {logging_mixin.py:188} INFO - [2026-05-17T03:25:37.957+0000] {dagbag.py:538} INFO - Filling up the DagBag from /home/airflow/.local/lib/python3.8/site-packages/airflow/example_dags/plugins/event_listener.py
[2026-05-17T03:25:37.962+0000] {processor.py:842} WARNING - No viable dags retrieved from /home/airflow/.local/lib/python3.8/site-packages/airflow/example_dags/plugins/event_listener.py
[2026-05-17T03:25:37.988+0000] {processor.py:183} INFO - Processing /home/airflow/.local/lib/python3.8/site-packages/airflow/example_dags/plugins/event_listener.py took 0.039 seconds
[2026-05-17T03:26:08.836+0000] {processor.py:161} INFO - Started process (PID=816) to work on /home/airflow/.local/lib/python3.8/site-packages/airflow/example_dags/plugins/event_listener.py
[2026-05-17T03:26:08.837+0000] {processor.py:830} INFO - Processing file /home/airflow/.local/lib/python3.8/site-packages/airflow/example_dags/plugins/event_listener.py for tasks to queue
[2026-05-17T03:26:08.840+0000] {logging_mixin.py:188} INFO - [2026-05-17T03:26:08.840+0000] {dagbag.py:538} INFO - Filling up the DagBag from /home/airflow/.local/lib/python3.8/site-packages/airflow/example_dags/plugins/event_listener.py
[2026-05-17T03:26:08.845+0000] {processor.py:842} WARNING - No viable dags retrieved from /home/airflow/.local/lib/python3.8/site-packages/airflow/example_dags/plugins/event_listener.py
[2026-05-17T03:26:08.875+0000] {processor.py:183} INFO - Processing /home/airflow/.local/lib/python3.8/site-packages/airflow/example_dags/plugins/event_listener.py took 0.045 seconds
[2026-05-17T03:26:39.648+0000] {processor.py:161} INFO - Started process (PID=882) to work on /home/airflow/.local/lib/python3.8/site-packages/airflow/example_dags/plugins/event_listener.py
[2026-05-17T03:26:39.651+0000] {processor.py:830} INFO - Processing file /home/airflow/.local/lib/python3.8/site-packages/airflow/example_dags/plugins/event_listener.py for tasks to queue
[2026-05-17T03:26:39.653+0000] {logging_mixin.py:188} INFO - [2026-05-17T03:26:39.653+0000] {dagbag.py:538} INFO - Filling up the DagBag from /home/airflow/.local/lib/python3.8/site-packages/airflow/example_dags/plugins/event_listener.py
[2026-05-17T03:26:39.657+0000] {processor.py:842} WARNING - No viable dags retrieved from /home/airflow/.local/lib/python3.8/site-packages/airflow/example_dags/plugins/event_listener.py
[2026-05-17T03:26:39.680+0000] {processor.py:183} INFO - Processing /home/airflow/.local/lib/python3.8/site-packages/airflow/example_dags/plugins/event_listener.py took 0.037 seconds
[2026-05-17T03:27:10.780+0000] {processor.py:161} INFO - Started process (PID=947) to work on /home/airflow/.local/lib/python3.8/site-packages/airflow/example_dags/plugins/event_listener.py
[2026-05-17T03:27:10.781+0000] {processor.py:830} INFO - Processing file /home/airflow/.local/lib/python3.8/site-packages/airflow/example_dags/plugins/event_listener.py for tasks to queue
[2026-05-17T03:27:10.783+0000] {logging_mixin.py:188} INFO - [2026-05-17T03:27:10.783+0000] {dagbag.py:538} INFO - Filling up the DagBag from /home/airflow/.local/lib/python3.8/site-packages/airflow/example_dags/plugins/event_listener.py
[2026-05-17T03:27:10.787+0000] {processor.py:842} WARNING - No viable dags retrieved from /home/airflow/.local/lib/python3.8/site-packages/airflow/example_dags/plugins/event_listener.py
[2026-05-17T03:27:10.808+0000] {processor.py:183} INFO - Processing /home/airflow/.local/lib/python3.8/site-packages/airflow/example_dags/plugins/event_listener.py took 0.034 seconds
[2026-05-17T03:27:41.462+0000] {processor.py:161} INFO - Started process (PID=1012) to work on /home/airflow/.local/lib/python3.8/site-packages/airflow/example_dags/plugins/event_listener.py
[2026-05-17T03:27:41.464+0000] {processor.py:830} INFO - Processing file /home/airflow/.local/lib/python3.8/site-packages/airflow/example_dags/plugins/event_listener.py for tasks to queue
[2026-05-17T03:27:41.467+0000] {logging_mixin.py:188} INFO - [2026-05-17T03:27:41.466+0000] {dagbag.py:538} INFO - Filling up the DagBag from /home/airflow/.local/lib/python3.8/site-packages/airflow/example_dags/plugins/event_listener.py
[2026-05-17T03:27:41.470+0000] {processor.py:842} WARNING - No viable dags retrieved from /home/airflow/.local/lib/python3.8/site-packages/airflow/example_dags/plugins/event_listener.py
[2026-05-17T03:27:41.495+0000] {processor.py:183} INFO - Processing /home/airflow/.local/lib/python3.8/site-packages/airflow/example_dags/plugins/event_listener.py took 0.038 seconds
[2026-05-17T03:28:11.973+0000] {processor.py:161} INFO - Started process (PID=1077) to work on /home/airflow/.local/lib/python3.8/site-packages/airflow/example_dags/plugins/event_listener.py
[2026-05-17T03:28:11.975+0000] {processor.py:830} INFO - Processing file /home/airflow/.local/lib/python3.8/site-packages/airflow/example_dags/plugins/event_listener.py for tasks to queue
[2026-05-17T03:28:11.978+0000] {logging_mixin.py:188} INFO - [2026-05-17T03:28:11.977+0000] {dagbag.py:538} INFO - Filling up the DagBag from /home/airflow/.local/lib/python3.8/site-packages/airflow/example_dags/plugins/event_listener.py
[2026-05-17T03:28:11.981+0000] {processor.py:842} WARNING - No viable dags retrieved from /home/airflow/.local/lib/python3.8/site-packages/airflow/example_dags/plugins/event_listener.py
[2026-05-17T03:28:12.007+0000] {processor.py:183} INFO - Processing /home/airflow/.local/lib/python3.8/site-packages/airflow/example_dags/plugins/event_listener.py took 0.039 seconds
[2026-05-17T03:28:42.418+0000] {processor.py:161} INFO - Started process (PID=1148) to work on /home/airflow/.local/lib/python3.8/site-packages/airflow/example_dags/plugins/event_listener.py
[2026-05-17T03:28:42.419+0000] {processor.py:830} INFO - Processing file /home/airflow/.local/lib/python3.8/site-packages/airflow/example_dags/plugins/event_listener.py for tasks to queue
[2026-05-17T03:28:42.423+0000] {logging_mixin.py:188} INFO - [2026-05-17T03:28:42.422+0000] {dagbag.py:538} INFO - Filling up the DagBag from /home/airflow/.local/lib/python3.8/site-packages/airflow/example_dags/plugins/event_listener.py
[2026-05-17T03:28:42.426+0000] {processor.py:842} WARNING - No viable dags retrieved from /home/airflow/.local/lib/python3.8/site-packages/airflow/example_dags/plugins/event_listener.py
[2026-05-17T03:28:42.452+0000] {processor.py:183} INFO - Processing /home/airflow/.local/lib/python3.8/site-packages/airflow/example_dags/plugins/event_listener.py took 0.039 seconds
[2026-05-17T03:29:12.809+0000] {processor.py:161} INFO - Started process (PID=1216) to work on /home/airflow/.local/lib/python3.8/site-packages/airflow/example_dags/plugins/event_listener.py
[2026-05-17T03:29:12.811+0000] {processor.py:830} INFO - Processing file /home/airflow/.local/lib/python3.8/site-packages/airflow/example_dags/plugins/event_listener.py for tasks to queue
[2026-05-17T03:29:12.814+0000] {logging_mixin.py:188} INFO - [2026-05-17T03:29:12.814+0000] {dagbag.py:538} INFO - Filling up the DagBag from /home/airflow/.local/lib/python3.8/site-packages/airflow/example_dags/plugins/event_listener.py
[2026-05-17T03:29:12.818+0000] {processor.py:842} WARNING - No viable dags retrieved from /home/airflow/.local/lib/python3.8/site-packages/airflow/example_dags/plugins/event_listener.py
[2026-05-17T03:29:12.846+0000] {processor.py:183} INFO - Processing /home/airflow/.local/lib/python3.8/site-packages/airflow/example_dags/plugins/event_listener.py took 0.042 seconds
[2026-05-17T03:29:44.093+0000] {processor.py:161} INFO - Started process (PID=1281) to work on /home/airflow/.local/lib/python3.8/site-packages/airflow/example_dags/plugins/event_listener.py
[2026-05-17T03:29:44.095+0000] {processor.py:830} INFO - Processing file /home/airflow/.local/lib/python3.8/site-packages/airflow/example_dags/plugins/event_listener.py for tasks to queue
[2026-05-17T03:29:44.098+0000] {logging_mixin.py:188} INFO - [2026-05-17T03:29:44.098+0000] {dagbag.py:538} INFO - Filling up the DagBag from /home/airflow/.local/lib/python3.8/site-packages/airflow/example_dags/plugins/event_listener.py
[2026-05-17T03:29:44.102+0000] {processor.py:842} WARNING - No viable dags retrieved from /home/airflow/.local/lib/python3.8/site-packages/airflow/example_dags/plugins/event_listener.py
[2026-05-17T03:29:44.135+0000] {processor.py:183} INFO - Processing /home/airflow/.local/lib/python3.8/site-packages/airflow/example_dags/plugins/event_listener.py took 0.048 seconds
[2026-05-17T03:30:14.406+0000] {processor.py:161} INFO - Started process (PID=1346) to work on /home/airflow/.local/lib/python3.8/site-packages/airflow/example_dags/plugins/event_listener.py
[2026-05-17T03:30:14.409+0000] {processor.py:830} INFO - Processing file /home/airflow/.local/lib/python3.8/site-packages/airflow/example_dags/plugins/event_listener.py for tasks to queue
[2026-05-17T03:30:14.412+0000] {logging_mixin.py:188} INFO - [2026-05-17T03:30:14.411+0000] {dagbag.py:538} INFO - Filling up the DagBag from /home/airflow/.local/lib/python3.8/site-packages/airflow/example_dags/plugins/event_listener.py
[2026-05-17T03:30:14.416+0000] {processor.py:842} WARNING - No viable dags retrieved from /home/airflow/.local/lib/python3.8/site-packages/airflow/example_dags/plugins/event_listener.py
[2026-05-17T03:30:14.464+0000] {processor.py:183} INFO - Processing /home/airflow/.local/lib/python3.8/site-packages/airflow/example_dags/plugins/event_listener.py took 0.064 seconds
[2026-05-17T03:30:44.552+0000] {processor.py:161} INFO - Started process (PID=1411) to work on /home/airflow/.local/lib/python3.8/site-packages/airflow/example_dags/plugins/event_listener.py
[2026-05-17T03:30:44.553+0000] {processor.py:830} INFO - Processing file /home/airflow/.local/lib/python3.8/site-packages/airflow/example_dags/plugins/event_listener.py for tasks to queue
[2026-05-17T03:30:44.556+0000] {logging_mixin.py:188} INFO - [2026-05-17T03:30:44.555+0000] {dagbag.py:538} INFO - Filling up the DagBag from /home/airflow/.local/lib/python3.8/site-packages/airflow/example_dags/plugins/event_listener.py
[2026-05-17T03:30:44.559+0000] {processor.py:842} WARNING - No viable dags retrieved from /home/airflow/.local/lib/python3.8/site-packages/airflow/example_dags/plugins/event_listener.py
[2026-05-17T03:30:44.586+0000] {processor.py:183} INFO - Processing /home/airflow/.local/lib/python3.8/site-packages/airflow/example_dags/plugins/event_listener.py took 0.039 seconds
[2026-05-17T03:31:15.189+0000] {processor.py:161} INFO - Started process (PID=1478) to work on /home/airflow/.local/lib/python3.8/site-packages/airflow/example_dags/plugins/event_listener.py
[2026-05-17T03:31:15.192+0000] {processor.py:830} INFO - Processing file /home/airflow/.local/lib/python3.8/site-packages/airflow/example_dags/plugins/event_listener.py for tasks to queue
[2026-05-17T03:31:15.194+0000] {logging_mixin.py:188} INFO - [2026-05-17T03:31:15.194+0000] {dagbag.py:538} INFO - Filling up the DagBag from /home/airflow/.local/lib/python3.8/site-packages/airflow/example_dags/plugins/event_listener.py
[2026-05-17T03:31:15.198+0000] {processor.py:842} WARNING - No viable dags retrieved from /home/airflow/.local/lib/python3.8/site-packages/airflow/example_dags/plugins/event_listener.py
[2026-05-17T03:31:15.226+0000] {processor.py:183} INFO - Processing /home/airflow/.local/lib/python3.8/site-packages/airflow/example_dags/plugins/event_listener.py took 0.042 seconds
[2026-05-17T03:31:45.720+0000] {processor.py:161} INFO - Started process (PID=1544) to work on /home/airflow/.local/lib/python3.8/site-packages/airflow/example_dags/plugins/event_listener.py
[2026-05-17T03:31:45.723+0000] {processor.py:830} INFO - Processing file /home/airflow/.local/lib/python3.8/site-packages/airflow/example_dags/plugins/event_listener.py for tasks to queue
[2026-05-17T03:31:45.725+0000] {logging_mixin.py:188} INFO - [2026-05-17T03:31:45.725+0000] {dagbag.py:538} INFO - Filling up the DagBag from /home/airflow/.local/lib/python3.8/site-packages/airflow/example_dags/plugins/event_listener.py
[2026-05-17T03:31:45.729+0000] {processor.py:842} WARNING - No viable dags retrieved from /home/airflow/.local/lib/python3.8/site-packages/airflow/example_dags/plugins/event_listener.py
[2026-05-17T03:31:45.753+0000] {processor.py:183} INFO - Processing /home/airflow/.local/lib/python3.8/site-packages/airflow/example_dags/plugins/event_listener.py took 0.040 seconds
[2026-05-17T03:32:16.246+0000] {processor.py:161} INFO - Started process (PID=1609) to work on /home/airflow/.local/lib/python3.8/site-packages/airflow/example_dags/plugins/event_listener.py
[2026-05-17T03:32:16.247+0000] {processor.py:830} INFO - Processing file /home/airflow/.local/lib/python3.8/site-packages/airflow/example_dags/plugins/event_listener.py for tasks to queue
[2026-05-17T03:32:16.250+0000] {logging_mixin.py:188} INFO - [2026-05-17T03:32:16.250+0000] {dagbag.py:538} INFO - Filling up the DagBag from /home/airflow/.local/lib/python3.8/site-packages/airflow/example_dags/plugins/event_listener.py
[2026-05-17T03:32:16.254+0000] {processor.py:842} WARNING - No viable dags retrieved from /home/airflow/.local/lib/python3.8/site-packages/airflow/example_dags/plugins/event_listener.py
[2026-05-17T03:32:16.280+0000] {processor.py:183} INFO - Processing /home/airflow/.local/lib/python3.8/site-packages/airflow/example_dags/plugins/event_listener.py took 0.040 seconds
[2026-05-17T03:32:46.784+0000] {processor.py:161} INFO - Started process (PID=1673) to work on /home/airflow/.local/lib/python3.8/site-packages/airflow/example_dags/plugins/event_listener.py
[2026-05-17T03:32:46.786+0000] {processor.py:830} INFO - Processing file /home/airflow/.local/lib/python3.8/site-packages/airflow/example_dags/plugins/event_listener.py for tasks to queue
[2026-05-17T03:32:46.789+0000] {logging_mixin.py:188} INFO - [2026-05-17T03:32:46.788+0000] {dagbag.py:538} INFO - Filling up the DagBag from /home/airflow/.local/lib/python3.8/site-packages/airflow/example_dags/plugins/event_listener.py
[2026-05-17T03:32:46.792+0000] {processor.py:842} WARNING - No viable dags retrieved from /home/airflow/.local/lib/python3.8/site-packages/airflow/example_dags/plugins/event_listener.py
[2026-05-17T03:32:46.816+0000] {processor.py:183} INFO - Processing /home/airflow/.local/lib/python3.8/site-packages/airflow/example_dags/plugins/event_listener.py took 0.037 seconds
[2026-05-17T03:33:16.971+0000] {processor.py:161} INFO - Started process (PID=1737) to work on /home/airflow/.local/lib/python3.8/site-packages/airflow/example_dags/plugins/event_listener.py
[2026-05-17T03:33:16.973+0000] {processor.py:830} INFO - Processing file /home/airflow/.local/lib/python3.8/site-packages/airflow/example_dags/plugins/event_listener.py for tasks to queue
[2026-05-17T03:33:16.976+0000] {logging_mixin.py:188} INFO - [2026-05-17T03:33:16.976+0000] {dagbag.py:538} INFO - Filling up the DagBag from /home/airflow/.local/lib/python3.8/site-packages/airflow/example_dags/plugins/event_listener.py
[2026-05-17T03:33:16.979+0000] {processor.py:842} WARNING - No viable dags retrieved from /home/airflow/.local/lib/python3.8/site-packages/airflow/example_dags/plugins/event_listener.py
[2026-05-17T03:33:17.006+0000] {processor.py:183} INFO - Processing /home/airflow/.local/lib/python3.8/site-packages/airflow/example_dags/plugins/event_listener.py took 0.039 seconds
[2026-05-17T03:33:47.215+0000] {processor.py:161} INFO - Started process (PID=1802) to work on /home/airflow/.local/lib/python3.8/site-packages/airflow/example_dags/plugins/event_listener.py
[2026-05-17T03:33:47.217+0000] {processor.py:830} INFO - Processing file /home/airflow/.local/lib/python3.8/site-packages/airflow/example_dags/plugins/event_listener.py for tasks to queue
[2026-05-17T03:33:47.220+0000] {logging_mixin.py:188} INFO - [2026-05-17T03:33:47.219+0000] {dagbag.py:538} INFO - Filling up the DagBag from /home/airflow/.local/lib/python3.8/site-packages/airflow/example_dags/plugins/event_listener.py
[2026-05-17T03:33:47.224+0000] {processor.py:842} WARNING - No viable dags retrieved from /home/airflow/.local/lib/python3.8/site-packages/airflow/example_dags/plugins/event_listener.py
[2026-05-17T03:33:47.250+0000] {processor.py:183} INFO - Processing /home/airflow/.local/lib/python3.8/site-packages/airflow/example_dags/plugins/event_listener.py took 0.040 seconds
[2026-05-17T03:34:17.594+0000] {processor.py:161} INFO - Started process (PID=1867) to work on /home/airflow/.local/lib/python3.8/site-packages/airflow/example_dags/plugins/event_listener.py
[2026-05-17T03:34:17.596+0000] {processor.py:830} INFO - Processing file /home/airflow/.local/lib/python3.8/site-packages/airflow/example_dags/plugins/event_listener.py for tasks to queue
[2026-05-17T03:34:17.599+0000] {logging_mixin.py:188} INFO - [2026-05-17T03:34:17.599+0000] {dagbag.py:538} INFO - Filling up the DagBag from /home/airflow/.local/lib/python3.8/site-packages/airflow/example_dags/plugins/event_listener.py
[2026-05-17T03:34:17.603+0000] {processor.py:842} WARNING - No viable dags retrieved from /home/airflow/.local/lib/python3.8/site-packages/airflow/example_dags/plugins/event_listener.py
[2026-05-17T03:34:17.631+0000] {processor.py:183} INFO - Processing /home/airflow/.local/lib/python3.8/site-packages/airflow/example_dags/plugins/event_listener.py took 0.041 seconds
[2026-05-17T03:34:48.030+0000] {processor.py:161} INFO - Started process (PID=1932) to work on /home/airflow/.local/lib/python3.8/site-packages/airflow/example_dags/plugins/event_listener.py
[2026-05-17T03:34:48.031+0000] {processor.py:830} INFO - Processing file /home/airflow/.local/lib/python3.8/site-packages/airflow/example_dags/plugins/event_listener.py for tasks to queue
[2026-05-17T03:34:48.034+0000] {logging_mixin.py:188} INFO - [2026-05-17T03:34:48.034+0000] {dagbag.py:538} INFO - Filling up the DagBag from /home/airflow/.local/lib/python3.8/site-packages/airflow/example_dags/plugins/event_listener.py
[2026-05-17T03:34:48.038+0000] {processor.py:842} WARNING - No viable dags retrieved from /home/airflow/.local/lib/python3.8/site-packages/airflow/example_dags/plugins/event_listener.py
[2026-05-17T03:34:48.063+0000] {processor.py:183} INFO - Processing /home/airflow/.local/lib/python3.8/site-packages/airflow/example_dags/plugins/event_listener.py took 0.038 seconds
[2026-05-17T03:35:18.444+0000] {processor.py:161} INFO - Started process (PID=2005) to work on /home/airflow/.local/lib/python3.8/site-packages/airflow/example_dags/plugins/event_listener.py
[2026-05-17T03:35:18.446+0000] {processor.py:830} INFO - Processing file /home/airflow/.local/lib/python3.8/site-packages/airflow/example_dags/plugins/event_listener.py for tasks to queue
[2026-05-17T03:35:18.449+0000] {logging_mixin.py:188} INFO - [2026-05-17T03:35:18.449+0000] {dagbag.py:538} INFO - Filling up the DagBag from /home/airflow/.local/lib/python3.8/site-packages/airflow/example_dags/plugins/event_listener.py
[2026-05-17T03:35:18.454+0000] {processor.py:842} WARNING - No viable dags retrieved from /home/airflow/.local/lib/python3.8/site-packages/airflow/example_dags/plugins/event_listener.py
[2026-05-17T03:35:18.485+0000] {processor.py:183} INFO - Processing /home/airflow/.local/lib/python3.8/site-packages/airflow/example_dags/plugins/event_listener.py took 0.046 seconds
[2026-05-17T03:35:48.980+0000] {processor.py:161} INFO - Started process (PID=2070) to work on /home/airflow/.local/lib/python3.8/site-packages/airflow/example_dags/plugins/event_listener.py
[2026-05-17T03:35:48.982+0000] {processor.py:830} INFO - Processing file /home/airflow/.local/lib/python3.8/site-packages/airflow/example_dags/plugins/event_listener.py for tasks to queue
[2026-05-17T03:35:48.984+0000] {logging_mixin.py:188} INFO - [2026-05-17T03:35:48.984+0000] {dagbag.py:538} INFO - Filling up the DagBag from /home/airflow/.local/lib/python3.8/site-packages/airflow/example_dags/plugins/event_listener.py
[2026-05-17T03:35:48.988+0000] {processor.py:842} WARNING - No viable dags retrieved from /home/airflow/.local/lib/python3.8/site-packages/airflow/example_dags/plugins/event_listener.py
[2026-05-17T03:35:49.022+0000] {processor.py:183} INFO - Processing /home/airflow/.local/lib/python3.8/site-packages/airflow/example_dags/plugins/event_listener.py took 0.047 seconds
[2026-05-17T03:36:19.323+0000] {processor.py:161} INFO - Started process (PID=2136) to work on /home/airflow/.local/lib/python3.8/site-packages/airflow/example_dags/plugins/event_listener.py
[2026-05-17T03:36:19.325+0000] {processor.py:830} INFO - Processing file /home/airflow/.local/lib/python3.8/site-packages/airflow/example_dags/plugins/event_listener.py for tasks to queue
[2026-05-17T03:36:19.328+0000] {logging_mixin.py:188} INFO - [2026-05-17T03:36:19.327+0000] {dagbag.py:538} INFO - Filling up the DagBag from /home/airflow/.local/lib/python3.8/site-packages/airflow/example_dags/plugins/event_listener.py
[2026-05-17T03:36:19.332+0000] {processor.py:842} WARNING - No viable dags retrieved from /home/airflow/.local/lib/python3.8/site-packages/airflow/example_dags/plugins/event_listener.py
[2026-05-17T03:36:19.356+0000] {processor.py:183} INFO - Processing /home/airflow/.local/lib/python3.8/site-packages/airflow/example_dags/plugins/event_listener.py took 0.038 seconds
[2026-05-17T03:36:50.184+0000] {processor.py:161} INFO - Started process (PID=2202) to work on /home/airflow/.local/lib/python3.8/site-packages/airflow/example_dags/plugins/event_listener.py
[2026-05-17T03:36:50.186+0000] {processor.py:830} INFO - Processing file /home/airflow/.local/lib/python3.8/site-packages/airflow/example_dags/plugins/event_listener.py for tasks to queue
[2026-05-17T03:36:50.189+0000] {logging_mixin.py:188} INFO - [2026-05-17T03:36:50.188+0000] {dagbag.py:538} INFO - Filling up the DagBag from /home/airflow/.local/lib/python3.8/site-packages/airflow/example_dags/plugins/event_listener.py
[2026-05-17T03:36:50.193+0000] {processor.py:842} WARNING - No viable dags retrieved from /home/airflow/.local/lib/python3.8/site-packages/airflow/example_dags/plugins/event_listener.py
[2026-05-17T03:36:50.220+0000] {processor.py:183} INFO - Processing /home/airflow/.local/lib/python3.8/site-packages/airflow/example_dags/plugins/event_listener.py took 0.042 seconds
[2026-05-17T03:37:20.470+0000] {processor.py:161} INFO - Started process (PID=2268) to work on /home/airflow/.local/lib/python3.8/site-packages/airflow/example_dags/plugins/event_listener.py
[2026-05-17T03:37:20.471+0000] {processor.py:830} INFO - Processing file /home/airflow/.local/lib/python3.8/site-packages/airflow/example_dags/plugins/event_listener.py for tasks to queue
[2026-05-17T03:37:20.474+0000] {logging_mixin.py:188} INFO - [2026-05-17T03:37:20.474+0000] {dagbag.py:538} INFO - Filling up the DagBag from /home/airflow/.local/lib/python3.8/site-packages/airflow/example_dags/plugins/event_listener.py
[2026-05-17T03:37:20.478+0000] {processor.py:842} WARNING - No viable dags retrieved from /home/airflow/.local/lib/python3.8/site-packages/airflow/example_dags/plugins/event_listener.py
[2026-05-17T03:37:20.507+0000] {processor.py:183} INFO - Processing /home/airflow/.local/lib/python3.8/site-packages/airflow/example_dags/plugins/event_listener.py took 0.043 seconds
[2026-05-17T03:37:51.063+0000] {processor.py:161} INFO - Started process (PID=2333) to work on /home/airflow/.local/lib/python3.8/site-packages/airflow/example_dags/plugins/event_listener.py
[2026-05-17T03:37:51.068+0000] {processor.py:830} INFO - Processing file /home/airflow/.local/lib/python3.8/site-packages/airflow/example_dags/plugins/event_listener.py for tasks to queue
[2026-05-17T03:37:51.071+0000] {logging_mixin.py:188} INFO - [2026-05-17T03:37:51.070+0000] {dagbag.py:538} INFO - Filling up the DagBag from /home/airflow/.local/lib/python3.8/site-packages/airflow/example_dags/plugins/event_listener.py
[2026-05-17T03:37:51.076+0000] {processor.py:842} WARNING - No viable dags retrieved from /home/airflow/.local/lib/python3.8/site-packages/airflow/example_dags/plugins/event_listener.py
[2026-05-17T03:37:51.103+0000] {processor.py:183} INFO - Processing /home/airflow/.local/lib/python3.8/site-packages/airflow/example_dags/plugins/event_listener.py took 0.046 seconds
[2026-05-17T03:38:21.575+0000] {processor.py:161} INFO - Started process (PID=2400) to work on /home/airflow/.local/lib/python3.8/site-packages/airflow/example_dags/plugins/event_listener.py
[2026-05-17T03:38:21.576+0000] {processor.py:830} INFO - Processing file /home/airflow/.local/lib/python3.8/site-packages/airflow/example_dags/plugins/event_listener.py for tasks to queue
[2026-05-17T03:38:21.579+0000] {logging_mixin.py:188} INFO - [2026-05-17T03:38:21.578+0000] {dagbag.py:538} INFO - Filling up the DagBag from /home/airflow/.local/lib/python3.8/site-packages/airflow/example_dags/plugins/event_listener.py
[2026-05-17T03:38:21.582+0000] {processor.py:842} WARNING - No viable dags retrieved from /home/airflow/.local/lib/python3.8/site-packages/airflow/example_dags/plugins/event_listener.py
[2026-05-17T03:38:21.608+0000] {processor.py:183} INFO - Processing /home/airflow/.local/lib/python3.8/site-packages/airflow/example_dags/plugins/event_listener.py took 0.039 seconds
[2026-05-17T03:38:52.137+0000] {processor.py:161} INFO - Started process (PID=2466) to work on /home/airflow/.local/lib/python3.8/site-packages/airflow/example_dags/plugins/event_listener.py
[2026-05-17T03:38:52.139+0000] {processor.py:830} INFO - Processing file /home/airflow/.local/lib/python3.8/site-packages/airflow/example_dags/plugins/event_listener.py for tasks to queue
[2026-05-17T03:38:52.142+0000] {logging_mixin.py:188} INFO - [2026-05-17T03:38:52.142+0000] {dagbag.py:538} INFO - Filling up the DagBag from /home/airflow/.local/lib/python3.8/site-packages/airflow/example_dags/plugins/event_listener.py
[2026-05-17T03:38:52.146+0000] {processor.py:842} WARNING - No viable dags retrieved from /home/airflow/.local/lib/python3.8/site-packages/airflow/example_dags/plugins/event_listener.py
[2026-05-17T03:38:52.176+0000] {processor.py:183} INFO - Processing /home/airflow/.local/lib/python3.8/site-packages/airflow/example_dags/plugins/event_listener.py took 0.044 seconds
[2026-05-17T03:39:22.643+0000] {processor.py:161} INFO - Started process (PID=2533) to work on /home/airflow/.local/lib/python3.8/site-packages/airflow/example_dags/plugins/event_listener.py
[2026-05-17T03:39:22.645+0000] {processor.py:830} INFO - Processing file /home/airflow/.local/lib/python3.8/site-packages/airflow/example_dags/plugins/event_listener.py for tasks to queue
[2026-05-17T03:39:22.648+0000] {logging_mixin.py:188} INFO - [2026-05-17T03:39:22.648+0000] {dagbag.py:538} INFO - Filling up the DagBag from /home/airflow/.local/lib/python3.8/site-packages/airflow/example_dags/plugins/event_listener.py
[2026-05-17T03:39:22.652+0000] {processor.py:842} WARNING - No viable dags retrieved from /home/airflow/.local/lib/python3.8/site-packages/airflow/example_dags/plugins/event_listener.py
[2026-05-17T03:39:22.676+0000] {processor.py:183} INFO - Processing /home/airflow/.local/lib/python3.8/site-packages/airflow/example_dags/plugins/event_listener.py took 0.038 seconds
[2026-05-17T03:39:53.227+0000] {processor.py:161} INFO - Started process (PID=2607) to work on /home/airflow/.local/lib/python3.8/site-packages/airflow/example_dags/plugins/event_listener.py
[2026-05-17T03:39:53.229+0000] {processor.py:830} INFO - Processing file /home/airflow/.local/lib/python3.8/site-packages/airflow/example_dags/plugins/event_listener.py for tasks to queue
[2026-05-17T03:39:53.233+0000] {logging_mixin.py:188} INFO - [2026-05-17T03:39:53.232+0000] {dagbag.py:538} INFO - Filling up the DagBag from /home/airflow/.local/lib/python3.8/site-packages/airflow/example_dags/plugins/event_listener.py
[2026-05-17T03:39:53.237+0000] {processor.py:842} WARNING - No viable dags retrieved from /home/airflow/.local/lib/python3.8/site-packages/airflow/example_dags/plugins/event_listener.py
[2026-05-17T03:39:53.266+0000] {processor.py:183} INFO - Processing /home/airflow/.local/lib/python3.8/site-packages/airflow/example_dags/plugins/event_listener.py took 0.044 seconds
[2026-05-17T03:40:24.267+0000] {processor.py:161} INFO - Started process (PID=2689) to work on /home/airflow/.local/lib/python3.8/site-packages/airflow/example_dags/plugins/event_listener.py
[2026-05-17T03:40:24.272+0000] {processor.py:830} INFO - Processing file /home/airflow/.local/lib/python3.8/site-packages/airflow/example_dags/plugins/event_listener.py for tasks to queue
[2026-05-17T03:40:24.275+0000] {logging_mixin.py:188} INFO - [2026-05-17T03:40:24.275+0000] {dagbag.py:538} INFO - Filling up the DagBag from /home/airflow/.local/lib/python3.8/site-packages/airflow/example_dags/plugins/event_listener.py
[2026-05-17T03:40:24.279+0000] {processor.py:842} WARNING - No viable dags retrieved from /home/airflow/.local/lib/python3.8/site-packages/airflow/example_dags/plugins/event_listener.py
[2026-05-17T03:40:24.306+0000] {processor.py:183} INFO - Processing /home/airflow/.local/lib/python3.8/site-packages/airflow/example_dags/plugins/event_listener.py took 0.047 seconds
[2026-05-17T03:40:55.206+0000] {processor.py:161} INFO - Started process (PID=2755) to work on /home/airflow/.local/lib/python3.8/site-packages/airflow/example_dags/plugins/event_listener.py
[2026-05-17T03:40:55.208+0000] {processor.py:830} INFO - Processing file /home/airflow/.local/lib/python3.8/site-packages/airflow/example_dags/plugins/event_listener.py for tasks to queue
[2026-05-17T03:40:55.211+0000] {logging_mixin.py:188} INFO - [2026-05-17T03:40:55.210+0000] {dagbag.py:538} INFO - Filling up the DagBag from /home/airflow/.local/lib/python3.8/site-packages/airflow/example_dags/plugins/event_listener.py
[2026-05-17T03:40:55.214+0000] {processor.py:842} WARNING - No viable dags retrieved from /home/airflow/.local/lib/python3.8/site-packages/airflow/example_dags/plugins/event_listener.py
[2026-05-17T03:40:55.244+0000] {processor.py:183} INFO - Processing /home/airflow/.local/lib/python3.8/site-packages/airflow/example_dags/plugins/event_listener.py took 0.044 seconds
[2026-05-17T03:41:25.453+0000] {processor.py:161} INFO - Started process (PID=2822) to work on /home/airflow/.local/lib/python3.8/site-packages/airflow/example_dags/plugins/event_listener.py
[2026-05-17T03:41:25.454+0000] {processor.py:830} INFO - Processing file /home/airflow/.local/lib/python3.8/site-packages/airflow/example_dags/plugins/event_listener.py for tasks to queue
[2026-05-17T03:41:25.457+0000] {logging_mixin.py:188} INFO - [2026-05-17T03:41:25.456+0000] {dagbag.py:538} INFO - Filling up the DagBag from /home/airflow/.local/lib/python3.8/site-packages/airflow/example_dags/plugins/event_listener.py
[2026-05-17T03:41:25.461+0000] {processor.py:842} WARNING - No viable dags retrieved from /home/airflow/.local/lib/python3.8/site-packages/airflow/example_dags/plugins/event_listener.py
[2026-05-17T03:41:25.486+0000] {processor.py:183} INFO - Processing /home/airflow/.local/lib/python3.8/site-packages/airflow/example_dags/plugins/event_listener.py took 0.038 seconds
[2026-05-17T03:41:55.722+0000] {processor.py:161} INFO - Started process (PID=2888) to work on /home/airflow/.local/lib/python3.8/site-packages/airflow/example_dags/plugins/event_listener.py
[2026-05-17T03:41:55.724+0000] {processor.py:830} INFO - Processing file /home/airflow/.local/lib/python3.8/site-packages/airflow/example_dags/plugins/event_listener.py for tasks to queue
[2026-05-17T03:41:55.727+0000] {logging_mixin.py:188} INFO - [2026-05-17T03:41:55.726+0000] {dagbag.py:538} INFO - Filling up the DagBag from /home/airflow/.local/lib/python3.8/site-packages/airflow/example_dags/plugins/event_listener.py
[2026-05-17T03:41:55.731+0000] {processor.py:842} WARNING - No viable dags retrieved from /home/airflow/.local/lib/python3.8/site-packages/airflow/example_dags/plugins/event_listener.py
[2026-05-17T03:41:55.756+0000] {processor.py:183} INFO - Processing /home/airflow/.local/lib/python3.8/site-packages/airflow/example_dags/plugins/event_listener.py took 0.039 seconds
[2026-05-17T03:42:26.010+0000] {processor.py:161} INFO - Started process (PID=2956) to work on /home/airflow/.local/lib/python3.8/site-packages/airflow/example_dags/plugins/event_listener.py
[2026-05-17T03:42:26.011+0000] {processor.py:830} INFO - Processing file /home/airflow/.local/lib/python3.8/site-packages/airflow/example_dags/plugins/event_listener.py for tasks to queue
[2026-05-17T03:42:26.013+0000] {logging_mixin.py:188} INFO - [2026-05-17T03:42:26.013+0000] {dagbag.py:538} INFO - Filling up the DagBag from /home/airflow/.local/lib/python3.8/site-packages/airflow/example_dags/plugins/event_listener.py
[2026-05-17T03:42:26.017+0000] {processor.py:842} WARNING - No viable dags retrieved from /home/airflow/.local/lib/python3.8/site-packages/airflow/example_dags/plugins/event_listener.py
[2026-05-17T03:42:26.046+0000] {processor.py:183} INFO - Processing /home/airflow/.local/lib/python3.8/site-packages/airflow/example_dags/plugins/event_listener.py took 0.041 seconds
[2026-05-17T03:42:56.370+0000] {processor.py:161} INFO - Started process (PID=3022) to work on /home/airflow/.local/lib/python3.8/site-packages/airflow/example_dags/plugins/event_listener.py
[2026-05-17T03:42:56.373+0000] {processor.py:830} INFO - Processing file /home/airflow/.local/lib/python3.8/site-packages/airflow/example_dags/plugins/event_listener.py for tasks to queue
[2026-05-17T03:42:56.375+0000] {logging_mixin.py:188} INFO - [2026-05-17T03:42:56.375+0000] {dagbag.py:538} INFO - Filling up the DagBag from /home/airflow/.local/lib/python3.8/site-packages/airflow/example_dags/plugins/event_listener.py
[2026-05-17T03:42:56.379+0000] {processor.py:842} WARNING - No viable dags retrieved from /home/airflow/.local/lib/python3.8/site-packages/airflow/example_dags/plugins/event_listener.py
[2026-05-17T03:42:56.402+0000] {processor.py:183} INFO - Processing /home/airflow/.local/lib/python3.8/site-packages/airflow/example_dags/plugins/event_listener.py took 0.037 seconds
[2026-05-17T03:43:26.798+0000] {processor.py:161} INFO - Started process (PID=3088) to work on /home/airflow/.local/lib/python3.8/site-packages/airflow/example_dags/plugins/event_listener.py
[2026-05-17T03:43:26.799+0000] {processor.py:830} INFO - Processing file /home/airflow/.local/lib/python3.8/site-packages/airflow/example_dags/plugins/event_listener.py for tasks to queue
[2026-05-17T03:43:26.801+0000] {logging_mixin.py:188} INFO - [2026-05-17T03:43:26.801+0000] {dagbag.py:538} INFO - Filling up the DagBag from /home/airflow/.local/lib/python3.8/site-packages/airflow/example_dags/plugins/event_listener.py
[2026-05-17T03:43:26.805+0000] {processor.py:842} WARNING - No viable dags retrieved from /home/airflow/.local/lib/python3.8/site-packages/airflow/example_dags/plugins/event_listener.py
[2026-05-17T03:43:26.829+0000] {processor.py:183} INFO - Processing /home/airflow/.local/lib/python3.8/site-packages/airflow/example_dags/plugins/event_listener.py took 0.036 seconds
[2026-05-17T03:43:57.541+0000] {processor.py:161} INFO - Started process (PID=3152) to work on /home/airflow/.local/lib/python3.8/site-packages/airflow/example_dags/plugins/event_listener.py
[2026-05-17T03:43:57.544+0000] {processor.py:830} INFO - Processing file /home/airflow/.local/lib/python3.8/site-packages/airflow/example_dags/plugins/event_listener.py for tasks to queue
[2026-05-17T03:43:57.547+0000] {logging_mixin.py:188} INFO - [2026-05-17T03:43:57.546+0000] {dagbag.py:538} INFO - Filling up the DagBag from /home/airflow/.local/lib/python3.8/site-packages/airflow/example_dags/plugins/event_listener.py
[2026-05-17T03:43:57.551+0000] {processor.py:842} WARNING - No viable dags retrieved from /home/airflow/.local/lib/python3.8/site-packages/airflow/example_dags/plugins/event_listener.py
[2026-05-17T03:43:57.582+0000] {processor.py:183} INFO - Processing /home/airflow/.local/lib/python3.8/site-packages/airflow/example_dags/plugins/event_listener.py took 0.047 seconds
[2026-05-17T03:44:27.908+0000] {processor.py:161} INFO - Started process (PID=3218) to work on /home/airflow/.local/lib/python3.8/site-packages/airflow/example_dags/plugins/event_listener.py
[2026-05-17T03:44:27.910+0000] {processor.py:830} INFO - Processing file /home/airflow/.local/lib/python3.8/site-packages/airflow/example_dags/plugins/event_listener.py for tasks to queue
[2026-05-17T03:44:27.913+0000] {logging_mixin.py:188} INFO - [2026-05-17T03:44:27.912+0000] {dagbag.py:538} INFO - Filling up the DagBag from /home/airflow/.local/lib/python3.8/site-packages/airflow/example_dags/plugins/event_listener.py
[2026-05-17T03:44:27.917+0000] {processor.py:842} WARNING - No viable dags retrieved from /home/airflow/.local/lib/python3.8/site-packages/airflow/example_dags/plugins/event_listener.py
[2026-05-17T03:44:27.946+0000] {processor.py:183} INFO - Processing /home/airflow/.local/lib/python3.8/site-packages/airflow/example_dags/plugins/event_listener.py took 0.043 seconds
[2026-05-17T03:44:58.361+0000] {processor.py:161} INFO - Started process (PID=3284) to work on /home/airflow/.local/lib/python3.8/site-packages/airflow/example_dags/plugins/event_listener.py
[2026-05-17T03:44:58.362+0000] {processor.py:830} INFO - Processing file /home/airflow/.local/lib/python3.8/site-packages/airflow/example_dags/plugins/event_listener.py for tasks to queue
[2026-05-17T03:44:58.365+0000] {logging_mixin.py:188} INFO - [2026-05-17T03:44:58.364+0000] {dagbag.py:538} INFO - Filling up the DagBag from /home/airflow/.local/lib/python3.8/site-packages/airflow/example_dags/plugins/event_listener.py
[2026-05-17T03:44:58.368+0000] {processor.py:842} WARNING - No viable dags retrieved from /home/airflow/.local/lib/python3.8/site-packages/airflow/example_dags/plugins/event_listener.py
[2026-05-17T03:44:58.391+0000] {processor.py:183} INFO - Processing /home/airflow/.local/lib/python3.8/site-packages/airflow/example_dags/plugins/event_listener.py took 0.035 seconds
[2026-05-17T03:45:29.464+0000] {processor.py:161} INFO - Started process (PID=3350) to work on /home/airflow/.local/lib/python3.8/site-packages/airflow/example_dags/plugins/event_listener.py
[2026-05-17T03:45:29.466+0000] {processor.py:830} INFO - Processing file /home/airflow/.local/lib/python3.8/site-packages/airflow/example_dags/plugins/event_listener.py for tasks to queue
[2026-05-17T03:45:29.470+0000] {logging_mixin.py:188} INFO - [2026-05-17T03:45:29.469+0000] {dagbag.py:538} INFO - Filling up the DagBag from /home/airflow/.local/lib/python3.8/site-packages/airflow/example_dags/plugins/event_listener.py
[2026-05-17T03:45:29.474+0000] {processor.py:842} WARNING - No viable dags retrieved from /home/airflow/.local/lib/python3.8/site-packages/airflow/example_dags/plugins/event_listener.py
[2026-05-17T03:45:29.504+0000] {processor.py:183} INFO - Processing /home/airflow/.local/lib/python3.8/site-packages/airflow/example_dags/plugins/event_listener.py took 0.045 seconds
[2026-05-17T03:46:00.860+0000] {processor.py:161} INFO - Started process (PID=3422) to work on /home/airflow/.local/lib/python3.8/site-packages/airflow/example_dags/plugins/event_listener.py
[2026-05-17T03:46:00.873+0000] {processor.py:830} INFO - Processing file /home/airflow/.local/lib/python3.8/site-packages/airflow/example_dags/plugins/event_listener.py for tasks to queue
[2026-05-17T03:46:00.876+0000] {logging_mixin.py:188} INFO - [2026-05-17T03:46:00.876+0000] {dagbag.py:538} INFO - Filling up the DagBag from /home/airflow/.local/lib/python3.8/site-packages/airflow/example_dags/plugins/event_listener.py
[2026-05-17T03:46:00.881+0000] {processor.py:842} WARNING - No viable dags retrieved from /home/airflow/.local/lib/python3.8/site-packages/airflow/example_dags/plugins/event_listener.py
[2026-05-17T03:46:00.933+0000] {processor.py:183} INFO - Processing /home/airflow/.local/lib/python3.8/site-packages/airflow/example_dags/plugins/event_listener.py took 0.079 seconds
[2026-05-17T03:46:31.720+0000] {processor.py:161} INFO - Started process (PID=3500) to work on /home/airflow/.local/lib/python3.8/site-packages/airflow/example_dags/plugins/event_listener.py
[2026-05-17T03:46:31.721+0000] {processor.py:830} INFO - Processing file /home/airflow/.local/lib/python3.8/site-packages/airflow/example_dags/plugins/event_listener.py for tasks to queue
[2026-05-17T03:46:31.725+0000] {logging_mixin.py:188} INFO - [2026-05-17T03:46:31.724+0000] {dagbag.py:538} INFO - Filling up the DagBag from /home/airflow/.local/lib/python3.8/site-packages/airflow/example_dags/plugins/event_listener.py
[2026-05-17T03:46:31.730+0000] {processor.py:842} WARNING - No viable dags retrieved from /home/airflow/.local/lib/python3.8/site-packages/airflow/example_dags/plugins/event_listener.py
[2026-05-17T03:46:31.788+0000] {processor.py:183} INFO - Processing /home/airflow/.local/lib/python3.8/site-packages/airflow/example_dags/plugins/event_listener.py took 0.075 seconds
[2026-05-17T03:47:02.123+0000] {processor.py:161} INFO - Started process (PID=3576) to work on /home/airflow/.local/lib/python3.8/site-packages/airflow/example_dags/plugins/event_listener.py
[2026-05-17T03:47:02.125+0000] {processor.py:830} INFO - Processing file /home/airflow/.local/lib/python3.8/site-packages/airflow/example_dags/plugins/event_listener.py for tasks to queue
[2026-05-17T03:47:02.128+0000] {logging_mixin.py:188} INFO - [2026-05-17T03:47:02.128+0000] {dagbag.py:538} INFO - Filling up the DagBag from /home/airflow/.local/lib/python3.8/site-packages/airflow/example_dags/plugins/event_listener.py
[2026-05-17T03:47:02.133+0000] {processor.py:842} WARNING - No viable dags retrieved from /home/airflow/.local/lib/python3.8/site-packages/airflow/example_dags/plugins/event_listener.py
[2026-05-17T03:47:02.168+0000] {processor.py:183} INFO - Processing /home/airflow/.local/lib/python3.8/site-packages/airflow/example_dags/plugins/event_listener.py took 0.051 seconds
[2026-05-17T03:47:33.011+0000] {processor.py:161} INFO - Started process (PID=3642) to work on /home/airflow/.local/lib/python3.8/site-packages/airflow/example_dags/plugins/event_listener.py
[2026-05-17T03:47:33.013+0000] {processor.py:830} INFO - Processing file /home/airflow/.local/lib/python3.8/site-packages/airflow/example_dags/plugins/event_listener.py for tasks to queue
[2026-05-17T03:47:33.016+0000] {logging_mixin.py:188} INFO - [2026-05-17T03:47:33.015+0000] {dagbag.py:538} INFO - Filling up the DagBag from /home/airflow/.local/lib/python3.8/site-packages/airflow/example_dags/plugins/event_listener.py
[2026-05-17T03:47:33.019+0000] {processor.py:842} WARNING - No viable dags retrieved from /home/airflow/.local/lib/python3.8/site-packages/airflow/example_dags/plugins/event_listener.py
[2026-05-17T03:47:33.046+0000] {processor.py:183} INFO - Processing /home/airflow/.local/lib/python3.8/site-packages/airflow/example_dags/plugins/event_listener.py took 0.040 seconds
[2026-05-17T03:48:03.663+0000] {processor.py:161} INFO - Started process (PID=3709) to work on /home/airflow/.local/lib/python3.8/site-packages/airflow/example_dags/plugins/event_listener.py
[2026-05-17T03:48:03.665+0000] {processor.py:830} INFO - Processing file /home/airflow/.local/lib/python3.8/site-packages/airflow/example_dags/plugins/event_listener.py for tasks to queue
[2026-05-17T03:48:03.668+0000] {logging_mixin.py:188} INFO - [2026-05-17T03:48:03.668+0000] {dagbag.py:538} INFO - Filling up the DagBag from /home/airflow/.local/lib/python3.8/site-packages/airflow/example_dags/plugins/event_listener.py
[2026-05-17T03:48:03.672+0000] {processor.py:842} WARNING - No viable dags retrieved from /home/airflow/.local/lib/python3.8/site-packages/airflow/example_dags/plugins/event_listener.py
[2026-05-17T03:48:03.699+0000] {processor.py:183} INFO - Processing /home/airflow/.local/lib/python3.8/site-packages/airflow/example_dags/plugins/event_listener.py took 0.041 seconds
[2026-05-17T03:48:34.367+0000] {processor.py:161} INFO - Started process (PID=3775) to work on /home/airflow/.local/lib/python3.8/site-packages/airflow/example_dags/plugins/event_listener.py
[2026-05-17T03:48:34.368+0000] {processor.py:830} INFO - Processing file /home/airflow/.local/lib/python3.8/site-packages/airflow/example_dags/plugins/event_listener.py for tasks to queue
[2026-05-17T03:48:34.371+0000] {logging_mixin.py:188} INFO - [2026-05-17T03:48:34.371+0000] {dagbag.py:538} INFO - Filling up the DagBag from /home/airflow/.local/lib/python3.8/site-packages/airflow/example_dags/plugins/event_listener.py
[2026-05-17T03:48:34.375+0000] {processor.py:842} WARNING - No viable dags retrieved from /home/airflow/.local/lib/python3.8/site-packages/airflow/example_dags/plugins/event_listener.py
[2026-05-17T03:48:34.400+0000] {processor.py:183} INFO - Processing /home/airflow/.local/lib/python3.8/site-packages/airflow/example_dags/plugins/event_listener.py took 0.038 seconds
[2026-05-17T03:49:05.077+0000] {processor.py:161} INFO - Started process (PID=3841) to work on /home/airflow/.local/lib/python3.8/site-packages/airflow/example_dags/plugins/event_listener.py
[2026-05-17T03:49:05.080+0000] {processor.py:830} INFO - Processing file /home/airflow/.local/lib/python3.8/site-packages/airflow/example_dags/plugins/event_listener.py for tasks to queue
[2026-05-17T03:49:05.083+0000] {logging_mixin.py:188} INFO - [2026-05-17T03:49:05.083+0000] {dagbag.py:538} INFO - Filling up the DagBag from /home/airflow/.local/lib/python3.8/site-packages/airflow/example_dags/plugins/event_listener.py
[2026-05-17T03:49:05.087+0000] {processor.py:842} WARNING - No viable dags retrieved from /home/airflow/.local/lib/python3.8/site-packages/airflow/example_dags/plugins/event_listener.py
[2026-05-17T03:49:05.114+0000] {processor.py:183} INFO - Processing /home/airflow/.local/lib/python3.8/site-packages/airflow/example_dags/plugins/event_listener.py took 0.042 seconds
[2026-05-17T03:49:35.551+0000] {processor.py:161} INFO - Started process (PID=3907) to work on /home/airflow/.local/lib/python3.8/site-packages/airflow/example_dags/plugins/event_listener.py
[2026-05-17T03:49:35.552+0000] {processor.py:830} INFO - Processing file /home/airflow/.local/lib/python3.8/site-packages/airflow/example_dags/plugins/event_listener.py for tasks to queue
[2026-05-17T03:49:35.555+0000] {logging_mixin.py:188} INFO - [2026-05-17T03:49:35.555+0000] {dagbag.py:538} INFO - Filling up the DagBag from /home/airflow/.local/lib/python3.8/site-packages/airflow/example_dags/plugins/event_listener.py
[2026-05-17T03:49:35.559+0000] {processor.py:842} WARNING - No viable dags retrieved from /home/airflow/.local/lib/python3.8/site-packages/airflow/example_dags/plugins/event_listener.py
[2026-05-17T03:49:35.585+0000] {processor.py:183} INFO - Processing /home/airflow/.local/lib/python3.8/site-packages/airflow/example_dags/plugins/event_listener.py took 0.041 seconds
[2026-05-17T03:50:06.418+0000] {processor.py:161} INFO - Started process (PID=3973) to work on /home/airflow/.local/lib/python3.8/site-packages/airflow/example_dags/plugins/event_listener.py
[2026-05-17T03:50:06.421+0000] {processor.py:830} INFO - Processing file /home/airflow/.local/lib/python3.8/site-packages/airflow/example_dags/plugins/event_listener.py for tasks to queue
[2026-05-17T03:50:06.424+0000] {logging_mixin.py:188} INFO - [2026-05-17T03:50:06.424+0000] {dagbag.py:538} INFO - Filling up the DagBag from /home/airflow/.local/lib/python3.8/site-packages/airflow/example_dags/plugins/event_listener.py
[2026-05-17T03:50:06.429+0000] {processor.py:842} WARNING - No viable dags retrieved from /home/airflow/.local/lib/python3.8/site-packages/airflow/example_dags/plugins/event_listener.py
[2026-05-17T03:50:06.458+0000] {processor.py:183} INFO - Processing /home/airflow/.local/lib/python3.8/site-packages/airflow/example_dags/plugins/event_listener.py took 0.048 seconds
[2026-05-17T03:50:36.936+0000] {processor.py:161} INFO - Started process (PID=4039) to work on /home/airflow/.local/lib/python3.8/site-packages/airflow/example_dags/plugins/event_listener.py
[2026-05-17T03:50:36.938+0000] {processor.py:830} INFO - Processing file /home/airflow/.local/lib/python3.8/site-packages/airflow/example_dags/plugins/event_listener.py for tasks to queue
[2026-05-17T03:50:36.940+0000] {logging_mixin.py:188} INFO - [2026-05-17T03:50:36.940+0000] {dagbag.py:538} INFO - Filling up the DagBag from /home/airflow/.local/lib/python3.8/site-packages/airflow/example_dags/plugins/event_listener.py
[2026-05-17T03:50:36.944+0000] {processor.py:842} WARNING - No viable dags retrieved from /home/airflow/.local/lib/python3.8/site-packages/airflow/example_dags/plugins/event_listener.py
[2026-05-17T03:50:36.971+0000] {processor.py:183} INFO - Processing /home/airflow/.local/lib/python3.8/site-packages/airflow/example_dags/plugins/event_listener.py took 0.040 seconds
[2026-05-17T03:51:07.235+0000] {processor.py:161} INFO - Started process (PID=4105) to work on /home/airflow/.local/lib/python3.8/site-packages/airflow/example_dags/plugins/event_listener.py
[2026-05-17T03:51:07.237+0000] {processor.py:830} INFO - Processing file /home/airflow/.local/lib/python3.8/site-packages/airflow/example_dags/plugins/event_listener.py for tasks to queue
[2026-05-17T03:51:07.240+0000] {logging_mixin.py:188} INFO - [2026-05-17T03:51:07.240+0000] {dagbag.py:538} INFO - Filling up the DagBag from /home/airflow/.local/lib/python3.8/site-packages/airflow/example_dags/plugins/event_listener.py
[2026-05-17T03:51:07.244+0000] {processor.py:842} WARNING - No viable dags retrieved from /home/airflow/.local/lib/python3.8/site-packages/airflow/example_dags/plugins/event_listener.py
[2026-05-17T03:51:07.268+0000] {processor.py:183} INFO - Processing /home/airflow/.local/lib/python3.8/site-packages/airflow/example_dags/plugins/event_listener.py took 0.038 seconds
[2026-05-17T03:51:37.806+0000] {processor.py:161} INFO - Started process (PID=4170) to work on /home/airflow/.local/lib/python3.8/site-packages/airflow/example_dags/plugins/event_listener.py
[2026-05-17T03:51:37.808+0000] {processor.py:830} INFO - Processing file /home/airflow/.local/lib/python3.8/site-packages/airflow/example_dags/plugins/event_listener.py for tasks to queue
[2026-05-17T03:51:37.811+0000] {logging_mixin.py:188} INFO - [2026-05-17T03:51:37.811+0000] {dagbag.py:538} INFO - Filling up the DagBag from /home/airflow/.local/lib/python3.8/site-packages/airflow/example_dags/plugins/event_listener.py
[2026-05-17T03:51:37.815+0000] {processor.py:842} WARNING - No viable dags retrieved from /home/airflow/.local/lib/python3.8/site-packages/airflow/example_dags/plugins/event_listener.py
[2026-05-17T03:51:37.840+0000] {processor.py:183} INFO - Processing /home/airflow/.local/lib/python3.8/site-packages/airflow/example_dags/plugins/event_listener.py took 0.038 seconds
[2026-05-17T03:52:08.227+0000] {processor.py:161} INFO - Started process (PID=4236) to work on /home/airflow/.local/lib/python3.8/site-packages/airflow/example_dags/plugins/event_listener.py
[2026-05-17T03:52:08.229+0000] {processor.py:830} INFO - Processing file /home/airflow/.local/lib/python3.8/site-packages/airflow/example_dags/plugins/event_listener.py for tasks to queue
[2026-05-17T03:52:08.232+0000] {logging_mixin.py:188} INFO - [2026-05-17T03:52:08.231+0000] {dagbag.py:538} INFO - Filling up the DagBag from /home/airflow/.local/lib/python3.8/site-packages/airflow/example_dags/plugins/event_listener.py
[2026-05-17T03:52:08.237+0000] {processor.py:842} WARNING - No viable dags retrieved from /home/airflow/.local/lib/python3.8/site-packages/airflow/example_dags/plugins/event_listener.py
[2026-05-17T03:52:08.264+0000] {processor.py:183} INFO - Processing /home/airflow/.local/lib/python3.8/site-packages/airflow/example_dags/plugins/event_listener.py took 0.042 seconds
[2026-05-17T03:52:38.330+0000] {processor.py:161} INFO - Started process (PID=4301) to work on /home/airflow/.local/lib/python3.8/site-packages/airflow/example_dags/plugins/event_listener.py
[2026-05-17T03:52:38.332+0000] {processor.py:830} INFO - Processing file /home/airflow/.local/lib/python3.8/site-packages/airflow/example_dags/plugins/event_listener.py for tasks to queue
[2026-05-17T03:52:38.335+0000] {logging_mixin.py:188} INFO - [2026-05-17T03:52:38.335+0000] {dagbag.py:538} INFO - Filling up the DagBag from /home/airflow/.local/lib/python3.8/site-packages/airflow/example_dags/plugins/event_listener.py
[2026-05-17T03:52:38.339+0000] {processor.py:842} WARNING - No viable dags retrieved from /home/airflow/.local/lib/python3.8/site-packages/airflow/example_dags/plugins/event_listener.py
[2026-05-17T03:52:38.365+0000] {processor.py:183} INFO - Processing /home/airflow/.local/lib/python3.8/site-packages/airflow/example_dags/plugins/event_listener.py took 0.040 seconds
[2026-05-17T03:53:09.002+0000] {processor.py:161} INFO - Started process (PID=4368) to work on /home/airflow/.local/lib/python3.8/site-packages/airflow/example_dags/plugins/event_listener.py
[2026-05-17T03:53:09.004+0000] {processor.py:830} INFO - Processing file /home/airflow/.local/lib/python3.8/site-packages/airflow/example_dags/plugins/event_listener.py for tasks to queue
[2026-05-17T03:53:09.007+0000] {logging_mixin.py:188} INFO - [2026-05-17T03:53:09.006+0000] {dagbag.py:538} INFO - Filling up the DagBag from /home/airflow/.local/lib/python3.8/site-packages/airflow/example_dags/plugins/event_listener.py
[2026-05-17T03:53:09.010+0000] {processor.py:842} WARNING - No viable dags retrieved from /home/airflow/.local/lib/python3.8/site-packages/airflow/example_dags/plugins/event_listener.py
[2026-05-17T03:53:09.036+0000] {processor.py:183} INFO - Processing /home/airflow/.local/lib/python3.8/site-packages/airflow/example_dags/plugins/event_listener.py took 0.041 seconds
[2026-05-17T03:53:39.802+0000] {processor.py:161} INFO - Started process (PID=4440) to work on /home/airflow/.local/lib/python3.8/site-packages/airflow/example_dags/plugins/event_listener.py
[2026-05-17T03:53:39.805+0000] {processor.py:830} INFO - Processing file /home/airflow/.local/lib/python3.8/site-packages/airflow/example_dags/plugins/event_listener.py for tasks to queue
[2026-05-17T03:53:39.808+0000] {logging_mixin.py:188} INFO - [2026-05-17T03:53:39.807+0000] {dagbag.py:538} INFO - Filling up the DagBag from /home/airflow/.local/lib/python3.8/site-packages/airflow/example_dags/plugins/event_listener.py
[2026-05-17T03:53:39.812+0000] {processor.py:842} WARNING - No viable dags retrieved from /home/airflow/.local/lib/python3.8/site-packages/airflow/example_dags/plugins/event_listener.py
[2026-05-17T03:53:39.839+0000] {processor.py:183} INFO - Processing /home/airflow/.local/lib/python3.8/site-packages/airflow/example_dags/plugins/event_listener.py took 0.042 seconds
[2026-05-17T03:54:10.266+0000] {processor.py:161} INFO - Started process (PID=4507) to work on /home/airflow/.local/lib/python3.8/site-packages/airflow/example_dags/plugins/event_listener.py
[2026-05-17T03:54:10.269+0000] {processor.py:830} INFO - Processing file /home/airflow/.local/lib/python3.8/site-packages/airflow/example_dags/plugins/event_listener.py for tasks to queue
[2026-05-17T03:54:10.274+0000] {logging_mixin.py:188} INFO - [2026-05-17T03:54:10.273+0000] {dagbag.py:538} INFO - Filling up the DagBag from /home/airflow/.local/lib/python3.8/site-packages/airflow/example_dags/plugins/event_listener.py
[2026-05-17T03:54:10.278+0000] {processor.py:842} WARNING - No viable dags retrieved from /home/airflow/.local/lib/python3.8/site-packages/airflow/example_dags/plugins/event_listener.py
[2026-05-17T03:54:10.308+0000] {processor.py:183} INFO - Processing /home/airflow/.local/lib/python3.8/site-packages/airflow/example_dags/plugins/event_listener.py took 0.053 seconds
[2026-05-17T03:54:40.729+0000] {processor.py:161} INFO - Started process (PID=4573) to work on /home/airflow/.local/lib/python3.8/site-packages/airflow/example_dags/plugins/event_listener.py
[2026-05-17T03:54:40.731+0000] {processor.py:830} INFO - Processing file /home/airflow/.local/lib/python3.8/site-packages/airflow/example_dags/plugins/event_listener.py for tasks to queue
[2026-05-17T03:54:40.736+0000] {logging_mixin.py:188} INFO - [2026-05-17T03:54:40.735+0000] {dagbag.py:538} INFO - Filling up the DagBag from /home/airflow/.local/lib/python3.8/site-packages/airflow/example_dags/plugins/event_listener.py
[2026-05-17T03:54:40.740+0000] {processor.py:842} WARNING - No viable dags retrieved from /home/airflow/.local/lib/python3.8/site-packages/airflow/example_dags/plugins/event_listener.py
[2026-05-17T03:54:40.769+0000] {processor.py:183} INFO - Processing /home/airflow/.local/lib/python3.8/site-packages/airflow/example_dags/plugins/event_listener.py took 0.046 seconds
[2026-05-17T03:55:11.215+0000] {processor.py:161} INFO - Started process (PID=4639) to work on /home/airflow/.local/lib/python3.8/site-packages/airflow/example_dags/plugins/event_listener.py
[2026-05-17T03:55:11.217+0000] {processor.py:830} INFO - Processing file /home/airflow/.local/lib/python3.8/site-packages/airflow/example_dags/plugins/event_listener.py for tasks to queue
[2026-05-17T03:55:11.220+0000] {logging_mixin.py:188} INFO - [2026-05-17T03:55:11.220+0000] {dagbag.py:538} INFO - Filling up the DagBag from /home/airflow/.local/lib/python3.8/site-packages/airflow/example_dags/plugins/event_listener.py
[2026-05-17T03:55:11.225+0000] {processor.py:842} WARNING - No viable dags retrieved from /home/airflow/.local/lib/python3.8/site-packages/airflow/example_dags/plugins/event_listener.py
[2026-05-17T03:55:11.255+0000] {processor.py:183} INFO - Processing /home/airflow/.local/lib/python3.8/site-packages/airflow/example_dags/plugins/event_listener.py took 0.046 seconds
[2026-05-17T03:55:42.005+0000] {processor.py:161} INFO - Started process (PID=4705) to work on /home/airflow/.local/lib/python3.8/site-packages/airflow/example_dags/plugins/event_listener.py
[2026-05-17T03:55:42.008+0000] {processor.py:830} INFO - Processing file /home/airflow/.local/lib/python3.8/site-packages/airflow/example_dags/plugins/event_listener.py for tasks to queue
[2026-05-17T03:55:42.014+0000] {logging_mixin.py:188} INFO - [2026-05-17T03:55:42.011+0000] {dagbag.py:538} INFO - Filling up the DagBag from /home/airflow/.local/lib/python3.8/site-packages/airflow/example_dags/plugins/event_listener.py
[2026-05-17T03:55:42.021+0000] {processor.py:842} WARNING - No viable dags retrieved from /home/airflow/.local/lib/python3.8/site-packages/airflow/example_dags/plugins/event_listener.py
[2026-05-17T03:55:42.049+0000] {processor.py:183} INFO - Processing /home/airflow/.local/lib/python3.8/site-packages/airflow/example_dags/plugins/event_listener.py took 0.051 seconds
[2026-05-17T03:56:12.410+0000] {processor.py:161} INFO - Started process (PID=4771) to work on /home/airflow/.local/lib/python3.8/site-packages/airflow/example_dags/plugins/event_listener.py
[2026-05-17T03:56:12.412+0000] {processor.py:830} INFO - Processing file /home/airflow/.local/lib/python3.8/site-packages/airflow/example_dags/plugins/event_listener.py for tasks to queue
[2026-05-17T03:56:12.416+0000] {logging_mixin.py:188} INFO - [2026-05-17T03:56:12.415+0000] {dagbag.py:538} INFO - Filling up the DagBag from /home/airflow/.local/lib/python3.8/site-packages/airflow/example_dags/plugins/event_listener.py
[2026-05-17T03:56:12.421+0000] {processor.py:842} WARNING - No viable dags retrieved from /home/airflow/.local/lib/python3.8/site-packages/airflow/example_dags/plugins/event_listener.py
[2026-05-17T03:56:12.446+0000] {processor.py:183} INFO - Processing /home/airflow/.local/lib/python3.8/site-packages/airflow/example_dags/plugins/event_listener.py took 0.043 seconds
[2026-05-17T03:56:42.732+0000] {processor.py:161} INFO - Started process (PID=4837) to work on /home/airflow/.local/lib/python3.8/site-packages/airflow/example_dags/plugins/event_listener.py
[2026-05-17T03:56:42.734+0000] {processor.py:830} INFO - Processing file /home/airflow/.local/lib/python3.8/site-packages/airflow/example_dags/plugins/event_listener.py for tasks to queue
[2026-05-17T03:56:42.736+0000] {logging_mixin.py:188} INFO - [2026-05-17T03:56:42.736+0000] {dagbag.py:538} INFO - Filling up the DagBag from /home/airflow/.local/lib/python3.8/site-packages/airflow/example_dags/plugins/event_listener.py
[2026-05-17T03:56:42.740+0000] {processor.py:842} WARNING - No viable dags retrieved from /home/airflow/.local/lib/python3.8/site-packages/airflow/example_dags/plugins/event_listener.py
[2026-05-17T03:56:42.763+0000] {processor.py:183} INFO - Processing /home/airflow/.local/lib/python3.8/site-packages/airflow/example_dags/plugins/event_listener.py took 0.037 seconds
[2026-05-17T03:57:13.386+0000] {processor.py:161} INFO - Started process (PID=4903) to work on /home/airflow/.local/lib/python3.8/site-packages/airflow/example_dags/plugins/event_listener.py
[2026-05-17T03:57:13.387+0000] {processor.py:830} INFO - Processing file /home/airflow/.local/lib/python3.8/site-packages/airflow/example_dags/plugins/event_listener.py for tasks to queue
[2026-05-17T03:57:13.389+0000] {logging_mixin.py:188} INFO - [2026-05-17T03:57:13.389+0000] {dagbag.py:538} INFO - Filling up the DagBag from /home/airflow/.local/lib/python3.8/site-packages/airflow/example_dags/plugins/event_listener.py
[2026-05-17T03:57:13.392+0000] {processor.py:842} WARNING - No viable dags retrieved from /home/airflow/.local/lib/python3.8/site-packages/airflow/example_dags/plugins/event_listener.py
[2026-05-17T03:57:13.419+0000] {processor.py:183} INFO - Processing /home/airflow/.local/lib/python3.8/site-packages/airflow/example_dags/plugins/event_listener.py took 0.038 seconds
[2026-05-17T03:57:43.832+0000] {processor.py:161} INFO - Started process (PID=4970) to work on /home/airflow/.local/lib/python3.8/site-packages/airflow/example_dags/plugins/event_listener.py
[2026-05-17T03:57:43.834+0000] {processor.py:830} INFO - Processing file /home/airflow/.local/lib/python3.8/site-packages/airflow/example_dags/plugins/event_listener.py for tasks to queue
[2026-05-17T03:57:43.837+0000] {logging_mixin.py:188} INFO - [2026-05-17T03:57:43.837+0000] {dagbag.py:538} INFO - Filling up the DagBag from /home/airflow/.local/lib/python3.8/site-packages/airflow/example_dags/plugins/event_listener.py
[2026-05-17T03:57:43.841+0000] {processor.py:842} WARNING - No viable dags retrieved from /home/airflow/.local/lib/python3.8/site-packages/airflow/example_dags/plugins/event_listener.py
[2026-05-17T03:57:43.865+0000] {processor.py:183} INFO - Processing /home/airflow/.local/lib/python3.8/site-packages/airflow/example_dags/plugins/event_listener.py took 0.039 seconds
[2026-05-17T03:58:14.753+0000] {processor.py:161} INFO - Started process (PID=5036) to work on /home/airflow/.local/lib/python3.8/site-packages/airflow/example_dags/plugins/event_listener.py
[2026-05-17T03:58:14.754+0000] {processor.py:830} INFO - Processing file /home/airflow/.local/lib/python3.8/site-packages/airflow/example_dags/plugins/event_listener.py for tasks to queue
[2026-05-17T03:58:14.758+0000] {logging_mixin.py:188} INFO - [2026-05-17T03:58:14.757+0000] {dagbag.py:538} INFO - Filling up the DagBag from /home/airflow/.local/lib/python3.8/site-packages/airflow/example_dags/plugins/event_listener.py
[2026-05-17T03:58:14.762+0000] {processor.py:842} WARNING - No viable dags retrieved from /home/airflow/.local/lib/python3.8/site-packages/airflow/example_dags/plugins/event_listener.py
[2026-05-17T03:58:14.791+0000] {processor.py:183} INFO - Processing /home/airflow/.local/lib/python3.8/site-packages/airflow/example_dags/plugins/event_listener.py took 0.045 seconds
[2026-05-17T03:58:45.043+0000] {processor.py:161} INFO - Started process (PID=5101) to work on /home/airflow/.local/lib/python3.8/site-packages/airflow/example_dags/plugins/event_listener.py
[2026-05-17T03:58:45.045+0000] {processor.py:830} INFO - Processing file /home/airflow/.local/lib/python3.8/site-packages/airflow/example_dags/plugins/event_listener.py for tasks to queue
[2026-05-17T03:58:45.048+0000] {logging_mixin.py:188} INFO - [2026-05-17T03:58:45.048+0000] {dagbag.py:538} INFO - Filling up the DagBag from /home/airflow/.local/lib/python3.8/site-packages/airflow/example_dags/plugins/event_listener.py
[2026-05-17T03:58:45.052+0000] {processor.py:842} WARNING - No viable dags retrieved from /home/airflow/.local/lib/python3.8/site-packages/airflow/example_dags/plugins/event_listener.py
[2026-05-17T03:58:45.079+0000] {processor.py:183} INFO - Processing /home/airflow/.local/lib/python3.8/site-packages/airflow/example_dags/plugins/event_listener.py took 0.041 seconds
[2026-05-17T03:59:15.388+0000] {processor.py:161} INFO - Started process (PID=5166) to work on /home/airflow/.local/lib/python3.8/site-packages/airflow/example_dags/plugins/event_listener.py
[2026-05-17T03:59:15.390+0000] {processor.py:830} INFO - Processing file /home/airflow/.local/lib/python3.8/site-packages/airflow/example_dags/plugins/event_listener.py for tasks to queue
[2026-05-17T03:59:15.393+0000] {logging_mixin.py:188} INFO - [2026-05-17T03:59:15.393+0000] {dagbag.py:538} INFO - Filling up the DagBag from /home/airflow/.local/lib/python3.8/site-packages/airflow/example_dags/plugins/event_listener.py
[2026-05-17T03:59:15.396+0000] {processor.py:842} WARNING - No viable dags retrieved from /home/airflow/.local/lib/python3.8/site-packages/airflow/example_dags/plugins/event_listener.py
[2026-05-17T03:59:15.421+0000] {processor.py:183} INFO - Processing /home/airflow/.local/lib/python3.8/site-packages/airflow/example_dags/plugins/event_listener.py took 0.038 seconds
[2026-05-17T03:59:46.242+0000] {processor.py:161} INFO - Started process (PID=5239) to work on /home/airflow/.local/lib/python3.8/site-packages/airflow/example_dags/plugins/event_listener.py
[2026-05-17T03:59:46.243+0000] {processor.py:830} INFO - Processing file /home/airflow/.local/lib/python3.8/site-packages/airflow/example_dags/plugins/event_listener.py for tasks to queue
[2026-05-17T03:59:46.246+0000] {logging_mixin.py:188} INFO - [2026-05-17T03:59:46.246+0000] {dagbag.py:538} INFO - Filling up the DagBag from /home/airflow/.local/lib/python3.8/site-packages/airflow/example_dags/plugins/event_listener.py
[2026-05-17T03:59:46.250+0000] {processor.py:842} WARNING - No viable dags retrieved from /home/airflow/.local/lib/python3.8/site-packages/airflow/example_dags/plugins/event_listener.py
[2026-05-17T03:59:46.276+0000] {processor.py:183} INFO - Processing /home/airflow/.local/lib/python3.8/site-packages/airflow/example_dags/plugins/event_listener.py took 0.040 seconds
[2026-05-17T04:00:16.892+0000] {processor.py:161} INFO - Started process (PID=5304) to work on /home/airflow/.local/lib/python3.8/site-packages/airflow/example_dags/plugins/event_listener.py
[2026-05-17T04:00:16.894+0000] {processor.py:830} INFO - Processing file /home/airflow/.local/lib/python3.8/site-packages/airflow/example_dags/plugins/event_listener.py for tasks to queue
[2026-05-17T04:00:16.898+0000] {logging_mixin.py:188} INFO - [2026-05-17T04:00:16.897+0000] {dagbag.py:538} INFO - Filling up the DagBag from /home/airflow/.local/lib/python3.8/site-packages/airflow/example_dags/plugins/event_listener.py
[2026-05-17T04:00:16.902+0000] {processor.py:842} WARNING - No viable dags retrieved from /home/airflow/.local/lib/python3.8/site-packages/airflow/example_dags/plugins/event_listener.py
[2026-05-17T04:00:16.931+0000] {processor.py:183} INFO - Processing /home/airflow/.local/lib/python3.8/site-packages/airflow/example_dags/plugins/event_listener.py took 0.044 seconds
[2026-05-17T04:00:47.283+0000] {processor.py:161} INFO - Started process (PID=5370) to work on /home/airflow/.local/lib/python3.8/site-packages/airflow/example_dags/plugins/event_listener.py
[2026-05-17T04:00:47.284+0000] {processor.py:830} INFO - Processing file /home/airflow/.local/lib/python3.8/site-packages/airflow/example_dags/plugins/event_listener.py for tasks to queue
[2026-05-17T04:00:47.288+0000] {logging_mixin.py:188} INFO - [2026-05-17T04:00:47.287+0000] {dagbag.py:538} INFO - Filling up the DagBag from /home/airflow/.local/lib/python3.8/site-packages/airflow/example_dags/plugins/event_listener.py
[2026-05-17T04:00:47.291+0000] {processor.py:842} WARNING - No viable dags retrieved from /home/airflow/.local/lib/python3.8/site-packages/airflow/example_dags/plugins/event_listener.py
[2026-05-17T04:00:47.319+0000] {processor.py:183} INFO - Processing /home/airflow/.local/lib/python3.8/site-packages/airflow/example_dags/plugins/event_listener.py took 0.042 seconds
[2026-05-17T04:01:17.742+0000] {processor.py:161} INFO - Started process (PID=5437) to work on /home/airflow/.local/lib/python3.8/site-packages/airflow/example_dags/plugins/event_listener.py
[2026-05-17T04:01:17.744+0000] {processor.py:830} INFO - Processing file /home/airflow/.local/lib/python3.8/site-packages/airflow/example_dags/plugins/event_listener.py for tasks to queue
[2026-05-17T04:01:17.747+0000] {logging_mixin.py:188} INFO - [2026-05-17T04:01:17.746+0000] {dagbag.py:538} INFO - Filling up the DagBag from /home/airflow/.local/lib/python3.8/site-packages/airflow/example_dags/plugins/event_listener.py
[2026-05-17T04:01:17.751+0000] {processor.py:842} WARNING - No viable dags retrieved from /home/airflow/.local/lib/python3.8/site-packages/airflow/example_dags/plugins/event_listener.py
[2026-05-17T04:01:17.776+0000] {processor.py:183} INFO - Processing /home/airflow/.local/lib/python3.8/site-packages/airflow/example_dags/plugins/event_listener.py took 0.041 seconds
[2026-05-17T04:01:48.238+0000] {processor.py:161} INFO - Started process (PID=5502) to work on /home/airflow/.local/lib/python3.8/site-packages/airflow/example_dags/plugins/event_listener.py
[2026-05-17T04:01:48.240+0000] {processor.py:830} INFO - Processing file /home/airflow/.local/lib/python3.8/site-packages/airflow/example_dags/plugins/event_listener.py for tasks to queue
[2026-05-17T04:01:48.243+0000] {logging_mixin.py:188} INFO - [2026-05-17T04:01:48.242+0000] {dagbag.py:538} INFO - Filling up the DagBag from /home/airflow/.local/lib/python3.8/site-packages/airflow/example_dags/plugins/event_listener.py
[2026-05-17T04:01:48.246+0000] {processor.py:842} WARNING - No viable dags retrieved from /home/airflow/.local/lib/python3.8/site-packages/airflow/example_dags/plugins/event_listener.py
[2026-05-17T04:01:48.270+0000] {processor.py:183} INFO - Processing /home/airflow/.local/lib/python3.8/site-packages/airflow/example_dags/plugins/event_listener.py took 0.038 seconds
[2026-05-17T04:02:18.688+0000] {processor.py:161} INFO - Started process (PID=5568) to work on /home/airflow/.local/lib/python3.8/site-packages/airflow/example_dags/plugins/event_listener.py
[2026-05-17T04:02:18.691+0000] {processor.py:830} INFO - Processing file /home/airflow/.local/lib/python3.8/site-packages/airflow/example_dags/plugins/event_listener.py for tasks to queue
[2026-05-17T04:02:18.694+0000] {logging_mixin.py:188} INFO - [2026-05-17T04:02:18.694+0000] {dagbag.py:538} INFO - Filling up the DagBag from /home/airflow/.local/lib/python3.8/site-packages/airflow/example_dags/plugins/event_listener.py
[2026-05-17T04:02:18.699+0000] {processor.py:842} WARNING - No viable dags retrieved from /home/airflow/.local/lib/python3.8/site-packages/airflow/example_dags/plugins/event_listener.py
[2026-05-17T04:02:18.729+0000] {processor.py:183} INFO - Processing /home/airflow/.local/lib/python3.8/site-packages/airflow/example_dags/plugins/event_listener.py took 0.046 seconds
[2026-05-17T04:02:49.152+0000] {processor.py:161} INFO - Started process (PID=5634) to work on /home/airflow/.local/lib/python3.8/site-packages/airflow/example_dags/plugins/event_listener.py
[2026-05-17T04:02:49.154+0000] {processor.py:830} INFO - Processing file /home/airflow/.local/lib/python3.8/site-packages/airflow/example_dags/plugins/event_listener.py for tasks to queue
[2026-05-17T04:02:49.157+0000] {logging_mixin.py:188} INFO - [2026-05-17T04:02:49.157+0000] {dagbag.py:538} INFO - Filling up the DagBag from /home/airflow/.local/lib/python3.8/site-packages/airflow/example_dags/plugins/event_listener.py
[2026-05-17T04:02:49.161+0000] {processor.py:842} WARNING - No viable dags retrieved from /home/airflow/.local/lib/python3.8/site-packages/airflow/example_dags/plugins/event_listener.py
[2026-05-17T04:02:49.188+0000] {processor.py:183} INFO - Processing /home/airflow/.local/lib/python3.8/site-packages/airflow/example_dags/plugins/event_listener.py took 0.042 seconds
[2026-05-17T04:03:19.435+0000] {processor.py:161} INFO - Started process (PID=5700) to work on /home/airflow/.local/lib/python3.8/site-packages/airflow/example_dags/plugins/event_listener.py
[2026-05-17T04:03:19.436+0000] {processor.py:830} INFO - Processing file /home/airflow/.local/lib/python3.8/site-packages/airflow/example_dags/plugins/event_listener.py for tasks to queue
[2026-05-17T04:03:19.439+0000] {logging_mixin.py:188} INFO - [2026-05-17T04:03:19.438+0000] {dagbag.py:538} INFO - Filling up the DagBag from /home/airflow/.local/lib/python3.8/site-packages/airflow/example_dags/plugins/event_listener.py
[2026-05-17T04:03:19.442+0000] {processor.py:842} WARNING - No viable dags retrieved from /home/airflow/.local/lib/python3.8/site-packages/airflow/example_dags/plugins/event_listener.py
[2026-05-17T04:03:19.467+0000] {processor.py:183} INFO - Processing /home/airflow/.local/lib/python3.8/site-packages/airflow/example_dags/plugins/event_listener.py took 0.037 seconds
[2026-05-17T04:03:50.099+0000] {processor.py:161} INFO - Started process (PID=5767) to work on /home/airflow/.local/lib/python3.8/site-packages/airflow/example_dags/plugins/event_listener.py
[2026-05-17T04:03:50.101+0000] {processor.py:830} INFO - Processing file /home/airflow/.local/lib/python3.8/site-packages/airflow/example_dags/plugins/event_listener.py for tasks to queue
[2026-05-17T04:03:50.104+0000] {logging_mixin.py:188} INFO - [2026-05-17T04:03:50.104+0000] {dagbag.py:538} INFO - Filling up the DagBag from /home/airflow/.local/lib/python3.8/site-packages/airflow/example_dags/plugins/event_listener.py
[2026-05-17T04:03:50.108+0000] {processor.py:842} WARNING - No viable dags retrieved from /home/airflow/.local/lib/python3.8/site-packages/airflow/example_dags/plugins/event_listener.py
[2026-05-17T04:03:50.132+0000] {processor.py:183} INFO - Processing /home/airflow/.local/lib/python3.8/site-packages/airflow/example_dags/plugins/event_listener.py took 0.037 seconds
[2026-05-17T04:04:20.723+0000] {processor.py:161} INFO - Started process (PID=5832) to work on /home/airflow/.local/lib/python3.8/site-packages/airflow/example_dags/plugins/event_listener.py
[2026-05-17T04:04:20.725+0000] {processor.py:830} INFO - Processing file /home/airflow/.local/lib/python3.8/site-packages/airflow/example_dags/plugins/event_listener.py for tasks to queue
[2026-05-17T04:04:20.727+0000] {logging_mixin.py:188} INFO - [2026-05-17T04:04:20.727+0000] {dagbag.py:538} INFO - Filling up the DagBag from /home/airflow/.local/lib/python3.8/site-packages/airflow/example_dags/plugins/event_listener.py
[2026-05-17T04:04:20.731+0000] {processor.py:842} WARNING - No viable dags retrieved from /home/airflow/.local/lib/python3.8/site-packages/airflow/example_dags/plugins/event_listener.py
[2026-05-17T04:04:20.757+0000] {processor.py:183} INFO - Processing /home/airflow/.local/lib/python3.8/site-packages/airflow/example_dags/plugins/event_listener.py took 0.039 seconds
[2026-05-17T04:04:51.203+0000] {processor.py:161} INFO - Started process (PID=5904) to work on /home/airflow/.local/lib/python3.8/site-packages/airflow/example_dags/plugins/event_listener.py
[2026-05-17T04:04:51.205+0000] {processor.py:830} INFO - Processing file /home/airflow/.local/lib/python3.8/site-packages/airflow/example_dags/plugins/event_listener.py for tasks to queue
[2026-05-17T04:04:51.207+0000] {logging_mixin.py:188} INFO - [2026-05-17T04:04:51.207+0000] {dagbag.py:538} INFO - Filling up the DagBag from /home/airflow/.local/lib/python3.8/site-packages/airflow/example_dags/plugins/event_listener.py
[2026-05-17T04:04:51.211+0000] {processor.py:842} WARNING - No viable dags retrieved from /home/airflow/.local/lib/python3.8/site-packages/airflow/example_dags/plugins/event_listener.py
[2026-05-17T04:04:51.236+0000] {processor.py:183} INFO - Processing /home/airflow/.local/lib/python3.8/site-packages/airflow/example_dags/plugins/event_listener.py took 0.039 seconds
[2026-05-17T04:05:21.939+0000] {processor.py:161} INFO - Started process (PID=5970) to work on /home/airflow/.local/lib/python3.8/site-packages/airflow/example_dags/plugins/event_listener.py
[2026-05-17T04:05:21.940+0000] {processor.py:830} INFO - Processing file /home/airflow/.local/lib/python3.8/site-packages/airflow/example_dags/plugins/event_listener.py for tasks to queue
[2026-05-17T04:05:21.943+0000] {logging_mixin.py:188} INFO - [2026-05-17T04:05:21.943+0000] {dagbag.py:538} INFO - Filling up the DagBag from /home/airflow/.local/lib/python3.8/site-packages/airflow/example_dags/plugins/event_listener.py
[2026-05-17T04:05:21.948+0000] {processor.py:842} WARNING - No viable dags retrieved from /home/airflow/.local/lib/python3.8/site-packages/airflow/example_dags/plugins/event_listener.py
[2026-05-17T04:05:21.977+0000] {processor.py:183} INFO - Processing /home/airflow/.local/lib/python3.8/site-packages/airflow/example_dags/plugins/event_listener.py took 0.044 seconds
[2026-05-17T04:05:52.545+0000] {processor.py:161} INFO - Started process (PID=6037) to work on /home/airflow/.local/lib/python3.8/site-packages/airflow/example_dags/plugins/event_listener.py
[2026-05-17T04:05:52.547+0000] {processor.py:830} INFO - Processing file /home/airflow/.local/lib/python3.8/site-packages/airflow/example_dags/plugins/event_listener.py for tasks to queue
[2026-05-17T04:05:52.550+0000] {logging_mixin.py:188} INFO - [2026-05-17T04:05:52.549+0000] {dagbag.py:538} INFO - Filling up the DagBag from /home/airflow/.local/lib/python3.8/site-packages/airflow/example_dags/plugins/event_listener.py
[2026-05-17T04:05:52.553+0000] {processor.py:842} WARNING - No viable dags retrieved from /home/airflow/.local/lib/python3.8/site-packages/airflow/example_dags/plugins/event_listener.py
[2026-05-17T04:05:52.585+0000] {processor.py:183} INFO - Processing /home/airflow/.local/lib/python3.8/site-packages/airflow/example_dags/plugins/event_listener.py took 0.045 seconds
[2026-05-17T04:06:23.474+0000] {processor.py:161} INFO - Started process (PID=6102) to work on /home/airflow/.local/lib/python3.8/site-packages/airflow/example_dags/plugins/event_listener.py
[2026-05-17T04:06:23.475+0000] {processor.py:830} INFO - Processing file /home/airflow/.local/lib/python3.8/site-packages/airflow/example_dags/plugins/event_listener.py for tasks to queue
[2026-05-17T04:06:23.477+0000] {logging_mixin.py:188} INFO - [2026-05-17T04:06:23.477+0000] {dagbag.py:538} INFO - Filling up the DagBag from /home/airflow/.local/lib/python3.8/site-packages/airflow/example_dags/plugins/event_listener.py
[2026-05-17T04:06:23.480+0000] {processor.py:842} WARNING - No viable dags retrieved from /home/airflow/.local/lib/python3.8/site-packages/airflow/example_dags/plugins/event_listener.py
[2026-05-17T04:06:23.512+0000] {processor.py:183} INFO - Processing /home/airflow/.local/lib/python3.8/site-packages/airflow/example_dags/plugins/event_listener.py took 0.043 seconds
[2026-05-17T04:06:54.525+0000] {processor.py:161} INFO - Started process (PID=6169) to work on /home/airflow/.local/lib/python3.8/site-packages/airflow/example_dags/plugins/event_listener.py
[2026-05-17T04:06:54.527+0000] {processor.py:830} INFO - Processing file /home/airflow/.local/lib/python3.8/site-packages/airflow/example_dags/plugins/event_listener.py for tasks to queue
[2026-05-17T04:06:54.530+0000] {logging_mixin.py:188} INFO - [2026-05-17T04:06:54.529+0000] {dagbag.py:538} INFO - Filling up the DagBag from /home/airflow/.local/lib/python3.8/site-packages/airflow/example_dags/plugins/event_listener.py
[2026-05-17T04:06:54.534+0000] {processor.py:842} WARNING - No viable dags retrieved from /home/airflow/.local/lib/python3.8/site-packages/airflow/example_dags/plugins/event_listener.py
[2026-05-17T04:06:54.559+0000] {processor.py:183} INFO - Processing /home/airflow/.local/lib/python3.8/site-packages/airflow/example_dags/plugins/event_listener.py took 0.040 seconds
[2026-05-17T04:07:24.791+0000] {processor.py:161} INFO - Started process (PID=6235) to work on /home/airflow/.local/lib/python3.8/site-packages/airflow/example_dags/plugins/event_listener.py
[2026-05-17T04:07:24.792+0000] {processor.py:830} INFO - Processing file /home/airflow/.local/lib/python3.8/site-packages/airflow/example_dags/plugins/event_listener.py for tasks to queue
[2026-05-17T04:07:24.795+0000] {logging_mixin.py:188} INFO - [2026-05-17T04:07:24.795+0000] {dagbag.py:538} INFO - Filling up the DagBag from /home/airflow/.local/lib/python3.8/site-packages/airflow/example_dags/plugins/event_listener.py
[2026-05-17T04:07:24.800+0000] {processor.py:842} WARNING - No viable dags retrieved from /home/airflow/.local/lib/python3.8/site-packages/airflow/example_dags/plugins/event_listener.py
[2026-05-17T04:07:24.825+0000] {processor.py:183} INFO - Processing /home/airflow/.local/lib/python3.8/site-packages/airflow/example_dags/plugins/event_listener.py took 0.040 seconds
[2026-05-17T04:07:55.045+0000] {processor.py:161} INFO - Started process (PID=6302) to work on /home/airflow/.local/lib/python3.8/site-packages/airflow/example_dags/plugins/event_listener.py
[2026-05-17T04:07:55.047+0000] {processor.py:830} INFO - Processing file /home/airflow/.local/lib/python3.8/site-packages/airflow/example_dags/plugins/event_listener.py for tasks to queue
[2026-05-17T04:07:55.050+0000] {logging_mixin.py:188} INFO - [2026-05-17T04:07:55.049+0000] {dagbag.py:538} INFO - Filling up the DagBag from /home/airflow/.local/lib/python3.8/site-packages/airflow/example_dags/plugins/event_listener.py
[2026-05-17T04:07:55.053+0000] {processor.py:842} WARNING - No viable dags retrieved from /home/airflow/.local/lib/python3.8/site-packages/airflow/example_dags/plugins/event_listener.py
[2026-05-17T04:07:55.077+0000] {processor.py:183} INFO - Processing /home/airflow/.local/lib/python3.8/site-packages/airflow/example_dags/plugins/event_listener.py took 0.038 seconds
[2026-05-17T04:08:25.479+0000] {processor.py:161} INFO - Started process (PID=6369) to work on /home/airflow/.local/lib/python3.8/site-packages/airflow/example_dags/plugins/event_listener.py
[2026-05-17T04:08:25.480+0000] {processor.py:830} INFO - Processing file /home/airflow/.local/lib/python3.8/site-packages/airflow/example_dags/plugins/event_listener.py for tasks to queue
[2026-05-17T04:08:25.483+0000] {logging_mixin.py:188} INFO - [2026-05-17T04:08:25.483+0000] {dagbag.py:538} INFO - Filling up the DagBag from /home/airflow/.local/lib/python3.8/site-packages/airflow/example_dags/plugins/event_listener.py
[2026-05-17T04:08:25.486+0000] {processor.py:842} WARNING - No viable dags retrieved from /home/airflow/.local/lib/python3.8/site-packages/airflow/example_dags/plugins/event_listener.py
[2026-05-17T04:08:25.511+0000] {processor.py:183} INFO - Processing /home/airflow/.local/lib/python3.8/site-packages/airflow/example_dags/plugins/event_listener.py took 0.038 seconds
[2026-05-17T04:08:56.095+0000] {processor.py:161} INFO - Started process (PID=6435) to work on /home/airflow/.local/lib/python3.8/site-packages/airflow/example_dags/plugins/event_listener.py
[2026-05-17T04:08:56.097+0000] {processor.py:830} INFO - Processing file /home/airflow/.local/lib/python3.8/site-packages/airflow/example_dags/plugins/event_listener.py for tasks to queue
[2026-05-17T04:08:56.100+0000] {logging_mixin.py:188} INFO - [2026-05-17T04:08:56.099+0000] {dagbag.py:538} INFO - Filling up the DagBag from /home/airflow/.local/lib/python3.8/site-packages/airflow/example_dags/plugins/event_listener.py
[2026-05-17T04:08:56.103+0000] {processor.py:842} WARNING - No viable dags retrieved from /home/airflow/.local/lib/python3.8/site-packages/airflow/example_dags/plugins/event_listener.py
[2026-05-17T04:08:56.128+0000] {processor.py:183} INFO - Processing /home/airflow/.local/lib/python3.8/site-packages/airflow/example_dags/plugins/event_listener.py took 0.038 seconds
[2026-05-17T04:09:26.836+0000] {processor.py:161} INFO - Started process (PID=6503) to work on /home/airflow/.local/lib/python3.8/site-packages/airflow/example_dags/plugins/event_listener.py
[2026-05-17T04:09:26.838+0000] {processor.py:830} INFO - Processing file /home/airflow/.local/lib/python3.8/site-packages/airflow/example_dags/plugins/event_listener.py for tasks to queue
[2026-05-17T04:09:26.840+0000] {logging_mixin.py:188} INFO - [2026-05-17T04:09:26.840+0000] {dagbag.py:538} INFO - Filling up the DagBag from /home/airflow/.local/lib/python3.8/site-packages/airflow/example_dags/plugins/event_listener.py
[2026-05-17T04:09:26.844+0000] {processor.py:842} WARNING - No viable dags retrieved from /home/airflow/.local/lib/python3.8/site-packages/airflow/example_dags/plugins/event_listener.py
[2026-05-17T04:09:26.870+0000] {processor.py:183} INFO - Processing /home/airflow/.local/lib/python3.8/site-packages/airflow/example_dags/plugins/event_listener.py took 0.039 seconds
[2026-05-17T04:09:57.943+0000] {processor.py:161} INFO - Started process (PID=6569) to work on /home/airflow/.local/lib/python3.8/site-packages/airflow/example_dags/plugins/event_listener.py
[2026-05-17T04:09:57.944+0000] {processor.py:830} INFO - Processing file /home/airflow/.local/lib/python3.8/site-packages/airflow/example_dags/plugins/event_listener.py for tasks to queue
[2026-05-17T04:09:57.947+0000] {logging_mixin.py:188} INFO - [2026-05-17T04:09:57.947+0000] {dagbag.py:538} INFO - Filling up the DagBag from /home/airflow/.local/lib/python3.8/site-packages/airflow/example_dags/plugins/event_listener.py
[2026-05-17T04:09:57.951+0000] {processor.py:842} WARNING - No viable dags retrieved from /home/airflow/.local/lib/python3.8/site-packages/airflow/example_dags/plugins/event_listener.py
[2026-05-17T04:09:57.977+0000] {processor.py:183} INFO - Processing /home/airflow/.local/lib/python3.8/site-packages/airflow/example_dags/plugins/event_listener.py took 0.041 seconds
[2026-05-17T04:10:28.280+0000] {processor.py:161} INFO - Started process (PID=6642) to work on /home/airflow/.local/lib/python3.8/site-packages/airflow/example_dags/plugins/event_listener.py
[2026-05-17T04:10:28.282+0000] {processor.py:830} INFO - Processing file /home/airflow/.local/lib/python3.8/site-packages/airflow/example_dags/plugins/event_listener.py for tasks to queue
[2026-05-17T04:10:28.285+0000] {logging_mixin.py:188} INFO - [2026-05-17T04:10:28.284+0000] {dagbag.py:538} INFO - Filling up the DagBag from /home/airflow/.local/lib/python3.8/site-packages/airflow/example_dags/plugins/event_listener.py
[2026-05-17T04:10:28.288+0000] {processor.py:842} WARNING - No viable dags retrieved from /home/airflow/.local/lib/python3.8/site-packages/airflow/example_dags/plugins/event_listener.py
[2026-05-17T04:10:28.315+0000] {processor.py:183} INFO - Processing /home/airflow/.local/lib/python3.8/site-packages/airflow/example_dags/plugins/event_listener.py took 0.041 seconds
[2026-05-17T04:10:58.703+0000] {processor.py:161} INFO - Started process (PID=6709) to work on /home/airflow/.local/lib/python3.8/site-packages/airflow/example_dags/plugins/event_listener.py
[2026-05-17T04:10:58.705+0000] {processor.py:830} INFO - Processing file /home/airflow/.local/lib/python3.8/site-packages/airflow/example_dags/plugins/event_listener.py for tasks to queue
[2026-05-17T04:10:58.708+0000] {logging_mixin.py:188} INFO - [2026-05-17T04:10:58.708+0000] {dagbag.py:538} INFO - Filling up the DagBag from /home/airflow/.local/lib/python3.8/site-packages/airflow/example_dags/plugins/event_listener.py
[2026-05-17T04:10:58.712+0000] {processor.py:842} WARNING - No viable dags retrieved from /home/airflow/.local/lib/python3.8/site-packages/airflow/example_dags/plugins/event_listener.py
[2026-05-17T04:10:58.741+0000] {processor.py:183} INFO - Processing /home/airflow/.local/lib/python3.8/site-packages/airflow/example_dags/plugins/event_listener.py took 0.043 seconds
[2026-05-17T04:11:29.720+0000] {processor.py:161} INFO - Started process (PID=6775) to work on /home/airflow/.local/lib/python3.8/site-packages/airflow/example_dags/plugins/event_listener.py
[2026-05-17T04:11:29.721+0000] {processor.py:830} INFO - Processing file /home/airflow/.local/lib/python3.8/site-packages/airflow/example_dags/plugins/event_listener.py for tasks to queue
[2026-05-17T04:11:29.724+0000] {logging_mixin.py:188} INFO - [2026-05-17T04:11:29.724+0000] {dagbag.py:538} INFO - Filling up the DagBag from /home/airflow/.local/lib/python3.8/site-packages/airflow/example_dags/plugins/event_listener.py
[2026-05-17T04:11:29.727+0000] {processor.py:842} WARNING - No viable dags retrieved from /home/airflow/.local/lib/python3.8/site-packages/airflow/example_dags/plugins/event_listener.py
[2026-05-17T04:11:29.753+0000] {processor.py:183} INFO - Processing /home/airflow/.local/lib/python3.8/site-packages/airflow/example_dags/plugins/event_listener.py took 0.038 seconds
[2026-05-17T04:12:00.307+0000] {processor.py:161} INFO - Started process (PID=6842) to work on /home/airflow/.local/lib/python3.8/site-packages/airflow/example_dags/plugins/event_listener.py
[2026-05-17T04:12:00.309+0000] {processor.py:830} INFO - Processing file /home/airflow/.local/lib/python3.8/site-packages/airflow/example_dags/plugins/event_listener.py for tasks to queue
[2026-05-17T04:12:00.311+0000] {logging_mixin.py:188} INFO - [2026-05-17T04:12:00.311+0000] {dagbag.py:538} INFO - Filling up the DagBag from /home/airflow/.local/lib/python3.8/site-packages/airflow/example_dags/plugins/event_listener.py
[2026-05-17T04:12:00.315+0000] {processor.py:842} WARNING - No viable dags retrieved from /home/airflow/.local/lib/python3.8/site-packages/airflow/example_dags/plugins/event_listener.py
[2026-05-17T04:12:00.338+0000] {processor.py:183} INFO - Processing /home/airflow/.local/lib/python3.8/site-packages/airflow/example_dags/plugins/event_listener.py took 0.037 seconds
[2026-05-17T04:12:30.646+0000] {processor.py:161} INFO - Started process (PID=6909) to work on /home/airflow/.local/lib/python3.8/site-packages/airflow/example_dags/plugins/event_listener.py
[2026-05-17T04:12:30.647+0000] {processor.py:830} INFO - Processing file /home/airflow/.local/lib/python3.8/site-packages/airflow/example_dags/plugins/event_listener.py for tasks to queue
[2026-05-17T04:12:30.650+0000] {logging_mixin.py:188} INFO - [2026-05-17T04:12:30.650+0000] {dagbag.py:538} INFO - Filling up the DagBag from /home/airflow/.local/lib/python3.8/site-packages/airflow/example_dags/plugins/event_listener.py
[2026-05-17T04:12:30.654+0000] {processor.py:842} WARNING - No viable dags retrieved from /home/airflow/.local/lib/python3.8/site-packages/airflow/example_dags/plugins/event_listener.py
[2026-05-17T04:12:30.682+0000] {processor.py:183} INFO - Processing /home/airflow/.local/lib/python3.8/site-packages/airflow/example_dags/plugins/event_listener.py took 0.043 seconds
[2026-05-17T04:13:01.343+0000] {processor.py:161} INFO - Started process (PID=6974) to work on /home/airflow/.local/lib/python3.8/site-packages/airflow/example_dags/plugins/event_listener.py
[2026-05-17T04:13:01.346+0000] {processor.py:830} INFO - Processing file /home/airflow/.local/lib/python3.8/site-packages/airflow/example_dags/plugins/event_listener.py for tasks to queue
[2026-05-17T04:13:01.349+0000] {logging_mixin.py:188} INFO - [2026-05-17T04:13:01.349+0000] {dagbag.py:538} INFO - Filling up the DagBag from /home/airflow/.local/lib/python3.8/site-packages/airflow/example_dags/plugins/event_listener.py
[2026-05-17T04:13:01.353+0000] {processor.py:842} WARNING - No viable dags retrieved from /home/airflow/.local/lib/python3.8/site-packages/airflow/example_dags/plugins/event_listener.py
[2026-05-17T04:13:01.380+0000] {processor.py:183} INFO - Processing /home/airflow/.local/lib/python3.8/site-packages/airflow/example_dags/plugins/event_listener.py took 0.043 seconds
[2026-05-17T04:13:31.929+0000] {processor.py:161} INFO - Started process (PID=7041) to work on /home/airflow/.local/lib/python3.8/site-packages/airflow/example_dags/plugins/event_listener.py
[2026-05-17T04:13:31.931+0000] {processor.py:830} INFO - Processing file /home/airflow/.local/lib/python3.8/site-packages/airflow/example_dags/plugins/event_listener.py for tasks to queue
[2026-05-17T04:13:31.934+0000] {logging_mixin.py:188} INFO - [2026-05-17T04:13:31.933+0000] {dagbag.py:538} INFO - Filling up the DagBag from /home/airflow/.local/lib/python3.8/site-packages/airflow/example_dags/plugins/event_listener.py
[2026-05-17T04:13:31.937+0000] {processor.py:842} WARNING - No viable dags retrieved from /home/airflow/.local/lib/python3.8/site-packages/airflow/example_dags/plugins/event_listener.py
[2026-05-17T04:13:31.964+0000] {processor.py:183} INFO - Processing /home/airflow/.local/lib/python3.8/site-packages/airflow/example_dags/plugins/event_listener.py took 0.040 seconds
[2026-05-17T04:14:02.217+0000] {processor.py:161} INFO - Started process (PID=7107) to work on /home/airflow/.local/lib/python3.8/site-packages/airflow/example_dags/plugins/event_listener.py
[2026-05-17T04:14:02.219+0000] {processor.py:830} INFO - Processing file /home/airflow/.local/lib/python3.8/site-packages/airflow/example_dags/plugins/event_listener.py for tasks to queue
[2026-05-17T04:14:02.222+0000] {logging_mixin.py:188} INFO - [2026-05-17T04:14:02.222+0000] {dagbag.py:538} INFO - Filling up the DagBag from /home/airflow/.local/lib/python3.8/site-packages/airflow/example_dags/plugins/event_listener.py
[2026-05-17T04:14:02.225+0000] {processor.py:842} WARNING - No viable dags retrieved from /home/airflow/.local/lib/python3.8/site-packages/airflow/example_dags/plugins/event_listener.py
[2026-05-17T04:14:02.251+0000] {processor.py:183} INFO - Processing /home/airflow/.local/lib/python3.8/site-packages/airflow/example_dags/plugins/event_listener.py took 0.039 seconds
[2026-05-17T04:14:32.687+0000] {processor.py:161} INFO - Started process (PID=7173) to work on /home/airflow/.local/lib/python3.8/site-packages/airflow/example_dags/plugins/event_listener.py
[2026-05-17T04:14:32.690+0000] {processor.py:830} INFO - Processing file /home/airflow/.local/lib/python3.8/site-packages/airflow/example_dags/plugins/event_listener.py for tasks to queue
[2026-05-17T04:14:32.693+0000] {logging_mixin.py:188} INFO - [2026-05-17T04:14:32.692+0000] {dagbag.py:538} INFO - Filling up the DagBag from /home/airflow/.local/lib/python3.8/site-packages/airflow/example_dags/plugins/event_listener.py
[2026-05-17T04:14:32.696+0000] {processor.py:842} WARNING - No viable dags retrieved from /home/airflow/.local/lib/python3.8/site-packages/airflow/example_dags/plugins/event_listener.py
[2026-05-17T04:14:32.722+0000] {processor.py:183} INFO - Processing /home/airflow/.local/lib/python3.8/site-packages/airflow/example_dags/plugins/event_listener.py took 0.041 seconds
[2026-05-17T04:15:03.284+0000] {processor.py:161} INFO - Started process (PID=7240) to work on /home/airflow/.local/lib/python3.8/site-packages/airflow/example_dags/plugins/event_listener.py
[2026-05-17T04:15:03.286+0000] {processor.py:830} INFO - Processing file /home/airflow/.local/lib/python3.8/site-packages/airflow/example_dags/plugins/event_listener.py for tasks to queue
[2026-05-17T04:15:03.289+0000] {logging_mixin.py:188} INFO - [2026-05-17T04:15:03.288+0000] {dagbag.py:538} INFO - Filling up the DagBag from /home/airflow/.local/lib/python3.8/site-packages/airflow/example_dags/plugins/event_listener.py
[2026-05-17T04:15:03.293+0000] {processor.py:842} WARNING - No viable dags retrieved from /home/airflow/.local/lib/python3.8/site-packages/airflow/example_dags/plugins/event_listener.py
[2026-05-17T04:15:03.320+0000] {processor.py:183} INFO - Processing /home/airflow/.local/lib/python3.8/site-packages/airflow/example_dags/plugins/event_listener.py took 0.042 seconds
[2026-05-17T04:15:33.778+0000] {processor.py:161} INFO - Started process (PID=7312) to work on /home/airflow/.local/lib/python3.8/site-packages/airflow/example_dags/plugins/event_listener.py
[2026-05-17T04:15:33.780+0000] {processor.py:830} INFO - Processing file /home/airflow/.local/lib/python3.8/site-packages/airflow/example_dags/plugins/event_listener.py for tasks to queue
[2026-05-17T04:15:33.783+0000] {logging_mixin.py:188} INFO - [2026-05-17T04:15:33.782+0000] {dagbag.py:538} INFO - Filling up the DagBag from /home/airflow/.local/lib/python3.8/site-packages/airflow/example_dags/plugins/event_listener.py
[2026-05-17T04:15:33.786+0000] {processor.py:842} WARNING - No viable dags retrieved from /home/airflow/.local/lib/python3.8/site-packages/airflow/example_dags/plugins/event_listener.py
[2026-05-17T04:15:33.815+0000] {processor.py:183} INFO - Processing /home/airflow/.local/lib/python3.8/site-packages/airflow/example_dags/plugins/event_listener.py took 0.042 seconds
[2026-05-17T04:16:04.783+0000] {processor.py:161} INFO - Started process (PID=7380) to work on /home/airflow/.local/lib/python3.8/site-packages/airflow/example_dags/plugins/event_listener.py
[2026-05-17T04:16:04.789+0000] {processor.py:830} INFO - Processing file /home/airflow/.local/lib/python3.8/site-packages/airflow/example_dags/plugins/event_listener.py for tasks to queue
[2026-05-17T04:16:04.796+0000] {logging_mixin.py:188} INFO - [2026-05-17T04:16:04.795+0000] {dagbag.py:538} INFO - Filling up the DagBag from /home/airflow/.local/lib/python3.8/site-packages/airflow/example_dags/plugins/event_listener.py
[2026-05-17T04:16:04.802+0000] {processor.py:842} WARNING - No viable dags retrieved from /home/airflow/.local/lib/python3.8/site-packages/airflow/example_dags/plugins/event_listener.py
[2026-05-17T04:16:04.854+0000] {processor.py:183} INFO - Processing /home/airflow/.local/lib/python3.8/site-packages/airflow/example_dags/plugins/event_listener.py took 0.089 seconds
[2026-05-17T04:16:34.917+0000] {processor.py:161} INFO - Started process (PID=7445) to work on /home/airflow/.local/lib/python3.8/site-packages/airflow/example_dags/plugins/event_listener.py
[2026-05-17T04:16:34.919+0000] {processor.py:830} INFO - Processing file /home/airflow/.local/lib/python3.8/site-packages/airflow/example_dags/plugins/event_listener.py for tasks to queue
[2026-05-17T04:16:34.922+0000] {logging_mixin.py:188} INFO - [2026-05-17T04:16:34.921+0000] {dagbag.py:538} INFO - Filling up the DagBag from /home/airflow/.local/lib/python3.8/site-packages/airflow/example_dags/plugins/event_listener.py
[2026-05-17T04:16:34.926+0000] {processor.py:842} WARNING - No viable dags retrieved from /home/airflow/.local/lib/python3.8/site-packages/airflow/example_dags/plugins/event_listener.py
[2026-05-17T04:16:34.953+0000] {processor.py:183} INFO - Processing /home/airflow/.local/lib/python3.8/site-packages/airflow/example_dags/plugins/event_listener.py took 0.041 seconds
[2026-05-17T04:17:05.334+0000] {processor.py:161} INFO - Started process (PID=7510) to work on /home/airflow/.local/lib/python3.8/site-packages/airflow/example_dags/plugins/event_listener.py
[2026-05-17T04:17:05.336+0000] {processor.py:830} INFO - Processing file /home/airflow/.local/lib/python3.8/site-packages/airflow/example_dags/plugins/event_listener.py for tasks to queue
[2026-05-17T04:17:05.339+0000] {logging_mixin.py:188} INFO - [2026-05-17T04:17:05.338+0000] {dagbag.py:538} INFO - Filling up the DagBag from /home/airflow/.local/lib/python3.8/site-packages/airflow/example_dags/plugins/event_listener.py
[2026-05-17T04:17:05.343+0000] {processor.py:842} WARNING - No viable dags retrieved from /home/airflow/.local/lib/python3.8/site-packages/airflow/example_dags/plugins/event_listener.py
[2026-05-17T04:17:05.373+0000] {processor.py:183} INFO - Processing /home/airflow/.local/lib/python3.8/site-packages/airflow/example_dags/plugins/event_listener.py took 0.048 seconds
[2026-05-17T04:17:35.752+0000] {processor.py:161} INFO - Started process (PID=7575) to work on /home/airflow/.local/lib/python3.8/site-packages/airflow/example_dags/plugins/event_listener.py
[2026-05-17T04:17:35.753+0000] {processor.py:830} INFO - Processing file /home/airflow/.local/lib/python3.8/site-packages/airflow/example_dags/plugins/event_listener.py for tasks to queue
[2026-05-17T04:17:35.756+0000] {logging_mixin.py:188} INFO - [2026-05-17T04:17:35.756+0000] {dagbag.py:538} INFO - Filling up the DagBag from /home/airflow/.local/lib/python3.8/site-packages/airflow/example_dags/plugins/event_listener.py
[2026-05-17T04:17:35.760+0000] {processor.py:842} WARNING - No viable dags retrieved from /home/airflow/.local/lib/python3.8/site-packages/airflow/example_dags/plugins/event_listener.py
[2026-05-17T04:17:35.785+0000] {processor.py:183} INFO - Processing /home/airflow/.local/lib/python3.8/site-packages/airflow/example_dags/plugins/event_listener.py took 0.039 seconds
[2026-05-17T04:18:06.045+0000] {processor.py:161} INFO - Started process (PID=7642) to work on /home/airflow/.local/lib/python3.8/site-packages/airflow/example_dags/plugins/event_listener.py
[2026-05-17T04:18:06.047+0000] {processor.py:830} INFO - Processing file /home/airflow/.local/lib/python3.8/site-packages/airflow/example_dags/plugins/event_listener.py for tasks to queue
[2026-05-17T04:18:06.051+0000] {logging_mixin.py:188} INFO - [2026-05-17T04:18:06.050+0000] {dagbag.py:538} INFO - Filling up the DagBag from /home/airflow/.local/lib/python3.8/site-packages/airflow/example_dags/plugins/event_listener.py
[2026-05-17T04:18:06.055+0000] {processor.py:842} WARNING - No viable dags retrieved from /home/airflow/.local/lib/python3.8/site-packages/airflow/example_dags/plugins/event_listener.py
[2026-05-17T04:18:06.081+0000] {processor.py:183} INFO - Processing /home/airflow/.local/lib/python3.8/site-packages/airflow/example_dags/plugins/event_listener.py took 0.042 seconds
[2026-05-17T04:18:36.379+0000] {processor.py:161} INFO - Started process (PID=7710) to work on /home/airflow/.local/lib/python3.8/site-packages/airflow/example_dags/plugins/event_listener.py
[2026-05-17T04:18:36.381+0000] {processor.py:830} INFO - Processing file /home/airflow/.local/lib/python3.8/site-packages/airflow/example_dags/plugins/event_listener.py for tasks to queue
[2026-05-17T04:18:36.384+0000] {logging_mixin.py:188} INFO - [2026-05-17T04:18:36.383+0000] {dagbag.py:538} INFO - Filling up the DagBag from /home/airflow/.local/lib/python3.8/site-packages/airflow/example_dags/plugins/event_listener.py
[2026-05-17T04:18:36.387+0000] {processor.py:842} WARNING - No viable dags retrieved from /home/airflow/.local/lib/python3.8/site-packages/airflow/example_dags/plugins/event_listener.py
[2026-05-17T04:18:36.414+0000] {processor.py:183} INFO - Processing /home/airflow/.local/lib/python3.8/site-packages/airflow/example_dags/plugins/event_listener.py took 0.042 seconds
[2026-05-17T04:19:06.767+0000] {processor.py:161} INFO - Started process (PID=7775) to work on /home/airflow/.local/lib/python3.8/site-packages/airflow/example_dags/plugins/event_listener.py
[2026-05-17T04:19:06.769+0000] {processor.py:830} INFO - Processing file /home/airflow/.local/lib/python3.8/site-packages/airflow/example_dags/plugins/event_listener.py for tasks to queue
[2026-05-17T04:19:06.772+0000] {logging_mixin.py:188} INFO - [2026-05-17T04:19:06.772+0000] {dagbag.py:538} INFO - Filling up the DagBag from /home/airflow/.local/lib/python3.8/site-packages/airflow/example_dags/plugins/event_listener.py
[2026-05-17T04:19:06.776+0000] {processor.py:842} WARNING - No viable dags retrieved from /home/airflow/.local/lib/python3.8/site-packages/airflow/example_dags/plugins/event_listener.py
[2026-05-17T04:19:06.801+0000] {processor.py:183} INFO - Processing /home/airflow/.local/lib/python3.8/site-packages/airflow/example_dags/plugins/event_listener.py took 0.040 seconds
[2026-05-17T04:19:36.899+0000] {processor.py:161} INFO - Started process (PID=7840) to work on /home/airflow/.local/lib/python3.8/site-packages/airflow/example_dags/plugins/event_listener.py
[2026-05-17T04:19:36.901+0000] {processor.py:830} INFO - Processing file /home/airflow/.local/lib/python3.8/site-packages/airflow/example_dags/plugins/event_listener.py for tasks to queue
[2026-05-17T04:19:36.904+0000] {logging_mixin.py:188} INFO - [2026-05-17T04:19:36.904+0000] {dagbag.py:538} INFO - Filling up the DagBag from /home/airflow/.local/lib/python3.8/site-packages/airflow/example_dags/plugins/event_listener.py
[2026-05-17T04:19:36.908+0000] {processor.py:842} WARNING - No viable dags retrieved from /home/airflow/.local/lib/python3.8/site-packages/airflow/example_dags/plugins/event_listener.py
[2026-05-17T04:19:36.933+0000] {processor.py:183} INFO - Processing /home/airflow/.local/lib/python3.8/site-packages/airflow/example_dags/plugins/event_listener.py took 0.039 seconds
[2026-05-17T04:20:07.115+0000] {processor.py:161} INFO - Started process (PID=7907) to work on /home/airflow/.local/lib/python3.8/site-packages/airflow/example_dags/plugins/event_listener.py
[2026-05-17T04:20:07.117+0000] {processor.py:830} INFO - Processing file /home/airflow/.local/lib/python3.8/site-packages/airflow/example_dags/plugins/event_listener.py for tasks to queue
[2026-05-17T04:20:07.122+0000] {logging_mixin.py:188} INFO - [2026-05-17T04:20:07.121+0000] {dagbag.py:538} INFO - Filling up the DagBag from /home/airflow/.local/lib/python3.8/site-packages/airflow/example_dags/plugins/event_listener.py
[2026-05-17T04:20:07.126+0000] {processor.py:842} WARNING - No viable dags retrieved from /home/airflow/.local/lib/python3.8/site-packages/airflow/example_dags/plugins/event_listener.py
[2026-05-17T04:20:07.154+0000] {processor.py:183} INFO - Processing /home/airflow/.local/lib/python3.8/site-packages/airflow/example_dags/plugins/event_listener.py took 0.045 seconds
[2026-05-17T04:20:37.816+0000] {processor.py:161} INFO - Started process (PID=7973) to work on /home/airflow/.local/lib/python3.8/site-packages/airflow/example_dags/plugins/event_listener.py
[2026-05-17T04:20:37.819+0000] {processor.py:830} INFO - Processing file /home/airflow/.local/lib/python3.8/site-packages/airflow/example_dags/plugins/event_listener.py for tasks to queue
[2026-05-17T04:20:37.822+0000] {logging_mixin.py:188} INFO - [2026-05-17T04:20:37.821+0000] {dagbag.py:538} INFO - Filling up the DagBag from /home/airflow/.local/lib/python3.8/site-packages/airflow/example_dags/plugins/event_listener.py
[2026-05-17T04:20:37.826+0000] {processor.py:842} WARNING - No viable dags retrieved from /home/airflow/.local/lib/python3.8/site-packages/airflow/example_dags/plugins/event_listener.py
[2026-05-17T04:20:37.855+0000] {processor.py:183} INFO - Processing /home/airflow/.local/lib/python3.8/site-packages/airflow/example_dags/plugins/event_listener.py took 0.044 seconds
[2026-05-17T04:21:08.358+0000] {processor.py:161} INFO - Started process (PID=8039) to work on /home/airflow/.local/lib/python3.8/site-packages/airflow/example_dags/plugins/event_listener.py
[2026-05-17T04:21:08.360+0000] {processor.py:830} INFO - Processing file /home/airflow/.local/lib/python3.8/site-packages/airflow/example_dags/plugins/event_listener.py for tasks to queue
[2026-05-17T04:21:08.363+0000] {logging_mixin.py:188} INFO - [2026-05-17T04:21:08.362+0000] {dagbag.py:538} INFO - Filling up the DagBag from /home/airflow/.local/lib/python3.8/site-packages/airflow/example_dags/plugins/event_listener.py
[2026-05-17T04:21:08.368+0000] {processor.py:842} WARNING - No viable dags retrieved from /home/airflow/.local/lib/python3.8/site-packages/airflow/example_dags/plugins/event_listener.py
[2026-05-17T04:21:08.399+0000] {processor.py:183} INFO - Processing /home/airflow/.local/lib/python3.8/site-packages/airflow/example_dags/plugins/event_listener.py took 0.047 seconds
[2026-05-17T04:21:38.494+0000] {processor.py:161} INFO - Started process (PID=8105) to work on /home/airflow/.local/lib/python3.8/site-packages/airflow/example_dags/plugins/event_listener.py
[2026-05-17T04:21:38.497+0000] {processor.py:830} INFO - Processing file /home/airflow/.local/lib/python3.8/site-packages/airflow/example_dags/plugins/event_listener.py for tasks to queue
[2026-05-17T04:21:38.500+0000] {logging_mixin.py:188} INFO - [2026-05-17T04:21:38.499+0000] {dagbag.py:538} INFO - Filling up the DagBag from /home/airflow/.local/lib/python3.8/site-packages/airflow/example_dags/plugins/event_listener.py
[2026-05-17T04:21:38.505+0000] {processor.py:842} WARNING - No viable dags retrieved from /home/airflow/.local/lib/python3.8/site-packages/airflow/example_dags/plugins/event_listener.py
[2026-05-17T04:21:38.532+0000] {processor.py:183} INFO - Processing /home/airflow/.local/lib/python3.8/site-packages/airflow/example_dags/plugins/event_listener.py took 0.044 seconds
[2026-05-17T04:22:08.694+0000] {processor.py:161} INFO - Started process (PID=8178) to work on /home/airflow/.local/lib/python3.8/site-packages/airflow/example_dags/plugins/event_listener.py
[2026-05-17T04:22:08.695+0000] {processor.py:830} INFO - Processing file /home/airflow/.local/lib/python3.8/site-packages/airflow/example_dags/plugins/event_listener.py for tasks to queue
[2026-05-17T04:22:08.698+0000] {logging_mixin.py:188} INFO - [2026-05-17T04:22:08.698+0000] {dagbag.py:538} INFO - Filling up the DagBag from /home/airflow/.local/lib/python3.8/site-packages/airflow/example_dags/plugins/event_listener.py
[2026-05-17T04:22:08.702+0000] {processor.py:842} WARNING - No viable dags retrieved from /home/airflow/.local/lib/python3.8/site-packages/airflow/example_dags/plugins/event_listener.py
[2026-05-17T04:22:08.730+0000] {processor.py:183} INFO - Processing /home/airflow/.local/lib/python3.8/site-packages/airflow/example_dags/plugins/event_listener.py took 0.042 seconds
[2026-05-17T04:22:39.021+0000] {processor.py:161} INFO - Started process (PID=8245) to work on /home/airflow/.local/lib/python3.8/site-packages/airflow/example_dags/plugins/event_listener.py
[2026-05-17T04:22:39.023+0000] {processor.py:830} INFO - Processing file /home/airflow/.local/lib/python3.8/site-packages/airflow/example_dags/plugins/event_listener.py for tasks to queue
[2026-05-17T04:22:39.026+0000] {logging_mixin.py:188} INFO - [2026-05-17T04:22:39.026+0000] {dagbag.py:538} INFO - Filling up the DagBag from /home/airflow/.local/lib/python3.8/site-packages/airflow/example_dags/plugins/event_listener.py
[2026-05-17T04:22:39.030+0000] {processor.py:842} WARNING - No viable dags retrieved from /home/airflow/.local/lib/python3.8/site-packages/airflow/example_dags/plugins/event_listener.py
[2026-05-17T04:22:39.056+0000] {processor.py:183} INFO - Processing /home/airflow/.local/lib/python3.8/site-packages/airflow/example_dags/plugins/event_listener.py took 0.041 seconds
[2026-05-17T04:23:09.428+0000] {processor.py:161} INFO - Started process (PID=8310) to work on /home/airflow/.local/lib/python3.8/site-packages/airflow/example_dags/plugins/event_listener.py
[2026-05-17T04:23:09.430+0000] {processor.py:830} INFO - Processing file /home/airflow/.local/lib/python3.8/site-packages/airflow/example_dags/plugins/event_listener.py for tasks to queue
[2026-05-17T04:23:09.433+0000] {logging_mixin.py:188} INFO - [2026-05-17T04:23:09.432+0000] {dagbag.py:538} INFO - Filling up the DagBag from /home/airflow/.local/lib/python3.8/site-packages/airflow/example_dags/plugins/event_listener.py
[2026-05-17T04:23:09.436+0000] {processor.py:842} WARNING - No viable dags retrieved from /home/airflow/.local/lib/python3.8/site-packages/airflow/example_dags/plugins/event_listener.py
[2026-05-17T04:23:09.462+0000] {processor.py:183} INFO - Processing /home/airflow/.local/lib/python3.8/site-packages/airflow/example_dags/plugins/event_listener.py took 0.038 seconds
[2026-05-17T04:23:39.758+0000] {processor.py:161} INFO - Started process (PID=8376) to work on /home/airflow/.local/lib/python3.8/site-packages/airflow/example_dags/plugins/event_listener.py
[2026-05-17T04:23:39.760+0000] {processor.py:830} INFO - Processing file /home/airflow/.local/lib/python3.8/site-packages/airflow/example_dags/plugins/event_listener.py for tasks to queue
[2026-05-17T04:23:39.763+0000] {logging_mixin.py:188} INFO - [2026-05-17T04:23:39.762+0000] {dagbag.py:538} INFO - Filling up the DagBag from /home/airflow/.local/lib/python3.8/site-packages/airflow/example_dags/plugins/event_listener.py
[2026-05-17T04:23:39.767+0000] {processor.py:842} WARNING - No viable dags retrieved from /home/airflow/.local/lib/python3.8/site-packages/airflow/example_dags/plugins/event_listener.py
[2026-05-17T04:23:39.804+0000] {processor.py:183} INFO - Processing /home/airflow/.local/lib/python3.8/site-packages/airflow/example_dags/plugins/event_listener.py took 0.053 seconds
[2026-05-17T04:24:10.442+0000] {processor.py:161} INFO - Started process (PID=8441) to work on /home/airflow/.local/lib/python3.8/site-packages/airflow/example_dags/plugins/event_listener.py
[2026-05-17T04:24:10.443+0000] {processor.py:830} INFO - Processing file /home/airflow/.local/lib/python3.8/site-packages/airflow/example_dags/plugins/event_listener.py for tasks to queue
[2026-05-17T04:24:10.446+0000] {logging_mixin.py:188} INFO - [2026-05-17T04:24:10.446+0000] {dagbag.py:538} INFO - Filling up the DagBag from /home/airflow/.local/lib/python3.8/site-packages/airflow/example_dags/plugins/event_listener.py
[2026-05-17T04:24:10.450+0000] {processor.py:842} WARNING - No viable dags retrieved from /home/airflow/.local/lib/python3.8/site-packages/airflow/example_dags/plugins/event_listener.py
[2026-05-17T04:24:10.479+0000] {processor.py:183} INFO - Processing /home/airflow/.local/lib/python3.8/site-packages/airflow/example_dags/plugins/event_listener.py took 0.043 seconds
[2026-05-17T04:24:40.761+0000] {processor.py:161} INFO - Started process (PID=8507) to work on /home/airflow/.local/lib/python3.8/site-packages/airflow/example_dags/plugins/event_listener.py
[2026-05-17T04:24:40.763+0000] {processor.py:830} INFO - Processing file /home/airflow/.local/lib/python3.8/site-packages/airflow/example_dags/plugins/event_listener.py for tasks to queue
[2026-05-17T04:24:40.766+0000] {logging_mixin.py:188} INFO - [2026-05-17T04:24:40.766+0000] {dagbag.py:538} INFO - Filling up the DagBag from /home/airflow/.local/lib/python3.8/site-packages/airflow/example_dags/plugins/event_listener.py
[2026-05-17T04:24:40.770+0000] {processor.py:842} WARNING - No viable dags retrieved from /home/airflow/.local/lib/python3.8/site-packages/airflow/example_dags/plugins/event_listener.py
[2026-05-17T04:24:40.795+0000] {processor.py:183} INFO - Processing /home/airflow/.local/lib/python3.8/site-packages/airflow/example_dags/plugins/event_listener.py took 0.040 seconds
[2026-05-17T04:25:11.567+0000] {processor.py:161} INFO - Started process (PID=8572) to work on /home/airflow/.local/lib/python3.8/site-packages/airflow/example_dags/plugins/event_listener.py
[2026-05-17T04:25:11.570+0000] {processor.py:830} INFO - Processing file /home/airflow/.local/lib/python3.8/site-packages/airflow/example_dags/plugins/event_listener.py for tasks to queue
[2026-05-17T04:25:11.572+0000] {logging_mixin.py:188} INFO - [2026-05-17T04:25:11.572+0000] {dagbag.py:538} INFO - Filling up the DagBag from /home/airflow/.local/lib/python3.8/site-packages/airflow/example_dags/plugins/event_listener.py
[2026-05-17T04:25:11.576+0000] {processor.py:842} WARNING - No viable dags retrieved from /home/airflow/.local/lib/python3.8/site-packages/airflow/example_dags/plugins/event_listener.py
[2026-05-17T04:25:11.603+0000] {processor.py:183} INFO - Processing /home/airflow/.local/lib/python3.8/site-packages/airflow/example_dags/plugins/event_listener.py took 0.042 seconds
[2026-05-17T04:25:41.875+0000] {processor.py:161} INFO - Started process (PID=8638) to work on /home/airflow/.local/lib/python3.8/site-packages/airflow/example_dags/plugins/event_listener.py
[2026-05-17T04:25:41.876+0000] {processor.py:830} INFO - Processing file /home/airflow/.local/lib/python3.8/site-packages/airflow/example_dags/plugins/event_listener.py for tasks to queue
[2026-05-17T04:25:41.878+0000] {logging_mixin.py:188} INFO - [2026-05-17T04:25:41.878+0000] {dagbag.py:538} INFO - Filling up the DagBag from /home/airflow/.local/lib/python3.8/site-packages/airflow/example_dags/plugins/event_listener.py
[2026-05-17T04:25:41.881+0000] {processor.py:842} WARNING - No viable dags retrieved from /home/airflow/.local/lib/python3.8/site-packages/airflow/example_dags/plugins/event_listener.py
[2026-05-17T04:25:41.904+0000] {processor.py:183} INFO - Processing /home/airflow/.local/lib/python3.8/site-packages/airflow/example_dags/plugins/event_listener.py took 0.034 seconds
[2026-05-17T04:26:12.566+0000] {processor.py:161} INFO - Started process (PID=8704) to work on /home/airflow/.local/lib/python3.8/site-packages/airflow/example_dags/plugins/event_listener.py
[2026-05-17T04:26:12.568+0000] {processor.py:830} INFO - Processing file /home/airflow/.local/lib/python3.8/site-packages/airflow/example_dags/plugins/event_listener.py for tasks to queue
[2026-05-17T04:26:12.570+0000] {logging_mixin.py:188} INFO - [2026-05-17T04:26:12.570+0000] {dagbag.py:538} INFO - Filling up the DagBag from /home/airflow/.local/lib/python3.8/site-packages/airflow/example_dags/plugins/event_listener.py
[2026-05-17T04:26:12.574+0000] {processor.py:842} WARNING - No viable dags retrieved from /home/airflow/.local/lib/python3.8/site-packages/airflow/example_dags/plugins/event_listener.py
[2026-05-17T04:26:12.598+0000] {processor.py:183} INFO - Processing /home/airflow/.local/lib/python3.8/site-packages/airflow/example_dags/plugins/event_listener.py took 0.036 seconds
[2026-05-17T04:26:43.125+0000] {processor.py:161} INFO - Started process (PID=8770) to work on /home/airflow/.local/lib/python3.8/site-packages/airflow/example_dags/plugins/event_listener.py
[2026-05-17T04:26:43.126+0000] {processor.py:830} INFO - Processing file /home/airflow/.local/lib/python3.8/site-packages/airflow/example_dags/plugins/event_listener.py for tasks to queue
[2026-05-17T04:26:43.129+0000] {logging_mixin.py:188} INFO - [2026-05-17T04:26:43.128+0000] {dagbag.py:538} INFO - Filling up the DagBag from /home/airflow/.local/lib/python3.8/site-packages/airflow/example_dags/plugins/event_listener.py
[2026-05-17T04:26:43.132+0000] {processor.py:842} WARNING - No viable dags retrieved from /home/airflow/.local/lib/python3.8/site-packages/airflow/example_dags/plugins/event_listener.py
[2026-05-17T04:26:43.156+0000] {processor.py:183} INFO - Processing /home/airflow/.local/lib/python3.8/site-packages/airflow/example_dags/plugins/event_listener.py took 0.036 seconds
[2026-05-17T04:27:13.973+0000] {processor.py:161} INFO - Started process (PID=8836) to work on /home/airflow/.local/lib/python3.8/site-packages/airflow/example_dags/plugins/event_listener.py
[2026-05-17T04:27:13.975+0000] {processor.py:830} INFO - Processing file /home/airflow/.local/lib/python3.8/site-packages/airflow/example_dags/plugins/event_listener.py for tasks to queue
[2026-05-17T04:27:13.978+0000] {logging_mixin.py:188} INFO - [2026-05-17T04:27:13.978+0000] {dagbag.py:538} INFO - Filling up the DagBag from /home/airflow/.local/lib/python3.8/site-packages/airflow/example_dags/plugins/event_listener.py
[2026-05-17T04:27:13.982+0000] {processor.py:842} WARNING - No viable dags retrieved from /home/airflow/.local/lib/python3.8/site-packages/airflow/example_dags/plugins/event_listener.py
[2026-05-17T04:27:14.009+0000] {processor.py:183} INFO - Processing /home/airflow/.local/lib/python3.8/site-packages/airflow/example_dags/plugins/event_listener.py took 0.043 seconds
[2026-05-17T04:27:44.544+0000] {processor.py:161} INFO - Started process (PID=8903) to work on /home/airflow/.local/lib/python3.8/site-packages/airflow/example_dags/plugins/event_listener.py
[2026-05-17T04:27:44.545+0000] {processor.py:830} INFO - Processing file /home/airflow/.local/lib/python3.8/site-packages/airflow/example_dags/plugins/event_listener.py for tasks to queue
[2026-05-17T04:27:44.548+0000] {logging_mixin.py:188} INFO - [2026-05-17T04:27:44.548+0000] {dagbag.py:538} INFO - Filling up the DagBag from /home/airflow/.local/lib/python3.8/site-packages/airflow/example_dags/plugins/event_listener.py
[2026-05-17T04:27:44.552+0000] {processor.py:842} WARNING - No viable dags retrieved from /home/airflow/.local/lib/python3.8/site-packages/airflow/example_dags/plugins/event_listener.py
[2026-05-17T04:27:44.577+0000] {processor.py:183} INFO - Processing /home/airflow/.local/lib/python3.8/site-packages/airflow/example_dags/plugins/event_listener.py took 0.039 seconds
[2026-05-17T04:28:14.912+0000] {processor.py:161} INFO - Started process (PID=8970) to work on /home/airflow/.local/lib/python3.8/site-packages/airflow/example_dags/plugins/event_listener.py
[2026-05-17T04:28:14.914+0000] {processor.py:830} INFO - Processing file /home/airflow/.local/lib/python3.8/site-packages/airflow/example_dags/plugins/event_listener.py for tasks to queue
[2026-05-17T04:28:14.917+0000] {logging_mixin.py:188} INFO - [2026-05-17T04:28:14.916+0000] {dagbag.py:538} INFO - Filling up the DagBag from /home/airflow/.local/lib/python3.8/site-packages/airflow/example_dags/plugins/event_listener.py
[2026-05-17T04:28:14.921+0000] {processor.py:842} WARNING - No viable dags retrieved from /home/airflow/.local/lib/python3.8/site-packages/airflow/example_dags/plugins/event_listener.py
[2026-05-17T04:28:14.945+0000] {processor.py:183} INFO - Processing /home/airflow/.local/lib/python3.8/site-packages/airflow/example_dags/plugins/event_listener.py took 0.038 seconds
[2026-05-17T04:28:45.983+0000] {processor.py:161} INFO - Started process (PID=9044) to work on /home/airflow/.local/lib/python3.8/site-packages/airflow/example_dags/plugins/event_listener.py
[2026-05-17T04:28:45.985+0000] {processor.py:830} INFO - Processing file /home/airflow/.local/lib/python3.8/site-packages/airflow/example_dags/plugins/event_listener.py for tasks to queue
[2026-05-17T04:28:45.988+0000] {logging_mixin.py:188} INFO - [2026-05-17T04:28:45.987+0000] {dagbag.py:538} INFO - Filling up the DagBag from /home/airflow/.local/lib/python3.8/site-packages/airflow/example_dags/plugins/event_listener.py
[2026-05-17T04:28:45.992+0000] {processor.py:842} WARNING - No viable dags retrieved from /home/airflow/.local/lib/python3.8/site-packages/airflow/example_dags/plugins/event_listener.py
[2026-05-17T04:28:46.021+0000] {processor.py:183} INFO - Processing /home/airflow/.local/lib/python3.8/site-packages/airflow/example_dags/plugins/event_listener.py took 0.044 seconds
[2026-05-17T04:29:16.442+0000] {processor.py:161} INFO - Started process (PID=9110) to work on /home/airflow/.local/lib/python3.8/site-packages/airflow/example_dags/plugins/event_listener.py
[2026-05-17T04:29:16.444+0000] {processor.py:830} INFO - Processing file /home/airflow/.local/lib/python3.8/site-packages/airflow/example_dags/plugins/event_listener.py for tasks to queue
[2026-05-17T04:29:16.447+0000] {logging_mixin.py:188} INFO - [2026-05-17T04:29:16.446+0000] {dagbag.py:538} INFO - Filling up the DagBag from /home/airflow/.local/lib/python3.8/site-packages/airflow/example_dags/plugins/event_listener.py
[2026-05-17T04:29:16.450+0000] {processor.py:842} WARNING - No viable dags retrieved from /home/airflow/.local/lib/python3.8/site-packages/airflow/example_dags/plugins/event_listener.py
[2026-05-17T04:29:16.477+0000] {processor.py:183} INFO - Processing /home/airflow/.local/lib/python3.8/site-packages/airflow/example_dags/plugins/event_listener.py took 0.040 seconds
[2026-05-17T04:29:47.137+0000] {processor.py:161} INFO - Started process (PID=9176) to work on /home/airflow/.local/lib/python3.8/site-packages/airflow/example_dags/plugins/event_listener.py
[2026-05-17T04:29:47.138+0000] {processor.py:830} INFO - Processing file /home/airflow/.local/lib/python3.8/site-packages/airflow/example_dags/plugins/event_listener.py for tasks to queue
[2026-05-17T04:29:47.141+0000] {logging_mixin.py:188} INFO - [2026-05-17T04:29:47.141+0000] {dagbag.py:538} INFO - Filling up the DagBag from /home/airflow/.local/lib/python3.8/site-packages/airflow/example_dags/plugins/event_listener.py
[2026-05-17T04:29:47.144+0000] {processor.py:842} WARNING - No viable dags retrieved from /home/airflow/.local/lib/python3.8/site-packages/airflow/example_dags/plugins/event_listener.py
[2026-05-17T04:29:47.176+0000] {processor.py:183} INFO - Processing /home/airflow/.local/lib/python3.8/site-packages/airflow/example_dags/plugins/event_listener.py took 0.044 seconds
[2026-05-17T04:30:17.882+0000] {processor.py:161} INFO - Started process (PID=9243) to work on /home/airflow/.local/lib/python3.8/site-packages/airflow/example_dags/plugins/event_listener.py
[2026-05-17T04:30:17.884+0000] {processor.py:830} INFO - Processing file /home/airflow/.local/lib/python3.8/site-packages/airflow/example_dags/plugins/event_listener.py for tasks to queue
[2026-05-17T04:30:17.887+0000] {logging_mixin.py:188} INFO - [2026-05-17T04:30:17.887+0000] {dagbag.py:538} INFO - Filling up the DagBag from /home/airflow/.local/lib/python3.8/site-packages/airflow/example_dags/plugins/event_listener.py
[2026-05-17T04:30:17.891+0000] {processor.py:842} WARNING - No viable dags retrieved from /home/airflow/.local/lib/python3.8/site-packages/airflow/example_dags/plugins/event_listener.py
[2026-05-17T04:30:17.920+0000] {processor.py:183} INFO - Processing /home/airflow/.local/lib/python3.8/site-packages/airflow/example_dags/plugins/event_listener.py took 0.044 seconds
[2026-05-17T04:30:48.200+0000] {processor.py:161} INFO - Started process (PID=9309) to work on /home/airflow/.local/lib/python3.8/site-packages/airflow/example_dags/plugins/event_listener.py
[2026-05-17T04:30:48.202+0000] {processor.py:830} INFO - Processing file /home/airflow/.local/lib/python3.8/site-packages/airflow/example_dags/plugins/event_listener.py for tasks to queue
[2026-05-17T04:30:48.204+0000] {logging_mixin.py:188} INFO - [2026-05-17T04:30:48.204+0000] {dagbag.py:538} INFO - Filling up the DagBag from /home/airflow/.local/lib/python3.8/site-packages/airflow/example_dags/plugins/event_listener.py
[2026-05-17T04:30:48.208+0000] {processor.py:842} WARNING - No viable dags retrieved from /home/airflow/.local/lib/python3.8/site-packages/airflow/example_dags/plugins/event_listener.py
[2026-05-17T04:30:48.233+0000] {processor.py:183} INFO - Processing /home/airflow/.local/lib/python3.8/site-packages/airflow/example_dags/plugins/event_listener.py took 0.039 seconds
[2026-05-17T04:31:18.852+0000] {processor.py:161} INFO - Started process (PID=9375) to work on /home/airflow/.local/lib/python3.8/site-packages/airflow/example_dags/plugins/event_listener.py
[2026-05-17T04:31:18.854+0000] {processor.py:830} INFO - Processing file /home/airflow/.local/lib/python3.8/site-packages/airflow/example_dags/plugins/event_listener.py for tasks to queue
[2026-05-17T04:31:18.857+0000] {logging_mixin.py:188} INFO - [2026-05-17T04:31:18.856+0000] {dagbag.py:538} INFO - Filling up the DagBag from /home/airflow/.local/lib/python3.8/site-packages/airflow/example_dags/plugins/event_listener.py
[2026-05-17T04:31:18.861+0000] {processor.py:842} WARNING - No viable dags retrieved from /home/airflow/.local/lib/python3.8/site-packages/airflow/example_dags/plugins/event_listener.py
[2026-05-17T04:31:18.888+0000] {processor.py:183} INFO - Processing /home/airflow/.local/lib/python3.8/site-packages/airflow/example_dags/plugins/event_listener.py took 0.042 seconds
