[2026-05-17T03:20:29.119+0000] {processor.py:161} INFO - Started process (PID=89) to work on /home/airflow/.local/lib/python3.8/site-packages/airflow/example_dags/example_complex.py
[2026-05-17T03:20:29.126+0000] {processor.py:830} INFO - Processing file /home/airflow/.local/lib/python3.8/site-packages/airflow/example_dags/example_complex.py for tasks to queue
[2026-05-17T03:20:29.138+0000] {logging_mixin.py:188} INFO - [2026-05-17T03:20:29.135+0000] {dagbag.py:538} INFO - Filling up the DagBag from /home/airflow/.local/lib/python3.8/site-packages/airflow/example_dags/example_complex.py
[2026-05-17T03:20:29.167+0000] {processor.py:840} INFO - DAG(s) 'example_complex' retrieved from /home/airflow/.local/lib/python3.8/site-packages/airflow/example_dags/example_complex.py
[2026-05-17T03:20:29.209+0000] {logging_mixin.py:188} INFO - [2026-05-17T03:20:29.209+0000] {dag.py:3036} INFO - Sync 1 DAGs
[2026-05-17T03:20:29.236+0000] {logging_mixin.py:188} INFO - [2026-05-17T03:20:29.236+0000] {dag.py:3823} INFO - Setting next_dagrun for example_complex to None, run_after=None
[2026-05-17T03:20:29.298+0000] {processor.py:183} INFO - Processing /home/airflow/.local/lib/python3.8/site-packages/airflow/example_dags/example_complex.py took 0.186 seconds
[2026-05-17T03:21:00.301+0000] {processor.py:161} INFO - Started process (PID=155) to work on /home/airflow/.local/lib/python3.8/site-packages/airflow/example_dags/example_complex.py
[2026-05-17T03:21:00.303+0000] {processor.py:830} INFO - Processing file /home/airflow/.local/lib/python3.8/site-packages/airflow/example_dags/example_complex.py for tasks to queue
[2026-05-17T03:21:00.305+0000] {logging_mixin.py:188} INFO - [2026-05-17T03:21:00.305+0000] {dagbag.py:538} INFO - Filling up the DagBag from /home/airflow/.local/lib/python3.8/site-packages/airflow/example_dags/example_complex.py
[2026-05-17T03:21:00.326+0000] {processor.py:840} INFO - DAG(s) 'example_complex' retrieved from /home/airflow/.local/lib/python3.8/site-packages/airflow/example_dags/example_complex.py
[2026-05-17T03:21:00.541+0000] {logging_mixin.py:188} INFO - [2026-05-17T03:21:00.541+0000] {dag.py:3036} INFO - Sync 1 DAGs
[2026-05-17T03:21:00.565+0000] {logging_mixin.py:188} INFO - [2026-05-17T03:21:00.565+0000] {dag.py:3823} INFO - Setting next_dagrun for example_complex to None, run_after=None
[2026-05-17T03:21:00.606+0000] {processor.py:183} INFO - Processing /home/airflow/.local/lib/python3.8/site-packages/airflow/example_dags/example_complex.py took 0.311 seconds
[2026-05-17T03:21:31.254+0000] {processor.py:161} INFO - Started process (PID=218) to work on /home/airflow/.local/lib/python3.8/site-packages/airflow/example_dags/example_complex.py
[2026-05-17T03:21:31.256+0000] {processor.py:830} INFO - Processing file /home/airflow/.local/lib/python3.8/site-packages/airflow/example_dags/example_complex.py for tasks to queue
[2026-05-17T03:21:31.258+0000] {logging_mixin.py:188} INFO - [2026-05-17T03:21:31.258+0000] {dagbag.py:538} INFO - Filling up the DagBag from /home/airflow/.local/lib/python3.8/site-packages/airflow/example_dags/example_complex.py
[2026-05-17T03:21:31.277+0000] {processor.py:840} INFO - DAG(s) 'example_complex' retrieved from /home/airflow/.local/lib/python3.8/site-packages/airflow/example_dags/example_complex.py
[2026-05-17T03:21:31.331+0000] {logging_mixin.py:188} INFO - [2026-05-17T03:21:31.331+0000] {dag.py:3036} INFO - Sync 1 DAGs
[2026-05-17T03:21:31.351+0000] {logging_mixin.py:188} INFO - [2026-05-17T03:21:31.350+0000] {dag.py:3823} INFO - Setting next_dagrun for example_complex to None, run_after=None
[2026-05-17T03:21:31.379+0000] {processor.py:183} INFO - Processing /home/airflow/.local/lib/python3.8/site-packages/airflow/example_dags/example_complex.py took 0.131 seconds
[2026-05-17T03:22:01.782+0000] {processor.py:161} INFO - Started process (PID=283) to work on /home/airflow/.local/lib/python3.8/site-packages/airflow/example_dags/example_complex.py
[2026-05-17T03:22:01.783+0000] {processor.py:830} INFO - Processing file /home/airflow/.local/lib/python3.8/site-packages/airflow/example_dags/example_complex.py for tasks to queue
[2026-05-17T03:22:01.786+0000] {logging_mixin.py:188} INFO - [2026-05-17T03:22:01.786+0000] {dagbag.py:538} INFO - Filling up the DagBag from /home/airflow/.local/lib/python3.8/site-packages/airflow/example_dags/example_complex.py
[2026-05-17T03:22:01.816+0000] {processor.py:840} INFO - DAG(s) 'example_complex' retrieved from /home/airflow/.local/lib/python3.8/site-packages/airflow/example_dags/example_complex.py
[2026-05-17T03:22:01.876+0000] {logging_mixin.py:188} INFO - [2026-05-17T03:22:01.876+0000] {dag.py:3036} INFO - Sync 1 DAGs
[2026-05-17T03:22:01.900+0000] {logging_mixin.py:188} INFO - [2026-05-17T03:22:01.900+0000] {dag.py:3823} INFO - Setting next_dagrun for example_complex to None, run_after=None
[2026-05-17T03:22:01.935+0000] {processor.py:183} INFO - Processing /home/airflow/.local/lib/python3.8/site-packages/airflow/example_dags/example_complex.py took 0.158 seconds
[2026-05-17T03:22:32.391+0000] {processor.py:161} INFO - Started process (PID=347) to work on /home/airflow/.local/lib/python3.8/site-packages/airflow/example_dags/example_complex.py
[2026-05-17T03:22:32.393+0000] {processor.py:830} INFO - Processing file /home/airflow/.local/lib/python3.8/site-packages/airflow/example_dags/example_complex.py for tasks to queue
[2026-05-17T03:22:32.397+0000] {logging_mixin.py:188} INFO - [2026-05-17T03:22:32.396+0000] {dagbag.py:538} INFO - Filling up the DagBag from /home/airflow/.local/lib/python3.8/site-packages/airflow/example_dags/example_complex.py
[2026-05-17T03:22:32.416+0000] {processor.py:840} INFO - DAG(s) 'example_complex' retrieved from /home/airflow/.local/lib/python3.8/site-packages/airflow/example_dags/example_complex.py
[2026-05-17T03:22:32.474+0000] {logging_mixin.py:188} INFO - [2026-05-17T03:22:32.473+0000] {dag.py:3036} INFO - Sync 1 DAGs
[2026-05-17T03:22:32.494+0000] {logging_mixin.py:188} INFO - [2026-05-17T03:22:32.494+0000] {dag.py:3823} INFO - Setting next_dagrun for example_complex to None, run_after=None
[2026-05-17T03:22:32.525+0000] {processor.py:183} INFO - Processing /home/airflow/.local/lib/python3.8/site-packages/airflow/example_dags/example_complex.py took 0.139 seconds
[2026-05-17T03:23:03.163+0000] {processor.py:161} INFO - Started process (PID=412) to work on /home/airflow/.local/lib/python3.8/site-packages/airflow/example_dags/example_complex.py
[2026-05-17T03:23:03.164+0000] {processor.py:830} INFO - Processing file /home/airflow/.local/lib/python3.8/site-packages/airflow/example_dags/example_complex.py for tasks to queue
[2026-05-17T03:23:03.167+0000] {logging_mixin.py:188} INFO - [2026-05-17T03:23:03.166+0000] {dagbag.py:538} INFO - Filling up the DagBag from /home/airflow/.local/lib/python3.8/site-packages/airflow/example_dags/example_complex.py
[2026-05-17T03:23:03.189+0000] {processor.py:840} INFO - DAG(s) 'example_complex' retrieved from /home/airflow/.local/lib/python3.8/site-packages/airflow/example_dags/example_complex.py
[2026-05-17T03:23:03.265+0000] {logging_mixin.py:188} INFO - [2026-05-17T03:23:03.265+0000] {dag.py:3036} INFO - Sync 1 DAGs
[2026-05-17T03:23:03.287+0000] {logging_mixin.py:188} INFO - [2026-05-17T03:23:03.286+0000] {dag.py:3823} INFO - Setting next_dagrun for example_complex to None, run_after=None
[2026-05-17T03:23:03.317+0000] {processor.py:183} INFO - Processing /home/airflow/.local/lib/python3.8/site-packages/airflow/example_dags/example_complex.py took 0.160 seconds
[2026-05-17T03:23:33.548+0000] {processor.py:161} INFO - Started process (PID=475) to work on /home/airflow/.local/lib/python3.8/site-packages/airflow/example_dags/example_complex.py
[2026-05-17T03:23:33.550+0000] {processor.py:830} INFO - Processing file /home/airflow/.local/lib/python3.8/site-packages/airflow/example_dags/example_complex.py for tasks to queue
[2026-05-17T03:23:33.553+0000] {logging_mixin.py:188} INFO - [2026-05-17T03:23:33.552+0000] {dagbag.py:538} INFO - Filling up the DagBag from /home/airflow/.local/lib/python3.8/site-packages/airflow/example_dags/example_complex.py
[2026-05-17T03:23:33.573+0000] {processor.py:840} INFO - DAG(s) 'example_complex' retrieved from /home/airflow/.local/lib/python3.8/site-packages/airflow/example_dags/example_complex.py
[2026-05-17T03:23:33.640+0000] {logging_mixin.py:188} INFO - [2026-05-17T03:23:33.640+0000] {dag.py:3036} INFO - Sync 1 DAGs
[2026-05-17T03:23:33.665+0000] {logging_mixin.py:188} INFO - [2026-05-17T03:23:33.664+0000] {dag.py:3823} INFO - Setting next_dagrun for example_complex to None, run_after=None
[2026-05-17T03:23:33.698+0000] {processor.py:183} INFO - Processing /home/airflow/.local/lib/python3.8/site-packages/airflow/example_dags/example_complex.py took 0.154 seconds
[2026-05-17T03:24:04.311+0000] {processor.py:161} INFO - Started process (PID=541) to work on /home/airflow/.local/lib/python3.8/site-packages/airflow/example_dags/example_complex.py
[2026-05-17T03:24:04.312+0000] {processor.py:830} INFO - Processing file /home/airflow/.local/lib/python3.8/site-packages/airflow/example_dags/example_complex.py for tasks to queue
[2026-05-17T03:24:04.315+0000] {logging_mixin.py:188} INFO - [2026-05-17T03:24:04.315+0000] {dagbag.py:538} INFO - Filling up the DagBag from /home/airflow/.local/lib/python3.8/site-packages/airflow/example_dags/example_complex.py
[2026-05-17T03:24:04.340+0000] {processor.py:840} INFO - DAG(s) 'example_complex' retrieved from /home/airflow/.local/lib/python3.8/site-packages/airflow/example_dags/example_complex.py
[2026-05-17T03:24:04.412+0000] {logging_mixin.py:188} INFO - [2026-05-17T03:24:04.411+0000] {dag.py:3036} INFO - Sync 1 DAGs
[2026-05-17T03:24:04.438+0000] {logging_mixin.py:188} INFO - [2026-05-17T03:24:04.437+0000] {dag.py:3823} INFO - Setting next_dagrun for example_complex to None, run_after=None
[2026-05-17T03:24:04.474+0000] {processor.py:183} INFO - Processing /home/airflow/.local/lib/python3.8/site-packages/airflow/example_dags/example_complex.py took 0.169 seconds
[2026-05-17T03:24:35.511+0000] {processor.py:161} INFO - Started process (PID=613) to work on /home/airflow/.local/lib/python3.8/site-packages/airflow/example_dags/example_complex.py
[2026-05-17T03:24:35.513+0000] {processor.py:830} INFO - Processing file /home/airflow/.local/lib/python3.8/site-packages/airflow/example_dags/example_complex.py for tasks to queue
[2026-05-17T03:24:35.517+0000] {logging_mixin.py:188} INFO - [2026-05-17T03:24:35.516+0000] {dagbag.py:538} INFO - Filling up the DagBag from /home/airflow/.local/lib/python3.8/site-packages/airflow/example_dags/example_complex.py
[2026-05-17T03:24:35.541+0000] {processor.py:840} INFO - DAG(s) 'example_complex' retrieved from /home/airflow/.local/lib/python3.8/site-packages/airflow/example_dags/example_complex.py
[2026-05-17T03:24:35.566+0000] {logging_mixin.py:188} INFO - [2026-05-17T03:24:35.565+0000] {dag.py:3036} INFO - Sync 1 DAGs
[2026-05-17T03:24:35.590+0000] {logging_mixin.py:188} INFO - [2026-05-17T03:24:35.590+0000] {dag.py:3823} INFO - Setting next_dagrun for example_complex to None, run_after=None
[2026-05-17T03:24:35.625+0000] {processor.py:183} INFO - Processing /home/airflow/.local/lib/python3.8/site-packages/airflow/example_dags/example_complex.py took 0.119 seconds
[2026-05-17T03:25:05.982+0000] {processor.py:161} INFO - Started process (PID=678) to work on /home/airflow/.local/lib/python3.8/site-packages/airflow/example_dags/example_complex.py
[2026-05-17T03:25:05.983+0000] {processor.py:830} INFO - Processing file /home/airflow/.local/lib/python3.8/site-packages/airflow/example_dags/example_complex.py for tasks to queue
[2026-05-17T03:25:05.986+0000] {logging_mixin.py:188} INFO - [2026-05-17T03:25:05.986+0000] {dagbag.py:538} INFO - Filling up the DagBag from /home/airflow/.local/lib/python3.8/site-packages/airflow/example_dags/example_complex.py
[2026-05-17T03:25:06.011+0000] {processor.py:840} INFO - DAG(s) 'example_complex' retrieved from /home/airflow/.local/lib/python3.8/site-packages/airflow/example_dags/example_complex.py
[2026-05-17T03:25:06.255+0000] {logging_mixin.py:188} INFO - [2026-05-17T03:25:06.254+0000] {dag.py:3036} INFO - Sync 1 DAGs
[2026-05-17T03:25:06.278+0000] {logging_mixin.py:188} INFO - [2026-05-17T03:25:06.277+0000] {dag.py:3823} INFO - Setting next_dagrun for example_complex to None, run_after=None
[2026-05-17T03:25:06.319+0000] {processor.py:183} INFO - Processing /home/airflow/.local/lib/python3.8/site-packages/airflow/example_dags/example_complex.py took 0.343 seconds
[2026-05-17T03:25:36.937+0000] {processor.py:161} INFO - Started process (PID=742) to work on /home/airflow/.local/lib/python3.8/site-packages/airflow/example_dags/example_complex.py
[2026-05-17T03:25:36.939+0000] {processor.py:830} INFO - Processing file /home/airflow/.local/lib/python3.8/site-packages/airflow/example_dags/example_complex.py for tasks to queue
[2026-05-17T03:25:36.943+0000] {logging_mixin.py:188} INFO - [2026-05-17T03:25:36.942+0000] {dagbag.py:538} INFO - Filling up the DagBag from /home/airflow/.local/lib/python3.8/site-packages/airflow/example_dags/example_complex.py
[2026-05-17T03:25:36.981+0000] {processor.py:840} INFO - DAG(s) 'example_complex' retrieved from /home/airflow/.local/lib/python3.8/site-packages/airflow/example_dags/example_complex.py
[2026-05-17T03:25:37.081+0000] {logging_mixin.py:188} INFO - [2026-05-17T03:25:37.081+0000] {dag.py:3036} INFO - Sync 1 DAGs
[2026-05-17T03:25:37.106+0000] {logging_mixin.py:188} INFO - [2026-05-17T03:25:37.106+0000] {dag.py:3823} INFO - Setting next_dagrun for example_complex to None, run_after=None
[2026-05-17T03:25:37.138+0000] {processor.py:183} INFO - Processing /home/airflow/.local/lib/python3.8/site-packages/airflow/example_dags/example_complex.py took 0.217 seconds
[2026-05-17T03:26:07.850+0000] {processor.py:161} INFO - Started process (PID=807) to work on /home/airflow/.local/lib/python3.8/site-packages/airflow/example_dags/example_complex.py
[2026-05-17T03:26:07.851+0000] {processor.py:830} INFO - Processing file /home/airflow/.local/lib/python3.8/site-packages/airflow/example_dags/example_complex.py for tasks to queue
[2026-05-17T03:26:07.855+0000] {logging_mixin.py:188} INFO - [2026-05-17T03:26:07.854+0000] {dagbag.py:538} INFO - Filling up the DagBag from /home/airflow/.local/lib/python3.8/site-packages/airflow/example_dags/example_complex.py
[2026-05-17T03:26:07.877+0000] {processor.py:840} INFO - DAG(s) 'example_complex' retrieved from /home/airflow/.local/lib/python3.8/site-packages/airflow/example_dags/example_complex.py
[2026-05-17T03:26:07.941+0000] {logging_mixin.py:188} INFO - [2026-05-17T03:26:07.940+0000] {dag.py:3036} INFO - Sync 1 DAGs
[2026-05-17T03:26:07.962+0000] {logging_mixin.py:188} INFO - [2026-05-17T03:26:07.962+0000] {dag.py:3823} INFO - Setting next_dagrun for example_complex to None, run_after=None
[2026-05-17T03:26:07.999+0000] {processor.py:183} INFO - Processing /home/airflow/.local/lib/python3.8/site-packages/airflow/example_dags/example_complex.py took 0.154 seconds
[2026-05-17T03:26:38.592+0000] {processor.py:161} INFO - Started process (PID=873) to work on /home/airflow/.local/lib/python3.8/site-packages/airflow/example_dags/example_complex.py
[2026-05-17T03:26:38.594+0000] {processor.py:830} INFO - Processing file /home/airflow/.local/lib/python3.8/site-packages/airflow/example_dags/example_complex.py for tasks to queue
[2026-05-17T03:26:38.598+0000] {logging_mixin.py:188} INFO - [2026-05-17T03:26:38.597+0000] {dagbag.py:538} INFO - Filling up the DagBag from /home/airflow/.local/lib/python3.8/site-packages/airflow/example_dags/example_complex.py
[2026-05-17T03:26:38.623+0000] {processor.py:840} INFO - DAG(s) 'example_complex' retrieved from /home/airflow/.local/lib/python3.8/site-packages/airflow/example_dags/example_complex.py
[2026-05-17T03:26:38.693+0000] {logging_mixin.py:188} INFO - [2026-05-17T03:26:38.693+0000] {dag.py:3036} INFO - Sync 1 DAGs
[2026-05-17T03:26:38.720+0000] {logging_mixin.py:188} INFO - [2026-05-17T03:26:38.720+0000] {dag.py:3823} INFO - Setting next_dagrun for example_complex to None, run_after=None
[2026-05-17T03:26:38.754+0000] {processor.py:183} INFO - Processing /home/airflow/.local/lib/python3.8/site-packages/airflow/example_dags/example_complex.py took 0.168 seconds
[2026-05-17T03:27:08.801+0000] {processor.py:161} INFO - Started process (PID=937) to work on /home/airflow/.local/lib/python3.8/site-packages/airflow/example_dags/example_complex.py
[2026-05-17T03:27:08.802+0000] {processor.py:830} INFO - Processing file /home/airflow/.local/lib/python3.8/site-packages/airflow/example_dags/example_complex.py for tasks to queue
[2026-05-17T03:27:08.805+0000] {logging_mixin.py:188} INFO - [2026-05-17T03:27:08.804+0000] {dagbag.py:538} INFO - Filling up the DagBag from /home/airflow/.local/lib/python3.8/site-packages/airflow/example_dags/example_complex.py
[2026-05-17T03:27:08.824+0000] {processor.py:840} INFO - DAG(s) 'example_complex' retrieved from /home/airflow/.local/lib/python3.8/site-packages/airflow/example_dags/example_complex.py
[2026-05-17T03:27:08.882+0000] {logging_mixin.py:188} INFO - [2026-05-17T03:27:08.882+0000] {dag.py:3036} INFO - Sync 1 DAGs
[2026-05-17T03:27:08.911+0000] {logging_mixin.py:188} INFO - [2026-05-17T03:27:08.911+0000] {dag.py:3823} INFO - Setting next_dagrun for example_complex to None, run_after=None
[2026-05-17T03:27:08.946+0000] {processor.py:183} INFO - Processing /home/airflow/.local/lib/python3.8/site-packages/airflow/example_dags/example_complex.py took 0.150 seconds
[2026-05-17T03:27:39.178+0000] {processor.py:161} INFO - Started process (PID=1002) to work on /home/airflow/.local/lib/python3.8/site-packages/airflow/example_dags/example_complex.py
[2026-05-17T03:27:39.180+0000] {processor.py:830} INFO - Processing file /home/airflow/.local/lib/python3.8/site-packages/airflow/example_dags/example_complex.py for tasks to queue
[2026-05-17T03:27:39.183+0000] {logging_mixin.py:188} INFO - [2026-05-17T03:27:39.182+0000] {dagbag.py:538} INFO - Filling up the DagBag from /home/airflow/.local/lib/python3.8/site-packages/airflow/example_dags/example_complex.py
[2026-05-17T03:27:39.202+0000] {processor.py:840} INFO - DAG(s) 'example_complex' retrieved from /home/airflow/.local/lib/python3.8/site-packages/airflow/example_dags/example_complex.py
[2026-05-17T03:27:39.263+0000] {logging_mixin.py:188} INFO - [2026-05-17T03:27:39.263+0000] {dag.py:3036} INFO - Sync 1 DAGs
[2026-05-17T03:27:39.283+0000] {logging_mixin.py:188} INFO - [2026-05-17T03:27:39.283+0000] {dag.py:3823} INFO - Setting next_dagrun for example_complex to None, run_after=None
[2026-05-17T03:27:39.314+0000] {processor.py:183} INFO - Processing /home/airflow/.local/lib/python3.8/site-packages/airflow/example_dags/example_complex.py took 0.141 seconds
[2026-05-17T03:28:09.981+0000] {processor.py:161} INFO - Started process (PID=1067) to work on /home/airflow/.local/lib/python3.8/site-packages/airflow/example_dags/example_complex.py
[2026-05-17T03:28:09.983+0000] {processor.py:830} INFO - Processing file /home/airflow/.local/lib/python3.8/site-packages/airflow/example_dags/example_complex.py for tasks to queue
[2026-05-17T03:28:09.986+0000] {logging_mixin.py:188} INFO - [2026-05-17T03:28:09.986+0000] {dagbag.py:538} INFO - Filling up the DagBag from /home/airflow/.local/lib/python3.8/site-packages/airflow/example_dags/example_complex.py
[2026-05-17T03:28:10.004+0000] {processor.py:840} INFO - DAG(s) 'example_complex' retrieved from /home/airflow/.local/lib/python3.8/site-packages/airflow/example_dags/example_complex.py
[2026-05-17T03:28:10.063+0000] {logging_mixin.py:188} INFO - [2026-05-17T03:28:10.062+0000] {dag.py:3036} INFO - Sync 1 DAGs
[2026-05-17T03:28:10.082+0000] {logging_mixin.py:188} INFO - [2026-05-17T03:28:10.081+0000] {dag.py:3823} INFO - Setting next_dagrun for example_complex to None, run_after=None
[2026-05-17T03:28:10.109+0000] {processor.py:183} INFO - Processing /home/airflow/.local/lib/python3.8/site-packages/airflow/example_dags/example_complex.py took 0.133 seconds
[2026-05-17T03:28:40.227+0000] {processor.py:161} INFO - Started process (PID=1131) to work on /home/airflow/.local/lib/python3.8/site-packages/airflow/example_dags/example_complex.py
[2026-05-17T03:28:40.228+0000] {processor.py:830} INFO - Processing file /home/airflow/.local/lib/python3.8/site-packages/airflow/example_dags/example_complex.py for tasks to queue
[2026-05-17T03:28:40.230+0000] {logging_mixin.py:188} INFO - [2026-05-17T03:28:40.230+0000] {dagbag.py:538} INFO - Filling up the DagBag from /home/airflow/.local/lib/python3.8/site-packages/airflow/example_dags/example_complex.py
[2026-05-17T03:28:40.248+0000] {processor.py:840} INFO - DAG(s) 'example_complex' retrieved from /home/airflow/.local/lib/python3.8/site-packages/airflow/example_dags/example_complex.py
[2026-05-17T03:28:40.302+0000] {logging_mixin.py:188} INFO - [2026-05-17T03:28:40.302+0000] {dag.py:3036} INFO - Sync 1 DAGs
[2026-05-17T03:28:40.321+0000] {logging_mixin.py:188} INFO - [2026-05-17T03:28:40.321+0000] {dag.py:3823} INFO - Setting next_dagrun for example_complex to None, run_after=None
[2026-05-17T03:28:40.349+0000] {processor.py:183} INFO - Processing /home/airflow/.local/lib/python3.8/site-packages/airflow/example_dags/example_complex.py took 0.127 seconds
[2026-05-17T03:29:10.619+0000] {processor.py:161} INFO - Started process (PID=1197) to work on /home/airflow/.local/lib/python3.8/site-packages/airflow/example_dags/example_complex.py
[2026-05-17T03:29:10.621+0000] {processor.py:830} INFO - Processing file /home/airflow/.local/lib/python3.8/site-packages/airflow/example_dags/example_complex.py for tasks to queue
[2026-05-17T03:29:10.624+0000] {logging_mixin.py:188} INFO - [2026-05-17T03:29:10.623+0000] {dagbag.py:538} INFO - Filling up the DagBag from /home/airflow/.local/lib/python3.8/site-packages/airflow/example_dags/example_complex.py
[2026-05-17T03:29:10.645+0000] {processor.py:840} INFO - DAG(s) 'example_complex' retrieved from /home/airflow/.local/lib/python3.8/site-packages/airflow/example_dags/example_complex.py
[2026-05-17T03:29:10.704+0000] {logging_mixin.py:188} INFO - [2026-05-17T03:29:10.704+0000] {dag.py:3036} INFO - Sync 1 DAGs
[2026-05-17T03:29:10.727+0000] {logging_mixin.py:188} INFO - [2026-05-17T03:29:10.727+0000] {dag.py:3823} INFO - Setting next_dagrun for example_complex to None, run_after=None
[2026-05-17T03:29:10.758+0000] {processor.py:183} INFO - Processing /home/airflow/.local/lib/python3.8/site-packages/airflow/example_dags/example_complex.py took 0.143 seconds
[2026-05-17T03:29:40.899+0000] {processor.py:161} INFO - Started process (PID=1270) to work on /home/airflow/.local/lib/python3.8/site-packages/airflow/example_dags/example_complex.py
[2026-05-17T03:29:40.901+0000] {processor.py:830} INFO - Processing file /home/airflow/.local/lib/python3.8/site-packages/airflow/example_dags/example_complex.py for tasks to queue
[2026-05-17T03:29:40.903+0000] {logging_mixin.py:188} INFO - [2026-05-17T03:29:40.903+0000] {dagbag.py:538} INFO - Filling up the DagBag from /home/airflow/.local/lib/python3.8/site-packages/airflow/example_dags/example_complex.py
[2026-05-17T03:29:40.923+0000] {processor.py:840} INFO - DAG(s) 'example_complex' retrieved from /home/airflow/.local/lib/python3.8/site-packages/airflow/example_dags/example_complex.py
[2026-05-17T03:29:40.987+0000] {logging_mixin.py:188} INFO - [2026-05-17T03:29:40.987+0000] {dag.py:3036} INFO - Sync 1 DAGs
[2026-05-17T03:29:41.011+0000] {logging_mixin.py:188} INFO - [2026-05-17T03:29:41.011+0000] {dag.py:3823} INFO - Setting next_dagrun for example_complex to None, run_after=None
[2026-05-17T03:29:41.042+0000] {processor.py:183} INFO - Processing /home/airflow/.local/lib/python3.8/site-packages/airflow/example_dags/example_complex.py took 0.147 seconds
[2026-05-17T03:30:11.459+0000] {processor.py:161} INFO - Started process (PID=1336) to work on /home/airflow/.local/lib/python3.8/site-packages/airflow/example_dags/example_complex.py
[2026-05-17T03:30:11.461+0000] {processor.py:830} INFO - Processing file /home/airflow/.local/lib/python3.8/site-packages/airflow/example_dags/example_complex.py for tasks to queue
[2026-05-17T03:30:11.464+0000] {logging_mixin.py:188} INFO - [2026-05-17T03:30:11.464+0000] {dagbag.py:538} INFO - Filling up the DagBag from /home/airflow/.local/lib/python3.8/site-packages/airflow/example_dags/example_complex.py
[2026-05-17T03:30:11.489+0000] {processor.py:840} INFO - DAG(s) 'example_complex' retrieved from /home/airflow/.local/lib/python3.8/site-packages/airflow/example_dags/example_complex.py
[2026-05-17T03:30:11.560+0000] {logging_mixin.py:188} INFO - [2026-05-17T03:30:11.560+0000] {dag.py:3036} INFO - Sync 1 DAGs
[2026-05-17T03:30:11.589+0000] {logging_mixin.py:188} INFO - [2026-05-17T03:30:11.588+0000] {dag.py:3823} INFO - Setting next_dagrun for example_complex to None, run_after=None
[2026-05-17T03:30:11.626+0000] {processor.py:183} INFO - Processing /home/airflow/.local/lib/python3.8/site-packages/airflow/example_dags/example_complex.py took 0.174 seconds
[2026-05-17T03:30:41.722+0000] {processor.py:161} INFO - Started process (PID=1402) to work on /home/airflow/.local/lib/python3.8/site-packages/airflow/example_dags/example_complex.py
[2026-05-17T03:30:41.723+0000] {processor.py:830} INFO - Processing file /home/airflow/.local/lib/python3.8/site-packages/airflow/example_dags/example_complex.py for tasks to queue
[2026-05-17T03:30:41.726+0000] {logging_mixin.py:188} INFO - [2026-05-17T03:30:41.726+0000] {dagbag.py:538} INFO - Filling up the DagBag from /home/airflow/.local/lib/python3.8/site-packages/airflow/example_dags/example_complex.py
[2026-05-17T03:30:41.752+0000] {processor.py:840} INFO - DAG(s) 'example_complex' retrieved from /home/airflow/.local/lib/python3.8/site-packages/airflow/example_dags/example_complex.py
[2026-05-17T03:30:41.822+0000] {logging_mixin.py:188} INFO - [2026-05-17T03:30:41.822+0000] {dag.py:3036} INFO - Sync 1 DAGs
[2026-05-17T03:30:41.847+0000] {logging_mixin.py:188} INFO - [2026-05-17T03:30:41.846+0000] {dag.py:3823} INFO - Setting next_dagrun for example_complex to None, run_after=None
[2026-05-17T03:30:41.880+0000] {processor.py:183} INFO - Processing /home/airflow/.local/lib/python3.8/site-packages/airflow/example_dags/example_complex.py took 0.164 seconds
[2026-05-17T03:31:12.423+0000] {processor.py:161} INFO - Started process (PID=1469) to work on /home/airflow/.local/lib/python3.8/site-packages/airflow/example_dags/example_complex.py
[2026-05-17T03:31:12.425+0000] {processor.py:830} INFO - Processing file /home/airflow/.local/lib/python3.8/site-packages/airflow/example_dags/example_complex.py for tasks to queue
[2026-05-17T03:31:12.428+0000] {logging_mixin.py:188} INFO - [2026-05-17T03:31:12.428+0000] {dagbag.py:538} INFO - Filling up the DagBag from /home/airflow/.local/lib/python3.8/site-packages/airflow/example_dags/example_complex.py
[2026-05-17T03:31:12.453+0000] {processor.py:840} INFO - DAG(s) 'example_complex' retrieved from /home/airflow/.local/lib/python3.8/site-packages/airflow/example_dags/example_complex.py
[2026-05-17T03:31:12.529+0000] {logging_mixin.py:188} INFO - [2026-05-17T03:31:12.528+0000] {dag.py:3036} INFO - Sync 1 DAGs
[2026-05-17T03:31:12.556+0000] {logging_mixin.py:188} INFO - [2026-05-17T03:31:12.556+0000] {dag.py:3823} INFO - Setting next_dagrun for example_complex to None, run_after=None
[2026-05-17T03:31:12.597+0000] {processor.py:183} INFO - Processing /home/airflow/.local/lib/python3.8/site-packages/airflow/example_dags/example_complex.py took 0.179 seconds
[2026-05-17T03:31:43.060+0000] {processor.py:161} INFO - Started process (PID=1535) to work on /home/airflow/.local/lib/python3.8/site-packages/airflow/example_dags/example_complex.py
[2026-05-17T03:31:43.062+0000] {processor.py:830} INFO - Processing file /home/airflow/.local/lib/python3.8/site-packages/airflow/example_dags/example_complex.py for tasks to queue
[2026-05-17T03:31:43.064+0000] {logging_mixin.py:188} INFO - [2026-05-17T03:31:43.064+0000] {dagbag.py:538} INFO - Filling up the DagBag from /home/airflow/.local/lib/python3.8/site-packages/airflow/example_dags/example_complex.py
[2026-05-17T03:31:43.085+0000] {processor.py:840} INFO - DAG(s) 'example_complex' retrieved from /home/airflow/.local/lib/python3.8/site-packages/airflow/example_dags/example_complex.py
[2026-05-17T03:31:43.142+0000] {logging_mixin.py:188} INFO - [2026-05-17T03:31:43.141+0000] {dag.py:3036} INFO - Sync 1 DAGs
[2026-05-17T03:31:43.165+0000] {logging_mixin.py:188} INFO - [2026-05-17T03:31:43.164+0000] {dag.py:3823} INFO - Setting next_dagrun for example_complex to None, run_after=None
[2026-05-17T03:31:43.192+0000] {processor.py:183} INFO - Processing /home/airflow/.local/lib/python3.8/site-packages/airflow/example_dags/example_complex.py took 0.137 seconds
[2026-05-17T03:32:13.533+0000] {processor.py:161} INFO - Started process (PID=1600) to work on /home/airflow/.local/lib/python3.8/site-packages/airflow/example_dags/example_complex.py
[2026-05-17T03:32:13.535+0000] {processor.py:830} INFO - Processing file /home/airflow/.local/lib/python3.8/site-packages/airflow/example_dags/example_complex.py for tasks to queue
[2026-05-17T03:32:13.537+0000] {logging_mixin.py:188} INFO - [2026-05-17T03:32:13.536+0000] {dagbag.py:538} INFO - Filling up the DagBag from /home/airflow/.local/lib/python3.8/site-packages/airflow/example_dags/example_complex.py
[2026-05-17T03:32:13.555+0000] {processor.py:840} INFO - DAG(s) 'example_complex' retrieved from /home/airflow/.local/lib/python3.8/site-packages/airflow/example_dags/example_complex.py
[2026-05-17T03:32:13.612+0000] {logging_mixin.py:188} INFO - [2026-05-17T03:32:13.611+0000] {dag.py:3036} INFO - Sync 1 DAGs
[2026-05-17T03:32:13.633+0000] {logging_mixin.py:188} INFO - [2026-05-17T03:32:13.632+0000] {dag.py:3823} INFO - Setting next_dagrun for example_complex to None, run_after=None
[2026-05-17T03:32:13.663+0000] {processor.py:183} INFO - Processing /home/airflow/.local/lib/python3.8/site-packages/airflow/example_dags/example_complex.py took 0.134 seconds
[2026-05-17T03:32:43.970+0000] {processor.py:161} INFO - Started process (PID=1664) to work on /home/airflow/.local/lib/python3.8/site-packages/airflow/example_dags/example_complex.py
[2026-05-17T03:32:43.973+0000] {processor.py:830} INFO - Processing file /home/airflow/.local/lib/python3.8/site-packages/airflow/example_dags/example_complex.py for tasks to queue
[2026-05-17T03:32:43.975+0000] {logging_mixin.py:188} INFO - [2026-05-17T03:32:43.975+0000] {dagbag.py:538} INFO - Filling up the DagBag from /home/airflow/.local/lib/python3.8/site-packages/airflow/example_dags/example_complex.py
[2026-05-17T03:32:43.996+0000] {processor.py:840} INFO - DAG(s) 'example_complex' retrieved from /home/airflow/.local/lib/python3.8/site-packages/airflow/example_dags/example_complex.py
[2026-05-17T03:32:44.058+0000] {logging_mixin.py:188} INFO - [2026-05-17T03:32:44.058+0000] {dag.py:3036} INFO - Sync 1 DAGs
[2026-05-17T03:32:44.079+0000] {logging_mixin.py:188} INFO - [2026-05-17T03:32:44.079+0000] {dag.py:3823} INFO - Setting next_dagrun for example_complex to None, run_after=None
[2026-05-17T03:32:44.109+0000] {processor.py:183} INFO - Processing /home/airflow/.local/lib/python3.8/site-packages/airflow/example_dags/example_complex.py took 0.144 seconds
[2026-05-17T03:33:14.297+0000] {processor.py:161} INFO - Started process (PID=1728) to work on /home/airflow/.local/lib/python3.8/site-packages/airflow/example_dags/example_complex.py
[2026-05-17T03:33:14.298+0000] {processor.py:830} INFO - Processing file /home/airflow/.local/lib/python3.8/site-packages/airflow/example_dags/example_complex.py for tasks to queue
[2026-05-17T03:33:14.301+0000] {logging_mixin.py:188} INFO - [2026-05-17T03:33:14.300+0000] {dagbag.py:538} INFO - Filling up the DagBag from /home/airflow/.local/lib/python3.8/site-packages/airflow/example_dags/example_complex.py
[2026-05-17T03:33:14.320+0000] {processor.py:840} INFO - DAG(s) 'example_complex' retrieved from /home/airflow/.local/lib/python3.8/site-packages/airflow/example_dags/example_complex.py
[2026-05-17T03:33:14.374+0000] {logging_mixin.py:188} INFO - [2026-05-17T03:33:14.374+0000] {dag.py:3036} INFO - Sync 1 DAGs
[2026-05-17T03:33:14.393+0000] {logging_mixin.py:188} INFO - [2026-05-17T03:33:14.393+0000] {dag.py:3823} INFO - Setting next_dagrun for example_complex to None, run_after=None
[2026-05-17T03:33:14.420+0000] {processor.py:183} INFO - Processing /home/airflow/.local/lib/python3.8/site-packages/airflow/example_dags/example_complex.py took 0.128 seconds
[2026-05-17T03:33:44.522+0000] {processor.py:161} INFO - Started process (PID=1793) to work on /home/airflow/.local/lib/python3.8/site-packages/airflow/example_dags/example_complex.py
[2026-05-17T03:33:44.524+0000] {processor.py:830} INFO - Processing file /home/airflow/.local/lib/python3.8/site-packages/airflow/example_dags/example_complex.py for tasks to queue
[2026-05-17T03:33:44.526+0000] {logging_mixin.py:188} INFO - [2026-05-17T03:33:44.526+0000] {dagbag.py:538} INFO - Filling up the DagBag from /home/airflow/.local/lib/python3.8/site-packages/airflow/example_dags/example_complex.py
[2026-05-17T03:33:44.546+0000] {processor.py:840} INFO - DAG(s) 'example_complex' retrieved from /home/airflow/.local/lib/python3.8/site-packages/airflow/example_dags/example_complex.py
[2026-05-17T03:33:44.600+0000] {logging_mixin.py:188} INFO - [2026-05-17T03:33:44.599+0000] {dag.py:3036} INFO - Sync 1 DAGs
[2026-05-17T03:33:44.619+0000] {logging_mixin.py:188} INFO - [2026-05-17T03:33:44.618+0000] {dag.py:3823} INFO - Setting next_dagrun for example_complex to None, run_after=None
[2026-05-17T03:33:44.647+0000] {processor.py:183} INFO - Processing /home/airflow/.local/lib/python3.8/site-packages/airflow/example_dags/example_complex.py took 0.130 seconds
[2026-05-17T03:34:14.926+0000] {processor.py:161} INFO - Started process (PID=1858) to work on /home/airflow/.local/lib/python3.8/site-packages/airflow/example_dags/example_complex.py
[2026-05-17T03:34:14.927+0000] {processor.py:830} INFO - Processing file /home/airflow/.local/lib/python3.8/site-packages/airflow/example_dags/example_complex.py for tasks to queue
[2026-05-17T03:34:14.929+0000] {logging_mixin.py:188} INFO - [2026-05-17T03:34:14.929+0000] {dagbag.py:538} INFO - Filling up the DagBag from /home/airflow/.local/lib/python3.8/site-packages/airflow/example_dags/example_complex.py
[2026-05-17T03:34:14.949+0000] {processor.py:840} INFO - DAG(s) 'example_complex' retrieved from /home/airflow/.local/lib/python3.8/site-packages/airflow/example_dags/example_complex.py
[2026-05-17T03:34:15.004+0000] {logging_mixin.py:188} INFO - [2026-05-17T03:34:15.003+0000] {dag.py:3036} INFO - Sync 1 DAGs
[2026-05-17T03:34:15.022+0000] {logging_mixin.py:188} INFO - [2026-05-17T03:34:15.022+0000] {dag.py:3823} INFO - Setting next_dagrun for example_complex to None, run_after=None
[2026-05-17T03:34:15.049+0000] {processor.py:183} INFO - Processing /home/airflow/.local/lib/python3.8/site-packages/airflow/example_dags/example_complex.py took 0.129 seconds
[2026-05-17T03:34:45.305+0000] {processor.py:161} INFO - Started process (PID=1923) to work on /home/airflow/.local/lib/python3.8/site-packages/airflow/example_dags/example_complex.py
[2026-05-17T03:34:45.307+0000] {processor.py:830} INFO - Processing file /home/airflow/.local/lib/python3.8/site-packages/airflow/example_dags/example_complex.py for tasks to queue
[2026-05-17T03:34:45.310+0000] {logging_mixin.py:188} INFO - [2026-05-17T03:34:45.310+0000] {dagbag.py:538} INFO - Filling up the DagBag from /home/airflow/.local/lib/python3.8/site-packages/airflow/example_dags/example_complex.py
[2026-05-17T03:34:45.330+0000] {processor.py:840} INFO - DAG(s) 'example_complex' retrieved from /home/airflow/.local/lib/python3.8/site-packages/airflow/example_dags/example_complex.py
[2026-05-17T03:34:45.399+0000] {logging_mixin.py:188} INFO - [2026-05-17T03:34:45.398+0000] {dag.py:3036} INFO - Sync 1 DAGs
[2026-05-17T03:34:45.423+0000] {logging_mixin.py:188} INFO - [2026-05-17T03:34:45.422+0000] {dag.py:3823} INFO - Setting next_dagrun for example_complex to None, run_after=None
[2026-05-17T03:34:45.456+0000] {processor.py:183} INFO - Processing /home/airflow/.local/lib/python3.8/site-packages/airflow/example_dags/example_complex.py took 0.156 seconds
[2026-05-17T03:35:15.620+0000] {processor.py:161} INFO - Started process (PID=1988) to work on /home/airflow/.local/lib/python3.8/site-packages/airflow/example_dags/example_complex.py
[2026-05-17T03:35:15.622+0000] {processor.py:830} INFO - Processing file /home/airflow/.local/lib/python3.8/site-packages/airflow/example_dags/example_complex.py for tasks to queue
[2026-05-17T03:35:15.625+0000] {logging_mixin.py:188} INFO - [2026-05-17T03:35:15.625+0000] {dagbag.py:538} INFO - Filling up the DagBag from /home/airflow/.local/lib/python3.8/site-packages/airflow/example_dags/example_complex.py
[2026-05-17T03:35:15.651+0000] {processor.py:840} INFO - DAG(s) 'example_complex' retrieved from /home/airflow/.local/lib/python3.8/site-packages/airflow/example_dags/example_complex.py
[2026-05-17T03:35:15.743+0000] {logging_mixin.py:188} INFO - [2026-05-17T03:35:15.742+0000] {dag.py:3036} INFO - Sync 1 DAGs
[2026-05-17T03:35:15.766+0000] {logging_mixin.py:188} INFO - [2026-05-17T03:35:15.766+0000] {dag.py:3823} INFO - Setting next_dagrun for example_complex to None, run_after=None
[2026-05-17T03:35:15.804+0000] {processor.py:183} INFO - Processing /home/airflow/.local/lib/python3.8/site-packages/airflow/example_dags/example_complex.py took 0.189 seconds
[2026-05-17T03:35:46.225+0000] {processor.py:161} INFO - Started process (PID=2054) to work on /home/airflow/.local/lib/python3.8/site-packages/airflow/example_dags/example_complex.py
[2026-05-17T03:35:46.228+0000] {processor.py:830} INFO - Processing file /home/airflow/.local/lib/python3.8/site-packages/airflow/example_dags/example_complex.py for tasks to queue
[2026-05-17T03:35:46.231+0000] {logging_mixin.py:188} INFO - [2026-05-17T03:35:46.230+0000] {dagbag.py:538} INFO - Filling up the DagBag from /home/airflow/.local/lib/python3.8/site-packages/airflow/example_dags/example_complex.py
[2026-05-17T03:35:46.256+0000] {processor.py:840} INFO - DAG(s) 'example_complex' retrieved from /home/airflow/.local/lib/python3.8/site-packages/airflow/example_dags/example_complex.py
[2026-05-17T03:35:46.325+0000] {logging_mixin.py:188} INFO - [2026-05-17T03:35:46.325+0000] {dag.py:3036} INFO - Sync 1 DAGs
[2026-05-17T03:35:46.351+0000] {logging_mixin.py:188} INFO - [2026-05-17T03:35:46.351+0000] {dag.py:3823} INFO - Setting next_dagrun for example_complex to None, run_after=None
[2026-05-17T03:35:46.386+0000] {processor.py:183} INFO - Processing /home/airflow/.local/lib/python3.8/site-packages/airflow/example_dags/example_complex.py took 0.167 seconds
[2026-05-17T03:36:16.685+0000] {processor.py:161} INFO - Started process (PID=2127) to work on /home/airflow/.local/lib/python3.8/site-packages/airflow/example_dags/example_complex.py
[2026-05-17T03:36:16.687+0000] {processor.py:830} INFO - Processing file /home/airflow/.local/lib/python3.8/site-packages/airflow/example_dags/example_complex.py for tasks to queue
[2026-05-17T03:36:16.689+0000] {logging_mixin.py:188} INFO - [2026-05-17T03:36:16.689+0000] {dagbag.py:538} INFO - Filling up the DagBag from /home/airflow/.local/lib/python3.8/site-packages/airflow/example_dags/example_complex.py
[2026-05-17T03:36:16.710+0000] {processor.py:840} INFO - DAG(s) 'example_complex' retrieved from /home/airflow/.local/lib/python3.8/site-packages/airflow/example_dags/example_complex.py
[2026-05-17T03:36:16.778+0000] {logging_mixin.py:188} INFO - [2026-05-17T03:36:16.777+0000] {dag.py:3036} INFO - Sync 1 DAGs
[2026-05-17T03:36:16.802+0000] {logging_mixin.py:188} INFO - [2026-05-17T03:36:16.801+0000] {dag.py:3823} INFO - Setting next_dagrun for example_complex to None, run_after=None
[2026-05-17T03:36:16.834+0000] {processor.py:183} INFO - Processing /home/airflow/.local/lib/python3.8/site-packages/airflow/example_dags/example_complex.py took 0.154 seconds
[2026-05-17T03:36:47.602+0000] {processor.py:161} INFO - Started process (PID=2193) to work on /home/airflow/.local/lib/python3.8/site-packages/airflow/example_dags/example_complex.py
[2026-05-17T03:36:47.604+0000] {processor.py:830} INFO - Processing file /home/airflow/.local/lib/python3.8/site-packages/airflow/example_dags/example_complex.py for tasks to queue
[2026-05-17T03:36:47.606+0000] {logging_mixin.py:188} INFO - [2026-05-17T03:36:47.606+0000] {dagbag.py:538} INFO - Filling up the DagBag from /home/airflow/.local/lib/python3.8/site-packages/airflow/example_dags/example_complex.py
[2026-05-17T03:36:47.628+0000] {processor.py:840} INFO - DAG(s) 'example_complex' retrieved from /home/airflow/.local/lib/python3.8/site-packages/airflow/example_dags/example_complex.py
[2026-05-17T03:36:47.683+0000] {logging_mixin.py:188} INFO - [2026-05-17T03:36:47.683+0000] {dag.py:3036} INFO - Sync 1 DAGs
[2026-05-17T03:36:47.704+0000] {logging_mixin.py:188} INFO - [2026-05-17T03:36:47.704+0000] {dag.py:3823} INFO - Setting next_dagrun for example_complex to None, run_after=None
[2026-05-17T03:36:47.737+0000] {processor.py:183} INFO - Processing /home/airflow/.local/lib/python3.8/site-packages/airflow/example_dags/example_complex.py took 0.141 seconds
[2026-05-17T03:37:17.866+0000] {processor.py:161} INFO - Started process (PID=2259) to work on /home/airflow/.local/lib/python3.8/site-packages/airflow/example_dags/example_complex.py
[2026-05-17T03:37:17.867+0000] {processor.py:830} INFO - Processing file /home/airflow/.local/lib/python3.8/site-packages/airflow/example_dags/example_complex.py for tasks to queue
[2026-05-17T03:37:17.869+0000] {logging_mixin.py:188} INFO - [2026-05-17T03:37:17.869+0000] {dagbag.py:538} INFO - Filling up the DagBag from /home/airflow/.local/lib/python3.8/site-packages/airflow/example_dags/example_complex.py
[2026-05-17T03:37:17.888+0000] {processor.py:840} INFO - DAG(s) 'example_complex' retrieved from /home/airflow/.local/lib/python3.8/site-packages/airflow/example_dags/example_complex.py
[2026-05-17T03:37:17.943+0000] {logging_mixin.py:188} INFO - [2026-05-17T03:37:17.942+0000] {dag.py:3036} INFO - Sync 1 DAGs
[2026-05-17T03:37:17.965+0000] {logging_mixin.py:188} INFO - [2026-05-17T03:37:17.965+0000] {dag.py:3823} INFO - Setting next_dagrun for example_complex to None, run_after=None
[2026-05-17T03:37:17.996+0000] {processor.py:183} INFO - Processing /home/airflow/.local/lib/python3.8/site-packages/airflow/example_dags/example_complex.py took 0.135 seconds
[2026-05-17T03:37:48.327+0000] {processor.py:161} INFO - Started process (PID=2324) to work on /home/airflow/.local/lib/python3.8/site-packages/airflow/example_dags/example_complex.py
[2026-05-17T03:37:48.330+0000] {processor.py:830} INFO - Processing file /home/airflow/.local/lib/python3.8/site-packages/airflow/example_dags/example_complex.py for tasks to queue
[2026-05-17T03:37:48.332+0000] {logging_mixin.py:188} INFO - [2026-05-17T03:37:48.332+0000] {dagbag.py:538} INFO - Filling up the DagBag from /home/airflow/.local/lib/python3.8/site-packages/airflow/example_dags/example_complex.py
[2026-05-17T03:37:48.351+0000] {processor.py:840} INFO - DAG(s) 'example_complex' retrieved from /home/airflow/.local/lib/python3.8/site-packages/airflow/example_dags/example_complex.py
[2026-05-17T03:37:48.411+0000] {logging_mixin.py:188} INFO - [2026-05-17T03:37:48.411+0000] {dag.py:3036} INFO - Sync 1 DAGs
[2026-05-17T03:37:48.434+0000] {logging_mixin.py:188} INFO - [2026-05-17T03:37:48.433+0000] {dag.py:3823} INFO - Setting next_dagrun for example_complex to None, run_after=None
[2026-05-17T03:37:48.465+0000] {processor.py:183} INFO - Processing /home/airflow/.local/lib/python3.8/site-packages/airflow/example_dags/example_complex.py took 0.142 seconds
[2026-05-17T03:38:18.711+0000] {processor.py:161} INFO - Started process (PID=2391) to work on /home/airflow/.local/lib/python3.8/site-packages/airflow/example_dags/example_complex.py
[2026-05-17T03:38:18.712+0000] {processor.py:830} INFO - Processing file /home/airflow/.local/lib/python3.8/site-packages/airflow/example_dags/example_complex.py for tasks to queue
[2026-05-17T03:38:18.715+0000] {logging_mixin.py:188} INFO - [2026-05-17T03:38:18.714+0000] {dagbag.py:538} INFO - Filling up the DagBag from /home/airflow/.local/lib/python3.8/site-packages/airflow/example_dags/example_complex.py
[2026-05-17T03:38:18.738+0000] {processor.py:840} INFO - DAG(s) 'example_complex' retrieved from /home/airflow/.local/lib/python3.8/site-packages/airflow/example_dags/example_complex.py
[2026-05-17T03:38:18.796+0000] {logging_mixin.py:188} INFO - [2026-05-17T03:38:18.796+0000] {dag.py:3036} INFO - Sync 1 DAGs
[2026-05-17T03:38:18.818+0000] {logging_mixin.py:188} INFO - [2026-05-17T03:38:18.818+0000] {dag.py:3823} INFO - Setting next_dagrun for example_complex to None, run_after=None
[2026-05-17T03:38:18.854+0000] {processor.py:183} INFO - Processing /home/airflow/.local/lib/python3.8/site-packages/airflow/example_dags/example_complex.py took 0.149 seconds
[2026-05-17T03:38:49.451+0000] {processor.py:161} INFO - Started process (PID=2457) to work on /home/airflow/.local/lib/python3.8/site-packages/airflow/example_dags/example_complex.py
[2026-05-17T03:38:49.453+0000] {processor.py:830} INFO - Processing file /home/airflow/.local/lib/python3.8/site-packages/airflow/example_dags/example_complex.py for tasks to queue
[2026-05-17T03:38:49.456+0000] {logging_mixin.py:188} INFO - [2026-05-17T03:38:49.455+0000] {dagbag.py:538} INFO - Filling up the DagBag from /home/airflow/.local/lib/python3.8/site-packages/airflow/example_dags/example_complex.py
[2026-05-17T03:38:49.474+0000] {processor.py:840} INFO - DAG(s) 'example_complex' retrieved from /home/airflow/.local/lib/python3.8/site-packages/airflow/example_dags/example_complex.py
[2026-05-17T03:38:49.527+0000] {logging_mixin.py:188} INFO - [2026-05-17T03:38:49.527+0000] {dag.py:3036} INFO - Sync 1 DAGs
[2026-05-17T03:38:49.548+0000] {logging_mixin.py:188} INFO - [2026-05-17T03:38:49.547+0000] {dag.py:3823} INFO - Setting next_dagrun for example_complex to None, run_after=None
[2026-05-17T03:38:49.580+0000] {processor.py:183} INFO - Processing /home/airflow/.local/lib/python3.8/site-packages/airflow/example_dags/example_complex.py took 0.133 seconds
[2026-05-17T03:39:19.966+0000] {processor.py:161} INFO - Started process (PID=2524) to work on /home/airflow/.local/lib/python3.8/site-packages/airflow/example_dags/example_complex.py
[2026-05-17T03:39:19.968+0000] {processor.py:830} INFO - Processing file /home/airflow/.local/lib/python3.8/site-packages/airflow/example_dags/example_complex.py for tasks to queue
[2026-05-17T03:39:19.970+0000] {logging_mixin.py:188} INFO - [2026-05-17T03:39:19.970+0000] {dagbag.py:538} INFO - Filling up the DagBag from /home/airflow/.local/lib/python3.8/site-packages/airflow/example_dags/example_complex.py
[2026-05-17T03:39:19.988+0000] {processor.py:840} INFO - DAG(s) 'example_complex' retrieved from /home/airflow/.local/lib/python3.8/site-packages/airflow/example_dags/example_complex.py
[2026-05-17T03:39:20.042+0000] {logging_mixin.py:188} INFO - [2026-05-17T03:39:20.042+0000] {dag.py:3036} INFO - Sync 1 DAGs
[2026-05-17T03:39:20.061+0000] {logging_mixin.py:188} INFO - [2026-05-17T03:39:20.060+0000] {dag.py:3823} INFO - Setting next_dagrun for example_complex to None, run_after=None
[2026-05-17T03:39:20.088+0000] {processor.py:183} INFO - Processing /home/airflow/.local/lib/python3.8/site-packages/airflow/example_dags/example_complex.py took 0.127 seconds
[2026-05-17T03:39:50.497+0000] {processor.py:161} INFO - Started process (PID=2590) to work on /home/airflow/.local/lib/python3.8/site-packages/airflow/example_dags/example_complex.py
[2026-05-17T03:39:50.499+0000] {processor.py:830} INFO - Processing file /home/airflow/.local/lib/python3.8/site-packages/airflow/example_dags/example_complex.py for tasks to queue
[2026-05-17T03:39:50.502+0000] {logging_mixin.py:188} INFO - [2026-05-17T03:39:50.501+0000] {dagbag.py:538} INFO - Filling up the DagBag from /home/airflow/.local/lib/python3.8/site-packages/airflow/example_dags/example_complex.py
[2026-05-17T03:39:50.521+0000] {processor.py:840} INFO - DAG(s) 'example_complex' retrieved from /home/airflow/.local/lib/python3.8/site-packages/airflow/example_dags/example_complex.py
[2026-05-17T03:39:50.576+0000] {logging_mixin.py:188} INFO - [2026-05-17T03:39:50.576+0000] {dag.py:3036} INFO - Sync 1 DAGs
[2026-05-17T03:39:50.596+0000] {logging_mixin.py:188} INFO - [2026-05-17T03:39:50.595+0000] {dag.py:3823} INFO - Setting next_dagrun for example_complex to None, run_after=None
[2026-05-17T03:39:50.624+0000] {processor.py:183} INFO - Processing /home/airflow/.local/lib/python3.8/site-packages/airflow/example_dags/example_complex.py took 0.132 seconds
[2026-05-17T03:40:21.391+0000] {processor.py:161} INFO - Started process (PID=2675) to work on /home/airflow/.local/lib/python3.8/site-packages/airflow/example_dags/example_complex.py
[2026-05-17T03:40:21.393+0000] {processor.py:830} INFO - Processing file /home/airflow/.local/lib/python3.8/site-packages/airflow/example_dags/example_complex.py for tasks to queue
[2026-05-17T03:40:21.396+0000] {logging_mixin.py:188} INFO - [2026-05-17T03:40:21.395+0000] {dagbag.py:538} INFO - Filling up the DagBag from /home/airflow/.local/lib/python3.8/site-packages/airflow/example_dags/example_complex.py
[2026-05-17T03:40:21.421+0000] {processor.py:840} INFO - DAG(s) 'example_complex' retrieved from /home/airflow/.local/lib/python3.8/site-packages/airflow/example_dags/example_complex.py
[2026-05-17T03:40:21.515+0000] {logging_mixin.py:188} INFO - [2026-05-17T03:40:21.515+0000] {dag.py:3036} INFO - Sync 1 DAGs
[2026-05-17T03:40:21.550+0000] {logging_mixin.py:188} INFO - [2026-05-17T03:40:21.547+0000] {dag.py:3823} INFO - Setting next_dagrun for example_complex to None, run_after=None
[2026-05-17T03:40:21.588+0000] {processor.py:183} INFO - Processing /home/airflow/.local/lib/python3.8/site-packages/airflow/example_dags/example_complex.py took 0.203 seconds
[2026-05-17T03:40:52.334+0000] {processor.py:161} INFO - Started process (PID=2746) to work on /home/airflow/.local/lib/python3.8/site-packages/airflow/example_dags/example_complex.py
[2026-05-17T03:40:52.336+0000] {processor.py:830} INFO - Processing file /home/airflow/.local/lib/python3.8/site-packages/airflow/example_dags/example_complex.py for tasks to queue
[2026-05-17T03:40:52.339+0000] {logging_mixin.py:188} INFO - [2026-05-17T03:40:52.338+0000] {dagbag.py:538} INFO - Filling up the DagBag from /home/airflow/.local/lib/python3.8/site-packages/airflow/example_dags/example_complex.py
[2026-05-17T03:40:52.357+0000] {processor.py:840} INFO - DAG(s) 'example_complex' retrieved from /home/airflow/.local/lib/python3.8/site-packages/airflow/example_dags/example_complex.py
[2026-05-17T03:40:52.415+0000] {logging_mixin.py:188} INFO - [2026-05-17T03:40:52.414+0000] {dag.py:3036} INFO - Sync 1 DAGs
[2026-05-17T03:40:52.435+0000] {logging_mixin.py:188} INFO - [2026-05-17T03:40:52.435+0000] {dag.py:3823} INFO - Setting next_dagrun for example_complex to None, run_after=None
[2026-05-17T03:40:52.466+0000] {processor.py:183} INFO - Processing /home/airflow/.local/lib/python3.8/site-packages/airflow/example_dags/example_complex.py took 0.137 seconds
[2026-05-17T03:41:22.517+0000] {processor.py:161} INFO - Started process (PID=2813) to work on /home/airflow/.local/lib/python3.8/site-packages/airflow/example_dags/example_complex.py
[2026-05-17T03:41:22.518+0000] {processor.py:830} INFO - Processing file /home/airflow/.local/lib/python3.8/site-packages/airflow/example_dags/example_complex.py for tasks to queue
[2026-05-17T03:41:22.522+0000] {logging_mixin.py:188} INFO - [2026-05-17T03:41:22.521+0000] {dagbag.py:538} INFO - Filling up the DagBag from /home/airflow/.local/lib/python3.8/site-packages/airflow/example_dags/example_complex.py
[2026-05-17T03:41:22.549+0000] {processor.py:840} INFO - DAG(s) 'example_complex' retrieved from /home/airflow/.local/lib/python3.8/site-packages/airflow/example_dags/example_complex.py
[2026-05-17T03:41:22.632+0000] {logging_mixin.py:188} INFO - [2026-05-17T03:41:22.631+0000] {dag.py:3036} INFO - Sync 1 DAGs
[2026-05-17T03:41:22.657+0000] {logging_mixin.py:188} INFO - [2026-05-17T03:41:22.656+0000] {dag.py:3823} INFO - Setting next_dagrun for example_complex to None, run_after=None
[2026-05-17T03:41:22.694+0000] {processor.py:183} INFO - Processing /home/airflow/.local/lib/python3.8/site-packages/airflow/example_dags/example_complex.py took 0.184 seconds
[2026-05-17T03:41:52.766+0000] {processor.py:161} INFO - Started process (PID=2879) to work on /home/airflow/.local/lib/python3.8/site-packages/airflow/example_dags/example_complex.py
[2026-05-17T03:41:52.767+0000] {processor.py:830} INFO - Processing file /home/airflow/.local/lib/python3.8/site-packages/airflow/example_dags/example_complex.py for tasks to queue
[2026-05-17T03:41:52.770+0000] {logging_mixin.py:188} INFO - [2026-05-17T03:41:52.770+0000] {dagbag.py:538} INFO - Filling up the DagBag from /home/airflow/.local/lib/python3.8/site-packages/airflow/example_dags/example_complex.py
[2026-05-17T03:41:52.790+0000] {processor.py:840} INFO - DAG(s) 'example_complex' retrieved from /home/airflow/.local/lib/python3.8/site-packages/airflow/example_dags/example_complex.py
[2026-05-17T03:41:52.847+0000] {logging_mixin.py:188} INFO - [2026-05-17T03:41:52.847+0000] {dag.py:3036} INFO - Sync 1 DAGs
[2026-05-17T03:41:52.875+0000] {logging_mixin.py:188} INFO - [2026-05-17T03:41:52.875+0000] {dag.py:3823} INFO - Setting next_dagrun for example_complex to None, run_after=None
[2026-05-17T03:41:52.904+0000] {processor.py:183} INFO - Processing /home/airflow/.local/lib/python3.8/site-packages/airflow/example_dags/example_complex.py took 0.144 seconds
[2026-05-17T03:42:23.066+0000] {processor.py:161} INFO - Started process (PID=2945) to work on /home/airflow/.local/lib/python3.8/site-packages/airflow/example_dags/example_complex.py
[2026-05-17T03:42:23.067+0000] {processor.py:830} INFO - Processing file /home/airflow/.local/lib/python3.8/site-packages/airflow/example_dags/example_complex.py for tasks to queue
[2026-05-17T03:42:23.070+0000] {logging_mixin.py:188} INFO - [2026-05-17T03:42:23.070+0000] {dagbag.py:538} INFO - Filling up the DagBag from /home/airflow/.local/lib/python3.8/site-packages/airflow/example_dags/example_complex.py
[2026-05-17T03:42:23.090+0000] {processor.py:840} INFO - DAG(s) 'example_complex' retrieved from /home/airflow/.local/lib/python3.8/site-packages/airflow/example_dags/example_complex.py
[2026-05-17T03:42:23.147+0000] {logging_mixin.py:188} INFO - [2026-05-17T03:42:23.146+0000] {dag.py:3036} INFO - Sync 1 DAGs
[2026-05-17T03:42:23.167+0000] {logging_mixin.py:188} INFO - [2026-05-17T03:42:23.167+0000] {dag.py:3823} INFO - Setting next_dagrun for example_complex to None, run_after=None
[2026-05-17T03:42:23.197+0000] {processor.py:183} INFO - Processing /home/airflow/.local/lib/python3.8/site-packages/airflow/example_dags/example_complex.py took 0.136 seconds
[2026-05-17T03:42:53.960+0000] {processor.py:161} INFO - Started process (PID=3011) to work on /home/airflow/.local/lib/python3.8/site-packages/airflow/example_dags/example_complex.py
[2026-05-17T03:42:53.962+0000] {processor.py:830} INFO - Processing file /home/airflow/.local/lib/python3.8/site-packages/airflow/example_dags/example_complex.py for tasks to queue
[2026-05-17T03:42:53.965+0000] {logging_mixin.py:188} INFO - [2026-05-17T03:42:53.964+0000] {dagbag.py:538} INFO - Filling up the DagBag from /home/airflow/.local/lib/python3.8/site-packages/airflow/example_dags/example_complex.py
[2026-05-17T03:42:53.991+0000] {processor.py:840} INFO - DAG(s) 'example_complex' retrieved from /home/airflow/.local/lib/python3.8/site-packages/airflow/example_dags/example_complex.py
[2026-05-17T03:42:54.061+0000] {logging_mixin.py:188} INFO - [2026-05-17T03:42:54.061+0000] {dag.py:3036} INFO - Sync 1 DAGs
[2026-05-17T03:42:54.086+0000] {logging_mixin.py:188} INFO - [2026-05-17T03:42:54.085+0000] {dag.py:3823} INFO - Setting next_dagrun for example_complex to None, run_after=None
[2026-05-17T03:42:54.115+0000] {processor.py:183} INFO - Processing /home/airflow/.local/lib/python3.8/site-packages/airflow/example_dags/example_complex.py took 0.160 seconds
[2026-05-17T03:43:24.411+0000] {processor.py:161} INFO - Started process (PID=3077) to work on /home/airflow/.local/lib/python3.8/site-packages/airflow/example_dags/example_complex.py
[2026-05-17T03:43:24.412+0000] {processor.py:830} INFO - Processing file /home/airflow/.local/lib/python3.8/site-packages/airflow/example_dags/example_complex.py for tasks to queue
[2026-05-17T03:43:24.414+0000] {logging_mixin.py:188} INFO - [2026-05-17T03:43:24.414+0000] {dagbag.py:538} INFO - Filling up the DagBag from /home/airflow/.local/lib/python3.8/site-packages/airflow/example_dags/example_complex.py
[2026-05-17T03:43:24.433+0000] {processor.py:840} INFO - DAG(s) 'example_complex' retrieved from /home/airflow/.local/lib/python3.8/site-packages/airflow/example_dags/example_complex.py
[2026-05-17T03:43:24.491+0000] {logging_mixin.py:188} INFO - [2026-05-17T03:43:24.490+0000] {dag.py:3036} INFO - Sync 1 DAGs
[2026-05-17T03:43:24.510+0000] {logging_mixin.py:188} INFO - [2026-05-17T03:43:24.510+0000] {dag.py:3823} INFO - Setting next_dagrun for example_complex to None, run_after=None
[2026-05-17T03:43:24.538+0000] {processor.py:183} INFO - Processing /home/airflow/.local/lib/python3.8/site-packages/airflow/example_dags/example_complex.py took 0.132 seconds
[2026-05-17T03:43:54.731+0000] {processor.py:161} INFO - Started process (PID=3143) to work on /home/airflow/.local/lib/python3.8/site-packages/airflow/example_dags/example_complex.py
[2026-05-17T03:43:54.733+0000] {processor.py:830} INFO - Processing file /home/airflow/.local/lib/python3.8/site-packages/airflow/example_dags/example_complex.py for tasks to queue
[2026-05-17T03:43:54.735+0000] {logging_mixin.py:188} INFO - [2026-05-17T03:43:54.735+0000] {dagbag.py:538} INFO - Filling up the DagBag from /home/airflow/.local/lib/python3.8/site-packages/airflow/example_dags/example_complex.py
[2026-05-17T03:43:54.755+0000] {processor.py:840} INFO - DAG(s) 'example_complex' retrieved from /home/airflow/.local/lib/python3.8/site-packages/airflow/example_dags/example_complex.py
[2026-05-17T03:43:54.815+0000] {logging_mixin.py:188} INFO - [2026-05-17T03:43:54.815+0000] {dag.py:3036} INFO - Sync 1 DAGs
[2026-05-17T03:43:55.036+0000] {logging_mixin.py:188} INFO - [2026-05-17T03:43:55.035+0000] {dag.py:3823} INFO - Setting next_dagrun for example_complex to None, run_after=None
[2026-05-17T03:43:55.071+0000] {processor.py:183} INFO - Processing /home/airflow/.local/lib/python3.8/site-packages/airflow/example_dags/example_complex.py took 0.346 seconds
[2026-05-17T03:44:25.551+0000] {processor.py:161} INFO - Started process (PID=3209) to work on /home/airflow/.local/lib/python3.8/site-packages/airflow/example_dags/example_complex.py
[2026-05-17T03:44:25.552+0000] {processor.py:830} INFO - Processing file /home/airflow/.local/lib/python3.8/site-packages/airflow/example_dags/example_complex.py for tasks to queue
[2026-05-17T03:44:25.554+0000] {logging_mixin.py:188} INFO - [2026-05-17T03:44:25.554+0000] {dagbag.py:538} INFO - Filling up the DagBag from /home/airflow/.local/lib/python3.8/site-packages/airflow/example_dags/example_complex.py
[2026-05-17T03:44:25.574+0000] {processor.py:840} INFO - DAG(s) 'example_complex' retrieved from /home/airflow/.local/lib/python3.8/site-packages/airflow/example_dags/example_complex.py
[2026-05-17T03:44:25.631+0000] {logging_mixin.py:188} INFO - [2026-05-17T03:44:25.631+0000] {dag.py:3036} INFO - Sync 1 DAGs
[2026-05-17T03:44:25.650+0000] {logging_mixin.py:188} INFO - [2026-05-17T03:44:25.650+0000] {dag.py:3823} INFO - Setting next_dagrun for example_complex to None, run_after=None
[2026-05-17T03:44:25.680+0000] {processor.py:183} INFO - Processing /home/airflow/.local/lib/python3.8/site-packages/airflow/example_dags/example_complex.py took 0.134 seconds
[2026-05-17T03:44:56.692+0000] {processor.py:161} INFO - Started process (PID=3275) to work on /home/airflow/.local/lib/python3.8/site-packages/airflow/example_dags/example_complex.py
[2026-05-17T03:44:56.694+0000] {processor.py:830} INFO - Processing file /home/airflow/.local/lib/python3.8/site-packages/airflow/example_dags/example_complex.py for tasks to queue
[2026-05-17T03:44:56.697+0000] {logging_mixin.py:188} INFO - [2026-05-17T03:44:56.697+0000] {dagbag.py:538} INFO - Filling up the DagBag from /home/airflow/.local/lib/python3.8/site-packages/airflow/example_dags/example_complex.py
[2026-05-17T03:44:56.715+0000] {processor.py:840} INFO - DAG(s) 'example_complex' retrieved from /home/airflow/.local/lib/python3.8/site-packages/airflow/example_dags/example_complex.py
[2026-05-17T03:44:56.769+0000] {logging_mixin.py:188} INFO - [2026-05-17T03:44:56.768+0000] {dag.py:3036} INFO - Sync 1 DAGs
[2026-05-17T03:44:56.788+0000] {logging_mixin.py:188} INFO - [2026-05-17T03:44:56.787+0000] {dag.py:3823} INFO - Setting next_dagrun for example_complex to None, run_after=None
[2026-05-17T03:44:56.816+0000] {processor.py:183} INFO - Processing /home/airflow/.local/lib/python3.8/site-packages/airflow/example_dags/example_complex.py took 0.128 seconds
[2026-05-17T03:45:27.436+0000] {processor.py:161} INFO - Started process (PID=3341) to work on /home/airflow/.local/lib/python3.8/site-packages/airflow/example_dags/example_complex.py
[2026-05-17T03:45:27.437+0000] {processor.py:830} INFO - Processing file /home/airflow/.local/lib/python3.8/site-packages/airflow/example_dags/example_complex.py for tasks to queue
[2026-05-17T03:45:27.440+0000] {logging_mixin.py:188} INFO - [2026-05-17T03:45:27.439+0000] {dagbag.py:538} INFO - Filling up the DagBag from /home/airflow/.local/lib/python3.8/site-packages/airflow/example_dags/example_complex.py
[2026-05-17T03:45:27.462+0000] {processor.py:840} INFO - DAG(s) 'example_complex' retrieved from /home/airflow/.local/lib/python3.8/site-packages/airflow/example_dags/example_complex.py
[2026-05-17T03:45:27.520+0000] {logging_mixin.py:188} INFO - [2026-05-17T03:45:27.519+0000] {dag.py:3036} INFO - Sync 1 DAGs
[2026-05-17T03:45:27.542+0000] {logging_mixin.py:188} INFO - [2026-05-17T03:45:27.542+0000] {dag.py:3823} INFO - Setting next_dagrun for example_complex to None, run_after=None
[2026-05-17T03:45:27.579+0000] {processor.py:183} INFO - Processing /home/airflow/.local/lib/python3.8/site-packages/airflow/example_dags/example_complex.py took 0.149 seconds
[2026-05-17T03:45:58.342+0000] {processor.py:161} INFO - Started process (PID=3407) to work on /home/airflow/.local/lib/python3.8/site-packages/airflow/example_dags/example_complex.py
[2026-05-17T03:45:58.344+0000] {processor.py:830} INFO - Processing file /home/airflow/.local/lib/python3.8/site-packages/airflow/example_dags/example_complex.py for tasks to queue
[2026-05-17T03:45:58.347+0000] {logging_mixin.py:188} INFO - [2026-05-17T03:45:58.347+0000] {dagbag.py:538} INFO - Filling up the DagBag from /home/airflow/.local/lib/python3.8/site-packages/airflow/example_dags/example_complex.py
[2026-05-17T03:45:58.373+0000] {processor.py:840} INFO - DAG(s) 'example_complex' retrieved from /home/airflow/.local/lib/python3.8/site-packages/airflow/example_dags/example_complex.py
[2026-05-17T03:45:58.630+0000] {logging_mixin.py:188} INFO - [2026-05-17T03:45:58.629+0000] {dag.py:3036} INFO - Sync 1 DAGs
[2026-05-17T03:45:58.648+0000] {logging_mixin.py:188} INFO - [2026-05-17T03:45:58.648+0000] {dag.py:3823} INFO - Setting next_dagrun for example_complex to None, run_after=None
[2026-05-17T03:45:58.681+0000] {processor.py:183} INFO - Processing /home/airflow/.local/lib/python3.8/site-packages/airflow/example_dags/example_complex.py took 0.345 seconds
[2026-05-17T03:46:28.775+0000] {processor.py:161} INFO - Started process (PID=3490) to work on /home/airflow/.local/lib/python3.8/site-packages/airflow/example_dags/example_complex.py
[2026-05-17T03:46:28.787+0000] {processor.py:830} INFO - Processing file /home/airflow/.local/lib/python3.8/site-packages/airflow/example_dags/example_complex.py for tasks to queue
[2026-05-17T03:46:28.790+0000] {logging_mixin.py:188} INFO - [2026-05-17T03:46:28.789+0000] {dagbag.py:538} INFO - Filling up the DagBag from /home/airflow/.local/lib/python3.8/site-packages/airflow/example_dags/example_complex.py
[2026-05-17T03:46:28.815+0000] {processor.py:840} INFO - DAG(s) 'example_complex' retrieved from /home/airflow/.local/lib/python3.8/site-packages/airflow/example_dags/example_complex.py
[2026-05-17T03:46:28.891+0000] {logging_mixin.py:188} INFO - [2026-05-17T03:46:28.891+0000] {dag.py:3036} INFO - Sync 1 DAGs
[2026-05-17T03:46:28.918+0000] {logging_mixin.py:188} INFO - [2026-05-17T03:46:28.917+0000] {dag.py:3823} INFO - Setting next_dagrun for example_complex to None, run_after=None
[2026-05-17T03:46:28.958+0000] {processor.py:183} INFO - Processing /home/airflow/.local/lib/python3.8/site-packages/airflow/example_dags/example_complex.py took 0.189 seconds
[2026-05-17T03:46:59.307+0000] {processor.py:161} INFO - Started process (PID=3560) to work on /home/airflow/.local/lib/python3.8/site-packages/airflow/example_dags/example_complex.py
[2026-05-17T03:46:59.309+0000] {processor.py:830} INFO - Processing file /home/airflow/.local/lib/python3.8/site-packages/airflow/example_dags/example_complex.py for tasks to queue
[2026-05-17T03:46:59.313+0000] {logging_mixin.py:188} INFO - [2026-05-17T03:46:59.312+0000] {dagbag.py:538} INFO - Filling up the DagBag from /home/airflow/.local/lib/python3.8/site-packages/airflow/example_dags/example_complex.py
[2026-05-17T03:46:59.339+0000] {processor.py:840} INFO - DAG(s) 'example_complex' retrieved from /home/airflow/.local/lib/python3.8/site-packages/airflow/example_dags/example_complex.py
[2026-05-17T03:46:59.364+0000] {logging_mixin.py:188} INFO - [2026-05-17T03:46:59.364+0000] {dag.py:3036} INFO - Sync 1 DAGs
[2026-05-17T03:46:59.392+0000] {logging_mixin.py:188} INFO - [2026-05-17T03:46:59.391+0000] {dag.py:3823} INFO - Setting next_dagrun for example_complex to None, run_after=None
[2026-05-17T03:46:59.429+0000] {processor.py:183} INFO - Processing /home/airflow/.local/lib/python3.8/site-packages/airflow/example_dags/example_complex.py took 0.130 seconds
[2026-05-17T03:47:30.165+0000] {processor.py:161} INFO - Started process (PID=3626) to work on /home/airflow/.local/lib/python3.8/site-packages/airflow/example_dags/example_complex.py
[2026-05-17T03:47:30.166+0000] {processor.py:830} INFO - Processing file /home/airflow/.local/lib/python3.8/site-packages/airflow/example_dags/example_complex.py for tasks to queue
[2026-05-17T03:47:30.169+0000] {logging_mixin.py:188} INFO - [2026-05-17T03:47:30.169+0000] {dagbag.py:538} INFO - Filling up the DagBag from /home/airflow/.local/lib/python3.8/site-packages/airflow/example_dags/example_complex.py
[2026-05-17T03:47:30.190+0000] {processor.py:840} INFO - DAG(s) 'example_complex' retrieved from /home/airflow/.local/lib/python3.8/site-packages/airflow/example_dags/example_complex.py
[2026-05-17T03:47:30.411+0000] {logging_mixin.py:188} INFO - [2026-05-17T03:47:30.410+0000] {dag.py:3036} INFO - Sync 1 DAGs
[2026-05-17T03:47:30.432+0000] {logging_mixin.py:188} INFO - [2026-05-17T03:47:30.431+0000] {dag.py:3823} INFO - Setting next_dagrun for example_complex to None, run_after=None
[2026-05-17T03:47:30.466+0000] {processor.py:183} INFO - Processing /home/airflow/.local/lib/python3.8/site-packages/airflow/example_dags/example_complex.py took 0.306 seconds
[2026-05-17T03:48:00.880+0000] {processor.py:161} INFO - Started process (PID=3692) to work on /home/airflow/.local/lib/python3.8/site-packages/airflow/example_dags/example_complex.py
[2026-05-17T03:48:00.883+0000] {processor.py:830} INFO - Processing file /home/airflow/.local/lib/python3.8/site-packages/airflow/example_dags/example_complex.py for tasks to queue
[2026-05-17T03:48:00.886+0000] {logging_mixin.py:188} INFO - [2026-05-17T03:48:00.886+0000] {dagbag.py:538} INFO - Filling up the DagBag from /home/airflow/.local/lib/python3.8/site-packages/airflow/example_dags/example_complex.py
[2026-05-17T03:48:00.920+0000] {processor.py:840} INFO - DAG(s) 'example_complex' retrieved from /home/airflow/.local/lib/python3.8/site-packages/airflow/example_dags/example_complex.py
[2026-05-17T03:48:00.983+0000] {logging_mixin.py:188} INFO - [2026-05-17T03:48:00.983+0000] {dag.py:3036} INFO - Sync 1 DAGs
[2026-05-17T03:48:01.003+0000] {logging_mixin.py:188} INFO - [2026-05-17T03:48:01.002+0000] {dag.py:3823} INFO - Setting next_dagrun for example_complex to None, run_after=None
[2026-05-17T03:48:01.032+0000] {processor.py:183} INFO - Processing /home/airflow/.local/lib/python3.8/site-packages/airflow/example_dags/example_complex.py took 0.158 seconds
[2026-05-17T03:48:31.703+0000] {processor.py:161} INFO - Started process (PID=3766) to work on /home/airflow/.local/lib/python3.8/site-packages/airflow/example_dags/example_complex.py
[2026-05-17T03:48:31.704+0000] {processor.py:830} INFO - Processing file /home/airflow/.local/lib/python3.8/site-packages/airflow/example_dags/example_complex.py for tasks to queue
[2026-05-17T03:48:31.707+0000] {logging_mixin.py:188} INFO - [2026-05-17T03:48:31.707+0000] {dagbag.py:538} INFO - Filling up the DagBag from /home/airflow/.local/lib/python3.8/site-packages/airflow/example_dags/example_complex.py
[2026-05-17T03:48:31.732+0000] {processor.py:840} INFO - DAG(s) 'example_complex' retrieved from /home/airflow/.local/lib/python3.8/site-packages/airflow/example_dags/example_complex.py
[2026-05-17T03:48:31.799+0000] {logging_mixin.py:188} INFO - [2026-05-17T03:48:31.798+0000] {dag.py:3036} INFO - Sync 1 DAGs
[2026-05-17T03:48:31.825+0000] {logging_mixin.py:188} INFO - [2026-05-17T03:48:31.824+0000] {dag.py:3823} INFO - Setting next_dagrun for example_complex to None, run_after=None
[2026-05-17T03:48:31.859+0000] {processor.py:183} INFO - Processing /home/airflow/.local/lib/python3.8/site-packages/airflow/example_dags/example_complex.py took 0.161 seconds
[2026-05-17T03:49:02.417+0000] {processor.py:161} INFO - Started process (PID=3832) to work on /home/airflow/.local/lib/python3.8/site-packages/airflow/example_dags/example_complex.py
[2026-05-17T03:49:02.419+0000] {processor.py:830} INFO - Processing file /home/airflow/.local/lib/python3.8/site-packages/airflow/example_dags/example_complex.py for tasks to queue
[2026-05-17T03:49:02.422+0000] {logging_mixin.py:188} INFO - [2026-05-17T03:49:02.421+0000] {dagbag.py:538} INFO - Filling up the DagBag from /home/airflow/.local/lib/python3.8/site-packages/airflow/example_dags/example_complex.py
[2026-05-17T03:49:02.444+0000] {processor.py:840} INFO - DAG(s) 'example_complex' retrieved from /home/airflow/.local/lib/python3.8/site-packages/airflow/example_dags/example_complex.py
[2026-05-17T03:49:02.506+0000] {logging_mixin.py:188} INFO - [2026-05-17T03:49:02.506+0000] {dag.py:3036} INFO - Sync 1 DAGs
[2026-05-17T03:49:02.529+0000] {logging_mixin.py:188} INFO - [2026-05-17T03:49:02.529+0000] {dag.py:3823} INFO - Setting next_dagrun for example_complex to None, run_after=None
[2026-05-17T03:49:02.562+0000] {processor.py:183} INFO - Processing /home/airflow/.local/lib/python3.8/site-packages/airflow/example_dags/example_complex.py took 0.153 seconds
[2026-05-17T03:49:32.784+0000] {processor.py:161} INFO - Started process (PID=3898) to work on /home/airflow/.local/lib/python3.8/site-packages/airflow/example_dags/example_complex.py
[2026-05-17T03:49:32.785+0000] {processor.py:830} INFO - Processing file /home/airflow/.local/lib/python3.8/site-packages/airflow/example_dags/example_complex.py for tasks to queue
[2026-05-17T03:49:32.789+0000] {logging_mixin.py:188} INFO - [2026-05-17T03:49:32.788+0000] {dagbag.py:538} INFO - Filling up the DagBag from /home/airflow/.local/lib/python3.8/site-packages/airflow/example_dags/example_complex.py
[2026-05-17T03:49:32.813+0000] {processor.py:840} INFO - DAG(s) 'example_complex' retrieved from /home/airflow/.local/lib/python3.8/site-packages/airflow/example_dags/example_complex.py
[2026-05-17T03:49:32.875+0000] {logging_mixin.py:188} INFO - [2026-05-17T03:49:32.875+0000] {dag.py:3036} INFO - Sync 1 DAGs
[2026-05-17T03:49:32.899+0000] {logging_mixin.py:188} INFO - [2026-05-17T03:49:32.899+0000] {dag.py:3823} INFO - Setting next_dagrun for example_complex to None, run_after=None
[2026-05-17T03:49:32.931+0000] {processor.py:183} INFO - Processing /home/airflow/.local/lib/python3.8/site-packages/airflow/example_dags/example_complex.py took 0.153 seconds
[2026-05-17T03:50:03.500+0000] {processor.py:161} INFO - Started process (PID=3964) to work on /home/airflow/.local/lib/python3.8/site-packages/airflow/example_dags/example_complex.py
[2026-05-17T03:50:03.503+0000] {processor.py:830} INFO - Processing file /home/airflow/.local/lib/python3.8/site-packages/airflow/example_dags/example_complex.py for tasks to queue
[2026-05-17T03:50:03.506+0000] {logging_mixin.py:188} INFO - [2026-05-17T03:50:03.505+0000] {dagbag.py:538} INFO - Filling up the DagBag from /home/airflow/.local/lib/python3.8/site-packages/airflow/example_dags/example_complex.py
[2026-05-17T03:50:03.534+0000] {processor.py:840} INFO - DAG(s) 'example_complex' retrieved from /home/airflow/.local/lib/python3.8/site-packages/airflow/example_dags/example_complex.py
[2026-05-17T03:50:03.612+0000] {logging_mixin.py:188} INFO - [2026-05-17T03:50:03.612+0000] {dag.py:3036} INFO - Sync 1 DAGs
[2026-05-17T03:50:03.634+0000] {logging_mixin.py:188} INFO - [2026-05-17T03:50:03.634+0000] {dag.py:3823} INFO - Setting next_dagrun for example_complex to None, run_after=None
[2026-05-17T03:50:03.670+0000] {processor.py:183} INFO - Processing /home/airflow/.local/lib/python3.8/site-packages/airflow/example_dags/example_complex.py took 0.176 seconds
[2026-05-17T03:50:34.042+0000] {processor.py:161} INFO - Started process (PID=4030) to work on /home/airflow/.local/lib/python3.8/site-packages/airflow/example_dags/example_complex.py
[2026-05-17T03:50:34.044+0000] {processor.py:830} INFO - Processing file /home/airflow/.local/lib/python3.8/site-packages/airflow/example_dags/example_complex.py for tasks to queue
[2026-05-17T03:50:34.047+0000] {logging_mixin.py:188} INFO - [2026-05-17T03:50:34.047+0000] {dagbag.py:538} INFO - Filling up the DagBag from /home/airflow/.local/lib/python3.8/site-packages/airflow/example_dags/example_complex.py
[2026-05-17T03:50:34.073+0000] {processor.py:840} INFO - DAG(s) 'example_complex' retrieved from /home/airflow/.local/lib/python3.8/site-packages/airflow/example_dags/example_complex.py
[2026-05-17T03:50:34.145+0000] {logging_mixin.py:188} INFO - [2026-05-17T03:50:34.145+0000] {dag.py:3036} INFO - Sync 1 DAGs
[2026-05-17T03:50:34.172+0000] {logging_mixin.py:188} INFO - [2026-05-17T03:50:34.171+0000] {dag.py:3823} INFO - Setting next_dagrun for example_complex to None, run_after=None
[2026-05-17T03:50:34.206+0000] {processor.py:183} INFO - Processing /home/airflow/.local/lib/python3.8/site-packages/airflow/example_dags/example_complex.py took 0.170 seconds
[2026-05-17T03:51:04.561+0000] {processor.py:161} INFO - Started process (PID=4096) to work on /home/airflow/.local/lib/python3.8/site-packages/airflow/example_dags/example_complex.py
[2026-05-17T03:51:04.563+0000] {processor.py:830} INFO - Processing file /home/airflow/.local/lib/python3.8/site-packages/airflow/example_dags/example_complex.py for tasks to queue
[2026-05-17T03:51:04.567+0000] {logging_mixin.py:188} INFO - [2026-05-17T03:51:04.566+0000] {dagbag.py:538} INFO - Filling up the DagBag from /home/airflow/.local/lib/python3.8/site-packages/airflow/example_dags/example_complex.py
[2026-05-17T03:51:04.594+0000] {processor.py:840} INFO - DAG(s) 'example_complex' retrieved from /home/airflow/.local/lib/python3.8/site-packages/airflow/example_dags/example_complex.py
[2026-05-17T03:51:04.663+0000] {logging_mixin.py:188} INFO - [2026-05-17T03:51:04.663+0000] {dag.py:3036} INFO - Sync 1 DAGs
[2026-05-17T03:51:04.688+0000] {logging_mixin.py:188} INFO - [2026-05-17T03:51:04.688+0000] {dag.py:3823} INFO - Setting next_dagrun for example_complex to None, run_after=None
[2026-05-17T03:51:04.739+0000] {processor.py:183} INFO - Processing /home/airflow/.local/lib/python3.8/site-packages/airflow/example_dags/example_complex.py took 0.185 seconds
[2026-05-17T03:51:35.128+0000] {processor.py:161} INFO - Started process (PID=4161) to work on /home/airflow/.local/lib/python3.8/site-packages/airflow/example_dags/example_complex.py
[2026-05-17T03:51:35.129+0000] {processor.py:830} INFO - Processing file /home/airflow/.local/lib/python3.8/site-packages/airflow/example_dags/example_complex.py for tasks to queue
[2026-05-17T03:51:35.131+0000] {logging_mixin.py:188} INFO - [2026-05-17T03:51:35.131+0000] {dagbag.py:538} INFO - Filling up the DagBag from /home/airflow/.local/lib/python3.8/site-packages/airflow/example_dags/example_complex.py
[2026-05-17T03:51:35.150+0000] {processor.py:840} INFO - DAG(s) 'example_complex' retrieved from /home/airflow/.local/lib/python3.8/site-packages/airflow/example_dags/example_complex.py
[2026-05-17T03:51:35.205+0000] {logging_mixin.py:188} INFO - [2026-05-17T03:51:35.205+0000] {dag.py:3036} INFO - Sync 1 DAGs
[2026-05-17T03:51:35.225+0000] {logging_mixin.py:188} INFO - [2026-05-17T03:51:35.225+0000] {dag.py:3823} INFO - Setting next_dagrun for example_complex to None, run_after=None
[2026-05-17T03:51:35.258+0000] {processor.py:183} INFO - Processing /home/airflow/.local/lib/python3.8/site-packages/airflow/example_dags/example_complex.py took 0.135 seconds
[2026-05-17T03:52:05.393+0000] {processor.py:161} INFO - Started process (PID=4227) to work on /home/airflow/.local/lib/python3.8/site-packages/airflow/example_dags/example_complex.py
[2026-05-17T03:52:05.395+0000] {processor.py:830} INFO - Processing file /home/airflow/.local/lib/python3.8/site-packages/airflow/example_dags/example_complex.py for tasks to queue
[2026-05-17T03:52:05.398+0000] {logging_mixin.py:188} INFO - [2026-05-17T03:52:05.397+0000] {dagbag.py:538} INFO - Filling up the DagBag from /home/airflow/.local/lib/python3.8/site-packages/airflow/example_dags/example_complex.py
[2026-05-17T03:52:05.421+0000] {processor.py:840} INFO - DAG(s) 'example_complex' retrieved from /home/airflow/.local/lib/python3.8/site-packages/airflow/example_dags/example_complex.py
[2026-05-17T03:52:05.489+0000] {logging_mixin.py:188} INFO - [2026-05-17T03:52:05.489+0000] {dag.py:3036} INFO - Sync 1 DAGs
[2026-05-17T03:52:05.511+0000] {logging_mixin.py:188} INFO - [2026-05-17T03:52:05.511+0000] {dag.py:3823} INFO - Setting next_dagrun for example_complex to None, run_after=None
[2026-05-17T03:52:05.543+0000] {processor.py:183} INFO - Processing /home/airflow/.local/lib/python3.8/site-packages/airflow/example_dags/example_complex.py took 0.155 seconds
[2026-05-17T03:52:35.778+0000] {processor.py:161} INFO - Started process (PID=4293) to work on /home/airflow/.local/lib/python3.8/site-packages/airflow/example_dags/example_complex.py
[2026-05-17T03:52:35.779+0000] {processor.py:830} INFO - Processing file /home/airflow/.local/lib/python3.8/site-packages/airflow/example_dags/example_complex.py for tasks to queue
[2026-05-17T03:52:35.781+0000] {logging_mixin.py:188} INFO - [2026-05-17T03:52:35.781+0000] {dagbag.py:538} INFO - Filling up the DagBag from /home/airflow/.local/lib/python3.8/site-packages/airflow/example_dags/example_complex.py
[2026-05-17T03:52:35.802+0000] {processor.py:840} INFO - DAG(s) 'example_complex' retrieved from /home/airflow/.local/lib/python3.8/site-packages/airflow/example_dags/example_complex.py
[2026-05-17T03:52:35.860+0000] {logging_mixin.py:188} INFO - [2026-05-17T03:52:35.859+0000] {dag.py:3036} INFO - Sync 1 DAGs
[2026-05-17T03:52:35.880+0000] {logging_mixin.py:188} INFO - [2026-05-17T03:52:35.879+0000] {dag.py:3823} INFO - Setting next_dagrun for example_complex to None, run_after=None
[2026-05-17T03:52:35.909+0000] {processor.py:183} INFO - Processing /home/airflow/.local/lib/python3.8/site-packages/airflow/example_dags/example_complex.py took 0.137 seconds
[2026-05-17T03:53:06.352+0000] {processor.py:161} INFO - Started process (PID=4359) to work on /home/airflow/.local/lib/python3.8/site-packages/airflow/example_dags/example_complex.py
[2026-05-17T03:53:06.354+0000] {processor.py:830} INFO - Processing file /home/airflow/.local/lib/python3.8/site-packages/airflow/example_dags/example_complex.py for tasks to queue
[2026-05-17T03:53:06.357+0000] {logging_mixin.py:188} INFO - [2026-05-17T03:53:06.356+0000] {dagbag.py:538} INFO - Filling up the DagBag from /home/airflow/.local/lib/python3.8/site-packages/airflow/example_dags/example_complex.py
[2026-05-17T03:53:06.376+0000] {processor.py:840} INFO - DAG(s) 'example_complex' retrieved from /home/airflow/.local/lib/python3.8/site-packages/airflow/example_dags/example_complex.py
[2026-05-17T03:53:06.432+0000] {logging_mixin.py:188} INFO - [2026-05-17T03:53:06.431+0000] {dag.py:3036} INFO - Sync 1 DAGs
[2026-05-17T03:53:06.451+0000] {logging_mixin.py:188} INFO - [2026-05-17T03:53:06.451+0000] {dag.py:3823} INFO - Setting next_dagrun for example_complex to None, run_after=None
[2026-05-17T03:53:06.480+0000] {processor.py:183} INFO - Processing /home/airflow/.local/lib/python3.8/site-packages/airflow/example_dags/example_complex.py took 0.133 seconds
[2026-05-17T03:53:36.982+0000] {processor.py:161} INFO - Started process (PID=4424) to work on /home/airflow/.local/lib/python3.8/site-packages/airflow/example_dags/example_complex.py
[2026-05-17T03:53:36.984+0000] {processor.py:830} INFO - Processing file /home/airflow/.local/lib/python3.8/site-packages/airflow/example_dags/example_complex.py for tasks to queue
[2026-05-17T03:53:36.986+0000] {logging_mixin.py:188} INFO - [2026-05-17T03:53:36.986+0000] {dagbag.py:538} INFO - Filling up the DagBag from /home/airflow/.local/lib/python3.8/site-packages/airflow/example_dags/example_complex.py
[2026-05-17T03:53:37.005+0000] {processor.py:840} INFO - DAG(s) 'example_complex' retrieved from /home/airflow/.local/lib/python3.8/site-packages/airflow/example_dags/example_complex.py
[2026-05-17T03:53:37.062+0000] {logging_mixin.py:188} INFO - [2026-05-17T03:53:37.062+0000] {dag.py:3036} INFO - Sync 1 DAGs
[2026-05-17T03:53:37.083+0000] {logging_mixin.py:188} INFO - [2026-05-17T03:53:37.082+0000] {dag.py:3823} INFO - Setting next_dagrun for example_complex to None, run_after=None
[2026-05-17T03:53:37.111+0000] {processor.py:183} INFO - Processing /home/airflow/.local/lib/python3.8/site-packages/airflow/example_dags/example_complex.py took 0.134 seconds
[2026-05-17T03:54:07.386+0000] {processor.py:161} INFO - Started process (PID=4489) to work on /home/airflow/.local/lib/python3.8/site-packages/airflow/example_dags/example_complex.py
[2026-05-17T03:54:07.388+0000] {processor.py:830} INFO - Processing file /home/airflow/.local/lib/python3.8/site-packages/airflow/example_dags/example_complex.py for tasks to queue
[2026-05-17T03:54:07.391+0000] {logging_mixin.py:188} INFO - [2026-05-17T03:54:07.390+0000] {dagbag.py:538} INFO - Filling up the DagBag from /home/airflow/.local/lib/python3.8/site-packages/airflow/example_dags/example_complex.py
[2026-05-17T03:54:07.414+0000] {processor.py:840} INFO - DAG(s) 'example_complex' retrieved from /home/airflow/.local/lib/python3.8/site-packages/airflow/example_dags/example_complex.py
[2026-05-17T03:54:07.484+0000] {logging_mixin.py:188} INFO - [2026-05-17T03:54:07.483+0000] {dag.py:3036} INFO - Sync 1 DAGs
[2026-05-17T03:54:07.507+0000] {logging_mixin.py:188} INFO - [2026-05-17T03:54:07.507+0000] {dag.py:3823} INFO - Setting next_dagrun for example_complex to None, run_after=None
[2026-05-17T03:54:07.538+0000] {processor.py:183} INFO - Processing /home/airflow/.local/lib/python3.8/site-packages/airflow/example_dags/example_complex.py took 0.157 seconds
[2026-05-17T03:54:37.907+0000] {processor.py:161} INFO - Started process (PID=4557) to work on /home/airflow/.local/lib/python3.8/site-packages/airflow/example_dags/example_complex.py
[2026-05-17T03:54:37.909+0000] {processor.py:830} INFO - Processing file /home/airflow/.local/lib/python3.8/site-packages/airflow/example_dags/example_complex.py for tasks to queue
[2026-05-17T03:54:37.912+0000] {logging_mixin.py:188} INFO - [2026-05-17T03:54:37.912+0000] {dagbag.py:538} INFO - Filling up the DagBag from /home/airflow/.local/lib/python3.8/site-packages/airflow/example_dags/example_complex.py
[2026-05-17T03:54:37.938+0000] {processor.py:840} INFO - DAG(s) 'example_complex' retrieved from /home/airflow/.local/lib/python3.8/site-packages/airflow/example_dags/example_complex.py
[2026-05-17T03:54:38.002+0000] {logging_mixin.py:188} INFO - [2026-05-17T03:54:38.002+0000] {dag.py:3036} INFO - Sync 1 DAGs
[2026-05-17T03:54:38.024+0000] {logging_mixin.py:188} INFO - [2026-05-17T03:54:38.023+0000] {dag.py:3823} INFO - Setting next_dagrun for example_complex to None, run_after=None
[2026-05-17T03:54:38.053+0000] {processor.py:183} INFO - Processing /home/airflow/.local/lib/python3.8/site-packages/airflow/example_dags/example_complex.py took 0.152 seconds
[2026-05-17T03:55:08.516+0000] {processor.py:161} INFO - Started process (PID=4629) to work on /home/airflow/.local/lib/python3.8/site-packages/airflow/example_dags/example_complex.py
[2026-05-17T03:55:08.518+0000] {processor.py:830} INFO - Processing file /home/airflow/.local/lib/python3.8/site-packages/airflow/example_dags/example_complex.py for tasks to queue
[2026-05-17T03:55:08.521+0000] {logging_mixin.py:188} INFO - [2026-05-17T03:55:08.521+0000] {dagbag.py:538} INFO - Filling up the DagBag from /home/airflow/.local/lib/python3.8/site-packages/airflow/example_dags/example_complex.py
[2026-05-17T03:55:08.550+0000] {processor.py:840} INFO - DAG(s) 'example_complex' retrieved from /home/airflow/.local/lib/python3.8/site-packages/airflow/example_dags/example_complex.py
[2026-05-17T03:55:08.626+0000] {logging_mixin.py:188} INFO - [2026-05-17T03:55:08.625+0000] {dag.py:3036} INFO - Sync 1 DAGs
[2026-05-17T03:55:08.648+0000] {logging_mixin.py:188} INFO - [2026-05-17T03:55:08.647+0000] {dag.py:3823} INFO - Setting next_dagrun for example_complex to None, run_after=None
[2026-05-17T03:55:08.684+0000] {processor.py:183} INFO - Processing /home/airflow/.local/lib/python3.8/site-packages/airflow/example_dags/example_complex.py took 0.174 seconds
[2026-05-17T03:55:39.256+0000] {processor.py:161} INFO - Started process (PID=4696) to work on /home/airflow/.local/lib/python3.8/site-packages/airflow/example_dags/example_complex.py
[2026-05-17T03:55:39.258+0000] {processor.py:830} INFO - Processing file /home/airflow/.local/lib/python3.8/site-packages/airflow/example_dags/example_complex.py for tasks to queue
[2026-05-17T03:55:39.261+0000] {logging_mixin.py:188} INFO - [2026-05-17T03:55:39.261+0000] {dagbag.py:538} INFO - Filling up the DagBag from /home/airflow/.local/lib/python3.8/site-packages/airflow/example_dags/example_complex.py
[2026-05-17T03:55:39.286+0000] {processor.py:840} INFO - DAG(s) 'example_complex' retrieved from /home/airflow/.local/lib/python3.8/site-packages/airflow/example_dags/example_complex.py
[2026-05-17T03:55:39.362+0000] {logging_mixin.py:188} INFO - [2026-05-17T03:55:39.362+0000] {dag.py:3036} INFO - Sync 1 DAGs
[2026-05-17T03:55:39.388+0000] {logging_mixin.py:188} INFO - [2026-05-17T03:55:39.387+0000] {dag.py:3823} INFO - Setting next_dagrun for example_complex to None, run_after=None
[2026-05-17T03:55:39.426+0000] {processor.py:183} INFO - Processing /home/airflow/.local/lib/python3.8/site-packages/airflow/example_dags/example_complex.py took 0.177 seconds
[2026-05-17T03:56:09.733+0000] {processor.py:161} INFO - Started process (PID=4762) to work on /home/airflow/.local/lib/python3.8/site-packages/airflow/example_dags/example_complex.py
[2026-05-17T03:56:09.734+0000] {processor.py:830} INFO - Processing file /home/airflow/.local/lib/python3.8/site-packages/airflow/example_dags/example_complex.py for tasks to queue
[2026-05-17T03:56:09.737+0000] {logging_mixin.py:188} INFO - [2026-05-17T03:56:09.737+0000] {dagbag.py:538} INFO - Filling up the DagBag from /home/airflow/.local/lib/python3.8/site-packages/airflow/example_dags/example_complex.py
[2026-05-17T03:56:09.758+0000] {processor.py:840} INFO - DAG(s) 'example_complex' retrieved from /home/airflow/.local/lib/python3.8/site-packages/airflow/example_dags/example_complex.py
[2026-05-17T03:56:09.819+0000] {logging_mixin.py:188} INFO - [2026-05-17T03:56:09.819+0000] {dag.py:3036} INFO - Sync 1 DAGs
[2026-05-17T03:56:09.842+0000] {logging_mixin.py:188} INFO - [2026-05-17T03:56:09.842+0000] {dag.py:3823} INFO - Setting next_dagrun for example_complex to None, run_after=None
[2026-05-17T03:56:09.876+0000] {processor.py:183} INFO - Processing /home/airflow/.local/lib/python3.8/site-packages/airflow/example_dags/example_complex.py took 0.149 seconds
[2026-05-17T03:56:40.006+0000] {processor.py:161} INFO - Started process (PID=4828) to work on /home/airflow/.local/lib/python3.8/site-packages/airflow/example_dags/example_complex.py
[2026-05-17T03:56:40.008+0000] {processor.py:830} INFO - Processing file /home/airflow/.local/lib/python3.8/site-packages/airflow/example_dags/example_complex.py for tasks to queue
[2026-05-17T03:56:40.010+0000] {logging_mixin.py:188} INFO - [2026-05-17T03:56:40.010+0000] {dagbag.py:538} INFO - Filling up the DagBag from /home/airflow/.local/lib/python3.8/site-packages/airflow/example_dags/example_complex.py
[2026-05-17T03:56:40.029+0000] {processor.py:840} INFO - DAG(s) 'example_complex' retrieved from /home/airflow/.local/lib/python3.8/site-packages/airflow/example_dags/example_complex.py
[2026-05-17T03:56:40.091+0000] {logging_mixin.py:188} INFO - [2026-05-17T03:56:40.090+0000] {dag.py:3036} INFO - Sync 1 DAGs
[2026-05-17T03:56:40.110+0000] {logging_mixin.py:188} INFO - [2026-05-17T03:56:40.110+0000] {dag.py:3823} INFO - Setting next_dagrun for example_complex to None, run_after=None
[2026-05-17T03:56:40.142+0000] {processor.py:183} INFO - Processing /home/airflow/.local/lib/python3.8/site-packages/airflow/example_dags/example_complex.py took 0.141 seconds
[2026-05-17T03:57:10.691+0000] {processor.py:161} INFO - Started process (PID=4894) to work on /home/airflow/.local/lib/python3.8/site-packages/airflow/example_dags/example_complex.py
[2026-05-17T03:57:10.695+0000] {processor.py:830} INFO - Processing file /home/airflow/.local/lib/python3.8/site-packages/airflow/example_dags/example_complex.py for tasks to queue
[2026-05-17T03:57:10.698+0000] {logging_mixin.py:188} INFO - [2026-05-17T03:57:10.698+0000] {dagbag.py:538} INFO - Filling up the DagBag from /home/airflow/.local/lib/python3.8/site-packages/airflow/example_dags/example_complex.py
[2026-05-17T03:57:10.754+0000] {processor.py:840} INFO - DAG(s) 'example_complex' retrieved from /home/airflow/.local/lib/python3.8/site-packages/airflow/example_dags/example_complex.py
[2026-05-17T03:57:10.822+0000] {logging_mixin.py:188} INFO - [2026-05-17T03:57:10.821+0000] {dag.py:3036} INFO - Sync 1 DAGs
[2026-05-17T03:57:10.844+0000] {logging_mixin.py:188} INFO - [2026-05-17T03:57:10.843+0000] {dag.py:3823} INFO - Setting next_dagrun for example_complex to None, run_after=None
[2026-05-17T03:57:10.871+0000] {processor.py:183} INFO - Processing /home/airflow/.local/lib/python3.8/site-packages/airflow/example_dags/example_complex.py took 0.192 seconds
[2026-05-17T03:57:41.121+0000] {processor.py:161} INFO - Started process (PID=4961) to work on /home/airflow/.local/lib/python3.8/site-packages/airflow/example_dags/example_complex.py
[2026-05-17T03:57:41.123+0000] {processor.py:830} INFO - Processing file /home/airflow/.local/lib/python3.8/site-packages/airflow/example_dags/example_complex.py for tasks to queue
[2026-05-17T03:57:41.126+0000] {logging_mixin.py:188} INFO - [2026-05-17T03:57:41.125+0000] {dagbag.py:538} INFO - Filling up the DagBag from /home/airflow/.local/lib/python3.8/site-packages/airflow/example_dags/example_complex.py
[2026-05-17T03:57:41.151+0000] {processor.py:840} INFO - DAG(s) 'example_complex' retrieved from /home/airflow/.local/lib/python3.8/site-packages/airflow/example_dags/example_complex.py
[2026-05-17T03:57:41.208+0000] {logging_mixin.py:188} INFO - [2026-05-17T03:57:41.208+0000] {dag.py:3036} INFO - Sync 1 DAGs
[2026-05-17T03:57:41.227+0000] {logging_mixin.py:188} INFO - [2026-05-17T03:57:41.226+0000] {dag.py:3823} INFO - Setting next_dagrun for example_complex to None, run_after=None
[2026-05-17T03:57:41.255+0000] {processor.py:183} INFO - Processing /home/airflow/.local/lib/python3.8/site-packages/airflow/example_dags/example_complex.py took 0.139 seconds
[2026-05-17T03:58:12.066+0000] {processor.py:161} INFO - Started process (PID=5027) to work on /home/airflow/.local/lib/python3.8/site-packages/airflow/example_dags/example_complex.py
[2026-05-17T03:58:12.068+0000] {processor.py:830} INFO - Processing file /home/airflow/.local/lib/python3.8/site-packages/airflow/example_dags/example_complex.py for tasks to queue
[2026-05-17T03:58:12.071+0000] {logging_mixin.py:188} INFO - [2026-05-17T03:58:12.070+0000] {dagbag.py:538} INFO - Filling up the DagBag from /home/airflow/.local/lib/python3.8/site-packages/airflow/example_dags/example_complex.py
[2026-05-17T03:58:12.094+0000] {processor.py:840} INFO - DAG(s) 'example_complex' retrieved from /home/airflow/.local/lib/python3.8/site-packages/airflow/example_dags/example_complex.py
[2026-05-17T03:58:12.151+0000] {logging_mixin.py:188} INFO - [2026-05-17T03:58:12.151+0000] {dag.py:3036} INFO - Sync 1 DAGs
[2026-05-17T03:58:12.171+0000] {logging_mixin.py:188} INFO - [2026-05-17T03:58:12.171+0000] {dag.py:3823} INFO - Setting next_dagrun for example_complex to None, run_after=None
[2026-05-17T03:58:12.202+0000] {processor.py:183} INFO - Processing /home/airflow/.local/lib/python3.8/site-packages/airflow/example_dags/example_complex.py took 0.141 seconds
[2026-05-17T03:58:43.071+0000] {processor.py:161} INFO - Started process (PID=5092) to work on /home/airflow/.local/lib/python3.8/site-packages/airflow/example_dags/example_complex.py
[2026-05-17T03:58:43.072+0000] {processor.py:830} INFO - Processing file /home/airflow/.local/lib/python3.8/site-packages/airflow/example_dags/example_complex.py for tasks to queue
[2026-05-17T03:58:43.076+0000] {logging_mixin.py:188} INFO - [2026-05-17T03:58:43.076+0000] {dagbag.py:538} INFO - Filling up the DagBag from /home/airflow/.local/lib/python3.8/site-packages/airflow/example_dags/example_complex.py
[2026-05-17T03:58:43.102+0000] {processor.py:840} INFO - DAG(s) 'example_complex' retrieved from /home/airflow/.local/lib/python3.8/site-packages/airflow/example_dags/example_complex.py
[2026-05-17T03:58:43.173+0000] {logging_mixin.py:188} INFO - [2026-05-17T03:58:43.173+0000] {dag.py:3036} INFO - Sync 1 DAGs
[2026-05-17T03:58:43.198+0000] {logging_mixin.py:188} INFO - [2026-05-17T03:58:43.197+0000] {dag.py:3823} INFO - Setting next_dagrun for example_complex to None, run_after=None
[2026-05-17T03:58:43.233+0000] {processor.py:183} INFO - Processing /home/airflow/.local/lib/python3.8/site-packages/airflow/example_dags/example_complex.py took 0.168 seconds
[2026-05-17T03:59:13.532+0000] {processor.py:161} INFO - Started process (PID=5157) to work on /home/airflow/.local/lib/python3.8/site-packages/airflow/example_dags/example_complex.py
[2026-05-17T03:59:13.534+0000] {processor.py:830} INFO - Processing file /home/airflow/.local/lib/python3.8/site-packages/airflow/example_dags/example_complex.py for tasks to queue
[2026-05-17T03:59:13.537+0000] {logging_mixin.py:188} INFO - [2026-05-17T03:59:13.537+0000] {dagbag.py:538} INFO - Filling up the DagBag from /home/airflow/.local/lib/python3.8/site-packages/airflow/example_dags/example_complex.py
[2026-05-17T03:59:13.556+0000] {processor.py:840} INFO - DAG(s) 'example_complex' retrieved from /home/airflow/.local/lib/python3.8/site-packages/airflow/example_dags/example_complex.py
[2026-05-17T03:59:13.628+0000] {logging_mixin.py:188} INFO - [2026-05-17T03:59:13.627+0000] {dag.py:3036} INFO - Sync 1 DAGs
[2026-05-17T03:59:13.655+0000] {logging_mixin.py:188} INFO - [2026-05-17T03:59:13.654+0000] {dag.py:3823} INFO - Setting next_dagrun for example_complex to None, run_after=None
[2026-05-17T03:59:13.689+0000] {processor.py:183} INFO - Processing /home/airflow/.local/lib/python3.8/site-packages/airflow/example_dags/example_complex.py took 0.162 seconds
[2026-05-17T03:59:44.430+0000] {processor.py:161} INFO - Started process (PID=5222) to work on /home/airflow/.local/lib/python3.8/site-packages/airflow/example_dags/example_complex.py
[2026-05-17T03:59:44.431+0000] {processor.py:830} INFO - Processing file /home/airflow/.local/lib/python3.8/site-packages/airflow/example_dags/example_complex.py for tasks to queue
[2026-05-17T03:59:44.433+0000] {logging_mixin.py:188} INFO - [2026-05-17T03:59:44.433+0000] {dagbag.py:538} INFO - Filling up the DagBag from /home/airflow/.local/lib/python3.8/site-packages/airflow/example_dags/example_complex.py
[2026-05-17T03:59:44.453+0000] {processor.py:840} INFO - DAG(s) 'example_complex' retrieved from /home/airflow/.local/lib/python3.8/site-packages/airflow/example_dags/example_complex.py
[2026-05-17T03:59:44.513+0000] {logging_mixin.py:188} INFO - [2026-05-17T03:59:44.512+0000] {dag.py:3036} INFO - Sync 1 DAGs
[2026-05-17T03:59:44.533+0000] {logging_mixin.py:188} INFO - [2026-05-17T03:59:44.532+0000] {dag.py:3823} INFO - Setting next_dagrun for example_complex to None, run_after=None
[2026-05-17T03:59:44.561+0000] {processor.py:183} INFO - Processing /home/airflow/.local/lib/python3.8/site-packages/airflow/example_dags/example_complex.py took 0.136 seconds
[2026-05-17T04:00:15.029+0000] {processor.py:161} INFO - Started process (PID=5294) to work on /home/airflow/.local/lib/python3.8/site-packages/airflow/example_dags/example_complex.py
[2026-05-17T04:00:15.031+0000] {processor.py:830} INFO - Processing file /home/airflow/.local/lib/python3.8/site-packages/airflow/example_dags/example_complex.py for tasks to queue
[2026-05-17T04:00:15.034+0000] {logging_mixin.py:188} INFO - [2026-05-17T04:00:15.033+0000] {dagbag.py:538} INFO - Filling up the DagBag from /home/airflow/.local/lib/python3.8/site-packages/airflow/example_dags/example_complex.py
[2026-05-17T04:00:15.055+0000] {processor.py:840} INFO - DAG(s) 'example_complex' retrieved from /home/airflow/.local/lib/python3.8/site-packages/airflow/example_dags/example_complex.py
[2026-05-17T04:00:15.124+0000] {logging_mixin.py:188} INFO - [2026-05-17T04:00:15.124+0000] {dag.py:3036} INFO - Sync 1 DAGs
[2026-05-17T04:00:15.148+0000] {logging_mixin.py:188} INFO - [2026-05-17T04:00:15.148+0000] {dag.py:3823} INFO - Setting next_dagrun for example_complex to None, run_after=None
[2026-05-17T04:00:15.183+0000] {processor.py:183} INFO - Processing /home/airflow/.local/lib/python3.8/site-packages/airflow/example_dags/example_complex.py took 0.160 seconds
[2026-05-17T04:00:45.468+0000] {processor.py:161} INFO - Started process (PID=5361) to work on /home/airflow/.local/lib/python3.8/site-packages/airflow/example_dags/example_complex.py
[2026-05-17T04:00:45.470+0000] {processor.py:830} INFO - Processing file /home/airflow/.local/lib/python3.8/site-packages/airflow/example_dags/example_complex.py for tasks to queue
[2026-05-17T04:00:45.472+0000] {logging_mixin.py:188} INFO - [2026-05-17T04:00:45.472+0000] {dagbag.py:538} INFO - Filling up the DagBag from /home/airflow/.local/lib/python3.8/site-packages/airflow/example_dags/example_complex.py
[2026-05-17T04:00:45.492+0000] {processor.py:840} INFO - DAG(s) 'example_complex' retrieved from /home/airflow/.local/lib/python3.8/site-packages/airflow/example_dags/example_complex.py
[2026-05-17T04:00:45.553+0000] {logging_mixin.py:188} INFO - [2026-05-17T04:00:45.553+0000] {dag.py:3036} INFO - Sync 1 DAGs
[2026-05-17T04:00:45.572+0000] {logging_mixin.py:188} INFO - [2026-05-17T04:00:45.572+0000] {dag.py:3823} INFO - Setting next_dagrun for example_complex to None, run_after=None
[2026-05-17T04:00:45.605+0000] {processor.py:183} INFO - Processing /home/airflow/.local/lib/python3.8/site-packages/airflow/example_dags/example_complex.py took 0.142 seconds
[2026-05-17T04:01:15.795+0000] {processor.py:161} INFO - Started process (PID=5428) to work on /home/airflow/.local/lib/python3.8/site-packages/airflow/example_dags/example_complex.py
[2026-05-17T04:01:15.796+0000] {processor.py:830} INFO - Processing file /home/airflow/.local/lib/python3.8/site-packages/airflow/example_dags/example_complex.py for tasks to queue
[2026-05-17T04:01:15.799+0000] {logging_mixin.py:188} INFO - [2026-05-17T04:01:15.798+0000] {dagbag.py:538} INFO - Filling up the DagBag from /home/airflow/.local/lib/python3.8/site-packages/airflow/example_dags/example_complex.py
[2026-05-17T04:01:15.818+0000] {processor.py:840} INFO - DAG(s) 'example_complex' retrieved from /home/airflow/.local/lib/python3.8/site-packages/airflow/example_dags/example_complex.py
[2026-05-17T04:01:15.872+0000] {logging_mixin.py:188} INFO - [2026-05-17T04:01:15.872+0000] {dag.py:3036} INFO - Sync 1 DAGs
[2026-05-17T04:01:15.894+0000] {logging_mixin.py:188} INFO - [2026-05-17T04:01:15.894+0000] {dag.py:3823} INFO - Setting next_dagrun for example_complex to None, run_after=None
[2026-05-17T04:01:15.927+0000] {processor.py:183} INFO - Processing /home/airflow/.local/lib/python3.8/site-packages/airflow/example_dags/example_complex.py took 0.137 seconds
[2026-05-17T04:01:46.174+0000] {processor.py:161} INFO - Started process (PID=5493) to work on /home/airflow/.local/lib/python3.8/site-packages/airflow/example_dags/example_complex.py
[2026-05-17T04:01:46.181+0000] {processor.py:830} INFO - Processing file /home/airflow/.local/lib/python3.8/site-packages/airflow/example_dags/example_complex.py for tasks to queue
[2026-05-17T04:01:46.195+0000] {logging_mixin.py:188} INFO - [2026-05-17T04:01:46.193+0000] {dagbag.py:538} INFO - Filling up the DagBag from /home/airflow/.local/lib/python3.8/site-packages/airflow/example_dags/example_complex.py
[2026-05-17T04:01:46.236+0000] {processor.py:840} INFO - DAG(s) 'example_complex' retrieved from /home/airflow/.local/lib/python3.8/site-packages/airflow/example_dags/example_complex.py
[2026-05-17T04:01:46.310+0000] {logging_mixin.py:188} INFO - [2026-05-17T04:01:46.310+0000] {dag.py:3036} INFO - Sync 1 DAGs
[2026-05-17T04:01:46.339+0000] {logging_mixin.py:188} INFO - [2026-05-17T04:01:46.338+0000] {dag.py:3823} INFO - Setting next_dagrun for example_complex to None, run_after=None
[2026-05-17T04:01:46.405+0000] {processor.py:183} INFO - Processing /home/airflow/.local/lib/python3.8/site-packages/airflow/example_dags/example_complex.py took 0.239 seconds
[2026-05-17T04:02:16.486+0000] {processor.py:161} INFO - Started process (PID=5558) to work on /home/airflow/.local/lib/python3.8/site-packages/airflow/example_dags/example_complex.py
[2026-05-17T04:02:16.489+0000] {processor.py:830} INFO - Processing file /home/airflow/.local/lib/python3.8/site-packages/airflow/example_dags/example_complex.py for tasks to queue
[2026-05-17T04:02:16.492+0000] {logging_mixin.py:188} INFO - [2026-05-17T04:02:16.491+0000] {dagbag.py:538} INFO - Filling up the DagBag from /home/airflow/.local/lib/python3.8/site-packages/airflow/example_dags/example_complex.py
[2026-05-17T04:02:16.519+0000] {processor.py:840} INFO - DAG(s) 'example_complex' retrieved from /home/airflow/.local/lib/python3.8/site-packages/airflow/example_dags/example_complex.py
[2026-05-17T04:02:16.587+0000] {logging_mixin.py:188} INFO - [2026-05-17T04:02:16.586+0000] {dag.py:3036} INFO - Sync 1 DAGs
[2026-05-17T04:02:16.613+0000] {logging_mixin.py:188} INFO - [2026-05-17T04:02:16.612+0000] {dag.py:3823} INFO - Setting next_dagrun for example_complex to None, run_after=None
[2026-05-17T04:02:16.652+0000] {processor.py:183} INFO - Processing /home/airflow/.local/lib/python3.8/site-packages/airflow/example_dags/example_complex.py took 0.172 seconds
[2026-05-17T04:02:46.884+0000] {processor.py:161} INFO - Started process (PID=5624) to work on /home/airflow/.local/lib/python3.8/site-packages/airflow/example_dags/example_complex.py
[2026-05-17T04:02:46.886+0000] {processor.py:830} INFO - Processing file /home/airflow/.local/lib/python3.8/site-packages/airflow/example_dags/example_complex.py for tasks to queue
[2026-05-17T04:02:46.888+0000] {logging_mixin.py:188} INFO - [2026-05-17T04:02:46.888+0000] {dagbag.py:538} INFO - Filling up the DagBag from /home/airflow/.local/lib/python3.8/site-packages/airflow/example_dags/example_complex.py
[2026-05-17T04:02:46.907+0000] {processor.py:840} INFO - DAG(s) 'example_complex' retrieved from /home/airflow/.local/lib/python3.8/site-packages/airflow/example_dags/example_complex.py
[2026-05-17T04:02:46.966+0000] {logging_mixin.py:188} INFO - [2026-05-17T04:02:46.965+0000] {dag.py:3036} INFO - Sync 1 DAGs
[2026-05-17T04:02:46.987+0000] {logging_mixin.py:188} INFO - [2026-05-17T04:02:46.986+0000] {dag.py:3823} INFO - Setting next_dagrun for example_complex to None, run_after=None
[2026-05-17T04:02:47.019+0000] {processor.py:183} INFO - Processing /home/airflow/.local/lib/python3.8/site-packages/airflow/example_dags/example_complex.py took 0.140 seconds
[2026-05-17T04:03:17.447+0000] {processor.py:161} INFO - Started process (PID=5690) to work on /home/airflow/.local/lib/python3.8/site-packages/airflow/example_dags/example_complex.py
[2026-05-17T04:03:17.448+0000] {processor.py:830} INFO - Processing file /home/airflow/.local/lib/python3.8/site-packages/airflow/example_dags/example_complex.py for tasks to queue
[2026-05-17T04:03:17.451+0000] {logging_mixin.py:188} INFO - [2026-05-17T04:03:17.450+0000] {dagbag.py:538} INFO - Filling up the DagBag from /home/airflow/.local/lib/python3.8/site-packages/airflow/example_dags/example_complex.py
[2026-05-17T04:03:17.469+0000] {processor.py:840} INFO - DAG(s) 'example_complex' retrieved from /home/airflow/.local/lib/python3.8/site-packages/airflow/example_dags/example_complex.py
[2026-05-17T04:03:17.526+0000] {logging_mixin.py:188} INFO - [2026-05-17T04:03:17.525+0000] {dag.py:3036} INFO - Sync 1 DAGs
[2026-05-17T04:03:17.548+0000] {logging_mixin.py:188} INFO - [2026-05-17T04:03:17.547+0000] {dag.py:3823} INFO - Setting next_dagrun for example_complex to None, run_after=None
[2026-05-17T04:03:17.574+0000] {processor.py:183} INFO - Processing /home/airflow/.local/lib/python3.8/site-packages/airflow/example_dags/example_complex.py took 0.132 seconds
[2026-05-17T04:03:48.085+0000] {processor.py:161} INFO - Started process (PID=5757) to work on /home/airflow/.local/lib/python3.8/site-packages/airflow/example_dags/example_complex.py
[2026-05-17T04:03:48.087+0000] {processor.py:830} INFO - Processing file /home/airflow/.local/lib/python3.8/site-packages/airflow/example_dags/example_complex.py for tasks to queue
[2026-05-17T04:03:48.090+0000] {logging_mixin.py:188} INFO - [2026-05-17T04:03:48.089+0000] {dagbag.py:538} INFO - Filling up the DagBag from /home/airflow/.local/lib/python3.8/site-packages/airflow/example_dags/example_complex.py
[2026-05-17T04:03:48.110+0000] {processor.py:840} INFO - DAG(s) 'example_complex' retrieved from /home/airflow/.local/lib/python3.8/site-packages/airflow/example_dags/example_complex.py
[2026-05-17T04:03:48.170+0000] {logging_mixin.py:188} INFO - [2026-05-17T04:03:48.170+0000] {dag.py:3036} INFO - Sync 1 DAGs
[2026-05-17T04:03:48.189+0000] {logging_mixin.py:188} INFO - [2026-05-17T04:03:48.189+0000] {dag.py:3823} INFO - Setting next_dagrun for example_complex to None, run_after=None
[2026-05-17T04:03:48.218+0000] {processor.py:183} INFO - Processing /home/airflow/.local/lib/python3.8/site-packages/airflow/example_dags/example_complex.py took 0.137 seconds
[2026-05-17T04:04:18.781+0000] {processor.py:161} INFO - Started process (PID=5822) to work on /home/airflow/.local/lib/python3.8/site-packages/airflow/example_dags/example_complex.py
[2026-05-17T04:04:18.782+0000] {processor.py:830} INFO - Processing file /home/airflow/.local/lib/python3.8/site-packages/airflow/example_dags/example_complex.py for tasks to queue
[2026-05-17T04:04:18.785+0000] {logging_mixin.py:188} INFO - [2026-05-17T04:04:18.785+0000] {dagbag.py:538} INFO - Filling up the DagBag from /home/airflow/.local/lib/python3.8/site-packages/airflow/example_dags/example_complex.py
[2026-05-17T04:04:18.805+0000] {processor.py:840} INFO - DAG(s) 'example_complex' retrieved from /home/airflow/.local/lib/python3.8/site-packages/airflow/example_dags/example_complex.py
[2026-05-17T04:04:18.867+0000] {logging_mixin.py:188} INFO - [2026-05-17T04:04:18.867+0000] {dag.py:3036} INFO - Sync 1 DAGs
[2026-05-17T04:04:18.889+0000] {logging_mixin.py:188} INFO - [2026-05-17T04:04:18.888+0000] {dag.py:3823} INFO - Setting next_dagrun for example_complex to None, run_after=None
[2026-05-17T04:04:18.919+0000] {processor.py:183} INFO - Processing /home/airflow/.local/lib/python3.8/site-packages/airflow/example_dags/example_complex.py took 0.143 seconds
[2026-05-17T04:04:49.114+0000] {processor.py:161} INFO - Started process (PID=5886) to work on /home/airflow/.local/lib/python3.8/site-packages/airflow/example_dags/example_complex.py
[2026-05-17T04:04:49.115+0000] {processor.py:830} INFO - Processing file /home/airflow/.local/lib/python3.8/site-packages/airflow/example_dags/example_complex.py for tasks to queue
[2026-05-17T04:04:49.118+0000] {logging_mixin.py:188} INFO - [2026-05-17T04:04:49.118+0000] {dagbag.py:538} INFO - Filling up the DagBag from /home/airflow/.local/lib/python3.8/site-packages/airflow/example_dags/example_complex.py
[2026-05-17T04:04:49.137+0000] {processor.py:840} INFO - DAG(s) 'example_complex' retrieved from /home/airflow/.local/lib/python3.8/site-packages/airflow/example_dags/example_complex.py
[2026-05-17T04:04:49.194+0000] {logging_mixin.py:188} INFO - [2026-05-17T04:04:49.194+0000] {dag.py:3036} INFO - Sync 1 DAGs
[2026-05-17T04:04:49.214+0000] {logging_mixin.py:188} INFO - [2026-05-17T04:04:49.213+0000] {dag.py:3823} INFO - Setting next_dagrun for example_complex to None, run_after=None
[2026-05-17T04:04:49.242+0000] {processor.py:183} INFO - Processing /home/airflow/.local/lib/python3.8/site-packages/airflow/example_dags/example_complex.py took 0.133 seconds
[2026-05-17T04:05:19.731+0000] {processor.py:161} INFO - Started process (PID=5959) to work on /home/airflow/.local/lib/python3.8/site-packages/airflow/example_dags/example_complex.py
[2026-05-17T04:05:19.732+0000] {processor.py:830} INFO - Processing file /home/airflow/.local/lib/python3.8/site-packages/airflow/example_dags/example_complex.py for tasks to queue
[2026-05-17T04:05:19.735+0000] {logging_mixin.py:188} INFO - [2026-05-17T04:05:19.735+0000] {dagbag.py:538} INFO - Filling up the DagBag from /home/airflow/.local/lib/python3.8/site-packages/airflow/example_dags/example_complex.py
[2026-05-17T04:05:19.762+0000] {processor.py:840} INFO - DAG(s) 'example_complex' retrieved from /home/airflow/.local/lib/python3.8/site-packages/airflow/example_dags/example_complex.py
[2026-05-17T04:05:19.834+0000] {logging_mixin.py:188} INFO - [2026-05-17T04:05:19.834+0000] {dag.py:3036} INFO - Sync 1 DAGs
[2026-05-17T04:05:19.856+0000] {logging_mixin.py:188} INFO - [2026-05-17T04:05:19.856+0000] {dag.py:3823} INFO - Setting next_dagrun for example_complex to None, run_after=None
[2026-05-17T04:05:19.891+0000] {processor.py:183} INFO - Processing /home/airflow/.local/lib/python3.8/site-packages/airflow/example_dags/example_complex.py took 0.166 seconds
[2026-05-17T04:05:50.097+0000] {processor.py:161} INFO - Started process (PID=6027) to work on /home/airflow/.local/lib/python3.8/site-packages/airflow/example_dags/example_complex.py
[2026-05-17T04:05:50.106+0000] {processor.py:830} INFO - Processing file /home/airflow/.local/lib/python3.8/site-packages/airflow/example_dags/example_complex.py for tasks to queue
[2026-05-17T04:05:50.117+0000] {logging_mixin.py:188} INFO - [2026-05-17T04:05:50.116+0000] {dagbag.py:538} INFO - Filling up the DagBag from /home/airflow/.local/lib/python3.8/site-packages/airflow/example_dags/example_complex.py
[2026-05-17T04:05:50.187+0000] {processor.py:840} INFO - DAG(s) 'example_complex' retrieved from /home/airflow/.local/lib/python3.8/site-packages/airflow/example_dags/example_complex.py
[2026-05-17T04:05:50.358+0000] {logging_mixin.py:188} INFO - [2026-05-17T04:05:50.358+0000] {dag.py:3036} INFO - Sync 1 DAGs
[2026-05-17T04:05:50.402+0000] {logging_mixin.py:188} INFO - [2026-05-17T04:05:50.401+0000] {dag.py:3823} INFO - Setting next_dagrun for example_complex to None, run_after=None
[2026-05-17T04:05:50.477+0000] {processor.py:183} INFO - Processing /home/airflow/.local/lib/python3.8/site-packages/airflow/example_dags/example_complex.py took 0.406 seconds
[2026-05-17T04:06:21.362+0000] {processor.py:161} INFO - Started process (PID=6093) to work on /home/airflow/.local/lib/python3.8/site-packages/airflow/example_dags/example_complex.py
[2026-05-17T04:06:21.364+0000] {processor.py:830} INFO - Processing file /home/airflow/.local/lib/python3.8/site-packages/airflow/example_dags/example_complex.py for tasks to queue
[2026-05-17T04:06:21.367+0000] {logging_mixin.py:188} INFO - [2026-05-17T04:06:21.367+0000] {dagbag.py:538} INFO - Filling up the DagBag from /home/airflow/.local/lib/python3.8/site-packages/airflow/example_dags/example_complex.py
[2026-05-17T04:06:21.394+0000] {processor.py:840} INFO - DAG(s) 'example_complex' retrieved from /home/airflow/.local/lib/python3.8/site-packages/airflow/example_dags/example_complex.py
[2026-05-17T04:06:21.466+0000] {logging_mixin.py:188} INFO - [2026-05-17T04:06:21.465+0000] {dag.py:3036} INFO - Sync 1 DAGs
[2026-05-17T04:06:21.491+0000] {logging_mixin.py:188} INFO - [2026-05-17T04:06:21.490+0000] {dag.py:3823} INFO - Setting next_dagrun for example_complex to None, run_after=None
[2026-05-17T04:06:21.531+0000] {processor.py:183} INFO - Processing /home/airflow/.local/lib/python3.8/site-packages/airflow/example_dags/example_complex.py took 0.175 seconds
[2026-05-17T04:06:52.209+0000] {processor.py:161} INFO - Started process (PID=6160) to work on /home/airflow/.local/lib/python3.8/site-packages/airflow/example_dags/example_complex.py
[2026-05-17T04:06:52.221+0000] {processor.py:830} INFO - Processing file /home/airflow/.local/lib/python3.8/site-packages/airflow/example_dags/example_complex.py for tasks to queue
[2026-05-17T04:06:52.224+0000] {logging_mixin.py:188} INFO - [2026-05-17T04:06:52.224+0000] {dagbag.py:538} INFO - Filling up the DagBag from /home/airflow/.local/lib/python3.8/site-packages/airflow/example_dags/example_complex.py
[2026-05-17T04:06:52.257+0000] {processor.py:840} INFO - DAG(s) 'example_complex' retrieved from /home/airflow/.local/lib/python3.8/site-packages/airflow/example_dags/example_complex.py
[2026-05-17T04:06:52.330+0000] {logging_mixin.py:188} INFO - [2026-05-17T04:06:52.330+0000] {dag.py:3036} INFO - Sync 1 DAGs
[2026-05-17T04:06:52.355+0000] {logging_mixin.py:188} INFO - [2026-05-17T04:06:52.355+0000] {dag.py:3823} INFO - Setting next_dagrun for example_complex to None, run_after=None
[2026-05-17T04:06:52.407+0000] {processor.py:183} INFO - Processing /home/airflow/.local/lib/python3.8/site-packages/airflow/example_dags/example_complex.py took 0.205 seconds
[2026-05-17T04:07:22.529+0000] {processor.py:161} INFO - Started process (PID=6225) to work on /home/airflow/.local/lib/python3.8/site-packages/airflow/example_dags/example_complex.py
[2026-05-17T04:07:22.530+0000] {processor.py:830} INFO - Processing file /home/airflow/.local/lib/python3.8/site-packages/airflow/example_dags/example_complex.py for tasks to queue
[2026-05-17T04:07:22.533+0000] {logging_mixin.py:188} INFO - [2026-05-17T04:07:22.532+0000] {dagbag.py:538} INFO - Filling up the DagBag from /home/airflow/.local/lib/python3.8/site-packages/airflow/example_dags/example_complex.py
[2026-05-17T04:07:22.553+0000] {processor.py:840} INFO - DAG(s) 'example_complex' retrieved from /home/airflow/.local/lib/python3.8/site-packages/airflow/example_dags/example_complex.py
[2026-05-17T04:07:22.613+0000] {logging_mixin.py:188} INFO - [2026-05-17T04:07:22.613+0000] {dag.py:3036} INFO - Sync 1 DAGs
[2026-05-17T04:07:22.637+0000] {logging_mixin.py:188} INFO - [2026-05-17T04:07:22.637+0000] {dag.py:3823} INFO - Setting next_dagrun for example_complex to None, run_after=None
[2026-05-17T04:07:22.673+0000] {processor.py:183} INFO - Processing /home/airflow/.local/lib/python3.8/site-packages/airflow/example_dags/example_complex.py took 0.149 seconds
[2026-05-17T04:07:53.056+0000] {processor.py:161} INFO - Started process (PID=6292) to work on /home/airflow/.local/lib/python3.8/site-packages/airflow/example_dags/example_complex.py
[2026-05-17T04:07:53.058+0000] {processor.py:830} INFO - Processing file /home/airflow/.local/lib/python3.8/site-packages/airflow/example_dags/example_complex.py for tasks to queue
[2026-05-17T04:07:53.061+0000] {logging_mixin.py:188} INFO - [2026-05-17T04:07:53.060+0000] {dagbag.py:538} INFO - Filling up the DagBag from /home/airflow/.local/lib/python3.8/site-packages/airflow/example_dags/example_complex.py
[2026-05-17T04:07:53.083+0000] {processor.py:840} INFO - DAG(s) 'example_complex' retrieved from /home/airflow/.local/lib/python3.8/site-packages/airflow/example_dags/example_complex.py
[2026-05-17T04:07:53.156+0000] {logging_mixin.py:188} INFO - [2026-05-17T04:07:53.155+0000] {dag.py:3036} INFO - Sync 1 DAGs
[2026-05-17T04:07:53.189+0000] {logging_mixin.py:188} INFO - [2026-05-17T04:07:53.188+0000] {dag.py:3823} INFO - Setting next_dagrun for example_complex to None, run_after=None
[2026-05-17T04:07:53.224+0000] {processor.py:183} INFO - Processing /home/airflow/.local/lib/python3.8/site-packages/airflow/example_dags/example_complex.py took 0.173 seconds
[2026-05-17T04:08:23.457+0000] {processor.py:161} INFO - Started process (PID=6359) to work on /home/airflow/.local/lib/python3.8/site-packages/airflow/example_dags/example_complex.py
[2026-05-17T04:08:23.458+0000] {processor.py:830} INFO - Processing file /home/airflow/.local/lib/python3.8/site-packages/airflow/example_dags/example_complex.py for tasks to queue
[2026-05-17T04:08:23.460+0000] {logging_mixin.py:188} INFO - [2026-05-17T04:08:23.460+0000] {dagbag.py:538} INFO - Filling up the DagBag from /home/airflow/.local/lib/python3.8/site-packages/airflow/example_dags/example_complex.py
[2026-05-17T04:08:23.479+0000] {processor.py:840} INFO - DAG(s) 'example_complex' retrieved from /home/airflow/.local/lib/python3.8/site-packages/airflow/example_dags/example_complex.py
[2026-05-17T04:08:23.534+0000] {logging_mixin.py:188} INFO - [2026-05-17T04:08:23.533+0000] {dag.py:3036} INFO - Sync 1 DAGs
[2026-05-17T04:08:23.553+0000] {logging_mixin.py:188} INFO - [2026-05-17T04:08:23.552+0000] {dag.py:3823} INFO - Setting next_dagrun for example_complex to None, run_after=None
[2026-05-17T04:08:23.583+0000] {processor.py:183} INFO - Processing /home/airflow/.local/lib/python3.8/site-packages/airflow/example_dags/example_complex.py took 0.131 seconds
[2026-05-17T04:08:54.059+0000] {processor.py:161} INFO - Started process (PID=6425) to work on /home/airflow/.local/lib/python3.8/site-packages/airflow/example_dags/example_complex.py
[2026-05-17T04:08:54.061+0000] {processor.py:830} INFO - Processing file /home/airflow/.local/lib/python3.8/site-packages/airflow/example_dags/example_complex.py for tasks to queue
[2026-05-17T04:08:54.064+0000] {logging_mixin.py:188} INFO - [2026-05-17T04:08:54.064+0000] {dagbag.py:538} INFO - Filling up the DagBag from /home/airflow/.local/lib/python3.8/site-packages/airflow/example_dags/example_complex.py
[2026-05-17T04:08:54.090+0000] {processor.py:840} INFO - DAG(s) 'example_complex' retrieved from /home/airflow/.local/lib/python3.8/site-packages/airflow/example_dags/example_complex.py
[2026-05-17T04:08:54.146+0000] {logging_mixin.py:188} INFO - [2026-05-17T04:08:54.145+0000] {dag.py:3036} INFO - Sync 1 DAGs
[2026-05-17T04:08:54.165+0000] {logging_mixin.py:188} INFO - [2026-05-17T04:08:54.164+0000] {dag.py:3823} INFO - Setting next_dagrun for example_complex to None, run_after=None
[2026-05-17T04:08:54.193+0000] {processor.py:183} INFO - Processing /home/airflow/.local/lib/python3.8/site-packages/airflow/example_dags/example_complex.py took 0.139 seconds
[2026-05-17T04:09:24.611+0000] {processor.py:161} INFO - Started process (PID=6493) to work on /home/airflow/.local/lib/python3.8/site-packages/airflow/example_dags/example_complex.py
[2026-05-17T04:09:24.613+0000] {processor.py:830} INFO - Processing file /home/airflow/.local/lib/python3.8/site-packages/airflow/example_dags/example_complex.py for tasks to queue
[2026-05-17T04:09:24.615+0000] {logging_mixin.py:188} INFO - [2026-05-17T04:09:24.615+0000] {dagbag.py:538} INFO - Filling up the DagBag from /home/airflow/.local/lib/python3.8/site-packages/airflow/example_dags/example_complex.py
[2026-05-17T04:09:24.635+0000] {processor.py:840} INFO - DAG(s) 'example_complex' retrieved from /home/airflow/.local/lib/python3.8/site-packages/airflow/example_dags/example_complex.py
[2026-05-17T04:09:24.693+0000] {logging_mixin.py:188} INFO - [2026-05-17T04:09:24.693+0000] {dag.py:3036} INFO - Sync 1 DAGs
[2026-05-17T04:09:24.716+0000] {logging_mixin.py:188} INFO - [2026-05-17T04:09:24.715+0000] {dag.py:3823} INFO - Setting next_dagrun for example_complex to None, run_after=None
[2026-05-17T04:09:24.746+0000] {processor.py:183} INFO - Processing /home/airflow/.local/lib/python3.8/site-packages/airflow/example_dags/example_complex.py took 0.141 seconds
[2026-05-17T04:09:54.802+0000] {processor.py:161} INFO - Started process (PID=6559) to work on /home/airflow/.local/lib/python3.8/site-packages/airflow/example_dags/example_complex.py
[2026-05-17T04:09:54.804+0000] {processor.py:830} INFO - Processing file /home/airflow/.local/lib/python3.8/site-packages/airflow/example_dags/example_complex.py for tasks to queue
[2026-05-17T04:09:54.806+0000] {logging_mixin.py:188} INFO - [2026-05-17T04:09:54.806+0000] {dagbag.py:538} INFO - Filling up the DagBag from /home/airflow/.local/lib/python3.8/site-packages/airflow/example_dags/example_complex.py
[2026-05-17T04:09:54.825+0000] {processor.py:840} INFO - DAG(s) 'example_complex' retrieved from /home/airflow/.local/lib/python3.8/site-packages/airflow/example_dags/example_complex.py
[2026-05-17T04:09:54.884+0000] {logging_mixin.py:188} INFO - [2026-05-17T04:09:54.884+0000] {dag.py:3036} INFO - Sync 1 DAGs
[2026-05-17T04:09:54.905+0000] {logging_mixin.py:188} INFO - [2026-05-17T04:09:54.905+0000] {dag.py:3823} INFO - Setting next_dagrun for example_complex to None, run_after=None
[2026-05-17T04:09:54.933+0000] {processor.py:183} INFO - Processing /home/airflow/.local/lib/python3.8/site-packages/airflow/example_dags/example_complex.py took 0.136 seconds
[2026-05-17T04:10:25.233+0000] {processor.py:161} INFO - Started process (PID=6625) to work on /home/airflow/.local/lib/python3.8/site-packages/airflow/example_dags/example_complex.py
[2026-05-17T04:10:25.234+0000] {processor.py:830} INFO - Processing file /home/airflow/.local/lib/python3.8/site-packages/airflow/example_dags/example_complex.py for tasks to queue
[2026-05-17T04:10:25.237+0000] {logging_mixin.py:188} INFO - [2026-05-17T04:10:25.237+0000] {dagbag.py:538} INFO - Filling up the DagBag from /home/airflow/.local/lib/python3.8/site-packages/airflow/example_dags/example_complex.py
[2026-05-17T04:10:25.256+0000] {processor.py:840} INFO - DAG(s) 'example_complex' retrieved from /home/airflow/.local/lib/python3.8/site-packages/airflow/example_dags/example_complex.py
[2026-05-17T04:10:25.328+0000] {logging_mixin.py:188} INFO - [2026-05-17T04:10:25.327+0000] {dag.py:3036} INFO - Sync 1 DAGs
[2026-05-17T04:10:25.349+0000] {logging_mixin.py:188} INFO - [2026-05-17T04:10:25.349+0000] {dag.py:3823} INFO - Setting next_dagrun for example_complex to None, run_after=None
[2026-05-17T04:10:25.382+0000] {processor.py:183} INFO - Processing /home/airflow/.local/lib/python3.8/site-packages/airflow/example_dags/example_complex.py took 0.154 seconds
[2026-05-17T04:10:55.569+0000] {processor.py:161} INFO - Started process (PID=6690) to work on /home/airflow/.local/lib/python3.8/site-packages/airflow/example_dags/example_complex.py
[2026-05-17T04:10:55.571+0000] {processor.py:830} INFO - Processing file /home/airflow/.local/lib/python3.8/site-packages/airflow/example_dags/example_complex.py for tasks to queue
[2026-05-17T04:10:55.576+0000] {logging_mixin.py:188} INFO - [2026-05-17T04:10:55.575+0000] {dagbag.py:538} INFO - Filling up the DagBag from /home/airflow/.local/lib/python3.8/site-packages/airflow/example_dags/example_complex.py
[2026-05-17T04:10:55.596+0000] {processor.py:840} INFO - DAG(s) 'example_complex' retrieved from /home/airflow/.local/lib/python3.8/site-packages/airflow/example_dags/example_complex.py
[2026-05-17T04:10:55.653+0000] {logging_mixin.py:188} INFO - [2026-05-17T04:10:55.653+0000] {dag.py:3036} INFO - Sync 1 DAGs
[2026-05-17T04:10:55.673+0000] {logging_mixin.py:188} INFO - [2026-05-17T04:10:55.672+0000] {dag.py:3823} INFO - Setting next_dagrun for example_complex to None, run_after=None
[2026-05-17T04:10:55.704+0000] {processor.py:183} INFO - Processing /home/airflow/.local/lib/python3.8/site-packages/airflow/example_dags/example_complex.py took 0.140 seconds
[2026-05-17T04:11:26.302+0000] {processor.py:161} INFO - Started process (PID=6755) to work on /home/airflow/.local/lib/python3.8/site-packages/airflow/example_dags/example_complex.py
[2026-05-17T04:11:26.304+0000] {processor.py:830} INFO - Processing file /home/airflow/.local/lib/python3.8/site-packages/airflow/example_dags/example_complex.py for tasks to queue
[2026-05-17T04:11:26.306+0000] {logging_mixin.py:188} INFO - [2026-05-17T04:11:26.306+0000] {dagbag.py:538} INFO - Filling up the DagBag from /home/airflow/.local/lib/python3.8/site-packages/airflow/example_dags/example_complex.py
[2026-05-17T04:11:26.328+0000] {processor.py:840} INFO - DAG(s) 'example_complex' retrieved from /home/airflow/.local/lib/python3.8/site-packages/airflow/example_dags/example_complex.py
[2026-05-17T04:11:26.383+0000] {logging_mixin.py:188} INFO - [2026-05-17T04:11:26.383+0000] {dag.py:3036} INFO - Sync 1 DAGs
[2026-05-17T04:11:26.404+0000] {logging_mixin.py:188} INFO - [2026-05-17T04:11:26.404+0000] {dag.py:3823} INFO - Setting next_dagrun for example_complex to None, run_after=None
[2026-05-17T04:11:26.436+0000] {processor.py:183} INFO - Processing /home/airflow/.local/lib/python3.8/site-packages/airflow/example_dags/example_complex.py took 0.139 seconds
[2026-05-17T04:11:57.111+0000] {processor.py:161} INFO - Started process (PID=6830) to work on /home/airflow/.local/lib/python3.8/site-packages/airflow/example_dags/example_complex.py
[2026-05-17T04:11:57.113+0000] {processor.py:830} INFO - Processing file /home/airflow/.local/lib/python3.8/site-packages/airflow/example_dags/example_complex.py for tasks to queue
[2026-05-17T04:11:57.116+0000] {logging_mixin.py:188} INFO - [2026-05-17T04:11:57.115+0000] {dagbag.py:538} INFO - Filling up the DagBag from /home/airflow/.local/lib/python3.8/site-packages/airflow/example_dags/example_complex.py
[2026-05-17T04:11:57.140+0000] {processor.py:840} INFO - DAG(s) 'example_complex' retrieved from /home/airflow/.local/lib/python3.8/site-packages/airflow/example_dags/example_complex.py
[2026-05-17T04:11:57.212+0000] {logging_mixin.py:188} INFO - [2026-05-17T04:11:57.212+0000] {dag.py:3036} INFO - Sync 1 DAGs
[2026-05-17T04:11:57.238+0000] {logging_mixin.py:188} INFO - [2026-05-17T04:11:57.238+0000] {dag.py:3823} INFO - Setting next_dagrun for example_complex to None, run_after=None
[2026-05-17T04:11:57.273+0000] {processor.py:183} INFO - Processing /home/airflow/.local/lib/python3.8/site-packages/airflow/example_dags/example_complex.py took 0.167 seconds
[2026-05-17T04:12:27.590+0000] {processor.py:161} INFO - Started process (PID=6897) to work on /home/airflow/.local/lib/python3.8/site-packages/airflow/example_dags/example_complex.py
[2026-05-17T04:12:27.592+0000] {processor.py:830} INFO - Processing file /home/airflow/.local/lib/python3.8/site-packages/airflow/example_dags/example_complex.py for tasks to queue
[2026-05-17T04:12:27.594+0000] {logging_mixin.py:188} INFO - [2026-05-17T04:12:27.594+0000] {dagbag.py:538} INFO - Filling up the DagBag from /home/airflow/.local/lib/python3.8/site-packages/airflow/example_dags/example_complex.py
[2026-05-17T04:12:27.614+0000] {processor.py:840} INFO - DAG(s) 'example_complex' retrieved from /home/airflow/.local/lib/python3.8/site-packages/airflow/example_dags/example_complex.py
[2026-05-17T04:12:27.674+0000] {logging_mixin.py:188} INFO - [2026-05-17T04:12:27.674+0000] {dag.py:3036} INFO - Sync 1 DAGs
[2026-05-17T04:12:27.696+0000] {logging_mixin.py:188} INFO - [2026-05-17T04:12:27.695+0000] {dag.py:3823} INFO - Setting next_dagrun for example_complex to None, run_after=None
[2026-05-17T04:12:27.728+0000] {processor.py:183} INFO - Processing /home/airflow/.local/lib/python3.8/site-packages/airflow/example_dags/example_complex.py took 0.142 seconds
[2026-05-17T04:12:58.228+0000] {processor.py:161} INFO - Started process (PID=6962) to work on /home/airflow/.local/lib/python3.8/site-packages/airflow/example_dags/example_complex.py
[2026-05-17T04:12:58.230+0000] {processor.py:830} INFO - Processing file /home/airflow/.local/lib/python3.8/site-packages/airflow/example_dags/example_complex.py for tasks to queue
[2026-05-17T04:12:58.232+0000] {logging_mixin.py:188} INFO - [2026-05-17T04:12:58.232+0000] {dagbag.py:538} INFO - Filling up the DagBag from /home/airflow/.local/lib/python3.8/site-packages/airflow/example_dags/example_complex.py
[2026-05-17T04:12:58.251+0000] {processor.py:840} INFO - DAG(s) 'example_complex' retrieved from /home/airflow/.local/lib/python3.8/site-packages/airflow/example_dags/example_complex.py
[2026-05-17T04:12:58.307+0000] {logging_mixin.py:188} INFO - [2026-05-17T04:12:58.307+0000] {dag.py:3036} INFO - Sync 1 DAGs
[2026-05-17T04:12:58.329+0000] {logging_mixin.py:188} INFO - [2026-05-17T04:12:58.329+0000] {dag.py:3823} INFO - Setting next_dagrun for example_complex to None, run_after=None
[2026-05-17T04:12:58.358+0000] {processor.py:183} INFO - Processing /home/airflow/.local/lib/python3.8/site-packages/airflow/example_dags/example_complex.py took 0.134 seconds
[2026-05-17T04:13:28.860+0000] {processor.py:161} INFO - Started process (PID=7029) to work on /home/airflow/.local/lib/python3.8/site-packages/airflow/example_dags/example_complex.py
[2026-05-17T04:13:28.861+0000] {processor.py:830} INFO - Processing file /home/airflow/.local/lib/python3.8/site-packages/airflow/example_dags/example_complex.py for tasks to queue
[2026-05-17T04:13:28.864+0000] {logging_mixin.py:188} INFO - [2026-05-17T04:13:28.864+0000] {dagbag.py:538} INFO - Filling up the DagBag from /home/airflow/.local/lib/python3.8/site-packages/airflow/example_dags/example_complex.py
[2026-05-17T04:13:28.892+0000] {processor.py:840} INFO - DAG(s) 'example_complex' retrieved from /home/airflow/.local/lib/python3.8/site-packages/airflow/example_dags/example_complex.py
[2026-05-17T04:13:28.951+0000] {logging_mixin.py:188} INFO - [2026-05-17T04:13:28.951+0000] {dag.py:3036} INFO - Sync 1 DAGs
[2026-05-17T04:13:28.974+0000] {logging_mixin.py:188} INFO - [2026-05-17T04:13:28.973+0000] {dag.py:3823} INFO - Setting next_dagrun for example_complex to None, run_after=None
[2026-05-17T04:13:29.007+0000] {processor.py:183} INFO - Processing /home/airflow/.local/lib/python3.8/site-packages/airflow/example_dags/example_complex.py took 0.153 seconds
[2026-05-17T04:13:59.138+0000] {processor.py:161} INFO - Started process (PID=7095) to work on /home/airflow/.local/lib/python3.8/site-packages/airflow/example_dags/example_complex.py
[2026-05-17T04:13:59.140+0000] {processor.py:830} INFO - Processing file /home/airflow/.local/lib/python3.8/site-packages/airflow/example_dags/example_complex.py for tasks to queue
[2026-05-17T04:13:59.142+0000] {logging_mixin.py:188} INFO - [2026-05-17T04:13:59.142+0000] {dagbag.py:538} INFO - Filling up the DagBag from /home/airflow/.local/lib/python3.8/site-packages/airflow/example_dags/example_complex.py
[2026-05-17T04:13:59.160+0000] {processor.py:840} INFO - DAG(s) 'example_complex' retrieved from /home/airflow/.local/lib/python3.8/site-packages/airflow/example_dags/example_complex.py
[2026-05-17T04:13:59.228+0000] {logging_mixin.py:188} INFO - [2026-05-17T04:13:59.228+0000] {dag.py:3036} INFO - Sync 1 DAGs
[2026-05-17T04:13:59.248+0000] {logging_mixin.py:188} INFO - [2026-05-17T04:13:59.247+0000] {dag.py:3823} INFO - Setting next_dagrun for example_complex to None, run_after=None
[2026-05-17T04:13:59.294+0000] {processor.py:183} INFO - Processing /home/airflow/.local/lib/python3.8/site-packages/airflow/example_dags/example_complex.py took 0.160 seconds
[2026-05-17T04:14:29.771+0000] {processor.py:161} INFO - Started process (PID=7162) to work on /home/airflow/.local/lib/python3.8/site-packages/airflow/example_dags/example_complex.py
[2026-05-17T04:14:29.772+0000] {processor.py:830} INFO - Processing file /home/airflow/.local/lib/python3.8/site-packages/airflow/example_dags/example_complex.py for tasks to queue
[2026-05-17T04:14:29.775+0000] {logging_mixin.py:188} INFO - [2026-05-17T04:14:29.774+0000] {dagbag.py:538} INFO - Filling up the DagBag from /home/airflow/.local/lib/python3.8/site-packages/airflow/example_dags/example_complex.py
[2026-05-17T04:14:29.794+0000] {processor.py:840} INFO - DAG(s) 'example_complex' retrieved from /home/airflow/.local/lib/python3.8/site-packages/airflow/example_dags/example_complex.py
[2026-05-17T04:14:29.852+0000] {logging_mixin.py:188} INFO - [2026-05-17T04:14:29.852+0000] {dag.py:3036} INFO - Sync 1 DAGs
[2026-05-17T04:14:29.872+0000] {logging_mixin.py:188} INFO - [2026-05-17T04:14:29.871+0000] {dag.py:3823} INFO - Setting next_dagrun for example_complex to None, run_after=None
[2026-05-17T04:14:29.902+0000] {processor.py:183} INFO - Processing /home/airflow/.local/lib/python3.8/site-packages/airflow/example_dags/example_complex.py took 0.135 seconds
[2026-05-17T04:15:00.168+0000] {processor.py:161} INFO - Started process (PID=7229) to work on /home/airflow/.local/lib/python3.8/site-packages/airflow/example_dags/example_complex.py
[2026-05-17T04:15:00.171+0000] {processor.py:830} INFO - Processing file /home/airflow/.local/lib/python3.8/site-packages/airflow/example_dags/example_complex.py for tasks to queue
[2026-05-17T04:15:00.174+0000] {logging_mixin.py:188} INFO - [2026-05-17T04:15:00.173+0000] {dagbag.py:538} INFO - Filling up the DagBag from /home/airflow/.local/lib/python3.8/site-packages/airflow/example_dags/example_complex.py
[2026-05-17T04:15:00.193+0000] {processor.py:840} INFO - DAG(s) 'example_complex' retrieved from /home/airflow/.local/lib/python3.8/site-packages/airflow/example_dags/example_complex.py
[2026-05-17T04:15:00.257+0000] {logging_mixin.py:188} INFO - [2026-05-17T04:15:00.256+0000] {dag.py:3036} INFO - Sync 1 DAGs
[2026-05-17T04:15:00.278+0000] {logging_mixin.py:188} INFO - [2026-05-17T04:15:00.278+0000] {dag.py:3823} INFO - Setting next_dagrun for example_complex to None, run_after=None
[2026-05-17T04:15:00.310+0000] {processor.py:183} INFO - Processing /home/airflow/.local/lib/python3.8/site-packages/airflow/example_dags/example_complex.py took 0.148 seconds
[2026-05-17T04:15:30.829+0000] {processor.py:161} INFO - Started process (PID=7295) to work on /home/airflow/.local/lib/python3.8/site-packages/airflow/example_dags/example_complex.py
[2026-05-17T04:15:30.830+0000] {processor.py:830} INFO - Processing file /home/airflow/.local/lib/python3.8/site-packages/airflow/example_dags/example_complex.py for tasks to queue
[2026-05-17T04:15:30.833+0000] {logging_mixin.py:188} INFO - [2026-05-17T04:15:30.832+0000] {dagbag.py:538} INFO - Filling up the DagBag from /home/airflow/.local/lib/python3.8/site-packages/airflow/example_dags/example_complex.py
[2026-05-17T04:15:30.854+0000] {processor.py:840} INFO - DAG(s) 'example_complex' retrieved from /home/airflow/.local/lib/python3.8/site-packages/airflow/example_dags/example_complex.py
[2026-05-17T04:15:30.911+0000] {logging_mixin.py:188} INFO - [2026-05-17T04:15:30.911+0000] {dag.py:3036} INFO - Sync 1 DAGs
[2026-05-17T04:15:30.931+0000] {logging_mixin.py:188} INFO - [2026-05-17T04:15:30.931+0000] {dag.py:3823} INFO - Setting next_dagrun for example_complex to None, run_after=None
[2026-05-17T04:15:30.960+0000] {processor.py:183} INFO - Processing /home/airflow/.local/lib/python3.8/site-packages/airflow/example_dags/example_complex.py took 0.137 seconds
[2026-05-17T04:16:01.676+0000] {processor.py:161} INFO - Started process (PID=7362) to work on /home/airflow/.local/lib/python3.8/site-packages/airflow/example_dags/example_complex.py
[2026-05-17T04:16:01.679+0000] {processor.py:830} INFO - Processing file /home/airflow/.local/lib/python3.8/site-packages/airflow/example_dags/example_complex.py for tasks to queue
[2026-05-17T04:16:01.682+0000] {logging_mixin.py:188} INFO - [2026-05-17T04:16:01.681+0000] {dagbag.py:538} INFO - Filling up the DagBag from /home/airflow/.local/lib/python3.8/site-packages/airflow/example_dags/example_complex.py
[2026-05-17T04:16:01.705+0000] {processor.py:840} INFO - DAG(s) 'example_complex' retrieved from /home/airflow/.local/lib/python3.8/site-packages/airflow/example_dags/example_complex.py
[2026-05-17T04:16:01.768+0000] {logging_mixin.py:188} INFO - [2026-05-17T04:16:01.767+0000] {dag.py:3036} INFO - Sync 1 DAGs
[2026-05-17T04:16:01.788+0000] {logging_mixin.py:188} INFO - [2026-05-17T04:16:01.788+0000] {dag.py:3823} INFO - Setting next_dagrun for example_complex to None, run_after=None
[2026-05-17T04:16:01.823+0000] {processor.py:183} INFO - Processing /home/airflow/.local/lib/python3.8/site-packages/airflow/example_dags/example_complex.py took 0.153 seconds
[2026-05-17T04:16:32.075+0000] {processor.py:161} INFO - Started process (PID=7428) to work on /home/airflow/.local/lib/python3.8/site-packages/airflow/example_dags/example_complex.py
[2026-05-17T04:16:32.076+0000] {processor.py:830} INFO - Processing file /home/airflow/.local/lib/python3.8/site-packages/airflow/example_dags/example_complex.py for tasks to queue
[2026-05-17T04:16:32.079+0000] {logging_mixin.py:188} INFO - [2026-05-17T04:16:32.078+0000] {dagbag.py:538} INFO - Filling up the DagBag from /home/airflow/.local/lib/python3.8/site-packages/airflow/example_dags/example_complex.py
[2026-05-17T04:16:32.097+0000] {processor.py:840} INFO - DAG(s) 'example_complex' retrieved from /home/airflow/.local/lib/python3.8/site-packages/airflow/example_dags/example_complex.py
[2026-05-17T04:16:32.151+0000] {logging_mixin.py:188} INFO - [2026-05-17T04:16:32.151+0000] {dag.py:3036} INFO - Sync 1 DAGs
[2026-05-17T04:16:32.172+0000] {logging_mixin.py:188} INFO - [2026-05-17T04:16:32.171+0000] {dag.py:3823} INFO - Setting next_dagrun for example_complex to None, run_after=None
[2026-05-17T04:16:32.201+0000] {processor.py:183} INFO - Processing /home/airflow/.local/lib/python3.8/site-packages/airflow/example_dags/example_complex.py took 0.131 seconds
[2026-05-17T04:17:02.418+0000] {processor.py:161} INFO - Started process (PID=7500) to work on /home/airflow/.local/lib/python3.8/site-packages/airflow/example_dags/example_complex.py
[2026-05-17T04:17:02.420+0000] {processor.py:830} INFO - Processing file /home/airflow/.local/lib/python3.8/site-packages/airflow/example_dags/example_complex.py for tasks to queue
[2026-05-17T04:17:02.423+0000] {logging_mixin.py:188} INFO - [2026-05-17T04:17:02.422+0000] {dagbag.py:538} INFO - Filling up the DagBag from /home/airflow/.local/lib/python3.8/site-packages/airflow/example_dags/example_complex.py
[2026-05-17T04:17:02.448+0000] {processor.py:840} INFO - DAG(s) 'example_complex' retrieved from /home/airflow/.local/lib/python3.8/site-packages/airflow/example_dags/example_complex.py
[2026-05-17T04:17:02.519+0000] {logging_mixin.py:188} INFO - [2026-05-17T04:17:02.518+0000] {dag.py:3036} INFO - Sync 1 DAGs
[2026-05-17T04:17:02.544+0000] {logging_mixin.py:188} INFO - [2026-05-17T04:17:02.543+0000] {dag.py:3823} INFO - Setting next_dagrun for example_complex to None, run_after=None
[2026-05-17T04:17:02.582+0000] {processor.py:183} INFO - Processing /home/airflow/.local/lib/python3.8/site-packages/airflow/example_dags/example_complex.py took 0.170 seconds
[2026-05-17T04:17:32.852+0000] {processor.py:161} INFO - Started process (PID=7566) to work on /home/airflow/.local/lib/python3.8/site-packages/airflow/example_dags/example_complex.py
[2026-05-17T04:17:32.854+0000] {processor.py:830} INFO - Processing file /home/airflow/.local/lib/python3.8/site-packages/airflow/example_dags/example_complex.py for tasks to queue
[2026-05-17T04:17:32.857+0000] {logging_mixin.py:188} INFO - [2026-05-17T04:17:32.857+0000] {dagbag.py:538} INFO - Filling up the DagBag from /home/airflow/.local/lib/python3.8/site-packages/airflow/example_dags/example_complex.py
[2026-05-17T04:17:32.900+0000] {processor.py:840} INFO - DAG(s) 'example_complex' retrieved from /home/airflow/.local/lib/python3.8/site-packages/airflow/example_dags/example_complex.py
[2026-05-17T04:17:32.976+0000] {logging_mixin.py:188} INFO - [2026-05-17T04:17:32.976+0000] {dag.py:3036} INFO - Sync 1 DAGs
[2026-05-17T04:17:33.004+0000] {logging_mixin.py:188} INFO - [2026-05-17T04:17:33.003+0000] {dag.py:3823} INFO - Setting next_dagrun for example_complex to None, run_after=None
[2026-05-17T04:17:33.041+0000] {processor.py:183} INFO - Processing /home/airflow/.local/lib/python3.8/site-packages/airflow/example_dags/example_complex.py took 0.195 seconds
[2026-05-17T04:18:03.178+0000] {processor.py:161} INFO - Started process (PID=7633) to work on /home/airflow/.local/lib/python3.8/site-packages/airflow/example_dags/example_complex.py
[2026-05-17T04:18:03.181+0000] {processor.py:830} INFO - Processing file /home/airflow/.local/lib/python3.8/site-packages/airflow/example_dags/example_complex.py for tasks to queue
[2026-05-17T04:18:03.184+0000] {logging_mixin.py:188} INFO - [2026-05-17T04:18:03.183+0000] {dagbag.py:538} INFO - Filling up the DagBag from /home/airflow/.local/lib/python3.8/site-packages/airflow/example_dags/example_complex.py
[2026-05-17T04:18:03.210+0000] {processor.py:840} INFO - DAG(s) 'example_complex' retrieved from /home/airflow/.local/lib/python3.8/site-packages/airflow/example_dags/example_complex.py
[2026-05-17T04:18:03.298+0000] {logging_mixin.py:188} INFO - [2026-05-17T04:18:03.297+0000] {dag.py:3036} INFO - Sync 1 DAGs
[2026-05-17T04:18:03.324+0000] {logging_mixin.py:188} INFO - [2026-05-17T04:18:03.324+0000] {dag.py:3823} INFO - Setting next_dagrun for example_complex to None, run_after=None
[2026-05-17T04:18:03.380+0000] {processor.py:183} INFO - Processing /home/airflow/.local/lib/python3.8/site-packages/airflow/example_dags/example_complex.py took 0.208 seconds
[2026-05-17T04:18:33.439+0000] {processor.py:161} INFO - Started process (PID=7701) to work on /home/airflow/.local/lib/python3.8/site-packages/airflow/example_dags/example_complex.py
[2026-05-17T04:18:33.440+0000] {processor.py:830} INFO - Processing file /home/airflow/.local/lib/python3.8/site-packages/airflow/example_dags/example_complex.py for tasks to queue
[2026-05-17T04:18:33.442+0000] {logging_mixin.py:188} INFO - [2026-05-17T04:18:33.442+0000] {dagbag.py:538} INFO - Filling up the DagBag from /home/airflow/.local/lib/python3.8/site-packages/airflow/example_dags/example_complex.py
[2026-05-17T04:18:33.463+0000] {processor.py:840} INFO - DAG(s) 'example_complex' retrieved from /home/airflow/.local/lib/python3.8/site-packages/airflow/example_dags/example_complex.py
[2026-05-17T04:18:33.519+0000] {logging_mixin.py:188} INFO - [2026-05-17T04:18:33.519+0000] {dag.py:3036} INFO - Sync 1 DAGs
[2026-05-17T04:18:33.540+0000] {logging_mixin.py:188} INFO - [2026-05-17T04:18:33.539+0000] {dag.py:3823} INFO - Setting next_dagrun for example_complex to None, run_after=None
[2026-05-17T04:18:33.570+0000] {processor.py:183} INFO - Processing /home/airflow/.local/lib/python3.8/site-packages/airflow/example_dags/example_complex.py took 0.137 seconds
[2026-05-17T04:19:03.873+0000] {processor.py:161} INFO - Started process (PID=7766) to work on /home/airflow/.local/lib/python3.8/site-packages/airflow/example_dags/example_complex.py
[2026-05-17T04:19:03.875+0000] {processor.py:830} INFO - Processing file /home/airflow/.local/lib/python3.8/site-packages/airflow/example_dags/example_complex.py for tasks to queue
[2026-05-17T04:19:03.877+0000] {logging_mixin.py:188} INFO - [2026-05-17T04:19:03.877+0000] {dagbag.py:538} INFO - Filling up the DagBag from /home/airflow/.local/lib/python3.8/site-packages/airflow/example_dags/example_complex.py
[2026-05-17T04:19:03.898+0000] {processor.py:840} INFO - DAG(s) 'example_complex' retrieved from /home/airflow/.local/lib/python3.8/site-packages/airflow/example_dags/example_complex.py
[2026-05-17T04:19:03.960+0000] {logging_mixin.py:188} INFO - [2026-05-17T04:19:03.960+0000] {dag.py:3036} INFO - Sync 1 DAGs
[2026-05-17T04:19:03.981+0000] {logging_mixin.py:188} INFO - [2026-05-17T04:19:03.980+0000] {dag.py:3823} INFO - Setting next_dagrun for example_complex to None, run_after=None
[2026-05-17T04:19:04.010+0000] {processor.py:183} INFO - Processing /home/airflow/.local/lib/python3.8/site-packages/airflow/example_dags/example_complex.py took 0.142 seconds
[2026-05-17T04:19:34.146+0000] {processor.py:161} INFO - Started process (PID=7831) to work on /home/airflow/.local/lib/python3.8/site-packages/airflow/example_dags/example_complex.py
[2026-05-17T04:19:34.148+0000] {processor.py:830} INFO - Processing file /home/airflow/.local/lib/python3.8/site-packages/airflow/example_dags/example_complex.py for tasks to queue
[2026-05-17T04:19:34.151+0000] {logging_mixin.py:188} INFO - [2026-05-17T04:19:34.150+0000] {dagbag.py:538} INFO - Filling up the DagBag from /home/airflow/.local/lib/python3.8/site-packages/airflow/example_dags/example_complex.py
[2026-05-17T04:19:34.170+0000] {processor.py:840} INFO - DAG(s) 'example_complex' retrieved from /home/airflow/.local/lib/python3.8/site-packages/airflow/example_dags/example_complex.py
[2026-05-17T04:19:34.228+0000] {logging_mixin.py:188} INFO - [2026-05-17T04:19:34.227+0000] {dag.py:3036} INFO - Sync 1 DAGs
[2026-05-17T04:19:34.248+0000] {logging_mixin.py:188} INFO - [2026-05-17T04:19:34.247+0000] {dag.py:3823} INFO - Setting next_dagrun for example_complex to None, run_after=None
[2026-05-17T04:19:34.277+0000] {processor.py:183} INFO - Processing /home/airflow/.local/lib/python3.8/site-packages/airflow/example_dags/example_complex.py took 0.135 seconds
[2026-05-17T04:20:04.353+0000] {processor.py:161} INFO - Started process (PID=7898) to work on /home/airflow/.local/lib/python3.8/site-packages/airflow/example_dags/example_complex.py
[2026-05-17T04:20:04.355+0000] {processor.py:830} INFO - Processing file /home/airflow/.local/lib/python3.8/site-packages/airflow/example_dags/example_complex.py for tasks to queue
[2026-05-17T04:20:04.357+0000] {logging_mixin.py:188} INFO - [2026-05-17T04:20:04.357+0000] {dagbag.py:538} INFO - Filling up the DagBag from /home/airflow/.local/lib/python3.8/site-packages/airflow/example_dags/example_complex.py
[2026-05-17T04:20:04.378+0000] {processor.py:840} INFO - DAG(s) 'example_complex' retrieved from /home/airflow/.local/lib/python3.8/site-packages/airflow/example_dags/example_complex.py
[2026-05-17T04:20:04.436+0000] {logging_mixin.py:188} INFO - [2026-05-17T04:20:04.435+0000] {dag.py:3036} INFO - Sync 1 DAGs
[2026-05-17T04:20:04.458+0000] {logging_mixin.py:188} INFO - [2026-05-17T04:20:04.457+0000] {dag.py:3823} INFO - Setting next_dagrun for example_complex to None, run_after=None
[2026-05-17T04:20:04.489+0000] {processor.py:183} INFO - Processing /home/airflow/.local/lib/python3.8/site-packages/airflow/example_dags/example_complex.py took 0.141 seconds
[2026-05-17T04:20:34.963+0000] {processor.py:161} INFO - Started process (PID=7964) to work on /home/airflow/.local/lib/python3.8/site-packages/airflow/example_dags/example_complex.py
[2026-05-17T04:20:34.965+0000] {processor.py:830} INFO - Processing file /home/airflow/.local/lib/python3.8/site-packages/airflow/example_dags/example_complex.py for tasks to queue
[2026-05-17T04:20:34.968+0000] {logging_mixin.py:188} INFO - [2026-05-17T04:20:34.967+0000] {dagbag.py:538} INFO - Filling up the DagBag from /home/airflow/.local/lib/python3.8/site-packages/airflow/example_dags/example_complex.py
[2026-05-17T04:20:34.987+0000] {processor.py:840} INFO - DAG(s) 'example_complex' retrieved from /home/airflow/.local/lib/python3.8/site-packages/airflow/example_dags/example_complex.py
[2026-05-17T04:20:35.041+0000] {logging_mixin.py:188} INFO - [2026-05-17T04:20:35.040+0000] {dag.py:3036} INFO - Sync 1 DAGs
[2026-05-17T04:20:35.061+0000] {logging_mixin.py:188} INFO - [2026-05-17T04:20:35.061+0000] {dag.py:3823} INFO - Setting next_dagrun for example_complex to None, run_after=None
[2026-05-17T04:20:35.089+0000] {processor.py:183} INFO - Processing /home/airflow/.local/lib/python3.8/site-packages/airflow/example_dags/example_complex.py took 0.131 seconds
[2026-05-17T04:21:05.155+0000] {processor.py:161} INFO - Started process (PID=8030) to work on /home/airflow/.local/lib/python3.8/site-packages/airflow/example_dags/example_complex.py
[2026-05-17T04:21:05.157+0000] {processor.py:830} INFO - Processing file /home/airflow/.local/lib/python3.8/site-packages/airflow/example_dags/example_complex.py for tasks to queue
[2026-05-17T04:21:05.159+0000] {logging_mixin.py:188} INFO - [2026-05-17T04:21:05.159+0000] {dagbag.py:538} INFO - Filling up the DagBag from /home/airflow/.local/lib/python3.8/site-packages/airflow/example_dags/example_complex.py
[2026-05-17T04:21:05.179+0000] {processor.py:840} INFO - DAG(s) 'example_complex' retrieved from /home/airflow/.local/lib/python3.8/site-packages/airflow/example_dags/example_complex.py
[2026-05-17T04:21:05.244+0000] {logging_mixin.py:188} INFO - [2026-05-17T04:21:05.244+0000] {dag.py:3036} INFO - Sync 1 DAGs
[2026-05-17T04:21:05.267+0000] {logging_mixin.py:188} INFO - [2026-05-17T04:21:05.267+0000] {dag.py:3823} INFO - Setting next_dagrun for example_complex to None, run_after=None
[2026-05-17T04:21:05.308+0000] {processor.py:183} INFO - Processing /home/airflow/.local/lib/python3.8/site-packages/airflow/example_dags/example_complex.py took 0.158 seconds
[2026-05-17T04:21:35.386+0000] {processor.py:161} INFO - Started process (PID=8096) to work on /home/airflow/.local/lib/python3.8/site-packages/airflow/example_dags/example_complex.py
[2026-05-17T04:21:35.388+0000] {processor.py:830} INFO - Processing file /home/airflow/.local/lib/python3.8/site-packages/airflow/example_dags/example_complex.py for tasks to queue
[2026-05-17T04:21:35.390+0000] {logging_mixin.py:188} INFO - [2026-05-17T04:21:35.390+0000] {dagbag.py:538} INFO - Filling up the DagBag from /home/airflow/.local/lib/python3.8/site-packages/airflow/example_dags/example_complex.py
[2026-05-17T04:21:35.409+0000] {processor.py:840} INFO - DAG(s) 'example_complex' retrieved from /home/airflow/.local/lib/python3.8/site-packages/airflow/example_dags/example_complex.py
[2026-05-17T04:21:35.467+0000] {logging_mixin.py:188} INFO - [2026-05-17T04:21:35.466+0000] {dag.py:3036} INFO - Sync 1 DAGs
[2026-05-17T04:21:35.486+0000] {logging_mixin.py:188} INFO - [2026-05-17T04:21:35.486+0000] {dag.py:3823} INFO - Setting next_dagrun for example_complex to None, run_after=None
[2026-05-17T04:21:35.514+0000] {processor.py:183} INFO - Processing /home/airflow/.local/lib/python3.8/site-packages/airflow/example_dags/example_complex.py took 0.132 seconds
[2026-05-17T04:22:05.748+0000] {processor.py:161} INFO - Started process (PID=8162) to work on /home/airflow/.local/lib/python3.8/site-packages/airflow/example_dags/example_complex.py
[2026-05-17T04:22:05.749+0000] {processor.py:830} INFO - Processing file /home/airflow/.local/lib/python3.8/site-packages/airflow/example_dags/example_complex.py for tasks to queue
[2026-05-17T04:22:05.751+0000] {logging_mixin.py:188} INFO - [2026-05-17T04:22:05.751+0000] {dagbag.py:538} INFO - Filling up the DagBag from /home/airflow/.local/lib/python3.8/site-packages/airflow/example_dags/example_complex.py
[2026-05-17T04:22:05.771+0000] {processor.py:840} INFO - DAG(s) 'example_complex' retrieved from /home/airflow/.local/lib/python3.8/site-packages/airflow/example_dags/example_complex.py
[2026-05-17T04:22:05.828+0000] {logging_mixin.py:188} INFO - [2026-05-17T04:22:05.828+0000] {dag.py:3036} INFO - Sync 1 DAGs
[2026-05-17T04:22:05.849+0000] {logging_mixin.py:188} INFO - [2026-05-17T04:22:05.849+0000] {dag.py:3823} INFO - Setting next_dagrun for example_complex to None, run_after=None
[2026-05-17T04:22:05.881+0000] {processor.py:183} INFO - Processing /home/airflow/.local/lib/python3.8/site-packages/airflow/example_dags/example_complex.py took 0.139 seconds
[2026-05-17T04:22:36.027+0000] {processor.py:161} INFO - Started process (PID=8228) to work on /home/airflow/.local/lib/python3.8/site-packages/airflow/example_dags/example_complex.py
[2026-05-17T04:22:36.029+0000] {processor.py:830} INFO - Processing file /home/airflow/.local/lib/python3.8/site-packages/airflow/example_dags/example_complex.py for tasks to queue
[2026-05-17T04:22:36.032+0000] {logging_mixin.py:188} INFO - [2026-05-17T04:22:36.031+0000] {dagbag.py:538} INFO - Filling up the DagBag from /home/airflow/.local/lib/python3.8/site-packages/airflow/example_dags/example_complex.py
[2026-05-17T04:22:36.051+0000] {processor.py:840} INFO - DAG(s) 'example_complex' retrieved from /home/airflow/.local/lib/python3.8/site-packages/airflow/example_dags/example_complex.py
[2026-05-17T04:22:36.107+0000] {logging_mixin.py:188} INFO - [2026-05-17T04:22:36.107+0000] {dag.py:3036} INFO - Sync 1 DAGs
[2026-05-17T04:22:36.127+0000] {logging_mixin.py:188} INFO - [2026-05-17T04:22:36.127+0000] {dag.py:3823} INFO - Setting next_dagrun for example_complex to None, run_after=None
[2026-05-17T04:22:36.154+0000] {processor.py:183} INFO - Processing /home/airflow/.local/lib/python3.8/site-packages/airflow/example_dags/example_complex.py took 0.132 seconds
[2026-05-17T04:23:06.735+0000] {processor.py:161} INFO - Started process (PID=8293) to work on /home/airflow/.local/lib/python3.8/site-packages/airflow/example_dags/example_complex.py
[2026-05-17T04:23:06.737+0000] {processor.py:830} INFO - Processing file /home/airflow/.local/lib/python3.8/site-packages/airflow/example_dags/example_complex.py for tasks to queue
[2026-05-17T04:23:06.740+0000] {logging_mixin.py:188} INFO - [2026-05-17T04:23:06.739+0000] {dagbag.py:538} INFO - Filling up the DagBag from /home/airflow/.local/lib/python3.8/site-packages/airflow/example_dags/example_complex.py
[2026-05-17T04:23:06.762+0000] {processor.py:840} INFO - DAG(s) 'example_complex' retrieved from /home/airflow/.local/lib/python3.8/site-packages/airflow/example_dags/example_complex.py
[2026-05-17T04:23:06.820+0000] {logging_mixin.py:188} INFO - [2026-05-17T04:23:06.820+0000] {dag.py:3036} INFO - Sync 1 DAGs
[2026-05-17T04:23:06.840+0000] {logging_mixin.py:188} INFO - [2026-05-17T04:23:06.839+0000] {dag.py:3823} INFO - Setting next_dagrun for example_complex to None, run_after=None
[2026-05-17T04:23:06.867+0000] {processor.py:183} INFO - Processing /home/airflow/.local/lib/python3.8/site-packages/airflow/example_dags/example_complex.py took 0.138 seconds
[2026-05-17T04:23:37.007+0000] {processor.py:161} INFO - Started process (PID=8367) to work on /home/airflow/.local/lib/python3.8/site-packages/airflow/example_dags/example_complex.py
[2026-05-17T04:23:37.009+0000] {processor.py:830} INFO - Processing file /home/airflow/.local/lib/python3.8/site-packages/airflow/example_dags/example_complex.py for tasks to queue
[2026-05-17T04:23:37.012+0000] {logging_mixin.py:188} INFO - [2026-05-17T04:23:37.012+0000] {dagbag.py:538} INFO - Filling up the DagBag from /home/airflow/.local/lib/python3.8/site-packages/airflow/example_dags/example_complex.py
[2026-05-17T04:23:37.032+0000] {processor.py:840} INFO - DAG(s) 'example_complex' retrieved from /home/airflow/.local/lib/python3.8/site-packages/airflow/example_dags/example_complex.py
[2026-05-17T04:23:37.100+0000] {logging_mixin.py:188} INFO - [2026-05-17T04:23:37.099+0000] {dag.py:3036} INFO - Sync 1 DAGs
[2026-05-17T04:23:37.124+0000] {logging_mixin.py:188} INFO - [2026-05-17T04:23:37.124+0000] {dag.py:3823} INFO - Setting next_dagrun for example_complex to None, run_after=None
[2026-05-17T04:23:37.157+0000] {processor.py:183} INFO - Processing /home/airflow/.local/lib/python3.8/site-packages/airflow/example_dags/example_complex.py took 0.154 seconds
[2026-05-17T04:24:07.359+0000] {processor.py:161} INFO - Started process (PID=8432) to work on /home/airflow/.local/lib/python3.8/site-packages/airflow/example_dags/example_complex.py
[2026-05-17T04:24:07.361+0000] {processor.py:830} INFO - Processing file /home/airflow/.local/lib/python3.8/site-packages/airflow/example_dags/example_complex.py for tasks to queue
[2026-05-17T04:24:07.364+0000] {logging_mixin.py:188} INFO - [2026-05-17T04:24:07.364+0000] {dagbag.py:538} INFO - Filling up the DagBag from /home/airflow/.local/lib/python3.8/site-packages/airflow/example_dags/example_complex.py
[2026-05-17T04:24:07.391+0000] {processor.py:840} INFO - DAG(s) 'example_complex' retrieved from /home/airflow/.local/lib/python3.8/site-packages/airflow/example_dags/example_complex.py
[2026-05-17T04:24:07.468+0000] {logging_mixin.py:188} INFO - [2026-05-17T04:24:07.467+0000] {dag.py:3036} INFO - Sync 1 DAGs
[2026-05-17T04:24:07.495+0000] {logging_mixin.py:188} INFO - [2026-05-17T04:24:07.495+0000] {dag.py:3823} INFO - Setting next_dagrun for example_complex to None, run_after=None
[2026-05-17T04:24:07.531+0000] {processor.py:183} INFO - Processing /home/airflow/.local/lib/python3.8/site-packages/airflow/example_dags/example_complex.py took 0.178 seconds
[2026-05-17T04:24:37.848+0000] {processor.py:161} INFO - Started process (PID=8498) to work on /home/airflow/.local/lib/python3.8/site-packages/airflow/example_dags/example_complex.py
[2026-05-17T04:24:37.851+0000] {processor.py:830} INFO - Processing file /home/airflow/.local/lib/python3.8/site-packages/airflow/example_dags/example_complex.py for tasks to queue
[2026-05-17T04:24:37.854+0000] {logging_mixin.py:188} INFO - [2026-05-17T04:24:37.854+0000] {dagbag.py:538} INFO - Filling up the DagBag from /home/airflow/.local/lib/python3.8/site-packages/airflow/example_dags/example_complex.py
[2026-05-17T04:24:37.880+0000] {processor.py:840} INFO - DAG(s) 'example_complex' retrieved from /home/airflow/.local/lib/python3.8/site-packages/airflow/example_dags/example_complex.py
[2026-05-17T04:24:37.956+0000] {logging_mixin.py:188} INFO - [2026-05-17T04:24:37.956+0000] {dag.py:3036} INFO - Sync 1 DAGs
[2026-05-17T04:24:37.981+0000] {logging_mixin.py:188} INFO - [2026-05-17T04:24:37.981+0000] {dag.py:3823} INFO - Setting next_dagrun for example_complex to None, run_after=None
[2026-05-17T04:24:38.014+0000] {processor.py:183} INFO - Processing /home/airflow/.local/lib/python3.8/site-packages/airflow/example_dags/example_complex.py took 0.171 seconds
[2026-05-17T04:25:08.806+0000] {processor.py:161} INFO - Started process (PID=8563) to work on /home/airflow/.local/lib/python3.8/site-packages/airflow/example_dags/example_complex.py
[2026-05-17T04:25:08.809+0000] {processor.py:830} INFO - Processing file /home/airflow/.local/lib/python3.8/site-packages/airflow/example_dags/example_complex.py for tasks to queue
[2026-05-17T04:25:08.812+0000] {logging_mixin.py:188} INFO - [2026-05-17T04:25:08.812+0000] {dagbag.py:538} INFO - Filling up the DagBag from /home/airflow/.local/lib/python3.8/site-packages/airflow/example_dags/example_complex.py
[2026-05-17T04:25:08.833+0000] {processor.py:840} INFO - DAG(s) 'example_complex' retrieved from /home/airflow/.local/lib/python3.8/site-packages/airflow/example_dags/example_complex.py
[2026-05-17T04:25:08.895+0000] {logging_mixin.py:188} INFO - [2026-05-17T04:25:08.894+0000] {dag.py:3036} INFO - Sync 1 DAGs
[2026-05-17T04:25:08.917+0000] {logging_mixin.py:188} INFO - [2026-05-17T04:25:08.917+0000] {dag.py:3823} INFO - Setting next_dagrun for example_complex to None, run_after=None
[2026-05-17T04:25:08.946+0000] {processor.py:183} INFO - Processing /home/airflow/.local/lib/python3.8/site-packages/airflow/example_dags/example_complex.py took 0.144 seconds
[2026-05-17T04:25:39.104+0000] {processor.py:161} INFO - Started process (PID=8629) to work on /home/airflow/.local/lib/python3.8/site-packages/airflow/example_dags/example_complex.py
[2026-05-17T04:25:39.117+0000] {processor.py:830} INFO - Processing file /home/airflow/.local/lib/python3.8/site-packages/airflow/example_dags/example_complex.py for tasks to queue
[2026-05-17T04:25:39.120+0000] {logging_mixin.py:188} INFO - [2026-05-17T04:25:39.119+0000] {dagbag.py:538} INFO - Filling up the DagBag from /home/airflow/.local/lib/python3.8/site-packages/airflow/example_dags/example_complex.py
[2026-05-17T04:25:39.140+0000] {processor.py:840} INFO - DAG(s) 'example_complex' retrieved from /home/airflow/.local/lib/python3.8/site-packages/airflow/example_dags/example_complex.py
[2026-05-17T04:25:39.206+0000] {logging_mixin.py:188} INFO - [2026-05-17T04:25:39.206+0000] {dag.py:3036} INFO - Sync 1 DAGs
[2026-05-17T04:25:39.228+0000] {logging_mixin.py:188} INFO - [2026-05-17T04:25:39.228+0000] {dag.py:3823} INFO - Setting next_dagrun for example_complex to None, run_after=None
[2026-05-17T04:25:39.257+0000] {processor.py:183} INFO - Processing /home/airflow/.local/lib/python3.8/site-packages/airflow/example_dags/example_complex.py took 0.159 seconds
[2026-05-17T04:26:09.916+0000] {processor.py:161} INFO - Started process (PID=8695) to work on /home/airflow/.local/lib/python3.8/site-packages/airflow/example_dags/example_complex.py
[2026-05-17T04:26:09.918+0000] {processor.py:830} INFO - Processing file /home/airflow/.local/lib/python3.8/site-packages/airflow/example_dags/example_complex.py for tasks to queue
[2026-05-17T04:26:09.921+0000] {logging_mixin.py:188} INFO - [2026-05-17T04:26:09.921+0000] {dagbag.py:538} INFO - Filling up the DagBag from /home/airflow/.local/lib/python3.8/site-packages/airflow/example_dags/example_complex.py
[2026-05-17T04:26:09.942+0000] {processor.py:840} INFO - DAG(s) 'example_complex' retrieved from /home/airflow/.local/lib/python3.8/site-packages/airflow/example_dags/example_complex.py
[2026-05-17T04:26:09.998+0000] {logging_mixin.py:188} INFO - [2026-05-17T04:26:09.997+0000] {dag.py:3036} INFO - Sync 1 DAGs
[2026-05-17T04:26:10.018+0000] {logging_mixin.py:188} INFO - [2026-05-17T04:26:10.018+0000] {dag.py:3823} INFO - Setting next_dagrun for example_complex to None, run_after=None
[2026-05-17T04:26:10.052+0000] {processor.py:183} INFO - Processing /home/airflow/.local/lib/python3.8/site-packages/airflow/example_dags/example_complex.py took 0.140 seconds
[2026-05-17T04:26:40.458+0000] {processor.py:161} INFO - Started process (PID=8761) to work on /home/airflow/.local/lib/python3.8/site-packages/airflow/example_dags/example_complex.py
[2026-05-17T04:26:40.459+0000] {processor.py:830} INFO - Processing file /home/airflow/.local/lib/python3.8/site-packages/airflow/example_dags/example_complex.py for tasks to queue
[2026-05-17T04:26:40.462+0000] {logging_mixin.py:188} INFO - [2026-05-17T04:26:40.461+0000] {dagbag.py:538} INFO - Filling up the DagBag from /home/airflow/.local/lib/python3.8/site-packages/airflow/example_dags/example_complex.py
[2026-05-17T04:26:40.483+0000] {processor.py:840} INFO - DAG(s) 'example_complex' retrieved from /home/airflow/.local/lib/python3.8/site-packages/airflow/example_dags/example_complex.py
[2026-05-17T04:26:40.540+0000] {logging_mixin.py:188} INFO - [2026-05-17T04:26:40.540+0000] {dag.py:3036} INFO - Sync 1 DAGs
[2026-05-17T04:26:40.561+0000] {logging_mixin.py:188} INFO - [2026-05-17T04:26:40.561+0000] {dag.py:3823} INFO - Setting next_dagrun for example_complex to None, run_after=None
[2026-05-17T04:26:40.591+0000] {processor.py:183} INFO - Processing /home/airflow/.local/lib/python3.8/site-packages/airflow/example_dags/example_complex.py took 0.138 seconds
[2026-05-17T04:27:11.244+0000] {processor.py:161} INFO - Started process (PID=8827) to work on /home/airflow/.local/lib/python3.8/site-packages/airflow/example_dags/example_complex.py
[2026-05-17T04:27:11.246+0000] {processor.py:830} INFO - Processing file /home/airflow/.local/lib/python3.8/site-packages/airflow/example_dags/example_complex.py for tasks to queue
[2026-05-17T04:27:11.248+0000] {logging_mixin.py:188} INFO - [2026-05-17T04:27:11.248+0000] {dagbag.py:538} INFO - Filling up the DagBag from /home/airflow/.local/lib/python3.8/site-packages/airflow/example_dags/example_complex.py
[2026-05-17T04:27:11.269+0000] {processor.py:840} INFO - DAG(s) 'example_complex' retrieved from /home/airflow/.local/lib/python3.8/site-packages/airflow/example_dags/example_complex.py
[2026-05-17T04:27:11.335+0000] {logging_mixin.py:188} INFO - [2026-05-17T04:27:11.334+0000] {dag.py:3036} INFO - Sync 1 DAGs
[2026-05-17T04:27:11.356+0000] {logging_mixin.py:188} INFO - [2026-05-17T04:27:11.356+0000] {dag.py:3823} INFO - Setting next_dagrun for example_complex to None, run_after=None
[2026-05-17T04:27:11.387+0000] {processor.py:183} INFO - Processing /home/airflow/.local/lib/python3.8/site-packages/airflow/example_dags/example_complex.py took 0.148 seconds
[2026-05-17T04:27:41.718+0000] {processor.py:161} INFO - Started process (PID=8894) to work on /home/airflow/.local/lib/python3.8/site-packages/airflow/example_dags/example_complex.py
[2026-05-17T04:27:41.719+0000] {processor.py:830} INFO - Processing file /home/airflow/.local/lib/python3.8/site-packages/airflow/example_dags/example_complex.py for tasks to queue
[2026-05-17T04:27:41.722+0000] {logging_mixin.py:188} INFO - [2026-05-17T04:27:41.721+0000] {dagbag.py:538} INFO - Filling up the DagBag from /home/airflow/.local/lib/python3.8/site-packages/airflow/example_dags/example_complex.py
[2026-05-17T04:27:41.741+0000] {processor.py:840} INFO - DAG(s) 'example_complex' retrieved from /home/airflow/.local/lib/python3.8/site-packages/airflow/example_dags/example_complex.py
[2026-05-17T04:27:41.801+0000] {logging_mixin.py:188} INFO - [2026-05-17T04:27:41.800+0000] {dag.py:3036} INFO - Sync 1 DAGs
[2026-05-17T04:27:41.821+0000] {logging_mixin.py:188} INFO - [2026-05-17T04:27:41.820+0000] {dag.py:3823} INFO - Setting next_dagrun for example_complex to None, run_after=None
[2026-05-17T04:27:41.853+0000] {processor.py:183} INFO - Processing /home/airflow/.local/lib/python3.8/site-packages/airflow/example_dags/example_complex.py took 0.141 seconds
[2026-05-17T04:28:12.237+0000] {processor.py:161} INFO - Started process (PID=8961) to work on /home/airflow/.local/lib/python3.8/site-packages/airflow/example_dags/example_complex.py
[2026-05-17T04:28:12.239+0000] {processor.py:830} INFO - Processing file /home/airflow/.local/lib/python3.8/site-packages/airflow/example_dags/example_complex.py for tasks to queue
[2026-05-17T04:28:12.241+0000] {logging_mixin.py:188} INFO - [2026-05-17T04:28:12.241+0000] {dagbag.py:538} INFO - Filling up the DagBag from /home/airflow/.local/lib/python3.8/site-packages/airflow/example_dags/example_complex.py
[2026-05-17T04:28:12.260+0000] {processor.py:840} INFO - DAG(s) 'example_complex' retrieved from /home/airflow/.local/lib/python3.8/site-packages/airflow/example_dags/example_complex.py
[2026-05-17T04:28:12.314+0000] {logging_mixin.py:188} INFO - [2026-05-17T04:28:12.313+0000] {dag.py:3036} INFO - Sync 1 DAGs
[2026-05-17T04:28:12.333+0000] {logging_mixin.py:188} INFO - [2026-05-17T04:28:12.333+0000] {dag.py:3823} INFO - Setting next_dagrun for example_complex to None, run_after=None
[2026-05-17T04:28:12.362+0000] {processor.py:183} INFO - Processing /home/airflow/.local/lib/python3.8/site-packages/airflow/example_dags/example_complex.py took 0.130 seconds
[2026-05-17T04:28:43.131+0000] {processor.py:161} INFO - Started process (PID=9027) to work on /home/airflow/.local/lib/python3.8/site-packages/airflow/example_dags/example_complex.py
[2026-05-17T04:28:43.132+0000] {processor.py:830} INFO - Processing file /home/airflow/.local/lib/python3.8/site-packages/airflow/example_dags/example_complex.py for tasks to queue
[2026-05-17T04:28:43.135+0000] {logging_mixin.py:188} INFO - [2026-05-17T04:28:43.135+0000] {dagbag.py:538} INFO - Filling up the DagBag from /home/airflow/.local/lib/python3.8/site-packages/airflow/example_dags/example_complex.py
[2026-05-17T04:28:43.154+0000] {processor.py:840} INFO - DAG(s) 'example_complex' retrieved from /home/airflow/.local/lib/python3.8/site-packages/airflow/example_dags/example_complex.py
[2026-05-17T04:28:43.214+0000] {logging_mixin.py:188} INFO - [2026-05-17T04:28:43.214+0000] {dag.py:3036} INFO - Sync 1 DAGs
[2026-05-17T04:28:43.235+0000] {logging_mixin.py:188} INFO - [2026-05-17T04:28:43.235+0000] {dag.py:3823} INFO - Setting next_dagrun for example_complex to None, run_after=None
[2026-05-17T04:28:43.339+0000] {processor.py:183} INFO - Processing /home/airflow/.local/lib/python3.8/site-packages/airflow/example_dags/example_complex.py took 0.214 seconds
[2026-05-17T04:29:13.600+0000] {processor.py:161} INFO - Started process (PID=9093) to work on /home/airflow/.local/lib/python3.8/site-packages/airflow/example_dags/example_complex.py
[2026-05-17T04:29:13.603+0000] {processor.py:830} INFO - Processing file /home/airflow/.local/lib/python3.8/site-packages/airflow/example_dags/example_complex.py for tasks to queue
[2026-05-17T04:29:13.606+0000] {logging_mixin.py:188} INFO - [2026-05-17T04:29:13.605+0000] {dagbag.py:538} INFO - Filling up the DagBag from /home/airflow/.local/lib/python3.8/site-packages/airflow/example_dags/example_complex.py
[2026-05-17T04:29:13.624+0000] {processor.py:840} INFO - DAG(s) 'example_complex' retrieved from /home/airflow/.local/lib/python3.8/site-packages/airflow/example_dags/example_complex.py
[2026-05-17T04:29:13.683+0000] {logging_mixin.py:188} INFO - [2026-05-17T04:29:13.683+0000] {dag.py:3036} INFO - Sync 1 DAGs
[2026-05-17T04:29:13.704+0000] {logging_mixin.py:188} INFO - [2026-05-17T04:29:13.704+0000] {dag.py:3823} INFO - Setting next_dagrun for example_complex to None, run_after=None
[2026-05-17T04:29:13.735+0000] {processor.py:183} INFO - Processing /home/airflow/.local/lib/python3.8/site-packages/airflow/example_dags/example_complex.py took 0.140 seconds
[2026-05-17T04:29:44.319+0000] {processor.py:161} INFO - Started process (PID=9166) to work on /home/airflow/.local/lib/python3.8/site-packages/airflow/example_dags/example_complex.py
[2026-05-17T04:29:44.321+0000] {processor.py:830} INFO - Processing file /home/airflow/.local/lib/python3.8/site-packages/airflow/example_dags/example_complex.py for tasks to queue
[2026-05-17T04:29:44.324+0000] {logging_mixin.py:188} INFO - [2026-05-17T04:29:44.324+0000] {dagbag.py:538} INFO - Filling up the DagBag from /home/airflow/.local/lib/python3.8/site-packages/airflow/example_dags/example_complex.py
[2026-05-17T04:29:44.362+0000] {processor.py:840} INFO - DAG(s) 'example_complex' retrieved from /home/airflow/.local/lib/python3.8/site-packages/airflow/example_dags/example_complex.py
[2026-05-17T04:29:44.458+0000] {logging_mixin.py:188} INFO - [2026-05-17T04:29:44.457+0000] {dag.py:3036} INFO - Sync 1 DAGs
[2026-05-17T04:29:44.478+0000] {logging_mixin.py:188} INFO - [2026-05-17T04:29:44.477+0000] {dag.py:3823} INFO - Setting next_dagrun for example_complex to None, run_after=None
[2026-05-17T04:29:44.509+0000] {processor.py:183} INFO - Processing /home/airflow/.local/lib/python3.8/site-packages/airflow/example_dags/example_complex.py took 0.196 seconds
[2026-05-17T04:30:14.921+0000] {processor.py:161} INFO - Started process (PID=9233) to work on /home/airflow/.local/lib/python3.8/site-packages/airflow/example_dags/example_complex.py
[2026-05-17T04:30:14.924+0000] {processor.py:830} INFO - Processing file /home/airflow/.local/lib/python3.8/site-packages/airflow/example_dags/example_complex.py for tasks to queue
[2026-05-17T04:30:14.927+0000] {logging_mixin.py:188} INFO - [2026-05-17T04:30:14.926+0000] {dagbag.py:538} INFO - Filling up the DagBag from /home/airflow/.local/lib/python3.8/site-packages/airflow/example_dags/example_complex.py
[2026-05-17T04:30:14.953+0000] {processor.py:840} INFO - DAG(s) 'example_complex' retrieved from /home/airflow/.local/lib/python3.8/site-packages/airflow/example_dags/example_complex.py
[2026-05-17T04:30:15.022+0000] {logging_mixin.py:188} INFO - [2026-05-17T04:30:15.021+0000] {dag.py:3036} INFO - Sync 1 DAGs
[2026-05-17T04:30:15.046+0000] {logging_mixin.py:188} INFO - [2026-05-17T04:30:15.046+0000] {dag.py:3823} INFO - Setting next_dagrun for example_complex to None, run_after=None
[2026-05-17T04:30:15.076+0000] {processor.py:183} INFO - Processing /home/airflow/.local/lib/python3.8/site-packages/airflow/example_dags/example_complex.py took 0.161 seconds
[2026-05-17T04:30:46.101+0000] {processor.py:161} INFO - Started process (PID=9299) to work on /home/airflow/.local/lib/python3.8/site-packages/airflow/example_dags/example_complex.py
[2026-05-17T04:30:46.108+0000] {processor.py:830} INFO - Processing file /home/airflow/.local/lib/python3.8/site-packages/airflow/example_dags/example_complex.py for tasks to queue
[2026-05-17T04:30:46.111+0000] {logging_mixin.py:188} INFO - [2026-05-17T04:30:46.110+0000] {dagbag.py:538} INFO - Filling up the DagBag from /home/airflow/.local/lib/python3.8/site-packages/airflow/example_dags/example_complex.py
[2026-05-17T04:30:46.136+0000] {processor.py:840} INFO - DAG(s) 'example_complex' retrieved from /home/airflow/.local/lib/python3.8/site-packages/airflow/example_dags/example_complex.py
[2026-05-17T04:30:46.206+0000] {logging_mixin.py:188} INFO - [2026-05-17T04:30:46.206+0000] {dag.py:3036} INFO - Sync 1 DAGs
[2026-05-17T04:30:46.230+0000] {logging_mixin.py:188} INFO - [2026-05-17T04:30:46.230+0000] {dag.py:3823} INFO - Setting next_dagrun for example_complex to None, run_after=None
[2026-05-17T04:30:46.271+0000] {processor.py:183} INFO - Processing /home/airflow/.local/lib/python3.8/site-packages/airflow/example_dags/example_complex.py took 0.176 seconds
[2026-05-17T04:31:17.144+0000] {processor.py:161} INFO - Started process (PID=9366) to work on /home/airflow/.local/lib/python3.8/site-packages/airflow/example_dags/example_complex.py
[2026-05-17T04:31:17.146+0000] {processor.py:830} INFO - Processing file /home/airflow/.local/lib/python3.8/site-packages/airflow/example_dags/example_complex.py for tasks to queue
[2026-05-17T04:31:17.149+0000] {logging_mixin.py:188} INFO - [2026-05-17T04:31:17.149+0000] {dagbag.py:538} INFO - Filling up the DagBag from /home/airflow/.local/lib/python3.8/site-packages/airflow/example_dags/example_complex.py
[2026-05-17T04:31:17.171+0000] {processor.py:840} INFO - DAG(s) 'example_complex' retrieved from /home/airflow/.local/lib/python3.8/site-packages/airflow/example_dags/example_complex.py
[2026-05-17T04:31:17.245+0000] {logging_mixin.py:188} INFO - [2026-05-17T04:31:17.244+0000] {dag.py:3036} INFO - Sync 1 DAGs
[2026-05-17T04:31:17.270+0000] {logging_mixin.py:188} INFO - [2026-05-17T04:31:17.269+0000] {dag.py:3823} INFO - Setting next_dagrun for example_complex to None, run_after=None
[2026-05-17T04:31:17.303+0000] {processor.py:183} INFO - Processing /home/airflow/.local/lib/python3.8/site-packages/airflow/example_dags/example_complex.py took 0.164 seconds
