[2026-05-17T03:20:26.911+0000] {processor.py:161} INFO - Started process (PID=79) to work on /home/airflow/.local/lib/python3.8/site-packages/airflow/example_dags/example_short_circuit_decorator.py
[2026-05-17T03:20:26.921+0000] {processor.py:830} INFO - Processing file /home/airflow/.local/lib/python3.8/site-packages/airflow/example_dags/example_short_circuit_decorator.py for tasks to queue
[2026-05-17T03:20:26.924+0000] {logging_mixin.py:188} INFO - [2026-05-17T03:20:26.924+0000] {dagbag.py:538} INFO - Filling up the DagBag from /home/airflow/.local/lib/python3.8/site-packages/airflow/example_dags/example_short_circuit_decorator.py
[2026-05-17T03:20:26.973+0000] {processor.py:840} INFO - DAG(s) 'example_short_circuit_decorator' retrieved from /home/airflow/.local/lib/python3.8/site-packages/airflow/example_dags/example_short_circuit_decorator.py
[2026-05-17T03:20:27.004+0000] {logging_mixin.py:188} INFO - [2026-05-17T03:20:27.004+0000] {dag.py:3036} INFO - Sync 1 DAGs
[2026-05-17T03:20:27.048+0000] {logging_mixin.py:188} INFO - [2026-05-17T03:20:27.048+0000] {dag.py:3823} INFO - Setting next_dagrun for example_short_circuit_decorator to 2026-05-16 00:00:00+00:00, run_after=2026-05-17 00:00:00+00:00
[2026-05-17T03:20:27.088+0000] {processor.py:183} INFO - Processing /home/airflow/.local/lib/python3.8/site-packages/airflow/example_dags/example_short_circuit_decorator.py took 0.213 seconds
[2026-05-17T03:20:58.185+0000] {processor.py:161} INFO - Started process (PID=145) to work on /home/airflow/.local/lib/python3.8/site-packages/airflow/example_dags/example_short_circuit_decorator.py
[2026-05-17T03:20:58.187+0000] {processor.py:830} INFO - Processing file /home/airflow/.local/lib/python3.8/site-packages/airflow/example_dags/example_short_circuit_decorator.py for tasks to queue
[2026-05-17T03:20:58.190+0000] {logging_mixin.py:188} INFO - [2026-05-17T03:20:58.190+0000] {dagbag.py:538} INFO - Filling up the DagBag from /home/airflow/.local/lib/python3.8/site-packages/airflow/example_dags/example_short_circuit_decorator.py
[2026-05-17T03:20:58.210+0000] {processor.py:840} INFO - DAG(s) 'example_short_circuit_decorator' retrieved from /home/airflow/.local/lib/python3.8/site-packages/airflow/example_dags/example_short_circuit_decorator.py
[2026-05-17T03:20:58.560+0000] {logging_mixin.py:188} INFO - [2026-05-17T03:20:58.560+0000] {dag.py:3036} INFO - Sync 1 DAGs
[2026-05-17T03:20:58.658+0000] {logging_mixin.py:188} INFO - [2026-05-17T03:20:58.657+0000] {dag.py:3823} INFO - Setting next_dagrun for example_short_circuit_decorator to 2026-05-16 00:00:00+00:00, run_after=2026-05-17 00:00:00+00:00
[2026-05-17T03:20:58.699+0000] {processor.py:183} INFO - Processing /home/airflow/.local/lib/python3.8/site-packages/airflow/example_dags/example_short_circuit_decorator.py took 0.519 seconds
[2026-05-17T03:21:29.248+0000] {processor.py:161} INFO - Started process (PID=208) to work on /home/airflow/.local/lib/python3.8/site-packages/airflow/example_dags/example_short_circuit_decorator.py
[2026-05-17T03:21:29.251+0000] {processor.py:830} INFO - Processing file /home/airflow/.local/lib/python3.8/site-packages/airflow/example_dags/example_short_circuit_decorator.py for tasks to queue
[2026-05-17T03:21:29.254+0000] {logging_mixin.py:188} INFO - [2026-05-17T03:21:29.253+0000] {dagbag.py:538} INFO - Filling up the DagBag from /home/airflow/.local/lib/python3.8/site-packages/airflow/example_dags/example_short_circuit_decorator.py
[2026-05-17T03:21:29.268+0000] {processor.py:840} INFO - DAG(s) 'example_short_circuit_decorator' retrieved from /home/airflow/.local/lib/python3.8/site-packages/airflow/example_dags/example_short_circuit_decorator.py
[2026-05-17T03:21:29.315+0000] {logging_mixin.py:188} INFO - [2026-05-17T03:21:29.314+0000] {dag.py:3036} INFO - Sync 1 DAGs
[2026-05-17T03:21:29.355+0000] {logging_mixin.py:188} INFO - [2026-05-17T03:21:29.354+0000] {dag.py:3823} INFO - Setting next_dagrun for example_short_circuit_decorator to 2026-05-16 00:00:00+00:00, run_after=2026-05-17 00:00:00+00:00
[2026-05-17T03:21:29.385+0000] {processor.py:183} INFO - Processing /home/airflow/.local/lib/python3.8/site-packages/airflow/example_dags/example_short_circuit_decorator.py took 0.143 seconds
[2026-05-17T03:21:59.676+0000] {processor.py:161} INFO - Started process (PID=273) to work on /home/airflow/.local/lib/python3.8/site-packages/airflow/example_dags/example_short_circuit_decorator.py
[2026-05-17T03:21:59.677+0000] {processor.py:830} INFO - Processing file /home/airflow/.local/lib/python3.8/site-packages/airflow/example_dags/example_short_circuit_decorator.py for tasks to queue
[2026-05-17T03:21:59.680+0000] {logging_mixin.py:188} INFO - [2026-05-17T03:21:59.680+0000] {dagbag.py:538} INFO - Filling up the DagBag from /home/airflow/.local/lib/python3.8/site-packages/airflow/example_dags/example_short_circuit_decorator.py
[2026-05-17T03:21:59.699+0000] {processor.py:840} INFO - DAG(s) 'example_short_circuit_decorator' retrieved from /home/airflow/.local/lib/python3.8/site-packages/airflow/example_dags/example_short_circuit_decorator.py
[2026-05-17T03:21:59.740+0000] {logging_mixin.py:188} INFO - [2026-05-17T03:21:59.740+0000] {dag.py:3036} INFO - Sync 1 DAGs
[2026-05-17T03:21:59.779+0000] {logging_mixin.py:188} INFO - [2026-05-17T03:21:59.779+0000] {dag.py:3823} INFO - Setting next_dagrun for example_short_circuit_decorator to 2026-05-16 00:00:00+00:00, run_after=2026-05-17 00:00:00+00:00
[2026-05-17T03:21:59.815+0000] {processor.py:183} INFO - Processing /home/airflow/.local/lib/python3.8/site-packages/airflow/example_dags/example_short_circuit_decorator.py took 0.145 seconds
[2026-05-17T03:22:30.000+0000] {processor.py:161} INFO - Started process (PID=337) to work on /home/airflow/.local/lib/python3.8/site-packages/airflow/example_dags/example_short_circuit_decorator.py
[2026-05-17T03:22:30.003+0000] {processor.py:830} INFO - Processing file /home/airflow/.local/lib/python3.8/site-packages/airflow/example_dags/example_short_circuit_decorator.py for tasks to queue
[2026-05-17T03:22:30.007+0000] {logging_mixin.py:188} INFO - [2026-05-17T03:22:30.006+0000] {dagbag.py:538} INFO - Filling up the DagBag from /home/airflow/.local/lib/python3.8/site-packages/airflow/example_dags/example_short_circuit_decorator.py
[2026-05-17T03:22:30.024+0000] {processor.py:840} INFO - DAG(s) 'example_short_circuit_decorator' retrieved from /home/airflow/.local/lib/python3.8/site-packages/airflow/example_dags/example_short_circuit_decorator.py
[2026-05-17T03:22:30.069+0000] {logging_mixin.py:188} INFO - [2026-05-17T03:22:30.068+0000] {dag.py:3036} INFO - Sync 1 DAGs
[2026-05-17T03:22:30.107+0000] {logging_mixin.py:188} INFO - [2026-05-17T03:22:30.107+0000] {dag.py:3823} INFO - Setting next_dagrun for example_short_circuit_decorator to 2026-05-16 00:00:00+00:00, run_after=2026-05-17 00:00:00+00:00
[2026-05-17T03:22:30.138+0000] {processor.py:183} INFO - Processing /home/airflow/.local/lib/python3.8/site-packages/airflow/example_dags/example_short_circuit_decorator.py took 0.144 seconds
[2026-05-17T03:23:00.333+0000] {processor.py:161} INFO - Started process (PID=402) to work on /home/airflow/.local/lib/python3.8/site-packages/airflow/example_dags/example_short_circuit_decorator.py
[2026-05-17T03:23:00.334+0000] {processor.py:830} INFO - Processing file /home/airflow/.local/lib/python3.8/site-packages/airflow/example_dags/example_short_circuit_decorator.py for tasks to queue
[2026-05-17T03:23:00.337+0000] {logging_mixin.py:188} INFO - [2026-05-17T03:23:00.336+0000] {dagbag.py:538} INFO - Filling up the DagBag from /home/airflow/.local/lib/python3.8/site-packages/airflow/example_dags/example_short_circuit_decorator.py
[2026-05-17T03:23:00.351+0000] {processor.py:840} INFO - DAG(s) 'example_short_circuit_decorator' retrieved from /home/airflow/.local/lib/python3.8/site-packages/airflow/example_dags/example_short_circuit_decorator.py
[2026-05-17T03:23:00.398+0000] {logging_mixin.py:188} INFO - [2026-05-17T03:23:00.398+0000] {dag.py:3036} INFO - Sync 1 DAGs
[2026-05-17T03:23:00.438+0000] {logging_mixin.py:188} INFO - [2026-05-17T03:23:00.438+0000] {dag.py:3823} INFO - Setting next_dagrun for example_short_circuit_decorator to 2026-05-16 00:00:00+00:00, run_after=2026-05-17 00:00:00+00:00
[2026-05-17T03:23:00.469+0000] {processor.py:183} INFO - Processing /home/airflow/.local/lib/python3.8/site-packages/airflow/example_dags/example_short_circuit_decorator.py took 0.141 seconds
[2026-05-17T03:23:30.706+0000] {processor.py:161} INFO - Started process (PID=466) to work on /home/airflow/.local/lib/python3.8/site-packages/airflow/example_dags/example_short_circuit_decorator.py
[2026-05-17T03:23:30.708+0000] {processor.py:830} INFO - Processing file /home/airflow/.local/lib/python3.8/site-packages/airflow/example_dags/example_short_circuit_decorator.py for tasks to queue
[2026-05-17T03:23:30.711+0000] {logging_mixin.py:188} INFO - [2026-05-17T03:23:30.710+0000] {dagbag.py:538} INFO - Filling up the DagBag from /home/airflow/.local/lib/python3.8/site-packages/airflow/example_dags/example_short_circuit_decorator.py
[2026-05-17T03:23:30.728+0000] {processor.py:840} INFO - DAG(s) 'example_short_circuit_decorator' retrieved from /home/airflow/.local/lib/python3.8/site-packages/airflow/example_dags/example_short_circuit_decorator.py
[2026-05-17T03:23:30.776+0000] {logging_mixin.py:188} INFO - [2026-05-17T03:23:30.775+0000] {dag.py:3036} INFO - Sync 1 DAGs
[2026-05-17T03:23:30.817+0000] {logging_mixin.py:188} INFO - [2026-05-17T03:23:30.817+0000] {dag.py:3823} INFO - Setting next_dagrun for example_short_circuit_decorator to 2026-05-16 00:00:00+00:00, run_after=2026-05-17 00:00:00+00:00
[2026-05-17T03:23:30.850+0000] {processor.py:183} INFO - Processing /home/airflow/.local/lib/python3.8/site-packages/airflow/example_dags/example_short_circuit_decorator.py took 0.149 seconds
[2026-05-17T03:24:01.247+0000] {processor.py:161} INFO - Started process (PID=531) to work on /home/airflow/.local/lib/python3.8/site-packages/airflow/example_dags/example_short_circuit_decorator.py
[2026-05-17T03:24:01.250+0000] {processor.py:830} INFO - Processing file /home/airflow/.local/lib/python3.8/site-packages/airflow/example_dags/example_short_circuit_decorator.py for tasks to queue
[2026-05-17T03:24:01.253+0000] {logging_mixin.py:188} INFO - [2026-05-17T03:24:01.253+0000] {dagbag.py:538} INFO - Filling up the DagBag from /home/airflow/.local/lib/python3.8/site-packages/airflow/example_dags/example_short_circuit_decorator.py
[2026-05-17T03:24:01.279+0000] {processor.py:840} INFO - DAG(s) 'example_short_circuit_decorator' retrieved from /home/airflow/.local/lib/python3.8/site-packages/airflow/example_dags/example_short_circuit_decorator.py
[2026-05-17T03:24:01.331+0000] {logging_mixin.py:188} INFO - [2026-05-17T03:24:01.331+0000] {dag.py:3036} INFO - Sync 1 DAGs
[2026-05-17T03:24:01.378+0000] {logging_mixin.py:188} INFO - [2026-05-17T03:24:01.377+0000] {dag.py:3823} INFO - Setting next_dagrun for example_short_circuit_decorator to 2026-05-16 00:00:00+00:00, run_after=2026-05-17 00:00:00+00:00
[2026-05-17T03:24:01.413+0000] {processor.py:183} INFO - Processing /home/airflow/.local/lib/python3.8/site-packages/airflow/example_dags/example_short_circuit_decorator.py took 0.172 seconds
[2026-05-17T03:24:31.463+0000] {processor.py:161} INFO - Started process (PID=595) to work on /home/airflow/.local/lib/python3.8/site-packages/airflow/example_dags/example_short_circuit_decorator.py
[2026-05-17T03:24:31.465+0000] {processor.py:830} INFO - Processing file /home/airflow/.local/lib/python3.8/site-packages/airflow/example_dags/example_short_circuit_decorator.py for tasks to queue
[2026-05-17T03:24:31.468+0000] {logging_mixin.py:188} INFO - [2026-05-17T03:24:31.467+0000] {dagbag.py:538} INFO - Filling up the DagBag from /home/airflow/.local/lib/python3.8/site-packages/airflow/example_dags/example_short_circuit_decorator.py
[2026-05-17T03:24:31.483+0000] {processor.py:840} INFO - DAG(s) 'example_short_circuit_decorator' retrieved from /home/airflow/.local/lib/python3.8/site-packages/airflow/example_dags/example_short_circuit_decorator.py
[2026-05-17T03:24:31.504+0000] {logging_mixin.py:188} INFO - [2026-05-17T03:24:31.504+0000] {dag.py:3036} INFO - Sync 1 DAGs
[2026-05-17T03:24:31.538+0000] {logging_mixin.py:188} INFO - [2026-05-17T03:24:31.538+0000] {dag.py:3823} INFO - Setting next_dagrun for example_short_circuit_decorator to 2026-05-16 00:00:00+00:00, run_after=2026-05-17 00:00:00+00:00
[2026-05-17T03:24:31.565+0000] {processor.py:183} INFO - Processing /home/airflow/.local/lib/python3.8/site-packages/airflow/example_dags/example_short_circuit_decorator.py took 0.108 seconds
[2026-05-17T03:25:02.304+0000] {processor.py:161} INFO - Started process (PID=660) to work on /home/airflow/.local/lib/python3.8/site-packages/airflow/example_dags/example_short_circuit_decorator.py
[2026-05-17T03:25:02.305+0000] {processor.py:830} INFO - Processing file /home/airflow/.local/lib/python3.8/site-packages/airflow/example_dags/example_short_circuit_decorator.py for tasks to queue
[2026-05-17T03:25:02.308+0000] {logging_mixin.py:188} INFO - [2026-05-17T03:25:02.307+0000] {dagbag.py:538} INFO - Filling up the DagBag from /home/airflow/.local/lib/python3.8/site-packages/airflow/example_dags/example_short_circuit_decorator.py
[2026-05-17T03:25:02.322+0000] {processor.py:840} INFO - DAG(s) 'example_short_circuit_decorator' retrieved from /home/airflow/.local/lib/python3.8/site-packages/airflow/example_dags/example_short_circuit_decorator.py
[2026-05-17T03:25:02.507+0000] {logging_mixin.py:188} INFO - [2026-05-17T03:25:02.506+0000] {dag.py:3036} INFO - Sync 1 DAGs
[2026-05-17T03:25:02.541+0000] {logging_mixin.py:188} INFO - [2026-05-17T03:25:02.540+0000] {dag.py:3823} INFO - Setting next_dagrun for example_short_circuit_decorator to 2026-05-16 00:00:00+00:00, run_after=2026-05-17 00:00:00+00:00
[2026-05-17T03:25:02.577+0000] {processor.py:183} INFO - Processing /home/airflow/.local/lib/python3.8/site-packages/airflow/example_dags/example_short_circuit_decorator.py took 0.277 seconds
[2026-05-17T03:25:32.719+0000] {processor.py:161} INFO - Started process (PID=731) to work on /home/airflow/.local/lib/python3.8/site-packages/airflow/example_dags/example_short_circuit_decorator.py
[2026-05-17T03:25:32.721+0000] {processor.py:830} INFO - Processing file /home/airflow/.local/lib/python3.8/site-packages/airflow/example_dags/example_short_circuit_decorator.py for tasks to queue
[2026-05-17T03:25:32.724+0000] {logging_mixin.py:188} INFO - [2026-05-17T03:25:32.724+0000] {dagbag.py:538} INFO - Filling up the DagBag from /home/airflow/.local/lib/python3.8/site-packages/airflow/example_dags/example_short_circuit_decorator.py
[2026-05-17T03:25:32.740+0000] {processor.py:840} INFO - DAG(s) 'example_short_circuit_decorator' retrieved from /home/airflow/.local/lib/python3.8/site-packages/airflow/example_dags/example_short_circuit_decorator.py
[2026-05-17T03:25:32.789+0000] {logging_mixin.py:188} INFO - [2026-05-17T03:25:32.789+0000] {dag.py:3036} INFO - Sync 1 DAGs
[2026-05-17T03:25:32.830+0000] {logging_mixin.py:188} INFO - [2026-05-17T03:25:32.830+0000] {dag.py:3823} INFO - Setting next_dagrun for example_short_circuit_decorator to 2026-05-16 00:00:00+00:00, run_after=2026-05-17 00:00:00+00:00
[2026-05-17T03:25:32.858+0000] {processor.py:183} INFO - Processing /home/airflow/.local/lib/python3.8/site-packages/airflow/example_dags/example_short_circuit_decorator.py took 0.144 seconds
[2026-05-17T03:26:02.988+0000] {processor.py:161} INFO - Started process (PID=797) to work on /home/airflow/.local/lib/python3.8/site-packages/airflow/example_dags/example_short_circuit_decorator.py
[2026-05-17T03:26:02.989+0000] {processor.py:830} INFO - Processing file /home/airflow/.local/lib/python3.8/site-packages/airflow/example_dags/example_short_circuit_decorator.py for tasks to queue
[2026-05-17T03:26:02.992+0000] {logging_mixin.py:188} INFO - [2026-05-17T03:26:02.992+0000] {dagbag.py:538} INFO - Filling up the DagBag from /home/airflow/.local/lib/python3.8/site-packages/airflow/example_dags/example_short_circuit_decorator.py
[2026-05-17T03:26:03.012+0000] {processor.py:840} INFO - DAG(s) 'example_short_circuit_decorator' retrieved from /home/airflow/.local/lib/python3.8/site-packages/airflow/example_dags/example_short_circuit_decorator.py
[2026-05-17T03:26:03.062+0000] {logging_mixin.py:188} INFO - [2026-05-17T03:26:03.061+0000] {dag.py:3036} INFO - Sync 1 DAGs
[2026-05-17T03:26:03.109+0000] {logging_mixin.py:188} INFO - [2026-05-17T03:26:03.108+0000] {dag.py:3823} INFO - Setting next_dagrun for example_short_circuit_decorator to 2026-05-16 00:00:00+00:00, run_after=2026-05-17 00:00:00+00:00
[2026-05-17T03:26:03.152+0000] {processor.py:183} INFO - Processing /home/airflow/.local/lib/python3.8/site-packages/airflow/example_dags/example_short_circuit_decorator.py took 0.170 seconds
[2026-05-17T03:26:33.775+0000] {processor.py:161} INFO - Started process (PID=863) to work on /home/airflow/.local/lib/python3.8/site-packages/airflow/example_dags/example_short_circuit_decorator.py
[2026-05-17T03:26:33.778+0000] {processor.py:830} INFO - Processing file /home/airflow/.local/lib/python3.8/site-packages/airflow/example_dags/example_short_circuit_decorator.py for tasks to queue
[2026-05-17T03:26:33.780+0000] {logging_mixin.py:188} INFO - [2026-05-17T03:26:33.780+0000] {dagbag.py:538} INFO - Filling up the DagBag from /home/airflow/.local/lib/python3.8/site-packages/airflow/example_dags/example_short_circuit_decorator.py
[2026-05-17T03:26:33.802+0000] {processor.py:840} INFO - DAG(s) 'example_short_circuit_decorator' retrieved from /home/airflow/.local/lib/python3.8/site-packages/airflow/example_dags/example_short_circuit_decorator.py
[2026-05-17T03:26:33.854+0000] {logging_mixin.py:188} INFO - [2026-05-17T03:26:33.853+0000] {dag.py:3036} INFO - Sync 1 DAGs
[2026-05-17T03:26:33.898+0000] {logging_mixin.py:188} INFO - [2026-05-17T03:26:33.897+0000] {dag.py:3823} INFO - Setting next_dagrun for example_short_circuit_decorator to 2026-05-16 00:00:00+00:00, run_after=2026-05-17 00:00:00+00:00
[2026-05-17T03:26:33.930+0000] {processor.py:183} INFO - Processing /home/airflow/.local/lib/python3.8/site-packages/airflow/example_dags/example_short_circuit_decorator.py took 0.161 seconds
[2026-05-17T03:27:04.816+0000] {processor.py:161} INFO - Started process (PID=928) to work on /home/airflow/.local/lib/python3.8/site-packages/airflow/example_dags/example_short_circuit_decorator.py
[2026-05-17T03:27:04.818+0000] {processor.py:830} INFO - Processing file /home/airflow/.local/lib/python3.8/site-packages/airflow/example_dags/example_short_circuit_decorator.py for tasks to queue
[2026-05-17T03:27:04.821+0000] {logging_mixin.py:188} INFO - [2026-05-17T03:27:04.820+0000] {dagbag.py:538} INFO - Filling up the DagBag from /home/airflow/.local/lib/python3.8/site-packages/airflow/example_dags/example_short_circuit_decorator.py
[2026-05-17T03:27:04.838+0000] {processor.py:840} INFO - DAG(s) 'example_short_circuit_decorator' retrieved from /home/airflow/.local/lib/python3.8/site-packages/airflow/example_dags/example_short_circuit_decorator.py
[2026-05-17T03:27:04.882+0000] {logging_mixin.py:188} INFO - [2026-05-17T03:27:04.882+0000] {dag.py:3036} INFO - Sync 1 DAGs
[2026-05-17T03:27:04.919+0000] {logging_mixin.py:188} INFO - [2026-05-17T03:27:04.919+0000] {dag.py:3823} INFO - Setting next_dagrun for example_short_circuit_decorator to 2026-05-16 00:00:00+00:00, run_after=2026-05-17 00:00:00+00:00
[2026-05-17T03:27:04.948+0000] {processor.py:183} INFO - Processing /home/airflow/.local/lib/python3.8/site-packages/airflow/example_dags/example_short_circuit_decorator.py took 0.140 seconds
[2026-05-17T03:27:35.323+0000] {processor.py:161} INFO - Started process (PID=993) to work on /home/airflow/.local/lib/python3.8/site-packages/airflow/example_dags/example_short_circuit_decorator.py
[2026-05-17T03:27:35.325+0000] {processor.py:830} INFO - Processing file /home/airflow/.local/lib/python3.8/site-packages/airflow/example_dags/example_short_circuit_decorator.py for tasks to queue
[2026-05-17T03:27:35.328+0000] {logging_mixin.py:188} INFO - [2026-05-17T03:27:35.327+0000] {dagbag.py:538} INFO - Filling up the DagBag from /home/airflow/.local/lib/python3.8/site-packages/airflow/example_dags/example_short_circuit_decorator.py
[2026-05-17T03:27:35.342+0000] {processor.py:840} INFO - DAG(s) 'example_short_circuit_decorator' retrieved from /home/airflow/.local/lib/python3.8/site-packages/airflow/example_dags/example_short_circuit_decorator.py
[2026-05-17T03:27:35.390+0000] {logging_mixin.py:188} INFO - [2026-05-17T03:27:35.390+0000] {dag.py:3036} INFO - Sync 1 DAGs
[2026-05-17T03:27:35.432+0000] {logging_mixin.py:188} INFO - [2026-05-17T03:27:35.432+0000] {dag.py:3823} INFO - Setting next_dagrun for example_short_circuit_decorator to 2026-05-16 00:00:00+00:00, run_after=2026-05-17 00:00:00+00:00
[2026-05-17T03:27:35.467+0000] {processor.py:183} INFO - Processing /home/airflow/.local/lib/python3.8/site-packages/airflow/example_dags/example_short_circuit_decorator.py took 0.149 seconds
[2026-05-17T03:28:06.044+0000] {processor.py:161} INFO - Started process (PID=1058) to work on /home/airflow/.local/lib/python3.8/site-packages/airflow/example_dags/example_short_circuit_decorator.py
[2026-05-17T03:28:06.046+0000] {processor.py:830} INFO - Processing file /home/airflow/.local/lib/python3.8/site-packages/airflow/example_dags/example_short_circuit_decorator.py for tasks to queue
[2026-05-17T03:28:06.050+0000] {logging_mixin.py:188} INFO - [2026-05-17T03:28:06.049+0000] {dagbag.py:538} INFO - Filling up the DagBag from /home/airflow/.local/lib/python3.8/site-packages/airflow/example_dags/example_short_circuit_decorator.py
[2026-05-17T03:28:06.066+0000] {processor.py:840} INFO - DAG(s) 'example_short_circuit_decorator' retrieved from /home/airflow/.local/lib/python3.8/site-packages/airflow/example_dags/example_short_circuit_decorator.py
[2026-05-17T03:28:06.112+0000] {logging_mixin.py:188} INFO - [2026-05-17T03:28:06.111+0000] {dag.py:3036} INFO - Sync 1 DAGs
[2026-05-17T03:28:06.152+0000] {logging_mixin.py:188} INFO - [2026-05-17T03:28:06.152+0000] {dag.py:3823} INFO - Setting next_dagrun for example_short_circuit_decorator to 2026-05-16 00:00:00+00:00, run_after=2026-05-17 00:00:00+00:00
[2026-05-17T03:28:06.187+0000] {processor.py:183} INFO - Processing /home/airflow/.local/lib/python3.8/site-packages/airflow/example_dags/example_short_circuit_decorator.py took 0.150 seconds
[2026-05-17T03:28:36.461+0000] {processor.py:161} INFO - Started process (PID=1122) to work on /home/airflow/.local/lib/python3.8/site-packages/airflow/example_dags/example_short_circuit_decorator.py
[2026-05-17T03:28:36.463+0000] {processor.py:830} INFO - Processing file /home/airflow/.local/lib/python3.8/site-packages/airflow/example_dags/example_short_circuit_decorator.py for tasks to queue
[2026-05-17T03:28:36.466+0000] {logging_mixin.py:188} INFO - [2026-05-17T03:28:36.465+0000] {dagbag.py:538} INFO - Filling up the DagBag from /home/airflow/.local/lib/python3.8/site-packages/airflow/example_dags/example_short_circuit_decorator.py
[2026-05-17T03:28:36.481+0000] {processor.py:840} INFO - DAG(s) 'example_short_circuit_decorator' retrieved from /home/airflow/.local/lib/python3.8/site-packages/airflow/example_dags/example_short_circuit_decorator.py
[2026-05-17T03:28:36.523+0000] {logging_mixin.py:188} INFO - [2026-05-17T03:28:36.523+0000] {dag.py:3036} INFO - Sync 1 DAGs
[2026-05-17T03:28:36.560+0000] {logging_mixin.py:188} INFO - [2026-05-17T03:28:36.559+0000] {dag.py:3823} INFO - Setting next_dagrun for example_short_circuit_decorator to 2026-05-16 00:00:00+00:00, run_after=2026-05-17 00:00:00+00:00
[2026-05-17T03:28:36.596+0000] {processor.py:183} INFO - Processing /home/airflow/.local/lib/python3.8/site-packages/airflow/example_dags/example_short_circuit_decorator.py took 0.140 seconds
[2026-05-17T03:29:06.730+0000] {processor.py:161} INFO - Started process (PID=1188) to work on /home/airflow/.local/lib/python3.8/site-packages/airflow/example_dags/example_short_circuit_decorator.py
[2026-05-17T03:29:06.733+0000] {processor.py:830} INFO - Processing file /home/airflow/.local/lib/python3.8/site-packages/airflow/example_dags/example_short_circuit_decorator.py for tasks to queue
[2026-05-17T03:29:06.736+0000] {logging_mixin.py:188} INFO - [2026-05-17T03:29:06.736+0000] {dagbag.py:538} INFO - Filling up the DagBag from /home/airflow/.local/lib/python3.8/site-packages/airflow/example_dags/example_short_circuit_decorator.py
[2026-05-17T03:29:06.753+0000] {processor.py:840} INFO - DAG(s) 'example_short_circuit_decorator' retrieved from /home/airflow/.local/lib/python3.8/site-packages/airflow/example_dags/example_short_circuit_decorator.py
[2026-05-17T03:29:06.803+0000] {logging_mixin.py:188} INFO - [2026-05-17T03:29:06.803+0000] {dag.py:3036} INFO - Sync 1 DAGs
[2026-05-17T03:29:06.845+0000] {logging_mixin.py:188} INFO - [2026-05-17T03:29:06.845+0000] {dag.py:3823} INFO - Setting next_dagrun for example_short_circuit_decorator to 2026-05-16 00:00:00+00:00, run_after=2026-05-17 00:00:00+00:00
[2026-05-17T03:29:06.875+0000] {processor.py:183} INFO - Processing /home/airflow/.local/lib/python3.8/site-packages/airflow/example_dags/example_short_circuit_decorator.py took 0.150 seconds
[2026-05-17T03:29:37.049+0000] {processor.py:161} INFO - Started process (PID=1254) to work on /home/airflow/.local/lib/python3.8/site-packages/airflow/example_dags/example_short_circuit_decorator.py
[2026-05-17T03:29:37.050+0000] {processor.py:830} INFO - Processing file /home/airflow/.local/lib/python3.8/site-packages/airflow/example_dags/example_short_circuit_decorator.py for tasks to queue
[2026-05-17T03:29:37.052+0000] {logging_mixin.py:188} INFO - [2026-05-17T03:29:37.052+0000] {dagbag.py:538} INFO - Filling up the DagBag from /home/airflow/.local/lib/python3.8/site-packages/airflow/example_dags/example_short_circuit_decorator.py
[2026-05-17T03:29:37.067+0000] {processor.py:840} INFO - DAG(s) 'example_short_circuit_decorator' retrieved from /home/airflow/.local/lib/python3.8/site-packages/airflow/example_dags/example_short_circuit_decorator.py
[2026-05-17T03:29:37.108+0000] {logging_mixin.py:188} INFO - [2026-05-17T03:29:37.107+0000] {dag.py:3036} INFO - Sync 1 DAGs
[2026-05-17T03:29:37.145+0000] {logging_mixin.py:188} INFO - [2026-05-17T03:29:37.145+0000] {dag.py:3823} INFO - Setting next_dagrun for example_short_circuit_decorator to 2026-05-16 00:00:00+00:00, run_after=2026-05-17 00:00:00+00:00
[2026-05-17T03:29:37.176+0000] {processor.py:183} INFO - Processing /home/airflow/.local/lib/python3.8/site-packages/airflow/example_dags/example_short_circuit_decorator.py took 0.132 seconds
[2026-05-17T03:30:07.517+0000] {processor.py:161} INFO - Started process (PID=1319) to work on /home/airflow/.local/lib/python3.8/site-packages/airflow/example_dags/example_short_circuit_decorator.py
[2026-05-17T03:30:07.520+0000] {processor.py:830} INFO - Processing file /home/airflow/.local/lib/python3.8/site-packages/airflow/example_dags/example_short_circuit_decorator.py for tasks to queue
[2026-05-17T03:30:07.525+0000] {logging_mixin.py:188} INFO - [2026-05-17T03:30:07.524+0000] {dagbag.py:538} INFO - Filling up the DagBag from /home/airflow/.local/lib/python3.8/site-packages/airflow/example_dags/example_short_circuit_decorator.py
[2026-05-17T03:30:07.545+0000] {processor.py:840} INFO - DAG(s) 'example_short_circuit_decorator' retrieved from /home/airflow/.local/lib/python3.8/site-packages/airflow/example_dags/example_short_circuit_decorator.py
[2026-05-17T03:30:07.592+0000] {logging_mixin.py:188} INFO - [2026-05-17T03:30:07.591+0000] {dag.py:3036} INFO - Sync 1 DAGs
[2026-05-17T03:30:07.634+0000] {logging_mixin.py:188} INFO - [2026-05-17T03:30:07.633+0000] {dag.py:3823} INFO - Setting next_dagrun for example_short_circuit_decorator to 2026-05-16 00:00:00+00:00, run_after=2026-05-17 00:00:00+00:00
[2026-05-17T03:30:07.664+0000] {processor.py:183} INFO - Processing /home/airflow/.local/lib/python3.8/site-packages/airflow/example_dags/example_short_circuit_decorator.py took 0.155 seconds
[2026-05-17T03:30:37.770+0000] {processor.py:161} INFO - Started process (PID=1384) to work on /home/airflow/.local/lib/python3.8/site-packages/airflow/example_dags/example_short_circuit_decorator.py
[2026-05-17T03:30:37.771+0000] {processor.py:830} INFO - Processing file /home/airflow/.local/lib/python3.8/site-packages/airflow/example_dags/example_short_circuit_decorator.py for tasks to queue
[2026-05-17T03:30:37.774+0000] {logging_mixin.py:188} INFO - [2026-05-17T03:30:37.773+0000] {dagbag.py:538} INFO - Filling up the DagBag from /home/airflow/.local/lib/python3.8/site-packages/airflow/example_dags/example_short_circuit_decorator.py
[2026-05-17T03:30:37.789+0000] {processor.py:840} INFO - DAG(s) 'example_short_circuit_decorator' retrieved from /home/airflow/.local/lib/python3.8/site-packages/airflow/example_dags/example_short_circuit_decorator.py
[2026-05-17T03:30:37.834+0000] {logging_mixin.py:188} INFO - [2026-05-17T03:30:37.834+0000] {dag.py:3036} INFO - Sync 1 DAGs
[2026-05-17T03:30:37.874+0000] {logging_mixin.py:188} INFO - [2026-05-17T03:30:37.874+0000] {dag.py:3823} INFO - Setting next_dagrun for example_short_circuit_decorator to 2026-05-16 00:00:00+00:00, run_after=2026-05-17 00:00:00+00:00
[2026-05-17T03:30:37.904+0000] {processor.py:183} INFO - Processing /home/airflow/.local/lib/python3.8/site-packages/airflow/example_dags/example_short_circuit_decorator.py took 0.139 seconds
[2026-05-17T03:31:08.492+0000] {processor.py:161} INFO - Started process (PID=1459) to work on /home/airflow/.local/lib/python3.8/site-packages/airflow/example_dags/example_short_circuit_decorator.py
[2026-05-17T03:31:08.494+0000] {processor.py:830} INFO - Processing file /home/airflow/.local/lib/python3.8/site-packages/airflow/example_dags/example_short_circuit_decorator.py for tasks to queue
[2026-05-17T03:31:08.497+0000] {logging_mixin.py:188} INFO - [2026-05-17T03:31:08.497+0000] {dagbag.py:538} INFO - Filling up the DagBag from /home/airflow/.local/lib/python3.8/site-packages/airflow/example_dags/example_short_circuit_decorator.py
[2026-05-17T03:31:08.516+0000] {processor.py:840} INFO - DAG(s) 'example_short_circuit_decorator' retrieved from /home/airflow/.local/lib/python3.8/site-packages/airflow/example_dags/example_short_circuit_decorator.py
[2026-05-17T03:31:08.568+0000] {logging_mixin.py:188} INFO - [2026-05-17T03:31:08.568+0000] {dag.py:3036} INFO - Sync 1 DAGs
[2026-05-17T03:31:08.613+0000] {logging_mixin.py:188} INFO - [2026-05-17T03:31:08.612+0000] {dag.py:3823} INFO - Setting next_dagrun for example_short_circuit_decorator to 2026-05-16 00:00:00+00:00, run_after=2026-05-17 00:00:00+00:00
[2026-05-17T03:31:08.643+0000] {processor.py:183} INFO - Processing /home/airflow/.local/lib/python3.8/site-packages/airflow/example_dags/example_short_circuit_decorator.py took 0.157 seconds
[2026-05-17T03:31:38.975+0000] {processor.py:161} INFO - Started process (PID=1526) to work on /home/airflow/.local/lib/python3.8/site-packages/airflow/example_dags/example_short_circuit_decorator.py
[2026-05-17T03:31:38.977+0000] {processor.py:830} INFO - Processing file /home/airflow/.local/lib/python3.8/site-packages/airflow/example_dags/example_short_circuit_decorator.py for tasks to queue
[2026-05-17T03:31:38.980+0000] {logging_mixin.py:188} INFO - [2026-05-17T03:31:38.980+0000] {dagbag.py:538} INFO - Filling up the DagBag from /home/airflow/.local/lib/python3.8/site-packages/airflow/example_dags/example_short_circuit_decorator.py
[2026-05-17T03:31:39.000+0000] {processor.py:840} INFO - DAG(s) 'example_short_circuit_decorator' retrieved from /home/airflow/.local/lib/python3.8/site-packages/airflow/example_dags/example_short_circuit_decorator.py
[2026-05-17T03:31:39.052+0000] {logging_mixin.py:188} INFO - [2026-05-17T03:31:39.052+0000] {dag.py:3036} INFO - Sync 1 DAGs
[2026-05-17T03:31:39.097+0000] {logging_mixin.py:188} INFO - [2026-05-17T03:31:39.096+0000] {dag.py:3823} INFO - Setting next_dagrun for example_short_circuit_decorator to 2026-05-16 00:00:00+00:00, run_after=2026-05-17 00:00:00+00:00
[2026-05-17T03:31:39.130+0000] {processor.py:183} INFO - Processing /home/airflow/.local/lib/python3.8/site-packages/airflow/example_dags/example_short_circuit_decorator.py took 0.161 seconds
[2026-05-17T03:32:09.523+0000] {processor.py:161} INFO - Started process (PID=1591) to work on /home/airflow/.local/lib/python3.8/site-packages/airflow/example_dags/example_short_circuit_decorator.py
[2026-05-17T03:32:09.525+0000] {processor.py:830} INFO - Processing file /home/airflow/.local/lib/python3.8/site-packages/airflow/example_dags/example_short_circuit_decorator.py for tasks to queue
[2026-05-17T03:32:09.529+0000] {logging_mixin.py:188} INFO - [2026-05-17T03:32:09.528+0000] {dagbag.py:538} INFO - Filling up the DagBag from /home/airflow/.local/lib/python3.8/site-packages/airflow/example_dags/example_short_circuit_decorator.py
[2026-05-17T03:32:09.548+0000] {processor.py:840} INFO - DAG(s) 'example_short_circuit_decorator' retrieved from /home/airflow/.local/lib/python3.8/site-packages/airflow/example_dags/example_short_circuit_decorator.py
[2026-05-17T03:32:09.598+0000] {logging_mixin.py:188} INFO - [2026-05-17T03:32:09.598+0000] {dag.py:3036} INFO - Sync 1 DAGs
[2026-05-17T03:32:09.650+0000] {logging_mixin.py:188} INFO - [2026-05-17T03:32:09.649+0000] {dag.py:3823} INFO - Setting next_dagrun for example_short_circuit_decorator to 2026-05-16 00:00:00+00:00, run_after=2026-05-17 00:00:00+00:00
[2026-05-17T03:32:09.685+0000] {processor.py:183} INFO - Processing /home/airflow/.local/lib/python3.8/site-packages/airflow/example_dags/example_short_circuit_decorator.py took 0.168 seconds
[2026-05-17T03:32:40.037+0000] {processor.py:161} INFO - Started process (PID=1655) to work on /home/airflow/.local/lib/python3.8/site-packages/airflow/example_dags/example_short_circuit_decorator.py
[2026-05-17T03:32:40.039+0000] {processor.py:830} INFO - Processing file /home/airflow/.local/lib/python3.8/site-packages/airflow/example_dags/example_short_circuit_decorator.py for tasks to queue
[2026-05-17T03:32:40.042+0000] {logging_mixin.py:188} INFO - [2026-05-17T03:32:40.042+0000] {dagbag.py:538} INFO - Filling up the DagBag from /home/airflow/.local/lib/python3.8/site-packages/airflow/example_dags/example_short_circuit_decorator.py
[2026-05-17T03:32:40.067+0000] {processor.py:840} INFO - DAG(s) 'example_short_circuit_decorator' retrieved from /home/airflow/.local/lib/python3.8/site-packages/airflow/example_dags/example_short_circuit_decorator.py
[2026-05-17T03:32:40.136+0000] {logging_mixin.py:188} INFO - [2026-05-17T03:32:40.136+0000] {dag.py:3036} INFO - Sync 1 DAGs
[2026-05-17T03:32:40.181+0000] {logging_mixin.py:188} INFO - [2026-05-17T03:32:40.181+0000] {dag.py:3823} INFO - Setting next_dagrun for example_short_circuit_decorator to 2026-05-16 00:00:00+00:00, run_after=2026-05-17 00:00:00+00:00
[2026-05-17T03:32:40.218+0000] {processor.py:183} INFO - Processing /home/airflow/.local/lib/python3.8/site-packages/airflow/example_dags/example_short_circuit_decorator.py took 0.187 seconds
[2026-05-17T03:33:10.379+0000] {processor.py:161} INFO - Started process (PID=1719) to work on /home/airflow/.local/lib/python3.8/site-packages/airflow/example_dags/example_short_circuit_decorator.py
[2026-05-17T03:33:10.381+0000] {processor.py:830} INFO - Processing file /home/airflow/.local/lib/python3.8/site-packages/airflow/example_dags/example_short_circuit_decorator.py for tasks to queue
[2026-05-17T03:33:10.383+0000] {logging_mixin.py:188} INFO - [2026-05-17T03:33:10.383+0000] {dagbag.py:538} INFO - Filling up the DagBag from /home/airflow/.local/lib/python3.8/site-packages/airflow/example_dags/example_short_circuit_decorator.py
[2026-05-17T03:33:10.397+0000] {processor.py:840} INFO - DAG(s) 'example_short_circuit_decorator' retrieved from /home/airflow/.local/lib/python3.8/site-packages/airflow/example_dags/example_short_circuit_decorator.py
[2026-05-17T03:33:10.446+0000] {logging_mixin.py:188} INFO - [2026-05-17T03:33:10.445+0000] {dag.py:3036} INFO - Sync 1 DAGs
[2026-05-17T03:33:10.489+0000] {logging_mixin.py:188} INFO - [2026-05-17T03:33:10.488+0000] {dag.py:3823} INFO - Setting next_dagrun for example_short_circuit_decorator to 2026-05-16 00:00:00+00:00, run_after=2026-05-17 00:00:00+00:00
[2026-05-17T03:33:10.519+0000] {processor.py:183} INFO - Processing /home/airflow/.local/lib/python3.8/site-packages/airflow/example_dags/example_short_circuit_decorator.py took 0.146 seconds
[2026-05-17T03:33:40.666+0000] {processor.py:161} INFO - Started process (PID=1784) to work on /home/airflow/.local/lib/python3.8/site-packages/airflow/example_dags/example_short_circuit_decorator.py
[2026-05-17T03:33:40.668+0000] {processor.py:830} INFO - Processing file /home/airflow/.local/lib/python3.8/site-packages/airflow/example_dags/example_short_circuit_decorator.py for tasks to queue
[2026-05-17T03:33:40.671+0000] {logging_mixin.py:188} INFO - [2026-05-17T03:33:40.671+0000] {dagbag.py:538} INFO - Filling up the DagBag from /home/airflow/.local/lib/python3.8/site-packages/airflow/example_dags/example_short_circuit_decorator.py
[2026-05-17T03:33:40.686+0000] {processor.py:840} INFO - DAG(s) 'example_short_circuit_decorator' retrieved from /home/airflow/.local/lib/python3.8/site-packages/airflow/example_dags/example_short_circuit_decorator.py
[2026-05-17T03:33:40.730+0000] {logging_mixin.py:188} INFO - [2026-05-17T03:33:40.730+0000] {dag.py:3036} INFO - Sync 1 DAGs
[2026-05-17T03:33:40.769+0000] {logging_mixin.py:188} INFO - [2026-05-17T03:33:40.768+0000] {dag.py:3823} INFO - Setting next_dagrun for example_short_circuit_decorator to 2026-05-16 00:00:00+00:00, run_after=2026-05-17 00:00:00+00:00
[2026-05-17T03:33:40.798+0000] {processor.py:183} INFO - Processing /home/airflow/.local/lib/python3.8/site-packages/airflow/example_dags/example_short_circuit_decorator.py took 0.138 seconds
[2026-05-17T03:34:11.059+0000] {processor.py:161} INFO - Started process (PID=1849) to work on /home/airflow/.local/lib/python3.8/site-packages/airflow/example_dags/example_short_circuit_decorator.py
[2026-05-17T03:34:11.060+0000] {processor.py:830} INFO - Processing file /home/airflow/.local/lib/python3.8/site-packages/airflow/example_dags/example_short_circuit_decorator.py for tasks to queue
[2026-05-17T03:34:11.063+0000] {logging_mixin.py:188} INFO - [2026-05-17T03:34:11.062+0000] {dagbag.py:538} INFO - Filling up the DagBag from /home/airflow/.local/lib/python3.8/site-packages/airflow/example_dags/example_short_circuit_decorator.py
[2026-05-17T03:34:11.077+0000] {processor.py:840} INFO - DAG(s) 'example_short_circuit_decorator' retrieved from /home/airflow/.local/lib/python3.8/site-packages/airflow/example_dags/example_short_circuit_decorator.py
[2026-05-17T03:34:11.121+0000] {logging_mixin.py:188} INFO - [2026-05-17T03:34:11.121+0000] {dag.py:3036} INFO - Sync 1 DAGs
[2026-05-17T03:34:11.158+0000] {logging_mixin.py:188} INFO - [2026-05-17T03:34:11.157+0000] {dag.py:3823} INFO - Setting next_dagrun for example_short_circuit_decorator to 2026-05-16 00:00:00+00:00, run_after=2026-05-17 00:00:00+00:00
[2026-05-17T03:34:11.190+0000] {processor.py:183} INFO - Processing /home/airflow/.local/lib/python3.8/site-packages/airflow/example_dags/example_short_circuit_decorator.py took 0.136 seconds
[2026-05-17T03:34:41.387+0000] {processor.py:161} INFO - Started process (PID=1914) to work on /home/airflow/.local/lib/python3.8/site-packages/airflow/example_dags/example_short_circuit_decorator.py
[2026-05-17T03:34:41.389+0000] {processor.py:830} INFO - Processing file /home/airflow/.local/lib/python3.8/site-packages/airflow/example_dags/example_short_circuit_decorator.py for tasks to queue
[2026-05-17T03:34:41.392+0000] {logging_mixin.py:188} INFO - [2026-05-17T03:34:41.392+0000] {dagbag.py:538} INFO - Filling up the DagBag from /home/airflow/.local/lib/python3.8/site-packages/airflow/example_dags/example_short_circuit_decorator.py
[2026-05-17T03:34:41.407+0000] {processor.py:840} INFO - DAG(s) 'example_short_circuit_decorator' retrieved from /home/airflow/.local/lib/python3.8/site-packages/airflow/example_dags/example_short_circuit_decorator.py
[2026-05-17T03:34:41.457+0000] {logging_mixin.py:188} INFO - [2026-05-17T03:34:41.456+0000] {dag.py:3036} INFO - Sync 1 DAGs
[2026-05-17T03:34:41.496+0000] {logging_mixin.py:188} INFO - [2026-05-17T03:34:41.496+0000] {dag.py:3823} INFO - Setting next_dagrun for example_short_circuit_decorator to 2026-05-16 00:00:00+00:00, run_after=2026-05-17 00:00:00+00:00
[2026-05-17T03:34:41.530+0000] {processor.py:183} INFO - Processing /home/airflow/.local/lib/python3.8/site-packages/airflow/example_dags/example_short_circuit_decorator.py took 0.147 seconds
[2026-05-17T03:35:11.688+0000] {processor.py:161} INFO - Started process (PID=1979) to work on /home/airflow/.local/lib/python3.8/site-packages/airflow/example_dags/example_short_circuit_decorator.py
[2026-05-17T03:35:11.689+0000] {processor.py:830} INFO - Processing file /home/airflow/.local/lib/python3.8/site-packages/airflow/example_dags/example_short_circuit_decorator.py for tasks to queue
[2026-05-17T03:35:11.692+0000] {logging_mixin.py:188} INFO - [2026-05-17T03:35:11.692+0000] {dagbag.py:538} INFO - Filling up the DagBag from /home/airflow/.local/lib/python3.8/site-packages/airflow/example_dags/example_short_circuit_decorator.py
[2026-05-17T03:35:11.722+0000] {processor.py:840} INFO - DAG(s) 'example_short_circuit_decorator' retrieved from /home/airflow/.local/lib/python3.8/site-packages/airflow/example_dags/example_short_circuit_decorator.py
[2026-05-17T03:35:11.774+0000] {logging_mixin.py:188} INFO - [2026-05-17T03:35:11.774+0000] {dag.py:3036} INFO - Sync 1 DAGs
[2026-05-17T03:35:11.819+0000] {logging_mixin.py:188} INFO - [2026-05-17T03:35:11.818+0000] {dag.py:3823} INFO - Setting next_dagrun for example_short_circuit_decorator to 2026-05-16 00:00:00+00:00, run_after=2026-05-17 00:00:00+00:00
[2026-05-17T03:35:11.853+0000] {processor.py:183} INFO - Processing /home/airflow/.local/lib/python3.8/site-packages/airflow/example_dags/example_short_circuit_decorator.py took 0.171 seconds
[2026-05-17T03:35:42.284+0000] {processor.py:161} INFO - Started process (PID=2045) to work on /home/airflow/.local/lib/python3.8/site-packages/airflow/example_dags/example_short_circuit_decorator.py
[2026-05-17T03:35:42.286+0000] {processor.py:830} INFO - Processing file /home/airflow/.local/lib/python3.8/site-packages/airflow/example_dags/example_short_circuit_decorator.py for tasks to queue
[2026-05-17T03:35:42.289+0000] {logging_mixin.py:188} INFO - [2026-05-17T03:35:42.289+0000] {dagbag.py:538} INFO - Filling up the DagBag from /home/airflow/.local/lib/python3.8/site-packages/airflow/example_dags/example_short_circuit_decorator.py
[2026-05-17T03:35:42.307+0000] {processor.py:840} INFO - DAG(s) 'example_short_circuit_decorator' retrieved from /home/airflow/.local/lib/python3.8/site-packages/airflow/example_dags/example_short_circuit_decorator.py
[2026-05-17T03:35:42.358+0000] {logging_mixin.py:188} INFO - [2026-05-17T03:35:42.358+0000] {dag.py:3036} INFO - Sync 1 DAGs
[2026-05-17T03:35:42.402+0000] {logging_mixin.py:188} INFO - [2026-05-17T03:35:42.402+0000] {dag.py:3823} INFO - Setting next_dagrun for example_short_circuit_decorator to 2026-05-16 00:00:00+00:00, run_after=2026-05-17 00:00:00+00:00
[2026-05-17T03:35:42.434+0000] {processor.py:183} INFO - Processing /home/airflow/.local/lib/python3.8/site-packages/airflow/example_dags/example_short_circuit_decorator.py took 0.156 seconds
[2026-05-17T03:36:12.843+0000] {processor.py:161} INFO - Started process (PID=2110) to work on /home/airflow/.local/lib/python3.8/site-packages/airflow/example_dags/example_short_circuit_decorator.py
[2026-05-17T03:36:12.844+0000] {processor.py:830} INFO - Processing file /home/airflow/.local/lib/python3.8/site-packages/airflow/example_dags/example_short_circuit_decorator.py for tasks to queue
[2026-05-17T03:36:12.847+0000] {logging_mixin.py:188} INFO - [2026-05-17T03:36:12.847+0000] {dagbag.py:538} INFO - Filling up the DagBag from /home/airflow/.local/lib/python3.8/site-packages/airflow/example_dags/example_short_circuit_decorator.py
[2026-05-17T03:36:12.862+0000] {processor.py:840} INFO - DAG(s) 'example_short_circuit_decorator' retrieved from /home/airflow/.local/lib/python3.8/site-packages/airflow/example_dags/example_short_circuit_decorator.py
[2026-05-17T03:36:12.904+0000] {logging_mixin.py:188} INFO - [2026-05-17T03:36:12.904+0000] {dag.py:3036} INFO - Sync 1 DAGs
[2026-05-17T03:36:12.945+0000] {logging_mixin.py:188} INFO - [2026-05-17T03:36:12.945+0000] {dag.py:3823} INFO - Setting next_dagrun for example_short_circuit_decorator to 2026-05-16 00:00:00+00:00, run_after=2026-05-17 00:00:00+00:00
[2026-05-17T03:36:12.975+0000] {processor.py:183} INFO - Processing /home/airflow/.local/lib/python3.8/site-packages/airflow/example_dags/example_short_circuit_decorator.py took 0.136 seconds
[2026-05-17T03:36:43.689+0000] {processor.py:161} INFO - Started process (PID=2176) to work on /home/airflow/.local/lib/python3.8/site-packages/airflow/example_dags/example_short_circuit_decorator.py
[2026-05-17T03:36:43.691+0000] {processor.py:830} INFO - Processing file /home/airflow/.local/lib/python3.8/site-packages/airflow/example_dags/example_short_circuit_decorator.py for tasks to queue
[2026-05-17T03:36:43.693+0000] {logging_mixin.py:188} INFO - [2026-05-17T03:36:43.693+0000] {dagbag.py:538} INFO - Filling up the DagBag from /home/airflow/.local/lib/python3.8/site-packages/airflow/example_dags/example_short_circuit_decorator.py
[2026-05-17T03:36:43.708+0000] {processor.py:840} INFO - DAG(s) 'example_short_circuit_decorator' retrieved from /home/airflow/.local/lib/python3.8/site-packages/airflow/example_dags/example_short_circuit_decorator.py
[2026-05-17T03:36:43.755+0000] {logging_mixin.py:188} INFO - [2026-05-17T03:36:43.755+0000] {dag.py:3036} INFO - Sync 1 DAGs
[2026-05-17T03:36:43.794+0000] {logging_mixin.py:188} INFO - [2026-05-17T03:36:43.794+0000] {dag.py:3823} INFO - Setting next_dagrun for example_short_circuit_decorator to 2026-05-16 00:00:00+00:00, run_after=2026-05-17 00:00:00+00:00
[2026-05-17T03:36:43.824+0000] {processor.py:183} INFO - Processing /home/airflow/.local/lib/python3.8/site-packages/airflow/example_dags/example_short_circuit_decorator.py took 0.140 seconds
[2026-05-17T03:37:14.795+0000] {processor.py:161} INFO - Started process (PID=2250) to work on /home/airflow/.local/lib/python3.8/site-packages/airflow/example_dags/example_short_circuit_decorator.py
[2026-05-17T03:37:14.796+0000] {processor.py:830} INFO - Processing file /home/airflow/.local/lib/python3.8/site-packages/airflow/example_dags/example_short_circuit_decorator.py for tasks to queue
[2026-05-17T03:37:14.799+0000] {logging_mixin.py:188} INFO - [2026-05-17T03:37:14.799+0000] {dagbag.py:538} INFO - Filling up the DagBag from /home/airflow/.local/lib/python3.8/site-packages/airflow/example_dags/example_short_circuit_decorator.py
[2026-05-17T03:37:14.819+0000] {processor.py:840} INFO - DAG(s) 'example_short_circuit_decorator' retrieved from /home/airflow/.local/lib/python3.8/site-packages/airflow/example_dags/example_short_circuit_decorator.py
[2026-05-17T03:37:14.877+0000] {logging_mixin.py:188} INFO - [2026-05-17T03:37:14.876+0000] {dag.py:3036} INFO - Sync 1 DAGs
[2026-05-17T03:37:14.918+0000] {logging_mixin.py:188} INFO - [2026-05-17T03:37:14.918+0000] {dag.py:3823} INFO - Setting next_dagrun for example_short_circuit_decorator to 2026-05-16 00:00:00+00:00, run_after=2026-05-17 00:00:00+00:00
[2026-05-17T03:37:14.948+0000] {processor.py:183} INFO - Processing /home/airflow/.local/lib/python3.8/site-packages/airflow/example_dags/example_short_circuit_decorator.py took 0.160 seconds
[2026-05-17T03:37:45.403+0000] {processor.py:161} INFO - Started process (PID=2315) to work on /home/airflow/.local/lib/python3.8/site-packages/airflow/example_dags/example_short_circuit_decorator.py
[2026-05-17T03:37:45.405+0000] {processor.py:830} INFO - Processing file /home/airflow/.local/lib/python3.8/site-packages/airflow/example_dags/example_short_circuit_decorator.py for tasks to queue
[2026-05-17T03:37:45.409+0000] {logging_mixin.py:188} INFO - [2026-05-17T03:37:45.408+0000] {dagbag.py:538} INFO - Filling up the DagBag from /home/airflow/.local/lib/python3.8/site-packages/airflow/example_dags/example_short_circuit_decorator.py
[2026-05-17T03:37:45.425+0000] {processor.py:840} INFO - DAG(s) 'example_short_circuit_decorator' retrieved from /home/airflow/.local/lib/python3.8/site-packages/airflow/example_dags/example_short_circuit_decorator.py
[2026-05-17T03:37:45.468+0000] {logging_mixin.py:188} INFO - [2026-05-17T03:37:45.468+0000] {dag.py:3036} INFO - Sync 1 DAGs
[2026-05-17T03:37:45.505+0000] {logging_mixin.py:188} INFO - [2026-05-17T03:37:45.505+0000] {dag.py:3823} INFO - Setting next_dagrun for example_short_circuit_decorator to 2026-05-16 00:00:00+00:00, run_after=2026-05-17 00:00:00+00:00
[2026-05-17T03:37:45.535+0000] {processor.py:183} INFO - Processing /home/airflow/.local/lib/python3.8/site-packages/airflow/example_dags/example_short_circuit_decorator.py took 0.137 seconds
[2026-05-17T03:38:15.830+0000] {processor.py:161} INFO - Started process (PID=2382) to work on /home/airflow/.local/lib/python3.8/site-packages/airflow/example_dags/example_short_circuit_decorator.py
[2026-05-17T03:38:15.831+0000] {processor.py:830} INFO - Processing file /home/airflow/.local/lib/python3.8/site-packages/airflow/example_dags/example_short_circuit_decorator.py for tasks to queue
[2026-05-17T03:38:15.833+0000] {logging_mixin.py:188} INFO - [2026-05-17T03:38:15.833+0000] {dagbag.py:538} INFO - Filling up the DagBag from /home/airflow/.local/lib/python3.8/site-packages/airflow/example_dags/example_short_circuit_decorator.py
[2026-05-17T03:38:15.849+0000] {processor.py:840} INFO - DAG(s) 'example_short_circuit_decorator' retrieved from /home/airflow/.local/lib/python3.8/site-packages/airflow/example_dags/example_short_circuit_decorator.py
[2026-05-17T03:38:15.889+0000] {logging_mixin.py:188} INFO - [2026-05-17T03:38:15.889+0000] {dag.py:3036} INFO - Sync 1 DAGs
[2026-05-17T03:38:15.924+0000] {logging_mixin.py:188} INFO - [2026-05-17T03:38:15.924+0000] {dag.py:3823} INFO - Setting next_dagrun for example_short_circuit_decorator to 2026-05-16 00:00:00+00:00, run_after=2026-05-17 00:00:00+00:00
[2026-05-17T03:38:15.957+0000] {processor.py:183} INFO - Processing /home/airflow/.local/lib/python3.8/site-packages/airflow/example_dags/example_short_circuit_decorator.py took 0.132 seconds
[2026-05-17T03:38:46.593+0000] {processor.py:161} INFO - Started process (PID=2448) to work on /home/airflow/.local/lib/python3.8/site-packages/airflow/example_dags/example_short_circuit_decorator.py
[2026-05-17T03:38:46.595+0000] {processor.py:830} INFO - Processing file /home/airflow/.local/lib/python3.8/site-packages/airflow/example_dags/example_short_circuit_decorator.py for tasks to queue
[2026-05-17T03:38:46.598+0000] {logging_mixin.py:188} INFO - [2026-05-17T03:38:46.598+0000] {dagbag.py:538} INFO - Filling up the DagBag from /home/airflow/.local/lib/python3.8/site-packages/airflow/example_dags/example_short_circuit_decorator.py
[2026-05-17T03:38:46.617+0000] {processor.py:840} INFO - DAG(s) 'example_short_circuit_decorator' retrieved from /home/airflow/.local/lib/python3.8/site-packages/airflow/example_dags/example_short_circuit_decorator.py
[2026-05-17T03:38:46.663+0000] {logging_mixin.py:188} INFO - [2026-05-17T03:38:46.663+0000] {dag.py:3036} INFO - Sync 1 DAGs
[2026-05-17T03:38:46.701+0000] {logging_mixin.py:188} INFO - [2026-05-17T03:38:46.701+0000] {dag.py:3823} INFO - Setting next_dagrun for example_short_circuit_decorator to 2026-05-16 00:00:00+00:00, run_after=2026-05-17 00:00:00+00:00
[2026-05-17T03:38:46.733+0000] {processor.py:183} INFO - Processing /home/airflow/.local/lib/python3.8/site-packages/airflow/example_dags/example_short_circuit_decorator.py took 0.146 seconds
[2026-05-17T03:39:17.196+0000] {processor.py:161} INFO - Started process (PID=2515) to work on /home/airflow/.local/lib/python3.8/site-packages/airflow/example_dags/example_short_circuit_decorator.py
[2026-05-17T03:39:17.198+0000] {processor.py:830} INFO - Processing file /home/airflow/.local/lib/python3.8/site-packages/airflow/example_dags/example_short_circuit_decorator.py for tasks to queue
[2026-05-17T03:39:17.201+0000] {logging_mixin.py:188} INFO - [2026-05-17T03:39:17.200+0000] {dagbag.py:538} INFO - Filling up the DagBag from /home/airflow/.local/lib/python3.8/site-packages/airflow/example_dags/example_short_circuit_decorator.py
[2026-05-17T03:39:17.217+0000] {processor.py:840} INFO - DAG(s) 'example_short_circuit_decorator' retrieved from /home/airflow/.local/lib/python3.8/site-packages/airflow/example_dags/example_short_circuit_decorator.py
[2026-05-17T03:39:17.260+0000] {logging_mixin.py:188} INFO - [2026-05-17T03:39:17.260+0000] {dag.py:3036} INFO - Sync 1 DAGs
[2026-05-17T03:39:17.296+0000] {logging_mixin.py:188} INFO - [2026-05-17T03:39:17.295+0000] {dag.py:3823} INFO - Setting next_dagrun for example_short_circuit_decorator to 2026-05-16 00:00:00+00:00, run_after=2026-05-17 00:00:00+00:00
[2026-05-17T03:39:17.323+0000] {processor.py:183} INFO - Processing /home/airflow/.local/lib/python3.8/site-packages/airflow/example_dags/example_short_circuit_decorator.py took 0.132 seconds
[2026-05-17T03:39:47.717+0000] {processor.py:161} INFO - Started process (PID=2581) to work on /home/airflow/.local/lib/python3.8/site-packages/airflow/example_dags/example_short_circuit_decorator.py
[2026-05-17T03:39:47.719+0000] {processor.py:830} INFO - Processing file /home/airflow/.local/lib/python3.8/site-packages/airflow/example_dags/example_short_circuit_decorator.py for tasks to queue
[2026-05-17T03:39:47.722+0000] {logging_mixin.py:188} INFO - [2026-05-17T03:39:47.721+0000] {dagbag.py:538} INFO - Filling up the DagBag from /home/airflow/.local/lib/python3.8/site-packages/airflow/example_dags/example_short_circuit_decorator.py
[2026-05-17T03:39:47.738+0000] {processor.py:840} INFO - DAG(s) 'example_short_circuit_decorator' retrieved from /home/airflow/.local/lib/python3.8/site-packages/airflow/example_dags/example_short_circuit_decorator.py
[2026-05-17T03:39:47.778+0000] {logging_mixin.py:188} INFO - [2026-05-17T03:39:47.778+0000] {dag.py:3036} INFO - Sync 1 DAGs
[2026-05-17T03:39:47.818+0000] {logging_mixin.py:188} INFO - [2026-05-17T03:39:47.818+0000] {dag.py:3823} INFO - Setting next_dagrun for example_short_circuit_decorator to 2026-05-16 00:00:00+00:00, run_after=2026-05-17 00:00:00+00:00
[2026-05-17T03:39:47.854+0000] {processor.py:183} INFO - Processing /home/airflow/.local/lib/python3.8/site-packages/airflow/example_dags/example_short_circuit_decorator.py took 0.142 seconds
[2026-05-17T03:40:17.946+0000] {processor.py:161} INFO - Started process (PID=2657) to work on /home/airflow/.local/lib/python3.8/site-packages/airflow/example_dags/example_short_circuit_decorator.py
[2026-05-17T03:40:17.948+0000] {processor.py:830} INFO - Processing file /home/airflow/.local/lib/python3.8/site-packages/airflow/example_dags/example_short_circuit_decorator.py for tasks to queue
[2026-05-17T03:40:17.953+0000] {logging_mixin.py:188} INFO - [2026-05-17T03:40:17.952+0000] {dagbag.py:538} INFO - Filling up the DagBag from /home/airflow/.local/lib/python3.8/site-packages/airflow/example_dags/example_short_circuit_decorator.py
[2026-05-17T03:40:17.971+0000] {processor.py:840} INFO - DAG(s) 'example_short_circuit_decorator' retrieved from /home/airflow/.local/lib/python3.8/site-packages/airflow/example_dags/example_short_circuit_decorator.py
[2026-05-17T03:40:18.023+0000] {logging_mixin.py:188} INFO - [2026-05-17T03:40:18.023+0000] {dag.py:3036} INFO - Sync 1 DAGs
[2026-05-17T03:40:18.067+0000] {logging_mixin.py:188} INFO - [2026-05-17T03:40:18.067+0000] {dag.py:3823} INFO - Setting next_dagrun for example_short_circuit_decorator to 2026-05-16 00:00:00+00:00, run_after=2026-05-17 00:00:00+00:00
[2026-05-17T03:40:18.101+0000] {processor.py:183} INFO - Processing /home/airflow/.local/lib/python3.8/site-packages/airflow/example_dags/example_short_circuit_decorator.py took 0.162 seconds
[2026-05-17T03:40:48.166+0000] {processor.py:161} INFO - Started process (PID=2727) to work on /home/airflow/.local/lib/python3.8/site-packages/airflow/example_dags/example_short_circuit_decorator.py
[2026-05-17T03:40:48.168+0000] {processor.py:830} INFO - Processing file /home/airflow/.local/lib/python3.8/site-packages/airflow/example_dags/example_short_circuit_decorator.py for tasks to queue
[2026-05-17T03:40:48.171+0000] {logging_mixin.py:188} INFO - [2026-05-17T03:40:48.170+0000] {dagbag.py:538} INFO - Filling up the DagBag from /home/airflow/.local/lib/python3.8/site-packages/airflow/example_dags/example_short_circuit_decorator.py
[2026-05-17T03:40:48.185+0000] {processor.py:840} INFO - DAG(s) 'example_short_circuit_decorator' retrieved from /home/airflow/.local/lib/python3.8/site-packages/airflow/example_dags/example_short_circuit_decorator.py
[2026-05-17T03:40:48.230+0000] {logging_mixin.py:188} INFO - [2026-05-17T03:40:48.229+0000] {dag.py:3036} INFO - Sync 1 DAGs
[2026-05-17T03:40:48.268+0000] {logging_mixin.py:188} INFO - [2026-05-17T03:40:48.267+0000] {dag.py:3823} INFO - Setting next_dagrun for example_short_circuit_decorator to 2026-05-16 00:00:00+00:00, run_after=2026-05-17 00:00:00+00:00
[2026-05-17T03:40:48.295+0000] {processor.py:183} INFO - Processing /home/airflow/.local/lib/python3.8/site-packages/airflow/example_dags/example_short_circuit_decorator.py took 0.133 seconds
[2026-05-17T03:41:18.445+0000] {processor.py:161} INFO - Started process (PID=2793) to work on /home/airflow/.local/lib/python3.8/site-packages/airflow/example_dags/example_short_circuit_decorator.py
[2026-05-17T03:41:18.447+0000] {processor.py:830} INFO - Processing file /home/airflow/.local/lib/python3.8/site-packages/airflow/example_dags/example_short_circuit_decorator.py for tasks to queue
[2026-05-17T03:41:18.449+0000] {logging_mixin.py:188} INFO - [2026-05-17T03:41:18.449+0000] {dagbag.py:538} INFO - Filling up the DagBag from /home/airflow/.local/lib/python3.8/site-packages/airflow/example_dags/example_short_circuit_decorator.py
[2026-05-17T03:41:18.465+0000] {processor.py:840} INFO - DAG(s) 'example_short_circuit_decorator' retrieved from /home/airflow/.local/lib/python3.8/site-packages/airflow/example_dags/example_short_circuit_decorator.py
[2026-05-17T03:41:18.505+0000] {logging_mixin.py:188} INFO - [2026-05-17T03:41:18.504+0000] {dag.py:3036} INFO - Sync 1 DAGs
[2026-05-17T03:41:18.538+0000] {logging_mixin.py:188} INFO - [2026-05-17T03:41:18.538+0000] {dag.py:3823} INFO - Setting next_dagrun for example_short_circuit_decorator to 2026-05-16 00:00:00+00:00, run_after=2026-05-17 00:00:00+00:00
[2026-05-17T03:41:18.571+0000] {processor.py:183} INFO - Processing /home/airflow/.local/lib/python3.8/site-packages/airflow/example_dags/example_short_circuit_decorator.py took 0.130 seconds
[2026-05-17T03:41:48.700+0000] {processor.py:161} INFO - Started process (PID=2867) to work on /home/airflow/.local/lib/python3.8/site-packages/airflow/example_dags/example_short_circuit_decorator.py
[2026-05-17T03:41:48.703+0000] {processor.py:830} INFO - Processing file /home/airflow/.local/lib/python3.8/site-packages/airflow/example_dags/example_short_circuit_decorator.py for tasks to queue
[2026-05-17T03:41:48.706+0000] {logging_mixin.py:188} INFO - [2026-05-17T03:41:48.706+0000] {dagbag.py:538} INFO - Filling up the DagBag from /home/airflow/.local/lib/python3.8/site-packages/airflow/example_dags/example_short_circuit_decorator.py
[2026-05-17T03:41:48.725+0000] {processor.py:840} INFO - DAG(s) 'example_short_circuit_decorator' retrieved from /home/airflow/.local/lib/python3.8/site-packages/airflow/example_dags/example_short_circuit_decorator.py
[2026-05-17T03:41:48.774+0000] {logging_mixin.py:188} INFO - [2026-05-17T03:41:48.774+0000] {dag.py:3036} INFO - Sync 1 DAGs
[2026-05-17T03:41:48.823+0000] {logging_mixin.py:188} INFO - [2026-05-17T03:41:48.823+0000] {dag.py:3823} INFO - Setting next_dagrun for example_short_circuit_decorator to 2026-05-16 00:00:00+00:00, run_after=2026-05-17 00:00:00+00:00
[2026-05-17T03:41:48.852+0000] {processor.py:183} INFO - Processing /home/airflow/.local/lib/python3.8/site-packages/airflow/example_dags/example_short_circuit_decorator.py took 0.157 seconds
[2026-05-17T03:42:19.010+0000] {processor.py:161} INFO - Started process (PID=2936) to work on /home/airflow/.local/lib/python3.8/site-packages/airflow/example_dags/example_short_circuit_decorator.py
[2026-05-17T03:42:19.011+0000] {processor.py:830} INFO - Processing file /home/airflow/.local/lib/python3.8/site-packages/airflow/example_dags/example_short_circuit_decorator.py for tasks to queue
[2026-05-17T03:42:19.014+0000] {logging_mixin.py:188} INFO - [2026-05-17T03:42:19.013+0000] {dagbag.py:538} INFO - Filling up the DagBag from /home/airflow/.local/lib/python3.8/site-packages/airflow/example_dags/example_short_circuit_decorator.py
[2026-05-17T03:42:19.033+0000] {processor.py:840} INFO - DAG(s) 'example_short_circuit_decorator' retrieved from /home/airflow/.local/lib/python3.8/site-packages/airflow/example_dags/example_short_circuit_decorator.py
[2026-05-17T03:42:19.083+0000] {logging_mixin.py:188} INFO - [2026-05-17T03:42:19.083+0000] {dag.py:3036} INFO - Sync 1 DAGs
[2026-05-17T03:42:19.128+0000] {logging_mixin.py:188} INFO - [2026-05-17T03:42:19.128+0000] {dag.py:3823} INFO - Setting next_dagrun for example_short_circuit_decorator to 2026-05-16 00:00:00+00:00, run_after=2026-05-17 00:00:00+00:00
[2026-05-17T03:42:19.161+0000] {processor.py:183} INFO - Processing /home/airflow/.local/lib/python3.8/site-packages/airflow/example_dags/example_short_circuit_decorator.py took 0.157 seconds
[2026-05-17T03:42:49.797+0000] {processor.py:161} INFO - Started process (PID=3002) to work on /home/airflow/.local/lib/python3.8/site-packages/airflow/example_dags/example_short_circuit_decorator.py
[2026-05-17T03:42:49.799+0000] {processor.py:830} INFO - Processing file /home/airflow/.local/lib/python3.8/site-packages/airflow/example_dags/example_short_circuit_decorator.py for tasks to queue
[2026-05-17T03:42:49.802+0000] {logging_mixin.py:188} INFO - [2026-05-17T03:42:49.801+0000] {dagbag.py:538} INFO - Filling up the DagBag from /home/airflow/.local/lib/python3.8/site-packages/airflow/example_dags/example_short_circuit_decorator.py
[2026-05-17T03:42:49.820+0000] {processor.py:840} INFO - DAG(s) 'example_short_circuit_decorator' retrieved from /home/airflow/.local/lib/python3.8/site-packages/airflow/example_dags/example_short_circuit_decorator.py
[2026-05-17T03:42:49.869+0000] {logging_mixin.py:188} INFO - [2026-05-17T03:42:49.869+0000] {dag.py:3036} INFO - Sync 1 DAGs
[2026-05-17T03:42:49.915+0000] {logging_mixin.py:188} INFO - [2026-05-17T03:42:49.915+0000] {dag.py:3823} INFO - Setting next_dagrun for example_short_circuit_decorator to 2026-05-16 00:00:00+00:00, run_after=2026-05-17 00:00:00+00:00
[2026-05-17T03:42:49.950+0000] {processor.py:183} INFO - Processing /home/airflow/.local/lib/python3.8/site-packages/airflow/example_dags/example_short_circuit_decorator.py took 0.159 seconds
[2026-05-17T03:43:20.738+0000] {processor.py:161} INFO - Started process (PID=3068) to work on /home/airflow/.local/lib/python3.8/site-packages/airflow/example_dags/example_short_circuit_decorator.py
[2026-05-17T03:43:20.739+0000] {processor.py:830} INFO - Processing file /home/airflow/.local/lib/python3.8/site-packages/airflow/example_dags/example_short_circuit_decorator.py for tasks to queue
[2026-05-17T03:43:20.742+0000] {logging_mixin.py:188} INFO - [2026-05-17T03:43:20.742+0000] {dagbag.py:538} INFO - Filling up the DagBag from /home/airflow/.local/lib/python3.8/site-packages/airflow/example_dags/example_short_circuit_decorator.py
[2026-05-17T03:43:20.761+0000] {processor.py:840} INFO - DAG(s) 'example_short_circuit_decorator' retrieved from /home/airflow/.local/lib/python3.8/site-packages/airflow/example_dags/example_short_circuit_decorator.py
[2026-05-17T03:43:20.813+0000] {logging_mixin.py:188} INFO - [2026-05-17T03:43:20.812+0000] {dag.py:3036} INFO - Sync 1 DAGs
[2026-05-17T03:43:21.066+0000] {logging_mixin.py:188} INFO - [2026-05-17T03:43:21.065+0000] {dag.py:3823} INFO - Setting next_dagrun for example_short_circuit_decorator to 2026-05-16 00:00:00+00:00, run_after=2026-05-17 00:00:00+00:00
[2026-05-17T03:43:21.102+0000] {processor.py:183} INFO - Processing /home/airflow/.local/lib/python3.8/site-packages/airflow/example_dags/example_short_circuit_decorator.py took 0.370 seconds
[2026-05-17T03:43:51.375+0000] {processor.py:161} INFO - Started process (PID=3134) to work on /home/airflow/.local/lib/python3.8/site-packages/airflow/example_dags/example_short_circuit_decorator.py
[2026-05-17T03:43:51.377+0000] {processor.py:830} INFO - Processing file /home/airflow/.local/lib/python3.8/site-packages/airflow/example_dags/example_short_circuit_decorator.py for tasks to queue
[2026-05-17T03:43:51.380+0000] {logging_mixin.py:188} INFO - [2026-05-17T03:43:51.379+0000] {dagbag.py:538} INFO - Filling up the DagBag from /home/airflow/.local/lib/python3.8/site-packages/airflow/example_dags/example_short_circuit_decorator.py
[2026-05-17T03:43:51.399+0000] {processor.py:840} INFO - DAG(s) 'example_short_circuit_decorator' retrieved from /home/airflow/.local/lib/python3.8/site-packages/airflow/example_dags/example_short_circuit_decorator.py
[2026-05-17T03:43:51.453+0000] {logging_mixin.py:188} INFO - [2026-05-17T03:43:51.453+0000] {dag.py:3036} INFO - Sync 1 DAGs
[2026-05-17T03:43:51.498+0000] {logging_mixin.py:188} INFO - [2026-05-17T03:43:51.498+0000] {dag.py:3823} INFO - Setting next_dagrun for example_short_circuit_decorator to 2026-05-16 00:00:00+00:00, run_after=2026-05-17 00:00:00+00:00
[2026-05-17T03:43:51.535+0000] {processor.py:183} INFO - Processing /home/airflow/.local/lib/python3.8/site-packages/airflow/example_dags/example_short_circuit_decorator.py took 0.167 seconds
[2026-05-17T03:44:21.691+0000] {processor.py:161} INFO - Started process (PID=3200) to work on /home/airflow/.local/lib/python3.8/site-packages/airflow/example_dags/example_short_circuit_decorator.py
[2026-05-17T03:44:21.693+0000] {processor.py:830} INFO - Processing file /home/airflow/.local/lib/python3.8/site-packages/airflow/example_dags/example_short_circuit_decorator.py for tasks to queue
[2026-05-17T03:44:21.696+0000] {logging_mixin.py:188} INFO - [2026-05-17T03:44:21.695+0000] {dagbag.py:538} INFO - Filling up the DagBag from /home/airflow/.local/lib/python3.8/site-packages/airflow/example_dags/example_short_circuit_decorator.py
[2026-05-17T03:44:21.717+0000] {processor.py:840} INFO - DAG(s) 'example_short_circuit_decorator' retrieved from /home/airflow/.local/lib/python3.8/site-packages/airflow/example_dags/example_short_circuit_decorator.py
[2026-05-17T03:44:21.789+0000] {logging_mixin.py:188} INFO - [2026-05-17T03:44:21.788+0000] {dag.py:3036} INFO - Sync 1 DAGs
[2026-05-17T03:44:21.869+0000] {logging_mixin.py:188} INFO - [2026-05-17T03:44:21.868+0000] {dag.py:3823} INFO - Setting next_dagrun for example_short_circuit_decorator to 2026-05-16 00:00:00+00:00, run_after=2026-05-17 00:00:00+00:00
[2026-05-17T03:44:21.897+0000] {processor.py:183} INFO - Processing /home/airflow/.local/lib/python3.8/site-packages/airflow/example_dags/example_short_circuit_decorator.py took 0.212 seconds
[2026-05-17T03:44:52.812+0000] {processor.py:161} INFO - Started process (PID=3266) to work on /home/airflow/.local/lib/python3.8/site-packages/airflow/example_dags/example_short_circuit_decorator.py
[2026-05-17T03:44:52.814+0000] {processor.py:830} INFO - Processing file /home/airflow/.local/lib/python3.8/site-packages/airflow/example_dags/example_short_circuit_decorator.py for tasks to queue
[2026-05-17T03:44:52.816+0000] {logging_mixin.py:188} INFO - [2026-05-17T03:44:52.816+0000] {dagbag.py:538} INFO - Filling up the DagBag from /home/airflow/.local/lib/python3.8/site-packages/airflow/example_dags/example_short_circuit_decorator.py
[2026-05-17T03:44:52.833+0000] {processor.py:840} INFO - DAG(s) 'example_short_circuit_decorator' retrieved from /home/airflow/.local/lib/python3.8/site-packages/airflow/example_dags/example_short_circuit_decorator.py
[2026-05-17T03:44:52.874+0000] {logging_mixin.py:188} INFO - [2026-05-17T03:44:52.874+0000] {dag.py:3036} INFO - Sync 1 DAGs
[2026-05-17T03:44:52.911+0000] {logging_mixin.py:188} INFO - [2026-05-17T03:44:52.911+0000] {dag.py:3823} INFO - Setting next_dagrun for example_short_circuit_decorator to 2026-05-16 00:00:00+00:00, run_after=2026-05-17 00:00:00+00:00
[2026-05-17T03:44:52.940+0000] {processor.py:183} INFO - Processing /home/airflow/.local/lib/python3.8/site-packages/airflow/example_dags/example_short_circuit_decorator.py took 0.133 seconds
[2026-05-17T03:45:23.487+0000] {processor.py:161} INFO - Started process (PID=3332) to work on /home/airflow/.local/lib/python3.8/site-packages/airflow/example_dags/example_short_circuit_decorator.py
[2026-05-17T03:45:23.488+0000] {processor.py:830} INFO - Processing file /home/airflow/.local/lib/python3.8/site-packages/airflow/example_dags/example_short_circuit_decorator.py for tasks to queue
[2026-05-17T03:45:23.491+0000] {logging_mixin.py:188} INFO - [2026-05-17T03:45:23.490+0000] {dagbag.py:538} INFO - Filling up the DagBag from /home/airflow/.local/lib/python3.8/site-packages/airflow/example_dags/example_short_circuit_decorator.py
[2026-05-17T03:45:23.507+0000] {processor.py:840} INFO - DAG(s) 'example_short_circuit_decorator' retrieved from /home/airflow/.local/lib/python3.8/site-packages/airflow/example_dags/example_short_circuit_decorator.py
[2026-05-17T03:45:23.557+0000] {logging_mixin.py:188} INFO - [2026-05-17T03:45:23.557+0000] {dag.py:3036} INFO - Sync 1 DAGs
[2026-05-17T03:45:23.601+0000] {logging_mixin.py:188} INFO - [2026-05-17T03:45:23.601+0000] {dag.py:3823} INFO - Setting next_dagrun for example_short_circuit_decorator to 2026-05-16 00:00:00+00:00, run_after=2026-05-17 00:00:00+00:00
[2026-05-17T03:45:23.636+0000] {processor.py:183} INFO - Processing /home/airflow/.local/lib/python3.8/site-packages/airflow/example_dags/example_short_circuit_decorator.py took 0.154 seconds
[2026-05-17T03:45:54.390+0000] {processor.py:161} INFO - Started process (PID=3398) to work on /home/airflow/.local/lib/python3.8/site-packages/airflow/example_dags/example_short_circuit_decorator.py
[2026-05-17T03:45:54.391+0000] {processor.py:830} INFO - Processing file /home/airflow/.local/lib/python3.8/site-packages/airflow/example_dags/example_short_circuit_decorator.py for tasks to queue
[2026-05-17T03:45:54.394+0000] {logging_mixin.py:188} INFO - [2026-05-17T03:45:54.394+0000] {dagbag.py:538} INFO - Filling up the DagBag from /home/airflow/.local/lib/python3.8/site-packages/airflow/example_dags/example_short_circuit_decorator.py
[2026-05-17T03:45:54.408+0000] {processor.py:840} INFO - DAG(s) 'example_short_circuit_decorator' retrieved from /home/airflow/.local/lib/python3.8/site-packages/airflow/example_dags/example_short_circuit_decorator.py
[2026-05-17T03:45:54.454+0000] {logging_mixin.py:188} INFO - [2026-05-17T03:45:54.454+0000] {dag.py:3036} INFO - Sync 1 DAGs
[2026-05-17T03:45:54.680+0000] {logging_mixin.py:188} INFO - [2026-05-17T03:45:54.680+0000] {dag.py:3823} INFO - Setting next_dagrun for example_short_circuit_decorator to 2026-05-16 00:00:00+00:00, run_after=2026-05-17 00:00:00+00:00
[2026-05-17T03:45:54.709+0000] {processor.py:183} INFO - Processing /home/airflow/.local/lib/python3.8/site-packages/airflow/example_dags/example_short_circuit_decorator.py took 0.325 seconds
[2026-05-17T03:46:24.760+0000] {processor.py:161} INFO - Started process (PID=3475) to work on /home/airflow/.local/lib/python3.8/site-packages/airflow/example_dags/example_short_circuit_decorator.py
[2026-05-17T03:46:24.761+0000] {processor.py:830} INFO - Processing file /home/airflow/.local/lib/python3.8/site-packages/airflow/example_dags/example_short_circuit_decorator.py for tasks to queue
[2026-05-17T03:46:24.764+0000] {logging_mixin.py:188} INFO - [2026-05-17T03:46:24.764+0000] {dagbag.py:538} INFO - Filling up the DagBag from /home/airflow/.local/lib/python3.8/site-packages/airflow/example_dags/example_short_circuit_decorator.py
[2026-05-17T03:46:24.781+0000] {processor.py:840} INFO - DAG(s) 'example_short_circuit_decorator' retrieved from /home/airflow/.local/lib/python3.8/site-packages/airflow/example_dags/example_short_circuit_decorator.py
[2026-05-17T03:46:24.831+0000] {logging_mixin.py:188} INFO - [2026-05-17T03:46:24.830+0000] {dag.py:3036} INFO - Sync 1 DAGs
[2026-05-17T03:46:24.880+0000] {logging_mixin.py:188} INFO - [2026-05-17T03:46:24.879+0000] {dag.py:3823} INFO - Setting next_dagrun for example_short_circuit_decorator to 2026-05-16 00:00:00+00:00, run_after=2026-05-17 00:00:00+00:00
[2026-05-17T03:46:24.917+0000] {processor.py:183} INFO - Processing /home/airflow/.local/lib/python3.8/site-packages/airflow/example_dags/example_short_circuit_decorator.py took 0.162 seconds
[2026-05-17T03:46:55.271+0000] {processor.py:161} INFO - Started process (PID=3551) to work on /home/airflow/.local/lib/python3.8/site-packages/airflow/example_dags/example_short_circuit_decorator.py
[2026-05-17T03:46:55.273+0000] {processor.py:830} INFO - Processing file /home/airflow/.local/lib/python3.8/site-packages/airflow/example_dags/example_short_circuit_decorator.py for tasks to queue
[2026-05-17T03:46:55.276+0000] {logging_mixin.py:188} INFO - [2026-05-17T03:46:55.275+0000] {dagbag.py:538} INFO - Filling up the DagBag from /home/airflow/.local/lib/python3.8/site-packages/airflow/example_dags/example_short_circuit_decorator.py
[2026-05-17T03:46:55.291+0000] {processor.py:840} INFO - DAG(s) 'example_short_circuit_decorator' retrieved from /home/airflow/.local/lib/python3.8/site-packages/airflow/example_dags/example_short_circuit_decorator.py
[2026-05-17T03:46:55.317+0000] {logging_mixin.py:188} INFO - [2026-05-17T03:46:55.316+0000] {dag.py:3036} INFO - Sync 1 DAGs
[2026-05-17T03:46:55.358+0000] {logging_mixin.py:188} INFO - [2026-05-17T03:46:55.358+0000] {dag.py:3823} INFO - Setting next_dagrun for example_short_circuit_decorator to 2026-05-16 00:00:00+00:00, run_after=2026-05-17 00:00:00+00:00
[2026-05-17T03:46:55.397+0000] {processor.py:183} INFO - Processing /home/airflow/.local/lib/python3.8/site-packages/airflow/example_dags/example_short_circuit_decorator.py took 0.131 seconds
[2026-05-17T03:47:26.597+0000] {processor.py:161} INFO - Started process (PID=3617) to work on /home/airflow/.local/lib/python3.8/site-packages/airflow/example_dags/example_short_circuit_decorator.py
[2026-05-17T03:47:26.598+0000] {processor.py:830} INFO - Processing file /home/airflow/.local/lib/python3.8/site-packages/airflow/example_dags/example_short_circuit_decorator.py for tasks to queue
[2026-05-17T03:47:26.600+0000] {logging_mixin.py:188} INFO - [2026-05-17T03:47:26.600+0000] {dagbag.py:538} INFO - Filling up the DagBag from /home/airflow/.local/lib/python3.8/site-packages/airflow/example_dags/example_short_circuit_decorator.py
[2026-05-17T03:47:26.618+0000] {processor.py:840} INFO - DAG(s) 'example_short_circuit_decorator' retrieved from /home/airflow/.local/lib/python3.8/site-packages/airflow/example_dags/example_short_circuit_decorator.py
[2026-05-17T03:47:26.826+0000] {logging_mixin.py:188} INFO - [2026-05-17T03:47:26.825+0000] {dag.py:3036} INFO - Sync 1 DAGs
[2026-05-17T03:47:26.858+0000] {logging_mixin.py:188} INFO - [2026-05-17T03:47:26.858+0000] {dag.py:3823} INFO - Setting next_dagrun for example_short_circuit_decorator to 2026-05-16 00:00:00+00:00, run_after=2026-05-17 00:00:00+00:00
[2026-05-17T03:47:26.892+0000] {processor.py:183} INFO - Processing /home/airflow/.local/lib/python3.8/site-packages/airflow/example_dags/example_short_circuit_decorator.py took 0.301 seconds
[2026-05-17T03:47:56.961+0000] {processor.py:161} INFO - Started process (PID=3683) to work on /home/airflow/.local/lib/python3.8/site-packages/airflow/example_dags/example_short_circuit_decorator.py
[2026-05-17T03:47:56.962+0000] {processor.py:830} INFO - Processing file /home/airflow/.local/lib/python3.8/site-packages/airflow/example_dags/example_short_circuit_decorator.py for tasks to queue
[2026-05-17T03:47:56.965+0000] {logging_mixin.py:188} INFO - [2026-05-17T03:47:56.964+0000] {dagbag.py:538} INFO - Filling up the DagBag from /home/airflow/.local/lib/python3.8/site-packages/airflow/example_dags/example_short_circuit_decorator.py
[2026-05-17T03:47:56.981+0000] {processor.py:840} INFO - DAG(s) 'example_short_circuit_decorator' retrieved from /home/airflow/.local/lib/python3.8/site-packages/airflow/example_dags/example_short_circuit_decorator.py
[2026-05-17T03:47:57.029+0000] {logging_mixin.py:188} INFO - [2026-05-17T03:47:57.028+0000] {dag.py:3036} INFO - Sync 1 DAGs
[2026-05-17T03:47:57.073+0000] {logging_mixin.py:188} INFO - [2026-05-17T03:47:57.072+0000] {dag.py:3823} INFO - Setting next_dagrun for example_short_circuit_decorator to 2026-05-16 00:00:00+00:00, run_after=2026-05-17 00:00:00+00:00
[2026-05-17T03:47:57.108+0000] {processor.py:183} INFO - Processing /home/airflow/.local/lib/python3.8/site-packages/airflow/example_dags/example_short_circuit_decorator.py took 0.152 seconds
[2026-05-17T03:48:27.728+0000] {processor.py:161} INFO - Started process (PID=3749) to work on /home/airflow/.local/lib/python3.8/site-packages/airflow/example_dags/example_short_circuit_decorator.py
[2026-05-17T03:48:27.730+0000] {processor.py:830} INFO - Processing file /home/airflow/.local/lib/python3.8/site-packages/airflow/example_dags/example_short_circuit_decorator.py for tasks to queue
[2026-05-17T03:48:27.733+0000] {logging_mixin.py:188} INFO - [2026-05-17T03:48:27.733+0000] {dagbag.py:538} INFO - Filling up the DagBag from /home/airflow/.local/lib/python3.8/site-packages/airflow/example_dags/example_short_circuit_decorator.py
[2026-05-17T03:48:27.749+0000] {processor.py:840} INFO - DAG(s) 'example_short_circuit_decorator' retrieved from /home/airflow/.local/lib/python3.8/site-packages/airflow/example_dags/example_short_circuit_decorator.py
[2026-05-17T03:48:27.795+0000] {logging_mixin.py:188} INFO - [2026-05-17T03:48:27.795+0000] {dag.py:3036} INFO - Sync 1 DAGs
[2026-05-17T03:48:27.840+0000] {logging_mixin.py:188} INFO - [2026-05-17T03:48:27.839+0000] {dag.py:3823} INFO - Setting next_dagrun for example_short_circuit_decorator to 2026-05-16 00:00:00+00:00, run_after=2026-05-17 00:00:00+00:00
[2026-05-17T03:48:27.876+0000] {processor.py:183} INFO - Processing /home/airflow/.local/lib/python3.8/site-packages/airflow/example_dags/example_short_circuit_decorator.py took 0.153 seconds
[2026-05-17T03:48:58.402+0000] {processor.py:161} INFO - Started process (PID=3815) to work on /home/airflow/.local/lib/python3.8/site-packages/airflow/example_dags/example_short_circuit_decorator.py
[2026-05-17T03:48:58.403+0000] {processor.py:830} INFO - Processing file /home/airflow/.local/lib/python3.8/site-packages/airflow/example_dags/example_short_circuit_decorator.py for tasks to queue
[2026-05-17T03:48:58.406+0000] {logging_mixin.py:188} INFO - [2026-05-17T03:48:58.405+0000] {dagbag.py:538} INFO - Filling up the DagBag from /home/airflow/.local/lib/python3.8/site-packages/airflow/example_dags/example_short_circuit_decorator.py
[2026-05-17T03:48:58.427+0000] {processor.py:840} INFO - DAG(s) 'example_short_circuit_decorator' retrieved from /home/airflow/.local/lib/python3.8/site-packages/airflow/example_dags/example_short_circuit_decorator.py
[2026-05-17T03:48:58.475+0000] {logging_mixin.py:188} INFO - [2026-05-17T03:48:58.474+0000] {dag.py:3036} INFO - Sync 1 DAGs
[2026-05-17T03:48:58.520+0000] {logging_mixin.py:188} INFO - [2026-05-17T03:48:58.519+0000] {dag.py:3823} INFO - Setting next_dagrun for example_short_circuit_decorator to 2026-05-16 00:00:00+00:00, run_after=2026-05-17 00:00:00+00:00
[2026-05-17T03:48:58.550+0000] {processor.py:183} INFO - Processing /home/airflow/.local/lib/python3.8/site-packages/airflow/example_dags/example_short_circuit_decorator.py took 0.155 seconds
[2026-05-17T03:49:28.945+0000] {processor.py:161} INFO - Started process (PID=3881) to work on /home/airflow/.local/lib/python3.8/site-packages/airflow/example_dags/example_short_circuit_decorator.py
[2026-05-17T03:49:28.947+0000] {processor.py:830} INFO - Processing file /home/airflow/.local/lib/python3.8/site-packages/airflow/example_dags/example_short_circuit_decorator.py for tasks to queue
[2026-05-17T03:49:28.950+0000] {logging_mixin.py:188} INFO - [2026-05-17T03:49:28.949+0000] {dagbag.py:538} INFO - Filling up the DagBag from /home/airflow/.local/lib/python3.8/site-packages/airflow/example_dags/example_short_circuit_decorator.py
[2026-05-17T03:49:28.968+0000] {processor.py:840} INFO - DAG(s) 'example_short_circuit_decorator' retrieved from /home/airflow/.local/lib/python3.8/site-packages/airflow/example_dags/example_short_circuit_decorator.py
[2026-05-17T03:49:29.016+0000] {logging_mixin.py:188} INFO - [2026-05-17T03:49:29.016+0000] {dag.py:3036} INFO - Sync 1 DAGs
[2026-05-17T03:49:29.059+0000] {logging_mixin.py:188} INFO - [2026-05-17T03:49:29.058+0000] {dag.py:3823} INFO - Setting next_dagrun for example_short_circuit_decorator to 2026-05-16 00:00:00+00:00, run_after=2026-05-17 00:00:00+00:00
[2026-05-17T03:49:29.093+0000] {processor.py:183} INFO - Processing /home/airflow/.local/lib/python3.8/site-packages/airflow/example_dags/example_short_circuit_decorator.py took 0.154 seconds
[2026-05-17T03:49:59.525+0000] {processor.py:161} INFO - Started process (PID=3955) to work on /home/airflow/.local/lib/python3.8/site-packages/airflow/example_dags/example_short_circuit_decorator.py
[2026-05-17T03:49:59.527+0000] {processor.py:830} INFO - Processing file /home/airflow/.local/lib/python3.8/site-packages/airflow/example_dags/example_short_circuit_decorator.py for tasks to queue
[2026-05-17T03:49:59.530+0000] {logging_mixin.py:188} INFO - [2026-05-17T03:49:59.529+0000] {dagbag.py:538} INFO - Filling up the DagBag from /home/airflow/.local/lib/python3.8/site-packages/airflow/example_dags/example_short_circuit_decorator.py
[2026-05-17T03:49:59.546+0000] {processor.py:840} INFO - DAG(s) 'example_short_circuit_decorator' retrieved from /home/airflow/.local/lib/python3.8/site-packages/airflow/example_dags/example_short_circuit_decorator.py
[2026-05-17T03:49:59.588+0000] {logging_mixin.py:188} INFO - [2026-05-17T03:49:59.587+0000] {dag.py:3036} INFO - Sync 1 DAGs
[2026-05-17T03:49:59.634+0000] {logging_mixin.py:188} INFO - [2026-05-17T03:49:59.633+0000] {dag.py:3823} INFO - Setting next_dagrun for example_short_circuit_decorator to 2026-05-16 00:00:00+00:00, run_after=2026-05-17 00:00:00+00:00
[2026-05-17T03:49:59.665+0000] {processor.py:183} INFO - Processing /home/airflow/.local/lib/python3.8/site-packages/airflow/example_dags/example_short_circuit_decorator.py took 0.145 seconds
[2026-05-17T03:50:30.034+0000] {processor.py:161} INFO - Started process (PID=4021) to work on /home/airflow/.local/lib/python3.8/site-packages/airflow/example_dags/example_short_circuit_decorator.py
[2026-05-17T03:50:30.035+0000] {processor.py:830} INFO - Processing file /home/airflow/.local/lib/python3.8/site-packages/airflow/example_dags/example_short_circuit_decorator.py for tasks to queue
[2026-05-17T03:50:30.038+0000] {logging_mixin.py:188} INFO - [2026-05-17T03:50:30.038+0000] {dagbag.py:538} INFO - Filling up the DagBag from /home/airflow/.local/lib/python3.8/site-packages/airflow/example_dags/example_short_circuit_decorator.py
[2026-05-17T03:50:30.057+0000] {processor.py:840} INFO - DAG(s) 'example_short_circuit_decorator' retrieved from /home/airflow/.local/lib/python3.8/site-packages/airflow/example_dags/example_short_circuit_decorator.py
[2026-05-17T03:50:30.107+0000] {logging_mixin.py:188} INFO - [2026-05-17T03:50:30.107+0000] {dag.py:3036} INFO - Sync 1 DAGs
[2026-05-17T03:50:30.151+0000] {logging_mixin.py:188} INFO - [2026-05-17T03:50:30.151+0000] {dag.py:3823} INFO - Setting next_dagrun for example_short_circuit_decorator to 2026-05-16 00:00:00+00:00, run_after=2026-05-17 00:00:00+00:00
[2026-05-17T03:50:30.190+0000] {processor.py:183} INFO - Processing /home/airflow/.local/lib/python3.8/site-packages/airflow/example_dags/example_short_circuit_decorator.py took 0.163 seconds
[2026-05-17T03:51:00.371+0000] {processor.py:161} INFO - Started process (PID=4087) to work on /home/airflow/.local/lib/python3.8/site-packages/airflow/example_dags/example_short_circuit_decorator.py
[2026-05-17T03:51:00.373+0000] {processor.py:830} INFO - Processing file /home/airflow/.local/lib/python3.8/site-packages/airflow/example_dags/example_short_circuit_decorator.py for tasks to queue
[2026-05-17T03:51:00.376+0000] {logging_mixin.py:188} INFO - [2026-05-17T03:51:00.376+0000] {dagbag.py:538} INFO - Filling up the DagBag from /home/airflow/.local/lib/python3.8/site-packages/airflow/example_dags/example_short_circuit_decorator.py
[2026-05-17T03:51:00.393+0000] {processor.py:840} INFO - DAG(s) 'example_short_circuit_decorator' retrieved from /home/airflow/.local/lib/python3.8/site-packages/airflow/example_dags/example_short_circuit_decorator.py
[2026-05-17T03:51:00.440+0000] {logging_mixin.py:188} INFO - [2026-05-17T03:51:00.440+0000] {dag.py:3036} INFO - Sync 1 DAGs
[2026-05-17T03:51:00.488+0000] {logging_mixin.py:188} INFO - [2026-05-17T03:51:00.488+0000] {dag.py:3823} INFO - Setting next_dagrun for example_short_circuit_decorator to 2026-05-16 00:00:00+00:00, run_after=2026-05-17 00:00:00+00:00
[2026-05-17T03:51:00.524+0000] {processor.py:183} INFO - Processing /home/airflow/.local/lib/python3.8/site-packages/airflow/example_dags/example_short_circuit_decorator.py took 0.158 seconds
[2026-05-17T03:51:31.196+0000] {processor.py:161} INFO - Started process (PID=4152) to work on /home/airflow/.local/lib/python3.8/site-packages/airflow/example_dags/example_short_circuit_decorator.py
[2026-05-17T03:51:31.197+0000] {processor.py:830} INFO - Processing file /home/airflow/.local/lib/python3.8/site-packages/airflow/example_dags/example_short_circuit_decorator.py for tasks to queue
[2026-05-17T03:51:31.200+0000] {logging_mixin.py:188} INFO - [2026-05-17T03:51:31.199+0000] {dagbag.py:538} INFO - Filling up the DagBag from /home/airflow/.local/lib/python3.8/site-packages/airflow/example_dags/example_short_circuit_decorator.py
[2026-05-17T03:51:31.218+0000] {processor.py:840} INFO - DAG(s) 'example_short_circuit_decorator' retrieved from /home/airflow/.local/lib/python3.8/site-packages/airflow/example_dags/example_short_circuit_decorator.py
[2026-05-17T03:51:31.270+0000] {logging_mixin.py:188} INFO - [2026-05-17T03:51:31.270+0000] {dag.py:3036} INFO - Sync 1 DAGs
[2026-05-17T03:51:31.318+0000] {logging_mixin.py:188} INFO - [2026-05-17T03:51:31.318+0000] {dag.py:3823} INFO - Setting next_dagrun for example_short_circuit_decorator to 2026-05-16 00:00:00+00:00, run_after=2026-05-17 00:00:00+00:00
[2026-05-17T03:51:31.353+0000] {processor.py:183} INFO - Processing /home/airflow/.local/lib/python3.8/site-packages/airflow/example_dags/example_short_circuit_decorator.py took 0.163 seconds
[2026-05-17T03:52:01.444+0000] {processor.py:161} INFO - Started process (PID=4218) to work on /home/airflow/.local/lib/python3.8/site-packages/airflow/example_dags/example_short_circuit_decorator.py
[2026-05-17T03:52:01.446+0000] {processor.py:830} INFO - Processing file /home/airflow/.local/lib/python3.8/site-packages/airflow/example_dags/example_short_circuit_decorator.py for tasks to queue
[2026-05-17T03:52:01.450+0000] {logging_mixin.py:188} INFO - [2026-05-17T03:52:01.449+0000] {dagbag.py:538} INFO - Filling up the DagBag from /home/airflow/.local/lib/python3.8/site-packages/airflow/example_dags/example_short_circuit_decorator.py
[2026-05-17T03:52:01.467+0000] {processor.py:840} INFO - DAG(s) 'example_short_circuit_decorator' retrieved from /home/airflow/.local/lib/python3.8/site-packages/airflow/example_dags/example_short_circuit_decorator.py
[2026-05-17T03:52:01.515+0000] {logging_mixin.py:188} INFO - [2026-05-17T03:52:01.515+0000] {dag.py:3036} INFO - Sync 1 DAGs
[2026-05-17T03:52:01.559+0000] {logging_mixin.py:188} INFO - [2026-05-17T03:52:01.559+0000] {dag.py:3823} INFO - Setting next_dagrun for example_short_circuit_decorator to 2026-05-16 00:00:00+00:00, run_after=2026-05-17 00:00:00+00:00
[2026-05-17T03:52:01.594+0000] {processor.py:183} INFO - Processing /home/airflow/.local/lib/python3.8/site-packages/airflow/example_dags/example_short_circuit_decorator.py took 0.161 seconds
[2026-05-17T03:52:31.721+0000] {processor.py:161} INFO - Started process (PID=4284) to work on /home/airflow/.local/lib/python3.8/site-packages/airflow/example_dags/example_short_circuit_decorator.py
[2026-05-17T03:52:31.722+0000] {processor.py:830} INFO - Processing file /home/airflow/.local/lib/python3.8/site-packages/airflow/example_dags/example_short_circuit_decorator.py for tasks to queue
[2026-05-17T03:52:31.725+0000] {logging_mixin.py:188} INFO - [2026-05-17T03:52:31.725+0000] {dagbag.py:538} INFO - Filling up the DagBag from /home/airflow/.local/lib/python3.8/site-packages/airflow/example_dags/example_short_circuit_decorator.py
[2026-05-17T03:52:31.741+0000] {processor.py:840} INFO - DAG(s) 'example_short_circuit_decorator' retrieved from /home/airflow/.local/lib/python3.8/site-packages/airflow/example_dags/example_short_circuit_decorator.py
[2026-05-17T03:52:31.782+0000] {logging_mixin.py:188} INFO - [2026-05-17T03:52:31.782+0000] {dag.py:3036} INFO - Sync 1 DAGs
[2026-05-17T03:52:31.834+0000] {logging_mixin.py:188} INFO - [2026-05-17T03:52:31.833+0000] {dag.py:3823} INFO - Setting next_dagrun for example_short_circuit_decorator to 2026-05-16 00:00:00+00:00, run_after=2026-05-17 00:00:00+00:00
[2026-05-17T03:52:31.875+0000] {processor.py:183} INFO - Processing /home/airflow/.local/lib/python3.8/site-packages/airflow/example_dags/example_short_circuit_decorator.py took 0.159 seconds
[2026-05-17T03:53:02.282+0000] {processor.py:161} INFO - Started process (PID=4350) to work on /home/airflow/.local/lib/python3.8/site-packages/airflow/example_dags/example_short_circuit_decorator.py
[2026-05-17T03:53:02.284+0000] {processor.py:830} INFO - Processing file /home/airflow/.local/lib/python3.8/site-packages/airflow/example_dags/example_short_circuit_decorator.py for tasks to queue
[2026-05-17T03:53:02.287+0000] {logging_mixin.py:188} INFO - [2026-05-17T03:53:02.287+0000] {dagbag.py:538} INFO - Filling up the DagBag from /home/airflow/.local/lib/python3.8/site-packages/airflow/example_dags/example_short_circuit_decorator.py
[2026-05-17T03:53:02.302+0000] {processor.py:840} INFO - DAG(s) 'example_short_circuit_decorator' retrieved from /home/airflow/.local/lib/python3.8/site-packages/airflow/example_dags/example_short_circuit_decorator.py
[2026-05-17T03:53:02.349+0000] {logging_mixin.py:188} INFO - [2026-05-17T03:53:02.349+0000] {dag.py:3036} INFO - Sync 1 DAGs
[2026-05-17T03:53:02.394+0000] {logging_mixin.py:188} INFO - [2026-05-17T03:53:02.394+0000] {dag.py:3823} INFO - Setting next_dagrun for example_short_circuit_decorator to 2026-05-16 00:00:00+00:00, run_after=2026-05-17 00:00:00+00:00
[2026-05-17T03:53:02.426+0000] {processor.py:183} INFO - Processing /home/airflow/.local/lib/python3.8/site-packages/airflow/example_dags/example_short_circuit_decorator.py took 0.150 seconds
[2026-05-17T03:53:33.124+0000] {processor.py:161} INFO - Started process (PID=4415) to work on /home/airflow/.local/lib/python3.8/site-packages/airflow/example_dags/example_short_circuit_decorator.py
[2026-05-17T03:53:33.126+0000] {processor.py:830} INFO - Processing file /home/airflow/.local/lib/python3.8/site-packages/airflow/example_dags/example_short_circuit_decorator.py for tasks to queue
[2026-05-17T03:53:33.129+0000] {logging_mixin.py:188} INFO - [2026-05-17T03:53:33.128+0000] {dagbag.py:538} INFO - Filling up the DagBag from /home/airflow/.local/lib/python3.8/site-packages/airflow/example_dags/example_short_circuit_decorator.py
[2026-05-17T03:53:33.145+0000] {processor.py:840} INFO - DAG(s) 'example_short_circuit_decorator' retrieved from /home/airflow/.local/lib/python3.8/site-packages/airflow/example_dags/example_short_circuit_decorator.py
[2026-05-17T03:53:33.187+0000] {logging_mixin.py:188} INFO - [2026-05-17T03:53:33.187+0000] {dag.py:3036} INFO - Sync 1 DAGs
[2026-05-17T03:53:33.222+0000] {logging_mixin.py:188} INFO - [2026-05-17T03:53:33.222+0000] {dag.py:3823} INFO - Setting next_dagrun for example_short_circuit_decorator to 2026-05-16 00:00:00+00:00, run_after=2026-05-17 00:00:00+00:00
[2026-05-17T03:53:33.251+0000] {processor.py:183} INFO - Processing /home/airflow/.local/lib/python3.8/site-packages/airflow/example_dags/example_short_circuit_decorator.py took 0.132 seconds
[2026-05-17T03:54:03.470+0000] {processor.py:161} INFO - Started process (PID=4480) to work on /home/airflow/.local/lib/python3.8/site-packages/airflow/example_dags/example_short_circuit_decorator.py
[2026-05-17T03:54:03.472+0000] {processor.py:830} INFO - Processing file /home/airflow/.local/lib/python3.8/site-packages/airflow/example_dags/example_short_circuit_decorator.py for tasks to queue
[2026-05-17T03:54:03.475+0000] {logging_mixin.py:188} INFO - [2026-05-17T03:54:03.474+0000] {dagbag.py:538} INFO - Filling up the DagBag from /home/airflow/.local/lib/python3.8/site-packages/airflow/example_dags/example_short_circuit_decorator.py
[2026-05-17T03:54:03.491+0000] {processor.py:840} INFO - DAG(s) 'example_short_circuit_decorator' retrieved from /home/airflow/.local/lib/python3.8/site-packages/airflow/example_dags/example_short_circuit_decorator.py
[2026-05-17T03:54:03.551+0000] {logging_mixin.py:188} INFO - [2026-05-17T03:54:03.551+0000] {dag.py:3036} INFO - Sync 1 DAGs
[2026-05-17T03:54:03.596+0000] {logging_mixin.py:188} INFO - [2026-05-17T03:54:03.596+0000] {dag.py:3823} INFO - Setting next_dagrun for example_short_circuit_decorator to 2026-05-16 00:00:00+00:00, run_after=2026-05-17 00:00:00+00:00
[2026-05-17T03:54:03.633+0000] {processor.py:183} INFO - Processing /home/airflow/.local/lib/python3.8/site-packages/airflow/example_dags/example_short_circuit_decorator.py took 0.168 seconds
[2026-05-17T03:54:34.067+0000] {processor.py:161} INFO - Started process (PID=4548) to work on /home/airflow/.local/lib/python3.8/site-packages/airflow/example_dags/example_short_circuit_decorator.py
[2026-05-17T03:54:34.069+0000] {processor.py:830} INFO - Processing file /home/airflow/.local/lib/python3.8/site-packages/airflow/example_dags/example_short_circuit_decorator.py for tasks to queue
[2026-05-17T03:54:34.072+0000] {logging_mixin.py:188} INFO - [2026-05-17T03:54:34.072+0000] {dagbag.py:538} INFO - Filling up the DagBag from /home/airflow/.local/lib/python3.8/site-packages/airflow/example_dags/example_short_circuit_decorator.py
[2026-05-17T03:54:34.087+0000] {processor.py:840} INFO - DAG(s) 'example_short_circuit_decorator' retrieved from /home/airflow/.local/lib/python3.8/site-packages/airflow/example_dags/example_short_circuit_decorator.py
[2026-05-17T03:54:34.132+0000] {logging_mixin.py:188} INFO - [2026-05-17T03:54:34.132+0000] {dag.py:3036} INFO - Sync 1 DAGs
[2026-05-17T03:54:34.169+0000] {logging_mixin.py:188} INFO - [2026-05-17T03:54:34.169+0000] {dag.py:3823} INFO - Setting next_dagrun for example_short_circuit_decorator to 2026-05-16 00:00:00+00:00, run_after=2026-05-17 00:00:00+00:00
[2026-05-17T03:54:34.197+0000] {processor.py:183} INFO - Processing /home/airflow/.local/lib/python3.8/site-packages/airflow/example_dags/example_short_circuit_decorator.py took 0.134 seconds
[2026-05-17T03:55:04.988+0000] {processor.py:161} INFO - Started process (PID=4612) to work on /home/airflow/.local/lib/python3.8/site-packages/airflow/example_dags/example_short_circuit_decorator.py
[2026-05-17T03:55:04.989+0000] {processor.py:830} INFO - Processing file /home/airflow/.local/lib/python3.8/site-packages/airflow/example_dags/example_short_circuit_decorator.py for tasks to queue
[2026-05-17T03:55:04.992+0000] {logging_mixin.py:188} INFO - [2026-05-17T03:55:04.991+0000] {dagbag.py:538} INFO - Filling up the DagBag from /home/airflow/.local/lib/python3.8/site-packages/airflow/example_dags/example_short_circuit_decorator.py
[2026-05-17T03:55:05.008+0000] {processor.py:840} INFO - DAG(s) 'example_short_circuit_decorator' retrieved from /home/airflow/.local/lib/python3.8/site-packages/airflow/example_dags/example_short_circuit_decorator.py
[2026-05-17T03:55:05.056+0000] {logging_mixin.py:188} INFO - [2026-05-17T03:55:05.055+0000] {dag.py:3036} INFO - Sync 1 DAGs
[2026-05-17T03:55:05.100+0000] {logging_mixin.py:188} INFO - [2026-05-17T03:55:05.099+0000] {dag.py:3823} INFO - Setting next_dagrun for example_short_circuit_decorator to 2026-05-16 00:00:00+00:00, run_after=2026-05-17 00:00:00+00:00
[2026-05-17T03:55:05.135+0000] {processor.py:183} INFO - Processing /home/airflow/.local/lib/python3.8/site-packages/airflow/example_dags/example_short_circuit_decorator.py took 0.153 seconds
[2026-05-17T03:55:35.409+0000] {processor.py:161} INFO - Started process (PID=4678) to work on /home/airflow/.local/lib/python3.8/site-packages/airflow/example_dags/example_short_circuit_decorator.py
[2026-05-17T03:55:35.411+0000] {processor.py:830} INFO - Processing file /home/airflow/.local/lib/python3.8/site-packages/airflow/example_dags/example_short_circuit_decorator.py for tasks to queue
[2026-05-17T03:55:35.414+0000] {logging_mixin.py:188} INFO - [2026-05-17T03:55:35.414+0000] {dagbag.py:538} INFO - Filling up the DagBag from /home/airflow/.local/lib/python3.8/site-packages/airflow/example_dags/example_short_circuit_decorator.py
[2026-05-17T03:55:35.431+0000] {processor.py:840} INFO - DAG(s) 'example_short_circuit_decorator' retrieved from /home/airflow/.local/lib/python3.8/site-packages/airflow/example_dags/example_short_circuit_decorator.py
[2026-05-17T03:55:35.483+0000] {logging_mixin.py:188} INFO - [2026-05-17T03:55:35.483+0000] {dag.py:3036} INFO - Sync 1 DAGs
[2026-05-17T03:55:35.534+0000] {logging_mixin.py:188} INFO - [2026-05-17T03:55:35.532+0000] {dag.py:3823} INFO - Setting next_dagrun for example_short_circuit_decorator to 2026-05-16 00:00:00+00:00, run_after=2026-05-17 00:00:00+00:00
[2026-05-17T03:55:35.576+0000] {processor.py:183} INFO - Processing /home/airflow/.local/lib/python3.8/site-packages/airflow/example_dags/example_short_circuit_decorator.py took 0.172 seconds
[2026-05-17T03:56:05.698+0000] {processor.py:161} INFO - Started process (PID=4744) to work on /home/airflow/.local/lib/python3.8/site-packages/airflow/example_dags/example_short_circuit_decorator.py
[2026-05-17T03:56:05.700+0000] {processor.py:830} INFO - Processing file /home/airflow/.local/lib/python3.8/site-packages/airflow/example_dags/example_short_circuit_decorator.py for tasks to queue
[2026-05-17T03:56:05.703+0000] {logging_mixin.py:188} INFO - [2026-05-17T03:56:05.702+0000] {dagbag.py:538} INFO - Filling up the DagBag from /home/airflow/.local/lib/python3.8/site-packages/airflow/example_dags/example_short_circuit_decorator.py
[2026-05-17T03:56:05.717+0000] {processor.py:840} INFO - DAG(s) 'example_short_circuit_decorator' retrieved from /home/airflow/.local/lib/python3.8/site-packages/airflow/example_dags/example_short_circuit_decorator.py
[2026-05-17T03:56:05.764+0000] {logging_mixin.py:188} INFO - [2026-05-17T03:56:05.764+0000] {dag.py:3036} INFO - Sync 1 DAGs
[2026-05-17T03:56:05.802+0000] {logging_mixin.py:188} INFO - [2026-05-17T03:56:05.802+0000] {dag.py:3823} INFO - Setting next_dagrun for example_short_circuit_decorator to 2026-05-16 00:00:00+00:00, run_after=2026-05-17 00:00:00+00:00
[2026-05-17T03:56:05.837+0000] {processor.py:183} INFO - Processing /home/airflow/.local/lib/python3.8/site-packages/airflow/example_dags/example_short_circuit_decorator.py took 0.144 seconds
[2026-05-17T03:56:36.070+0000] {processor.py:161} INFO - Started process (PID=4810) to work on /home/airflow/.local/lib/python3.8/site-packages/airflow/example_dags/example_short_circuit_decorator.py
[2026-05-17T03:56:36.072+0000] {processor.py:830} INFO - Processing file /home/airflow/.local/lib/python3.8/site-packages/airflow/example_dags/example_short_circuit_decorator.py for tasks to queue
[2026-05-17T03:56:36.075+0000] {logging_mixin.py:188} INFO - [2026-05-17T03:56:36.074+0000] {dagbag.py:538} INFO - Filling up the DagBag from /home/airflow/.local/lib/python3.8/site-packages/airflow/example_dags/example_short_circuit_decorator.py
[2026-05-17T03:56:36.090+0000] {processor.py:840} INFO - DAG(s) 'example_short_circuit_decorator' retrieved from /home/airflow/.local/lib/python3.8/site-packages/airflow/example_dags/example_short_circuit_decorator.py
[2026-05-17T03:56:36.138+0000] {logging_mixin.py:188} INFO - [2026-05-17T03:56:36.138+0000] {dag.py:3036} INFO - Sync 1 DAGs
[2026-05-17T03:56:36.177+0000] {logging_mixin.py:188} INFO - [2026-05-17T03:56:36.177+0000] {dag.py:3823} INFO - Setting next_dagrun for example_short_circuit_decorator to 2026-05-16 00:00:00+00:00, run_after=2026-05-17 00:00:00+00:00
[2026-05-17T03:56:36.213+0000] {processor.py:183} INFO - Processing /home/airflow/.local/lib/python3.8/site-packages/airflow/example_dags/example_short_circuit_decorator.py took 0.149 seconds
[2026-05-17T03:57:06.733+0000] {processor.py:161} INFO - Started process (PID=4883) to work on /home/airflow/.local/lib/python3.8/site-packages/airflow/example_dags/example_short_circuit_decorator.py
[2026-05-17T03:57:06.734+0000] {processor.py:830} INFO - Processing file /home/airflow/.local/lib/python3.8/site-packages/airflow/example_dags/example_short_circuit_decorator.py for tasks to queue
[2026-05-17T03:57:06.738+0000] {logging_mixin.py:188} INFO - [2026-05-17T03:57:06.737+0000] {dagbag.py:538} INFO - Filling up the DagBag from /home/airflow/.local/lib/python3.8/site-packages/airflow/example_dags/example_short_circuit_decorator.py
[2026-05-17T03:57:06.759+0000] {processor.py:840} INFO - DAG(s) 'example_short_circuit_decorator' retrieved from /home/airflow/.local/lib/python3.8/site-packages/airflow/example_dags/example_short_circuit_decorator.py
[2026-05-17T03:57:06.810+0000] {logging_mixin.py:188} INFO - [2026-05-17T03:57:06.809+0000] {dag.py:3036} INFO - Sync 1 DAGs
[2026-05-17T03:57:06.856+0000] {logging_mixin.py:188} INFO - [2026-05-17T03:57:06.856+0000] {dag.py:3823} INFO - Setting next_dagrun for example_short_circuit_decorator to 2026-05-16 00:00:00+00:00, run_after=2026-05-17 00:00:00+00:00
[2026-05-17T03:57:06.891+0000] {processor.py:183} INFO - Processing /home/airflow/.local/lib/python3.8/site-packages/airflow/example_dags/example_short_circuit_decorator.py took 0.165 seconds
[2026-05-17T03:57:37.117+0000] {processor.py:161} INFO - Started process (PID=4951) to work on /home/airflow/.local/lib/python3.8/site-packages/airflow/example_dags/example_short_circuit_decorator.py
[2026-05-17T03:57:37.119+0000] {processor.py:830} INFO - Processing file /home/airflow/.local/lib/python3.8/site-packages/airflow/example_dags/example_short_circuit_decorator.py for tasks to queue
[2026-05-17T03:57:37.122+0000] {logging_mixin.py:188} INFO - [2026-05-17T03:57:37.121+0000] {dagbag.py:538} INFO - Filling up the DagBag from /home/airflow/.local/lib/python3.8/site-packages/airflow/example_dags/example_short_circuit_decorator.py
[2026-05-17T03:57:37.136+0000] {processor.py:840} INFO - DAG(s) 'example_short_circuit_decorator' retrieved from /home/airflow/.local/lib/python3.8/site-packages/airflow/example_dags/example_short_circuit_decorator.py
[2026-05-17T03:57:37.178+0000] {logging_mixin.py:188} INFO - [2026-05-17T03:57:37.177+0000] {dag.py:3036} INFO - Sync 1 DAGs
[2026-05-17T03:57:37.212+0000] {logging_mixin.py:188} INFO - [2026-05-17T03:57:37.212+0000] {dag.py:3823} INFO - Setting next_dagrun for example_short_circuit_decorator to 2026-05-16 00:00:00+00:00, run_after=2026-05-17 00:00:00+00:00
[2026-05-17T03:57:37.240+0000] {processor.py:183} INFO - Processing /home/airflow/.local/lib/python3.8/site-packages/airflow/example_dags/example_short_circuit_decorator.py took 0.129 seconds
[2026-05-17T03:58:07.710+0000] {processor.py:161} INFO - Started process (PID=5017) to work on /home/airflow/.local/lib/python3.8/site-packages/airflow/example_dags/example_short_circuit_decorator.py
[2026-05-17T03:58:07.712+0000] {processor.py:830} INFO - Processing file /home/airflow/.local/lib/python3.8/site-packages/airflow/example_dags/example_short_circuit_decorator.py for tasks to queue
[2026-05-17T03:58:07.715+0000] {logging_mixin.py:188} INFO - [2026-05-17T03:58:07.714+0000] {dagbag.py:538} INFO - Filling up the DagBag from /home/airflow/.local/lib/python3.8/site-packages/airflow/example_dags/example_short_circuit_decorator.py
[2026-05-17T03:58:07.733+0000] {processor.py:840} INFO - DAG(s) 'example_short_circuit_decorator' retrieved from /home/airflow/.local/lib/python3.8/site-packages/airflow/example_dags/example_short_circuit_decorator.py
[2026-05-17T03:58:07.781+0000] {logging_mixin.py:188} INFO - [2026-05-17T03:58:07.780+0000] {dag.py:3036} INFO - Sync 1 DAGs
[2026-05-17T03:58:07.818+0000] {logging_mixin.py:188} INFO - [2026-05-17T03:58:07.818+0000] {dag.py:3823} INFO - Setting next_dagrun for example_short_circuit_decorator to 2026-05-16 00:00:00+00:00, run_after=2026-05-17 00:00:00+00:00
[2026-05-17T03:58:07.850+0000] {processor.py:183} INFO - Processing /home/airflow/.local/lib/python3.8/site-packages/airflow/example_dags/example_short_circuit_decorator.py took 0.145 seconds
[2026-05-17T03:58:38.037+0000] {processor.py:161} INFO - Started process (PID=5082) to work on /home/airflow/.local/lib/python3.8/site-packages/airflow/example_dags/example_short_circuit_decorator.py
[2026-05-17T03:58:38.038+0000] {processor.py:830} INFO - Processing file /home/airflow/.local/lib/python3.8/site-packages/airflow/example_dags/example_short_circuit_decorator.py for tasks to queue
[2026-05-17T03:58:38.041+0000] {logging_mixin.py:188} INFO - [2026-05-17T03:58:38.040+0000] {dagbag.py:538} INFO - Filling up the DagBag from /home/airflow/.local/lib/python3.8/site-packages/airflow/example_dags/example_short_circuit_decorator.py
[2026-05-17T03:58:38.058+0000] {processor.py:840} INFO - DAG(s) 'example_short_circuit_decorator' retrieved from /home/airflow/.local/lib/python3.8/site-packages/airflow/example_dags/example_short_circuit_decorator.py
[2026-05-17T03:58:38.105+0000] {logging_mixin.py:188} INFO - [2026-05-17T03:58:38.104+0000] {dag.py:3036} INFO - Sync 1 DAGs
[2026-05-17T03:58:38.149+0000] {logging_mixin.py:188} INFO - [2026-05-17T03:58:38.148+0000] {dag.py:3823} INFO - Setting next_dagrun for example_short_circuit_decorator to 2026-05-16 00:00:00+00:00, run_after=2026-05-17 00:00:00+00:00
[2026-05-17T03:58:38.179+0000] {processor.py:183} INFO - Processing /home/airflow/.local/lib/python3.8/site-packages/airflow/example_dags/example_short_circuit_decorator.py took 0.147 seconds
[2026-05-17T03:59:08.454+0000] {processor.py:161} INFO - Started process (PID=5147) to work on /home/airflow/.local/lib/python3.8/site-packages/airflow/example_dags/example_short_circuit_decorator.py
[2026-05-17T03:59:08.456+0000] {processor.py:830} INFO - Processing file /home/airflow/.local/lib/python3.8/site-packages/airflow/example_dags/example_short_circuit_decorator.py for tasks to queue
[2026-05-17T03:59:08.460+0000] {logging_mixin.py:188} INFO - [2026-05-17T03:59:08.459+0000] {dagbag.py:538} INFO - Filling up the DagBag from /home/airflow/.local/lib/python3.8/site-packages/airflow/example_dags/example_short_circuit_decorator.py
[2026-05-17T03:59:08.478+0000] {processor.py:840} INFO - DAG(s) 'example_short_circuit_decorator' retrieved from /home/airflow/.local/lib/python3.8/site-packages/airflow/example_dags/example_short_circuit_decorator.py
[2026-05-17T03:59:08.527+0000] {logging_mixin.py:188} INFO - [2026-05-17T03:59:08.527+0000] {dag.py:3036} INFO - Sync 1 DAGs
[2026-05-17T03:59:08.563+0000] {logging_mixin.py:188} INFO - [2026-05-17T03:59:08.563+0000] {dag.py:3823} INFO - Setting next_dagrun for example_short_circuit_decorator to 2026-05-16 00:00:00+00:00, run_after=2026-05-17 00:00:00+00:00
[2026-05-17T03:59:08.592+0000] {processor.py:183} INFO - Processing /home/airflow/.local/lib/python3.8/site-packages/airflow/example_dags/example_short_circuit_decorator.py took 0.143 seconds
[2026-05-17T03:59:39.476+0000] {processor.py:161} INFO - Started process (PID=5212) to work on /home/airflow/.local/lib/python3.8/site-packages/airflow/example_dags/example_short_circuit_decorator.py
[2026-05-17T03:59:39.477+0000] {processor.py:830} INFO - Processing file /home/airflow/.local/lib/python3.8/site-packages/airflow/example_dags/example_short_circuit_decorator.py for tasks to queue
[2026-05-17T03:59:39.480+0000] {logging_mixin.py:188} INFO - [2026-05-17T03:59:39.480+0000] {dagbag.py:538} INFO - Filling up the DagBag from /home/airflow/.local/lib/python3.8/site-packages/airflow/example_dags/example_short_circuit_decorator.py
[2026-05-17T03:59:39.495+0000] {processor.py:840} INFO - DAG(s) 'example_short_circuit_decorator' retrieved from /home/airflow/.local/lib/python3.8/site-packages/airflow/example_dags/example_short_circuit_decorator.py
[2026-05-17T03:59:39.542+0000] {logging_mixin.py:188} INFO - [2026-05-17T03:59:39.541+0000] {dag.py:3036} INFO - Sync 1 DAGs
[2026-05-17T03:59:39.594+0000] {logging_mixin.py:188} INFO - [2026-05-17T03:59:39.594+0000] {dag.py:3823} INFO - Setting next_dagrun for example_short_circuit_decorator to 2026-05-16 00:00:00+00:00, run_after=2026-05-17 00:00:00+00:00
[2026-05-17T03:59:39.634+0000] {processor.py:183} INFO - Processing /home/airflow/.local/lib/python3.8/site-packages/airflow/example_dags/example_short_circuit_decorator.py took 0.163 seconds
[2026-05-17T04:00:09.997+0000] {processor.py:161} INFO - Started process (PID=5277) to work on /home/airflow/.local/lib/python3.8/site-packages/airflow/example_dags/example_short_circuit_decorator.py
[2026-05-17T04:00:09.999+0000] {processor.py:830} INFO - Processing file /home/airflow/.local/lib/python3.8/site-packages/airflow/example_dags/example_short_circuit_decorator.py for tasks to queue
[2026-05-17T04:00:10.002+0000] {logging_mixin.py:188} INFO - [2026-05-17T04:00:10.002+0000] {dagbag.py:538} INFO - Filling up the DagBag from /home/airflow/.local/lib/python3.8/site-packages/airflow/example_dags/example_short_circuit_decorator.py
[2026-05-17T04:00:10.017+0000] {processor.py:840} INFO - DAG(s) 'example_short_circuit_decorator' retrieved from /home/airflow/.local/lib/python3.8/site-packages/airflow/example_dags/example_short_circuit_decorator.py
[2026-05-17T04:00:10.063+0000] {logging_mixin.py:188} INFO - [2026-05-17T04:00:10.063+0000] {dag.py:3036} INFO - Sync 1 DAGs
[2026-05-17T04:00:10.114+0000] {logging_mixin.py:188} INFO - [2026-05-17T04:00:10.114+0000] {dag.py:3823} INFO - Setting next_dagrun for example_short_circuit_decorator to 2026-05-16 00:00:00+00:00, run_after=2026-05-17 00:00:00+00:00
[2026-05-17T04:00:10.146+0000] {processor.py:183} INFO - Processing /home/airflow/.local/lib/python3.8/site-packages/airflow/example_dags/example_short_circuit_decorator.py took 0.155 seconds
[2026-05-17T04:00:40.356+0000] {processor.py:161} INFO - Started process (PID=5343) to work on /home/airflow/.local/lib/python3.8/site-packages/airflow/example_dags/example_short_circuit_decorator.py
[2026-05-17T04:00:40.357+0000] {processor.py:830} INFO - Processing file /home/airflow/.local/lib/python3.8/site-packages/airflow/example_dags/example_short_circuit_decorator.py for tasks to queue
[2026-05-17T04:00:40.360+0000] {logging_mixin.py:188} INFO - [2026-05-17T04:00:40.360+0000] {dagbag.py:538} INFO - Filling up the DagBag from /home/airflow/.local/lib/python3.8/site-packages/airflow/example_dags/example_short_circuit_decorator.py
[2026-05-17T04:00:40.375+0000] {processor.py:840} INFO - DAG(s) 'example_short_circuit_decorator' retrieved from /home/airflow/.local/lib/python3.8/site-packages/airflow/example_dags/example_short_circuit_decorator.py
[2026-05-17T04:00:40.422+0000] {logging_mixin.py:188} INFO - [2026-05-17T04:00:40.422+0000] {dag.py:3036} INFO - Sync 1 DAGs
[2026-05-17T04:00:40.465+0000] {logging_mixin.py:188} INFO - [2026-05-17T04:00:40.465+0000] {dag.py:3823} INFO - Setting next_dagrun for example_short_circuit_decorator to 2026-05-16 00:00:00+00:00, run_after=2026-05-17 00:00:00+00:00
[2026-05-17T04:00:40.498+0000] {processor.py:183} INFO - Processing /home/airflow/.local/lib/python3.8/site-packages/airflow/example_dags/example_short_circuit_decorator.py took 0.147 seconds
[2026-05-17T04:01:10.733+0000] {processor.py:161} INFO - Started process (PID=5409) to work on /home/airflow/.local/lib/python3.8/site-packages/airflow/example_dags/example_short_circuit_decorator.py
[2026-05-17T04:01:10.735+0000] {processor.py:830} INFO - Processing file /home/airflow/.local/lib/python3.8/site-packages/airflow/example_dags/example_short_circuit_decorator.py for tasks to queue
[2026-05-17T04:01:10.738+0000] {logging_mixin.py:188} INFO - [2026-05-17T04:01:10.738+0000] {dagbag.py:538} INFO - Filling up the DagBag from /home/airflow/.local/lib/python3.8/site-packages/airflow/example_dags/example_short_circuit_decorator.py
[2026-05-17T04:01:10.754+0000] {processor.py:840} INFO - DAG(s) 'example_short_circuit_decorator' retrieved from /home/airflow/.local/lib/python3.8/site-packages/airflow/example_dags/example_short_circuit_decorator.py
[2026-05-17T04:01:10.797+0000] {logging_mixin.py:188} INFO - [2026-05-17T04:01:10.796+0000] {dag.py:3036} INFO - Sync 1 DAGs
[2026-05-17T04:01:10.830+0000] {logging_mixin.py:188} INFO - [2026-05-17T04:01:10.829+0000] {dag.py:3823} INFO - Setting next_dagrun for example_short_circuit_decorator to 2026-05-16 00:00:00+00:00, run_after=2026-05-17 00:00:00+00:00
[2026-05-17T04:01:10.857+0000] {processor.py:183} INFO - Processing /home/airflow/.local/lib/python3.8/site-packages/airflow/example_dags/example_short_circuit_decorator.py took 0.129 seconds
[2026-05-17T04:01:41.154+0000] {processor.py:161} INFO - Started process (PID=5476) to work on /home/airflow/.local/lib/python3.8/site-packages/airflow/example_dags/example_short_circuit_decorator.py
[2026-05-17T04:01:41.156+0000] {processor.py:830} INFO - Processing file /home/airflow/.local/lib/python3.8/site-packages/airflow/example_dags/example_short_circuit_decorator.py for tasks to queue
[2026-05-17T04:01:41.159+0000] {logging_mixin.py:188} INFO - [2026-05-17T04:01:41.159+0000] {dagbag.py:538} INFO - Filling up the DagBag from /home/airflow/.local/lib/python3.8/site-packages/airflow/example_dags/example_short_circuit_decorator.py
[2026-05-17T04:01:41.175+0000] {processor.py:840} INFO - DAG(s) 'example_short_circuit_decorator' retrieved from /home/airflow/.local/lib/python3.8/site-packages/airflow/example_dags/example_short_circuit_decorator.py
[2026-05-17T04:01:41.224+0000] {logging_mixin.py:188} INFO - [2026-05-17T04:01:41.224+0000] {dag.py:3036} INFO - Sync 1 DAGs
[2026-05-17T04:01:41.269+0000] {logging_mixin.py:188} INFO - [2026-05-17T04:01:41.269+0000] {dag.py:3823} INFO - Setting next_dagrun for example_short_circuit_decorator to 2026-05-16 00:00:00+00:00, run_after=2026-05-17 00:00:00+00:00
[2026-05-17T04:01:41.304+0000] {processor.py:183} INFO - Processing /home/airflow/.local/lib/python3.8/site-packages/airflow/example_dags/example_short_circuit_decorator.py took 0.155 seconds
[2026-05-17T04:02:11.551+0000] {processor.py:161} INFO - Started process (PID=5549) to work on /home/airflow/.local/lib/python3.8/site-packages/airflow/example_dags/example_short_circuit_decorator.py
[2026-05-17T04:02:11.553+0000] {processor.py:830} INFO - Processing file /home/airflow/.local/lib/python3.8/site-packages/airflow/example_dags/example_short_circuit_decorator.py for tasks to queue
[2026-05-17T04:02:11.556+0000] {logging_mixin.py:188} INFO - [2026-05-17T04:02:11.555+0000] {dagbag.py:538} INFO - Filling up the DagBag from /home/airflow/.local/lib/python3.8/site-packages/airflow/example_dags/example_short_circuit_decorator.py
[2026-05-17T04:02:11.572+0000] {processor.py:840} INFO - DAG(s) 'example_short_circuit_decorator' retrieved from /home/airflow/.local/lib/python3.8/site-packages/airflow/example_dags/example_short_circuit_decorator.py
[2026-05-17T04:02:11.622+0000] {logging_mixin.py:188} INFO - [2026-05-17T04:02:11.621+0000] {dag.py:3036} INFO - Sync 1 DAGs
[2026-05-17T04:02:11.665+0000] {logging_mixin.py:188} INFO - [2026-05-17T04:02:11.664+0000] {dag.py:3823} INFO - Setting next_dagrun for example_short_circuit_decorator to 2026-05-16 00:00:00+00:00, run_after=2026-05-17 00:00:00+00:00
[2026-05-17T04:02:11.697+0000] {processor.py:183} INFO - Processing /home/airflow/.local/lib/python3.8/site-packages/airflow/example_dags/example_short_circuit_decorator.py took 0.152 seconds
[2026-05-17T04:02:41.894+0000] {processor.py:161} INFO - Started process (PID=5615) to work on /home/airflow/.local/lib/python3.8/site-packages/airflow/example_dags/example_short_circuit_decorator.py
[2026-05-17T04:02:41.896+0000] {processor.py:830} INFO - Processing file /home/airflow/.local/lib/python3.8/site-packages/airflow/example_dags/example_short_circuit_decorator.py for tasks to queue
[2026-05-17T04:02:41.899+0000] {logging_mixin.py:188} INFO - [2026-05-17T04:02:41.899+0000] {dagbag.py:538} INFO - Filling up the DagBag from /home/airflow/.local/lib/python3.8/site-packages/airflow/example_dags/example_short_circuit_decorator.py
[2026-05-17T04:02:41.917+0000] {processor.py:840} INFO - DAG(s) 'example_short_circuit_decorator' retrieved from /home/airflow/.local/lib/python3.8/site-packages/airflow/example_dags/example_short_circuit_decorator.py
[2026-05-17T04:02:41.962+0000] {logging_mixin.py:188} INFO - [2026-05-17T04:02:41.962+0000] {dag.py:3036} INFO - Sync 1 DAGs
[2026-05-17T04:02:42.007+0000] {logging_mixin.py:188} INFO - [2026-05-17T04:02:42.006+0000] {dag.py:3823} INFO - Setting next_dagrun for example_short_circuit_decorator to 2026-05-16 00:00:00+00:00, run_after=2026-05-17 00:00:00+00:00
[2026-05-17T04:02:42.045+0000] {processor.py:183} INFO - Processing /home/airflow/.local/lib/python3.8/site-packages/airflow/example_dags/example_short_circuit_decorator.py took 0.156 seconds
[2026-05-17T04:03:12.547+0000] {processor.py:161} INFO - Started process (PID=5681) to work on /home/airflow/.local/lib/python3.8/site-packages/airflow/example_dags/example_short_circuit_decorator.py
[2026-05-17T04:03:12.548+0000] {processor.py:830} INFO - Processing file /home/airflow/.local/lib/python3.8/site-packages/airflow/example_dags/example_short_circuit_decorator.py for tasks to queue
[2026-05-17T04:03:12.552+0000] {logging_mixin.py:188} INFO - [2026-05-17T04:03:12.551+0000] {dagbag.py:538} INFO - Filling up the DagBag from /home/airflow/.local/lib/python3.8/site-packages/airflow/example_dags/example_short_circuit_decorator.py
[2026-05-17T04:03:12.570+0000] {processor.py:840} INFO - DAG(s) 'example_short_circuit_decorator' retrieved from /home/airflow/.local/lib/python3.8/site-packages/airflow/example_dags/example_short_circuit_decorator.py
[2026-05-17T04:03:12.619+0000] {logging_mixin.py:188} INFO - [2026-05-17T04:03:12.618+0000] {dag.py:3036} INFO - Sync 1 DAGs
[2026-05-17T04:03:12.664+0000] {logging_mixin.py:188} INFO - [2026-05-17T04:03:12.664+0000] {dag.py:3823} INFO - Setting next_dagrun for example_short_circuit_decorator to 2026-05-16 00:00:00+00:00, run_after=2026-05-17 00:00:00+00:00
[2026-05-17T04:03:12.719+0000] {processor.py:183} INFO - Processing /home/airflow/.local/lib/python3.8/site-packages/airflow/example_dags/example_short_circuit_decorator.py took 0.178 seconds
[2026-05-17T04:03:43.211+0000] {processor.py:161} INFO - Started process (PID=5748) to work on /home/airflow/.local/lib/python3.8/site-packages/airflow/example_dags/example_short_circuit_decorator.py
[2026-05-17T04:03:43.213+0000] {processor.py:830} INFO - Processing file /home/airflow/.local/lib/python3.8/site-packages/airflow/example_dags/example_short_circuit_decorator.py for tasks to queue
[2026-05-17T04:03:43.216+0000] {logging_mixin.py:188} INFO - [2026-05-17T04:03:43.215+0000] {dagbag.py:538} INFO - Filling up the DagBag from /home/airflow/.local/lib/python3.8/site-packages/airflow/example_dags/example_short_circuit_decorator.py
[2026-05-17T04:03:43.231+0000] {processor.py:840} INFO - DAG(s) 'example_short_circuit_decorator' retrieved from /home/airflow/.local/lib/python3.8/site-packages/airflow/example_dags/example_short_circuit_decorator.py
[2026-05-17T04:03:43.277+0000] {logging_mixin.py:188} INFO - [2026-05-17T04:03:43.277+0000] {dag.py:3036} INFO - Sync 1 DAGs
[2026-05-17T04:03:43.317+0000] {logging_mixin.py:188} INFO - [2026-05-17T04:03:43.317+0000] {dag.py:3823} INFO - Setting next_dagrun for example_short_circuit_decorator to 2026-05-16 00:00:00+00:00, run_after=2026-05-17 00:00:00+00:00
[2026-05-17T04:03:43.352+0000] {processor.py:183} INFO - Processing /home/airflow/.local/lib/python3.8/site-packages/airflow/example_dags/example_short_circuit_decorator.py took 0.146 seconds
[2026-05-17T04:04:13.871+0000] {processor.py:161} INFO - Started process (PID=5813) to work on /home/airflow/.local/lib/python3.8/site-packages/airflow/example_dags/example_short_circuit_decorator.py
[2026-05-17T04:04:13.872+0000] {processor.py:830} INFO - Processing file /home/airflow/.local/lib/python3.8/site-packages/airflow/example_dags/example_short_circuit_decorator.py for tasks to queue
[2026-05-17T04:04:13.875+0000] {logging_mixin.py:188} INFO - [2026-05-17T04:04:13.875+0000] {dagbag.py:538} INFO - Filling up the DagBag from /home/airflow/.local/lib/python3.8/site-packages/airflow/example_dags/example_short_circuit_decorator.py
[2026-05-17T04:04:13.893+0000] {processor.py:840} INFO - DAG(s) 'example_short_circuit_decorator' retrieved from /home/airflow/.local/lib/python3.8/site-packages/airflow/example_dags/example_short_circuit_decorator.py
[2026-05-17T04:04:13.946+0000] {logging_mixin.py:188} INFO - [2026-05-17T04:04:13.945+0000] {dag.py:3036} INFO - Sync 1 DAGs
[2026-05-17T04:04:13.985+0000] {logging_mixin.py:188} INFO - [2026-05-17T04:04:13.985+0000] {dag.py:3823} INFO - Setting next_dagrun for example_short_circuit_decorator to 2026-05-16 00:00:00+00:00, run_after=2026-05-17 00:00:00+00:00
[2026-05-17T04:04:14.017+0000] {processor.py:183} INFO - Processing /home/airflow/.local/lib/python3.8/site-packages/airflow/example_dags/example_short_circuit_decorator.py took 0.150 seconds
[2026-05-17T04:04:44.266+0000] {processor.py:161} INFO - Started process (PID=5877) to work on /home/airflow/.local/lib/python3.8/site-packages/airflow/example_dags/example_short_circuit_decorator.py
[2026-05-17T04:04:44.268+0000] {processor.py:830} INFO - Processing file /home/airflow/.local/lib/python3.8/site-packages/airflow/example_dags/example_short_circuit_decorator.py for tasks to queue
[2026-05-17T04:04:44.271+0000] {logging_mixin.py:188} INFO - [2026-05-17T04:04:44.270+0000] {dagbag.py:538} INFO - Filling up the DagBag from /home/airflow/.local/lib/python3.8/site-packages/airflow/example_dags/example_short_circuit_decorator.py
[2026-05-17T04:04:44.286+0000] {processor.py:840} INFO - DAG(s) 'example_short_circuit_decorator' retrieved from /home/airflow/.local/lib/python3.8/site-packages/airflow/example_dags/example_short_circuit_decorator.py
[2026-05-17T04:04:44.328+0000] {logging_mixin.py:188} INFO - [2026-05-17T04:04:44.327+0000] {dag.py:3036} INFO - Sync 1 DAGs
[2026-05-17T04:04:44.365+0000] {logging_mixin.py:188} INFO - [2026-05-17T04:04:44.365+0000] {dag.py:3823} INFO - Setting next_dagrun for example_short_circuit_decorator to 2026-05-16 00:00:00+00:00, run_after=2026-05-17 00:00:00+00:00
[2026-05-17T04:04:44.393+0000] {processor.py:183} INFO - Processing /home/airflow/.local/lib/python3.8/site-packages/airflow/example_dags/example_short_circuit_decorator.py took 0.132 seconds
[2026-05-17T04:05:14.837+0000] {processor.py:161} INFO - Started process (PID=5943) to work on /home/airflow/.local/lib/python3.8/site-packages/airflow/example_dags/example_short_circuit_decorator.py
[2026-05-17T04:05:14.838+0000] {processor.py:830} INFO - Processing file /home/airflow/.local/lib/python3.8/site-packages/airflow/example_dags/example_short_circuit_decorator.py for tasks to queue
[2026-05-17T04:05:14.841+0000] {logging_mixin.py:188} INFO - [2026-05-17T04:05:14.840+0000] {dagbag.py:538} INFO - Filling up the DagBag from /home/airflow/.local/lib/python3.8/site-packages/airflow/example_dags/example_short_circuit_decorator.py
[2026-05-17T04:05:14.858+0000] {processor.py:840} INFO - DAG(s) 'example_short_circuit_decorator' retrieved from /home/airflow/.local/lib/python3.8/site-packages/airflow/example_dags/example_short_circuit_decorator.py
[2026-05-17T04:05:14.904+0000] {logging_mixin.py:188} INFO - [2026-05-17T04:05:14.903+0000] {dag.py:3036} INFO - Sync 1 DAGs
[2026-05-17T04:05:14.948+0000] {logging_mixin.py:188} INFO - [2026-05-17T04:05:14.948+0000] {dag.py:3823} INFO - Setting next_dagrun for example_short_circuit_decorator to 2026-05-16 00:00:00+00:00, run_after=2026-05-17 00:00:00+00:00
[2026-05-17T04:05:14.979+0000] {processor.py:183} INFO - Processing /home/airflow/.local/lib/python3.8/site-packages/airflow/example_dags/example_short_circuit_decorator.py took 0.148 seconds
[2026-05-17T04:05:45.162+0000] {processor.py:161} INFO - Started process (PID=6010) to work on /home/airflow/.local/lib/python3.8/site-packages/airflow/example_dags/example_short_circuit_decorator.py
[2026-05-17T04:05:45.164+0000] {processor.py:830} INFO - Processing file /home/airflow/.local/lib/python3.8/site-packages/airflow/example_dags/example_short_circuit_decorator.py for tasks to queue
[2026-05-17T04:05:45.166+0000] {logging_mixin.py:188} INFO - [2026-05-17T04:05:45.166+0000] {dagbag.py:538} INFO - Filling up the DagBag from /home/airflow/.local/lib/python3.8/site-packages/airflow/example_dags/example_short_circuit_decorator.py
[2026-05-17T04:05:45.181+0000] {processor.py:840} INFO - DAG(s) 'example_short_circuit_decorator' retrieved from /home/airflow/.local/lib/python3.8/site-packages/airflow/example_dags/example_short_circuit_decorator.py
[2026-05-17T04:05:45.227+0000] {logging_mixin.py:188} INFO - [2026-05-17T04:05:45.227+0000] {dag.py:3036} INFO - Sync 1 DAGs
[2026-05-17T04:05:45.268+0000] {logging_mixin.py:188} INFO - [2026-05-17T04:05:45.268+0000] {dag.py:3823} INFO - Setting next_dagrun for example_short_circuit_decorator to 2026-05-16 00:00:00+00:00, run_after=2026-05-17 00:00:00+00:00
[2026-05-17T04:05:45.297+0000] {processor.py:183} INFO - Processing /home/airflow/.local/lib/python3.8/site-packages/airflow/example_dags/example_short_circuit_decorator.py took 0.140 seconds
[2026-05-17T04:06:15.496+0000] {processor.py:161} INFO - Started process (PID=6075) to work on /home/airflow/.local/lib/python3.8/site-packages/airflow/example_dags/example_short_circuit_decorator.py
[2026-05-17T04:06:15.497+0000] {processor.py:830} INFO - Processing file /home/airflow/.local/lib/python3.8/site-packages/airflow/example_dags/example_short_circuit_decorator.py for tasks to queue
[2026-05-17T04:06:15.499+0000] {logging_mixin.py:188} INFO - [2026-05-17T04:06:15.499+0000] {dagbag.py:538} INFO - Filling up the DagBag from /home/airflow/.local/lib/python3.8/site-packages/airflow/example_dags/example_short_circuit_decorator.py
[2026-05-17T04:06:15.514+0000] {processor.py:840} INFO - DAG(s) 'example_short_circuit_decorator' retrieved from /home/airflow/.local/lib/python3.8/site-packages/airflow/example_dags/example_short_circuit_decorator.py
[2026-05-17T04:06:15.562+0000] {logging_mixin.py:188} INFO - [2026-05-17T04:06:15.561+0000] {dag.py:3036} INFO - Sync 1 DAGs
[2026-05-17T04:06:15.599+0000] {logging_mixin.py:188} INFO - [2026-05-17T04:06:15.599+0000] {dag.py:3823} INFO - Setting next_dagrun for example_short_circuit_decorator to 2026-05-16 00:00:00+00:00, run_after=2026-05-17 00:00:00+00:00
[2026-05-17T04:06:15.630+0000] {processor.py:183} INFO - Processing /home/airflow/.local/lib/python3.8/site-packages/airflow/example_dags/example_short_circuit_decorator.py took 0.139 seconds
[2026-05-17T04:06:45.782+0000] {processor.py:161} INFO - Started process (PID=6142) to work on /home/airflow/.local/lib/python3.8/site-packages/airflow/example_dags/example_short_circuit_decorator.py
[2026-05-17T04:06:45.784+0000] {processor.py:830} INFO - Processing file /home/airflow/.local/lib/python3.8/site-packages/airflow/example_dags/example_short_circuit_decorator.py for tasks to queue
[2026-05-17T04:06:45.786+0000] {logging_mixin.py:188} INFO - [2026-05-17T04:06:45.786+0000] {dagbag.py:538} INFO - Filling up the DagBag from /home/airflow/.local/lib/python3.8/site-packages/airflow/example_dags/example_short_circuit_decorator.py
[2026-05-17T04:06:45.803+0000] {processor.py:840} INFO - DAG(s) 'example_short_circuit_decorator' retrieved from /home/airflow/.local/lib/python3.8/site-packages/airflow/example_dags/example_short_circuit_decorator.py
[2026-05-17T04:06:45.850+0000] {logging_mixin.py:188} INFO - [2026-05-17T04:06:45.849+0000] {dag.py:3036} INFO - Sync 1 DAGs
[2026-05-17T04:06:45.890+0000] {logging_mixin.py:188} INFO - [2026-05-17T04:06:45.889+0000] {dag.py:3823} INFO - Setting next_dagrun for example_short_circuit_decorator to 2026-05-16 00:00:00+00:00, run_after=2026-05-17 00:00:00+00:00
[2026-05-17T04:06:45.922+0000] {processor.py:183} INFO - Processing /home/airflow/.local/lib/python3.8/site-packages/airflow/example_dags/example_short_circuit_decorator.py took 0.145 seconds
[2026-05-17T04:07:16.600+0000] {processor.py:161} INFO - Started process (PID=6208) to work on /home/airflow/.local/lib/python3.8/site-packages/airflow/example_dags/example_short_circuit_decorator.py
[2026-05-17T04:07:16.602+0000] {processor.py:830} INFO - Processing file /home/airflow/.local/lib/python3.8/site-packages/airflow/example_dags/example_short_circuit_decorator.py for tasks to queue
[2026-05-17T04:07:16.605+0000] {logging_mixin.py:188} INFO - [2026-05-17T04:07:16.604+0000] {dagbag.py:538} INFO - Filling up the DagBag from /home/airflow/.local/lib/python3.8/site-packages/airflow/example_dags/example_short_circuit_decorator.py
[2026-05-17T04:07:16.621+0000] {processor.py:840} INFO - DAG(s) 'example_short_circuit_decorator' retrieved from /home/airflow/.local/lib/python3.8/site-packages/airflow/example_dags/example_short_circuit_decorator.py
[2026-05-17T04:07:16.680+0000] {logging_mixin.py:188} INFO - [2026-05-17T04:07:16.680+0000] {dag.py:3036} INFO - Sync 1 DAGs
[2026-05-17T04:07:16.750+0000] {logging_mixin.py:188} INFO - [2026-05-17T04:07:16.750+0000] {dag.py:3823} INFO - Setting next_dagrun for example_short_circuit_decorator to 2026-05-16 00:00:00+00:00, run_after=2026-05-17 00:00:00+00:00
[2026-05-17T04:07:16.808+0000] {processor.py:183} INFO - Processing /home/airflow/.local/lib/python3.8/site-packages/airflow/example_dags/example_short_circuit_decorator.py took 0.213 seconds
[2026-05-17T04:07:47.330+0000] {processor.py:161} INFO - Started process (PID=6274) to work on /home/airflow/.local/lib/python3.8/site-packages/airflow/example_dags/example_short_circuit_decorator.py
[2026-05-17T04:07:47.332+0000] {processor.py:830} INFO - Processing file /home/airflow/.local/lib/python3.8/site-packages/airflow/example_dags/example_short_circuit_decorator.py for tasks to queue
[2026-05-17T04:07:47.335+0000] {logging_mixin.py:188} INFO - [2026-05-17T04:07:47.334+0000] {dagbag.py:538} INFO - Filling up the DagBag from /home/airflow/.local/lib/python3.8/site-packages/airflow/example_dags/example_short_circuit_decorator.py
[2026-05-17T04:07:47.349+0000] {processor.py:840} INFO - DAG(s) 'example_short_circuit_decorator' retrieved from /home/airflow/.local/lib/python3.8/site-packages/airflow/example_dags/example_short_circuit_decorator.py
[2026-05-17T04:07:47.394+0000] {logging_mixin.py:188} INFO - [2026-05-17T04:07:47.393+0000] {dag.py:3036} INFO - Sync 1 DAGs
[2026-05-17T04:07:47.440+0000] {logging_mixin.py:188} INFO - [2026-05-17T04:07:47.440+0000] {dag.py:3823} INFO - Setting next_dagrun for example_short_circuit_decorator to 2026-05-16 00:00:00+00:00, run_after=2026-05-17 00:00:00+00:00
[2026-05-17T04:07:47.472+0000] {processor.py:183} INFO - Processing /home/airflow/.local/lib/python3.8/site-packages/airflow/example_dags/example_short_circuit_decorator.py took 0.147 seconds
[2026-05-17T04:08:17.913+0000] {processor.py:161} INFO - Started process (PID=6340) to work on /home/airflow/.local/lib/python3.8/site-packages/airflow/example_dags/example_short_circuit_decorator.py
[2026-05-17T04:08:17.915+0000] {processor.py:830} INFO - Processing file /home/airflow/.local/lib/python3.8/site-packages/airflow/example_dags/example_short_circuit_decorator.py for tasks to queue
[2026-05-17T04:08:17.918+0000] {logging_mixin.py:188} INFO - [2026-05-17T04:08:17.917+0000] {dagbag.py:538} INFO - Filling up the DagBag from /home/airflow/.local/lib/python3.8/site-packages/airflow/example_dags/example_short_circuit_decorator.py
[2026-05-17T04:08:17.933+0000] {processor.py:840} INFO - DAG(s) 'example_short_circuit_decorator' retrieved from /home/airflow/.local/lib/python3.8/site-packages/airflow/example_dags/example_short_circuit_decorator.py
[2026-05-17T04:08:17.982+0000] {logging_mixin.py:188} INFO - [2026-05-17T04:08:17.982+0000] {dag.py:3036} INFO - Sync 1 DAGs
[2026-05-17T04:08:18.032+0000] {logging_mixin.py:188} INFO - [2026-05-17T04:08:18.032+0000] {dag.py:3823} INFO - Setting next_dagrun for example_short_circuit_decorator to 2026-05-16 00:00:00+00:00, run_after=2026-05-17 00:00:00+00:00
[2026-05-17T04:08:18.067+0000] {processor.py:183} INFO - Processing /home/airflow/.local/lib/python3.8/site-packages/airflow/example_dags/example_short_circuit_decorator.py took 0.159 seconds
[2026-05-17T04:08:48.377+0000] {processor.py:161} INFO - Started process (PID=6414) to work on /home/airflow/.local/lib/python3.8/site-packages/airflow/example_dags/example_short_circuit_decorator.py
[2026-05-17T04:08:48.379+0000] {processor.py:830} INFO - Processing file /home/airflow/.local/lib/python3.8/site-packages/airflow/example_dags/example_short_circuit_decorator.py for tasks to queue
[2026-05-17T04:08:48.382+0000] {logging_mixin.py:188} INFO - [2026-05-17T04:08:48.382+0000] {dagbag.py:538} INFO - Filling up the DagBag from /home/airflow/.local/lib/python3.8/site-packages/airflow/example_dags/example_short_circuit_decorator.py
[2026-05-17T04:08:48.398+0000] {processor.py:840} INFO - DAG(s) 'example_short_circuit_decorator' retrieved from /home/airflow/.local/lib/python3.8/site-packages/airflow/example_dags/example_short_circuit_decorator.py
[2026-05-17T04:08:48.442+0000] {logging_mixin.py:188} INFO - [2026-05-17T04:08:48.442+0000] {dag.py:3036} INFO - Sync 1 DAGs
[2026-05-17T04:08:48.487+0000] {logging_mixin.py:188} INFO - [2026-05-17T04:08:48.486+0000] {dag.py:3823} INFO - Setting next_dagrun for example_short_circuit_decorator to 2026-05-16 00:00:00+00:00, run_after=2026-05-17 00:00:00+00:00
[2026-05-17T04:08:48.520+0000] {processor.py:183} INFO - Processing /home/airflow/.local/lib/python3.8/site-packages/airflow/example_dags/example_short_circuit_decorator.py took 0.148 seconds
[2026-05-17T04:09:18.800+0000] {processor.py:161} INFO - Started process (PID=6482) to work on /home/airflow/.local/lib/python3.8/site-packages/airflow/example_dags/example_short_circuit_decorator.py
[2026-05-17T04:09:18.802+0000] {processor.py:830} INFO - Processing file /home/airflow/.local/lib/python3.8/site-packages/airflow/example_dags/example_short_circuit_decorator.py for tasks to queue
[2026-05-17T04:09:18.804+0000] {logging_mixin.py:188} INFO - [2026-05-17T04:09:18.804+0000] {dagbag.py:538} INFO - Filling up the DagBag from /home/airflow/.local/lib/python3.8/site-packages/airflow/example_dags/example_short_circuit_decorator.py
[2026-05-17T04:09:18.820+0000] {processor.py:840} INFO - DAG(s) 'example_short_circuit_decorator' retrieved from /home/airflow/.local/lib/python3.8/site-packages/airflow/example_dags/example_short_circuit_decorator.py
[2026-05-17T04:09:18.867+0000] {logging_mixin.py:188} INFO - [2026-05-17T04:09:18.867+0000] {dag.py:3036} INFO - Sync 1 DAGs
[2026-05-17T04:09:18.911+0000] {logging_mixin.py:188} INFO - [2026-05-17T04:09:18.911+0000] {dag.py:3823} INFO - Setting next_dagrun for example_short_circuit_decorator to 2026-05-16 00:00:00+00:00, run_after=2026-05-17 00:00:00+00:00
[2026-05-17T04:09:18.945+0000] {processor.py:183} INFO - Processing /home/airflow/.local/lib/python3.8/site-packages/airflow/example_dags/example_short_circuit_decorator.py took 0.151 seconds
[2026-05-17T04:09:49.604+0000] {processor.py:161} INFO - Started process (PID=6548) to work on /home/airflow/.local/lib/python3.8/site-packages/airflow/example_dags/example_short_circuit_decorator.py
[2026-05-17T04:09:49.606+0000] {processor.py:830} INFO - Processing file /home/airflow/.local/lib/python3.8/site-packages/airflow/example_dags/example_short_circuit_decorator.py for tasks to queue
[2026-05-17T04:09:49.609+0000] {logging_mixin.py:188} INFO - [2026-05-17T04:09:49.609+0000] {dagbag.py:538} INFO - Filling up the DagBag from /home/airflow/.local/lib/python3.8/site-packages/airflow/example_dags/example_short_circuit_decorator.py
[2026-05-17T04:09:49.624+0000] {processor.py:840} INFO - DAG(s) 'example_short_circuit_decorator' retrieved from /home/airflow/.local/lib/python3.8/site-packages/airflow/example_dags/example_short_circuit_decorator.py
[2026-05-17T04:09:49.671+0000] {logging_mixin.py:188} INFO - [2026-05-17T04:09:49.671+0000] {dag.py:3036} INFO - Sync 1 DAGs
[2026-05-17T04:09:49.710+0000] {logging_mixin.py:188} INFO - [2026-05-17T04:09:49.710+0000] {dag.py:3823} INFO - Setting next_dagrun for example_short_circuit_decorator to 2026-05-16 00:00:00+00:00, run_after=2026-05-17 00:00:00+00:00
[2026-05-17T04:09:49.743+0000] {processor.py:183} INFO - Processing /home/airflow/.local/lib/python3.8/site-packages/airflow/example_dags/example_short_circuit_decorator.py took 0.144 seconds
[2026-05-17T04:10:19.856+0000] {processor.py:161} INFO - Started process (PID=6614) to work on /home/airflow/.local/lib/python3.8/site-packages/airflow/example_dags/example_short_circuit_decorator.py
[2026-05-17T04:10:19.858+0000] {processor.py:830} INFO - Processing file /home/airflow/.local/lib/python3.8/site-packages/airflow/example_dags/example_short_circuit_decorator.py for tasks to queue
[2026-05-17T04:10:19.861+0000] {logging_mixin.py:188} INFO - [2026-05-17T04:10:19.860+0000] {dagbag.py:538} INFO - Filling up the DagBag from /home/airflow/.local/lib/python3.8/site-packages/airflow/example_dags/example_short_circuit_decorator.py
[2026-05-17T04:10:19.877+0000] {processor.py:840} INFO - DAG(s) 'example_short_circuit_decorator' retrieved from /home/airflow/.local/lib/python3.8/site-packages/airflow/example_dags/example_short_circuit_decorator.py
[2026-05-17T04:10:19.925+0000] {logging_mixin.py:188} INFO - [2026-05-17T04:10:19.925+0000] {dag.py:3036} INFO - Sync 1 DAGs
[2026-05-17T04:10:19.970+0000] {logging_mixin.py:188} INFO - [2026-05-17T04:10:19.969+0000] {dag.py:3823} INFO - Setting next_dagrun for example_short_circuit_decorator to 2026-05-16 00:00:00+00:00, run_after=2026-05-17 00:00:00+00:00
[2026-05-17T04:10:20.003+0000] {processor.py:183} INFO - Processing /home/airflow/.local/lib/python3.8/site-packages/airflow/example_dags/example_short_circuit_decorator.py took 0.151 seconds
[2026-05-17T04:10:50.179+0000] {processor.py:161} INFO - Started process (PID=6679) to work on /home/airflow/.local/lib/python3.8/site-packages/airflow/example_dags/example_short_circuit_decorator.py
[2026-05-17T04:10:50.181+0000] {processor.py:830} INFO - Processing file /home/airflow/.local/lib/python3.8/site-packages/airflow/example_dags/example_short_circuit_decorator.py for tasks to queue
[2026-05-17T04:10:50.184+0000] {logging_mixin.py:188} INFO - [2026-05-17T04:10:50.184+0000] {dagbag.py:538} INFO - Filling up the DagBag from /home/airflow/.local/lib/python3.8/site-packages/airflow/example_dags/example_short_circuit_decorator.py
[2026-05-17T04:10:50.200+0000] {processor.py:840} INFO - DAG(s) 'example_short_circuit_decorator' retrieved from /home/airflow/.local/lib/python3.8/site-packages/airflow/example_dags/example_short_circuit_decorator.py
[2026-05-17T04:10:50.248+0000] {logging_mixin.py:188} INFO - [2026-05-17T04:10:50.247+0000] {dag.py:3036} INFO - Sync 1 DAGs
[2026-05-17T04:10:50.291+0000] {logging_mixin.py:188} INFO - [2026-05-17T04:10:50.291+0000] {dag.py:3823} INFO - Setting next_dagrun for example_short_circuit_decorator to 2026-05-16 00:00:00+00:00, run_after=2026-05-17 00:00:00+00:00
[2026-05-17T04:10:50.325+0000] {processor.py:183} INFO - Processing /home/airflow/.local/lib/python3.8/site-packages/airflow/example_dags/example_short_circuit_decorator.py took 0.152 seconds
[2026-05-17T04:11:20.590+0000] {processor.py:161} INFO - Started process (PID=6746) to work on /home/airflow/.local/lib/python3.8/site-packages/airflow/example_dags/example_short_circuit_decorator.py
[2026-05-17T04:11:20.592+0000] {processor.py:830} INFO - Processing file /home/airflow/.local/lib/python3.8/site-packages/airflow/example_dags/example_short_circuit_decorator.py for tasks to queue
[2026-05-17T04:11:20.595+0000] {logging_mixin.py:188} INFO - [2026-05-17T04:11:20.594+0000] {dagbag.py:538} INFO - Filling up the DagBag from /home/airflow/.local/lib/python3.8/site-packages/airflow/example_dags/example_short_circuit_decorator.py
[2026-05-17T04:11:20.609+0000] {processor.py:840} INFO - DAG(s) 'example_short_circuit_decorator' retrieved from /home/airflow/.local/lib/python3.8/site-packages/airflow/example_dags/example_short_circuit_decorator.py
[2026-05-17T04:11:20.649+0000] {logging_mixin.py:188} INFO - [2026-05-17T04:11:20.649+0000] {dag.py:3036} INFO - Sync 1 DAGs
[2026-05-17T04:11:20.696+0000] {logging_mixin.py:188} INFO - [2026-05-17T04:11:20.695+0000] {dag.py:3823} INFO - Setting next_dagrun for example_short_circuit_decorator to 2026-05-16 00:00:00+00:00, run_after=2026-05-17 00:00:00+00:00
[2026-05-17T04:11:20.736+0000] {processor.py:183} INFO - Processing /home/airflow/.local/lib/python3.8/site-packages/airflow/example_dags/example_short_circuit_decorator.py took 0.152 seconds
[2026-05-17T04:11:51.311+0000] {processor.py:161} INFO - Started process (PID=6813) to work on /home/airflow/.local/lib/python3.8/site-packages/airflow/example_dags/example_short_circuit_decorator.py
[2026-05-17T04:11:51.313+0000] {processor.py:830} INFO - Processing file /home/airflow/.local/lib/python3.8/site-packages/airflow/example_dags/example_short_circuit_decorator.py for tasks to queue
[2026-05-17T04:11:51.316+0000] {logging_mixin.py:188} INFO - [2026-05-17T04:11:51.316+0000] {dagbag.py:538} INFO - Filling up the DagBag from /home/airflow/.local/lib/python3.8/site-packages/airflow/example_dags/example_short_circuit_decorator.py
[2026-05-17T04:11:51.331+0000] {processor.py:840} INFO - DAG(s) 'example_short_circuit_decorator' retrieved from /home/airflow/.local/lib/python3.8/site-packages/airflow/example_dags/example_short_circuit_decorator.py
[2026-05-17T04:11:51.377+0000] {logging_mixin.py:188} INFO - [2026-05-17T04:11:51.376+0000] {dag.py:3036} INFO - Sync 1 DAGs
[2026-05-17T04:11:51.416+0000] {logging_mixin.py:188} INFO - [2026-05-17T04:11:51.416+0000] {dag.py:3823} INFO - Setting next_dagrun for example_short_circuit_decorator to 2026-05-16 00:00:00+00:00, run_after=2026-05-17 00:00:00+00:00
[2026-05-17T04:11:51.459+0000] {processor.py:183} INFO - Processing /home/airflow/.local/lib/python3.8/site-packages/airflow/example_dags/example_short_circuit_decorator.py took 0.153 seconds
[2026-05-17T04:12:21.808+0000] {processor.py:161} INFO - Started process (PID=6879) to work on /home/airflow/.local/lib/python3.8/site-packages/airflow/example_dags/example_short_circuit_decorator.py
[2026-05-17T04:12:21.810+0000] {processor.py:830} INFO - Processing file /home/airflow/.local/lib/python3.8/site-packages/airflow/example_dags/example_short_circuit_decorator.py for tasks to queue
[2026-05-17T04:12:21.812+0000] {logging_mixin.py:188} INFO - [2026-05-17T04:12:21.812+0000] {dagbag.py:538} INFO - Filling up the DagBag from /home/airflow/.local/lib/python3.8/site-packages/airflow/example_dags/example_short_circuit_decorator.py
[2026-05-17T04:12:21.829+0000] {processor.py:840} INFO - DAG(s) 'example_short_circuit_decorator' retrieved from /home/airflow/.local/lib/python3.8/site-packages/airflow/example_dags/example_short_circuit_decorator.py
[2026-05-17T04:12:21.872+0000] {logging_mixin.py:188} INFO - [2026-05-17T04:12:21.872+0000] {dag.py:3036} INFO - Sync 1 DAGs
[2026-05-17T04:12:21.910+0000] {logging_mixin.py:188} INFO - [2026-05-17T04:12:21.910+0000] {dag.py:3823} INFO - Setting next_dagrun for example_short_circuit_decorator to 2026-05-16 00:00:00+00:00, run_after=2026-05-17 00:00:00+00:00
[2026-05-17T04:12:21.941+0000] {processor.py:183} INFO - Processing /home/airflow/.local/lib/python3.8/site-packages/airflow/example_dags/example_short_circuit_decorator.py took 0.138 seconds
[2026-05-17T04:12:52.470+0000] {processor.py:161} INFO - Started process (PID=6946) to work on /home/airflow/.local/lib/python3.8/site-packages/airflow/example_dags/example_short_circuit_decorator.py
[2026-05-17T04:12:52.472+0000] {processor.py:830} INFO - Processing file /home/airflow/.local/lib/python3.8/site-packages/airflow/example_dags/example_short_circuit_decorator.py for tasks to queue
[2026-05-17T04:12:52.475+0000] {logging_mixin.py:188} INFO - [2026-05-17T04:12:52.474+0000] {dagbag.py:538} INFO - Filling up the DagBag from /home/airflow/.local/lib/python3.8/site-packages/airflow/example_dags/example_short_circuit_decorator.py
[2026-05-17T04:12:52.489+0000] {processor.py:840} INFO - DAG(s) 'example_short_circuit_decorator' retrieved from /home/airflow/.local/lib/python3.8/site-packages/airflow/example_dags/example_short_circuit_decorator.py
[2026-05-17T04:12:52.534+0000] {logging_mixin.py:188} INFO - [2026-05-17T04:12:52.533+0000] {dag.py:3036} INFO - Sync 1 DAGs
[2026-05-17T04:12:52.574+0000] {logging_mixin.py:188} INFO - [2026-05-17T04:12:52.573+0000] {dag.py:3823} INFO - Setting next_dagrun for example_short_circuit_decorator to 2026-05-16 00:00:00+00:00, run_after=2026-05-17 00:00:00+00:00
[2026-05-17T04:12:52.605+0000] {processor.py:183} INFO - Processing /home/airflow/.local/lib/python3.8/site-packages/airflow/example_dags/example_short_circuit_decorator.py took 0.140 seconds
[2026-05-17T04:13:23.056+0000] {processor.py:161} INFO - Started process (PID=7020) to work on /home/airflow/.local/lib/python3.8/site-packages/airflow/example_dags/example_short_circuit_decorator.py
[2026-05-17T04:13:23.058+0000] {processor.py:830} INFO - Processing file /home/airflow/.local/lib/python3.8/site-packages/airflow/example_dags/example_short_circuit_decorator.py for tasks to queue
[2026-05-17T04:13:23.061+0000] {logging_mixin.py:188} INFO - [2026-05-17T04:13:23.061+0000] {dagbag.py:538} INFO - Filling up the DagBag from /home/airflow/.local/lib/python3.8/site-packages/airflow/example_dags/example_short_circuit_decorator.py
[2026-05-17T04:13:23.079+0000] {processor.py:840} INFO - DAG(s) 'example_short_circuit_decorator' retrieved from /home/airflow/.local/lib/python3.8/site-packages/airflow/example_dags/example_short_circuit_decorator.py
[2026-05-17T04:13:23.132+0000] {logging_mixin.py:188} INFO - [2026-05-17T04:13:23.132+0000] {dag.py:3036} INFO - Sync 1 DAGs
[2026-05-17T04:13:23.177+0000] {logging_mixin.py:188} INFO - [2026-05-17T04:13:23.176+0000] {dag.py:3823} INFO - Setting next_dagrun for example_short_circuit_decorator to 2026-05-16 00:00:00+00:00, run_after=2026-05-17 00:00:00+00:00
[2026-05-17T04:13:23.214+0000] {processor.py:183} INFO - Processing /home/airflow/.local/lib/python3.8/site-packages/airflow/example_dags/example_short_circuit_decorator.py took 0.162 seconds
[2026-05-17T04:13:53.536+0000] {processor.py:161} INFO - Started process (PID=7086) to work on /home/airflow/.local/lib/python3.8/site-packages/airflow/example_dags/example_short_circuit_decorator.py
[2026-05-17T04:13:53.538+0000] {processor.py:830} INFO - Processing file /home/airflow/.local/lib/python3.8/site-packages/airflow/example_dags/example_short_circuit_decorator.py for tasks to queue
[2026-05-17T04:13:53.540+0000] {logging_mixin.py:188} INFO - [2026-05-17T04:13:53.540+0000] {dagbag.py:538} INFO - Filling up the DagBag from /home/airflow/.local/lib/python3.8/site-packages/airflow/example_dags/example_short_circuit_decorator.py
[2026-05-17T04:13:53.557+0000] {processor.py:840} INFO - DAG(s) 'example_short_circuit_decorator' retrieved from /home/airflow/.local/lib/python3.8/site-packages/airflow/example_dags/example_short_circuit_decorator.py
[2026-05-17T04:13:53.604+0000] {logging_mixin.py:188} INFO - [2026-05-17T04:13:53.603+0000] {dag.py:3036} INFO - Sync 1 DAGs
[2026-05-17T04:13:53.648+0000] {logging_mixin.py:188} INFO - [2026-05-17T04:13:53.647+0000] {dag.py:3823} INFO - Setting next_dagrun for example_short_circuit_decorator to 2026-05-16 00:00:00+00:00, run_after=2026-05-17 00:00:00+00:00
[2026-05-17T04:13:53.696+0000] {processor.py:183} INFO - Processing /home/airflow/.local/lib/python3.8/site-packages/airflow/example_dags/example_short_circuit_decorator.py took 0.165 seconds
[2026-05-17T04:14:23.951+0000] {processor.py:161} INFO - Started process (PID=7153) to work on /home/airflow/.local/lib/python3.8/site-packages/airflow/example_dags/example_short_circuit_decorator.py
[2026-05-17T04:14:23.953+0000] {processor.py:830} INFO - Processing file /home/airflow/.local/lib/python3.8/site-packages/airflow/example_dags/example_short_circuit_decorator.py for tasks to queue
[2026-05-17T04:14:23.956+0000] {logging_mixin.py:188} INFO - [2026-05-17T04:14:23.955+0000] {dagbag.py:538} INFO - Filling up the DagBag from /home/airflow/.local/lib/python3.8/site-packages/airflow/example_dags/example_short_circuit_decorator.py
[2026-05-17T04:14:24.012+0000] {processor.py:840} INFO - DAG(s) 'example_short_circuit_decorator' retrieved from /home/airflow/.local/lib/python3.8/site-packages/airflow/example_dags/example_short_circuit_decorator.py
[2026-05-17T04:14:24.113+0000] {logging_mixin.py:188} INFO - [2026-05-17T04:14:24.113+0000] {dag.py:3036} INFO - Sync 1 DAGs
[2026-05-17T04:14:24.172+0000] {logging_mixin.py:188} INFO - [2026-05-17T04:14:24.172+0000] {dag.py:3823} INFO - Setting next_dagrun for example_short_circuit_decorator to 2026-05-16 00:00:00+00:00, run_after=2026-05-17 00:00:00+00:00
[2026-05-17T04:14:24.204+0000] {processor.py:183} INFO - Processing /home/airflow/.local/lib/python3.8/site-packages/airflow/example_dags/example_short_circuit_decorator.py took 0.259 seconds
[2026-05-17T04:14:54.412+0000] {processor.py:161} INFO - Started process (PID=7220) to work on /home/airflow/.local/lib/python3.8/site-packages/airflow/example_dags/example_short_circuit_decorator.py
[2026-05-17T04:14:54.414+0000] {processor.py:830} INFO - Processing file /home/airflow/.local/lib/python3.8/site-packages/airflow/example_dags/example_short_circuit_decorator.py for tasks to queue
[2026-05-17T04:14:54.418+0000] {logging_mixin.py:188} INFO - [2026-05-17T04:14:54.417+0000] {dagbag.py:538} INFO - Filling up the DagBag from /home/airflow/.local/lib/python3.8/site-packages/airflow/example_dags/example_short_circuit_decorator.py
[2026-05-17T04:14:54.437+0000] {processor.py:840} INFO - DAG(s) 'example_short_circuit_decorator' retrieved from /home/airflow/.local/lib/python3.8/site-packages/airflow/example_dags/example_short_circuit_decorator.py
[2026-05-17T04:14:54.488+0000] {logging_mixin.py:188} INFO - [2026-05-17T04:14:54.488+0000] {dag.py:3036} INFO - Sync 1 DAGs
[2026-05-17T04:14:54.534+0000] {logging_mixin.py:188} INFO - [2026-05-17T04:14:54.533+0000] {dag.py:3823} INFO - Setting next_dagrun for example_short_circuit_decorator to 2026-05-16 00:00:00+00:00, run_after=2026-05-17 00:00:00+00:00
[2026-05-17T04:14:54.570+0000] {processor.py:183} INFO - Processing /home/airflow/.local/lib/python3.8/site-packages/airflow/example_dags/example_short_circuit_decorator.py took 0.164 seconds
[2026-05-17T04:15:25.091+0000] {processor.py:161} INFO - Started process (PID=7286) to work on /home/airflow/.local/lib/python3.8/site-packages/airflow/example_dags/example_short_circuit_decorator.py
[2026-05-17T04:15:25.092+0000] {processor.py:830} INFO - Processing file /home/airflow/.local/lib/python3.8/site-packages/airflow/example_dags/example_short_circuit_decorator.py for tasks to queue
[2026-05-17T04:15:25.095+0000] {logging_mixin.py:188} INFO - [2026-05-17T04:15:25.094+0000] {dagbag.py:538} INFO - Filling up the DagBag from /home/airflow/.local/lib/python3.8/site-packages/airflow/example_dags/example_short_circuit_decorator.py
[2026-05-17T04:15:25.109+0000] {processor.py:840} INFO - DAG(s) 'example_short_circuit_decorator' retrieved from /home/airflow/.local/lib/python3.8/site-packages/airflow/example_dags/example_short_circuit_decorator.py
[2026-05-17T04:15:25.159+0000] {logging_mixin.py:188} INFO - [2026-05-17T04:15:25.158+0000] {dag.py:3036} INFO - Sync 1 DAGs
[2026-05-17T04:15:25.200+0000] {logging_mixin.py:188} INFO - [2026-05-17T04:15:25.200+0000] {dag.py:3823} INFO - Setting next_dagrun for example_short_circuit_decorator to 2026-05-16 00:00:00+00:00, run_after=2026-05-17 00:00:00+00:00
[2026-05-17T04:15:25.234+0000] {processor.py:183} INFO - Processing /home/airflow/.local/lib/python3.8/site-packages/airflow/example_dags/example_short_circuit_decorator.py took 0.149 seconds
[2026-05-17T04:15:55.921+0000] {processor.py:161} INFO - Started process (PID=7353) to work on /home/airflow/.local/lib/python3.8/site-packages/airflow/example_dags/example_short_circuit_decorator.py
[2026-05-17T04:15:55.923+0000] {processor.py:830} INFO - Processing file /home/airflow/.local/lib/python3.8/site-packages/airflow/example_dags/example_short_circuit_decorator.py for tasks to queue
[2026-05-17T04:15:55.925+0000] {logging_mixin.py:188} INFO - [2026-05-17T04:15:55.925+0000] {dagbag.py:538} INFO - Filling up the DagBag from /home/airflow/.local/lib/python3.8/site-packages/airflow/example_dags/example_short_circuit_decorator.py
[2026-05-17T04:15:55.940+0000] {processor.py:840} INFO - DAG(s) 'example_short_circuit_decorator' retrieved from /home/airflow/.local/lib/python3.8/site-packages/airflow/example_dags/example_short_circuit_decorator.py
[2026-05-17T04:15:55.984+0000] {logging_mixin.py:188} INFO - [2026-05-17T04:15:55.983+0000] {dag.py:3036} INFO - Sync 1 DAGs
[2026-05-17T04:15:56.023+0000] {logging_mixin.py:188} INFO - [2026-05-17T04:15:56.023+0000] {dag.py:3823} INFO - Setting next_dagrun for example_short_circuit_decorator to 2026-05-16 00:00:00+00:00, run_after=2026-05-17 00:00:00+00:00
[2026-05-17T04:15:56.054+0000] {processor.py:183} INFO - Processing /home/airflow/.local/lib/python3.8/site-packages/airflow/example_dags/example_short_circuit_decorator.py took 0.139 seconds
[2026-05-17T04:16:26.346+0000] {processor.py:161} INFO - Started process (PID=7419) to work on /home/airflow/.local/lib/python3.8/site-packages/airflow/example_dags/example_short_circuit_decorator.py
[2026-05-17T04:16:26.347+0000] {processor.py:830} INFO - Processing file /home/airflow/.local/lib/python3.8/site-packages/airflow/example_dags/example_short_circuit_decorator.py for tasks to queue
[2026-05-17T04:16:26.350+0000] {logging_mixin.py:188} INFO - [2026-05-17T04:16:26.350+0000] {dagbag.py:538} INFO - Filling up the DagBag from /home/airflow/.local/lib/python3.8/site-packages/airflow/example_dags/example_short_circuit_decorator.py
[2026-05-17T04:16:26.367+0000] {processor.py:840} INFO - DAG(s) 'example_short_circuit_decorator' retrieved from /home/airflow/.local/lib/python3.8/site-packages/airflow/example_dags/example_short_circuit_decorator.py
[2026-05-17T04:16:26.413+0000] {logging_mixin.py:188} INFO - [2026-05-17T04:16:26.412+0000] {dag.py:3036} INFO - Sync 1 DAGs
[2026-05-17T04:16:26.452+0000] {logging_mixin.py:188} INFO - [2026-05-17T04:16:26.452+0000] {dag.py:3823} INFO - Setting next_dagrun for example_short_circuit_decorator to 2026-05-16 00:00:00+00:00, run_after=2026-05-17 00:00:00+00:00
[2026-05-17T04:16:26.486+0000] {processor.py:183} INFO - Processing /home/airflow/.local/lib/python3.8/site-packages/airflow/example_dags/example_short_circuit_decorator.py took 0.144 seconds
[2026-05-17T04:16:56.655+0000] {processor.py:161} INFO - Started process (PID=7485) to work on /home/airflow/.local/lib/python3.8/site-packages/airflow/example_dags/example_short_circuit_decorator.py
[2026-05-17T04:16:56.657+0000] {processor.py:830} INFO - Processing file /home/airflow/.local/lib/python3.8/site-packages/airflow/example_dags/example_short_circuit_decorator.py for tasks to queue
[2026-05-17T04:16:56.660+0000] {logging_mixin.py:188} INFO - [2026-05-17T04:16:56.659+0000] {dagbag.py:538} INFO - Filling up the DagBag from /home/airflow/.local/lib/python3.8/site-packages/airflow/example_dags/example_short_circuit_decorator.py
[2026-05-17T04:16:56.675+0000] {processor.py:840} INFO - DAG(s) 'example_short_circuit_decorator' retrieved from /home/airflow/.local/lib/python3.8/site-packages/airflow/example_dags/example_short_circuit_decorator.py
[2026-05-17T04:16:56.720+0000] {logging_mixin.py:188} INFO - [2026-05-17T04:16:56.719+0000] {dag.py:3036} INFO - Sync 1 DAGs
[2026-05-17T04:16:56.753+0000] {logging_mixin.py:188} INFO - [2026-05-17T04:16:56.753+0000] {dag.py:3823} INFO - Setting next_dagrun for example_short_circuit_decorator to 2026-05-16 00:00:00+00:00, run_after=2026-05-17 00:00:00+00:00
[2026-05-17T04:16:56.783+0000] {processor.py:183} INFO - Processing /home/airflow/.local/lib/python3.8/site-packages/airflow/example_dags/example_short_circuit_decorator.py took 0.133 seconds
[2026-05-17T04:17:27.040+0000] {processor.py:161} INFO - Started process (PID=7549) to work on /home/airflow/.local/lib/python3.8/site-packages/airflow/example_dags/example_short_circuit_decorator.py
[2026-05-17T04:17:27.042+0000] {processor.py:830} INFO - Processing file /home/airflow/.local/lib/python3.8/site-packages/airflow/example_dags/example_short_circuit_decorator.py for tasks to queue
[2026-05-17T04:17:27.044+0000] {logging_mixin.py:188} INFO - [2026-05-17T04:17:27.044+0000] {dagbag.py:538} INFO - Filling up the DagBag from /home/airflow/.local/lib/python3.8/site-packages/airflow/example_dags/example_short_circuit_decorator.py
[2026-05-17T04:17:27.061+0000] {processor.py:840} INFO - DAG(s) 'example_short_circuit_decorator' retrieved from /home/airflow/.local/lib/python3.8/site-packages/airflow/example_dags/example_short_circuit_decorator.py
[2026-05-17T04:17:27.103+0000] {logging_mixin.py:188} INFO - [2026-05-17T04:17:27.102+0000] {dag.py:3036} INFO - Sync 1 DAGs
[2026-05-17T04:17:27.147+0000] {logging_mixin.py:188} INFO - [2026-05-17T04:17:27.146+0000] {dag.py:3823} INFO - Setting next_dagrun for example_short_circuit_decorator to 2026-05-16 00:00:00+00:00, run_after=2026-05-17 00:00:00+00:00
[2026-05-17T04:17:27.178+0000] {processor.py:183} INFO - Processing /home/airflow/.local/lib/python3.8/site-packages/airflow/example_dags/example_short_circuit_decorator.py took 0.143 seconds
[2026-05-17T04:17:57.301+0000] {processor.py:161} INFO - Started process (PID=7616) to work on /home/airflow/.local/lib/python3.8/site-packages/airflow/example_dags/example_short_circuit_decorator.py
[2026-05-17T04:17:57.303+0000] {processor.py:830} INFO - Processing file /home/airflow/.local/lib/python3.8/site-packages/airflow/example_dags/example_short_circuit_decorator.py for tasks to queue
[2026-05-17T04:17:57.305+0000] {logging_mixin.py:188} INFO - [2026-05-17T04:17:57.305+0000] {dagbag.py:538} INFO - Filling up the DagBag from /home/airflow/.local/lib/python3.8/site-packages/airflow/example_dags/example_short_circuit_decorator.py
[2026-05-17T04:17:57.321+0000] {processor.py:840} INFO - DAG(s) 'example_short_circuit_decorator' retrieved from /home/airflow/.local/lib/python3.8/site-packages/airflow/example_dags/example_short_circuit_decorator.py
[2026-05-17T04:17:57.362+0000] {logging_mixin.py:188} INFO - [2026-05-17T04:17:57.362+0000] {dag.py:3036} INFO - Sync 1 DAGs
[2026-05-17T04:17:57.403+0000] {logging_mixin.py:188} INFO - [2026-05-17T04:17:57.402+0000] {dag.py:3823} INFO - Setting next_dagrun for example_short_circuit_decorator to 2026-05-16 00:00:00+00:00, run_after=2026-05-17 00:00:00+00:00
[2026-05-17T04:17:57.437+0000] {processor.py:183} INFO - Processing /home/airflow/.local/lib/python3.8/site-packages/airflow/example_dags/example_short_circuit_decorator.py took 0.141 seconds
[2026-05-17T04:18:27.555+0000] {processor.py:161} INFO - Started process (PID=7683) to work on /home/airflow/.local/lib/python3.8/site-packages/airflow/example_dags/example_short_circuit_decorator.py
[2026-05-17T04:18:27.556+0000] {processor.py:830} INFO - Processing file /home/airflow/.local/lib/python3.8/site-packages/airflow/example_dags/example_short_circuit_decorator.py for tasks to queue
[2026-05-17T04:18:27.559+0000] {logging_mixin.py:188} INFO - [2026-05-17T04:18:27.558+0000] {dagbag.py:538} INFO - Filling up the DagBag from /home/airflow/.local/lib/python3.8/site-packages/airflow/example_dags/example_short_circuit_decorator.py
[2026-05-17T04:18:27.576+0000] {processor.py:840} INFO - DAG(s) 'example_short_circuit_decorator' retrieved from /home/airflow/.local/lib/python3.8/site-packages/airflow/example_dags/example_short_circuit_decorator.py
[2026-05-17T04:18:27.621+0000] {logging_mixin.py:188} INFO - [2026-05-17T04:18:27.620+0000] {dag.py:3036} INFO - Sync 1 DAGs
[2026-05-17T04:18:27.663+0000] {logging_mixin.py:188} INFO - [2026-05-17T04:18:27.662+0000] {dag.py:3823} INFO - Setting next_dagrun for example_short_circuit_decorator to 2026-05-16 00:00:00+00:00, run_after=2026-05-17 00:00:00+00:00
[2026-05-17T04:18:27.696+0000] {processor.py:183} INFO - Processing /home/airflow/.local/lib/python3.8/site-packages/airflow/example_dags/example_short_circuit_decorator.py took 0.147 seconds
[2026-05-17T04:18:57.957+0000] {processor.py:161} INFO - Started process (PID=7749) to work on /home/airflow/.local/lib/python3.8/site-packages/airflow/example_dags/example_short_circuit_decorator.py
[2026-05-17T04:18:57.959+0000] {processor.py:830} INFO - Processing file /home/airflow/.local/lib/python3.8/site-packages/airflow/example_dags/example_short_circuit_decorator.py for tasks to queue
[2026-05-17T04:18:57.967+0000] {logging_mixin.py:188} INFO - [2026-05-17T04:18:57.966+0000] {dagbag.py:538} INFO - Filling up the DagBag from /home/airflow/.local/lib/python3.8/site-packages/airflow/example_dags/example_short_circuit_decorator.py
[2026-05-17T04:18:57.985+0000] {processor.py:840} INFO - DAG(s) 'example_short_circuit_decorator' retrieved from /home/airflow/.local/lib/python3.8/site-packages/airflow/example_dags/example_short_circuit_decorator.py
[2026-05-17T04:18:58.028+0000] {logging_mixin.py:188} INFO - [2026-05-17T04:18:58.028+0000] {dag.py:3036} INFO - Sync 1 DAGs
[2026-05-17T04:18:58.067+0000] {logging_mixin.py:188} INFO - [2026-05-17T04:18:58.067+0000] {dag.py:3823} INFO - Setting next_dagrun for example_short_circuit_decorator to 2026-05-16 00:00:00+00:00, run_after=2026-05-17 00:00:00+00:00
[2026-05-17T04:18:58.102+0000] {processor.py:183} INFO - Processing /home/airflow/.local/lib/python3.8/site-packages/airflow/example_dags/example_short_circuit_decorator.py took 0.154 seconds
[2026-05-17T04:19:28.270+0000] {processor.py:161} INFO - Started process (PID=7814) to work on /home/airflow/.local/lib/python3.8/site-packages/airflow/example_dags/example_short_circuit_decorator.py
[2026-05-17T04:19:28.272+0000] {processor.py:830} INFO - Processing file /home/airflow/.local/lib/python3.8/site-packages/airflow/example_dags/example_short_circuit_decorator.py for tasks to queue
[2026-05-17T04:19:28.275+0000] {logging_mixin.py:188} INFO - [2026-05-17T04:19:28.275+0000] {dagbag.py:538} INFO - Filling up the DagBag from /home/airflow/.local/lib/python3.8/site-packages/airflow/example_dags/example_short_circuit_decorator.py
[2026-05-17T04:19:28.300+0000] {processor.py:840} INFO - DAG(s) 'example_short_circuit_decorator' retrieved from /home/airflow/.local/lib/python3.8/site-packages/airflow/example_dags/example_short_circuit_decorator.py
[2026-05-17T04:19:28.350+0000] {logging_mixin.py:188} INFO - [2026-05-17T04:19:28.350+0000] {dag.py:3036} INFO - Sync 1 DAGs
[2026-05-17T04:19:28.412+0000] {logging_mixin.py:188} INFO - [2026-05-17T04:19:28.412+0000] {dag.py:3823} INFO - Setting next_dagrun for example_short_circuit_decorator to 2026-05-16 00:00:00+00:00, run_after=2026-05-17 00:00:00+00:00
[2026-05-17T04:19:28.469+0000] {processor.py:183} INFO - Processing /home/airflow/.local/lib/python3.8/site-packages/airflow/example_dags/example_short_circuit_decorator.py took 0.206 seconds
[2026-05-17T04:19:58.659+0000] {processor.py:161} INFO - Started process (PID=7889) to work on /home/airflow/.local/lib/python3.8/site-packages/airflow/example_dags/example_short_circuit_decorator.py
[2026-05-17T04:19:58.660+0000] {processor.py:830} INFO - Processing file /home/airflow/.local/lib/python3.8/site-packages/airflow/example_dags/example_short_circuit_decorator.py for tasks to queue
[2026-05-17T04:19:58.663+0000] {logging_mixin.py:188} INFO - [2026-05-17T04:19:58.663+0000] {dagbag.py:538} INFO - Filling up the DagBag from /home/airflow/.local/lib/python3.8/site-packages/airflow/example_dags/example_short_circuit_decorator.py
[2026-05-17T04:19:58.682+0000] {processor.py:840} INFO - DAG(s) 'example_short_circuit_decorator' retrieved from /home/airflow/.local/lib/python3.8/site-packages/airflow/example_dags/example_short_circuit_decorator.py
[2026-05-17T04:19:58.758+0000] {logging_mixin.py:188} INFO - [2026-05-17T04:19:58.757+0000] {dag.py:3036} INFO - Sync 1 DAGs
[2026-05-17T04:19:58.803+0000] {logging_mixin.py:188} INFO - [2026-05-17T04:19:58.803+0000] {dag.py:3823} INFO - Setting next_dagrun for example_short_circuit_decorator to 2026-05-16 00:00:00+00:00, run_after=2026-05-17 00:00:00+00:00
[2026-05-17T04:19:58.836+0000] {processor.py:183} INFO - Processing /home/airflow/.local/lib/python3.8/site-packages/airflow/example_dags/example_short_circuit_decorator.py took 0.182 seconds
[2026-05-17T04:20:29.180+0000] {processor.py:161} INFO - Started process (PID=7955) to work on /home/airflow/.local/lib/python3.8/site-packages/airflow/example_dags/example_short_circuit_decorator.py
[2026-05-17T04:20:29.182+0000] {processor.py:830} INFO - Processing file /home/airflow/.local/lib/python3.8/site-packages/airflow/example_dags/example_short_circuit_decorator.py for tasks to queue
[2026-05-17T04:20:29.185+0000] {logging_mixin.py:188} INFO - [2026-05-17T04:20:29.185+0000] {dagbag.py:538} INFO - Filling up the DagBag from /home/airflow/.local/lib/python3.8/site-packages/airflow/example_dags/example_short_circuit_decorator.py
[2026-05-17T04:20:29.204+0000] {processor.py:840} INFO - DAG(s) 'example_short_circuit_decorator' retrieved from /home/airflow/.local/lib/python3.8/site-packages/airflow/example_dags/example_short_circuit_decorator.py
[2026-05-17T04:20:29.255+0000] {logging_mixin.py:188} INFO - [2026-05-17T04:20:29.254+0000] {dag.py:3036} INFO - Sync 1 DAGs
[2026-05-17T04:20:29.296+0000] {logging_mixin.py:188} INFO - [2026-05-17T04:20:29.296+0000] {dag.py:3823} INFO - Setting next_dagrun for example_short_circuit_decorator to 2026-05-16 00:00:00+00:00, run_after=2026-05-17 00:00:00+00:00
[2026-05-17T04:20:29.327+0000] {processor.py:183} INFO - Processing /home/airflow/.local/lib/python3.8/site-packages/airflow/example_dags/example_short_circuit_decorator.py took 0.153 seconds
[2026-05-17T04:21:00.134+0000] {processor.py:161} INFO - Started process (PID=8021) to work on /home/airflow/.local/lib/python3.8/site-packages/airflow/example_dags/example_short_circuit_decorator.py
[2026-05-17T04:21:00.136+0000] {processor.py:830} INFO - Processing file /home/airflow/.local/lib/python3.8/site-packages/airflow/example_dags/example_short_circuit_decorator.py for tasks to queue
[2026-05-17T04:21:00.140+0000] {logging_mixin.py:188} INFO - [2026-05-17T04:21:00.139+0000] {dagbag.py:538} INFO - Filling up the DagBag from /home/airflow/.local/lib/python3.8/site-packages/airflow/example_dags/example_short_circuit_decorator.py
[2026-05-17T04:21:00.161+0000] {processor.py:840} INFO - DAG(s) 'example_short_circuit_decorator' retrieved from /home/airflow/.local/lib/python3.8/site-packages/airflow/example_dags/example_short_circuit_decorator.py
[2026-05-17T04:21:00.249+0000] {logging_mixin.py:188} INFO - [2026-05-17T04:21:00.249+0000] {dag.py:3036} INFO - Sync 1 DAGs
[2026-05-17T04:21:00.305+0000] {logging_mixin.py:188} INFO - [2026-05-17T04:21:00.305+0000] {dag.py:3823} INFO - Setting next_dagrun for example_short_circuit_decorator to 2026-05-16 00:00:00+00:00, run_after=2026-05-17 00:00:00+00:00
[2026-05-17T04:21:00.349+0000] {processor.py:183} INFO - Processing /home/airflow/.local/lib/python3.8/site-packages/airflow/example_dags/example_short_circuit_decorator.py took 0.221 seconds
[2026-05-17T04:21:30.498+0000] {processor.py:161} INFO - Started process (PID=8088) to work on /home/airflow/.local/lib/python3.8/site-packages/airflow/example_dags/example_short_circuit_decorator.py
[2026-05-17T04:21:30.500+0000] {processor.py:830} INFO - Processing file /home/airflow/.local/lib/python3.8/site-packages/airflow/example_dags/example_short_circuit_decorator.py for tasks to queue
[2026-05-17T04:21:30.502+0000] {logging_mixin.py:188} INFO - [2026-05-17T04:21:30.502+0000] {dagbag.py:538} INFO - Filling up the DagBag from /home/airflow/.local/lib/python3.8/site-packages/airflow/example_dags/example_short_circuit_decorator.py
[2026-05-17T04:21:30.517+0000] {processor.py:840} INFO - DAG(s) 'example_short_circuit_decorator' retrieved from /home/airflow/.local/lib/python3.8/site-packages/airflow/example_dags/example_short_circuit_decorator.py
[2026-05-17T04:21:30.557+0000] {logging_mixin.py:188} INFO - [2026-05-17T04:21:30.556+0000] {dag.py:3036} INFO - Sync 1 DAGs
[2026-05-17T04:21:30.591+0000] {logging_mixin.py:188} INFO - [2026-05-17T04:21:30.590+0000] {dag.py:3823} INFO - Setting next_dagrun for example_short_circuit_decorator to 2026-05-16 00:00:00+00:00, run_after=2026-05-17 00:00:00+00:00
[2026-05-17T04:21:30.619+0000] {processor.py:183} INFO - Processing /home/airflow/.local/lib/python3.8/site-packages/airflow/example_dags/example_short_circuit_decorator.py took 0.125 seconds
[2026-05-17T04:22:00.854+0000] {processor.py:161} INFO - Started process (PID=8154) to work on /home/airflow/.local/lib/python3.8/site-packages/airflow/example_dags/example_short_circuit_decorator.py
[2026-05-17T04:22:00.855+0000] {processor.py:830} INFO - Processing file /home/airflow/.local/lib/python3.8/site-packages/airflow/example_dags/example_short_circuit_decorator.py for tasks to queue
[2026-05-17T04:22:00.858+0000] {logging_mixin.py:188} INFO - [2026-05-17T04:22:00.858+0000] {dagbag.py:538} INFO - Filling up the DagBag from /home/airflow/.local/lib/python3.8/site-packages/airflow/example_dags/example_short_circuit_decorator.py
[2026-05-17T04:22:00.878+0000] {processor.py:840} INFO - DAG(s) 'example_short_circuit_decorator' retrieved from /home/airflow/.local/lib/python3.8/site-packages/airflow/example_dags/example_short_circuit_decorator.py
[2026-05-17T04:22:00.930+0000] {logging_mixin.py:188} INFO - [2026-05-17T04:22:00.930+0000] {dag.py:3036} INFO - Sync 1 DAGs
[2026-05-17T04:22:00.974+0000] {logging_mixin.py:188} INFO - [2026-05-17T04:22:00.974+0000] {dag.py:3823} INFO - Setting next_dagrun for example_short_circuit_decorator to 2026-05-16 00:00:00+00:00, run_after=2026-05-17 00:00:00+00:00
[2026-05-17T04:22:01.007+0000] {processor.py:183} INFO - Processing /home/airflow/.local/lib/python3.8/site-packages/airflow/example_dags/example_short_circuit_decorator.py took 0.159 seconds
[2026-05-17T04:22:31.159+0000] {processor.py:161} INFO - Started process (PID=8219) to work on /home/airflow/.local/lib/python3.8/site-packages/airflow/example_dags/example_short_circuit_decorator.py
[2026-05-17T04:22:31.162+0000] {processor.py:830} INFO - Processing file /home/airflow/.local/lib/python3.8/site-packages/airflow/example_dags/example_short_circuit_decorator.py for tasks to queue
[2026-05-17T04:22:31.165+0000] {logging_mixin.py:188} INFO - [2026-05-17T04:22:31.164+0000] {dagbag.py:538} INFO - Filling up the DagBag from /home/airflow/.local/lib/python3.8/site-packages/airflow/example_dags/example_short_circuit_decorator.py
[2026-05-17T04:22:31.180+0000] {processor.py:840} INFO - DAG(s) 'example_short_circuit_decorator' retrieved from /home/airflow/.local/lib/python3.8/site-packages/airflow/example_dags/example_short_circuit_decorator.py
[2026-05-17T04:22:31.221+0000] {logging_mixin.py:188} INFO - [2026-05-17T04:22:31.221+0000] {dag.py:3036} INFO - Sync 1 DAGs
[2026-05-17T04:22:31.261+0000] {logging_mixin.py:188} INFO - [2026-05-17T04:22:31.261+0000] {dag.py:3823} INFO - Setting next_dagrun for example_short_circuit_decorator to 2026-05-16 00:00:00+00:00, run_after=2026-05-17 00:00:00+00:00
[2026-05-17T04:22:31.294+0000] {processor.py:183} INFO - Processing /home/airflow/.local/lib/python3.8/site-packages/airflow/example_dags/example_short_circuit_decorator.py took 0.140 seconds
[2026-05-17T04:23:01.836+0000] {processor.py:161} INFO - Started process (PID=8284) to work on /home/airflow/.local/lib/python3.8/site-packages/airflow/example_dags/example_short_circuit_decorator.py
[2026-05-17T04:23:01.839+0000] {processor.py:830} INFO - Processing file /home/airflow/.local/lib/python3.8/site-packages/airflow/example_dags/example_short_circuit_decorator.py for tasks to queue
[2026-05-17T04:23:01.842+0000] {logging_mixin.py:188} INFO - [2026-05-17T04:23:01.841+0000] {dagbag.py:538} INFO - Filling up the DagBag from /home/airflow/.local/lib/python3.8/site-packages/airflow/example_dags/example_short_circuit_decorator.py
[2026-05-17T04:23:01.860+0000] {processor.py:840} INFO - DAG(s) 'example_short_circuit_decorator' retrieved from /home/airflow/.local/lib/python3.8/site-packages/airflow/example_dags/example_short_circuit_decorator.py
[2026-05-17T04:23:01.914+0000] {logging_mixin.py:188} INFO - [2026-05-17T04:23:01.914+0000] {dag.py:3036} INFO - Sync 1 DAGs
[2026-05-17T04:23:01.959+0000] {logging_mixin.py:188} INFO - [2026-05-17T04:23:01.958+0000] {dag.py:3823} INFO - Setting next_dagrun for example_short_circuit_decorator to 2026-05-16 00:00:00+00:00, run_after=2026-05-17 00:00:00+00:00
[2026-05-17T04:23:02.002+0000] {processor.py:183} INFO - Processing /home/airflow/.local/lib/python3.8/site-packages/airflow/example_dags/example_short_circuit_decorator.py took 0.171 seconds
[2026-05-17T04:23:32.190+0000] {processor.py:161} INFO - Started process (PID=8351) to work on /home/airflow/.local/lib/python3.8/site-packages/airflow/example_dags/example_short_circuit_decorator.py
[2026-05-17T04:23:32.192+0000] {processor.py:830} INFO - Processing file /home/airflow/.local/lib/python3.8/site-packages/airflow/example_dags/example_short_circuit_decorator.py for tasks to queue
[2026-05-17T04:23:32.195+0000] {logging_mixin.py:188} INFO - [2026-05-17T04:23:32.194+0000] {dagbag.py:538} INFO - Filling up the DagBag from /home/airflow/.local/lib/python3.8/site-packages/airflow/example_dags/example_short_circuit_decorator.py
[2026-05-17T04:23:32.212+0000] {processor.py:840} INFO - DAG(s) 'example_short_circuit_decorator' retrieved from /home/airflow/.local/lib/python3.8/site-packages/airflow/example_dags/example_short_circuit_decorator.py
[2026-05-17T04:23:32.256+0000] {logging_mixin.py:188} INFO - [2026-05-17T04:23:32.255+0000] {dag.py:3036} INFO - Sync 1 DAGs
[2026-05-17T04:23:32.292+0000] {logging_mixin.py:188} INFO - [2026-05-17T04:23:32.292+0000] {dag.py:3823} INFO - Setting next_dagrun for example_short_circuit_decorator to 2026-05-16 00:00:00+00:00, run_after=2026-05-17 00:00:00+00:00
[2026-05-17T04:23:32.322+0000] {processor.py:183} INFO - Processing /home/airflow/.local/lib/python3.8/site-packages/airflow/example_dags/example_short_circuit_decorator.py took 0.138 seconds
[2026-05-17T04:24:02.699+0000] {processor.py:161} INFO - Started process (PID=8416) to work on /home/airflow/.local/lib/python3.8/site-packages/airflow/example_dags/example_short_circuit_decorator.py
[2026-05-17T04:24:02.700+0000] {processor.py:830} INFO - Processing file /home/airflow/.local/lib/python3.8/site-packages/airflow/example_dags/example_short_circuit_decorator.py for tasks to queue
[2026-05-17T04:24:02.703+0000] {logging_mixin.py:188} INFO - [2026-05-17T04:24:02.703+0000] {dagbag.py:538} INFO - Filling up the DagBag from /home/airflow/.local/lib/python3.8/site-packages/airflow/example_dags/example_short_circuit_decorator.py
[2026-05-17T04:24:02.719+0000] {processor.py:840} INFO - DAG(s) 'example_short_circuit_decorator' retrieved from /home/airflow/.local/lib/python3.8/site-packages/airflow/example_dags/example_short_circuit_decorator.py
[2026-05-17T04:24:02.768+0000] {logging_mixin.py:188} INFO - [2026-05-17T04:24:02.768+0000] {dag.py:3036} INFO - Sync 1 DAGs
[2026-05-17T04:24:02.814+0000] {logging_mixin.py:188} INFO - [2026-05-17T04:24:02.814+0000] {dag.py:3823} INFO - Setting next_dagrun for example_short_circuit_decorator to 2026-05-16 00:00:00+00:00, run_after=2026-05-17 00:00:00+00:00
[2026-05-17T04:24:02.848+0000] {processor.py:183} INFO - Processing /home/airflow/.local/lib/python3.8/site-packages/airflow/example_dags/example_short_circuit_decorator.py took 0.154 seconds
[2026-05-17T04:24:33.125+0000] {processor.py:161} INFO - Started process (PID=8481) to work on /home/airflow/.local/lib/python3.8/site-packages/airflow/example_dags/example_short_circuit_decorator.py
[2026-05-17T04:24:33.128+0000] {processor.py:830} INFO - Processing file /home/airflow/.local/lib/python3.8/site-packages/airflow/example_dags/example_short_circuit_decorator.py for tasks to queue
[2026-05-17T04:24:33.130+0000] {logging_mixin.py:188} INFO - [2026-05-17T04:24:33.130+0000] {dagbag.py:538} INFO - Filling up the DagBag from /home/airflow/.local/lib/python3.8/site-packages/airflow/example_dags/example_short_circuit_decorator.py
[2026-05-17T04:24:33.146+0000] {processor.py:840} INFO - DAG(s) 'example_short_circuit_decorator' retrieved from /home/airflow/.local/lib/python3.8/site-packages/airflow/example_dags/example_short_circuit_decorator.py
[2026-05-17T04:24:33.190+0000] {logging_mixin.py:188} INFO - [2026-05-17T04:24:33.189+0000] {dag.py:3036} INFO - Sync 1 DAGs
[2026-05-17T04:24:33.228+0000] {logging_mixin.py:188} INFO - [2026-05-17T04:24:33.228+0000] {dag.py:3823} INFO - Setting next_dagrun for example_short_circuit_decorator to 2026-05-16 00:00:00+00:00, run_after=2026-05-17 00:00:00+00:00
[2026-05-17T04:24:33.260+0000] {processor.py:183} INFO - Processing /home/airflow/.local/lib/python3.8/site-packages/airflow/example_dags/example_short_circuit_decorator.py took 0.140 seconds
[2026-05-17T04:25:03.866+0000] {processor.py:161} INFO - Started process (PID=8554) to work on /home/airflow/.local/lib/python3.8/site-packages/airflow/example_dags/example_short_circuit_decorator.py
[2026-05-17T04:25:03.868+0000] {processor.py:830} INFO - Processing file /home/airflow/.local/lib/python3.8/site-packages/airflow/example_dags/example_short_circuit_decorator.py for tasks to queue
[2026-05-17T04:25:03.871+0000] {logging_mixin.py:188} INFO - [2026-05-17T04:25:03.870+0000] {dagbag.py:538} INFO - Filling up the DagBag from /home/airflow/.local/lib/python3.8/site-packages/airflow/example_dags/example_short_circuit_decorator.py
[2026-05-17T04:25:03.889+0000] {processor.py:840} INFO - DAG(s) 'example_short_circuit_decorator' retrieved from /home/airflow/.local/lib/python3.8/site-packages/airflow/example_dags/example_short_circuit_decorator.py
[2026-05-17T04:25:03.944+0000] {logging_mixin.py:188} INFO - [2026-05-17T04:25:03.944+0000] {dag.py:3036} INFO - Sync 1 DAGs
[2026-05-17T04:25:03.992+0000] {logging_mixin.py:188} INFO - [2026-05-17T04:25:03.992+0000] {dag.py:3823} INFO - Setting next_dagrun for example_short_circuit_decorator to 2026-05-16 00:00:00+00:00, run_after=2026-05-17 00:00:00+00:00
[2026-05-17T04:25:04.031+0000] {processor.py:183} INFO - Processing /home/airflow/.local/lib/python3.8/site-packages/airflow/example_dags/example_short_circuit_decorator.py took 0.171 seconds
[2026-05-17T04:25:34.183+0000] {processor.py:161} INFO - Started process (PID=8620) to work on /home/airflow/.local/lib/python3.8/site-packages/airflow/example_dags/example_short_circuit_decorator.py
[2026-05-17T04:25:34.185+0000] {processor.py:830} INFO - Processing file /home/airflow/.local/lib/python3.8/site-packages/airflow/example_dags/example_short_circuit_decorator.py for tasks to queue
[2026-05-17T04:25:34.188+0000] {logging_mixin.py:188} INFO - [2026-05-17T04:25:34.188+0000] {dagbag.py:538} INFO - Filling up the DagBag from /home/airflow/.local/lib/python3.8/site-packages/airflow/example_dags/example_short_circuit_decorator.py
[2026-05-17T04:25:34.207+0000] {processor.py:840} INFO - DAG(s) 'example_short_circuit_decorator' retrieved from /home/airflow/.local/lib/python3.8/site-packages/airflow/example_dags/example_short_circuit_decorator.py
[2026-05-17T04:25:34.256+0000] {logging_mixin.py:188} INFO - [2026-05-17T04:25:34.255+0000] {dag.py:3036} INFO - Sync 1 DAGs
[2026-05-17T04:25:34.301+0000] {logging_mixin.py:188} INFO - [2026-05-17T04:25:34.300+0000] {dag.py:3823} INFO - Setting next_dagrun for example_short_circuit_decorator to 2026-05-16 00:00:00+00:00, run_after=2026-05-17 00:00:00+00:00
[2026-05-17T04:25:34.333+0000] {processor.py:183} INFO - Processing /home/airflow/.local/lib/python3.8/site-packages/airflow/example_dags/example_short_circuit_decorator.py took 0.155 seconds
[2026-05-17T04:26:05.111+0000] {processor.py:161} INFO - Started process (PID=8686) to work on /home/airflow/.local/lib/python3.8/site-packages/airflow/example_dags/example_short_circuit_decorator.py
[2026-05-17T04:26:05.113+0000] {processor.py:830} INFO - Processing file /home/airflow/.local/lib/python3.8/site-packages/airflow/example_dags/example_short_circuit_decorator.py for tasks to queue
[2026-05-17T04:26:05.116+0000] {logging_mixin.py:188} INFO - [2026-05-17T04:26:05.116+0000] {dagbag.py:538} INFO - Filling up the DagBag from /home/airflow/.local/lib/python3.8/site-packages/airflow/example_dags/example_short_circuit_decorator.py
[2026-05-17T04:26:05.135+0000] {processor.py:840} INFO - DAG(s) 'example_short_circuit_decorator' retrieved from /home/airflow/.local/lib/python3.8/site-packages/airflow/example_dags/example_short_circuit_decorator.py
[2026-05-17T04:26:05.187+0000] {logging_mixin.py:188} INFO - [2026-05-17T04:26:05.186+0000] {dag.py:3036} INFO - Sync 1 DAGs
[2026-05-17T04:26:05.236+0000] {logging_mixin.py:188} INFO - [2026-05-17T04:26:05.236+0000] {dag.py:3823} INFO - Setting next_dagrun for example_short_circuit_decorator to 2026-05-16 00:00:00+00:00, run_after=2026-05-17 00:00:00+00:00
[2026-05-17T04:26:05.277+0000] {processor.py:183} INFO - Processing /home/airflow/.local/lib/python3.8/site-packages/airflow/example_dags/example_short_circuit_decorator.py took 0.171 seconds
[2026-05-17T04:26:35.533+0000] {processor.py:161} INFO - Started process (PID=8752) to work on /home/airflow/.local/lib/python3.8/site-packages/airflow/example_dags/example_short_circuit_decorator.py
[2026-05-17T04:26:35.535+0000] {processor.py:830} INFO - Processing file /home/airflow/.local/lib/python3.8/site-packages/airflow/example_dags/example_short_circuit_decorator.py for tasks to queue
[2026-05-17T04:26:35.538+0000] {logging_mixin.py:188} INFO - [2026-05-17T04:26:35.537+0000] {dagbag.py:538} INFO - Filling up the DagBag from /home/airflow/.local/lib/python3.8/site-packages/airflow/example_dags/example_short_circuit_decorator.py
[2026-05-17T04:26:35.556+0000] {processor.py:840} INFO - DAG(s) 'example_short_circuit_decorator' retrieved from /home/airflow/.local/lib/python3.8/site-packages/airflow/example_dags/example_short_circuit_decorator.py
[2026-05-17T04:26:35.610+0000] {logging_mixin.py:188} INFO - [2026-05-17T04:26:35.609+0000] {dag.py:3036} INFO - Sync 1 DAGs
[2026-05-17T04:26:35.649+0000] {logging_mixin.py:188} INFO - [2026-05-17T04:26:35.649+0000] {dag.py:3823} INFO - Setting next_dagrun for example_short_circuit_decorator to 2026-05-16 00:00:00+00:00, run_after=2026-05-17 00:00:00+00:00
[2026-05-17T04:26:35.679+0000] {processor.py:183} INFO - Processing /home/airflow/.local/lib/python3.8/site-packages/airflow/example_dags/example_short_circuit_decorator.py took 0.152 seconds
[2026-05-17T04:27:06.183+0000] {processor.py:161} INFO - Started process (PID=8818) to work on /home/airflow/.local/lib/python3.8/site-packages/airflow/example_dags/example_short_circuit_decorator.py
[2026-05-17T04:27:06.186+0000] {processor.py:830} INFO - Processing file /home/airflow/.local/lib/python3.8/site-packages/airflow/example_dags/example_short_circuit_decorator.py for tasks to queue
[2026-05-17T04:27:06.191+0000] {logging_mixin.py:188} INFO - [2026-05-17T04:27:06.189+0000] {dagbag.py:538} INFO - Filling up the DagBag from /home/airflow/.local/lib/python3.8/site-packages/airflow/example_dags/example_short_circuit_decorator.py
[2026-05-17T04:27:06.209+0000] {processor.py:840} INFO - DAG(s) 'example_short_circuit_decorator' retrieved from /home/airflow/.local/lib/python3.8/site-packages/airflow/example_dags/example_short_circuit_decorator.py
[2026-05-17T04:27:06.268+0000] {logging_mixin.py:188} INFO - [2026-05-17T04:27:06.267+0000] {dag.py:3036} INFO - Sync 1 DAGs
[2026-05-17T04:27:06.325+0000] {logging_mixin.py:188} INFO - [2026-05-17T04:27:06.324+0000] {dag.py:3823} INFO - Setting next_dagrun for example_short_circuit_decorator to 2026-05-16 00:00:00+00:00, run_after=2026-05-17 00:00:00+00:00
[2026-05-17T04:27:06.370+0000] {processor.py:183} INFO - Processing /home/airflow/.local/lib/python3.8/site-packages/airflow/example_dags/example_short_circuit_decorator.py took 0.196 seconds
[2026-05-17T04:27:36.950+0000] {processor.py:161} INFO - Started process (PID=8885) to work on /home/airflow/.local/lib/python3.8/site-packages/airflow/example_dags/example_short_circuit_decorator.py
[2026-05-17T04:27:36.952+0000] {processor.py:830} INFO - Processing file /home/airflow/.local/lib/python3.8/site-packages/airflow/example_dags/example_short_circuit_decorator.py for tasks to queue
[2026-05-17T04:27:36.955+0000] {logging_mixin.py:188} INFO - [2026-05-17T04:27:36.955+0000] {dagbag.py:538} INFO - Filling up the DagBag from /home/airflow/.local/lib/python3.8/site-packages/airflow/example_dags/example_short_circuit_decorator.py
[2026-05-17T04:27:36.973+0000] {processor.py:840} INFO - DAG(s) 'example_short_circuit_decorator' retrieved from /home/airflow/.local/lib/python3.8/site-packages/airflow/example_dags/example_short_circuit_decorator.py
[2026-05-17T04:27:37.016+0000] {logging_mixin.py:188} INFO - [2026-05-17T04:27:37.016+0000] {dag.py:3036} INFO - Sync 1 DAGs
[2026-05-17T04:27:37.053+0000] {logging_mixin.py:188} INFO - [2026-05-17T04:27:37.053+0000] {dag.py:3823} INFO - Setting next_dagrun for example_short_circuit_decorator to 2026-05-16 00:00:00+00:00, run_after=2026-05-17 00:00:00+00:00
[2026-05-17T04:27:37.083+0000] {processor.py:183} INFO - Processing /home/airflow/.local/lib/python3.8/site-packages/airflow/example_dags/example_short_circuit_decorator.py took 0.138 seconds
[2026-05-17T04:28:07.376+0000] {processor.py:161} INFO - Started process (PID=8951) to work on /home/airflow/.local/lib/python3.8/site-packages/airflow/example_dags/example_short_circuit_decorator.py
[2026-05-17T04:28:07.378+0000] {processor.py:830} INFO - Processing file /home/airflow/.local/lib/python3.8/site-packages/airflow/example_dags/example_short_circuit_decorator.py for tasks to queue
[2026-05-17T04:28:07.381+0000] {logging_mixin.py:188} INFO - [2026-05-17T04:28:07.380+0000] {dagbag.py:538} INFO - Filling up the DagBag from /home/airflow/.local/lib/python3.8/site-packages/airflow/example_dags/example_short_circuit_decorator.py
[2026-05-17T04:28:07.401+0000] {processor.py:840} INFO - DAG(s) 'example_short_circuit_decorator' retrieved from /home/airflow/.local/lib/python3.8/site-packages/airflow/example_dags/example_short_circuit_decorator.py
[2026-05-17T04:28:07.467+0000] {logging_mixin.py:188} INFO - [2026-05-17T04:28:07.467+0000] {dag.py:3036} INFO - Sync 1 DAGs
[2026-05-17T04:28:07.514+0000] {logging_mixin.py:188} INFO - [2026-05-17T04:28:07.513+0000] {dag.py:3823} INFO - Setting next_dagrun for example_short_circuit_decorator to 2026-05-16 00:00:00+00:00, run_after=2026-05-17 00:00:00+00:00
[2026-05-17T04:28:07.553+0000] {processor.py:183} INFO - Processing /home/airflow/.local/lib/python3.8/site-packages/airflow/example_dags/example_short_circuit_decorator.py took 0.184 seconds
[2026-05-17T04:28:38.354+0000] {processor.py:161} INFO - Started process (PID=9018) to work on /home/airflow/.local/lib/python3.8/site-packages/airflow/example_dags/example_short_circuit_decorator.py
[2026-05-17T04:28:38.356+0000] {processor.py:830} INFO - Processing file /home/airflow/.local/lib/python3.8/site-packages/airflow/example_dags/example_short_circuit_decorator.py for tasks to queue
[2026-05-17T04:28:38.359+0000] {logging_mixin.py:188} INFO - [2026-05-17T04:28:38.358+0000] {dagbag.py:538} INFO - Filling up the DagBag from /home/airflow/.local/lib/python3.8/site-packages/airflow/example_dags/example_short_circuit_decorator.py
[2026-05-17T04:28:38.373+0000] {processor.py:840} INFO - DAG(s) 'example_short_circuit_decorator' retrieved from /home/airflow/.local/lib/python3.8/site-packages/airflow/example_dags/example_short_circuit_decorator.py
[2026-05-17T04:28:38.419+0000] {logging_mixin.py:188} INFO - [2026-05-17T04:28:38.419+0000] {dag.py:3036} INFO - Sync 1 DAGs
[2026-05-17T04:28:38.453+0000] {logging_mixin.py:188} INFO - [2026-05-17T04:28:38.453+0000] {dag.py:3823} INFO - Setting next_dagrun for example_short_circuit_decorator to 2026-05-16 00:00:00+00:00, run_after=2026-05-17 00:00:00+00:00
[2026-05-17T04:28:38.484+0000] {processor.py:183} INFO - Processing /home/airflow/.local/lib/python3.8/site-packages/airflow/example_dags/example_short_circuit_decorator.py took 0.134 seconds
[2026-05-17T04:29:08.665+0000] {processor.py:161} INFO - Started process (PID=9084) to work on /home/airflow/.local/lib/python3.8/site-packages/airflow/example_dags/example_short_circuit_decorator.py
[2026-05-17T04:29:08.666+0000] {processor.py:830} INFO - Processing file /home/airflow/.local/lib/python3.8/site-packages/airflow/example_dags/example_short_circuit_decorator.py for tasks to queue
[2026-05-17T04:29:08.669+0000] {logging_mixin.py:188} INFO - [2026-05-17T04:29:08.669+0000] {dagbag.py:538} INFO - Filling up the DagBag from /home/airflow/.local/lib/python3.8/site-packages/airflow/example_dags/example_short_circuit_decorator.py
[2026-05-17T04:29:08.684+0000] {processor.py:840} INFO - DAG(s) 'example_short_circuit_decorator' retrieved from /home/airflow/.local/lib/python3.8/site-packages/airflow/example_dags/example_short_circuit_decorator.py
[2026-05-17T04:29:08.731+0000] {logging_mixin.py:188} INFO - [2026-05-17T04:29:08.730+0000] {dag.py:3036} INFO - Sync 1 DAGs
[2026-05-17T04:29:08.772+0000] {logging_mixin.py:188} INFO - [2026-05-17T04:29:08.772+0000] {dag.py:3823} INFO - Setting next_dagrun for example_short_circuit_decorator to 2026-05-16 00:00:00+00:00, run_after=2026-05-17 00:00:00+00:00
[2026-05-17T04:29:08.801+0000] {processor.py:183} INFO - Processing /home/airflow/.local/lib/python3.8/site-packages/airflow/example_dags/example_short_circuit_decorator.py took 0.142 seconds
[2026-05-17T04:29:39.316+0000] {processor.py:161} INFO - Started process (PID=9150) to work on /home/airflow/.local/lib/python3.8/site-packages/airflow/example_dags/example_short_circuit_decorator.py
[2026-05-17T04:29:39.318+0000] {processor.py:830} INFO - Processing file /home/airflow/.local/lib/python3.8/site-packages/airflow/example_dags/example_short_circuit_decorator.py for tasks to queue
[2026-05-17T04:29:39.321+0000] {logging_mixin.py:188} INFO - [2026-05-17T04:29:39.320+0000] {dagbag.py:538} INFO - Filling up the DagBag from /home/airflow/.local/lib/python3.8/site-packages/airflow/example_dags/example_short_circuit_decorator.py
[2026-05-17T04:29:39.337+0000] {processor.py:840} INFO - DAG(s) 'example_short_circuit_decorator' retrieved from /home/airflow/.local/lib/python3.8/site-packages/airflow/example_dags/example_short_circuit_decorator.py
[2026-05-17T04:29:39.380+0000] {logging_mixin.py:188} INFO - [2026-05-17T04:29:39.379+0000] {dag.py:3036} INFO - Sync 1 DAGs
[2026-05-17T04:29:39.425+0000] {logging_mixin.py:188} INFO - [2026-05-17T04:29:39.425+0000] {dag.py:3823} INFO - Setting next_dagrun for example_short_circuit_decorator to 2026-05-16 00:00:00+00:00, run_after=2026-05-17 00:00:00+00:00
[2026-05-17T04:29:39.459+0000] {processor.py:183} INFO - Processing /home/airflow/.local/lib/python3.8/site-packages/airflow/example_dags/example_short_circuit_decorator.py took 0.149 seconds
[2026-05-17T04:30:10.235+0000] {processor.py:161} INFO - Started process (PID=9216) to work on /home/airflow/.local/lib/python3.8/site-packages/airflow/example_dags/example_short_circuit_decorator.py
[2026-05-17T04:30:10.248+0000] {processor.py:830} INFO - Processing file /home/airflow/.local/lib/python3.8/site-packages/airflow/example_dags/example_short_circuit_decorator.py for tasks to queue
[2026-05-17T04:30:10.251+0000] {logging_mixin.py:188} INFO - [2026-05-17T04:30:10.251+0000] {dagbag.py:538} INFO - Filling up the DagBag from /home/airflow/.local/lib/python3.8/site-packages/airflow/example_dags/example_short_circuit_decorator.py
[2026-05-17T04:30:10.278+0000] {processor.py:840} INFO - DAG(s) 'example_short_circuit_decorator' retrieved from /home/airflow/.local/lib/python3.8/site-packages/airflow/example_dags/example_short_circuit_decorator.py
[2026-05-17T04:30:10.329+0000] {logging_mixin.py:188} INFO - [2026-05-17T04:30:10.329+0000] {dag.py:3036} INFO - Sync 1 DAGs
[2026-05-17T04:30:10.374+0000] {logging_mixin.py:188} INFO - [2026-05-17T04:30:10.374+0000] {dag.py:3823} INFO - Setting next_dagrun for example_short_circuit_decorator to 2026-05-16 00:00:00+00:00, run_after=2026-05-17 00:00:00+00:00
[2026-05-17T04:30:10.410+0000] {processor.py:183} INFO - Processing /home/airflow/.local/lib/python3.8/site-packages/airflow/example_dags/example_short_circuit_decorator.py took 0.181 seconds
[2026-05-17T04:30:41.258+0000] {processor.py:161} INFO - Started process (PID=9282) to work on /home/airflow/.local/lib/python3.8/site-packages/airflow/example_dags/example_short_circuit_decorator.py
[2026-05-17T04:30:41.261+0000] {processor.py:830} INFO - Processing file /home/airflow/.local/lib/python3.8/site-packages/airflow/example_dags/example_short_circuit_decorator.py for tasks to queue
[2026-05-17T04:30:41.264+0000] {logging_mixin.py:188} INFO - [2026-05-17T04:30:41.264+0000] {dagbag.py:538} INFO - Filling up the DagBag from /home/airflow/.local/lib/python3.8/site-packages/airflow/example_dags/example_short_circuit_decorator.py
[2026-05-17T04:30:41.283+0000] {processor.py:840} INFO - DAG(s) 'example_short_circuit_decorator' retrieved from /home/airflow/.local/lib/python3.8/site-packages/airflow/example_dags/example_short_circuit_decorator.py
[2026-05-17T04:30:41.341+0000] {logging_mixin.py:188} INFO - [2026-05-17T04:30:41.341+0000] {dag.py:3036} INFO - Sync 1 DAGs
[2026-05-17T04:30:41.379+0000] {logging_mixin.py:188} INFO - [2026-05-17T04:30:41.379+0000] {dag.py:3823} INFO - Setting next_dagrun for example_short_circuit_decorator to 2026-05-16 00:00:00+00:00, run_after=2026-05-17 00:00:00+00:00
[2026-05-17T04:30:41.422+0000] {processor.py:183} INFO - Processing /home/airflow/.local/lib/python3.8/site-packages/airflow/example_dags/example_short_circuit_decorator.py took 0.170 seconds
[2026-05-17T04:31:12.121+0000] {processor.py:161} INFO - Started process (PID=9355) to work on /home/airflow/.local/lib/python3.8/site-packages/airflow/example_dags/example_short_circuit_decorator.py
[2026-05-17T04:31:12.124+0000] {processor.py:830} INFO - Processing file /home/airflow/.local/lib/python3.8/site-packages/airflow/example_dags/example_short_circuit_decorator.py for tasks to queue
[2026-05-17T04:31:12.127+0000] {logging_mixin.py:188} INFO - [2026-05-17T04:31:12.127+0000] {dagbag.py:538} INFO - Filling up the DagBag from /home/airflow/.local/lib/python3.8/site-packages/airflow/example_dags/example_short_circuit_decorator.py
[2026-05-17T04:31:12.146+0000] {processor.py:840} INFO - DAG(s) 'example_short_circuit_decorator' retrieved from /home/airflow/.local/lib/python3.8/site-packages/airflow/example_dags/example_short_circuit_decorator.py
[2026-05-17T04:31:12.194+0000] {logging_mixin.py:188} INFO - [2026-05-17T04:31:12.194+0000] {dag.py:3036} INFO - Sync 1 DAGs
[2026-05-17T04:31:12.234+0000] {logging_mixin.py:188} INFO - [2026-05-17T04:31:12.234+0000] {dag.py:3823} INFO - Setting next_dagrun for example_short_circuit_decorator to 2026-05-16 00:00:00+00:00, run_after=2026-05-17 00:00:00+00:00
[2026-05-17T04:31:12.267+0000] {processor.py:183} INFO - Processing /home/airflow/.local/lib/python3.8/site-packages/airflow/example_dags/example_short_circuit_decorator.py took 0.151 seconds
