[2026-05-17T03:20:29.396+0000] {processor.py:161} INFO - Started process (PID=91) to work on /home/airflow/.local/lib/python3.8/site-packages/airflow/example_dags/example_branch_day_of_week_operator.py
[2026-05-17T03:20:29.398+0000] {processor.py:830} INFO - Processing file /home/airflow/.local/lib/python3.8/site-packages/airflow/example_dags/example_branch_day_of_week_operator.py for tasks to queue
[2026-05-17T03:20:29.401+0000] {logging_mixin.py:188} INFO - [2026-05-17T03:20:29.400+0000] {dagbag.py:538} INFO - Filling up the DagBag from /home/airflow/.local/lib/python3.8/site-packages/airflow/example_dags/example_branch_day_of_week_operator.py
[2026-05-17T03:20:29.416+0000] {processor.py:840} INFO - DAG(s) 'example_weekday_branch_operator' retrieved from /home/airflow/.local/lib/python3.8/site-packages/airflow/example_dags/example_branch_day_of_week_operator.py
[2026-05-17T03:20:29.442+0000] {logging_mixin.py:188} INFO - [2026-05-17T03:20:29.441+0000] {dag.py:3036} INFO - Sync 1 DAGs
[2026-05-17T03:20:29.509+0000] {logging_mixin.py:188} INFO - [2026-05-17T03:20:29.507+0000] {dag.py:3823} INFO - Setting next_dagrun for example_weekday_branch_operator to 2026-05-16 00:00:00+00:00, run_after=2026-05-17 00:00:00+00:00
[2026-05-17T03:20:29.559+0000] {processor.py:183} INFO - Processing /home/airflow/.local/lib/python3.8/site-packages/airflow/example_dags/example_branch_day_of_week_operator.py took 0.176 seconds
[2026-05-17T03:21:00.659+0000] {processor.py:161} INFO - Started process (PID=157) to work on /home/airflow/.local/lib/python3.8/site-packages/airflow/example_dags/example_branch_day_of_week_operator.py
[2026-05-17T03:21:00.660+0000] {processor.py:830} INFO - Processing file /home/airflow/.local/lib/python3.8/site-packages/airflow/example_dags/example_branch_day_of_week_operator.py for tasks to queue
[2026-05-17T03:21:00.664+0000] {logging_mixin.py:188} INFO - [2026-05-17T03:21:00.663+0000] {dagbag.py:538} INFO - Filling up the DagBag from /home/airflow/.local/lib/python3.8/site-packages/airflow/example_dags/example_branch_day_of_week_operator.py
[2026-05-17T03:21:00.679+0000] {processor.py:840} INFO - DAG(s) 'example_weekday_branch_operator' retrieved from /home/airflow/.local/lib/python3.8/site-packages/airflow/example_dags/example_branch_day_of_week_operator.py
[2026-05-17T03:21:00.905+0000] {logging_mixin.py:188} INFO - [2026-05-17T03:21:00.904+0000] {dag.py:3036} INFO - Sync 1 DAGs
[2026-05-17T03:21:00.942+0000] {logging_mixin.py:188} INFO - [2026-05-17T03:21:00.942+0000] {dag.py:3823} INFO - Setting next_dagrun for example_weekday_branch_operator to 2026-05-16 00:00:00+00:00, run_after=2026-05-17 00:00:00+00:00
[2026-05-17T03:21:00.976+0000] {processor.py:183} INFO - Processing /home/airflow/.local/lib/python3.8/site-packages/airflow/example_dags/example_branch_day_of_week_operator.py took 0.327 seconds
[2026-05-17T03:21:31.417+0000] {processor.py:161} INFO - Started process (PID=220) to work on /home/airflow/.local/lib/python3.8/site-packages/airflow/example_dags/example_branch_day_of_week_operator.py
[2026-05-17T03:21:31.419+0000] {processor.py:830} INFO - Processing file /home/airflow/.local/lib/python3.8/site-packages/airflow/example_dags/example_branch_day_of_week_operator.py for tasks to queue
[2026-05-17T03:21:31.421+0000] {logging_mixin.py:188} INFO - [2026-05-17T03:21:31.421+0000] {dagbag.py:538} INFO - Filling up the DagBag from /home/airflow/.local/lib/python3.8/site-packages/airflow/example_dags/example_branch_day_of_week_operator.py
[2026-05-17T03:21:31.435+0000] {processor.py:840} INFO - DAG(s) 'example_weekday_branch_operator' retrieved from /home/airflow/.local/lib/python3.8/site-packages/airflow/example_dags/example_branch_day_of_week_operator.py
[2026-05-17T03:21:31.475+0000] {logging_mixin.py:188} INFO - [2026-05-17T03:21:31.475+0000] {dag.py:3036} INFO - Sync 1 DAGs
[2026-05-17T03:21:31.515+0000] {logging_mixin.py:188} INFO - [2026-05-17T03:21:31.515+0000] {dag.py:3823} INFO - Setting next_dagrun for example_weekday_branch_operator to 2026-05-16 00:00:00+00:00, run_after=2026-05-17 00:00:00+00:00
[2026-05-17T03:21:31.543+0000] {processor.py:183} INFO - Processing /home/airflow/.local/lib/python3.8/site-packages/airflow/example_dags/example_branch_day_of_week_operator.py took 0.131 seconds
[2026-05-17T03:22:01.978+0000] {processor.py:161} INFO - Started process (PID=285) to work on /home/airflow/.local/lib/python3.8/site-packages/airflow/example_dags/example_branch_day_of_week_operator.py
[2026-05-17T03:22:01.980+0000] {processor.py:830} INFO - Processing file /home/airflow/.local/lib/python3.8/site-packages/airflow/example_dags/example_branch_day_of_week_operator.py for tasks to queue
[2026-05-17T03:22:01.982+0000] {logging_mixin.py:188} INFO - [2026-05-17T03:22:01.982+0000] {dagbag.py:538} INFO - Filling up the DagBag from /home/airflow/.local/lib/python3.8/site-packages/airflow/example_dags/example_branch_day_of_week_operator.py
[2026-05-17T03:22:01.996+0000] {processor.py:840} INFO - DAG(s) 'example_weekday_branch_operator' retrieved from /home/airflow/.local/lib/python3.8/site-packages/airflow/example_dags/example_branch_day_of_week_operator.py
[2026-05-17T03:22:02.041+0000] {logging_mixin.py:188} INFO - [2026-05-17T03:22:02.040+0000] {dag.py:3036} INFO - Sync 1 DAGs
[2026-05-17T03:22:02.082+0000] {logging_mixin.py:188} INFO - [2026-05-17T03:22:02.081+0000] {dag.py:3823} INFO - Setting next_dagrun for example_weekday_branch_operator to 2026-05-16 00:00:00+00:00, run_after=2026-05-17 00:00:00+00:00
[2026-05-17T03:22:02.116+0000] {processor.py:183} INFO - Processing /home/airflow/.local/lib/python3.8/site-packages/airflow/example_dags/example_branch_day_of_week_operator.py took 0.143 seconds
[2026-05-17T03:22:32.565+0000] {processor.py:161} INFO - Started process (PID=349) to work on /home/airflow/.local/lib/python3.8/site-packages/airflow/example_dags/example_branch_day_of_week_operator.py
[2026-05-17T03:22:32.567+0000] {processor.py:830} INFO - Processing file /home/airflow/.local/lib/python3.8/site-packages/airflow/example_dags/example_branch_day_of_week_operator.py for tasks to queue
[2026-05-17T03:22:32.570+0000] {logging_mixin.py:188} INFO - [2026-05-17T03:22:32.569+0000] {dagbag.py:538} INFO - Filling up the DagBag from /home/airflow/.local/lib/python3.8/site-packages/airflow/example_dags/example_branch_day_of_week_operator.py
[2026-05-17T03:22:32.583+0000] {processor.py:840} INFO - DAG(s) 'example_weekday_branch_operator' retrieved from /home/airflow/.local/lib/python3.8/site-packages/airflow/example_dags/example_branch_day_of_week_operator.py
[2026-05-17T03:22:32.624+0000] {logging_mixin.py:188} INFO - [2026-05-17T03:22:32.623+0000] {dag.py:3036} INFO - Sync 1 DAGs
[2026-05-17T03:22:32.662+0000] {logging_mixin.py:188} INFO - [2026-05-17T03:22:32.661+0000] {dag.py:3823} INFO - Setting next_dagrun for example_weekday_branch_operator to 2026-05-16 00:00:00+00:00, run_after=2026-05-17 00:00:00+00:00
[2026-05-17T03:22:32.692+0000] {processor.py:183} INFO - Processing /home/airflow/.local/lib/python3.8/site-packages/airflow/example_dags/example_branch_day_of_week_operator.py took 0.131 seconds
[2026-05-17T03:23:03.577+0000] {processor.py:161} INFO - Started process (PID=414) to work on /home/airflow/.local/lib/python3.8/site-packages/airflow/example_dags/example_branch_day_of_week_operator.py
[2026-05-17T03:23:03.578+0000] {processor.py:830} INFO - Processing file /home/airflow/.local/lib/python3.8/site-packages/airflow/example_dags/example_branch_day_of_week_operator.py for tasks to queue
[2026-05-17T03:23:03.581+0000] {logging_mixin.py:188} INFO - [2026-05-17T03:23:03.581+0000] {dagbag.py:538} INFO - Filling up the DagBag from /home/airflow/.local/lib/python3.8/site-packages/airflow/example_dags/example_branch_day_of_week_operator.py
[2026-05-17T03:23:03.594+0000] {processor.py:840} INFO - DAG(s) 'example_weekday_branch_operator' retrieved from /home/airflow/.local/lib/python3.8/site-packages/airflow/example_dags/example_branch_day_of_week_operator.py
[2026-05-17T03:23:03.630+0000] {logging_mixin.py:188} INFO - [2026-05-17T03:23:03.630+0000] {dag.py:3036} INFO - Sync 1 DAGs
[2026-05-17T03:23:03.673+0000] {logging_mixin.py:188} INFO - [2026-05-17T03:23:03.673+0000] {dag.py:3823} INFO - Setting next_dagrun for example_weekday_branch_operator to 2026-05-16 00:00:00+00:00, run_after=2026-05-17 00:00:00+00:00
[2026-05-17T03:23:03.703+0000] {processor.py:183} INFO - Processing /home/airflow/.local/lib/python3.8/site-packages/airflow/example_dags/example_branch_day_of_week_operator.py took 0.134 seconds
[2026-05-17T03:23:33.839+0000] {processor.py:161} INFO - Started process (PID=478) to work on /home/airflow/.local/lib/python3.8/site-packages/airflow/example_dags/example_branch_day_of_week_operator.py
[2026-05-17T03:23:33.841+0000] {processor.py:830} INFO - Processing file /home/airflow/.local/lib/python3.8/site-packages/airflow/example_dags/example_branch_day_of_week_operator.py for tasks to queue
[2026-05-17T03:23:33.844+0000] {logging_mixin.py:188} INFO - [2026-05-17T03:23:33.844+0000] {dagbag.py:538} INFO - Filling up the DagBag from /home/airflow/.local/lib/python3.8/site-packages/airflow/example_dags/example_branch_day_of_week_operator.py
[2026-05-17T03:23:33.860+0000] {processor.py:840} INFO - DAG(s) 'example_weekday_branch_operator' retrieved from /home/airflow/.local/lib/python3.8/site-packages/airflow/example_dags/example_branch_day_of_week_operator.py
[2026-05-17T03:23:33.906+0000] {logging_mixin.py:188} INFO - [2026-05-17T03:23:33.906+0000] {dag.py:3036} INFO - Sync 1 DAGs
[2026-05-17T03:23:33.954+0000] {logging_mixin.py:188} INFO - [2026-05-17T03:23:33.954+0000] {dag.py:3823} INFO - Setting next_dagrun for example_weekday_branch_operator to 2026-05-16 00:00:00+00:00, run_after=2026-05-17 00:00:00+00:00
[2026-05-17T03:23:33.991+0000] {processor.py:183} INFO - Processing /home/airflow/.local/lib/python3.8/site-packages/airflow/example_dags/example_branch_day_of_week_operator.py took 0.158 seconds
[2026-05-17T03:24:04.744+0000] {processor.py:161} INFO - Started process (PID=543) to work on /home/airflow/.local/lib/python3.8/site-packages/airflow/example_dags/example_branch_day_of_week_operator.py
[2026-05-17T03:24:04.746+0000] {processor.py:830} INFO - Processing file /home/airflow/.local/lib/python3.8/site-packages/airflow/example_dags/example_branch_day_of_week_operator.py for tasks to queue
[2026-05-17T03:24:04.749+0000] {logging_mixin.py:188} INFO - [2026-05-17T03:24:04.748+0000] {dagbag.py:538} INFO - Filling up the DagBag from /home/airflow/.local/lib/python3.8/site-packages/airflow/example_dags/example_branch_day_of_week_operator.py
[2026-05-17T03:24:04.764+0000] {processor.py:840} INFO - DAG(s) 'example_weekday_branch_operator' retrieved from /home/airflow/.local/lib/python3.8/site-packages/airflow/example_dags/example_branch_day_of_week_operator.py
[2026-05-17T03:24:04.807+0000] {logging_mixin.py:188} INFO - [2026-05-17T03:24:04.807+0000] {dag.py:3036} INFO - Sync 1 DAGs
[2026-05-17T03:24:04.848+0000] {logging_mixin.py:188} INFO - [2026-05-17T03:24:04.848+0000] {dag.py:3823} INFO - Setting next_dagrun for example_weekday_branch_operator to 2026-05-16 00:00:00+00:00, run_after=2026-05-17 00:00:00+00:00
[2026-05-17T03:24:04.880+0000] {processor.py:183} INFO - Processing /home/airflow/.local/lib/python3.8/site-packages/airflow/example_dags/example_branch_day_of_week_operator.py took 0.142 seconds
[2026-05-17T03:24:35.812+0000] {processor.py:161} INFO - Started process (PID=615) to work on /home/airflow/.local/lib/python3.8/site-packages/airflow/example_dags/example_branch_day_of_week_operator.py
[2026-05-17T03:24:35.814+0000] {processor.py:830} INFO - Processing file /home/airflow/.local/lib/python3.8/site-packages/airflow/example_dags/example_branch_day_of_week_operator.py for tasks to queue
[2026-05-17T03:24:35.817+0000] {logging_mixin.py:188} INFO - [2026-05-17T03:24:35.816+0000] {dagbag.py:538} INFO - Filling up the DagBag from /home/airflow/.local/lib/python3.8/site-packages/airflow/example_dags/example_branch_day_of_week_operator.py
[2026-05-17T03:24:35.832+0000] {processor.py:840} INFO - DAG(s) 'example_weekday_branch_operator' retrieved from /home/airflow/.local/lib/python3.8/site-packages/airflow/example_dags/example_branch_day_of_week_operator.py
[2026-05-17T03:24:35.856+0000] {logging_mixin.py:188} INFO - [2026-05-17T03:24:35.856+0000] {dag.py:3036} INFO - Sync 1 DAGs
[2026-05-17T03:24:35.905+0000] {logging_mixin.py:188} INFO - [2026-05-17T03:24:35.905+0000] {dag.py:3823} INFO - Setting next_dagrun for example_weekday_branch_operator to 2026-05-16 00:00:00+00:00, run_after=2026-05-17 00:00:00+00:00
[2026-05-17T03:24:35.941+0000] {processor.py:183} INFO - Processing /home/airflow/.local/lib/python3.8/site-packages/airflow/example_dags/example_branch_day_of_week_operator.py took 0.135 seconds
[2026-05-17T03:25:06.462+0000] {processor.py:161} INFO - Started process (PID=680) to work on /home/airflow/.local/lib/python3.8/site-packages/airflow/example_dags/example_branch_day_of_week_operator.py
[2026-05-17T03:25:06.463+0000] {processor.py:830} INFO - Processing file /home/airflow/.local/lib/python3.8/site-packages/airflow/example_dags/example_branch_day_of_week_operator.py for tasks to queue
[2026-05-17T03:25:06.466+0000] {logging_mixin.py:188} INFO - [2026-05-17T03:25:06.466+0000] {dagbag.py:538} INFO - Filling up the DagBag from /home/airflow/.local/lib/python3.8/site-packages/airflow/example_dags/example_branch_day_of_week_operator.py
[2026-05-17T03:25:06.482+0000] {processor.py:840} INFO - DAG(s) 'example_weekday_branch_operator' retrieved from /home/airflow/.local/lib/python3.8/site-packages/airflow/example_dags/example_branch_day_of_week_operator.py
[2026-05-17T03:25:06.687+0000] {logging_mixin.py:188} INFO - [2026-05-17T03:25:06.686+0000] {dag.py:3036} INFO - Sync 1 DAGs
[2026-05-17T03:25:06.731+0000] {logging_mixin.py:188} INFO - [2026-05-17T03:25:06.730+0000] {dag.py:3823} INFO - Setting next_dagrun for example_weekday_branch_operator to 2026-05-16 00:00:00+00:00, run_after=2026-05-17 00:00:00+00:00
[2026-05-17T03:25:06.768+0000] {processor.py:183} INFO - Processing /home/airflow/.local/lib/python3.8/site-packages/airflow/example_dags/example_branch_day_of_week_operator.py took 0.312 seconds
[2026-05-17T03:25:37.368+0000] {processor.py:161} INFO - Started process (PID=744) to work on /home/airflow/.local/lib/python3.8/site-packages/airflow/example_dags/example_branch_day_of_week_operator.py
[2026-05-17T03:25:37.370+0000] {processor.py:830} INFO - Processing file /home/airflow/.local/lib/python3.8/site-packages/airflow/example_dags/example_branch_day_of_week_operator.py for tasks to queue
[2026-05-17T03:25:37.372+0000] {logging_mixin.py:188} INFO - [2026-05-17T03:25:37.372+0000] {dagbag.py:538} INFO - Filling up the DagBag from /home/airflow/.local/lib/python3.8/site-packages/airflow/example_dags/example_branch_day_of_week_operator.py
[2026-05-17T03:25:37.385+0000] {processor.py:840} INFO - DAG(s) 'example_weekday_branch_operator' retrieved from /home/airflow/.local/lib/python3.8/site-packages/airflow/example_dags/example_branch_day_of_week_operator.py
[2026-05-17T03:25:37.424+0000] {logging_mixin.py:188} INFO - [2026-05-17T03:25:37.423+0000] {dag.py:3036} INFO - Sync 1 DAGs
[2026-05-17T03:25:37.464+0000] {logging_mixin.py:188} INFO - [2026-05-17T03:25:37.464+0000] {dag.py:3823} INFO - Setting next_dagrun for example_weekday_branch_operator to 2026-05-16 00:00:00+00:00, run_after=2026-05-17 00:00:00+00:00
[2026-05-17T03:25:37.493+0000] {processor.py:183} INFO - Processing /home/airflow/.local/lib/python3.8/site-packages/airflow/example_dags/example_branch_day_of_week_operator.py took 0.130 seconds
[2026-05-17T03:26:08.255+0000] {processor.py:161} INFO - Started process (PID=809) to work on /home/airflow/.local/lib/python3.8/site-packages/airflow/example_dags/example_branch_day_of_week_operator.py
[2026-05-17T03:26:08.256+0000] {processor.py:830} INFO - Processing file /home/airflow/.local/lib/python3.8/site-packages/airflow/example_dags/example_branch_day_of_week_operator.py for tasks to queue
[2026-05-17T03:26:08.259+0000] {logging_mixin.py:188} INFO - [2026-05-17T03:26:08.259+0000] {dagbag.py:538} INFO - Filling up the DagBag from /home/airflow/.local/lib/python3.8/site-packages/airflow/example_dags/example_branch_day_of_week_operator.py
[2026-05-17T03:26:08.274+0000] {processor.py:840} INFO - DAG(s) 'example_weekday_branch_operator' retrieved from /home/airflow/.local/lib/python3.8/site-packages/airflow/example_dags/example_branch_day_of_week_operator.py
[2026-05-17T03:26:08.315+0000] {logging_mixin.py:188} INFO - [2026-05-17T03:26:08.314+0000] {dag.py:3036} INFO - Sync 1 DAGs
[2026-05-17T03:26:08.354+0000] {logging_mixin.py:188} INFO - [2026-05-17T03:26:08.354+0000] {dag.py:3823} INFO - Setting next_dagrun for example_weekday_branch_operator to 2026-05-16 00:00:00+00:00, run_after=2026-05-17 00:00:00+00:00
[2026-05-17T03:26:08.382+0000] {processor.py:183} INFO - Processing /home/airflow/.local/lib/python3.8/site-packages/airflow/example_dags/example_branch_day_of_week_operator.py took 0.133 seconds
[2026-05-17T03:26:39.023+0000] {processor.py:161} INFO - Started process (PID=875) to work on /home/airflow/.local/lib/python3.8/site-packages/airflow/example_dags/example_branch_day_of_week_operator.py
[2026-05-17T03:26:39.025+0000] {processor.py:830} INFO - Processing file /home/airflow/.local/lib/python3.8/site-packages/airflow/example_dags/example_branch_day_of_week_operator.py for tasks to queue
[2026-05-17T03:26:39.028+0000] {logging_mixin.py:188} INFO - [2026-05-17T03:26:39.028+0000] {dagbag.py:538} INFO - Filling up the DagBag from /home/airflow/.local/lib/python3.8/site-packages/airflow/example_dags/example_branch_day_of_week_operator.py
[2026-05-17T03:26:39.043+0000] {processor.py:840} INFO - DAG(s) 'example_weekday_branch_operator' retrieved from /home/airflow/.local/lib/python3.8/site-packages/airflow/example_dags/example_branch_day_of_week_operator.py
[2026-05-17T03:26:39.083+0000] {logging_mixin.py:188} INFO - [2026-05-17T03:26:39.083+0000] {dag.py:3036} INFO - Sync 1 DAGs
[2026-05-17T03:26:39.129+0000] {logging_mixin.py:188} INFO - [2026-05-17T03:26:39.129+0000] {dag.py:3823} INFO - Setting next_dagrun for example_weekday_branch_operator to 2026-05-16 00:00:00+00:00, run_after=2026-05-17 00:00:00+00:00
[2026-05-17T03:26:39.161+0000] {processor.py:183} INFO - Processing /home/airflow/.local/lib/python3.8/site-packages/airflow/example_dags/example_branch_day_of_week_operator.py took 0.144 seconds
[2026-05-17T03:27:10.166+0000] {processor.py:161} INFO - Started process (PID=940) to work on /home/airflow/.local/lib/python3.8/site-packages/airflow/example_dags/example_branch_day_of_week_operator.py
[2026-05-17T03:27:10.167+0000] {processor.py:830} INFO - Processing file /home/airflow/.local/lib/python3.8/site-packages/airflow/example_dags/example_branch_day_of_week_operator.py for tasks to queue
[2026-05-17T03:27:10.170+0000] {logging_mixin.py:188} INFO - [2026-05-17T03:27:10.170+0000] {dagbag.py:538} INFO - Filling up the DagBag from /home/airflow/.local/lib/python3.8/site-packages/airflow/example_dags/example_branch_day_of_week_operator.py
[2026-05-17T03:27:10.182+0000] {processor.py:840} INFO - DAG(s) 'example_weekday_branch_operator' retrieved from /home/airflow/.local/lib/python3.8/site-packages/airflow/example_dags/example_branch_day_of_week_operator.py
[2026-05-17T03:27:10.219+0000] {logging_mixin.py:188} INFO - [2026-05-17T03:27:10.218+0000] {dag.py:3036} INFO - Sync 1 DAGs
[2026-05-17T03:27:10.256+0000] {logging_mixin.py:188} INFO - [2026-05-17T03:27:10.256+0000] {dag.py:3823} INFO - Setting next_dagrun for example_weekday_branch_operator to 2026-05-16 00:00:00+00:00, run_after=2026-05-17 00:00:00+00:00
[2026-05-17T03:27:10.284+0000] {processor.py:183} INFO - Processing /home/airflow/.local/lib/python3.8/site-packages/airflow/example_dags/example_branch_day_of_week_operator.py took 0.123 seconds
[2026-05-17T03:27:40.362+0000] {processor.py:161} INFO - Started process (PID=1004) to work on /home/airflow/.local/lib/python3.8/site-packages/airflow/example_dags/example_branch_day_of_week_operator.py
[2026-05-17T03:27:40.364+0000] {processor.py:830} INFO - Processing file /home/airflow/.local/lib/python3.8/site-packages/airflow/example_dags/example_branch_day_of_week_operator.py for tasks to queue
[2026-05-17T03:27:40.367+0000] {logging_mixin.py:188} INFO - [2026-05-17T03:27:40.367+0000] {dagbag.py:538} INFO - Filling up the DagBag from /home/airflow/.local/lib/python3.8/site-packages/airflow/example_dags/example_branch_day_of_week_operator.py
[2026-05-17T03:27:40.379+0000] {processor.py:840} INFO - DAG(s) 'example_weekday_branch_operator' retrieved from /home/airflow/.local/lib/python3.8/site-packages/airflow/example_dags/example_branch_day_of_week_operator.py
[2026-05-17T03:27:40.417+0000] {logging_mixin.py:188} INFO - [2026-05-17T03:27:40.417+0000] {dag.py:3036} INFO - Sync 1 DAGs
[2026-05-17T03:27:40.459+0000] {logging_mixin.py:188} INFO - [2026-05-17T03:27:40.459+0000] {dag.py:3823} INFO - Setting next_dagrun for example_weekday_branch_operator to 2026-05-16 00:00:00+00:00, run_after=2026-05-17 00:00:00+00:00
[2026-05-17T03:27:40.489+0000] {processor.py:183} INFO - Processing /home/airflow/.local/lib/python3.8/site-packages/airflow/example_dags/example_branch_day_of_week_operator.py took 0.132 seconds
[2026-05-17T03:28:11.369+0000] {processor.py:161} INFO - Started process (PID=1070) to work on /home/airflow/.local/lib/python3.8/site-packages/airflow/example_dags/example_branch_day_of_week_operator.py
[2026-05-17T03:28:11.371+0000] {processor.py:830} INFO - Processing file /home/airflow/.local/lib/python3.8/site-packages/airflow/example_dags/example_branch_day_of_week_operator.py for tasks to queue
[2026-05-17T03:28:11.374+0000] {logging_mixin.py:188} INFO - [2026-05-17T03:28:11.373+0000] {dagbag.py:538} INFO - Filling up the DagBag from /home/airflow/.local/lib/python3.8/site-packages/airflow/example_dags/example_branch_day_of_week_operator.py
[2026-05-17T03:28:11.385+0000] {processor.py:840} INFO - DAG(s) 'example_weekday_branch_operator' retrieved from /home/airflow/.local/lib/python3.8/site-packages/airflow/example_dags/example_branch_day_of_week_operator.py
[2026-05-17T03:28:11.421+0000] {logging_mixin.py:188} INFO - [2026-05-17T03:28:11.421+0000] {dag.py:3036} INFO - Sync 1 DAGs
[2026-05-17T03:28:11.455+0000] {logging_mixin.py:188} INFO - [2026-05-17T03:28:11.455+0000] {dag.py:3823} INFO - Setting next_dagrun for example_weekday_branch_operator to 2026-05-16 00:00:00+00:00, run_after=2026-05-17 00:00:00+00:00
[2026-05-17T03:28:11.484+0000] {processor.py:183} INFO - Processing /home/airflow/.local/lib/python3.8/site-packages/airflow/example_dags/example_branch_day_of_week_operator.py took 0.120 seconds
[2026-05-17T03:28:41.554+0000] {processor.py:161} INFO - Started process (PID=1133) to work on /home/airflow/.local/lib/python3.8/site-packages/airflow/example_dags/example_branch_day_of_week_operator.py
[2026-05-17T03:28:41.555+0000] {processor.py:830} INFO - Processing file /home/airflow/.local/lib/python3.8/site-packages/airflow/example_dags/example_branch_day_of_week_operator.py for tasks to queue
[2026-05-17T03:28:41.558+0000] {logging_mixin.py:188} INFO - [2026-05-17T03:28:41.558+0000] {dagbag.py:538} INFO - Filling up the DagBag from /home/airflow/.local/lib/python3.8/site-packages/airflow/example_dags/example_branch_day_of_week_operator.py
[2026-05-17T03:28:41.570+0000] {processor.py:840} INFO - DAG(s) 'example_weekday_branch_operator' retrieved from /home/airflow/.local/lib/python3.8/site-packages/airflow/example_dags/example_branch_day_of_week_operator.py
[2026-05-17T03:28:41.607+0000] {logging_mixin.py:188} INFO - [2026-05-17T03:28:41.607+0000] {dag.py:3036} INFO - Sync 1 DAGs
[2026-05-17T03:28:41.650+0000] {logging_mixin.py:188} INFO - [2026-05-17T03:28:41.650+0000] {dag.py:3823} INFO - Setting next_dagrun for example_weekday_branch_operator to 2026-05-16 00:00:00+00:00, run_after=2026-05-17 00:00:00+00:00
[2026-05-17T03:28:41.678+0000] {processor.py:183} INFO - Processing /home/airflow/.local/lib/python3.8/site-packages/airflow/example_dags/example_branch_day_of_week_operator.py took 0.129 seconds
[2026-05-17T03:29:11.780+0000] {processor.py:161} INFO - Started process (PID=1207) to work on /home/airflow/.local/lib/python3.8/site-packages/airflow/example_dags/example_branch_day_of_week_operator.py
[2026-05-17T03:29:11.782+0000] {processor.py:830} INFO - Processing file /home/airflow/.local/lib/python3.8/site-packages/airflow/example_dags/example_branch_day_of_week_operator.py for tasks to queue
[2026-05-17T03:29:11.785+0000] {logging_mixin.py:188} INFO - [2026-05-17T03:29:11.785+0000] {dagbag.py:538} INFO - Filling up the DagBag from /home/airflow/.local/lib/python3.8/site-packages/airflow/example_dags/example_branch_day_of_week_operator.py
[2026-05-17T03:29:11.797+0000] {processor.py:840} INFO - DAG(s) 'example_weekday_branch_operator' retrieved from /home/airflow/.local/lib/python3.8/site-packages/airflow/example_dags/example_branch_day_of_week_operator.py
[2026-05-17T03:29:11.837+0000] {logging_mixin.py:188} INFO - [2026-05-17T03:29:11.837+0000] {dag.py:3036} INFO - Sync 1 DAGs
[2026-05-17T03:29:11.886+0000] {logging_mixin.py:188} INFO - [2026-05-17T03:29:11.885+0000] {dag.py:3823} INFO - Setting next_dagrun for example_weekday_branch_operator to 2026-05-16 00:00:00+00:00, run_after=2026-05-17 00:00:00+00:00
[2026-05-17T03:29:11.915+0000] {processor.py:183} INFO - Processing /home/airflow/.local/lib/python3.8/site-packages/airflow/example_dags/example_branch_day_of_week_operator.py took 0.140 seconds
[2026-05-17T03:29:42.082+0000] {processor.py:161} INFO - Started process (PID=1273) to work on /home/airflow/.local/lib/python3.8/site-packages/airflow/example_dags/example_branch_day_of_week_operator.py
[2026-05-17T03:29:42.084+0000] {processor.py:830} INFO - Processing file /home/airflow/.local/lib/python3.8/site-packages/airflow/example_dags/example_branch_day_of_week_operator.py for tasks to queue
[2026-05-17T03:29:42.087+0000] {logging_mixin.py:188} INFO - [2026-05-17T03:29:42.087+0000] {dagbag.py:538} INFO - Filling up the DagBag from /home/airflow/.local/lib/python3.8/site-packages/airflow/example_dags/example_branch_day_of_week_operator.py
[2026-05-17T03:29:42.103+0000] {processor.py:840} INFO - DAG(s) 'example_weekday_branch_operator' retrieved from /home/airflow/.local/lib/python3.8/site-packages/airflow/example_dags/example_branch_day_of_week_operator.py
[2026-05-17T03:29:42.152+0000] {logging_mixin.py:188} INFO - [2026-05-17T03:29:42.152+0000] {dag.py:3036} INFO - Sync 1 DAGs
[2026-05-17T03:29:42.202+0000] {logging_mixin.py:188} INFO - [2026-05-17T03:29:42.202+0000] {dag.py:3823} INFO - Setting next_dagrun for example_weekday_branch_operator to 2026-05-16 00:00:00+00:00, run_after=2026-05-17 00:00:00+00:00
[2026-05-17T03:29:42.242+0000] {processor.py:183} INFO - Processing /home/airflow/.local/lib/python3.8/site-packages/airflow/example_dags/example_branch_day_of_week_operator.py took 0.165 seconds
[2026-05-17T03:30:12.631+0000] {processor.py:161} INFO - Started process (PID=1338) to work on /home/airflow/.local/lib/python3.8/site-packages/airflow/example_dags/example_branch_day_of_week_operator.py
[2026-05-17T03:30:12.633+0000] {processor.py:830} INFO - Processing file /home/airflow/.local/lib/python3.8/site-packages/airflow/example_dags/example_branch_day_of_week_operator.py for tasks to queue
[2026-05-17T03:30:12.636+0000] {logging_mixin.py:188} INFO - [2026-05-17T03:30:12.636+0000] {dagbag.py:538} INFO - Filling up the DagBag from /home/airflow/.local/lib/python3.8/site-packages/airflow/example_dags/example_branch_day_of_week_operator.py
[2026-05-17T03:30:12.659+0000] {processor.py:840} INFO - DAG(s) 'example_weekday_branch_operator' retrieved from /home/airflow/.local/lib/python3.8/site-packages/airflow/example_dags/example_branch_day_of_week_operator.py
[2026-05-17T03:30:12.703+0000] {logging_mixin.py:188} INFO - [2026-05-17T03:30:12.703+0000] {dag.py:3036} INFO - Sync 1 DAGs
[2026-05-17T03:30:12.752+0000] {logging_mixin.py:188} INFO - [2026-05-17T03:30:12.751+0000] {dag.py:3823} INFO - Setting next_dagrun for example_weekday_branch_operator to 2026-05-16 00:00:00+00:00, run_after=2026-05-17 00:00:00+00:00
[2026-05-17T03:30:12.786+0000] {processor.py:183} INFO - Processing /home/airflow/.local/lib/python3.8/site-packages/airflow/example_dags/example_branch_day_of_week_operator.py took 0.161 seconds
[2026-05-17T03:30:42.883+0000] {processor.py:161} INFO - Started process (PID=1404) to work on /home/airflow/.local/lib/python3.8/site-packages/airflow/example_dags/example_branch_day_of_week_operator.py
[2026-05-17T03:30:42.884+0000] {processor.py:830} INFO - Processing file /home/airflow/.local/lib/python3.8/site-packages/airflow/example_dags/example_branch_day_of_week_operator.py for tasks to queue
[2026-05-17T03:30:42.887+0000] {logging_mixin.py:188} INFO - [2026-05-17T03:30:42.887+0000] {dagbag.py:538} INFO - Filling up the DagBag from /home/airflow/.local/lib/python3.8/site-packages/airflow/example_dags/example_branch_day_of_week_operator.py
[2026-05-17T03:30:42.911+0000] {processor.py:840} INFO - DAG(s) 'example_weekday_branch_operator' retrieved from /home/airflow/.local/lib/python3.8/site-packages/airflow/example_dags/example_branch_day_of_week_operator.py
[2026-05-17T03:30:42.954+0000] {logging_mixin.py:188} INFO - [2026-05-17T03:30:42.954+0000] {dag.py:3036} INFO - Sync 1 DAGs
[2026-05-17T03:30:43.000+0000] {logging_mixin.py:188} INFO - [2026-05-17T03:30:43.000+0000] {dag.py:3823} INFO - Setting next_dagrun for example_weekday_branch_operator to 2026-05-16 00:00:00+00:00, run_after=2026-05-17 00:00:00+00:00
[2026-05-17T03:30:43.031+0000] {processor.py:183} INFO - Processing /home/airflow/.local/lib/python3.8/site-packages/airflow/example_dags/example_branch_day_of_week_operator.py took 0.153 seconds
[2026-05-17T03:31:13.594+0000] {processor.py:161} INFO - Started process (PID=1471) to work on /home/airflow/.local/lib/python3.8/site-packages/airflow/example_dags/example_branch_day_of_week_operator.py
[2026-05-17T03:31:13.596+0000] {processor.py:830} INFO - Processing file /home/airflow/.local/lib/python3.8/site-packages/airflow/example_dags/example_branch_day_of_week_operator.py for tasks to queue
[2026-05-17T03:31:13.599+0000] {logging_mixin.py:188} INFO - [2026-05-17T03:31:13.598+0000] {dagbag.py:538} INFO - Filling up the DagBag from /home/airflow/.local/lib/python3.8/site-packages/airflow/example_dags/example_branch_day_of_week_operator.py
[2026-05-17T03:31:13.610+0000] {processor.py:840} INFO - DAG(s) 'example_weekday_branch_operator' retrieved from /home/airflow/.local/lib/python3.8/site-packages/airflow/example_dags/example_branch_day_of_week_operator.py
[2026-05-17T03:31:13.648+0000] {logging_mixin.py:188} INFO - [2026-05-17T03:31:13.647+0000] {dag.py:3036} INFO - Sync 1 DAGs
[2026-05-17T03:31:13.690+0000] {logging_mixin.py:188} INFO - [2026-05-17T03:31:13.689+0000] {dag.py:3823} INFO - Setting next_dagrun for example_weekday_branch_operator to 2026-05-16 00:00:00+00:00, run_after=2026-05-17 00:00:00+00:00
[2026-05-17T03:31:13.728+0000] {processor.py:183} INFO - Processing /home/airflow/.local/lib/python3.8/site-packages/airflow/example_dags/example_branch_day_of_week_operator.py took 0.138 seconds
[2026-05-17T03:31:44.087+0000] {processor.py:161} INFO - Started process (PID=1537) to work on /home/airflow/.local/lib/python3.8/site-packages/airflow/example_dags/example_branch_day_of_week_operator.py
[2026-05-17T03:31:44.089+0000] {processor.py:830} INFO - Processing file /home/airflow/.local/lib/python3.8/site-packages/airflow/example_dags/example_branch_day_of_week_operator.py for tasks to queue
[2026-05-17T03:31:44.092+0000] {logging_mixin.py:188} INFO - [2026-05-17T03:31:44.091+0000] {dagbag.py:538} INFO - Filling up the DagBag from /home/airflow/.local/lib/python3.8/site-packages/airflow/example_dags/example_branch_day_of_week_operator.py
[2026-05-17T03:31:44.105+0000] {processor.py:840} INFO - DAG(s) 'example_weekday_branch_operator' retrieved from /home/airflow/.local/lib/python3.8/site-packages/airflow/example_dags/example_branch_day_of_week_operator.py
[2026-05-17T03:31:44.148+0000] {logging_mixin.py:188} INFO - [2026-05-17T03:31:44.148+0000] {dag.py:3036} INFO - Sync 1 DAGs
[2026-05-17T03:31:44.188+0000] {logging_mixin.py:188} INFO - [2026-05-17T03:31:44.188+0000] {dag.py:3823} INFO - Setting next_dagrun for example_weekday_branch_operator to 2026-05-16 00:00:00+00:00, run_after=2026-05-17 00:00:00+00:00
[2026-05-17T03:31:44.220+0000] {processor.py:183} INFO - Processing /home/airflow/.local/lib/python3.8/site-packages/airflow/example_dags/example_branch_day_of_week_operator.py took 0.138 seconds
[2026-05-17T03:32:14.678+0000] {processor.py:161} INFO - Started process (PID=1602) to work on /home/airflow/.local/lib/python3.8/site-packages/airflow/example_dags/example_branch_day_of_week_operator.py
[2026-05-17T03:32:14.679+0000] {processor.py:830} INFO - Processing file /home/airflow/.local/lib/python3.8/site-packages/airflow/example_dags/example_branch_day_of_week_operator.py for tasks to queue
[2026-05-17T03:32:14.682+0000] {logging_mixin.py:188} INFO - [2026-05-17T03:32:14.682+0000] {dagbag.py:538} INFO - Filling up the DagBag from /home/airflow/.local/lib/python3.8/site-packages/airflow/example_dags/example_branch_day_of_week_operator.py
[2026-05-17T03:32:14.696+0000] {processor.py:840} INFO - DAG(s) 'example_weekday_branch_operator' retrieved from /home/airflow/.local/lib/python3.8/site-packages/airflow/example_dags/example_branch_day_of_week_operator.py
[2026-05-17T03:32:14.736+0000] {logging_mixin.py:188} INFO - [2026-05-17T03:32:14.735+0000] {dag.py:3036} INFO - Sync 1 DAGs
[2026-05-17T03:32:14.772+0000] {logging_mixin.py:188} INFO - [2026-05-17T03:32:14.772+0000] {dag.py:3823} INFO - Setting next_dagrun for example_weekday_branch_operator to 2026-05-16 00:00:00+00:00, run_after=2026-05-17 00:00:00+00:00
[2026-05-17T03:32:14.800+0000] {processor.py:183} INFO - Processing /home/airflow/.local/lib/python3.8/site-packages/airflow/example_dags/example_branch_day_of_week_operator.py took 0.128 seconds
[2026-05-17T03:32:45.089+0000] {processor.py:161} INFO - Started process (PID=1666) to work on /home/airflow/.local/lib/python3.8/site-packages/airflow/example_dags/example_branch_day_of_week_operator.py
[2026-05-17T03:32:45.091+0000] {processor.py:830} INFO - Processing file /home/airflow/.local/lib/python3.8/site-packages/airflow/example_dags/example_branch_day_of_week_operator.py for tasks to queue
[2026-05-17T03:32:45.094+0000] {logging_mixin.py:188} INFO - [2026-05-17T03:32:45.094+0000] {dagbag.py:538} INFO - Filling up the DagBag from /home/airflow/.local/lib/python3.8/site-packages/airflow/example_dags/example_branch_day_of_week_operator.py
[2026-05-17T03:32:45.106+0000] {processor.py:840} INFO - DAG(s) 'example_weekday_branch_operator' retrieved from /home/airflow/.local/lib/python3.8/site-packages/airflow/example_dags/example_branch_day_of_week_operator.py
[2026-05-17T03:32:45.146+0000] {logging_mixin.py:188} INFO - [2026-05-17T03:32:45.146+0000] {dag.py:3036} INFO - Sync 1 DAGs
[2026-05-17T03:32:45.187+0000] {logging_mixin.py:188} INFO - [2026-05-17T03:32:45.187+0000] {dag.py:3823} INFO - Setting next_dagrun for example_weekday_branch_operator to 2026-05-16 00:00:00+00:00, run_after=2026-05-17 00:00:00+00:00
[2026-05-17T03:32:45.218+0000] {processor.py:183} INFO - Processing /home/airflow/.local/lib/python3.8/site-packages/airflow/example_dags/example_branch_day_of_week_operator.py took 0.134 seconds
[2026-05-17T03:33:15.352+0000] {processor.py:161} INFO - Started process (PID=1730) to work on /home/airflow/.local/lib/python3.8/site-packages/airflow/example_dags/example_branch_day_of_week_operator.py
[2026-05-17T03:33:15.354+0000] {processor.py:830} INFO - Processing file /home/airflow/.local/lib/python3.8/site-packages/airflow/example_dags/example_branch_day_of_week_operator.py for tasks to queue
[2026-05-17T03:33:15.357+0000] {logging_mixin.py:188} INFO - [2026-05-17T03:33:15.356+0000] {dagbag.py:538} INFO - Filling up the DagBag from /home/airflow/.local/lib/python3.8/site-packages/airflow/example_dags/example_branch_day_of_week_operator.py
[2026-05-17T03:33:15.369+0000] {processor.py:840} INFO - DAG(s) 'example_weekday_branch_operator' retrieved from /home/airflow/.local/lib/python3.8/site-packages/airflow/example_dags/example_branch_day_of_week_operator.py
[2026-05-17T03:33:15.408+0000] {logging_mixin.py:188} INFO - [2026-05-17T03:33:15.408+0000] {dag.py:3036} INFO - Sync 1 DAGs
[2026-05-17T03:33:15.447+0000] {logging_mixin.py:188} INFO - [2026-05-17T03:33:15.447+0000] {dag.py:3823} INFO - Setting next_dagrun for example_weekday_branch_operator to 2026-05-16 00:00:00+00:00, run_after=2026-05-17 00:00:00+00:00
[2026-05-17T03:33:15.474+0000] {processor.py:183} INFO - Processing /home/airflow/.local/lib/python3.8/site-packages/airflow/example_dags/example_branch_day_of_week_operator.py took 0.128 seconds
[2026-05-17T03:33:45.575+0000] {processor.py:161} INFO - Started process (PID=1795) to work on /home/airflow/.local/lib/python3.8/site-packages/airflow/example_dags/example_branch_day_of_week_operator.py
[2026-05-17T03:33:45.576+0000] {processor.py:830} INFO - Processing file /home/airflow/.local/lib/python3.8/site-packages/airflow/example_dags/example_branch_day_of_week_operator.py for tasks to queue
[2026-05-17T03:33:45.579+0000] {logging_mixin.py:188} INFO - [2026-05-17T03:33:45.579+0000] {dagbag.py:538} INFO - Filling up the DagBag from /home/airflow/.local/lib/python3.8/site-packages/airflow/example_dags/example_branch_day_of_week_operator.py
[2026-05-17T03:33:45.591+0000] {processor.py:840} INFO - DAG(s) 'example_weekday_branch_operator' retrieved from /home/airflow/.local/lib/python3.8/site-packages/airflow/example_dags/example_branch_day_of_week_operator.py
[2026-05-17T03:33:45.628+0000] {logging_mixin.py:188} INFO - [2026-05-17T03:33:45.628+0000] {dag.py:3036} INFO - Sync 1 DAGs
[2026-05-17T03:33:45.671+0000] {logging_mixin.py:188} INFO - [2026-05-17T03:33:45.671+0000] {dag.py:3823} INFO - Setting next_dagrun for example_weekday_branch_operator to 2026-05-16 00:00:00+00:00, run_after=2026-05-17 00:00:00+00:00
[2026-05-17T03:33:45.700+0000] {processor.py:183} INFO - Processing /home/airflow/.local/lib/python3.8/site-packages/airflow/example_dags/example_branch_day_of_week_operator.py took 0.130 seconds
[2026-05-17T03:34:15.987+0000] {processor.py:161} INFO - Started process (PID=1860) to work on /home/airflow/.local/lib/python3.8/site-packages/airflow/example_dags/example_branch_day_of_week_operator.py
[2026-05-17T03:34:15.990+0000] {processor.py:830} INFO - Processing file /home/airflow/.local/lib/python3.8/site-packages/airflow/example_dags/example_branch_day_of_week_operator.py for tasks to queue
[2026-05-17T03:34:15.993+0000] {logging_mixin.py:188} INFO - [2026-05-17T03:34:15.992+0000] {dagbag.py:538} INFO - Filling up the DagBag from /home/airflow/.local/lib/python3.8/site-packages/airflow/example_dags/example_branch_day_of_week_operator.py
[2026-05-17T03:34:16.007+0000] {processor.py:840} INFO - DAG(s) 'example_weekday_branch_operator' retrieved from /home/airflow/.local/lib/python3.8/site-packages/airflow/example_dags/example_branch_day_of_week_operator.py
[2026-05-17T03:34:16.051+0000] {logging_mixin.py:188} INFO - [2026-05-17T03:34:16.050+0000] {dag.py:3036} INFO - Sync 1 DAGs
[2026-05-17T03:34:16.100+0000] {logging_mixin.py:188} INFO - [2026-05-17T03:34:16.100+0000] {dag.py:3823} INFO - Setting next_dagrun for example_weekday_branch_operator to 2026-05-16 00:00:00+00:00, run_after=2026-05-17 00:00:00+00:00
[2026-05-17T03:34:16.139+0000] {processor.py:183} INFO - Processing /home/airflow/.local/lib/python3.8/site-packages/airflow/example_dags/example_branch_day_of_week_operator.py took 0.157 seconds
[2026-05-17T03:34:46.347+0000] {processor.py:161} INFO - Started process (PID=1925) to work on /home/airflow/.local/lib/python3.8/site-packages/airflow/example_dags/example_branch_day_of_week_operator.py
[2026-05-17T03:34:46.348+0000] {processor.py:830} INFO - Processing file /home/airflow/.local/lib/python3.8/site-packages/airflow/example_dags/example_branch_day_of_week_operator.py for tasks to queue
[2026-05-17T03:34:46.351+0000] {logging_mixin.py:188} INFO - [2026-05-17T03:34:46.351+0000] {dagbag.py:538} INFO - Filling up the DagBag from /home/airflow/.local/lib/python3.8/site-packages/airflow/example_dags/example_branch_day_of_week_operator.py
[2026-05-17T03:34:46.366+0000] {processor.py:840} INFO - DAG(s) 'example_weekday_branch_operator' retrieved from /home/airflow/.local/lib/python3.8/site-packages/airflow/example_dags/example_branch_day_of_week_operator.py
[2026-05-17T03:34:46.409+0000] {logging_mixin.py:188} INFO - [2026-05-17T03:34:46.409+0000] {dag.py:3036} INFO - Sync 1 DAGs
[2026-05-17T03:34:46.455+0000] {logging_mixin.py:188} INFO - [2026-05-17T03:34:46.455+0000] {dag.py:3823} INFO - Setting next_dagrun for example_weekday_branch_operator to 2026-05-16 00:00:00+00:00, run_after=2026-05-17 00:00:00+00:00
[2026-05-17T03:34:46.488+0000] {processor.py:183} INFO - Processing /home/airflow/.local/lib/python3.8/site-packages/airflow/example_dags/example_branch_day_of_week_operator.py took 0.147 seconds
[2026-05-17T03:35:16.795+0000] {processor.py:161} INFO - Started process (PID=1990) to work on /home/airflow/.local/lib/python3.8/site-packages/airflow/example_dags/example_branch_day_of_week_operator.py
[2026-05-17T03:35:16.797+0000] {processor.py:830} INFO - Processing file /home/airflow/.local/lib/python3.8/site-packages/airflow/example_dags/example_branch_day_of_week_operator.py for tasks to queue
[2026-05-17T03:35:16.799+0000] {logging_mixin.py:188} INFO - [2026-05-17T03:35:16.799+0000] {dagbag.py:538} INFO - Filling up the DagBag from /home/airflow/.local/lib/python3.8/site-packages/airflow/example_dags/example_branch_day_of_week_operator.py
[2026-05-17T03:35:16.811+0000] {processor.py:840} INFO - DAG(s) 'example_weekday_branch_operator' retrieved from /home/airflow/.local/lib/python3.8/site-packages/airflow/example_dags/example_branch_day_of_week_operator.py
[2026-05-17T03:35:16.856+0000] {logging_mixin.py:188} INFO - [2026-05-17T03:35:16.856+0000] {dag.py:3036} INFO - Sync 1 DAGs
[2026-05-17T03:35:16.902+0000] {logging_mixin.py:188} INFO - [2026-05-17T03:35:16.902+0000] {dag.py:3823} INFO - Setting next_dagrun for example_weekday_branch_operator to 2026-05-16 00:00:00+00:00, run_after=2026-05-17 00:00:00+00:00
[2026-05-17T03:35:16.933+0000] {processor.py:183} INFO - Processing /home/airflow/.local/lib/python3.8/site-packages/airflow/example_dags/example_branch_day_of_week_operator.py took 0.143 seconds
[2026-05-17T03:35:47.353+0000] {processor.py:161} INFO - Started process (PID=2063) to work on /home/airflow/.local/lib/python3.8/site-packages/airflow/example_dags/example_branch_day_of_week_operator.py
[2026-05-17T03:35:47.355+0000] {processor.py:830} INFO - Processing file /home/airflow/.local/lib/python3.8/site-packages/airflow/example_dags/example_branch_day_of_week_operator.py for tasks to queue
[2026-05-17T03:35:47.358+0000] {logging_mixin.py:188} INFO - [2026-05-17T03:35:47.358+0000] {dagbag.py:538} INFO - Filling up the DagBag from /home/airflow/.local/lib/python3.8/site-packages/airflow/example_dags/example_branch_day_of_week_operator.py
[2026-05-17T03:35:47.373+0000] {processor.py:840} INFO - DAG(s) 'example_weekday_branch_operator' retrieved from /home/airflow/.local/lib/python3.8/site-packages/airflow/example_dags/example_branch_day_of_week_operator.py
[2026-05-17T03:35:47.416+0000] {logging_mixin.py:188} INFO - [2026-05-17T03:35:47.416+0000] {dag.py:3036} INFO - Sync 1 DAGs
[2026-05-17T03:35:47.461+0000] {logging_mixin.py:188} INFO - [2026-05-17T03:35:47.461+0000] {dag.py:3823} INFO - Setting next_dagrun for example_weekday_branch_operator to 2026-05-16 00:00:00+00:00, run_after=2026-05-17 00:00:00+00:00
[2026-05-17T03:35:47.493+0000] {processor.py:183} INFO - Processing /home/airflow/.local/lib/python3.8/site-packages/airflow/example_dags/example_branch_day_of_week_operator.py took 0.146 seconds
[2026-05-17T03:36:17.726+0000] {processor.py:161} INFO - Started process (PID=2129) to work on /home/airflow/.local/lib/python3.8/site-packages/airflow/example_dags/example_branch_day_of_week_operator.py
[2026-05-17T03:36:17.729+0000] {processor.py:830} INFO - Processing file /home/airflow/.local/lib/python3.8/site-packages/airflow/example_dags/example_branch_day_of_week_operator.py for tasks to queue
[2026-05-17T03:36:17.732+0000] {logging_mixin.py:188} INFO - [2026-05-17T03:36:17.731+0000] {dagbag.py:538} INFO - Filling up the DagBag from /home/airflow/.local/lib/python3.8/site-packages/airflow/example_dags/example_branch_day_of_week_operator.py
[2026-05-17T03:36:17.746+0000] {processor.py:840} INFO - DAG(s) 'example_weekday_branch_operator' retrieved from /home/airflow/.local/lib/python3.8/site-packages/airflow/example_dags/example_branch_day_of_week_operator.py
[2026-05-17T03:36:17.789+0000] {logging_mixin.py:188} INFO - [2026-05-17T03:36:17.789+0000] {dag.py:3036} INFO - Sync 1 DAGs
[2026-05-17T03:36:17.837+0000] {logging_mixin.py:188} INFO - [2026-05-17T03:36:17.836+0000] {dag.py:3823} INFO - Setting next_dagrun for example_weekday_branch_operator to 2026-05-16 00:00:00+00:00, run_after=2026-05-17 00:00:00+00:00
[2026-05-17T03:36:17.872+0000] {processor.py:183} INFO - Processing /home/airflow/.local/lib/python3.8/site-packages/airflow/example_dags/example_branch_day_of_week_operator.py took 0.152 seconds
[2026-05-17T03:36:48.653+0000] {processor.py:161} INFO - Started process (PID=2195) to work on /home/airflow/.local/lib/python3.8/site-packages/airflow/example_dags/example_branch_day_of_week_operator.py
[2026-05-17T03:36:48.654+0000] {processor.py:830} INFO - Processing file /home/airflow/.local/lib/python3.8/site-packages/airflow/example_dags/example_branch_day_of_week_operator.py for tasks to queue
[2026-05-17T03:36:48.656+0000] {logging_mixin.py:188} INFO - [2026-05-17T03:36:48.656+0000] {dagbag.py:538} INFO - Filling up the DagBag from /home/airflow/.local/lib/python3.8/site-packages/airflow/example_dags/example_branch_day_of_week_operator.py
[2026-05-17T03:36:48.668+0000] {processor.py:840} INFO - DAG(s) 'example_weekday_branch_operator' retrieved from /home/airflow/.local/lib/python3.8/site-packages/airflow/example_dags/example_branch_day_of_week_operator.py
[2026-05-17T03:36:48.705+0000] {logging_mixin.py:188} INFO - [2026-05-17T03:36:48.704+0000] {dag.py:3036} INFO - Sync 1 DAGs
[2026-05-17T03:36:48.743+0000] {logging_mixin.py:188} INFO - [2026-05-17T03:36:48.743+0000] {dag.py:3823} INFO - Setting next_dagrun for example_weekday_branch_operator to 2026-05-16 00:00:00+00:00, run_after=2026-05-17 00:00:00+00:00
[2026-05-17T03:36:48.772+0000] {processor.py:183} INFO - Processing /home/airflow/.local/lib/python3.8/site-packages/airflow/example_dags/example_branch_day_of_week_operator.py took 0.124 seconds
[2026-05-17T03:37:18.904+0000] {processor.py:161} INFO - Started process (PID=2261) to work on /home/airflow/.local/lib/python3.8/site-packages/airflow/example_dags/example_branch_day_of_week_operator.py
[2026-05-17T03:37:18.906+0000] {processor.py:830} INFO - Processing file /home/airflow/.local/lib/python3.8/site-packages/airflow/example_dags/example_branch_day_of_week_operator.py for tasks to queue
[2026-05-17T03:37:18.909+0000] {logging_mixin.py:188} INFO - [2026-05-17T03:37:18.908+0000] {dagbag.py:538} INFO - Filling up the DagBag from /home/airflow/.local/lib/python3.8/site-packages/airflow/example_dags/example_branch_day_of_week_operator.py
[2026-05-17T03:37:18.920+0000] {processor.py:840} INFO - DAG(s) 'example_weekday_branch_operator' retrieved from /home/airflow/.local/lib/python3.8/site-packages/airflow/example_dags/example_branch_day_of_week_operator.py
[2026-05-17T03:37:18.961+0000] {logging_mixin.py:188} INFO - [2026-05-17T03:37:18.961+0000] {dag.py:3036} INFO - Sync 1 DAGs
[2026-05-17T03:37:19.000+0000] {logging_mixin.py:188} INFO - [2026-05-17T03:37:19.000+0000] {dag.py:3823} INFO - Setting next_dagrun for example_weekday_branch_operator to 2026-05-16 00:00:00+00:00, run_after=2026-05-17 00:00:00+00:00
[2026-05-17T03:37:19.029+0000] {processor.py:183} INFO - Processing /home/airflow/.local/lib/python3.8/site-packages/airflow/example_dags/example_branch_day_of_week_operator.py took 0.130 seconds
[2026-05-17T03:37:49.410+0000] {processor.py:161} INFO - Started process (PID=2326) to work on /home/airflow/.local/lib/python3.8/site-packages/airflow/example_dags/example_branch_day_of_week_operator.py
[2026-05-17T03:37:49.411+0000] {processor.py:830} INFO - Processing file /home/airflow/.local/lib/python3.8/site-packages/airflow/example_dags/example_branch_day_of_week_operator.py for tasks to queue
[2026-05-17T03:37:49.414+0000] {logging_mixin.py:188} INFO - [2026-05-17T03:37:49.414+0000] {dagbag.py:538} INFO - Filling up the DagBag from /home/airflow/.local/lib/python3.8/site-packages/airflow/example_dags/example_branch_day_of_week_operator.py
[2026-05-17T03:37:49.428+0000] {processor.py:840} INFO - DAG(s) 'example_weekday_branch_operator' retrieved from /home/airflow/.local/lib/python3.8/site-packages/airflow/example_dags/example_branch_day_of_week_operator.py
[2026-05-17T03:37:49.475+0000] {logging_mixin.py:188} INFO - [2026-05-17T03:37:49.474+0000] {dag.py:3036} INFO - Sync 1 DAGs
[2026-05-17T03:37:49.519+0000] {logging_mixin.py:188} INFO - [2026-05-17T03:37:49.519+0000] {dag.py:3823} INFO - Setting next_dagrun for example_weekday_branch_operator to 2026-05-16 00:00:00+00:00, run_after=2026-05-17 00:00:00+00:00
[2026-05-17T03:37:49.549+0000] {processor.py:183} INFO - Processing /home/airflow/.local/lib/python3.8/site-packages/airflow/example_dags/example_branch_day_of_week_operator.py took 0.145 seconds
[2026-05-17T03:38:19.850+0000] {processor.py:161} INFO - Started process (PID=2393) to work on /home/airflow/.local/lib/python3.8/site-packages/airflow/example_dags/example_branch_day_of_week_operator.py
[2026-05-17T03:38:19.852+0000] {processor.py:830} INFO - Processing file /home/airflow/.local/lib/python3.8/site-packages/airflow/example_dags/example_branch_day_of_week_operator.py for tasks to queue
[2026-05-17T03:38:19.855+0000] {logging_mixin.py:188} INFO - [2026-05-17T03:38:19.855+0000] {dagbag.py:538} INFO - Filling up the DagBag from /home/airflow/.local/lib/python3.8/site-packages/airflow/example_dags/example_branch_day_of_week_operator.py
[2026-05-17T03:38:19.867+0000] {processor.py:840} INFO - DAG(s) 'example_weekday_branch_operator' retrieved from /home/airflow/.local/lib/python3.8/site-packages/airflow/example_dags/example_branch_day_of_week_operator.py
[2026-05-17T03:38:19.908+0000] {logging_mixin.py:188} INFO - [2026-05-17T03:38:19.907+0000] {dag.py:3036} INFO - Sync 1 DAGs
[2026-05-17T03:38:19.956+0000] {logging_mixin.py:188} INFO - [2026-05-17T03:38:19.956+0000] {dag.py:3823} INFO - Setting next_dagrun for example_weekday_branch_operator to 2026-05-16 00:00:00+00:00, run_after=2026-05-17 00:00:00+00:00
[2026-05-17T03:38:20.001+0000] {processor.py:183} INFO - Processing /home/airflow/.local/lib/python3.8/site-packages/airflow/example_dags/example_branch_day_of_week_operator.py took 0.156 seconds
[2026-05-17T03:38:50.576+0000] {processor.py:161} INFO - Started process (PID=2459) to work on /home/airflow/.local/lib/python3.8/site-packages/airflow/example_dags/example_branch_day_of_week_operator.py
[2026-05-17T03:38:50.577+0000] {processor.py:830} INFO - Processing file /home/airflow/.local/lib/python3.8/site-packages/airflow/example_dags/example_branch_day_of_week_operator.py for tasks to queue
[2026-05-17T03:38:50.580+0000] {logging_mixin.py:188} INFO - [2026-05-17T03:38:50.580+0000] {dagbag.py:538} INFO - Filling up the DagBag from /home/airflow/.local/lib/python3.8/site-packages/airflow/example_dags/example_branch_day_of_week_operator.py
[2026-05-17T03:38:50.592+0000] {processor.py:840} INFO - DAG(s) 'example_weekday_branch_operator' retrieved from /home/airflow/.local/lib/python3.8/site-packages/airflow/example_dags/example_branch_day_of_week_operator.py
[2026-05-17T03:38:50.632+0000] {logging_mixin.py:188} INFO - [2026-05-17T03:38:50.632+0000] {dag.py:3036} INFO - Sync 1 DAGs
[2026-05-17T03:38:50.674+0000] {logging_mixin.py:188} INFO - [2026-05-17T03:38:50.673+0000] {dag.py:3823} INFO - Setting next_dagrun for example_weekday_branch_operator to 2026-05-16 00:00:00+00:00, run_after=2026-05-17 00:00:00+00:00
[2026-05-17T03:38:50.721+0000] {processor.py:183} INFO - Processing /home/airflow/.local/lib/python3.8/site-packages/airflow/example_dags/example_branch_day_of_week_operator.py took 0.151 seconds
[2026-05-17T03:39:21.099+0000] {processor.py:161} INFO - Started process (PID=2526) to work on /home/airflow/.local/lib/python3.8/site-packages/airflow/example_dags/example_branch_day_of_week_operator.py
[2026-05-17T03:39:21.101+0000] {processor.py:830} INFO - Processing file /home/airflow/.local/lib/python3.8/site-packages/airflow/example_dags/example_branch_day_of_week_operator.py for tasks to queue
[2026-05-17T03:39:21.104+0000] {logging_mixin.py:188} INFO - [2026-05-17T03:39:21.103+0000] {dagbag.py:538} INFO - Filling up the DagBag from /home/airflow/.local/lib/python3.8/site-packages/airflow/example_dags/example_branch_day_of_week_operator.py
[2026-05-17T03:39:21.116+0000] {processor.py:840} INFO - DAG(s) 'example_weekday_branch_operator' retrieved from /home/airflow/.local/lib/python3.8/site-packages/airflow/example_dags/example_branch_day_of_week_operator.py
[2026-05-17T03:39:21.158+0000] {logging_mixin.py:188} INFO - [2026-05-17T03:39:21.157+0000] {dag.py:3036} INFO - Sync 1 DAGs
[2026-05-17T03:39:21.201+0000] {logging_mixin.py:188} INFO - [2026-05-17T03:39:21.201+0000] {dag.py:3823} INFO - Setting next_dagrun for example_weekday_branch_operator to 2026-05-16 00:00:00+00:00, run_after=2026-05-17 00:00:00+00:00
[2026-05-17T03:39:21.231+0000] {processor.py:183} INFO - Processing /home/airflow/.local/lib/python3.8/site-packages/airflow/example_dags/example_branch_day_of_week_operator.py took 0.137 seconds
[2026-05-17T03:39:51.634+0000] {processor.py:161} INFO - Started process (PID=2592) to work on /home/airflow/.local/lib/python3.8/site-packages/airflow/example_dags/example_branch_day_of_week_operator.py
[2026-05-17T03:39:51.635+0000] {processor.py:830} INFO - Processing file /home/airflow/.local/lib/python3.8/site-packages/airflow/example_dags/example_branch_day_of_week_operator.py for tasks to queue
[2026-05-17T03:39:51.637+0000] {logging_mixin.py:188} INFO - [2026-05-17T03:39:51.637+0000] {dagbag.py:538} INFO - Filling up the DagBag from /home/airflow/.local/lib/python3.8/site-packages/airflow/example_dags/example_branch_day_of_week_operator.py
[2026-05-17T03:39:51.650+0000] {processor.py:840} INFO - DAG(s) 'example_weekday_branch_operator' retrieved from /home/airflow/.local/lib/python3.8/site-packages/airflow/example_dags/example_branch_day_of_week_operator.py
[2026-05-17T03:39:51.688+0000] {logging_mixin.py:188} INFO - [2026-05-17T03:39:51.687+0000] {dag.py:3036} INFO - Sync 1 DAGs
[2026-05-17T03:39:51.731+0000] {logging_mixin.py:188} INFO - [2026-05-17T03:39:51.731+0000] {dag.py:3823} INFO - Setting next_dagrun for example_weekday_branch_operator to 2026-05-16 00:00:00+00:00, run_after=2026-05-17 00:00:00+00:00
[2026-05-17T03:39:51.761+0000] {processor.py:183} INFO - Processing /home/airflow/.local/lib/python3.8/site-packages/airflow/example_dags/example_branch_day_of_week_operator.py took 0.132 seconds
[2026-05-17T03:40:22.632+0000] {processor.py:161} INFO - Started process (PID=2681) to work on /home/airflow/.local/lib/python3.8/site-packages/airflow/example_dags/example_branch_day_of_week_operator.py
[2026-05-17T03:40:22.634+0000] {processor.py:830} INFO - Processing file /home/airflow/.local/lib/python3.8/site-packages/airflow/example_dags/example_branch_day_of_week_operator.py for tasks to queue
[2026-05-17T03:40:22.637+0000] {logging_mixin.py:188} INFO - [2026-05-17T03:40:22.637+0000] {dagbag.py:538} INFO - Filling up the DagBag from /home/airflow/.local/lib/python3.8/site-packages/airflow/example_dags/example_branch_day_of_week_operator.py
[2026-05-17T03:40:22.669+0000] {processor.py:840} INFO - DAG(s) 'example_weekday_branch_operator' retrieved from /home/airflow/.local/lib/python3.8/site-packages/airflow/example_dags/example_branch_day_of_week_operator.py
[2026-05-17T03:40:22.711+0000] {logging_mixin.py:188} INFO - [2026-05-17T03:40:22.711+0000] {dag.py:3036} INFO - Sync 1 DAGs
[2026-05-17T03:40:22.760+0000] {logging_mixin.py:188} INFO - [2026-05-17T03:40:22.759+0000] {dag.py:3823} INFO - Setting next_dagrun for example_weekday_branch_operator to 2026-05-16 00:00:00+00:00, run_after=2026-05-17 00:00:00+00:00
[2026-05-17T03:40:22.796+0000] {processor.py:183} INFO - Processing /home/airflow/.local/lib/python3.8/site-packages/airflow/example_dags/example_branch_day_of_week_operator.py took 0.177 seconds
[2026-05-17T03:40:53.431+0000] {processor.py:161} INFO - Started process (PID=2748) to work on /home/airflow/.local/lib/python3.8/site-packages/airflow/example_dags/example_branch_day_of_week_operator.py
[2026-05-17T03:40:53.433+0000] {processor.py:830} INFO - Processing file /home/airflow/.local/lib/python3.8/site-packages/airflow/example_dags/example_branch_day_of_week_operator.py for tasks to queue
[2026-05-17T03:40:53.436+0000] {logging_mixin.py:188} INFO - [2026-05-17T03:40:53.435+0000] {dagbag.py:538} INFO - Filling up the DagBag from /home/airflow/.local/lib/python3.8/site-packages/airflow/example_dags/example_branch_day_of_week_operator.py
[2026-05-17T03:40:53.450+0000] {processor.py:840} INFO - DAG(s) 'example_weekday_branch_operator' retrieved from /home/airflow/.local/lib/python3.8/site-packages/airflow/example_dags/example_branch_day_of_week_operator.py
[2026-05-17T03:40:53.503+0000] {logging_mixin.py:188} INFO - [2026-05-17T03:40:53.501+0000] {dag.py:3036} INFO - Sync 1 DAGs
[2026-05-17T03:40:53.563+0000] {logging_mixin.py:188} INFO - [2026-05-17T03:40:53.562+0000] {dag.py:3823} INFO - Setting next_dagrun for example_weekday_branch_operator to 2026-05-16 00:00:00+00:00, run_after=2026-05-17 00:00:00+00:00
[2026-05-17T03:40:53.614+0000] {processor.py:183} INFO - Processing /home/airflow/.local/lib/python3.8/site-packages/airflow/example_dags/example_branch_day_of_week_operator.py took 0.189 seconds
[2026-05-17T03:41:23.763+0000] {processor.py:161} INFO - Started process (PID=2815) to work on /home/airflow/.local/lib/python3.8/site-packages/airflow/example_dags/example_branch_day_of_week_operator.py
[2026-05-17T03:41:23.764+0000] {processor.py:830} INFO - Processing file /home/airflow/.local/lib/python3.8/site-packages/airflow/example_dags/example_branch_day_of_week_operator.py for tasks to queue
[2026-05-17T03:41:23.767+0000] {logging_mixin.py:188} INFO - [2026-05-17T03:41:23.767+0000] {dagbag.py:538} INFO - Filling up the DagBag from /home/airflow/.local/lib/python3.8/site-packages/airflow/example_dags/example_branch_day_of_week_operator.py
[2026-05-17T03:41:23.782+0000] {processor.py:840} INFO - DAG(s) 'example_weekday_branch_operator' retrieved from /home/airflow/.local/lib/python3.8/site-packages/airflow/example_dags/example_branch_day_of_week_operator.py
[2026-05-17T03:41:23.822+0000] {logging_mixin.py:188} INFO - [2026-05-17T03:41:23.821+0000] {dag.py:3036} INFO - Sync 1 DAGs
[2026-05-17T03:41:23.864+0000] {logging_mixin.py:188} INFO - [2026-05-17T03:41:23.864+0000] {dag.py:3823} INFO - Setting next_dagrun for example_weekday_branch_operator to 2026-05-16 00:00:00+00:00, run_after=2026-05-17 00:00:00+00:00
[2026-05-17T03:41:23.898+0000] {processor.py:183} INFO - Processing /home/airflow/.local/lib/python3.8/site-packages/airflow/example_dags/example_branch_day_of_week_operator.py took 0.142 seconds
[2026-05-17T03:41:53.948+0000] {processor.py:161} INFO - Started process (PID=2880) to work on /home/airflow/.local/lib/python3.8/site-packages/airflow/example_dags/example_branch_day_of_week_operator.py
[2026-05-17T03:41:53.950+0000] {processor.py:830} INFO - Processing file /home/airflow/.local/lib/python3.8/site-packages/airflow/example_dags/example_branch_day_of_week_operator.py for tasks to queue
[2026-05-17T03:41:53.953+0000] {logging_mixin.py:188} INFO - [2026-05-17T03:41:53.952+0000] {dagbag.py:538} INFO - Filling up the DagBag from /home/airflow/.local/lib/python3.8/site-packages/airflow/example_dags/example_branch_day_of_week_operator.py
[2026-05-17T03:41:53.965+0000] {processor.py:840} INFO - DAG(s) 'example_weekday_branch_operator' retrieved from /home/airflow/.local/lib/python3.8/site-packages/airflow/example_dags/example_branch_day_of_week_operator.py
[2026-05-17T03:41:54.012+0000] {logging_mixin.py:188} INFO - [2026-05-17T03:41:54.012+0000] {dag.py:3036} INFO - Sync 1 DAGs
[2026-05-17T03:41:54.057+0000] {logging_mixin.py:188} INFO - [2026-05-17T03:41:54.057+0000] {dag.py:3823} INFO - Setting next_dagrun for example_weekday_branch_operator to 2026-05-16 00:00:00+00:00, run_after=2026-05-17 00:00:00+00:00
[2026-05-17T03:41:54.088+0000] {processor.py:183} INFO - Processing /home/airflow/.local/lib/python3.8/site-packages/airflow/example_dags/example_branch_day_of_week_operator.py took 0.145 seconds
[2026-05-17T03:42:24.244+0000] {processor.py:161} INFO - Started process (PID=2948) to work on /home/airflow/.local/lib/python3.8/site-packages/airflow/example_dags/example_branch_day_of_week_operator.py
[2026-05-17T03:42:24.245+0000] {processor.py:830} INFO - Processing file /home/airflow/.local/lib/python3.8/site-packages/airflow/example_dags/example_branch_day_of_week_operator.py for tasks to queue
[2026-05-17T03:42:24.249+0000] {logging_mixin.py:188} INFO - [2026-05-17T03:42:24.248+0000] {dagbag.py:538} INFO - Filling up the DagBag from /home/airflow/.local/lib/python3.8/site-packages/airflow/example_dags/example_branch_day_of_week_operator.py
[2026-05-17T03:42:24.261+0000] {processor.py:840} INFO - DAG(s) 'example_weekday_branch_operator' retrieved from /home/airflow/.local/lib/python3.8/site-packages/airflow/example_dags/example_branch_day_of_week_operator.py
[2026-05-17T03:42:24.301+0000] {logging_mixin.py:188} INFO - [2026-05-17T03:42:24.300+0000] {dag.py:3036} INFO - Sync 1 DAGs
[2026-05-17T03:42:24.339+0000] {logging_mixin.py:188} INFO - [2026-05-17T03:42:24.339+0000] {dag.py:3823} INFO - Setting next_dagrun for example_weekday_branch_operator to 2026-05-16 00:00:00+00:00, run_after=2026-05-17 00:00:00+00:00
[2026-05-17T03:42:24.368+0000] {processor.py:183} INFO - Processing /home/airflow/.local/lib/python3.8/site-packages/airflow/example_dags/example_branch_day_of_week_operator.py took 0.129 seconds
[2026-05-17T03:42:54.673+0000] {processor.py:161} INFO - Started process (PID=3014) to work on /home/airflow/.local/lib/python3.8/site-packages/airflow/example_dags/example_branch_day_of_week_operator.py
[2026-05-17T03:42:54.675+0000] {processor.py:830} INFO - Processing file /home/airflow/.local/lib/python3.8/site-packages/airflow/example_dags/example_branch_day_of_week_operator.py for tasks to queue
[2026-05-17T03:42:54.678+0000] {logging_mixin.py:188} INFO - [2026-05-17T03:42:54.677+0000] {dagbag.py:538} INFO - Filling up the DagBag from /home/airflow/.local/lib/python3.8/site-packages/airflow/example_dags/example_branch_day_of_week_operator.py
[2026-05-17T03:42:54.692+0000] {processor.py:840} INFO - DAG(s) 'example_weekday_branch_operator' retrieved from /home/airflow/.local/lib/python3.8/site-packages/airflow/example_dags/example_branch_day_of_week_operator.py
[2026-05-17T03:42:54.730+0000] {logging_mixin.py:188} INFO - [2026-05-17T03:42:54.730+0000] {dag.py:3036} INFO - Sync 1 DAGs
[2026-05-17T03:42:54.768+0000] {logging_mixin.py:188} INFO - [2026-05-17T03:42:54.768+0000] {dag.py:3823} INFO - Setting next_dagrun for example_weekday_branch_operator to 2026-05-16 00:00:00+00:00, run_after=2026-05-17 00:00:00+00:00
[2026-05-17T03:42:54.799+0000] {processor.py:183} INFO - Processing /home/airflow/.local/lib/python3.8/site-packages/airflow/example_dags/example_branch_day_of_week_operator.py took 0.132 seconds
[2026-05-17T03:43:25.488+0000] {processor.py:161} INFO - Started process (PID=3079) to work on /home/airflow/.local/lib/python3.8/site-packages/airflow/example_dags/example_branch_day_of_week_operator.py
[2026-05-17T03:43:25.489+0000] {processor.py:830} INFO - Processing file /home/airflow/.local/lib/python3.8/site-packages/airflow/example_dags/example_branch_day_of_week_operator.py for tasks to queue
[2026-05-17T03:43:25.492+0000] {logging_mixin.py:188} INFO - [2026-05-17T03:43:25.491+0000] {dagbag.py:538} INFO - Filling up the DagBag from /home/airflow/.local/lib/python3.8/site-packages/airflow/example_dags/example_branch_day_of_week_operator.py
[2026-05-17T03:43:25.505+0000] {processor.py:840} INFO - DAG(s) 'example_weekday_branch_operator' retrieved from /home/airflow/.local/lib/python3.8/site-packages/airflow/example_dags/example_branch_day_of_week_operator.py
[2026-05-17T03:43:25.546+0000] {logging_mixin.py:188} INFO - [2026-05-17T03:43:25.545+0000] {dag.py:3036} INFO - Sync 1 DAGs
[2026-05-17T03:43:25.590+0000] {logging_mixin.py:188} INFO - [2026-05-17T03:43:25.590+0000] {dag.py:3823} INFO - Setting next_dagrun for example_weekday_branch_operator to 2026-05-16 00:00:00+00:00, run_after=2026-05-17 00:00:00+00:00
[2026-05-17T03:43:25.621+0000] {processor.py:183} INFO - Processing /home/airflow/.local/lib/python3.8/site-packages/airflow/example_dags/example_branch_day_of_week_operator.py took 0.137 seconds
[2026-05-17T03:43:55.761+0000] {processor.py:161} INFO - Started process (PID=3145) to work on /home/airflow/.local/lib/python3.8/site-packages/airflow/example_dags/example_branch_day_of_week_operator.py
[2026-05-17T03:43:55.763+0000] {processor.py:830} INFO - Processing file /home/airflow/.local/lib/python3.8/site-packages/airflow/example_dags/example_branch_day_of_week_operator.py for tasks to queue
[2026-05-17T03:43:55.766+0000] {logging_mixin.py:188} INFO - [2026-05-17T03:43:55.766+0000] {dagbag.py:538} INFO - Filling up the DagBag from /home/airflow/.local/lib/python3.8/site-packages/airflow/example_dags/example_branch_day_of_week_operator.py
[2026-05-17T03:43:55.779+0000] {processor.py:840} INFO - DAG(s) 'example_weekday_branch_operator' retrieved from /home/airflow/.local/lib/python3.8/site-packages/airflow/example_dags/example_branch_day_of_week_operator.py
[2026-05-17T03:43:55.822+0000] {logging_mixin.py:188} INFO - [2026-05-17T03:43:55.821+0000] {dag.py:3036} INFO - Sync 1 DAGs
[2026-05-17T03:43:56.107+0000] {logging_mixin.py:188} INFO - [2026-05-17T03:43:56.104+0000] {dag.py:3823} INFO - Setting next_dagrun for example_weekday_branch_operator to 2026-05-16 00:00:00+00:00, run_after=2026-05-17 00:00:00+00:00
[2026-05-17T03:43:56.160+0000] {processor.py:183} INFO - Processing /home/airflow/.local/lib/python3.8/site-packages/airflow/example_dags/example_branch_day_of_week_operator.py took 0.404 seconds
[2026-05-17T03:44:26.731+0000] {processor.py:161} INFO - Started process (PID=3211) to work on /home/airflow/.local/lib/python3.8/site-packages/airflow/example_dags/example_branch_day_of_week_operator.py
[2026-05-17T03:44:26.732+0000] {processor.py:830} INFO - Processing file /home/airflow/.local/lib/python3.8/site-packages/airflow/example_dags/example_branch_day_of_week_operator.py for tasks to queue
[2026-05-17T03:44:26.736+0000] {logging_mixin.py:188} INFO - [2026-05-17T03:44:26.735+0000] {dagbag.py:538} INFO - Filling up the DagBag from /home/airflow/.local/lib/python3.8/site-packages/airflow/example_dags/example_branch_day_of_week_operator.py
[2026-05-17T03:44:26.748+0000] {processor.py:840} INFO - DAG(s) 'example_weekday_branch_operator' retrieved from /home/airflow/.local/lib/python3.8/site-packages/airflow/example_dags/example_branch_day_of_week_operator.py
[2026-05-17T03:44:26.789+0000] {logging_mixin.py:188} INFO - [2026-05-17T03:44:26.789+0000] {dag.py:3036} INFO - Sync 1 DAGs
[2026-05-17T03:44:26.829+0000] {logging_mixin.py:188} INFO - [2026-05-17T03:44:26.829+0000] {dag.py:3823} INFO - Setting next_dagrun for example_weekday_branch_operator to 2026-05-16 00:00:00+00:00, run_after=2026-05-17 00:00:00+00:00
[2026-05-17T03:44:26.860+0000] {processor.py:183} INFO - Processing /home/airflow/.local/lib/python3.8/site-packages/airflow/example_dags/example_branch_day_of_week_operator.py took 0.135 seconds
[2026-05-17T03:44:57.734+0000] {processor.py:161} INFO - Started process (PID=3277) to work on /home/airflow/.local/lib/python3.8/site-packages/airflow/example_dags/example_branch_day_of_week_operator.py
[2026-05-17T03:44:57.736+0000] {processor.py:830} INFO - Processing file /home/airflow/.local/lib/python3.8/site-packages/airflow/example_dags/example_branch_day_of_week_operator.py for tasks to queue
[2026-05-17T03:44:57.739+0000] {logging_mixin.py:188} INFO - [2026-05-17T03:44:57.738+0000] {dagbag.py:538} INFO - Filling up the DagBag from /home/airflow/.local/lib/python3.8/site-packages/airflow/example_dags/example_branch_day_of_week_operator.py
[2026-05-17T03:44:57.752+0000] {processor.py:840} INFO - DAG(s) 'example_weekday_branch_operator' retrieved from /home/airflow/.local/lib/python3.8/site-packages/airflow/example_dags/example_branch_day_of_week_operator.py
[2026-05-17T03:44:57.793+0000] {logging_mixin.py:188} INFO - [2026-05-17T03:44:57.793+0000] {dag.py:3036} INFO - Sync 1 DAGs
[2026-05-17T03:44:57.837+0000] {logging_mixin.py:188} INFO - [2026-05-17T03:44:57.836+0000] {dag.py:3823} INFO - Setting next_dagrun for example_weekday_branch_operator to 2026-05-16 00:00:00+00:00, run_after=2026-05-17 00:00:00+00:00
[2026-05-17T03:44:57.866+0000] {processor.py:183} INFO - Processing /home/airflow/.local/lib/python3.8/site-packages/airflow/example_dags/example_branch_day_of_week_operator.py took 0.138 seconds
[2026-05-17T03:45:28.639+0000] {processor.py:161} INFO - Started process (PID=3343) to work on /home/airflow/.local/lib/python3.8/site-packages/airflow/example_dags/example_branch_day_of_week_operator.py
[2026-05-17T03:45:28.640+0000] {processor.py:830} INFO - Processing file /home/airflow/.local/lib/python3.8/site-packages/airflow/example_dags/example_branch_day_of_week_operator.py for tasks to queue
[2026-05-17T03:45:28.643+0000] {logging_mixin.py:188} INFO - [2026-05-17T03:45:28.643+0000] {dagbag.py:538} INFO - Filling up the DagBag from /home/airflow/.local/lib/python3.8/site-packages/airflow/example_dags/example_branch_day_of_week_operator.py
[2026-05-17T03:45:28.659+0000] {processor.py:840} INFO - DAG(s) 'example_weekday_branch_operator' retrieved from /home/airflow/.local/lib/python3.8/site-packages/airflow/example_dags/example_branch_day_of_week_operator.py
[2026-05-17T03:45:28.702+0000] {logging_mixin.py:188} INFO - [2026-05-17T03:45:28.702+0000] {dag.py:3036} INFO - Sync 1 DAGs
[2026-05-17T03:45:28.752+0000] {logging_mixin.py:188} INFO - [2026-05-17T03:45:28.752+0000] {dag.py:3823} INFO - Setting next_dagrun for example_weekday_branch_operator to 2026-05-16 00:00:00+00:00, run_after=2026-05-17 00:00:00+00:00
[2026-05-17T03:45:28.789+0000] {processor.py:183} INFO - Processing /home/airflow/.local/lib/python3.8/site-packages/airflow/example_dags/example_branch_day_of_week_operator.py took 0.155 seconds
[2026-05-17T03:45:59.400+0000] {processor.py:161} INFO - Started process (PID=3409) to work on /home/airflow/.local/lib/python3.8/site-packages/airflow/example_dags/example_branch_day_of_week_operator.py
[2026-05-17T03:45:59.403+0000] {processor.py:830} INFO - Processing file /home/airflow/.local/lib/python3.8/site-packages/airflow/example_dags/example_branch_day_of_week_operator.py for tasks to queue
[2026-05-17T03:45:59.406+0000] {logging_mixin.py:188} INFO - [2026-05-17T03:45:59.405+0000] {dagbag.py:538} INFO - Filling up the DagBag from /home/airflow/.local/lib/python3.8/site-packages/airflow/example_dags/example_branch_day_of_week_operator.py
[2026-05-17T03:45:59.424+0000] {processor.py:840} INFO - DAG(s) 'example_weekday_branch_operator' retrieved from /home/airflow/.local/lib/python3.8/site-packages/airflow/example_dags/example_branch_day_of_week_operator.py
[2026-05-17T03:45:59.654+0000] {logging_mixin.py:188} INFO - [2026-05-17T03:45:59.653+0000] {dag.py:3036} INFO - Sync 1 DAGs
[2026-05-17T03:45:59.697+0000] {logging_mixin.py:188} INFO - [2026-05-17T03:45:59.697+0000] {dag.py:3823} INFO - Setting next_dagrun for example_weekday_branch_operator to 2026-05-16 00:00:00+00:00, run_after=2026-05-17 00:00:00+00:00
[2026-05-17T03:45:59.728+0000] {processor.py:183} INFO - Processing /home/airflow/.local/lib/python3.8/site-packages/airflow/example_dags/example_branch_day_of_week_operator.py took 0.332 seconds
[2026-05-17T03:46:29.833+0000] {processor.py:161} INFO - Started process (PID=3492) to work on /home/airflow/.local/lib/python3.8/site-packages/airflow/example_dags/example_branch_day_of_week_operator.py
[2026-05-17T03:46:29.835+0000] {processor.py:830} INFO - Processing file /home/airflow/.local/lib/python3.8/site-packages/airflow/example_dags/example_branch_day_of_week_operator.py for tasks to queue
[2026-05-17T03:46:29.839+0000] {logging_mixin.py:188} INFO - [2026-05-17T03:46:29.838+0000] {dagbag.py:538} INFO - Filling up the DagBag from /home/airflow/.local/lib/python3.8/site-packages/airflow/example_dags/example_branch_day_of_week_operator.py
[2026-05-17T03:46:29.856+0000] {processor.py:840} INFO - DAG(s) 'example_weekday_branch_operator' retrieved from /home/airflow/.local/lib/python3.8/site-packages/airflow/example_dags/example_branch_day_of_week_operator.py
[2026-05-17T03:46:29.906+0000] {logging_mixin.py:188} INFO - [2026-05-17T03:46:29.905+0000] {dag.py:3036} INFO - Sync 1 DAGs
[2026-05-17T03:46:29.961+0000] {logging_mixin.py:188} INFO - [2026-05-17T03:46:29.960+0000] {dag.py:3823} INFO - Setting next_dagrun for example_weekday_branch_operator to 2026-05-16 00:00:00+00:00, run_after=2026-05-17 00:00:00+00:00
[2026-05-17T03:46:30.018+0000] {processor.py:183} INFO - Processing /home/airflow/.local/lib/python3.8/site-packages/airflow/example_dags/example_branch_day_of_week_operator.py took 0.201 seconds
[2026-05-17T03:47:00.486+0000] {processor.py:161} INFO - Started process (PID=3562) to work on /home/airflow/.local/lib/python3.8/site-packages/airflow/example_dags/example_branch_day_of_week_operator.py
[2026-05-17T03:47:00.489+0000] {processor.py:830} INFO - Processing file /home/airflow/.local/lib/python3.8/site-packages/airflow/example_dags/example_branch_day_of_week_operator.py for tasks to queue
[2026-05-17T03:47:00.493+0000] {logging_mixin.py:188} INFO - [2026-05-17T03:47:00.492+0000] {dagbag.py:538} INFO - Filling up the DagBag from /home/airflow/.local/lib/python3.8/site-packages/airflow/example_dags/example_branch_day_of_week_operator.py
[2026-05-17T03:47:00.518+0000] {processor.py:840} INFO - DAG(s) 'example_weekday_branch_operator' retrieved from /home/airflow/.local/lib/python3.8/site-packages/airflow/example_dags/example_branch_day_of_week_operator.py
[2026-05-17T03:47:00.569+0000] {logging_mixin.py:188} INFO - [2026-05-17T03:47:00.568+0000] {dag.py:3036} INFO - Sync 1 DAGs
[2026-05-17T03:47:00.622+0000] {logging_mixin.py:188} INFO - [2026-05-17T03:47:00.621+0000] {dag.py:3823} INFO - Setting next_dagrun for example_weekday_branch_operator to 2026-05-16 00:00:00+00:00, run_after=2026-05-17 00:00:00+00:00
[2026-05-17T03:47:00.661+0000] {processor.py:183} INFO - Processing /home/airflow/.local/lib/python3.8/site-packages/airflow/example_dags/example_branch_day_of_week_operator.py took 0.182 seconds
[2026-05-17T03:47:31.416+0000] {processor.py:161} INFO - Started process (PID=3628) to work on /home/airflow/.local/lib/python3.8/site-packages/airflow/example_dags/example_branch_day_of_week_operator.py
[2026-05-17T03:47:31.418+0000] {processor.py:830} INFO - Processing file /home/airflow/.local/lib/python3.8/site-packages/airflow/example_dags/example_branch_day_of_week_operator.py for tasks to queue
[2026-05-17T03:47:31.420+0000] {logging_mixin.py:188} INFO - [2026-05-17T03:47:31.420+0000] {dagbag.py:538} INFO - Filling up the DagBag from /home/airflow/.local/lib/python3.8/site-packages/airflow/example_dags/example_branch_day_of_week_operator.py
[2026-05-17T03:47:31.433+0000] {processor.py:840} INFO - DAG(s) 'example_weekday_branch_operator' retrieved from /home/airflow/.local/lib/python3.8/site-packages/airflow/example_dags/example_branch_day_of_week_operator.py
[2026-05-17T03:47:31.646+0000] {logging_mixin.py:188} INFO - [2026-05-17T03:47:31.646+0000] {dag.py:3036} INFO - Sync 1 DAGs
[2026-05-17T03:47:31.684+0000] {logging_mixin.py:188} INFO - [2026-05-17T03:47:31.684+0000] {dag.py:3823} INFO - Setting next_dagrun for example_weekday_branch_operator to 2026-05-16 00:00:00+00:00, run_after=2026-05-17 00:00:00+00:00
[2026-05-17T03:47:31.720+0000] {processor.py:183} INFO - Processing /home/airflow/.local/lib/python3.8/site-packages/airflow/example_dags/example_branch_day_of_week_operator.py took 0.309 seconds
[2026-05-17T03:48:01.973+0000] {processor.py:161} INFO - Started process (PID=3701) to work on /home/airflow/.local/lib/python3.8/site-packages/airflow/example_dags/example_branch_day_of_week_operator.py
[2026-05-17T03:48:01.976+0000] {processor.py:830} INFO - Processing file /home/airflow/.local/lib/python3.8/site-packages/airflow/example_dags/example_branch_day_of_week_operator.py for tasks to queue
[2026-05-17T03:48:01.979+0000] {logging_mixin.py:188} INFO - [2026-05-17T03:48:01.978+0000] {dagbag.py:538} INFO - Filling up the DagBag from /home/airflow/.local/lib/python3.8/site-packages/airflow/example_dags/example_branch_day_of_week_operator.py
[2026-05-17T03:48:01.995+0000] {processor.py:840} INFO - DAG(s) 'example_weekday_branch_operator' retrieved from /home/airflow/.local/lib/python3.8/site-packages/airflow/example_dags/example_branch_day_of_week_operator.py
[2026-05-17T03:48:02.041+0000] {logging_mixin.py:188} INFO - [2026-05-17T03:48:02.041+0000] {dag.py:3036} INFO - Sync 1 DAGs
[2026-05-17T03:48:02.098+0000] {logging_mixin.py:188} INFO - [2026-05-17T03:48:02.097+0000] {dag.py:3823} INFO - Setting next_dagrun for example_weekday_branch_operator to 2026-05-16 00:00:00+00:00, run_after=2026-05-17 00:00:00+00:00
[2026-05-17T03:48:02.138+0000] {processor.py:183} INFO - Processing /home/airflow/.local/lib/python3.8/site-packages/airflow/example_dags/example_branch_day_of_week_operator.py took 0.172 seconds
[2026-05-17T03:48:32.775+0000] {processor.py:161} INFO - Started process (PID=3768) to work on /home/airflow/.local/lib/python3.8/site-packages/airflow/example_dags/example_branch_day_of_week_operator.py
[2026-05-17T03:48:32.776+0000] {processor.py:830} INFO - Processing file /home/airflow/.local/lib/python3.8/site-packages/airflow/example_dags/example_branch_day_of_week_operator.py for tasks to queue
[2026-05-17T03:48:32.780+0000] {logging_mixin.py:188} INFO - [2026-05-17T03:48:32.779+0000] {dagbag.py:538} INFO - Filling up the DagBag from /home/airflow/.local/lib/python3.8/site-packages/airflow/example_dags/example_branch_day_of_week_operator.py
[2026-05-17T03:48:32.796+0000] {processor.py:840} INFO - DAG(s) 'example_weekday_branch_operator' retrieved from /home/airflow/.local/lib/python3.8/site-packages/airflow/example_dags/example_branch_day_of_week_operator.py
[2026-05-17T03:48:32.841+0000] {logging_mixin.py:188} INFO - [2026-05-17T03:48:32.841+0000] {dag.py:3036} INFO - Sync 1 DAGs
[2026-05-17T03:48:32.889+0000] {logging_mixin.py:188} INFO - [2026-05-17T03:48:32.889+0000] {dag.py:3823} INFO - Setting next_dagrun for example_weekday_branch_operator to 2026-05-16 00:00:00+00:00, run_after=2026-05-17 00:00:00+00:00
[2026-05-17T03:48:32.923+0000] {processor.py:183} INFO - Processing /home/airflow/.local/lib/python3.8/site-packages/airflow/example_dags/example_branch_day_of_week_operator.py took 0.154 seconds
[2026-05-17T03:49:03.446+0000] {processor.py:161} INFO - Started process (PID=3834) to work on /home/airflow/.local/lib/python3.8/site-packages/airflow/example_dags/example_branch_day_of_week_operator.py
[2026-05-17T03:49:03.449+0000] {processor.py:830} INFO - Processing file /home/airflow/.local/lib/python3.8/site-packages/airflow/example_dags/example_branch_day_of_week_operator.py for tasks to queue
[2026-05-17T03:49:03.452+0000] {logging_mixin.py:188} INFO - [2026-05-17T03:49:03.451+0000] {dagbag.py:538} INFO - Filling up the DagBag from /home/airflow/.local/lib/python3.8/site-packages/airflow/example_dags/example_branch_day_of_week_operator.py
[2026-05-17T03:49:03.468+0000] {processor.py:840} INFO - DAG(s) 'example_weekday_branch_operator' retrieved from /home/airflow/.local/lib/python3.8/site-packages/airflow/example_dags/example_branch_day_of_week_operator.py
[2026-05-17T03:49:03.512+0000] {logging_mixin.py:188} INFO - [2026-05-17T03:49:03.512+0000] {dag.py:3036} INFO - Sync 1 DAGs
[2026-05-17T03:49:03.561+0000] {logging_mixin.py:188} INFO - [2026-05-17T03:49:03.561+0000] {dag.py:3823} INFO - Setting next_dagrun for example_weekday_branch_operator to 2026-05-16 00:00:00+00:00, run_after=2026-05-17 00:00:00+00:00
[2026-05-17T03:49:03.599+0000] {processor.py:183} INFO - Processing /home/airflow/.local/lib/python3.8/site-packages/airflow/example_dags/example_branch_day_of_week_operator.py took 0.159 seconds
[2026-05-17T03:49:33.965+0000] {processor.py:161} INFO - Started process (PID=3900) to work on /home/airflow/.local/lib/python3.8/site-packages/airflow/example_dags/example_branch_day_of_week_operator.py
[2026-05-17T03:49:33.967+0000] {processor.py:830} INFO - Processing file /home/airflow/.local/lib/python3.8/site-packages/airflow/example_dags/example_branch_day_of_week_operator.py for tasks to queue
[2026-05-17T03:49:33.970+0000] {logging_mixin.py:188} INFO - [2026-05-17T03:49:33.970+0000] {dagbag.py:538} INFO - Filling up the DagBag from /home/airflow/.local/lib/python3.8/site-packages/airflow/example_dags/example_branch_day_of_week_operator.py
[2026-05-17T03:49:33.987+0000] {processor.py:840} INFO - DAG(s) 'example_weekday_branch_operator' retrieved from /home/airflow/.local/lib/python3.8/site-packages/airflow/example_dags/example_branch_day_of_week_operator.py
[2026-05-17T03:49:34.032+0000] {logging_mixin.py:188} INFO - [2026-05-17T03:49:34.031+0000] {dag.py:3036} INFO - Sync 1 DAGs
[2026-05-17T03:49:34.071+0000] {logging_mixin.py:188} INFO - [2026-05-17T03:49:34.071+0000] {dag.py:3823} INFO - Setting next_dagrun for example_weekday_branch_operator to 2026-05-16 00:00:00+00:00, run_after=2026-05-17 00:00:00+00:00
[2026-05-17T03:49:34.101+0000] {processor.py:183} INFO - Processing /home/airflow/.local/lib/python3.8/site-packages/airflow/example_dags/example_branch_day_of_week_operator.py took 0.141 seconds
[2026-05-17T03:50:04.688+0000] {processor.py:161} INFO - Started process (PID=3966) to work on /home/airflow/.local/lib/python3.8/site-packages/airflow/example_dags/example_branch_day_of_week_operator.py
[2026-05-17T03:50:04.690+0000] {processor.py:830} INFO - Processing file /home/airflow/.local/lib/python3.8/site-packages/airflow/example_dags/example_branch_day_of_week_operator.py for tasks to queue
[2026-05-17T03:50:04.694+0000] {logging_mixin.py:188} INFO - [2026-05-17T03:50:04.693+0000] {dagbag.py:538} INFO - Filling up the DagBag from /home/airflow/.local/lib/python3.8/site-packages/airflow/example_dags/example_branch_day_of_week_operator.py
[2026-05-17T03:50:04.709+0000] {processor.py:840} INFO - DAG(s) 'example_weekday_branch_operator' retrieved from /home/airflow/.local/lib/python3.8/site-packages/airflow/example_dags/example_branch_day_of_week_operator.py
[2026-05-17T03:50:04.757+0000] {logging_mixin.py:188} INFO - [2026-05-17T03:50:04.757+0000] {dag.py:3036} INFO - Sync 1 DAGs
[2026-05-17T03:50:04.808+0000] {logging_mixin.py:188} INFO - [2026-05-17T03:50:04.808+0000] {dag.py:3823} INFO - Setting next_dagrun for example_weekday_branch_operator to 2026-05-16 00:00:00+00:00, run_after=2026-05-17 00:00:00+00:00
[2026-05-17T03:50:04.845+0000] {processor.py:183} INFO - Processing /home/airflow/.local/lib/python3.8/site-packages/airflow/example_dags/example_branch_day_of_week_operator.py took 0.163 seconds
[2026-05-17T03:50:35.233+0000] {processor.py:161} INFO - Started process (PID=4032) to work on /home/airflow/.local/lib/python3.8/site-packages/airflow/example_dags/example_branch_day_of_week_operator.py
[2026-05-17T03:50:35.235+0000] {processor.py:830} INFO - Processing file /home/airflow/.local/lib/python3.8/site-packages/airflow/example_dags/example_branch_day_of_week_operator.py for tasks to queue
[2026-05-17T03:50:35.238+0000] {logging_mixin.py:188} INFO - [2026-05-17T03:50:35.237+0000] {dagbag.py:538} INFO - Filling up the DagBag from /home/airflow/.local/lib/python3.8/site-packages/airflow/example_dags/example_branch_day_of_week_operator.py
[2026-05-17T03:50:35.253+0000] {processor.py:840} INFO - DAG(s) 'example_weekday_branch_operator' retrieved from /home/airflow/.local/lib/python3.8/site-packages/airflow/example_dags/example_branch_day_of_week_operator.py
[2026-05-17T03:50:35.299+0000] {logging_mixin.py:188} INFO - [2026-05-17T03:50:35.298+0000] {dag.py:3036} INFO - Sync 1 DAGs
[2026-05-17T03:50:35.354+0000] {logging_mixin.py:188} INFO - [2026-05-17T03:50:35.354+0000] {dag.py:3823} INFO - Setting next_dagrun for example_weekday_branch_operator to 2026-05-16 00:00:00+00:00, run_after=2026-05-17 00:00:00+00:00
[2026-05-17T03:50:35.400+0000] {processor.py:183} INFO - Processing /home/airflow/.local/lib/python3.8/site-packages/airflow/example_dags/example_branch_day_of_week_operator.py took 0.173 seconds
[2026-05-17T03:51:05.614+0000] {processor.py:161} INFO - Started process (PID=4098) to work on /home/airflow/.local/lib/python3.8/site-packages/airflow/example_dags/example_branch_day_of_week_operator.py
[2026-05-17T03:51:05.616+0000] {processor.py:830} INFO - Processing file /home/airflow/.local/lib/python3.8/site-packages/airflow/example_dags/example_branch_day_of_week_operator.py for tasks to queue
[2026-05-17T03:51:05.620+0000] {logging_mixin.py:188} INFO - [2026-05-17T03:51:05.619+0000] {dagbag.py:538} INFO - Filling up the DagBag from /home/airflow/.local/lib/python3.8/site-packages/airflow/example_dags/example_branch_day_of_week_operator.py
[2026-05-17T03:51:05.635+0000] {processor.py:840} INFO - DAG(s) 'example_weekday_branch_operator' retrieved from /home/airflow/.local/lib/python3.8/site-packages/airflow/example_dags/example_branch_day_of_week_operator.py
[2026-05-17T03:51:05.675+0000] {logging_mixin.py:188} INFO - [2026-05-17T03:51:05.674+0000] {dag.py:3036} INFO - Sync 1 DAGs
[2026-05-17T03:51:05.719+0000] {logging_mixin.py:188} INFO - [2026-05-17T03:51:05.719+0000] {dag.py:3823} INFO - Setting next_dagrun for example_weekday_branch_operator to 2026-05-16 00:00:00+00:00, run_after=2026-05-17 00:00:00+00:00
[2026-05-17T03:51:05.753+0000] {processor.py:183} INFO - Processing /home/airflow/.local/lib/python3.8/site-packages/airflow/example_dags/example_branch_day_of_week_operator.py took 0.145 seconds
[2026-05-17T03:51:36.160+0000] {processor.py:161} INFO - Started process (PID=4163) to work on /home/airflow/.local/lib/python3.8/site-packages/airflow/example_dags/example_branch_day_of_week_operator.py
[2026-05-17T03:51:36.162+0000] {processor.py:830} INFO - Processing file /home/airflow/.local/lib/python3.8/site-packages/airflow/example_dags/example_branch_day_of_week_operator.py for tasks to queue
[2026-05-17T03:51:36.166+0000] {logging_mixin.py:188} INFO - [2026-05-17T03:51:36.164+0000] {dagbag.py:538} INFO - Filling up the DagBag from /home/airflow/.local/lib/python3.8/site-packages/airflow/example_dags/example_branch_day_of_week_operator.py
[2026-05-17T03:51:36.180+0000] {processor.py:840} INFO - DAG(s) 'example_weekday_branch_operator' retrieved from /home/airflow/.local/lib/python3.8/site-packages/airflow/example_dags/example_branch_day_of_week_operator.py
[2026-05-17T03:51:36.221+0000] {logging_mixin.py:188} INFO - [2026-05-17T03:51:36.221+0000] {dag.py:3036} INFO - Sync 1 DAGs
[2026-05-17T03:51:36.260+0000] {logging_mixin.py:188} INFO - [2026-05-17T03:51:36.260+0000] {dag.py:3823} INFO - Setting next_dagrun for example_weekday_branch_operator to 2026-05-16 00:00:00+00:00, run_after=2026-05-17 00:00:00+00:00
[2026-05-17T03:51:36.292+0000] {processor.py:183} INFO - Processing /home/airflow/.local/lib/python3.8/site-packages/airflow/example_dags/example_branch_day_of_week_operator.py took 0.138 seconds
[2026-05-17T03:52:06.581+0000] {processor.py:161} INFO - Started process (PID=4229) to work on /home/airflow/.local/lib/python3.8/site-packages/airflow/example_dags/example_branch_day_of_week_operator.py
[2026-05-17T03:52:06.583+0000] {processor.py:830} INFO - Processing file /home/airflow/.local/lib/python3.8/site-packages/airflow/example_dags/example_branch_day_of_week_operator.py for tasks to queue
[2026-05-17T03:52:06.586+0000] {logging_mixin.py:188} INFO - [2026-05-17T03:52:06.585+0000] {dagbag.py:538} INFO - Filling up the DagBag from /home/airflow/.local/lib/python3.8/site-packages/airflow/example_dags/example_branch_day_of_week_operator.py
[2026-05-17T03:52:06.599+0000] {processor.py:840} INFO - DAG(s) 'example_weekday_branch_operator' retrieved from /home/airflow/.local/lib/python3.8/site-packages/airflow/example_dags/example_branch_day_of_week_operator.py
[2026-05-17T03:52:06.647+0000] {logging_mixin.py:188} INFO - [2026-05-17T03:52:06.646+0000] {dag.py:3036} INFO - Sync 1 DAGs
[2026-05-17T03:52:06.693+0000] {logging_mixin.py:188} INFO - [2026-05-17T03:52:06.693+0000] {dag.py:3823} INFO - Setting next_dagrun for example_weekday_branch_operator to 2026-05-16 00:00:00+00:00, run_after=2026-05-17 00:00:00+00:00
[2026-05-17T03:52:06.730+0000] {processor.py:183} INFO - Processing /home/airflow/.local/lib/python3.8/site-packages/airflow/example_dags/example_branch_day_of_week_operator.py took 0.155 seconds
[2026-05-17T03:52:36.805+0000] {processor.py:161} INFO - Started process (PID=4295) to work on /home/airflow/.local/lib/python3.8/site-packages/airflow/example_dags/example_branch_day_of_week_operator.py
[2026-05-17T03:52:36.806+0000] {processor.py:830} INFO - Processing file /home/airflow/.local/lib/python3.8/site-packages/airflow/example_dags/example_branch_day_of_week_operator.py for tasks to queue
[2026-05-17T03:52:36.808+0000] {logging_mixin.py:188} INFO - [2026-05-17T03:52:36.808+0000] {dagbag.py:538} INFO - Filling up the DagBag from /home/airflow/.local/lib/python3.8/site-packages/airflow/example_dags/example_branch_day_of_week_operator.py
[2026-05-17T03:52:36.821+0000] {processor.py:840} INFO - DAG(s) 'example_weekday_branch_operator' retrieved from /home/airflow/.local/lib/python3.8/site-packages/airflow/example_dags/example_branch_day_of_week_operator.py
[2026-05-17T03:52:36.864+0000] {logging_mixin.py:188} INFO - [2026-05-17T03:52:36.863+0000] {dag.py:3036} INFO - Sync 1 DAGs
[2026-05-17T03:52:36.907+0000] {logging_mixin.py:188} INFO - [2026-05-17T03:52:36.907+0000] {dag.py:3823} INFO - Setting next_dagrun for example_weekday_branch_operator to 2026-05-16 00:00:00+00:00, run_after=2026-05-17 00:00:00+00:00
[2026-05-17T03:52:36.939+0000] {processor.py:183} INFO - Processing /home/airflow/.local/lib/python3.8/site-packages/airflow/example_dags/example_branch_day_of_week_operator.py took 0.140 seconds
[2026-05-17T03:53:07.378+0000] {processor.py:161} INFO - Started process (PID=4361) to work on /home/airflow/.local/lib/python3.8/site-packages/airflow/example_dags/example_branch_day_of_week_operator.py
[2026-05-17T03:53:07.380+0000] {processor.py:830} INFO - Processing file /home/airflow/.local/lib/python3.8/site-packages/airflow/example_dags/example_branch_day_of_week_operator.py for tasks to queue
[2026-05-17T03:53:07.383+0000] {logging_mixin.py:188} INFO - [2026-05-17T03:53:07.383+0000] {dagbag.py:538} INFO - Filling up the DagBag from /home/airflow/.local/lib/python3.8/site-packages/airflow/example_dags/example_branch_day_of_week_operator.py
[2026-05-17T03:53:07.397+0000] {processor.py:840} INFO - DAG(s) 'example_weekday_branch_operator' retrieved from /home/airflow/.local/lib/python3.8/site-packages/airflow/example_dags/example_branch_day_of_week_operator.py
[2026-05-17T03:53:07.438+0000] {logging_mixin.py:188} INFO - [2026-05-17T03:53:07.437+0000] {dag.py:3036} INFO - Sync 1 DAGs
[2026-05-17T03:53:07.479+0000] {logging_mixin.py:188} INFO - [2026-05-17T03:53:07.478+0000] {dag.py:3823} INFO - Setting next_dagrun for example_weekday_branch_operator to 2026-05-16 00:00:00+00:00, run_after=2026-05-17 00:00:00+00:00
[2026-05-17T03:53:07.511+0000] {processor.py:183} INFO - Processing /home/airflow/.local/lib/python3.8/site-packages/airflow/example_dags/example_branch_day_of_week_operator.py took 0.137 seconds
[2026-05-17T03:53:38.138+0000] {processor.py:161} INFO - Started process (PID=4426) to work on /home/airflow/.local/lib/python3.8/site-packages/airflow/example_dags/example_branch_day_of_week_operator.py
[2026-05-17T03:53:38.140+0000] {processor.py:830} INFO - Processing file /home/airflow/.local/lib/python3.8/site-packages/airflow/example_dags/example_branch_day_of_week_operator.py for tasks to queue
[2026-05-17T03:53:38.143+0000] {logging_mixin.py:188} INFO - [2026-05-17T03:53:38.142+0000] {dagbag.py:538} INFO - Filling up the DagBag from /home/airflow/.local/lib/python3.8/site-packages/airflow/example_dags/example_branch_day_of_week_operator.py
[2026-05-17T03:53:38.155+0000] {processor.py:840} INFO - DAG(s) 'example_weekday_branch_operator' retrieved from /home/airflow/.local/lib/python3.8/site-packages/airflow/example_dags/example_branch_day_of_week_operator.py
[2026-05-17T03:53:38.198+0000] {logging_mixin.py:188} INFO - [2026-05-17T03:53:38.197+0000] {dag.py:3036} INFO - Sync 1 DAGs
[2026-05-17T03:53:38.242+0000] {logging_mixin.py:188} INFO - [2026-05-17T03:53:38.242+0000] {dag.py:3823} INFO - Setting next_dagrun for example_weekday_branch_operator to 2026-05-16 00:00:00+00:00, run_after=2026-05-17 00:00:00+00:00
[2026-05-17T03:53:38.273+0000] {processor.py:183} INFO - Processing /home/airflow/.local/lib/python3.8/site-packages/airflow/example_dags/example_branch_day_of_week_operator.py took 0.140 seconds
[2026-05-17T03:54:08.564+0000] {processor.py:161} INFO - Started process (PID=4491) to work on /home/airflow/.local/lib/python3.8/site-packages/airflow/example_dags/example_branch_day_of_week_operator.py
[2026-05-17T03:54:08.565+0000] {processor.py:830} INFO - Processing file /home/airflow/.local/lib/python3.8/site-packages/airflow/example_dags/example_branch_day_of_week_operator.py for tasks to queue
[2026-05-17T03:54:08.568+0000] {logging_mixin.py:188} INFO - [2026-05-17T03:54:08.567+0000] {dagbag.py:538} INFO - Filling up the DagBag from /home/airflow/.local/lib/python3.8/site-packages/airflow/example_dags/example_branch_day_of_week_operator.py
[2026-05-17T03:54:08.582+0000] {processor.py:840} INFO - DAG(s) 'example_weekday_branch_operator' retrieved from /home/airflow/.local/lib/python3.8/site-packages/airflow/example_dags/example_branch_day_of_week_operator.py
[2026-05-17T03:54:08.622+0000] {logging_mixin.py:188} INFO - [2026-05-17T03:54:08.622+0000] {dag.py:3036} INFO - Sync 1 DAGs
[2026-05-17T03:54:08.670+0000] {logging_mixin.py:188} INFO - [2026-05-17T03:54:08.669+0000] {dag.py:3823} INFO - Setting next_dagrun for example_weekday_branch_operator to 2026-05-16 00:00:00+00:00, run_after=2026-05-17 00:00:00+00:00
[2026-05-17T03:54:08.719+0000] {processor.py:183} INFO - Processing /home/airflow/.local/lib/python3.8/site-packages/airflow/example_dags/example_branch_day_of_week_operator.py took 0.161 seconds
[2026-05-17T03:54:39.023+0000] {processor.py:161} INFO - Started process (PID=4565) to work on /home/airflow/.local/lib/python3.8/site-packages/airflow/example_dags/example_branch_day_of_week_operator.py
[2026-05-17T03:54:39.025+0000] {processor.py:830} INFO - Processing file /home/airflow/.local/lib/python3.8/site-packages/airflow/example_dags/example_branch_day_of_week_operator.py for tasks to queue
[2026-05-17T03:54:39.029+0000] {logging_mixin.py:188} INFO - [2026-05-17T03:54:39.028+0000] {dagbag.py:538} INFO - Filling up the DagBag from /home/airflow/.local/lib/python3.8/site-packages/airflow/example_dags/example_branch_day_of_week_operator.py
[2026-05-17T03:54:39.044+0000] {processor.py:840} INFO - DAG(s) 'example_weekday_branch_operator' retrieved from /home/airflow/.local/lib/python3.8/site-packages/airflow/example_dags/example_branch_day_of_week_operator.py
[2026-05-17T03:54:39.104+0000] {logging_mixin.py:188} INFO - [2026-05-17T03:54:39.102+0000] {dag.py:3036} INFO - Sync 1 DAGs
[2026-05-17T03:54:39.152+0000] {logging_mixin.py:188} INFO - [2026-05-17T03:54:39.151+0000] {dag.py:3823} INFO - Setting next_dagrun for example_weekday_branch_operator to 2026-05-16 00:00:00+00:00, run_after=2026-05-17 00:00:00+00:00
[2026-05-17T03:54:39.183+0000] {processor.py:183} INFO - Processing /home/airflow/.local/lib/python3.8/site-packages/airflow/example_dags/example_branch_day_of_week_operator.py took 0.166 seconds
[2026-05-17T03:55:09.550+0000] {processor.py:161} INFO - Started process (PID=4632) to work on /home/airflow/.local/lib/python3.8/site-packages/airflow/example_dags/example_branch_day_of_week_operator.py
[2026-05-17T03:55:09.551+0000] {processor.py:830} INFO - Processing file /home/airflow/.local/lib/python3.8/site-packages/airflow/example_dags/example_branch_day_of_week_operator.py for tasks to queue
[2026-05-17T03:55:09.555+0000] {logging_mixin.py:188} INFO - [2026-05-17T03:55:09.554+0000] {dagbag.py:538} INFO - Filling up the DagBag from /home/airflow/.local/lib/python3.8/site-packages/airflow/example_dags/example_branch_day_of_week_operator.py
[2026-05-17T03:55:09.570+0000] {processor.py:840} INFO - DAG(s) 'example_weekday_branch_operator' retrieved from /home/airflow/.local/lib/python3.8/site-packages/airflow/example_dags/example_branch_day_of_week_operator.py
[2026-05-17T03:55:09.617+0000] {logging_mixin.py:188} INFO - [2026-05-17T03:55:09.617+0000] {dag.py:3036} INFO - Sync 1 DAGs
[2026-05-17T03:55:09.694+0000] {logging_mixin.py:188} INFO - [2026-05-17T03:55:09.694+0000] {dag.py:3823} INFO - Setting next_dagrun for example_weekday_branch_operator to 2026-05-16 00:00:00+00:00, run_after=2026-05-17 00:00:00+00:00
[2026-05-17T03:55:09.737+0000] {processor.py:183} INFO - Processing /home/airflow/.local/lib/python3.8/site-packages/airflow/example_dags/example_branch_day_of_week_operator.py took 0.194 seconds
[2026-05-17T03:55:40.290+0000] {processor.py:161} INFO - Started process (PID=4698) to work on /home/airflow/.local/lib/python3.8/site-packages/airflow/example_dags/example_branch_day_of_week_operator.py
[2026-05-17T03:55:40.293+0000] {processor.py:830} INFO - Processing file /home/airflow/.local/lib/python3.8/site-packages/airflow/example_dags/example_branch_day_of_week_operator.py for tasks to queue
[2026-05-17T03:55:40.299+0000] {logging_mixin.py:188} INFO - [2026-05-17T03:55:40.298+0000] {dagbag.py:538} INFO - Filling up the DagBag from /home/airflow/.local/lib/python3.8/site-packages/airflow/example_dags/example_branch_day_of_week_operator.py
[2026-05-17T03:55:40.315+0000] {processor.py:840} INFO - DAG(s) 'example_weekday_branch_operator' retrieved from /home/airflow/.local/lib/python3.8/site-packages/airflow/example_dags/example_branch_day_of_week_operator.py
[2026-05-17T03:55:40.371+0000] {logging_mixin.py:188} INFO - [2026-05-17T03:55:40.370+0000] {dag.py:3036} INFO - Sync 1 DAGs
[2026-05-17T03:55:40.422+0000] {logging_mixin.py:188} INFO - [2026-05-17T03:55:40.421+0000] {dag.py:3823} INFO - Setting next_dagrun for example_weekday_branch_operator to 2026-05-16 00:00:00+00:00, run_after=2026-05-17 00:00:00+00:00
[2026-05-17T03:55:40.460+0000] {processor.py:183} INFO - Processing /home/airflow/.local/lib/python3.8/site-packages/airflow/example_dags/example_branch_day_of_week_operator.py took 0.176 seconds
[2026-05-17T03:56:10.763+0000] {processor.py:161} INFO - Started process (PID=4764) to work on /home/airflow/.local/lib/python3.8/site-packages/airflow/example_dags/example_branch_day_of_week_operator.py
[2026-05-17T03:56:10.765+0000] {processor.py:830} INFO - Processing file /home/airflow/.local/lib/python3.8/site-packages/airflow/example_dags/example_branch_day_of_week_operator.py for tasks to queue
[2026-05-17T03:56:10.768+0000] {logging_mixin.py:188} INFO - [2026-05-17T03:56:10.768+0000] {dagbag.py:538} INFO - Filling up the DagBag from /home/airflow/.local/lib/python3.8/site-packages/airflow/example_dags/example_branch_day_of_week_operator.py
[2026-05-17T03:56:10.783+0000] {processor.py:840} INFO - DAG(s) 'example_weekday_branch_operator' retrieved from /home/airflow/.local/lib/python3.8/site-packages/airflow/example_dags/example_branch_day_of_week_operator.py
[2026-05-17T03:56:10.823+0000] {logging_mixin.py:188} INFO - [2026-05-17T03:56:10.823+0000] {dag.py:3036} INFO - Sync 1 DAGs
[2026-05-17T03:56:10.868+0000] {logging_mixin.py:188} INFO - [2026-05-17T03:56:10.868+0000] {dag.py:3823} INFO - Setting next_dagrun for example_weekday_branch_operator to 2026-05-16 00:00:00+00:00, run_after=2026-05-17 00:00:00+00:00
[2026-05-17T03:56:10.905+0000] {processor.py:183} INFO - Processing /home/airflow/.local/lib/python3.8/site-packages/airflow/example_dags/example_branch_day_of_week_operator.py took 0.146 seconds
[2026-05-17T03:56:41.045+0000] {processor.py:161} INFO - Started process (PID=4830) to work on /home/airflow/.local/lib/python3.8/site-packages/airflow/example_dags/example_branch_day_of_week_operator.py
[2026-05-17T03:56:41.048+0000] {processor.py:830} INFO - Processing file /home/airflow/.local/lib/python3.8/site-packages/airflow/example_dags/example_branch_day_of_week_operator.py for tasks to queue
[2026-05-17T03:56:41.051+0000] {logging_mixin.py:188} INFO - [2026-05-17T03:56:41.050+0000] {dagbag.py:538} INFO - Filling up the DagBag from /home/airflow/.local/lib/python3.8/site-packages/airflow/example_dags/example_branch_day_of_week_operator.py
[2026-05-17T03:56:41.067+0000] {processor.py:840} INFO - DAG(s) 'example_weekday_branch_operator' retrieved from /home/airflow/.local/lib/python3.8/site-packages/airflow/example_dags/example_branch_day_of_week_operator.py
[2026-05-17T03:56:41.108+0000] {logging_mixin.py:188} INFO - [2026-05-17T03:56:41.107+0000] {dag.py:3036} INFO - Sync 1 DAGs
[2026-05-17T03:56:41.154+0000] {logging_mixin.py:188} INFO - [2026-05-17T03:56:41.154+0000] {dag.py:3823} INFO - Setting next_dagrun for example_weekday_branch_operator to 2026-05-16 00:00:00+00:00, run_after=2026-05-17 00:00:00+00:00
[2026-05-17T03:56:41.187+0000] {processor.py:183} INFO - Processing /home/airflow/.local/lib/python3.8/site-packages/airflow/example_dags/example_branch_day_of_week_operator.py took 0.148 seconds
[2026-05-17T03:57:11.762+0000] {processor.py:161} INFO - Started process (PID=4896) to work on /home/airflow/.local/lib/python3.8/site-packages/airflow/example_dags/example_branch_day_of_week_operator.py
[2026-05-17T03:57:11.764+0000] {processor.py:830} INFO - Processing file /home/airflow/.local/lib/python3.8/site-packages/airflow/example_dags/example_branch_day_of_week_operator.py for tasks to queue
[2026-05-17T03:57:11.767+0000] {logging_mixin.py:188} INFO - [2026-05-17T03:57:11.766+0000] {dagbag.py:538} INFO - Filling up the DagBag from /home/airflow/.local/lib/python3.8/site-packages/airflow/example_dags/example_branch_day_of_week_operator.py
[2026-05-17T03:57:11.780+0000] {processor.py:840} INFO - DAG(s) 'example_weekday_branch_operator' retrieved from /home/airflow/.local/lib/python3.8/site-packages/airflow/example_dags/example_branch_day_of_week_operator.py
[2026-05-17T03:57:11.822+0000] {logging_mixin.py:188} INFO - [2026-05-17T03:57:11.822+0000] {dag.py:3036} INFO - Sync 1 DAGs
[2026-05-17T03:57:11.870+0000] {logging_mixin.py:188} INFO - [2026-05-17T03:57:11.870+0000] {dag.py:3823} INFO - Setting next_dagrun for example_weekday_branch_operator to 2026-05-16 00:00:00+00:00, run_after=2026-05-17 00:00:00+00:00
[2026-05-17T03:57:11.903+0000] {processor.py:183} INFO - Processing /home/airflow/.local/lib/python3.8/site-packages/airflow/example_dags/example_branch_day_of_week_operator.py took 0.148 seconds
[2026-05-17T03:57:42.213+0000] {processor.py:161} INFO - Started process (PID=4963) to work on /home/airflow/.local/lib/python3.8/site-packages/airflow/example_dags/example_branch_day_of_week_operator.py
[2026-05-17T03:57:42.215+0000] {processor.py:830} INFO - Processing file /home/airflow/.local/lib/python3.8/site-packages/airflow/example_dags/example_branch_day_of_week_operator.py for tasks to queue
[2026-05-17T03:57:42.218+0000] {logging_mixin.py:188} INFO - [2026-05-17T03:57:42.218+0000] {dagbag.py:538} INFO - Filling up the DagBag from /home/airflow/.local/lib/python3.8/site-packages/airflow/example_dags/example_branch_day_of_week_operator.py
[2026-05-17T03:57:42.233+0000] {processor.py:840} INFO - DAG(s) 'example_weekday_branch_operator' retrieved from /home/airflow/.local/lib/python3.8/site-packages/airflow/example_dags/example_branch_day_of_week_operator.py
[2026-05-17T03:57:42.276+0000] {logging_mixin.py:188} INFO - [2026-05-17T03:57:42.275+0000] {dag.py:3036} INFO - Sync 1 DAGs
[2026-05-17T03:57:42.320+0000] {logging_mixin.py:188} INFO - [2026-05-17T03:57:42.320+0000] {dag.py:3823} INFO - Setting next_dagrun for example_weekday_branch_operator to 2026-05-16 00:00:00+00:00, run_after=2026-05-17 00:00:00+00:00
[2026-05-17T03:57:42.350+0000] {processor.py:183} INFO - Processing /home/airflow/.local/lib/python3.8/site-packages/airflow/example_dags/example_branch_day_of_week_operator.py took 0.143 seconds
[2026-05-17T03:58:13.093+0000] {processor.py:161} INFO - Started process (PID=5029) to work on /home/airflow/.local/lib/python3.8/site-packages/airflow/example_dags/example_branch_day_of_week_operator.py
[2026-05-17T03:58:13.096+0000] {processor.py:830} INFO - Processing file /home/airflow/.local/lib/python3.8/site-packages/airflow/example_dags/example_branch_day_of_week_operator.py for tasks to queue
[2026-05-17T03:58:13.098+0000] {logging_mixin.py:188} INFO - [2026-05-17T03:58:13.098+0000] {dagbag.py:538} INFO - Filling up the DagBag from /home/airflow/.local/lib/python3.8/site-packages/airflow/example_dags/example_branch_day_of_week_operator.py
[2026-05-17T03:58:13.112+0000] {processor.py:840} INFO - DAG(s) 'example_weekday_branch_operator' retrieved from /home/airflow/.local/lib/python3.8/site-packages/airflow/example_dags/example_branch_day_of_week_operator.py
[2026-05-17T03:58:13.155+0000] {logging_mixin.py:188} INFO - [2026-05-17T03:58:13.154+0000] {dag.py:3036} INFO - Sync 1 DAGs
[2026-05-17T03:58:13.197+0000] {logging_mixin.py:188} INFO - [2026-05-17T03:58:13.196+0000] {dag.py:3823} INFO - Setting next_dagrun for example_weekday_branch_operator to 2026-05-16 00:00:00+00:00, run_after=2026-05-17 00:00:00+00:00
[2026-05-17T03:58:13.231+0000] {processor.py:183} INFO - Processing /home/airflow/.local/lib/python3.8/site-packages/airflow/example_dags/example_branch_day_of_week_operator.py took 0.143 seconds
[2026-05-17T03:58:43.271+0000] {processor.py:161} INFO - Started process (PID=5093) to work on /home/airflow/.local/lib/python3.8/site-packages/airflow/example_dags/example_branch_day_of_week_operator.py
[2026-05-17T03:58:43.273+0000] {processor.py:830} INFO - Processing file /home/airflow/.local/lib/python3.8/site-packages/airflow/example_dags/example_branch_day_of_week_operator.py for tasks to queue
[2026-05-17T03:58:43.276+0000] {logging_mixin.py:188} INFO - [2026-05-17T03:58:43.276+0000] {dagbag.py:538} INFO - Filling up the DagBag from /home/airflow/.local/lib/python3.8/site-packages/airflow/example_dags/example_branch_day_of_week_operator.py
[2026-05-17T03:58:43.289+0000] {processor.py:840} INFO - DAG(s) 'example_weekday_branch_operator' retrieved from /home/airflow/.local/lib/python3.8/site-packages/airflow/example_dags/example_branch_day_of_week_operator.py
[2026-05-17T03:58:43.332+0000] {logging_mixin.py:188} INFO - [2026-05-17T03:58:43.331+0000] {dag.py:3036} INFO - Sync 1 DAGs
[2026-05-17T03:58:43.373+0000] {logging_mixin.py:188} INFO - [2026-05-17T03:58:43.373+0000] {dag.py:3823} INFO - Setting next_dagrun for example_weekday_branch_operator to 2026-05-16 00:00:00+00:00, run_after=2026-05-17 00:00:00+00:00
[2026-05-17T03:58:43.405+0000] {processor.py:183} INFO - Processing /home/airflow/.local/lib/python3.8/site-packages/airflow/example_dags/example_branch_day_of_week_operator.py took 0.139 seconds
[2026-05-17T03:59:13.669+0000] {processor.py:161} INFO - Started process (PID=5158) to work on /home/airflow/.local/lib/python3.8/site-packages/airflow/example_dags/example_branch_day_of_week_operator.py
[2026-05-17T03:59:13.672+0000] {processor.py:830} INFO - Processing file /home/airflow/.local/lib/python3.8/site-packages/airflow/example_dags/example_branch_day_of_week_operator.py for tasks to queue
[2026-05-17T03:59:13.675+0000] {logging_mixin.py:188} INFO - [2026-05-17T03:59:13.674+0000] {dagbag.py:538} INFO - Filling up the DagBag from /home/airflow/.local/lib/python3.8/site-packages/airflow/example_dags/example_branch_day_of_week_operator.py
[2026-05-17T03:59:13.691+0000] {processor.py:840} INFO - DAG(s) 'example_weekday_branch_operator' retrieved from /home/airflow/.local/lib/python3.8/site-packages/airflow/example_dags/example_branch_day_of_week_operator.py
[2026-05-17T03:59:13.734+0000] {logging_mixin.py:188} INFO - [2026-05-17T03:59:13.733+0000] {dag.py:3036} INFO - Sync 1 DAGs
[2026-05-17T03:59:13.780+0000] {logging_mixin.py:188} INFO - [2026-05-17T03:59:13.779+0000] {dag.py:3823} INFO - Setting next_dagrun for example_weekday_branch_operator to 2026-05-16 00:00:00+00:00, run_after=2026-05-17 00:00:00+00:00
[2026-05-17T03:59:13.813+0000] {processor.py:183} INFO - Processing /home/airflow/.local/lib/python3.8/site-packages/airflow/example_dags/example_branch_day_of_week_operator.py took 0.150 seconds
[2026-05-17T03:59:44.601+0000] {processor.py:161} INFO - Started process (PID=5224) to work on /home/airflow/.local/lib/python3.8/site-packages/airflow/example_dags/example_branch_day_of_week_operator.py
[2026-05-17T03:59:44.602+0000] {processor.py:830} INFO - Processing file /home/airflow/.local/lib/python3.8/site-packages/airflow/example_dags/example_branch_day_of_week_operator.py for tasks to queue
[2026-05-17T03:59:44.605+0000] {logging_mixin.py:188} INFO - [2026-05-17T03:59:44.604+0000] {dagbag.py:538} INFO - Filling up the DagBag from /home/airflow/.local/lib/python3.8/site-packages/airflow/example_dags/example_branch_day_of_week_operator.py
[2026-05-17T03:59:44.621+0000] {processor.py:840} INFO - DAG(s) 'example_weekday_branch_operator' retrieved from /home/airflow/.local/lib/python3.8/site-packages/airflow/example_dags/example_branch_day_of_week_operator.py
[2026-05-17T03:59:44.667+0000] {logging_mixin.py:188} INFO - [2026-05-17T03:59:44.666+0000] {dag.py:3036} INFO - Sync 1 DAGs
[2026-05-17T03:59:44.716+0000] {logging_mixin.py:188} INFO - [2026-05-17T03:59:44.716+0000] {dag.py:3823} INFO - Setting next_dagrun for example_weekday_branch_operator to 2026-05-16 00:00:00+00:00, run_after=2026-05-17 00:00:00+00:00
[2026-05-17T03:59:44.748+0000] {processor.py:183} INFO - Processing /home/airflow/.local/lib/python3.8/site-packages/airflow/example_dags/example_branch_day_of_week_operator.py took 0.152 seconds
[2026-05-17T04:00:15.228+0000] {processor.py:161} INFO - Started process (PID=5296) to work on /home/airflow/.local/lib/python3.8/site-packages/airflow/example_dags/example_branch_day_of_week_operator.py
[2026-05-17T04:00:15.230+0000] {processor.py:830} INFO - Processing file /home/airflow/.local/lib/python3.8/site-packages/airflow/example_dags/example_branch_day_of_week_operator.py for tasks to queue
[2026-05-17T04:00:15.233+0000] {logging_mixin.py:188} INFO - [2026-05-17T04:00:15.233+0000] {dagbag.py:538} INFO - Filling up the DagBag from /home/airflow/.local/lib/python3.8/site-packages/airflow/example_dags/example_branch_day_of_week_operator.py
[2026-05-17T04:00:15.249+0000] {processor.py:840} INFO - DAG(s) 'example_weekday_branch_operator' retrieved from /home/airflow/.local/lib/python3.8/site-packages/airflow/example_dags/example_branch_day_of_week_operator.py
[2026-05-17T04:00:15.295+0000] {logging_mixin.py:188} INFO - [2026-05-17T04:00:15.294+0000] {dag.py:3036} INFO - Sync 1 DAGs
[2026-05-17T04:00:15.345+0000] {logging_mixin.py:188} INFO - [2026-05-17T04:00:15.344+0000] {dag.py:3823} INFO - Setting next_dagrun for example_weekday_branch_operator to 2026-05-16 00:00:00+00:00, run_after=2026-05-17 00:00:00+00:00
[2026-05-17T04:00:15.377+0000] {processor.py:183} INFO - Processing /home/airflow/.local/lib/python3.8/site-packages/airflow/example_dags/example_branch_day_of_week_operator.py took 0.155 seconds
[2026-05-17T04:00:45.650+0000] {processor.py:161} INFO - Started process (PID=5363) to work on /home/airflow/.local/lib/python3.8/site-packages/airflow/example_dags/example_branch_day_of_week_operator.py
[2026-05-17T04:00:45.651+0000] {processor.py:830} INFO - Processing file /home/airflow/.local/lib/python3.8/site-packages/airflow/example_dags/example_branch_day_of_week_operator.py for tasks to queue
[2026-05-17T04:00:45.655+0000] {logging_mixin.py:188} INFO - [2026-05-17T04:00:45.654+0000] {dagbag.py:538} INFO - Filling up the DagBag from /home/airflow/.local/lib/python3.8/site-packages/airflow/example_dags/example_branch_day_of_week_operator.py
[2026-05-17T04:00:45.670+0000] {processor.py:840} INFO - DAG(s) 'example_weekday_branch_operator' retrieved from /home/airflow/.local/lib/python3.8/site-packages/airflow/example_dags/example_branch_day_of_week_operator.py
[2026-05-17T04:00:45.714+0000] {logging_mixin.py:188} INFO - [2026-05-17T04:00:45.714+0000] {dag.py:3036} INFO - Sync 1 DAGs
[2026-05-17T04:00:45.757+0000] {logging_mixin.py:188} INFO - [2026-05-17T04:00:45.756+0000] {dag.py:3823} INFO - Setting next_dagrun for example_weekday_branch_operator to 2026-05-16 00:00:00+00:00, run_after=2026-05-17 00:00:00+00:00
[2026-05-17T04:00:45.789+0000] {processor.py:183} INFO - Processing /home/airflow/.local/lib/python3.8/site-packages/airflow/example_dags/example_branch_day_of_week_operator.py took 0.145 seconds
[2026-05-17T04:01:16.160+0000] {processor.py:161} INFO - Started process (PID=5430) to work on /home/airflow/.local/lib/python3.8/site-packages/airflow/example_dags/example_branch_day_of_week_operator.py
[2026-05-17T04:01:16.162+0000] {processor.py:830} INFO - Processing file /home/airflow/.local/lib/python3.8/site-packages/airflow/example_dags/example_branch_day_of_week_operator.py for tasks to queue
[2026-05-17T04:01:16.165+0000] {logging_mixin.py:188} INFO - [2026-05-17T04:01:16.165+0000] {dagbag.py:538} INFO - Filling up the DagBag from /home/airflow/.local/lib/python3.8/site-packages/airflow/example_dags/example_branch_day_of_week_operator.py
[2026-05-17T04:01:16.180+0000] {processor.py:840} INFO - DAG(s) 'example_weekday_branch_operator' retrieved from /home/airflow/.local/lib/python3.8/site-packages/airflow/example_dags/example_branch_day_of_week_operator.py
[2026-05-17T04:01:16.220+0000] {logging_mixin.py:188} INFO - [2026-05-17T04:01:16.220+0000] {dag.py:3036} INFO - Sync 1 DAGs
[2026-05-17T04:01:16.266+0000] {logging_mixin.py:188} INFO - [2026-05-17T04:01:16.265+0000] {dag.py:3823} INFO - Setting next_dagrun for example_weekday_branch_operator to 2026-05-16 00:00:00+00:00, run_after=2026-05-17 00:00:00+00:00
[2026-05-17T04:01:16.298+0000] {processor.py:183} INFO - Processing /home/airflow/.local/lib/python3.8/site-packages/airflow/example_dags/example_branch_day_of_week_operator.py took 0.144 seconds
[2026-05-17T04:01:46.631+0000] {processor.py:161} INFO - Started process (PID=5495) to work on /home/airflow/.local/lib/python3.8/site-packages/airflow/example_dags/example_branch_day_of_week_operator.py
[2026-05-17T04:01:46.634+0000] {processor.py:830} INFO - Processing file /home/airflow/.local/lib/python3.8/site-packages/airflow/example_dags/example_branch_day_of_week_operator.py for tasks to queue
[2026-05-17T04:01:46.637+0000] {logging_mixin.py:188} INFO - [2026-05-17T04:01:46.636+0000] {dagbag.py:538} INFO - Filling up the DagBag from /home/airflow/.local/lib/python3.8/site-packages/airflow/example_dags/example_branch_day_of_week_operator.py
[2026-05-17T04:01:46.651+0000] {processor.py:840} INFO - DAG(s) 'example_weekday_branch_operator' retrieved from /home/airflow/.local/lib/python3.8/site-packages/airflow/example_dags/example_branch_day_of_week_operator.py
[2026-05-17T04:01:46.690+0000] {logging_mixin.py:188} INFO - [2026-05-17T04:01:46.690+0000] {dag.py:3036} INFO - Sync 1 DAGs
[2026-05-17T04:01:46.732+0000] {logging_mixin.py:188} INFO - [2026-05-17T04:01:46.732+0000] {dag.py:3823} INFO - Setting next_dagrun for example_weekday_branch_operator to 2026-05-16 00:00:00+00:00, run_after=2026-05-17 00:00:00+00:00
[2026-05-17T04:01:46.763+0000] {processor.py:183} INFO - Processing /home/airflow/.local/lib/python3.8/site-packages/airflow/example_dags/example_branch_day_of_week_operator.py took 0.138 seconds
[2026-05-17T04:02:16.957+0000] {processor.py:161} INFO - Started process (PID=5561) to work on /home/airflow/.local/lib/python3.8/site-packages/airflow/example_dags/example_branch_day_of_week_operator.py
[2026-05-17T04:02:16.959+0000] {processor.py:830} INFO - Processing file /home/airflow/.local/lib/python3.8/site-packages/airflow/example_dags/example_branch_day_of_week_operator.py for tasks to queue
[2026-05-17T04:02:16.962+0000] {logging_mixin.py:188} INFO - [2026-05-17T04:02:16.961+0000] {dagbag.py:538} INFO - Filling up the DagBag from /home/airflow/.local/lib/python3.8/site-packages/airflow/example_dags/example_branch_day_of_week_operator.py
[2026-05-17T04:02:16.977+0000] {processor.py:840} INFO - DAG(s) 'example_weekday_branch_operator' retrieved from /home/airflow/.local/lib/python3.8/site-packages/airflow/example_dags/example_branch_day_of_week_operator.py
[2026-05-17T04:02:17.028+0000] {logging_mixin.py:188} INFO - [2026-05-17T04:02:17.027+0000] {dag.py:3036} INFO - Sync 1 DAGs
[2026-05-17T04:02:17.080+0000] {logging_mixin.py:188} INFO - [2026-05-17T04:02:17.080+0000] {dag.py:3823} INFO - Setting next_dagrun for example_weekday_branch_operator to 2026-05-16 00:00:00+00:00, run_after=2026-05-17 00:00:00+00:00
[2026-05-17T04:02:17.120+0000] {processor.py:183} INFO - Processing /home/airflow/.local/lib/python3.8/site-packages/airflow/example_dags/example_branch_day_of_week_operator.py took 0.170 seconds
[2026-05-17T04:02:47.307+0000] {processor.py:161} INFO - Started process (PID=5627) to work on /home/airflow/.local/lib/python3.8/site-packages/airflow/example_dags/example_branch_day_of_week_operator.py
[2026-05-17T04:02:47.309+0000] {processor.py:830} INFO - Processing file /home/airflow/.local/lib/python3.8/site-packages/airflow/example_dags/example_branch_day_of_week_operator.py for tasks to queue
[2026-05-17T04:02:47.313+0000] {logging_mixin.py:188} INFO - [2026-05-17T04:02:47.312+0000] {dagbag.py:538} INFO - Filling up the DagBag from /home/airflow/.local/lib/python3.8/site-packages/airflow/example_dags/example_branch_day_of_week_operator.py
[2026-05-17T04:02:47.329+0000] {processor.py:840} INFO - DAG(s) 'example_weekday_branch_operator' retrieved from /home/airflow/.local/lib/python3.8/site-packages/airflow/example_dags/example_branch_day_of_week_operator.py
[2026-05-17T04:02:47.374+0000] {logging_mixin.py:188} INFO - [2026-05-17T04:02:47.374+0000] {dag.py:3036} INFO - Sync 1 DAGs
[2026-05-17T04:02:47.424+0000] {logging_mixin.py:188} INFO - [2026-05-17T04:02:47.424+0000] {dag.py:3823} INFO - Setting next_dagrun for example_weekday_branch_operator to 2026-05-16 00:00:00+00:00, run_after=2026-05-17 00:00:00+00:00
[2026-05-17T04:02:47.457+0000] {processor.py:183} INFO - Processing /home/airflow/.local/lib/python3.8/site-packages/airflow/example_dags/example_branch_day_of_week_operator.py took 0.156 seconds
[2026-05-17T04:03:17.627+0000] {processor.py:161} INFO - Started process (PID=5692) to work on /home/airflow/.local/lib/python3.8/site-packages/airflow/example_dags/example_branch_day_of_week_operator.py
[2026-05-17T04:03:17.628+0000] {processor.py:830} INFO - Processing file /home/airflow/.local/lib/python3.8/site-packages/airflow/example_dags/example_branch_day_of_week_operator.py for tasks to queue
[2026-05-17T04:03:17.630+0000] {logging_mixin.py:188} INFO - [2026-05-17T04:03:17.630+0000] {dagbag.py:538} INFO - Filling up the DagBag from /home/airflow/.local/lib/python3.8/site-packages/airflow/example_dags/example_branch_day_of_week_operator.py
[2026-05-17T04:03:17.643+0000] {processor.py:840} INFO - DAG(s) 'example_weekday_branch_operator' retrieved from /home/airflow/.local/lib/python3.8/site-packages/airflow/example_dags/example_branch_day_of_week_operator.py
[2026-05-17T04:03:17.684+0000] {logging_mixin.py:188} INFO - [2026-05-17T04:03:17.683+0000] {dag.py:3036} INFO - Sync 1 DAGs
[2026-05-17T04:03:17.729+0000] {logging_mixin.py:188} INFO - [2026-05-17T04:03:17.728+0000] {dag.py:3823} INFO - Setting next_dagrun for example_weekday_branch_operator to 2026-05-16 00:00:00+00:00, run_after=2026-05-17 00:00:00+00:00
[2026-05-17T04:03:17.761+0000] {processor.py:183} INFO - Processing /home/airflow/.local/lib/python3.8/site-packages/airflow/example_dags/example_branch_day_of_week_operator.py took 0.139 seconds
[2026-05-17T04:03:48.460+0000] {processor.py:161} INFO - Started process (PID=5760) to work on /home/airflow/.local/lib/python3.8/site-packages/airflow/example_dags/example_branch_day_of_week_operator.py
[2026-05-17T04:03:48.462+0000] {processor.py:830} INFO - Processing file /home/airflow/.local/lib/python3.8/site-packages/airflow/example_dags/example_branch_day_of_week_operator.py for tasks to queue
[2026-05-17T04:03:48.466+0000] {logging_mixin.py:188} INFO - [2026-05-17T04:03:48.465+0000] {dagbag.py:538} INFO - Filling up the DagBag from /home/airflow/.local/lib/python3.8/site-packages/airflow/example_dags/example_branch_day_of_week_operator.py
[2026-05-17T04:03:48.479+0000] {processor.py:840} INFO - DAG(s) 'example_weekday_branch_operator' retrieved from /home/airflow/.local/lib/python3.8/site-packages/airflow/example_dags/example_branch_day_of_week_operator.py
[2026-05-17T04:03:48.517+0000] {logging_mixin.py:188} INFO - [2026-05-17T04:03:48.517+0000] {dag.py:3036} INFO - Sync 1 DAGs
[2026-05-17T04:03:48.554+0000] {logging_mixin.py:188} INFO - [2026-05-17T04:03:48.554+0000] {dag.py:3823} INFO - Setting next_dagrun for example_weekday_branch_operator to 2026-05-16 00:00:00+00:00, run_after=2026-05-17 00:00:00+00:00
[2026-05-17T04:03:48.585+0000] {processor.py:183} INFO - Processing /home/airflow/.local/lib/python3.8/site-packages/airflow/example_dags/example_branch_day_of_week_operator.py took 0.131 seconds
[2026-05-17T04:04:18.998+0000] {processor.py:161} INFO - Started process (PID=5825) to work on /home/airflow/.local/lib/python3.8/site-packages/airflow/example_dags/example_branch_day_of_week_operator.py
[2026-05-17T04:04:18.999+0000] {processor.py:830} INFO - Processing file /home/airflow/.local/lib/python3.8/site-packages/airflow/example_dags/example_branch_day_of_week_operator.py for tasks to queue
[2026-05-17T04:04:19.002+0000] {logging_mixin.py:188} INFO - [2026-05-17T04:04:19.001+0000] {dagbag.py:538} INFO - Filling up the DagBag from /home/airflow/.local/lib/python3.8/site-packages/airflow/example_dags/example_branch_day_of_week_operator.py
[2026-05-17T04:04:19.014+0000] {processor.py:840} INFO - DAG(s) 'example_weekday_branch_operator' retrieved from /home/airflow/.local/lib/python3.8/site-packages/airflow/example_dags/example_branch_day_of_week_operator.py
[2026-05-17T04:04:19.052+0000] {logging_mixin.py:188} INFO - [2026-05-17T04:04:19.051+0000] {dag.py:3036} INFO - Sync 1 DAGs
[2026-05-17T04:04:19.090+0000] {logging_mixin.py:188} INFO - [2026-05-17T04:04:19.090+0000] {dag.py:3823} INFO - Setting next_dagrun for example_weekday_branch_operator to 2026-05-16 00:00:00+00:00, run_after=2026-05-17 00:00:00+00:00
[2026-05-17T04:04:19.119+0000] {processor.py:183} INFO - Processing /home/airflow/.local/lib/python3.8/site-packages/airflow/example_dags/example_branch_day_of_week_operator.py took 0.126 seconds
[2026-05-17T04:04:49.283+0000] {processor.py:161} INFO - Started process (PID=5888) to work on /home/airflow/.local/lib/python3.8/site-packages/airflow/example_dags/example_branch_day_of_week_operator.py
[2026-05-17T04:04:49.285+0000] {processor.py:830} INFO - Processing file /home/airflow/.local/lib/python3.8/site-packages/airflow/example_dags/example_branch_day_of_week_operator.py for tasks to queue
[2026-05-17T04:04:49.287+0000] {logging_mixin.py:188} INFO - [2026-05-17T04:04:49.287+0000] {dagbag.py:538} INFO - Filling up the DagBag from /home/airflow/.local/lib/python3.8/site-packages/airflow/example_dags/example_branch_day_of_week_operator.py
[2026-05-17T04:04:49.299+0000] {processor.py:840} INFO - DAG(s) 'example_weekday_branch_operator' retrieved from /home/airflow/.local/lib/python3.8/site-packages/airflow/example_dags/example_branch_day_of_week_operator.py
[2026-05-17T04:04:49.334+0000] {logging_mixin.py:188} INFO - [2026-05-17T04:04:49.334+0000] {dag.py:3036} INFO - Sync 1 DAGs
[2026-05-17T04:04:49.373+0000] {logging_mixin.py:188} INFO - [2026-05-17T04:04:49.372+0000] {dag.py:3823} INFO - Setting next_dagrun for example_weekday_branch_operator to 2026-05-16 00:00:00+00:00, run_after=2026-05-17 00:00:00+00:00
[2026-05-17T04:04:49.401+0000] {processor.py:183} INFO - Processing /home/airflow/.local/lib/python3.8/site-packages/airflow/example_dags/example_branch_day_of_week_operator.py took 0.123 seconds
[2026-05-17T04:05:20.100+0000] {processor.py:161} INFO - Started process (PID=5962) to work on /home/airflow/.local/lib/python3.8/site-packages/airflow/example_dags/example_branch_day_of_week_operator.py
[2026-05-17T04:05:20.101+0000] {processor.py:830} INFO - Processing file /home/airflow/.local/lib/python3.8/site-packages/airflow/example_dags/example_branch_day_of_week_operator.py for tasks to queue
[2026-05-17T04:05:20.104+0000] {logging_mixin.py:188} INFO - [2026-05-17T04:05:20.104+0000] {dagbag.py:538} INFO - Filling up the DagBag from /home/airflow/.local/lib/python3.8/site-packages/airflow/example_dags/example_branch_day_of_week_operator.py
[2026-05-17T04:05:20.120+0000] {processor.py:840} INFO - DAG(s) 'example_weekday_branch_operator' retrieved from /home/airflow/.local/lib/python3.8/site-packages/airflow/example_dags/example_branch_day_of_week_operator.py
[2026-05-17T04:05:20.163+0000] {logging_mixin.py:188} INFO - [2026-05-17T04:05:20.162+0000] {dag.py:3036} INFO - Sync 1 DAGs
[2026-05-17T04:05:20.205+0000] {logging_mixin.py:188} INFO - [2026-05-17T04:05:20.205+0000] {dag.py:3823} INFO - Setting next_dagrun for example_weekday_branch_operator to 2026-05-16 00:00:00+00:00, run_after=2026-05-17 00:00:00+00:00
[2026-05-17T04:05:20.240+0000] {processor.py:183} INFO - Processing /home/airflow/.local/lib/python3.8/site-packages/airflow/example_dags/example_branch_day_of_week_operator.py took 0.146 seconds
[2026-05-17T04:05:50.574+0000] {processor.py:161} INFO - Started process (PID=6029) to work on /home/airflow/.local/lib/python3.8/site-packages/airflow/example_dags/example_branch_day_of_week_operator.py
[2026-05-17T04:05:50.576+0000] {processor.py:830} INFO - Processing file /home/airflow/.local/lib/python3.8/site-packages/airflow/example_dags/example_branch_day_of_week_operator.py for tasks to queue
[2026-05-17T04:05:50.579+0000] {logging_mixin.py:188} INFO - [2026-05-17T04:05:50.578+0000] {dagbag.py:538} INFO - Filling up the DagBag from /home/airflow/.local/lib/python3.8/site-packages/airflow/example_dags/example_branch_day_of_week_operator.py
[2026-05-17T04:05:50.594+0000] {processor.py:840} INFO - DAG(s) 'example_weekday_branch_operator' retrieved from /home/airflow/.local/lib/python3.8/site-packages/airflow/example_dags/example_branch_day_of_week_operator.py
[2026-05-17T04:05:50.672+0000] {logging_mixin.py:188} INFO - [2026-05-17T04:05:50.668+0000] {dag.py:3036} INFO - Sync 1 DAGs
[2026-05-17T04:05:50.720+0000] {logging_mixin.py:188} INFO - [2026-05-17T04:05:50.719+0000] {dag.py:3823} INFO - Setting next_dagrun for example_weekday_branch_operator to 2026-05-16 00:00:00+00:00, run_after=2026-05-17 00:00:00+00:00
[2026-05-17T04:05:50.755+0000] {processor.py:183} INFO - Processing /home/airflow/.local/lib/python3.8/site-packages/airflow/example_dags/example_branch_day_of_week_operator.py took 0.188 seconds
[2026-05-17T04:06:21.821+0000] {processor.py:161} INFO - Started process (PID=6095) to work on /home/airflow/.local/lib/python3.8/site-packages/airflow/example_dags/example_branch_day_of_week_operator.py
[2026-05-17T04:06:21.823+0000] {processor.py:830} INFO - Processing file /home/airflow/.local/lib/python3.8/site-packages/airflow/example_dags/example_branch_day_of_week_operator.py for tasks to queue
[2026-05-17T04:06:21.826+0000] {logging_mixin.py:188} INFO - [2026-05-17T04:06:21.825+0000] {dagbag.py:538} INFO - Filling up the DagBag from /home/airflow/.local/lib/python3.8/site-packages/airflow/example_dags/example_branch_day_of_week_operator.py
[2026-05-17T04:06:21.842+0000] {processor.py:840} INFO - DAG(s) 'example_weekday_branch_operator' retrieved from /home/airflow/.local/lib/python3.8/site-packages/airflow/example_dags/example_branch_day_of_week_operator.py
[2026-05-17T04:06:21.890+0000] {logging_mixin.py:188} INFO - [2026-05-17T04:06:21.890+0000] {dag.py:3036} INFO - Sync 1 DAGs
[2026-05-17T04:06:21.939+0000] {logging_mixin.py:188} INFO - [2026-05-17T04:06:21.938+0000] {dag.py:3823} INFO - Setting next_dagrun for example_weekday_branch_operator to 2026-05-16 00:00:00+00:00, run_after=2026-05-17 00:00:00+00:00
[2026-05-17T04:06:21.977+0000] {processor.py:183} INFO - Processing /home/airflow/.local/lib/python3.8/site-packages/airflow/example_dags/example_branch_day_of_week_operator.py took 0.162 seconds
[2026-05-17T04:06:52.872+0000] {processor.py:161} INFO - Started process (PID=6162) to work on /home/airflow/.local/lib/python3.8/site-packages/airflow/example_dags/example_branch_day_of_week_operator.py
[2026-05-17T04:06:52.875+0000] {processor.py:830} INFO - Processing file /home/airflow/.local/lib/python3.8/site-packages/airflow/example_dags/example_branch_day_of_week_operator.py for tasks to queue
[2026-05-17T04:06:52.878+0000] {logging_mixin.py:188} INFO - [2026-05-17T04:06:52.877+0000] {dagbag.py:538} INFO - Filling up the DagBag from /home/airflow/.local/lib/python3.8/site-packages/airflow/example_dags/example_branch_day_of_week_operator.py
[2026-05-17T04:06:52.894+0000] {processor.py:840} INFO - DAG(s) 'example_weekday_branch_operator' retrieved from /home/airflow/.local/lib/python3.8/site-packages/airflow/example_dags/example_branch_day_of_week_operator.py
[2026-05-17T04:06:52.940+0000] {logging_mixin.py:188} INFO - [2026-05-17T04:06:52.939+0000] {dag.py:3036} INFO - Sync 1 DAGs
[2026-05-17T04:06:52.986+0000] {logging_mixin.py:188} INFO - [2026-05-17T04:06:52.985+0000] {dag.py:3823} INFO - Setting next_dagrun for example_weekday_branch_operator to 2026-05-16 00:00:00+00:00, run_after=2026-05-17 00:00:00+00:00
[2026-05-17T04:06:53.025+0000] {processor.py:183} INFO - Processing /home/airflow/.local/lib/python3.8/site-packages/airflow/example_dags/example_branch_day_of_week_operator.py took 0.159 seconds
[2026-05-17T04:07:24.001+0000] {processor.py:161} INFO - Started process (PID=6228) to work on /home/airflow/.local/lib/python3.8/site-packages/airflow/example_dags/example_branch_day_of_week_operator.py
[2026-05-17T04:07:24.003+0000] {processor.py:830} INFO - Processing file /home/airflow/.local/lib/python3.8/site-packages/airflow/example_dags/example_branch_day_of_week_operator.py for tasks to queue
[2026-05-17T04:07:24.006+0000] {logging_mixin.py:188} INFO - [2026-05-17T04:07:24.005+0000] {dagbag.py:538} INFO - Filling up the DagBag from /home/airflow/.local/lib/python3.8/site-packages/airflow/example_dags/example_branch_day_of_week_operator.py
[2026-05-17T04:07:24.020+0000] {processor.py:840} INFO - DAG(s) 'example_weekday_branch_operator' retrieved from /home/airflow/.local/lib/python3.8/site-packages/airflow/example_dags/example_branch_day_of_week_operator.py
[2026-05-17T04:07:24.076+0000] {logging_mixin.py:188} INFO - [2026-05-17T04:07:24.076+0000] {dag.py:3036} INFO - Sync 1 DAGs
[2026-05-17T04:07:24.123+0000] {logging_mixin.py:188} INFO - [2026-05-17T04:07:24.122+0000] {dag.py:3823} INFO - Setting next_dagrun for example_weekday_branch_operator to 2026-05-16 00:00:00+00:00, run_after=2026-05-17 00:00:00+00:00
[2026-05-17T04:07:24.152+0000] {processor.py:183} INFO - Processing /home/airflow/.local/lib/python3.8/site-packages/airflow/example_dags/example_branch_day_of_week_operator.py took 0.164 seconds
[2026-05-17T04:07:54.201+0000] {processor.py:161} INFO - Started process (PID=6294) to work on /home/airflow/.local/lib/python3.8/site-packages/airflow/example_dags/example_branch_day_of_week_operator.py
[2026-05-17T04:07:54.203+0000] {processor.py:830} INFO - Processing file /home/airflow/.local/lib/python3.8/site-packages/airflow/example_dags/example_branch_day_of_week_operator.py for tasks to queue
[2026-05-17T04:07:54.206+0000] {logging_mixin.py:188} INFO - [2026-05-17T04:07:54.205+0000] {dagbag.py:538} INFO - Filling up the DagBag from /home/airflow/.local/lib/python3.8/site-packages/airflow/example_dags/example_branch_day_of_week_operator.py
[2026-05-17T04:07:54.219+0000] {processor.py:840} INFO - DAG(s) 'example_weekday_branch_operator' retrieved from /home/airflow/.local/lib/python3.8/site-packages/airflow/example_dags/example_branch_day_of_week_operator.py
[2026-05-17T04:07:54.259+0000] {logging_mixin.py:188} INFO - [2026-05-17T04:07:54.259+0000] {dag.py:3036} INFO - Sync 1 DAGs
[2026-05-17T04:07:54.299+0000] {logging_mixin.py:188} INFO - [2026-05-17T04:07:54.299+0000] {dag.py:3823} INFO - Setting next_dagrun for example_weekday_branch_operator to 2026-05-16 00:00:00+00:00, run_after=2026-05-17 00:00:00+00:00
[2026-05-17T04:07:54.332+0000] {processor.py:183} INFO - Processing /home/airflow/.local/lib/python3.8/site-packages/airflow/example_dags/example_branch_day_of_week_operator.py took 0.136 seconds
[2026-05-17T04:08:24.617+0000] {processor.py:161} INFO - Started process (PID=6361) to work on /home/airflow/.local/lib/python3.8/site-packages/airflow/example_dags/example_branch_day_of_week_operator.py
[2026-05-17T04:08:24.618+0000] {processor.py:830} INFO - Processing file /home/airflow/.local/lib/python3.8/site-packages/airflow/example_dags/example_branch_day_of_week_operator.py for tasks to queue
[2026-05-17T04:08:24.622+0000] {logging_mixin.py:188} INFO - [2026-05-17T04:08:24.621+0000] {dagbag.py:538} INFO - Filling up the DagBag from /home/airflow/.local/lib/python3.8/site-packages/airflow/example_dags/example_branch_day_of_week_operator.py
[2026-05-17T04:08:24.633+0000] {processor.py:840} INFO - DAG(s) 'example_weekday_branch_operator' retrieved from /home/airflow/.local/lib/python3.8/site-packages/airflow/example_dags/example_branch_day_of_week_operator.py
[2026-05-17T04:08:24.676+0000] {logging_mixin.py:188} INFO - [2026-05-17T04:08:24.675+0000] {dag.py:3036} INFO - Sync 1 DAGs
[2026-05-17T04:08:24.720+0000] {logging_mixin.py:188} INFO - [2026-05-17T04:08:24.719+0000] {dag.py:3823} INFO - Setting next_dagrun for example_weekday_branch_operator to 2026-05-16 00:00:00+00:00, run_after=2026-05-17 00:00:00+00:00
[2026-05-17T04:08:24.750+0000] {processor.py:183} INFO - Processing /home/airflow/.local/lib/python3.8/site-packages/airflow/example_dags/example_branch_day_of_week_operator.py took 0.139 seconds
[2026-05-17T04:08:55.212+0000] {processor.py:161} INFO - Started process (PID=6427) to work on /home/airflow/.local/lib/python3.8/site-packages/airflow/example_dags/example_branch_day_of_week_operator.py
[2026-05-17T04:08:55.214+0000] {processor.py:830} INFO - Processing file /home/airflow/.local/lib/python3.8/site-packages/airflow/example_dags/example_branch_day_of_week_operator.py for tasks to queue
[2026-05-17T04:08:55.217+0000] {logging_mixin.py:188} INFO - [2026-05-17T04:08:55.216+0000] {dagbag.py:538} INFO - Filling up the DagBag from /home/airflow/.local/lib/python3.8/site-packages/airflow/example_dags/example_branch_day_of_week_operator.py
[2026-05-17T04:08:55.230+0000] {processor.py:840} INFO - DAG(s) 'example_weekday_branch_operator' retrieved from /home/airflow/.local/lib/python3.8/site-packages/airflow/example_dags/example_branch_day_of_week_operator.py
[2026-05-17T04:08:55.274+0000] {logging_mixin.py:188} INFO - [2026-05-17T04:08:55.273+0000] {dag.py:3036} INFO - Sync 1 DAGs
[2026-05-17T04:08:55.317+0000] {logging_mixin.py:188} INFO - [2026-05-17T04:08:55.317+0000] {dag.py:3823} INFO - Setting next_dagrun for example_weekday_branch_operator to 2026-05-16 00:00:00+00:00, run_after=2026-05-17 00:00:00+00:00
[2026-05-17T04:08:55.354+0000] {processor.py:183} INFO - Processing /home/airflow/.local/lib/python3.8/site-packages/airflow/example_dags/example_branch_day_of_week_operator.py took 0.147 seconds
[2026-05-17T04:09:25.793+0000] {processor.py:161} INFO - Started process (PID=6495) to work on /home/airflow/.local/lib/python3.8/site-packages/airflow/example_dags/example_branch_day_of_week_operator.py
[2026-05-17T04:09:25.795+0000] {processor.py:830} INFO - Processing file /home/airflow/.local/lib/python3.8/site-packages/airflow/example_dags/example_branch_day_of_week_operator.py for tasks to queue
[2026-05-17T04:09:25.799+0000] {logging_mixin.py:188} INFO - [2026-05-17T04:09:25.798+0000] {dagbag.py:538} INFO - Filling up the DagBag from /home/airflow/.local/lib/python3.8/site-packages/airflow/example_dags/example_branch_day_of_week_operator.py
[2026-05-17T04:09:25.814+0000] {processor.py:840} INFO - DAG(s) 'example_weekday_branch_operator' retrieved from /home/airflow/.local/lib/python3.8/site-packages/airflow/example_dags/example_branch_day_of_week_operator.py
[2026-05-17T04:09:25.860+0000] {logging_mixin.py:188} INFO - [2026-05-17T04:09:25.860+0000] {dag.py:3036} INFO - Sync 1 DAGs
[2026-05-17T04:09:25.910+0000] {logging_mixin.py:188} INFO - [2026-05-17T04:09:25.909+0000] {dag.py:3823} INFO - Setting next_dagrun for example_weekday_branch_operator to 2026-05-16 00:00:00+00:00, run_after=2026-05-17 00:00:00+00:00
[2026-05-17T04:09:25.947+0000] {processor.py:183} INFO - Processing /home/airflow/.local/lib/python3.8/site-packages/airflow/example_dags/example_branch_day_of_week_operator.py took 0.159 seconds
[2026-05-17T04:09:57.223+0000] {processor.py:161} INFO - Started process (PID=6562) to work on /home/airflow/.local/lib/python3.8/site-packages/airflow/example_dags/example_branch_day_of_week_operator.py
[2026-05-17T04:09:57.224+0000] {processor.py:830} INFO - Processing file /home/airflow/.local/lib/python3.8/site-packages/airflow/example_dags/example_branch_day_of_week_operator.py for tasks to queue
[2026-05-17T04:09:57.227+0000] {logging_mixin.py:188} INFO - [2026-05-17T04:09:57.226+0000] {dagbag.py:538} INFO - Filling up the DagBag from /home/airflow/.local/lib/python3.8/site-packages/airflow/example_dags/example_branch_day_of_week_operator.py
[2026-05-17T04:09:57.239+0000] {processor.py:840} INFO - DAG(s) 'example_weekday_branch_operator' retrieved from /home/airflow/.local/lib/python3.8/site-packages/airflow/example_dags/example_branch_day_of_week_operator.py
[2026-05-17T04:09:57.275+0000] {logging_mixin.py:188} INFO - [2026-05-17T04:09:57.274+0000] {dag.py:3036} INFO - Sync 1 DAGs
[2026-05-17T04:09:57.316+0000] {logging_mixin.py:188} INFO - [2026-05-17T04:09:57.316+0000] {dag.py:3823} INFO - Setting next_dagrun for example_weekday_branch_operator to 2026-05-16 00:00:00+00:00, run_after=2026-05-17 00:00:00+00:00
[2026-05-17T04:09:57.348+0000] {processor.py:183} INFO - Processing /home/airflow/.local/lib/python3.8/site-packages/airflow/example_dags/example_branch_day_of_week_operator.py took 0.130 seconds
[2026-05-17T04:10:27.435+0000] {processor.py:161} INFO - Started process (PID=6627) to work on /home/airflow/.local/lib/python3.8/site-packages/airflow/example_dags/example_branch_day_of_week_operator.py
[2026-05-17T04:10:27.437+0000] {processor.py:830} INFO - Processing file /home/airflow/.local/lib/python3.8/site-packages/airflow/example_dags/example_branch_day_of_week_operator.py for tasks to queue
[2026-05-17T04:10:27.440+0000] {logging_mixin.py:188} INFO - [2026-05-17T04:10:27.439+0000] {dagbag.py:538} INFO - Filling up the DagBag from /home/airflow/.local/lib/python3.8/site-packages/airflow/example_dags/example_branch_day_of_week_operator.py
[2026-05-17T04:10:27.452+0000] {processor.py:840} INFO - DAG(s) 'example_weekday_branch_operator' retrieved from /home/airflow/.local/lib/python3.8/site-packages/airflow/example_dags/example_branch_day_of_week_operator.py
[2026-05-17T04:10:27.493+0000] {logging_mixin.py:188} INFO - [2026-05-17T04:10:27.493+0000] {dag.py:3036} INFO - Sync 1 DAGs
[2026-05-17T04:10:27.529+0000] {logging_mixin.py:188} INFO - [2026-05-17T04:10:27.528+0000] {dag.py:3823} INFO - Setting next_dagrun for example_weekday_branch_operator to 2026-05-16 00:00:00+00:00, run_after=2026-05-17 00:00:00+00:00
[2026-05-17T04:10:27.559+0000] {processor.py:183} INFO - Processing /home/airflow/.local/lib/python3.8/site-packages/airflow/example_dags/example_branch_day_of_week_operator.py took 0.129 seconds
[2026-05-17T04:10:57.772+0000] {processor.py:161} INFO - Started process (PID=6700) to work on /home/airflow/.local/lib/python3.8/site-packages/airflow/example_dags/example_branch_day_of_week_operator.py
[2026-05-17T04:10:57.779+0000] {processor.py:830} INFO - Processing file /home/airflow/.local/lib/python3.8/site-packages/airflow/example_dags/example_branch_day_of_week_operator.py for tasks to queue
[2026-05-17T04:10:57.782+0000] {logging_mixin.py:188} INFO - [2026-05-17T04:10:57.782+0000] {dagbag.py:538} INFO - Filling up the DagBag from /home/airflow/.local/lib/python3.8/site-packages/airflow/example_dags/example_branch_day_of_week_operator.py
[2026-05-17T04:10:57.797+0000] {processor.py:840} INFO - DAG(s) 'example_weekday_branch_operator' retrieved from /home/airflow/.local/lib/python3.8/site-packages/airflow/example_dags/example_branch_day_of_week_operator.py
[2026-05-17T04:10:57.841+0000] {logging_mixin.py:188} INFO - [2026-05-17T04:10:57.840+0000] {dag.py:3036} INFO - Sync 1 DAGs
[2026-05-17T04:10:57.887+0000] {logging_mixin.py:188} INFO - [2026-05-17T04:10:57.887+0000] {dag.py:3823} INFO - Setting next_dagrun for example_weekday_branch_operator to 2026-05-16 00:00:00+00:00, run_after=2026-05-17 00:00:00+00:00
[2026-05-17T04:10:57.921+0000] {processor.py:183} INFO - Processing /home/airflow/.local/lib/python3.8/site-packages/airflow/example_dags/example_branch_day_of_week_operator.py took 0.155 seconds
[2026-05-17T04:11:28.501+0000] {processor.py:161} INFO - Started process (PID=6767) to work on /home/airflow/.local/lib/python3.8/site-packages/airflow/example_dags/example_branch_day_of_week_operator.py
[2026-05-17T04:11:28.502+0000] {processor.py:830} INFO - Processing file /home/airflow/.local/lib/python3.8/site-packages/airflow/example_dags/example_branch_day_of_week_operator.py for tasks to queue
[2026-05-17T04:11:28.505+0000] {logging_mixin.py:188} INFO - [2026-05-17T04:11:28.505+0000] {dagbag.py:538} INFO - Filling up the DagBag from /home/airflow/.local/lib/python3.8/site-packages/airflow/example_dags/example_branch_day_of_week_operator.py
[2026-05-17T04:11:28.520+0000] {processor.py:840} INFO - DAG(s) 'example_weekday_branch_operator' retrieved from /home/airflow/.local/lib/python3.8/site-packages/airflow/example_dags/example_branch_day_of_week_operator.py
[2026-05-17T04:11:28.562+0000] {logging_mixin.py:188} INFO - [2026-05-17T04:11:28.562+0000] {dag.py:3036} INFO - Sync 1 DAGs
[2026-05-17T04:11:28.611+0000] {logging_mixin.py:188} INFO - [2026-05-17T04:11:28.611+0000] {dag.py:3823} INFO - Setting next_dagrun for example_weekday_branch_operator to 2026-05-16 00:00:00+00:00, run_after=2026-05-17 00:00:00+00:00
[2026-05-17T04:11:28.646+0000] {processor.py:183} INFO - Processing /home/airflow/.local/lib/python3.8/site-packages/airflow/example_dags/example_branch_day_of_week_operator.py took 0.151 seconds
[2026-05-17T04:11:59.346+0000] {processor.py:161} INFO - Started process (PID=6834) to work on /home/airflow/.local/lib/python3.8/site-packages/airflow/example_dags/example_branch_day_of_week_operator.py
[2026-05-17T04:11:59.348+0000] {processor.py:830} INFO - Processing file /home/airflow/.local/lib/python3.8/site-packages/airflow/example_dags/example_branch_day_of_week_operator.py for tasks to queue
[2026-05-17T04:11:59.351+0000] {logging_mixin.py:188} INFO - [2026-05-17T04:11:59.351+0000] {dagbag.py:538} INFO - Filling up the DagBag from /home/airflow/.local/lib/python3.8/site-packages/airflow/example_dags/example_branch_day_of_week_operator.py
[2026-05-17T04:11:59.365+0000] {processor.py:840} INFO - DAG(s) 'example_weekday_branch_operator' retrieved from /home/airflow/.local/lib/python3.8/site-packages/airflow/example_dags/example_branch_day_of_week_operator.py
[2026-05-17T04:11:59.410+0000] {logging_mixin.py:188} INFO - [2026-05-17T04:11:59.410+0000] {dag.py:3036} INFO - Sync 1 DAGs
[2026-05-17T04:11:59.469+0000] {logging_mixin.py:188} INFO - [2026-05-17T04:11:59.469+0000] {dag.py:3823} INFO - Setting next_dagrun for example_weekday_branch_operator to 2026-05-16 00:00:00+00:00, run_after=2026-05-17 00:00:00+00:00
[2026-05-17T04:11:59.504+0000] {processor.py:183} INFO - Processing /home/airflow/.local/lib/python3.8/site-packages/airflow/example_dags/example_branch_day_of_week_operator.py took 0.164 seconds
[2026-05-17T04:12:29.793+0000] {processor.py:161} INFO - Started process (PID=6901) to work on /home/airflow/.local/lib/python3.8/site-packages/airflow/example_dags/example_branch_day_of_week_operator.py
[2026-05-17T04:12:29.795+0000] {processor.py:830} INFO - Processing file /home/airflow/.local/lib/python3.8/site-packages/airflow/example_dags/example_branch_day_of_week_operator.py for tasks to queue
[2026-05-17T04:12:29.800+0000] {logging_mixin.py:188} INFO - [2026-05-17T04:12:29.799+0000] {dagbag.py:538} INFO - Filling up the DagBag from /home/airflow/.local/lib/python3.8/site-packages/airflow/example_dags/example_branch_day_of_week_operator.py
[2026-05-17T04:12:29.812+0000] {processor.py:840} INFO - DAG(s) 'example_weekday_branch_operator' retrieved from /home/airflow/.local/lib/python3.8/site-packages/airflow/example_dags/example_branch_day_of_week_operator.py
[2026-05-17T04:12:29.854+0000] {logging_mixin.py:188} INFO - [2026-05-17T04:12:29.854+0000] {dag.py:3036} INFO - Sync 1 DAGs
[2026-05-17T04:12:29.892+0000] {logging_mixin.py:188} INFO - [2026-05-17T04:12:29.891+0000] {dag.py:3823} INFO - Setting next_dagrun for example_weekday_branch_operator to 2026-05-16 00:00:00+00:00, run_after=2026-05-17 00:00:00+00:00
[2026-05-17T04:12:29.934+0000] {processor.py:183} INFO - Processing /home/airflow/.local/lib/python3.8/site-packages/airflow/example_dags/example_branch_day_of_week_operator.py took 0.147 seconds
[2026-05-17T04:13:00.420+0000] {processor.py:161} INFO - Started process (PID=6966) to work on /home/airflow/.local/lib/python3.8/site-packages/airflow/example_dags/example_branch_day_of_week_operator.py
[2026-05-17T04:13:00.423+0000] {processor.py:830} INFO - Processing file /home/airflow/.local/lib/python3.8/site-packages/airflow/example_dags/example_branch_day_of_week_operator.py for tasks to queue
[2026-05-17T04:13:00.426+0000] {logging_mixin.py:188} INFO - [2026-05-17T04:13:00.425+0000] {dagbag.py:538} INFO - Filling up the DagBag from /home/airflow/.local/lib/python3.8/site-packages/airflow/example_dags/example_branch_day_of_week_operator.py
[2026-05-17T04:13:00.441+0000] {processor.py:840} INFO - DAG(s) 'example_weekday_branch_operator' retrieved from /home/airflow/.local/lib/python3.8/site-packages/airflow/example_dags/example_branch_day_of_week_operator.py
[2026-05-17T04:13:00.485+0000] {logging_mixin.py:188} INFO - [2026-05-17T04:13:00.485+0000] {dag.py:3036} INFO - Sync 1 DAGs
[2026-05-17T04:13:00.532+0000] {logging_mixin.py:188} INFO - [2026-05-17T04:13:00.531+0000] {dag.py:3823} INFO - Setting next_dagrun for example_weekday_branch_operator to 2026-05-16 00:00:00+00:00, run_after=2026-05-17 00:00:00+00:00
[2026-05-17T04:13:00.568+0000] {processor.py:183} INFO - Processing /home/airflow/.local/lib/python3.8/site-packages/airflow/example_dags/example_branch_day_of_week_operator.py took 0.154 seconds
[2026-05-17T04:13:31.075+0000] {processor.py:161} INFO - Started process (PID=7033) to work on /home/airflow/.local/lib/python3.8/site-packages/airflow/example_dags/example_branch_day_of_week_operator.py
[2026-05-17T04:13:31.077+0000] {processor.py:830} INFO - Processing file /home/airflow/.local/lib/python3.8/site-packages/airflow/example_dags/example_branch_day_of_week_operator.py for tasks to queue
[2026-05-17T04:13:31.080+0000] {logging_mixin.py:188} INFO - [2026-05-17T04:13:31.079+0000] {dagbag.py:538} INFO - Filling up the DagBag from /home/airflow/.local/lib/python3.8/site-packages/airflow/example_dags/example_branch_day_of_week_operator.py
[2026-05-17T04:13:31.092+0000] {processor.py:840} INFO - DAG(s) 'example_weekday_branch_operator' retrieved from /home/airflow/.local/lib/python3.8/site-packages/airflow/example_dags/example_branch_day_of_week_operator.py
[2026-05-17T04:13:31.137+0000] {logging_mixin.py:188} INFO - [2026-05-17T04:13:31.137+0000] {dag.py:3036} INFO - Sync 1 DAGs
[2026-05-17T04:13:31.184+0000] {logging_mixin.py:188} INFO - [2026-05-17T04:13:31.183+0000] {dag.py:3823} INFO - Setting next_dagrun for example_weekday_branch_operator to 2026-05-16 00:00:00+00:00, run_after=2026-05-17 00:00:00+00:00
[2026-05-17T04:13:31.217+0000] {processor.py:183} INFO - Processing /home/airflow/.local/lib/python3.8/site-packages/airflow/example_dags/example_branch_day_of_week_operator.py took 0.148 seconds
[2026-05-17T04:14:01.356+0000] {processor.py:161} INFO - Started process (PID=7099) to work on /home/airflow/.local/lib/python3.8/site-packages/airflow/example_dags/example_branch_day_of_week_operator.py
[2026-05-17T04:14:01.357+0000] {processor.py:830} INFO - Processing file /home/airflow/.local/lib/python3.8/site-packages/airflow/example_dags/example_branch_day_of_week_operator.py for tasks to queue
[2026-05-17T04:14:01.360+0000] {logging_mixin.py:188} INFO - [2026-05-17T04:14:01.359+0000] {dagbag.py:538} INFO - Filling up the DagBag from /home/airflow/.local/lib/python3.8/site-packages/airflow/example_dags/example_branch_day_of_week_operator.py
[2026-05-17T04:14:01.372+0000] {processor.py:840} INFO - DAG(s) 'example_weekday_branch_operator' retrieved from /home/airflow/.local/lib/python3.8/site-packages/airflow/example_dags/example_branch_day_of_week_operator.py
[2026-05-17T04:14:01.412+0000] {logging_mixin.py:188} INFO - [2026-05-17T04:14:01.412+0000] {dag.py:3036} INFO - Sync 1 DAGs
[2026-05-17T04:14:01.454+0000] {logging_mixin.py:188} INFO - [2026-05-17T04:14:01.453+0000] {dag.py:3823} INFO - Setting next_dagrun for example_weekday_branch_operator to 2026-05-16 00:00:00+00:00, run_after=2026-05-17 00:00:00+00:00
[2026-05-17T04:14:01.487+0000] {processor.py:183} INFO - Processing /home/airflow/.local/lib/python3.8/site-packages/airflow/example_dags/example_branch_day_of_week_operator.py took 0.136 seconds
[2026-05-17T04:14:31.962+0000] {processor.py:161} INFO - Started process (PID=7166) to work on /home/airflow/.local/lib/python3.8/site-packages/airflow/example_dags/example_branch_day_of_week_operator.py
[2026-05-17T04:14:31.965+0000] {processor.py:830} INFO - Processing file /home/airflow/.local/lib/python3.8/site-packages/airflow/example_dags/example_branch_day_of_week_operator.py for tasks to queue
[2026-05-17T04:14:31.967+0000] {logging_mixin.py:188} INFO - [2026-05-17T04:14:31.967+0000] {dagbag.py:538} INFO - Filling up the DagBag from /home/airflow/.local/lib/python3.8/site-packages/airflow/example_dags/example_branch_day_of_week_operator.py
[2026-05-17T04:14:31.979+0000] {processor.py:840} INFO - DAG(s) 'example_weekday_branch_operator' retrieved from /home/airflow/.local/lib/python3.8/site-packages/airflow/example_dags/example_branch_day_of_week_operator.py
[2026-05-17T04:14:32.020+0000] {logging_mixin.py:188} INFO - [2026-05-17T04:14:32.020+0000] {dag.py:3036} INFO - Sync 1 DAGs
[2026-05-17T04:14:32.060+0000] {logging_mixin.py:188} INFO - [2026-05-17T04:14:32.060+0000] {dag.py:3823} INFO - Setting next_dagrun for example_weekday_branch_operator to 2026-05-16 00:00:00+00:00, run_after=2026-05-17 00:00:00+00:00
[2026-05-17T04:14:32.096+0000] {processor.py:183} INFO - Processing /home/airflow/.local/lib/python3.8/site-packages/airflow/example_dags/example_branch_day_of_week_operator.py took 0.139 seconds
[2026-05-17T04:15:02.339+0000] {processor.py:161} INFO - Started process (PID=7231) to work on /home/airflow/.local/lib/python3.8/site-packages/airflow/example_dags/example_branch_day_of_week_operator.py
[2026-05-17T04:15:02.340+0000] {processor.py:830} INFO - Processing file /home/airflow/.local/lib/python3.8/site-packages/airflow/example_dags/example_branch_day_of_week_operator.py for tasks to queue
[2026-05-17T04:15:02.344+0000] {logging_mixin.py:188} INFO - [2026-05-17T04:15:02.343+0000] {dagbag.py:538} INFO - Filling up the DagBag from /home/airflow/.local/lib/python3.8/site-packages/airflow/example_dags/example_branch_day_of_week_operator.py
[2026-05-17T04:15:02.356+0000] {processor.py:840} INFO - DAG(s) 'example_weekday_branch_operator' retrieved from /home/airflow/.local/lib/python3.8/site-packages/airflow/example_dags/example_branch_day_of_week_operator.py
[2026-05-17T04:15:02.402+0000] {logging_mixin.py:188} INFO - [2026-05-17T04:15:02.402+0000] {dag.py:3036} INFO - Sync 1 DAGs
[2026-05-17T04:15:02.444+0000] {logging_mixin.py:188} INFO - [2026-05-17T04:15:02.444+0000] {dag.py:3823} INFO - Setting next_dagrun for example_weekday_branch_operator to 2026-05-16 00:00:00+00:00, run_after=2026-05-17 00:00:00+00:00
[2026-05-17T04:15:02.477+0000] {processor.py:183} INFO - Processing /home/airflow/.local/lib/python3.8/site-packages/airflow/example_dags/example_branch_day_of_week_operator.py took 0.143 seconds
[2026-05-17T04:15:33.019+0000] {processor.py:161} INFO - Started process (PID=7304) to work on /home/airflow/.local/lib/python3.8/site-packages/airflow/example_dags/example_branch_day_of_week_operator.py
[2026-05-17T04:15:33.021+0000] {processor.py:830} INFO - Processing file /home/airflow/.local/lib/python3.8/site-packages/airflow/example_dags/example_branch_day_of_week_operator.py for tasks to queue
[2026-05-17T04:15:33.024+0000] {logging_mixin.py:188} INFO - [2026-05-17T04:15:33.024+0000] {dagbag.py:538} INFO - Filling up the DagBag from /home/airflow/.local/lib/python3.8/site-packages/airflow/example_dags/example_branch_day_of_week_operator.py
[2026-05-17T04:15:33.039+0000] {processor.py:840} INFO - DAG(s) 'example_weekday_branch_operator' retrieved from /home/airflow/.local/lib/python3.8/site-packages/airflow/example_dags/example_branch_day_of_week_operator.py
[2026-05-17T04:15:33.082+0000] {logging_mixin.py:188} INFO - [2026-05-17T04:15:33.082+0000] {dag.py:3036} INFO - Sync 1 DAGs
[2026-05-17T04:15:33.130+0000] {logging_mixin.py:188} INFO - [2026-05-17T04:15:33.130+0000] {dag.py:3823} INFO - Setting next_dagrun for example_weekday_branch_operator to 2026-05-16 00:00:00+00:00, run_after=2026-05-17 00:00:00+00:00
[2026-05-17T04:15:33.163+0000] {processor.py:183} INFO - Processing /home/airflow/.local/lib/python3.8/site-packages/airflow/example_dags/example_branch_day_of_week_operator.py took 0.149 seconds
[2026-05-17T04:16:03.863+0000] {processor.py:161} INFO - Started process (PID=7372) to work on /home/airflow/.local/lib/python3.8/site-packages/airflow/example_dags/example_branch_day_of_week_operator.py
[2026-05-17T04:16:03.864+0000] {processor.py:830} INFO - Processing file /home/airflow/.local/lib/python3.8/site-packages/airflow/example_dags/example_branch_day_of_week_operator.py for tasks to queue
[2026-05-17T04:16:03.868+0000] {logging_mixin.py:188} INFO - [2026-05-17T04:16:03.867+0000] {dagbag.py:538} INFO - Filling up the DagBag from /home/airflow/.local/lib/python3.8/site-packages/airflow/example_dags/example_branch_day_of_week_operator.py
[2026-05-17T04:16:03.883+0000] {processor.py:840} INFO - DAG(s) 'example_weekday_branch_operator' retrieved from /home/airflow/.local/lib/python3.8/site-packages/airflow/example_dags/example_branch_day_of_week_operator.py
[2026-05-17T04:16:03.931+0000] {logging_mixin.py:188} INFO - [2026-05-17T04:16:03.930+0000] {dag.py:3036} INFO - Sync 1 DAGs
[2026-05-17T04:16:03.980+0000] {logging_mixin.py:188} INFO - [2026-05-17T04:16:03.980+0000] {dag.py:3823} INFO - Setting next_dagrun for example_weekday_branch_operator to 2026-05-16 00:00:00+00:00, run_after=2026-05-17 00:00:00+00:00
[2026-05-17T04:16:04.019+0000] {processor.py:183} INFO - Processing /home/airflow/.local/lib/python3.8/site-packages/airflow/example_dags/example_branch_day_of_week_operator.py took 0.161 seconds
[2026-05-17T04:16:34.267+0000] {processor.py:161} INFO - Started process (PID=7438) to work on /home/airflow/.local/lib/python3.8/site-packages/airflow/example_dags/example_branch_day_of_week_operator.py
[2026-05-17T04:16:34.269+0000] {processor.py:830} INFO - Processing file /home/airflow/.local/lib/python3.8/site-packages/airflow/example_dags/example_branch_day_of_week_operator.py for tasks to queue
[2026-05-17T04:16:34.272+0000] {logging_mixin.py:188} INFO - [2026-05-17T04:16:34.272+0000] {dagbag.py:538} INFO - Filling up the DagBag from /home/airflow/.local/lib/python3.8/site-packages/airflow/example_dags/example_branch_day_of_week_operator.py
[2026-05-17T04:16:34.287+0000] {processor.py:840} INFO - DAG(s) 'example_weekday_branch_operator' retrieved from /home/airflow/.local/lib/python3.8/site-packages/airflow/example_dags/example_branch_day_of_week_operator.py
[2026-05-17T04:16:34.332+0000] {logging_mixin.py:188} INFO - [2026-05-17T04:16:34.331+0000] {dag.py:3036} INFO - Sync 1 DAGs
[2026-05-17T04:16:34.379+0000] {logging_mixin.py:188} INFO - [2026-05-17T04:16:34.379+0000] {dag.py:3823} INFO - Setting next_dagrun for example_weekday_branch_operator to 2026-05-16 00:00:00+00:00, run_after=2026-05-17 00:00:00+00:00
[2026-05-17T04:16:34.416+0000] {processor.py:183} INFO - Processing /home/airflow/.local/lib/python3.8/site-packages/airflow/example_dags/example_branch_day_of_week_operator.py took 0.155 seconds
[2026-05-17T04:17:04.596+0000] {processor.py:161} INFO - Started process (PID=7503) to work on /home/airflow/.local/lib/python3.8/site-packages/airflow/example_dags/example_branch_day_of_week_operator.py
[2026-05-17T04:17:04.598+0000] {processor.py:830} INFO - Processing file /home/airflow/.local/lib/python3.8/site-packages/airflow/example_dags/example_branch_day_of_week_operator.py for tasks to queue
[2026-05-17T04:17:04.601+0000] {logging_mixin.py:188} INFO - [2026-05-17T04:17:04.601+0000] {dagbag.py:538} INFO - Filling up the DagBag from /home/airflow/.local/lib/python3.8/site-packages/airflow/example_dags/example_branch_day_of_week_operator.py
[2026-05-17T04:17:04.626+0000] {processor.py:840} INFO - DAG(s) 'example_weekday_branch_operator' retrieved from /home/airflow/.local/lib/python3.8/site-packages/airflow/example_dags/example_branch_day_of_week_operator.py
[2026-05-17T04:17:04.669+0000] {logging_mixin.py:188} INFO - [2026-05-17T04:17:04.669+0000] {dag.py:3036} INFO - Sync 1 DAGs
[2026-05-17T04:17:04.717+0000] {logging_mixin.py:188} INFO - [2026-05-17T04:17:04.716+0000] {dag.py:3823} INFO - Setting next_dagrun for example_weekday_branch_operator to 2026-05-16 00:00:00+00:00, run_after=2026-05-17 00:00:00+00:00
[2026-05-17T04:17:04.751+0000] {processor.py:183} INFO - Processing /home/airflow/.local/lib/python3.8/site-packages/airflow/example_dags/example_branch_day_of_week_operator.py took 0.161 seconds
[2026-05-17T04:17:35.046+0000] {processor.py:161} INFO - Started process (PID=7568) to work on /home/airflow/.local/lib/python3.8/site-packages/airflow/example_dags/example_branch_day_of_week_operator.py
[2026-05-17T04:17:35.047+0000] {processor.py:830} INFO - Processing file /home/airflow/.local/lib/python3.8/site-packages/airflow/example_dags/example_branch_day_of_week_operator.py for tasks to queue
[2026-05-17T04:17:35.050+0000] {logging_mixin.py:188} INFO - [2026-05-17T04:17:35.050+0000] {dagbag.py:538} INFO - Filling up the DagBag from /home/airflow/.local/lib/python3.8/site-packages/airflow/example_dags/example_branch_day_of_week_operator.py
[2026-05-17T04:17:35.064+0000] {processor.py:840} INFO - DAG(s) 'example_weekday_branch_operator' retrieved from /home/airflow/.local/lib/python3.8/site-packages/airflow/example_dags/example_branch_day_of_week_operator.py
[2026-05-17T04:17:35.108+0000] {logging_mixin.py:188} INFO - [2026-05-17T04:17:35.108+0000] {dag.py:3036} INFO - Sync 1 DAGs
[2026-05-17T04:17:35.156+0000] {logging_mixin.py:188} INFO - [2026-05-17T04:17:35.156+0000] {dag.py:3823} INFO - Setting next_dagrun for example_weekday_branch_operator to 2026-05-16 00:00:00+00:00, run_after=2026-05-17 00:00:00+00:00
[2026-05-17T04:17:35.191+0000] {processor.py:183} INFO - Processing /home/airflow/.local/lib/python3.8/site-packages/airflow/example_dags/example_branch_day_of_week_operator.py took 0.154 seconds
[2026-05-17T04:18:05.371+0000] {processor.py:161} INFO - Started process (PID=7635) to work on /home/airflow/.local/lib/python3.8/site-packages/airflow/example_dags/example_branch_day_of_week_operator.py
[2026-05-17T04:18:05.373+0000] {processor.py:830} INFO - Processing file /home/airflow/.local/lib/python3.8/site-packages/airflow/example_dags/example_branch_day_of_week_operator.py for tasks to queue
[2026-05-17T04:18:05.377+0000] {logging_mixin.py:188} INFO - [2026-05-17T04:18:05.376+0000] {dagbag.py:538} INFO - Filling up the DagBag from /home/airflow/.local/lib/python3.8/site-packages/airflow/example_dags/example_branch_day_of_week_operator.py
[2026-05-17T04:18:05.392+0000] {processor.py:840} INFO - DAG(s) 'example_weekday_branch_operator' retrieved from /home/airflow/.local/lib/python3.8/site-packages/airflow/example_dags/example_branch_day_of_week_operator.py
[2026-05-17T04:18:05.469+0000] {logging_mixin.py:188} INFO - [2026-05-17T04:18:05.468+0000] {dag.py:3036} INFO - Sync 1 DAGs
[2026-05-17T04:18:05.546+0000] {logging_mixin.py:188} INFO - [2026-05-17T04:18:05.546+0000] {dag.py:3823} INFO - Setting next_dagrun for example_weekday_branch_operator to 2026-05-16 00:00:00+00:00, run_after=2026-05-17 00:00:00+00:00
[2026-05-17T04:18:05.585+0000] {processor.py:183} INFO - Processing /home/airflow/.local/lib/python3.8/site-packages/airflow/example_dags/example_branch_day_of_week_operator.py took 0.221 seconds
[2026-05-17T04:18:35.632+0000] {processor.py:161} INFO - Started process (PID=7703) to work on /home/airflow/.local/lib/python3.8/site-packages/airflow/example_dags/example_branch_day_of_week_operator.py
[2026-05-17T04:18:35.633+0000] {processor.py:830} INFO - Processing file /home/airflow/.local/lib/python3.8/site-packages/airflow/example_dags/example_branch_day_of_week_operator.py for tasks to queue
[2026-05-17T04:18:35.636+0000] {logging_mixin.py:188} INFO - [2026-05-17T04:18:35.636+0000] {dagbag.py:538} INFO - Filling up the DagBag from /home/airflow/.local/lib/python3.8/site-packages/airflow/example_dags/example_branch_day_of_week_operator.py
[2026-05-17T04:18:35.649+0000] {processor.py:840} INFO - DAG(s) 'example_weekday_branch_operator' retrieved from /home/airflow/.local/lib/python3.8/site-packages/airflow/example_dags/example_branch_day_of_week_operator.py
[2026-05-17T04:18:35.692+0000] {logging_mixin.py:188} INFO - [2026-05-17T04:18:35.692+0000] {dag.py:3036} INFO - Sync 1 DAGs
[2026-05-17T04:18:35.736+0000] {logging_mixin.py:188} INFO - [2026-05-17T04:18:35.736+0000] {dag.py:3823} INFO - Setting next_dagrun for example_weekday_branch_operator to 2026-05-16 00:00:00+00:00, run_after=2026-05-17 00:00:00+00:00
[2026-05-17T04:18:35.767+0000] {processor.py:183} INFO - Processing /home/airflow/.local/lib/python3.8/site-packages/airflow/example_dags/example_branch_day_of_week_operator.py took 0.140 seconds
[2026-05-17T04:19:06.024+0000] {processor.py:161} INFO - Started process (PID=7768) to work on /home/airflow/.local/lib/python3.8/site-packages/airflow/example_dags/example_branch_day_of_week_operator.py
[2026-05-17T04:19:06.027+0000] {processor.py:830} INFO - Processing file /home/airflow/.local/lib/python3.8/site-packages/airflow/example_dags/example_branch_day_of_week_operator.py for tasks to queue
[2026-05-17T04:19:06.029+0000] {logging_mixin.py:188} INFO - [2026-05-17T04:19:06.029+0000] {dagbag.py:538} INFO - Filling up the DagBag from /home/airflow/.local/lib/python3.8/site-packages/airflow/example_dags/example_branch_day_of_week_operator.py
[2026-05-17T04:19:06.043+0000] {processor.py:840} INFO - DAG(s) 'example_weekday_branch_operator' retrieved from /home/airflow/.local/lib/python3.8/site-packages/airflow/example_dags/example_branch_day_of_week_operator.py
[2026-05-17T04:19:06.083+0000] {logging_mixin.py:188} INFO - [2026-05-17T04:19:06.083+0000] {dag.py:3036} INFO - Sync 1 DAGs
[2026-05-17T04:19:06.131+0000] {logging_mixin.py:188} INFO - [2026-05-17T04:19:06.131+0000] {dag.py:3823} INFO - Setting next_dagrun for example_weekday_branch_operator to 2026-05-16 00:00:00+00:00, run_after=2026-05-17 00:00:00+00:00
[2026-05-17T04:19:06.165+0000] {processor.py:183} INFO - Processing /home/airflow/.local/lib/python3.8/site-packages/airflow/example_dags/example_branch_day_of_week_operator.py took 0.146 seconds
[2026-05-17T04:19:36.323+0000] {processor.py:161} INFO - Started process (PID=7833) to work on /home/airflow/.local/lib/python3.8/site-packages/airflow/example_dags/example_branch_day_of_week_operator.py
[2026-05-17T04:19:36.325+0000] {processor.py:830} INFO - Processing file /home/airflow/.local/lib/python3.8/site-packages/airflow/example_dags/example_branch_day_of_week_operator.py for tasks to queue
[2026-05-17T04:19:36.328+0000] {logging_mixin.py:188} INFO - [2026-05-17T04:19:36.327+0000] {dagbag.py:538} INFO - Filling up the DagBag from /home/airflow/.local/lib/python3.8/site-packages/airflow/example_dags/example_branch_day_of_week_operator.py
[2026-05-17T04:19:36.340+0000] {processor.py:840} INFO - DAG(s) 'example_weekday_branch_operator' retrieved from /home/airflow/.local/lib/python3.8/site-packages/airflow/example_dags/example_branch_day_of_week_operator.py
[2026-05-17T04:19:36.381+0000] {logging_mixin.py:188} INFO - [2026-05-17T04:19:36.380+0000] {dag.py:3036} INFO - Sync 1 DAGs
[2026-05-17T04:19:36.428+0000] {logging_mixin.py:188} INFO - [2026-05-17T04:19:36.428+0000] {dag.py:3823} INFO - Setting next_dagrun for example_weekday_branch_operator to 2026-05-16 00:00:00+00:00, run_after=2026-05-17 00:00:00+00:00
[2026-05-17T04:19:36.460+0000] {processor.py:183} INFO - Processing /home/airflow/.local/lib/python3.8/site-packages/airflow/example_dags/example_branch_day_of_week_operator.py took 0.142 seconds
[2026-05-17T04:20:06.508+0000] {processor.py:161} INFO - Started process (PID=7899) to work on /home/airflow/.local/lib/python3.8/site-packages/airflow/example_dags/example_branch_day_of_week_operator.py
[2026-05-17T04:20:06.509+0000] {processor.py:830} INFO - Processing file /home/airflow/.local/lib/python3.8/site-packages/airflow/example_dags/example_branch_day_of_week_operator.py for tasks to queue
[2026-05-17T04:20:06.512+0000] {logging_mixin.py:188} INFO - [2026-05-17T04:20:06.511+0000] {dagbag.py:538} INFO - Filling up the DagBag from /home/airflow/.local/lib/python3.8/site-packages/airflow/example_dags/example_branch_day_of_week_operator.py
[2026-05-17T04:20:06.527+0000] {processor.py:840} INFO - DAG(s) 'example_weekday_branch_operator' retrieved from /home/airflow/.local/lib/python3.8/site-packages/airflow/example_dags/example_branch_day_of_week_operator.py
[2026-05-17T04:20:06.564+0000] {logging_mixin.py:188} INFO - [2026-05-17T04:20:06.564+0000] {dag.py:3036} INFO - Sync 1 DAGs
[2026-05-17T04:20:06.606+0000] {logging_mixin.py:188} INFO - [2026-05-17T04:20:06.605+0000] {dag.py:3823} INFO - Setting next_dagrun for example_weekday_branch_operator to 2026-05-16 00:00:00+00:00, run_after=2026-05-17 00:00:00+00:00
[2026-05-17T04:20:06.639+0000] {processor.py:183} INFO - Processing /home/airflow/.local/lib/python3.8/site-packages/airflow/example_dags/example_branch_day_of_week_operator.py took 0.136 seconds
[2026-05-17T04:20:37.136+0000] {processor.py:161} INFO - Started process (PID=7966) to work on /home/airflow/.local/lib/python3.8/site-packages/airflow/example_dags/example_branch_day_of_week_operator.py
[2026-05-17T04:20:37.138+0000] {processor.py:830} INFO - Processing file /home/airflow/.local/lib/python3.8/site-packages/airflow/example_dags/example_branch_day_of_week_operator.py for tasks to queue
[2026-05-17T04:20:37.140+0000] {logging_mixin.py:188} INFO - [2026-05-17T04:20:37.140+0000] {dagbag.py:538} INFO - Filling up the DagBag from /home/airflow/.local/lib/python3.8/site-packages/airflow/example_dags/example_branch_day_of_week_operator.py
[2026-05-17T04:20:37.155+0000] {processor.py:840} INFO - DAG(s) 'example_weekday_branch_operator' retrieved from /home/airflow/.local/lib/python3.8/site-packages/airflow/example_dags/example_branch_day_of_week_operator.py
[2026-05-17T04:20:37.197+0000] {logging_mixin.py:188} INFO - [2026-05-17T04:20:37.196+0000] {dag.py:3036} INFO - Sync 1 DAGs
[2026-05-17T04:20:37.247+0000] {logging_mixin.py:188} INFO - [2026-05-17T04:20:37.247+0000] {dag.py:3823} INFO - Setting next_dagrun for example_weekday_branch_operator to 2026-05-16 00:00:00+00:00, run_after=2026-05-17 00:00:00+00:00
[2026-05-17T04:20:37.283+0000] {processor.py:183} INFO - Processing /home/airflow/.local/lib/python3.8/site-packages/airflow/example_dags/example_branch_day_of_week_operator.py took 0.152 seconds
[2026-05-17T04:21:07.378+0000] {processor.py:161} INFO - Started process (PID=8032) to work on /home/airflow/.local/lib/python3.8/site-packages/airflow/example_dags/example_branch_day_of_week_operator.py
[2026-05-17T04:21:07.379+0000] {processor.py:830} INFO - Processing file /home/airflow/.local/lib/python3.8/site-packages/airflow/example_dags/example_branch_day_of_week_operator.py for tasks to queue
[2026-05-17T04:21:07.382+0000] {logging_mixin.py:188} INFO - [2026-05-17T04:21:07.382+0000] {dagbag.py:538} INFO - Filling up the DagBag from /home/airflow/.local/lib/python3.8/site-packages/airflow/example_dags/example_branch_day_of_week_operator.py
[2026-05-17T04:21:07.397+0000] {processor.py:840} INFO - DAG(s) 'example_weekday_branch_operator' retrieved from /home/airflow/.local/lib/python3.8/site-packages/airflow/example_dags/example_branch_day_of_week_operator.py
[2026-05-17T04:21:07.443+0000] {logging_mixin.py:188} INFO - [2026-05-17T04:21:07.442+0000] {dag.py:3036} INFO - Sync 1 DAGs
[2026-05-17T04:21:07.484+0000] {logging_mixin.py:188} INFO - [2026-05-17T04:21:07.483+0000] {dag.py:3823} INFO - Setting next_dagrun for example_weekday_branch_operator to 2026-05-16 00:00:00+00:00, run_after=2026-05-17 00:00:00+00:00
[2026-05-17T04:21:07.521+0000] {processor.py:183} INFO - Processing /home/airflow/.local/lib/python3.8/site-packages/airflow/example_dags/example_branch_day_of_week_operator.py took 0.149 seconds
[2026-05-17T04:21:37.569+0000] {processor.py:161} INFO - Started process (PID=8097) to work on /home/airflow/.local/lib/python3.8/site-packages/airflow/example_dags/example_branch_day_of_week_operator.py
[2026-05-17T04:21:37.571+0000] {processor.py:830} INFO - Processing file /home/airflow/.local/lib/python3.8/site-packages/airflow/example_dags/example_branch_day_of_week_operator.py for tasks to queue
[2026-05-17T04:21:37.577+0000] {logging_mixin.py:188} INFO - [2026-05-17T04:21:37.576+0000] {dagbag.py:538} INFO - Filling up the DagBag from /home/airflow/.local/lib/python3.8/site-packages/airflow/example_dags/example_branch_day_of_week_operator.py
[2026-05-17T04:21:37.590+0000] {processor.py:840} INFO - DAG(s) 'example_weekday_branch_operator' retrieved from /home/airflow/.local/lib/python3.8/site-packages/airflow/example_dags/example_branch_day_of_week_operator.py
[2026-05-17T04:21:37.628+0000] {logging_mixin.py:188} INFO - [2026-05-17T04:21:37.628+0000] {dag.py:3036} INFO - Sync 1 DAGs
[2026-05-17T04:21:37.664+0000] {logging_mixin.py:188} INFO - [2026-05-17T04:21:37.664+0000] {dag.py:3823} INFO - Setting next_dagrun for example_weekday_branch_operator to 2026-05-16 00:00:00+00:00, run_after=2026-05-17 00:00:00+00:00
[2026-05-17T04:21:37.694+0000] {processor.py:183} INFO - Processing /home/airflow/.local/lib/python3.8/site-packages/airflow/example_dags/example_branch_day_of_week_operator.py took 0.129 seconds
[2026-05-17T04:22:07.767+0000] {processor.py:161} INFO - Started process (PID=8163) to work on /home/airflow/.local/lib/python3.8/site-packages/airflow/example_dags/example_branch_day_of_week_operator.py
[2026-05-17T04:22:07.768+0000] {processor.py:830} INFO - Processing file /home/airflow/.local/lib/python3.8/site-packages/airflow/example_dags/example_branch_day_of_week_operator.py for tasks to queue
[2026-05-17T04:22:07.771+0000] {logging_mixin.py:188} INFO - [2026-05-17T04:22:07.771+0000] {dagbag.py:538} INFO - Filling up the DagBag from /home/airflow/.local/lib/python3.8/site-packages/airflow/example_dags/example_branch_day_of_week_operator.py
[2026-05-17T04:22:07.785+0000] {processor.py:840} INFO - DAG(s) 'example_weekday_branch_operator' retrieved from /home/airflow/.local/lib/python3.8/site-packages/airflow/example_dags/example_branch_day_of_week_operator.py
[2026-05-17T04:22:07.828+0000] {logging_mixin.py:188} INFO - [2026-05-17T04:22:07.828+0000] {dag.py:3036} INFO - Sync 1 DAGs
[2026-05-17T04:22:07.866+0000] {logging_mixin.py:188} INFO - [2026-05-17T04:22:07.866+0000] {dag.py:3823} INFO - Setting next_dagrun for example_weekday_branch_operator to 2026-05-16 00:00:00+00:00, run_after=2026-05-17 00:00:00+00:00
[2026-05-17T04:22:07.900+0000] {processor.py:183} INFO - Processing /home/airflow/.local/lib/python3.8/site-packages/airflow/example_dags/example_branch_day_of_week_operator.py took 0.137 seconds
[2026-05-17T04:22:38.046+0000] {processor.py:161} INFO - Started process (PID=8236) to work on /home/airflow/.local/lib/python3.8/site-packages/airflow/example_dags/example_branch_day_of_week_operator.py
[2026-05-17T04:22:38.048+0000] {processor.py:830} INFO - Processing file /home/airflow/.local/lib/python3.8/site-packages/airflow/example_dags/example_branch_day_of_week_operator.py for tasks to queue
[2026-05-17T04:22:38.050+0000] {logging_mixin.py:188} INFO - [2026-05-17T04:22:38.050+0000] {dagbag.py:538} INFO - Filling up the DagBag from /home/airflow/.local/lib/python3.8/site-packages/airflow/example_dags/example_branch_day_of_week_operator.py
[2026-05-17T04:22:38.063+0000] {processor.py:840} INFO - DAG(s) 'example_weekday_branch_operator' retrieved from /home/airflow/.local/lib/python3.8/site-packages/airflow/example_dags/example_branch_day_of_week_operator.py
[2026-05-17T04:22:38.101+0000] {logging_mixin.py:188} INFO - [2026-05-17T04:22:38.100+0000] {dag.py:3036} INFO - Sync 1 DAGs
[2026-05-17T04:22:38.140+0000] {logging_mixin.py:188} INFO - [2026-05-17T04:22:38.139+0000] {dag.py:3823} INFO - Setting next_dagrun for example_weekday_branch_operator to 2026-05-16 00:00:00+00:00, run_after=2026-05-17 00:00:00+00:00
[2026-05-17T04:22:38.169+0000] {processor.py:183} INFO - Processing /home/airflow/.local/lib/python3.8/site-packages/airflow/example_dags/example_branch_day_of_week_operator.py took 0.127 seconds
[2026-05-17T04:23:08.777+0000] {processor.py:161} INFO - Started process (PID=8303) to work on /home/airflow/.local/lib/python3.8/site-packages/airflow/example_dags/example_branch_day_of_week_operator.py
[2026-05-17T04:23:08.780+0000] {processor.py:830} INFO - Processing file /home/airflow/.local/lib/python3.8/site-packages/airflow/example_dags/example_branch_day_of_week_operator.py for tasks to queue
[2026-05-17T04:23:08.783+0000] {logging_mixin.py:188} INFO - [2026-05-17T04:23:08.783+0000] {dagbag.py:538} INFO - Filling up the DagBag from /home/airflow/.local/lib/python3.8/site-packages/airflow/example_dags/example_branch_day_of_week_operator.py
[2026-05-17T04:23:08.799+0000] {processor.py:840} INFO - DAG(s) 'example_weekday_branch_operator' retrieved from /home/airflow/.local/lib/python3.8/site-packages/airflow/example_dags/example_branch_day_of_week_operator.py
[2026-05-17T04:23:08.841+0000] {logging_mixin.py:188} INFO - [2026-05-17T04:23:08.841+0000] {dag.py:3036} INFO - Sync 1 DAGs
[2026-05-17T04:23:08.880+0000] {logging_mixin.py:188} INFO - [2026-05-17T04:23:08.879+0000] {dag.py:3823} INFO - Setting next_dagrun for example_weekday_branch_operator to 2026-05-16 00:00:00+00:00, run_after=2026-05-17 00:00:00+00:00
[2026-05-17T04:23:08.912+0000] {processor.py:183} INFO - Processing /home/airflow/.local/lib/python3.8/site-packages/airflow/example_dags/example_branch_day_of_week_operator.py took 0.143 seconds
[2026-05-17T04:23:39.047+0000] {processor.py:161} INFO - Started process (PID=8369) to work on /home/airflow/.local/lib/python3.8/site-packages/airflow/example_dags/example_branch_day_of_week_operator.py
[2026-05-17T04:23:39.049+0000] {processor.py:830} INFO - Processing file /home/airflow/.local/lib/python3.8/site-packages/airflow/example_dags/example_branch_day_of_week_operator.py for tasks to queue
[2026-05-17T04:23:39.052+0000] {logging_mixin.py:188} INFO - [2026-05-17T04:23:39.052+0000] {dagbag.py:538} INFO - Filling up the DagBag from /home/airflow/.local/lib/python3.8/site-packages/airflow/example_dags/example_branch_day_of_week_operator.py
[2026-05-17T04:23:39.065+0000] {processor.py:840} INFO - DAG(s) 'example_weekday_branch_operator' retrieved from /home/airflow/.local/lib/python3.8/site-packages/airflow/example_dags/example_branch_day_of_week_operator.py
[2026-05-17T04:23:39.105+0000] {logging_mixin.py:188} INFO - [2026-05-17T04:23:39.104+0000] {dag.py:3036} INFO - Sync 1 DAGs
[2026-05-17T04:23:39.152+0000] {logging_mixin.py:188} INFO - [2026-05-17T04:23:39.152+0000] {dag.py:3823} INFO - Setting next_dagrun for example_weekday_branch_operator to 2026-05-16 00:00:00+00:00, run_after=2026-05-17 00:00:00+00:00
[2026-05-17T04:23:39.184+0000] {processor.py:183} INFO - Processing /home/airflow/.local/lib/python3.8/site-packages/airflow/example_dags/example_branch_day_of_week_operator.py took 0.143 seconds
[2026-05-17T04:24:09.543+0000] {processor.py:161} INFO - Started process (PID=8434) to work on /home/airflow/.local/lib/python3.8/site-packages/airflow/example_dags/example_branch_day_of_week_operator.py
[2026-05-17T04:24:09.544+0000] {processor.py:830} INFO - Processing file /home/airflow/.local/lib/python3.8/site-packages/airflow/example_dags/example_branch_day_of_week_operator.py for tasks to queue
[2026-05-17T04:24:09.548+0000] {logging_mixin.py:188} INFO - [2026-05-17T04:24:09.547+0000] {dagbag.py:538} INFO - Filling up the DagBag from /home/airflow/.local/lib/python3.8/site-packages/airflow/example_dags/example_branch_day_of_week_operator.py
[2026-05-17T04:24:09.563+0000] {processor.py:840} INFO - DAG(s) 'example_weekday_branch_operator' retrieved from /home/airflow/.local/lib/python3.8/site-packages/airflow/example_dags/example_branch_day_of_week_operator.py
[2026-05-17T04:24:09.610+0000] {logging_mixin.py:188} INFO - [2026-05-17T04:24:09.610+0000] {dag.py:3036} INFO - Sync 1 DAGs
[2026-05-17T04:24:09.658+0000] {logging_mixin.py:188} INFO - [2026-05-17T04:24:09.657+0000] {dag.py:3823} INFO - Setting next_dagrun for example_weekday_branch_operator to 2026-05-16 00:00:00+00:00, run_after=2026-05-17 00:00:00+00:00
[2026-05-17T04:24:09.693+0000] {processor.py:183} INFO - Processing /home/airflow/.local/lib/python3.8/site-packages/airflow/example_dags/example_branch_day_of_week_operator.py took 0.156 seconds
[2026-05-17T04:24:40.032+0000] {processor.py:161} INFO - Started process (PID=8500) to work on /home/airflow/.local/lib/python3.8/site-packages/airflow/example_dags/example_branch_day_of_week_operator.py
[2026-05-17T04:24:40.034+0000] {processor.py:830} INFO - Processing file /home/airflow/.local/lib/python3.8/site-packages/airflow/example_dags/example_branch_day_of_week_operator.py for tasks to queue
[2026-05-17T04:24:40.037+0000] {logging_mixin.py:188} INFO - [2026-05-17T04:24:40.037+0000] {dagbag.py:538} INFO - Filling up the DagBag from /home/airflow/.local/lib/python3.8/site-packages/airflow/example_dags/example_branch_day_of_week_operator.py
[2026-05-17T04:24:40.052+0000] {processor.py:840} INFO - DAG(s) 'example_weekday_branch_operator' retrieved from /home/airflow/.local/lib/python3.8/site-packages/airflow/example_dags/example_branch_day_of_week_operator.py
[2026-05-17T04:24:40.099+0000] {logging_mixin.py:188} INFO - [2026-05-17T04:24:40.099+0000] {dag.py:3036} INFO - Sync 1 DAGs
[2026-05-17T04:24:40.146+0000] {logging_mixin.py:188} INFO - [2026-05-17T04:24:40.145+0000] {dag.py:3823} INFO - Setting next_dagrun for example_weekday_branch_operator to 2026-05-16 00:00:00+00:00, run_after=2026-05-17 00:00:00+00:00
[2026-05-17T04:24:40.181+0000] {processor.py:183} INFO - Processing /home/airflow/.local/lib/python3.8/site-packages/airflow/example_dags/example_branch_day_of_week_operator.py took 0.155 seconds
[2026-05-17T04:25:10.843+0000] {processor.py:161} INFO - Started process (PID=8565) to work on /home/airflow/.local/lib/python3.8/site-packages/airflow/example_dags/example_branch_day_of_week_operator.py
[2026-05-17T04:25:10.845+0000] {processor.py:830} INFO - Processing file /home/airflow/.local/lib/python3.8/site-packages/airflow/example_dags/example_branch_day_of_week_operator.py for tasks to queue
[2026-05-17T04:25:10.848+0000] {logging_mixin.py:188} INFO - [2026-05-17T04:25:10.848+0000] {dagbag.py:538} INFO - Filling up the DagBag from /home/airflow/.local/lib/python3.8/site-packages/airflow/example_dags/example_branch_day_of_week_operator.py
[2026-05-17T04:25:10.860+0000] {processor.py:840} INFO - DAG(s) 'example_weekday_branch_operator' retrieved from /home/airflow/.local/lib/python3.8/site-packages/airflow/example_dags/example_branch_day_of_week_operator.py
[2026-05-17T04:25:10.900+0000] {logging_mixin.py:188} INFO - [2026-05-17T04:25:10.900+0000] {dag.py:3036} INFO - Sync 1 DAGs
[2026-05-17T04:25:10.941+0000] {logging_mixin.py:188} INFO - [2026-05-17T04:25:10.940+0000] {dag.py:3823} INFO - Setting next_dagrun for example_weekday_branch_operator to 2026-05-16 00:00:00+00:00, run_after=2026-05-17 00:00:00+00:00
[2026-05-17T04:25:10.974+0000] {processor.py:183} INFO - Processing /home/airflow/.local/lib/python3.8/site-packages/airflow/example_dags/example_branch_day_of_week_operator.py took 0.136 seconds
[2026-05-17T04:25:41.248+0000] {processor.py:161} INFO - Started process (PID=8631) to work on /home/airflow/.local/lib/python3.8/site-packages/airflow/example_dags/example_branch_day_of_week_operator.py
[2026-05-17T04:25:41.250+0000] {processor.py:830} INFO - Processing file /home/airflow/.local/lib/python3.8/site-packages/airflow/example_dags/example_branch_day_of_week_operator.py for tasks to queue
[2026-05-17T04:25:41.252+0000] {logging_mixin.py:188} INFO - [2026-05-17T04:25:41.252+0000] {dagbag.py:538} INFO - Filling up the DagBag from /home/airflow/.local/lib/python3.8/site-packages/airflow/example_dags/example_branch_day_of_week_operator.py
[2026-05-17T04:25:41.265+0000] {processor.py:840} INFO - DAG(s) 'example_weekday_branch_operator' retrieved from /home/airflow/.local/lib/python3.8/site-packages/airflow/example_dags/example_branch_day_of_week_operator.py
[2026-05-17T04:25:41.310+0000] {logging_mixin.py:188} INFO - [2026-05-17T04:25:41.310+0000] {dag.py:3036} INFO - Sync 1 DAGs
[2026-05-17T04:25:41.357+0000] {logging_mixin.py:188} INFO - [2026-05-17T04:25:41.356+0000] {dag.py:3823} INFO - Setting next_dagrun for example_weekday_branch_operator to 2026-05-16 00:00:00+00:00, run_after=2026-05-17 00:00:00+00:00
[2026-05-17T04:25:41.391+0000] {processor.py:183} INFO - Processing /home/airflow/.local/lib/python3.8/site-packages/airflow/example_dags/example_branch_day_of_week_operator.py took 0.148 seconds
[2026-05-17T04:26:11.949+0000] {processor.py:161} INFO - Started process (PID=8697) to work on /home/airflow/.local/lib/python3.8/site-packages/airflow/example_dags/example_branch_day_of_week_operator.py
[2026-05-17T04:26:11.952+0000] {processor.py:830} INFO - Processing file /home/airflow/.local/lib/python3.8/site-packages/airflow/example_dags/example_branch_day_of_week_operator.py for tasks to queue
[2026-05-17T04:26:11.954+0000] {logging_mixin.py:188} INFO - [2026-05-17T04:26:11.954+0000] {dagbag.py:538} INFO - Filling up the DagBag from /home/airflow/.local/lib/python3.8/site-packages/airflow/example_dags/example_branch_day_of_week_operator.py
[2026-05-17T04:26:11.967+0000] {processor.py:840} INFO - DAG(s) 'example_weekday_branch_operator' retrieved from /home/airflow/.local/lib/python3.8/site-packages/airflow/example_dags/example_branch_day_of_week_operator.py
[2026-05-17T04:26:12.009+0000] {logging_mixin.py:188} INFO - [2026-05-17T04:26:12.009+0000] {dag.py:3036} INFO - Sync 1 DAGs
[2026-05-17T04:26:12.052+0000] {logging_mixin.py:188} INFO - [2026-05-17T04:26:12.052+0000] {dag.py:3823} INFO - Setting next_dagrun for example_weekday_branch_operator to 2026-05-16 00:00:00+00:00, run_after=2026-05-17 00:00:00+00:00
[2026-05-17T04:26:12.084+0000] {processor.py:183} INFO - Processing /home/airflow/.local/lib/python3.8/site-packages/airflow/example_dags/example_branch_day_of_week_operator.py took 0.140 seconds
[2026-05-17T04:26:42.495+0000] {processor.py:161} INFO - Started process (PID=8763) to work on /home/airflow/.local/lib/python3.8/site-packages/airflow/example_dags/example_branch_day_of_week_operator.py
[2026-05-17T04:26:42.496+0000] {processor.py:830} INFO - Processing file /home/airflow/.local/lib/python3.8/site-packages/airflow/example_dags/example_branch_day_of_week_operator.py for tasks to queue
[2026-05-17T04:26:42.499+0000] {logging_mixin.py:188} INFO - [2026-05-17T04:26:42.499+0000] {dagbag.py:538} INFO - Filling up the DagBag from /home/airflow/.local/lib/python3.8/site-packages/airflow/example_dags/example_branch_day_of_week_operator.py
[2026-05-17T04:26:42.514+0000] {processor.py:840} INFO - DAG(s) 'example_weekday_branch_operator' retrieved from /home/airflow/.local/lib/python3.8/site-packages/airflow/example_dags/example_branch_day_of_week_operator.py
[2026-05-17T04:26:42.556+0000] {logging_mixin.py:188} INFO - [2026-05-17T04:26:42.555+0000] {dag.py:3036} INFO - Sync 1 DAGs
[2026-05-17T04:26:42.598+0000] {logging_mixin.py:188} INFO - [2026-05-17T04:26:42.598+0000] {dag.py:3823} INFO - Setting next_dagrun for example_weekday_branch_operator to 2026-05-16 00:00:00+00:00, run_after=2026-05-17 00:00:00+00:00
[2026-05-17T04:26:42.633+0000] {processor.py:183} INFO - Processing /home/airflow/.local/lib/python3.8/site-packages/airflow/example_dags/example_branch_day_of_week_operator.py took 0.143 seconds
[2026-05-17T04:27:13.280+0000] {processor.py:161} INFO - Started process (PID=8829) to work on /home/airflow/.local/lib/python3.8/site-packages/airflow/example_dags/example_branch_day_of_week_operator.py
[2026-05-17T04:27:13.282+0000] {processor.py:830} INFO - Processing file /home/airflow/.local/lib/python3.8/site-packages/airflow/example_dags/example_branch_day_of_week_operator.py for tasks to queue
[2026-05-17T04:27:13.285+0000] {logging_mixin.py:188} INFO - [2026-05-17T04:27:13.284+0000] {dagbag.py:538} INFO - Filling up the DagBag from /home/airflow/.local/lib/python3.8/site-packages/airflow/example_dags/example_branch_day_of_week_operator.py
[2026-05-17T04:27:13.300+0000] {processor.py:840} INFO - DAG(s) 'example_weekday_branch_operator' retrieved from /home/airflow/.local/lib/python3.8/site-packages/airflow/example_dags/example_branch_day_of_week_operator.py
[2026-05-17T04:27:13.348+0000] {logging_mixin.py:188} INFO - [2026-05-17T04:27:13.347+0000] {dag.py:3036} INFO - Sync 1 DAGs
[2026-05-17T04:27:13.391+0000] {logging_mixin.py:188} INFO - [2026-05-17T04:27:13.390+0000] {dag.py:3823} INFO - Setting next_dagrun for example_weekday_branch_operator to 2026-05-16 00:00:00+00:00, run_after=2026-05-17 00:00:00+00:00
[2026-05-17T04:27:13.427+0000] {processor.py:183} INFO - Processing /home/airflow/.local/lib/python3.8/site-packages/airflow/example_dags/example_branch_day_of_week_operator.py took 0.153 seconds
[2026-05-17T04:27:43.894+0000] {processor.py:161} INFO - Started process (PID=8896) to work on /home/airflow/.local/lib/python3.8/site-packages/airflow/example_dags/example_branch_day_of_week_operator.py
[2026-05-17T04:27:43.895+0000] {processor.py:830} INFO - Processing file /home/airflow/.local/lib/python3.8/site-packages/airflow/example_dags/example_branch_day_of_week_operator.py for tasks to queue
[2026-05-17T04:27:43.899+0000] {logging_mixin.py:188} INFO - [2026-05-17T04:27:43.898+0000] {dagbag.py:538} INFO - Filling up the DagBag from /home/airflow/.local/lib/python3.8/site-packages/airflow/example_dags/example_branch_day_of_week_operator.py
[2026-05-17T04:27:43.913+0000] {processor.py:840} INFO - DAG(s) 'example_weekday_branch_operator' retrieved from /home/airflow/.local/lib/python3.8/site-packages/airflow/example_dags/example_branch_day_of_week_operator.py
[2026-05-17T04:27:43.953+0000] {logging_mixin.py:188} INFO - [2026-05-17T04:27:43.952+0000] {dag.py:3036} INFO - Sync 1 DAGs
[2026-05-17T04:27:43.994+0000] {logging_mixin.py:188} INFO - [2026-05-17T04:27:43.993+0000] {dag.py:3823} INFO - Setting next_dagrun for example_weekday_branch_operator to 2026-05-16 00:00:00+00:00, run_after=2026-05-17 00:00:00+00:00
[2026-05-17T04:27:44.025+0000] {processor.py:183} INFO - Processing /home/airflow/.local/lib/python3.8/site-packages/airflow/example_dags/example_branch_day_of_week_operator.py took 0.139 seconds
[2026-05-17T04:28:14.272+0000] {processor.py:161} INFO - Started process (PID=8963) to work on /home/airflow/.local/lib/python3.8/site-packages/airflow/example_dags/example_branch_day_of_week_operator.py
[2026-05-17T04:28:14.274+0000] {processor.py:830} INFO - Processing file /home/airflow/.local/lib/python3.8/site-packages/airflow/example_dags/example_branch_day_of_week_operator.py for tasks to queue
[2026-05-17T04:28:14.277+0000] {logging_mixin.py:188} INFO - [2026-05-17T04:28:14.276+0000] {dagbag.py:538} INFO - Filling up the DagBag from /home/airflow/.local/lib/python3.8/site-packages/airflow/example_dags/example_branch_day_of_week_operator.py
[2026-05-17T04:28:14.288+0000] {processor.py:840} INFO - DAG(s) 'example_weekday_branch_operator' retrieved from /home/airflow/.local/lib/python3.8/site-packages/airflow/example_dags/example_branch_day_of_week_operator.py
[2026-05-17T04:28:14.328+0000] {logging_mixin.py:188} INFO - [2026-05-17T04:28:14.327+0000] {dag.py:3036} INFO - Sync 1 DAGs
[2026-05-17T04:28:14.369+0000] {logging_mixin.py:188} INFO - [2026-05-17T04:28:14.369+0000] {dag.py:3823} INFO - Setting next_dagrun for example_weekday_branch_operator to 2026-05-16 00:00:00+00:00, run_after=2026-05-17 00:00:00+00:00
[2026-05-17T04:28:14.403+0000] {processor.py:183} INFO - Processing /home/airflow/.local/lib/python3.8/site-packages/airflow/example_dags/example_branch_day_of_week_operator.py took 0.136 seconds
[2026-05-17T04:28:45.172+0000] {processor.py:161} INFO - Started process (PID=9036) to work on /home/airflow/.local/lib/python3.8/site-packages/airflow/example_dags/example_branch_day_of_week_operator.py
[2026-05-17T04:28:45.174+0000] {processor.py:830} INFO - Processing file /home/airflow/.local/lib/python3.8/site-packages/airflow/example_dags/example_branch_day_of_week_operator.py for tasks to queue
[2026-05-17T04:28:45.177+0000] {logging_mixin.py:188} INFO - [2026-05-17T04:28:45.176+0000] {dagbag.py:538} INFO - Filling up the DagBag from /home/airflow/.local/lib/python3.8/site-packages/airflow/example_dags/example_branch_day_of_week_operator.py
[2026-05-17T04:28:45.193+0000] {processor.py:840} INFO - DAG(s) 'example_weekday_branch_operator' retrieved from /home/airflow/.local/lib/python3.8/site-packages/airflow/example_dags/example_branch_day_of_week_operator.py
[2026-05-17T04:28:45.237+0000] {logging_mixin.py:188} INFO - [2026-05-17T04:28:45.237+0000] {dag.py:3036} INFO - Sync 1 DAGs
[2026-05-17T04:28:45.283+0000] {logging_mixin.py:188} INFO - [2026-05-17T04:28:45.283+0000] {dag.py:3823} INFO - Setting next_dagrun for example_weekday_branch_operator to 2026-05-16 00:00:00+00:00, run_after=2026-05-17 00:00:00+00:00
[2026-05-17T04:28:45.318+0000] {processor.py:183} INFO - Processing /home/airflow/.local/lib/python3.8/site-packages/airflow/example_dags/example_branch_day_of_week_operator.py took 0.152 seconds
[2026-05-17T04:29:15.639+0000] {processor.py:161} INFO - Started process (PID=9103) to work on /home/airflow/.local/lib/python3.8/site-packages/airflow/example_dags/example_branch_day_of_week_operator.py
[2026-05-17T04:29:15.641+0000] {processor.py:830} INFO - Processing file /home/airflow/.local/lib/python3.8/site-packages/airflow/example_dags/example_branch_day_of_week_operator.py for tasks to queue
[2026-05-17T04:29:15.644+0000] {logging_mixin.py:188} INFO - [2026-05-17T04:29:15.644+0000] {dagbag.py:538} INFO - Filling up the DagBag from /home/airflow/.local/lib/python3.8/site-packages/airflow/example_dags/example_branch_day_of_week_operator.py
[2026-05-17T04:29:15.663+0000] {processor.py:840} INFO - DAG(s) 'example_weekday_branch_operator' retrieved from /home/airflow/.local/lib/python3.8/site-packages/airflow/example_dags/example_branch_day_of_week_operator.py
[2026-05-17T04:29:15.716+0000] {logging_mixin.py:188} INFO - [2026-05-17T04:29:15.715+0000] {dag.py:3036} INFO - Sync 1 DAGs
[2026-05-17T04:29:15.771+0000] {logging_mixin.py:188} INFO - [2026-05-17T04:29:15.771+0000] {dag.py:3823} INFO - Setting next_dagrun for example_weekday_branch_operator to 2026-05-16 00:00:00+00:00, run_after=2026-05-17 00:00:00+00:00
[2026-05-17T04:29:15.804+0000] {processor.py:183} INFO - Processing /home/airflow/.local/lib/python3.8/site-packages/airflow/example_dags/example_branch_day_of_week_operator.py took 0.172 seconds
[2026-05-17T04:29:46.356+0000] {processor.py:161} INFO - Started process (PID=9169) to work on /home/airflow/.local/lib/python3.8/site-packages/airflow/example_dags/example_branch_day_of_week_operator.py
[2026-05-17T04:29:46.358+0000] {processor.py:830} INFO - Processing file /home/airflow/.local/lib/python3.8/site-packages/airflow/example_dags/example_branch_day_of_week_operator.py for tasks to queue
[2026-05-17T04:29:46.362+0000] {logging_mixin.py:188} INFO - [2026-05-17T04:29:46.361+0000] {dagbag.py:538} INFO - Filling up the DagBag from /home/airflow/.local/lib/python3.8/site-packages/airflow/example_dags/example_branch_day_of_week_operator.py
[2026-05-17T04:29:46.380+0000] {processor.py:840} INFO - DAG(s) 'example_weekday_branch_operator' retrieved from /home/airflow/.local/lib/python3.8/site-packages/airflow/example_dags/example_branch_day_of_week_operator.py
[2026-05-17T04:29:46.427+0000] {logging_mixin.py:188} INFO - [2026-05-17T04:29:46.426+0000] {dag.py:3036} INFO - Sync 1 DAGs
[2026-05-17T04:29:46.475+0000] {logging_mixin.py:188} INFO - [2026-05-17T04:29:46.475+0000] {dag.py:3823} INFO - Setting next_dagrun for example_weekday_branch_operator to 2026-05-16 00:00:00+00:00, run_after=2026-05-17 00:00:00+00:00
[2026-05-17T04:29:46.510+0000] {processor.py:183} INFO - Processing /home/airflow/.local/lib/python3.8/site-packages/airflow/example_dags/example_branch_day_of_week_operator.py took 0.160 seconds
[2026-05-17T04:30:17.150+0000] {processor.py:161} INFO - Started process (PID=9236) to work on /home/airflow/.local/lib/python3.8/site-packages/airflow/example_dags/example_branch_day_of_week_operator.py
[2026-05-17T04:30:17.152+0000] {processor.py:830} INFO - Processing file /home/airflow/.local/lib/python3.8/site-packages/airflow/example_dags/example_branch_day_of_week_operator.py for tasks to queue
[2026-05-17T04:30:17.156+0000] {logging_mixin.py:188} INFO - [2026-05-17T04:30:17.155+0000] {dagbag.py:538} INFO - Filling up the DagBag from /home/airflow/.local/lib/python3.8/site-packages/airflow/example_dags/example_branch_day_of_week_operator.py
[2026-05-17T04:30:17.170+0000] {processor.py:840} INFO - DAG(s) 'example_weekday_branch_operator' retrieved from /home/airflow/.local/lib/python3.8/site-packages/airflow/example_dags/example_branch_day_of_week_operator.py
[2026-05-17T04:30:17.216+0000] {logging_mixin.py:188} INFO - [2026-05-17T04:30:17.216+0000] {dag.py:3036} INFO - Sync 1 DAGs
[2026-05-17T04:30:17.265+0000] {logging_mixin.py:188} INFO - [2026-05-17T04:30:17.265+0000] {dag.py:3823} INFO - Setting next_dagrun for example_weekday_branch_operator to 2026-05-16 00:00:00+00:00, run_after=2026-05-17 00:00:00+00:00
[2026-05-17T04:30:17.302+0000] {processor.py:183} INFO - Processing /home/airflow/.local/lib/python3.8/site-packages/airflow/example_dags/example_branch_day_of_week_operator.py took 0.158 seconds
[2026-05-17T04:30:47.482+0000] {processor.py:161} INFO - Started process (PID=9302) to work on /home/airflow/.local/lib/python3.8/site-packages/airflow/example_dags/example_branch_day_of_week_operator.py
[2026-05-17T04:30:47.483+0000] {processor.py:830} INFO - Processing file /home/airflow/.local/lib/python3.8/site-packages/airflow/example_dags/example_branch_day_of_week_operator.py for tasks to queue
[2026-05-17T04:30:47.486+0000] {logging_mixin.py:188} INFO - [2026-05-17T04:30:47.485+0000] {dagbag.py:538} INFO - Filling up the DagBag from /home/airflow/.local/lib/python3.8/site-packages/airflow/example_dags/example_branch_day_of_week_operator.py
[2026-05-17T04:30:47.498+0000] {processor.py:840} INFO - DAG(s) 'example_weekday_branch_operator' retrieved from /home/airflow/.local/lib/python3.8/site-packages/airflow/example_dags/example_branch_day_of_week_operator.py
[2026-05-17T04:30:47.535+0000] {logging_mixin.py:188} INFO - [2026-05-17T04:30:47.534+0000] {dag.py:3036} INFO - Sync 1 DAGs
[2026-05-17T04:30:47.577+0000] {logging_mixin.py:188} INFO - [2026-05-17T04:30:47.576+0000] {dag.py:3823} INFO - Setting next_dagrun for example_weekday_branch_operator to 2026-05-16 00:00:00+00:00, run_after=2026-05-17 00:00:00+00:00
[2026-05-17T04:30:47.605+0000] {processor.py:183} INFO - Processing /home/airflow/.local/lib/python3.8/site-packages/airflow/example_dags/example_branch_day_of_week_operator.py took 0.128 seconds
[2026-05-17T04:31:18.213+0000] {processor.py:161} INFO - Started process (PID=9368) to work on /home/airflow/.local/lib/python3.8/site-packages/airflow/example_dags/example_branch_day_of_week_operator.py
[2026-05-17T04:31:18.216+0000] {processor.py:830} INFO - Processing file /home/airflow/.local/lib/python3.8/site-packages/airflow/example_dags/example_branch_day_of_week_operator.py for tasks to queue
[2026-05-17T04:31:18.219+0000] {logging_mixin.py:188} INFO - [2026-05-17T04:31:18.219+0000] {dagbag.py:538} INFO - Filling up the DagBag from /home/airflow/.local/lib/python3.8/site-packages/airflow/example_dags/example_branch_day_of_week_operator.py
[2026-05-17T04:31:18.232+0000] {processor.py:840} INFO - DAG(s) 'example_weekday_branch_operator' retrieved from /home/airflow/.local/lib/python3.8/site-packages/airflow/example_dags/example_branch_day_of_week_operator.py
[2026-05-17T04:31:18.272+0000] {logging_mixin.py:188} INFO - [2026-05-17T04:31:18.272+0000] {dag.py:3036} INFO - Sync 1 DAGs
[2026-05-17T04:31:18.314+0000] {logging_mixin.py:188} INFO - [2026-05-17T04:31:18.313+0000] {dag.py:3823} INFO - Setting next_dagrun for example_weekday_branch_operator to 2026-05-16 00:00:00+00:00, run_after=2026-05-17 00:00:00+00:00
[2026-05-17T04:31:18.354+0000] {processor.py:183} INFO - Processing /home/airflow/.local/lib/python3.8/site-packages/airflow/example_dags/example_branch_day_of_week_operator.py took 0.146 seconds
