[2026-05-17T03:20:23.881+0000] {processor.py:161} INFO - Started process (PID=67) to work on /home/airflow/.local/lib/python3.8/site-packages/airflow/example_dags/example_params_trigger_ui.py
[2026-05-17T03:20:23.882+0000] {processor.py:830} INFO - Processing file /home/airflow/.local/lib/python3.8/site-packages/airflow/example_dags/example_params_trigger_ui.py for tasks to queue
[2026-05-17T03:20:23.894+0000] {logging_mixin.py:188} INFO - [2026-05-17T03:20:23.893+0000] {dagbag.py:538} INFO - Filling up the DagBag from /home/airflow/.local/lib/python3.8/site-packages/airflow/example_dags/example_params_trigger_ui.py
[2026-05-17T03:20:23.995+0000] {processor.py:840} INFO - DAG(s) 'example_params_trigger_ui' retrieved from /home/airflow/.local/lib/python3.8/site-packages/airflow/example_dags/example_params_trigger_ui.py
[2026-05-17T03:20:24.045+0000] {logging_mixin.py:188} INFO - [2026-05-17T03:20:24.044+0000] {dag.py:3036} INFO - Sync 1 DAGs
[2026-05-17T03:20:24.095+0000] {logging_mixin.py:188} INFO - [2026-05-17T03:20:24.089+0000] {dag.py:3823} INFO - Setting next_dagrun for example_params_trigger_ui to None, run_after=None
[2026-05-17T03:20:24.171+0000] {processor.py:183} INFO - Processing /home/airflow/.local/lib/python3.8/site-packages/airflow/example_dags/example_params_trigger_ui.py took 0.333 seconds
[2026-05-17T03:20:54.264+0000] {processor.py:161} INFO - Started process (PID=131) to work on /home/airflow/.local/lib/python3.8/site-packages/airflow/example_dags/example_params_trigger_ui.py
[2026-05-17T03:20:54.266+0000] {processor.py:830} INFO - Processing file /home/airflow/.local/lib/python3.8/site-packages/airflow/example_dags/example_params_trigger_ui.py for tasks to queue
[2026-05-17T03:20:54.269+0000] {logging_mixin.py:188} INFO - [2026-05-17T03:20:54.269+0000] {dagbag.py:538} INFO - Filling up the DagBag from /home/airflow/.local/lib/python3.8/site-packages/airflow/example_dags/example_params_trigger_ui.py
[2026-05-17T03:20:54.296+0000] {processor.py:840} INFO - DAG(s) 'example_params_trigger_ui' retrieved from /home/airflow/.local/lib/python3.8/site-packages/airflow/example_dags/example_params_trigger_ui.py
[2026-05-17T03:20:54.603+0000] {logging_mixin.py:188} INFO - [2026-05-17T03:20:54.602+0000] {dag.py:3036} INFO - Sync 1 DAGs
[2026-05-17T03:20:54.625+0000] {logging_mixin.py:188} INFO - [2026-05-17T03:20:54.625+0000] {dag.py:3823} INFO - Setting next_dagrun for example_params_trigger_ui to None, run_after=None
[2026-05-17T03:20:54.662+0000] {processor.py:183} INFO - Processing /home/airflow/.local/lib/python3.8/site-packages/airflow/example_dags/example_params_trigger_ui.py took 0.404 seconds
[2026-05-17T03:21:24.982+0000] {processor.py:161} INFO - Started process (PID=195) to work on /home/airflow/.local/lib/python3.8/site-packages/airflow/example_dags/example_params_trigger_ui.py
[2026-05-17T03:21:24.984+0000] {processor.py:830} INFO - Processing file /home/airflow/.local/lib/python3.8/site-packages/airflow/example_dags/example_params_trigger_ui.py for tasks to queue
[2026-05-17T03:21:24.987+0000] {logging_mixin.py:188} INFO - [2026-05-17T03:21:24.986+0000] {dagbag.py:538} INFO - Filling up the DagBag from /home/airflow/.local/lib/python3.8/site-packages/airflow/example_dags/example_params_trigger_ui.py
[2026-05-17T03:21:25.014+0000] {processor.py:840} INFO - DAG(s) 'example_params_trigger_ui' retrieved from /home/airflow/.local/lib/python3.8/site-packages/airflow/example_dags/example_params_trigger_ui.py
[2026-05-17T03:21:25.136+0000] {logging_mixin.py:188} INFO - [2026-05-17T03:21:25.135+0000] {dag.py:3036} INFO - Sync 1 DAGs
[2026-05-17T03:21:25.159+0000] {logging_mixin.py:188} INFO - [2026-05-17T03:21:25.159+0000] {dag.py:3823} INFO - Setting next_dagrun for example_params_trigger_ui to None, run_after=None
[2026-05-17T03:21:25.195+0000] {processor.py:183} INFO - Processing /home/airflow/.local/lib/python3.8/site-packages/airflow/example_dags/example_params_trigger_ui.py took 0.219 seconds
[2026-05-17T03:21:55.388+0000] {processor.py:161} INFO - Started process (PID=261) to work on /home/airflow/.local/lib/python3.8/site-packages/airflow/example_dags/example_params_trigger_ui.py
[2026-05-17T03:21:55.397+0000] {processor.py:830} INFO - Processing file /home/airflow/.local/lib/python3.8/site-packages/airflow/example_dags/example_params_trigger_ui.py for tasks to queue
[2026-05-17T03:21:55.400+0000] {logging_mixin.py:188} INFO - [2026-05-17T03:21:55.400+0000] {dagbag.py:538} INFO - Filling up the DagBag from /home/airflow/.local/lib/python3.8/site-packages/airflow/example_dags/example_params_trigger_ui.py
[2026-05-17T03:21:55.450+0000] {processor.py:840} INFO - DAG(s) 'example_params_trigger_ui' retrieved from /home/airflow/.local/lib/python3.8/site-packages/airflow/example_dags/example_params_trigger_ui.py
[2026-05-17T03:21:55.615+0000] {logging_mixin.py:188} INFO - [2026-05-17T03:21:55.615+0000] {dag.py:3036} INFO - Sync 1 DAGs
[2026-05-17T03:21:55.660+0000] {logging_mixin.py:188} INFO - [2026-05-17T03:21:55.659+0000] {dag.py:3823} INFO - Setting next_dagrun for example_params_trigger_ui to None, run_after=None
[2026-05-17T03:21:55.725+0000] {processor.py:183} INFO - Processing /home/airflow/.local/lib/python3.8/site-packages/airflow/example_dags/example_params_trigger_ui.py took 0.359 seconds
[2026-05-17T03:22:25.954+0000] {processor.py:161} INFO - Started process (PID=325) to work on /home/airflow/.local/lib/python3.8/site-packages/airflow/example_dags/example_params_trigger_ui.py
[2026-05-17T03:22:25.955+0000] {processor.py:830} INFO - Processing file /home/airflow/.local/lib/python3.8/site-packages/airflow/example_dags/example_params_trigger_ui.py for tasks to queue
[2026-05-17T03:22:25.958+0000] {logging_mixin.py:188} INFO - [2026-05-17T03:22:25.958+0000] {dagbag.py:538} INFO - Filling up the DagBag from /home/airflow/.local/lib/python3.8/site-packages/airflow/example_dags/example_params_trigger_ui.py
[2026-05-17T03:22:25.985+0000] {processor.py:840} INFO - DAG(s) 'example_params_trigger_ui' retrieved from /home/airflow/.local/lib/python3.8/site-packages/airflow/example_dags/example_params_trigger_ui.py
[2026-05-17T03:22:26.113+0000] {logging_mixin.py:188} INFO - [2026-05-17T03:22:26.112+0000] {dag.py:3036} INFO - Sync 1 DAGs
[2026-05-17T03:22:26.138+0000] {logging_mixin.py:188} INFO - [2026-05-17T03:22:26.138+0000] {dag.py:3823} INFO - Setting next_dagrun for example_params_trigger_ui to None, run_after=None
[2026-05-17T03:22:26.172+0000] {processor.py:183} INFO - Processing /home/airflow/.local/lib/python3.8/site-packages/airflow/example_dags/example_params_trigger_ui.py took 0.225 seconds
[2026-05-17T03:22:56.260+0000] {processor.py:161} INFO - Started process (PID=390) to work on /home/airflow/.local/lib/python3.8/site-packages/airflow/example_dags/example_params_trigger_ui.py
[2026-05-17T03:22:56.262+0000] {processor.py:830} INFO - Processing file /home/airflow/.local/lib/python3.8/site-packages/airflow/example_dags/example_params_trigger_ui.py for tasks to queue
[2026-05-17T03:22:56.264+0000] {logging_mixin.py:188} INFO - [2026-05-17T03:22:56.264+0000] {dagbag.py:538} INFO - Filling up the DagBag from /home/airflow/.local/lib/python3.8/site-packages/airflow/example_dags/example_params_trigger_ui.py
[2026-05-17T03:22:56.288+0000] {processor.py:840} INFO - DAG(s) 'example_params_trigger_ui' retrieved from /home/airflow/.local/lib/python3.8/site-packages/airflow/example_dags/example_params_trigger_ui.py
[2026-05-17T03:22:56.402+0000] {logging_mixin.py:188} INFO - [2026-05-17T03:22:56.402+0000] {dag.py:3036} INFO - Sync 1 DAGs
[2026-05-17T03:22:56.423+0000] {logging_mixin.py:188} INFO - [2026-05-17T03:22:56.423+0000] {dag.py:3823} INFO - Setting next_dagrun for example_params_trigger_ui to None, run_after=None
[2026-05-17T03:22:56.453+0000] {processor.py:183} INFO - Processing /home/airflow/.local/lib/python3.8/site-packages/airflow/example_dags/example_params_trigger_ui.py took 0.198 seconds
[2026-05-17T03:23:26.527+0000] {processor.py:161} INFO - Started process (PID=454) to work on /home/airflow/.local/lib/python3.8/site-packages/airflow/example_dags/example_params_trigger_ui.py
[2026-05-17T03:23:26.529+0000] {processor.py:830} INFO - Processing file /home/airflow/.local/lib/python3.8/site-packages/airflow/example_dags/example_params_trigger_ui.py for tasks to queue
[2026-05-17T03:23:26.532+0000] {logging_mixin.py:188} INFO - [2026-05-17T03:23:26.531+0000] {dagbag.py:538} INFO - Filling up the DagBag from /home/airflow/.local/lib/python3.8/site-packages/airflow/example_dags/example_params_trigger_ui.py
[2026-05-17T03:23:26.554+0000] {processor.py:840} INFO - DAG(s) 'example_params_trigger_ui' retrieved from /home/airflow/.local/lib/python3.8/site-packages/airflow/example_dags/example_params_trigger_ui.py
[2026-05-17T03:23:26.658+0000] {logging_mixin.py:188} INFO - [2026-05-17T03:23:26.658+0000] {dag.py:3036} INFO - Sync 1 DAGs
[2026-05-17T03:23:26.679+0000] {logging_mixin.py:188} INFO - [2026-05-17T03:23:26.678+0000] {dag.py:3823} INFO - Setting next_dagrun for example_params_trigger_ui to None, run_after=None
[2026-05-17T03:23:26.711+0000] {processor.py:183} INFO - Processing /home/airflow/.local/lib/python3.8/site-packages/airflow/example_dags/example_params_trigger_ui.py took 0.189 seconds
[2026-05-17T03:23:56.926+0000] {processor.py:161} INFO - Started process (PID=519) to work on /home/airflow/.local/lib/python3.8/site-packages/airflow/example_dags/example_params_trigger_ui.py
[2026-05-17T03:23:56.928+0000] {processor.py:830} INFO - Processing file /home/airflow/.local/lib/python3.8/site-packages/airflow/example_dags/example_params_trigger_ui.py for tasks to queue
[2026-05-17T03:23:56.932+0000] {logging_mixin.py:188} INFO - [2026-05-17T03:23:56.931+0000] {dagbag.py:538} INFO - Filling up the DagBag from /home/airflow/.local/lib/python3.8/site-packages/airflow/example_dags/example_params_trigger_ui.py
[2026-05-17T03:23:56.958+0000] {processor.py:840} INFO - DAG(s) 'example_params_trigger_ui' retrieved from /home/airflow/.local/lib/python3.8/site-packages/airflow/example_dags/example_params_trigger_ui.py
[2026-05-17T03:23:57.076+0000] {logging_mixin.py:188} INFO - [2026-05-17T03:23:57.075+0000] {dag.py:3036} INFO - Sync 1 DAGs
[2026-05-17T03:23:57.103+0000] {logging_mixin.py:188} INFO - [2026-05-17T03:23:57.103+0000] {dag.py:3823} INFO - Setting next_dagrun for example_params_trigger_ui to None, run_after=None
[2026-05-17T03:23:57.146+0000] {processor.py:183} INFO - Processing /home/airflow/.local/lib/python3.8/site-packages/airflow/example_dags/example_params_trigger_ui.py took 0.226 seconds
[2026-05-17T03:24:27.467+0000] {processor.py:161} INFO - Started process (PID=583) to work on /home/airflow/.local/lib/python3.8/site-packages/airflow/example_dags/example_params_trigger_ui.py
[2026-05-17T03:24:27.469+0000] {processor.py:830} INFO - Processing file /home/airflow/.local/lib/python3.8/site-packages/airflow/example_dags/example_params_trigger_ui.py for tasks to queue
[2026-05-17T03:24:27.472+0000] {logging_mixin.py:188} INFO - [2026-05-17T03:24:27.472+0000] {dagbag.py:538} INFO - Filling up the DagBag from /home/airflow/.local/lib/python3.8/site-packages/airflow/example_dags/example_params_trigger_ui.py
[2026-05-17T03:24:27.493+0000] {processor.py:840} INFO - DAG(s) 'example_params_trigger_ui' retrieved from /home/airflow/.local/lib/python3.8/site-packages/airflow/example_dags/example_params_trigger_ui.py
[2026-05-17T03:24:27.517+0000] {logging_mixin.py:188} INFO - [2026-05-17T03:24:27.516+0000] {dag.py:3036} INFO - Sync 1 DAGs
[2026-05-17T03:24:27.539+0000] {logging_mixin.py:188} INFO - [2026-05-17T03:24:27.539+0000] {dag.py:3823} INFO - Setting next_dagrun for example_params_trigger_ui to None, run_after=None
[2026-05-17T03:24:27.573+0000] {processor.py:183} INFO - Processing /home/airflow/.local/lib/python3.8/site-packages/airflow/example_dags/example_params_trigger_ui.py took 0.116 seconds
[2026-05-17T03:24:58.893+0000] {processor.py:161} INFO - Started process (PID=648) to work on /home/airflow/.local/lib/python3.8/site-packages/airflow/example_dags/example_params_trigger_ui.py
[2026-05-17T03:24:58.895+0000] {processor.py:830} INFO - Processing file /home/airflow/.local/lib/python3.8/site-packages/airflow/example_dags/example_params_trigger_ui.py for tasks to queue
[2026-05-17T03:24:58.898+0000] {logging_mixin.py:188} INFO - [2026-05-17T03:24:58.898+0000] {dagbag.py:538} INFO - Filling up the DagBag from /home/airflow/.local/lib/python3.8/site-packages/airflow/example_dags/example_params_trigger_ui.py
[2026-05-17T03:24:58.925+0000] {processor.py:840} INFO - DAG(s) 'example_params_trigger_ui' retrieved from /home/airflow/.local/lib/python3.8/site-packages/airflow/example_dags/example_params_trigger_ui.py
[2026-05-17T03:24:59.191+0000] {logging_mixin.py:188} INFO - [2026-05-17T03:24:59.190+0000] {dag.py:3036} INFO - Sync 1 DAGs
[2026-05-17T03:24:59.230+0000] {logging_mixin.py:188} INFO - [2026-05-17T03:24:59.229+0000] {dag.py:3823} INFO - Setting next_dagrun for example_params_trigger_ui to None, run_after=None
[2026-05-17T03:24:59.266+0000] {processor.py:183} INFO - Processing /home/airflow/.local/lib/python3.8/site-packages/airflow/example_dags/example_params_trigger_ui.py took 0.378 seconds
[2026-05-17T03:25:29.387+0000] {processor.py:161} INFO - Started process (PID=713) to work on /home/airflow/.local/lib/python3.8/site-packages/airflow/example_dags/example_params_trigger_ui.py
[2026-05-17T03:25:29.389+0000] {processor.py:830} INFO - Processing file /home/airflow/.local/lib/python3.8/site-packages/airflow/example_dags/example_params_trigger_ui.py for tasks to queue
[2026-05-17T03:25:29.392+0000] {logging_mixin.py:188} INFO - [2026-05-17T03:25:29.392+0000] {dagbag.py:538} INFO - Filling up the DagBag from /home/airflow/.local/lib/python3.8/site-packages/airflow/example_dags/example_params_trigger_ui.py
[2026-05-17T03:25:29.417+0000] {processor.py:840} INFO - DAG(s) 'example_params_trigger_ui' retrieved from /home/airflow/.local/lib/python3.8/site-packages/airflow/example_dags/example_params_trigger_ui.py
[2026-05-17T03:25:29.536+0000] {logging_mixin.py:188} INFO - [2026-05-17T03:25:29.535+0000] {dag.py:3036} INFO - Sync 1 DAGs
[2026-05-17T03:25:29.560+0000] {logging_mixin.py:188} INFO - [2026-05-17T03:25:29.560+0000] {dag.py:3823} INFO - Setting next_dagrun for example_params_trigger_ui to None, run_after=None
[2026-05-17T03:25:29.593+0000] {processor.py:183} INFO - Processing /home/airflow/.local/lib/python3.8/site-packages/airflow/example_dags/example_params_trigger_ui.py took 0.212 seconds
[2026-05-17T03:25:59.664+0000] {processor.py:161} INFO - Started process (PID=777) to work on /home/airflow/.local/lib/python3.8/site-packages/airflow/example_dags/example_params_trigger_ui.py
[2026-05-17T03:25:59.666+0000] {processor.py:830} INFO - Processing file /home/airflow/.local/lib/python3.8/site-packages/airflow/example_dags/example_params_trigger_ui.py for tasks to queue
[2026-05-17T03:25:59.669+0000] {logging_mixin.py:188} INFO - [2026-05-17T03:25:59.668+0000] {dagbag.py:538} INFO - Filling up the DagBag from /home/airflow/.local/lib/python3.8/site-packages/airflow/example_dags/example_params_trigger_ui.py
[2026-05-17T03:25:59.693+0000] {processor.py:840} INFO - DAG(s) 'example_params_trigger_ui' retrieved from /home/airflow/.local/lib/python3.8/site-packages/airflow/example_dags/example_params_trigger_ui.py
[2026-05-17T03:25:59.800+0000] {logging_mixin.py:188} INFO - [2026-05-17T03:25:59.800+0000] {dag.py:3036} INFO - Sync 1 DAGs
[2026-05-17T03:25:59.822+0000] {logging_mixin.py:188} INFO - [2026-05-17T03:25:59.822+0000] {dag.py:3823} INFO - Setting next_dagrun for example_params_trigger_ui to None, run_after=None
[2026-05-17T03:25:59.860+0000] {processor.py:183} INFO - Processing /home/airflow/.local/lib/python3.8/site-packages/airflow/example_dags/example_params_trigger_ui.py took 0.203 seconds
[2026-05-17T03:26:30.704+0000] {processor.py:161} INFO - Started process (PID=842) to work on /home/airflow/.local/lib/python3.8/site-packages/airflow/example_dags/example_params_trigger_ui.py
[2026-05-17T03:26:30.706+0000] {processor.py:830} INFO - Processing file /home/airflow/.local/lib/python3.8/site-packages/airflow/example_dags/example_params_trigger_ui.py for tasks to queue
[2026-05-17T03:26:30.709+0000] {logging_mixin.py:188} INFO - [2026-05-17T03:26:30.708+0000] {dagbag.py:538} INFO - Filling up the DagBag from /home/airflow/.local/lib/python3.8/site-packages/airflow/example_dags/example_params_trigger_ui.py
[2026-05-17T03:26:30.731+0000] {processor.py:840} INFO - DAG(s) 'example_params_trigger_ui' retrieved from /home/airflow/.local/lib/python3.8/site-packages/airflow/example_dags/example_params_trigger_ui.py
[2026-05-17T03:26:30.834+0000] {logging_mixin.py:188} INFO - [2026-05-17T03:26:30.833+0000] {dag.py:3036} INFO - Sync 1 DAGs
[2026-05-17T03:26:30.858+0000] {logging_mixin.py:188} INFO - [2026-05-17T03:26:30.857+0000] {dag.py:3823} INFO - Setting next_dagrun for example_params_trigger_ui to None, run_after=None
[2026-05-17T03:26:30.889+0000] {processor.py:183} INFO - Processing /home/airflow/.local/lib/python3.8/site-packages/airflow/example_dags/example_params_trigger_ui.py took 0.190 seconds
[2026-05-17T03:27:01.655+0000] {processor.py:161} INFO - Started process (PID=916) to work on /home/airflow/.local/lib/python3.8/site-packages/airflow/example_dags/example_params_trigger_ui.py
[2026-05-17T03:27:01.657+0000] {processor.py:830} INFO - Processing file /home/airflow/.local/lib/python3.8/site-packages/airflow/example_dags/example_params_trigger_ui.py for tasks to queue
[2026-05-17T03:27:01.661+0000] {logging_mixin.py:188} INFO - [2026-05-17T03:27:01.660+0000] {dagbag.py:538} INFO - Filling up the DagBag from /home/airflow/.local/lib/python3.8/site-packages/airflow/example_dags/example_params_trigger_ui.py
[2026-05-17T03:27:01.687+0000] {processor.py:840} INFO - DAG(s) 'example_params_trigger_ui' retrieved from /home/airflow/.local/lib/python3.8/site-packages/airflow/example_dags/example_params_trigger_ui.py
[2026-05-17T03:27:01.806+0000] {logging_mixin.py:188} INFO - [2026-05-17T03:27:01.806+0000] {dag.py:3036} INFO - Sync 1 DAGs
[2026-05-17T03:27:01.831+0000] {logging_mixin.py:188} INFO - [2026-05-17T03:27:01.830+0000] {dag.py:3823} INFO - Setting next_dagrun for example_params_trigger_ui to None, run_after=None
[2026-05-17T03:27:01.869+0000] {processor.py:183} INFO - Processing /home/airflow/.local/lib/python3.8/site-packages/airflow/example_dags/example_params_trigger_ui.py took 0.219 seconds
[2026-05-17T03:27:31.972+0000] {processor.py:161} INFO - Started process (PID=981) to work on /home/airflow/.local/lib/python3.8/site-packages/airflow/example_dags/example_params_trigger_ui.py
[2026-05-17T03:27:31.974+0000] {processor.py:830} INFO - Processing file /home/airflow/.local/lib/python3.8/site-packages/airflow/example_dags/example_params_trigger_ui.py for tasks to queue
[2026-05-17T03:27:31.976+0000] {logging_mixin.py:188} INFO - [2026-05-17T03:27:31.976+0000] {dagbag.py:538} INFO - Filling up the DagBag from /home/airflow/.local/lib/python3.8/site-packages/airflow/example_dags/example_params_trigger_ui.py
[2026-05-17T03:27:31.998+0000] {processor.py:840} INFO - DAG(s) 'example_params_trigger_ui' retrieved from /home/airflow/.local/lib/python3.8/site-packages/airflow/example_dags/example_params_trigger_ui.py
[2026-05-17T03:27:32.131+0000] {logging_mixin.py:188} INFO - [2026-05-17T03:27:32.130+0000] {dag.py:3036} INFO - Sync 1 DAGs
[2026-05-17T03:27:32.158+0000] {logging_mixin.py:188} INFO - [2026-05-17T03:27:32.158+0000] {dag.py:3823} INFO - Setting next_dagrun for example_params_trigger_ui to None, run_after=None
[2026-05-17T03:27:32.216+0000] {processor.py:183} INFO - Processing /home/airflow/.local/lib/python3.8/site-packages/airflow/example_dags/example_params_trigger_ui.py took 0.248 seconds
[2026-05-17T03:28:02.672+0000] {processor.py:161} INFO - Started process (PID=1046) to work on /home/airflow/.local/lib/python3.8/site-packages/airflow/example_dags/example_params_trigger_ui.py
[2026-05-17T03:28:02.675+0000] {processor.py:830} INFO - Processing file /home/airflow/.local/lib/python3.8/site-packages/airflow/example_dags/example_params_trigger_ui.py for tasks to queue
[2026-05-17T03:28:02.678+0000] {logging_mixin.py:188} INFO - [2026-05-17T03:28:02.677+0000] {dagbag.py:538} INFO - Filling up the DagBag from /home/airflow/.local/lib/python3.8/site-packages/airflow/example_dags/example_params_trigger_ui.py
[2026-05-17T03:28:02.707+0000] {processor.py:840} INFO - DAG(s) 'example_params_trigger_ui' retrieved from /home/airflow/.local/lib/python3.8/site-packages/airflow/example_dags/example_params_trigger_ui.py
[2026-05-17T03:28:02.908+0000] {logging_mixin.py:188} INFO - [2026-05-17T03:28:02.908+0000] {dag.py:3036} INFO - Sync 1 DAGs
[2026-05-17T03:28:02.942+0000] {logging_mixin.py:188} INFO - [2026-05-17T03:28:02.942+0000] {dag.py:3823} INFO - Setting next_dagrun for example_params_trigger_ui to None, run_after=None
[2026-05-17T03:28:02.991+0000] {processor.py:183} INFO - Processing /home/airflow/.local/lib/python3.8/site-packages/airflow/example_dags/example_params_trigger_ui.py took 0.325 seconds
[2026-05-17T03:28:33.187+0000] {processor.py:161} INFO - Started process (PID=1110) to work on /home/airflow/.local/lib/python3.8/site-packages/airflow/example_dags/example_params_trigger_ui.py
[2026-05-17T03:28:33.189+0000] {processor.py:830} INFO - Processing file /home/airflow/.local/lib/python3.8/site-packages/airflow/example_dags/example_params_trigger_ui.py for tasks to queue
[2026-05-17T03:28:33.192+0000] {logging_mixin.py:188} INFO - [2026-05-17T03:28:33.192+0000] {dagbag.py:538} INFO - Filling up the DagBag from /home/airflow/.local/lib/python3.8/site-packages/airflow/example_dags/example_params_trigger_ui.py
[2026-05-17T03:28:33.212+0000] {processor.py:840} INFO - DAG(s) 'example_params_trigger_ui' retrieved from /home/airflow/.local/lib/python3.8/site-packages/airflow/example_dags/example_params_trigger_ui.py
[2026-05-17T03:28:33.306+0000] {logging_mixin.py:188} INFO - [2026-05-17T03:28:33.305+0000] {dag.py:3036} INFO - Sync 1 DAGs
[2026-05-17T03:28:33.327+0000] {logging_mixin.py:188} INFO - [2026-05-17T03:28:33.327+0000] {dag.py:3823} INFO - Setting next_dagrun for example_params_trigger_ui to None, run_after=None
[2026-05-17T03:28:33.357+0000] {processor.py:183} INFO - Processing /home/airflow/.local/lib/python3.8/site-packages/airflow/example_dags/example_params_trigger_ui.py took 0.175 seconds
[2026-05-17T03:29:03.552+0000] {processor.py:161} INFO - Started process (PID=1176) to work on /home/airflow/.local/lib/python3.8/site-packages/airflow/example_dags/example_params_trigger_ui.py
[2026-05-17T03:29:03.555+0000] {processor.py:830} INFO - Processing file /home/airflow/.local/lib/python3.8/site-packages/airflow/example_dags/example_params_trigger_ui.py for tasks to queue
[2026-05-17T03:29:03.558+0000] {logging_mixin.py:188} INFO - [2026-05-17T03:29:03.558+0000] {dagbag.py:538} INFO - Filling up the DagBag from /home/airflow/.local/lib/python3.8/site-packages/airflow/example_dags/example_params_trigger_ui.py
[2026-05-17T03:29:03.587+0000] {processor.py:840} INFO - DAG(s) 'example_params_trigger_ui' retrieved from /home/airflow/.local/lib/python3.8/site-packages/airflow/example_dags/example_params_trigger_ui.py
[2026-05-17T03:29:03.710+0000] {logging_mixin.py:188} INFO - [2026-05-17T03:29:03.710+0000] {dag.py:3036} INFO - Sync 1 DAGs
[2026-05-17T03:29:03.733+0000] {logging_mixin.py:188} INFO - [2026-05-17T03:29:03.733+0000] {dag.py:3823} INFO - Setting next_dagrun for example_params_trigger_ui to None, run_after=None
[2026-05-17T03:29:03.764+0000] {processor.py:183} INFO - Processing /home/airflow/.local/lib/python3.8/site-packages/airflow/example_dags/example_params_trigger_ui.py took 0.217 seconds
[2026-05-17T03:29:33.886+0000] {processor.py:161} INFO - Started process (PID=1242) to work on /home/airflow/.local/lib/python3.8/site-packages/airflow/example_dags/example_params_trigger_ui.py
[2026-05-17T03:29:33.887+0000] {processor.py:830} INFO - Processing file /home/airflow/.local/lib/python3.8/site-packages/airflow/example_dags/example_params_trigger_ui.py for tasks to queue
[2026-05-17T03:29:33.890+0000] {logging_mixin.py:188} INFO - [2026-05-17T03:29:33.890+0000] {dagbag.py:538} INFO - Filling up the DagBag from /home/airflow/.local/lib/python3.8/site-packages/airflow/example_dags/example_params_trigger_ui.py
[2026-05-17T03:29:33.913+0000] {processor.py:840} INFO - DAG(s) 'example_params_trigger_ui' retrieved from /home/airflow/.local/lib/python3.8/site-packages/airflow/example_dags/example_params_trigger_ui.py
[2026-05-17T03:29:34.029+0000] {logging_mixin.py:188} INFO - [2026-05-17T03:29:34.029+0000] {dag.py:3036} INFO - Sync 1 DAGs
[2026-05-17T03:29:34.049+0000] {logging_mixin.py:188} INFO - [2026-05-17T03:29:34.048+0000] {dag.py:3823} INFO - Setting next_dagrun for example_params_trigger_ui to None, run_after=None
[2026-05-17T03:29:34.077+0000] {processor.py:183} INFO - Processing /home/airflow/.local/lib/python3.8/site-packages/airflow/example_dags/example_params_trigger_ui.py took 0.197 seconds
[2026-05-17T03:30:04.244+0000] {processor.py:161} INFO - Started process (PID=1307) to work on /home/airflow/.local/lib/python3.8/site-packages/airflow/example_dags/example_params_trigger_ui.py
[2026-05-17T03:30:04.246+0000] {processor.py:830} INFO - Processing file /home/airflow/.local/lib/python3.8/site-packages/airflow/example_dags/example_params_trigger_ui.py for tasks to queue
[2026-05-17T03:30:04.249+0000] {logging_mixin.py:188} INFO - [2026-05-17T03:30:04.249+0000] {dagbag.py:538} INFO - Filling up the DagBag from /home/airflow/.local/lib/python3.8/site-packages/airflow/example_dags/example_params_trigger_ui.py
[2026-05-17T03:30:04.271+0000] {processor.py:840} INFO - DAG(s) 'example_params_trigger_ui' retrieved from /home/airflow/.local/lib/python3.8/site-packages/airflow/example_dags/example_params_trigger_ui.py
[2026-05-17T03:30:04.368+0000] {logging_mixin.py:188} INFO - [2026-05-17T03:30:04.368+0000] {dag.py:3036} INFO - Sync 1 DAGs
[2026-05-17T03:30:04.391+0000] {logging_mixin.py:188} INFO - [2026-05-17T03:30:04.391+0000] {dag.py:3823} INFO - Setting next_dagrun for example_params_trigger_ui to None, run_after=None
[2026-05-17T03:30:04.421+0000] {processor.py:183} INFO - Processing /home/airflow/.local/lib/python3.8/site-packages/airflow/example_dags/example_params_trigger_ui.py took 0.182 seconds
[2026-05-17T03:30:34.712+0000] {processor.py:161} INFO - Started process (PID=1372) to work on /home/airflow/.local/lib/python3.8/site-packages/airflow/example_dags/example_params_trigger_ui.py
[2026-05-17T03:30:34.713+0000] {processor.py:830} INFO - Processing file /home/airflow/.local/lib/python3.8/site-packages/airflow/example_dags/example_params_trigger_ui.py for tasks to queue
[2026-05-17T03:30:34.716+0000] {logging_mixin.py:188} INFO - [2026-05-17T03:30:34.715+0000] {dagbag.py:538} INFO - Filling up the DagBag from /home/airflow/.local/lib/python3.8/site-packages/airflow/example_dags/example_params_trigger_ui.py
[2026-05-17T03:30:34.739+0000] {processor.py:840} INFO - DAG(s) 'example_params_trigger_ui' retrieved from /home/airflow/.local/lib/python3.8/site-packages/airflow/example_dags/example_params_trigger_ui.py
[2026-05-17T03:30:34.843+0000] {logging_mixin.py:188} INFO - [2026-05-17T03:30:34.842+0000] {dag.py:3036} INFO - Sync 1 DAGs
[2026-05-17T03:30:34.863+0000] {logging_mixin.py:188} INFO - [2026-05-17T03:30:34.862+0000] {dag.py:3823} INFO - Setting next_dagrun for example_params_trigger_ui to None, run_after=None
[2026-05-17T03:30:34.892+0000] {processor.py:183} INFO - Processing /home/airflow/.local/lib/python3.8/site-packages/airflow/example_dags/example_params_trigger_ui.py took 0.185 seconds
[2026-05-17T03:31:05.390+0000] {processor.py:161} INFO - Started process (PID=1439) to work on /home/airflow/.local/lib/python3.8/site-packages/airflow/example_dags/example_params_trigger_ui.py
[2026-05-17T03:31:05.393+0000] {processor.py:830} INFO - Processing file /home/airflow/.local/lib/python3.8/site-packages/airflow/example_dags/example_params_trigger_ui.py for tasks to queue
[2026-05-17T03:31:05.396+0000] {logging_mixin.py:188} INFO - [2026-05-17T03:31:05.395+0000] {dagbag.py:538} INFO - Filling up the DagBag from /home/airflow/.local/lib/python3.8/site-packages/airflow/example_dags/example_params_trigger_ui.py
[2026-05-17T03:31:05.420+0000] {processor.py:840} INFO - DAG(s) 'example_params_trigger_ui' retrieved from /home/airflow/.local/lib/python3.8/site-packages/airflow/example_dags/example_params_trigger_ui.py
[2026-05-17T03:31:05.515+0000] {logging_mixin.py:188} INFO - [2026-05-17T03:31:05.514+0000] {dag.py:3036} INFO - Sync 1 DAGs
[2026-05-17T03:31:05.538+0000] {logging_mixin.py:188} INFO - [2026-05-17T03:31:05.538+0000] {dag.py:3823} INFO - Setting next_dagrun for example_params_trigger_ui to None, run_after=None
[2026-05-17T03:31:05.571+0000] {processor.py:183} INFO - Processing /home/airflow/.local/lib/python3.8/site-packages/airflow/example_dags/example_params_trigger_ui.py took 0.186 seconds
[2026-05-17T03:31:35.684+0000] {processor.py:161} INFO - Started process (PID=1505) to work on /home/airflow/.local/lib/python3.8/site-packages/airflow/example_dags/example_params_trigger_ui.py
[2026-05-17T03:31:35.686+0000] {processor.py:830} INFO - Processing file /home/airflow/.local/lib/python3.8/site-packages/airflow/example_dags/example_params_trigger_ui.py for tasks to queue
[2026-05-17T03:31:35.688+0000] {logging_mixin.py:188} INFO - [2026-05-17T03:31:35.688+0000] {dagbag.py:538} INFO - Filling up the DagBag from /home/airflow/.local/lib/python3.8/site-packages/airflow/example_dags/example_params_trigger_ui.py
[2026-05-17T03:31:35.709+0000] {processor.py:840} INFO - DAG(s) 'example_params_trigger_ui' retrieved from /home/airflow/.local/lib/python3.8/site-packages/airflow/example_dags/example_params_trigger_ui.py
[2026-05-17T03:31:35.806+0000] {logging_mixin.py:188} INFO - [2026-05-17T03:31:35.805+0000] {dag.py:3036} INFO - Sync 1 DAGs
[2026-05-17T03:31:35.826+0000] {logging_mixin.py:188} INFO - [2026-05-17T03:31:35.826+0000] {dag.py:3823} INFO - Setting next_dagrun for example_params_trigger_ui to None, run_after=None
[2026-05-17T03:31:35.854+0000] {processor.py:183} INFO - Processing /home/airflow/.local/lib/python3.8/site-packages/airflow/example_dags/example_params_trigger_ui.py took 0.175 seconds
[2026-05-17T03:32:06.001+0000] {processor.py:161} INFO - Started process (PID=1571) to work on /home/airflow/.local/lib/python3.8/site-packages/airflow/example_dags/example_params_trigger_ui.py
[2026-05-17T03:32:06.003+0000] {processor.py:830} INFO - Processing file /home/airflow/.local/lib/python3.8/site-packages/airflow/example_dags/example_params_trigger_ui.py for tasks to queue
[2026-05-17T03:32:06.007+0000] {logging_mixin.py:188} INFO - [2026-05-17T03:32:06.006+0000] {dagbag.py:538} INFO - Filling up the DagBag from /home/airflow/.local/lib/python3.8/site-packages/airflow/example_dags/example_params_trigger_ui.py
[2026-05-17T03:32:06.031+0000] {processor.py:840} INFO - DAG(s) 'example_params_trigger_ui' retrieved from /home/airflow/.local/lib/python3.8/site-packages/airflow/example_dags/example_params_trigger_ui.py
[2026-05-17T03:32:06.160+0000] {logging_mixin.py:188} INFO - [2026-05-17T03:32:06.160+0000] {dag.py:3036} INFO - Sync 1 DAGs
[2026-05-17T03:32:06.186+0000] {logging_mixin.py:188} INFO - [2026-05-17T03:32:06.185+0000] {dag.py:3823} INFO - Setting next_dagrun for example_params_trigger_ui to None, run_after=None
[2026-05-17T03:32:06.219+0000] {processor.py:183} INFO - Processing /home/airflow/.local/lib/python3.8/site-packages/airflow/example_dags/example_params_trigger_ui.py took 0.224 seconds
[2026-05-17T03:32:36.724+0000] {processor.py:161} INFO - Started process (PID=1636) to work on /home/airflow/.local/lib/python3.8/site-packages/airflow/example_dags/example_params_trigger_ui.py
[2026-05-17T03:32:36.725+0000] {processor.py:830} INFO - Processing file /home/airflow/.local/lib/python3.8/site-packages/airflow/example_dags/example_params_trigger_ui.py for tasks to queue
[2026-05-17T03:32:36.728+0000] {logging_mixin.py:188} INFO - [2026-05-17T03:32:36.728+0000] {dagbag.py:538} INFO - Filling up the DagBag from /home/airflow/.local/lib/python3.8/site-packages/airflow/example_dags/example_params_trigger_ui.py
[2026-05-17T03:32:36.752+0000] {processor.py:840} INFO - DAG(s) 'example_params_trigger_ui' retrieved from /home/airflow/.local/lib/python3.8/site-packages/airflow/example_dags/example_params_trigger_ui.py
[2026-05-17T03:32:36.878+0000] {logging_mixin.py:188} INFO - [2026-05-17T03:32:36.877+0000] {dag.py:3036} INFO - Sync 1 DAGs
[2026-05-17T03:32:36.899+0000] {logging_mixin.py:188} INFO - [2026-05-17T03:32:36.898+0000] {dag.py:3823} INFO - Setting next_dagrun for example_params_trigger_ui to None, run_after=None
[2026-05-17T03:32:36.930+0000] {processor.py:183} INFO - Processing /home/airflow/.local/lib/python3.8/site-packages/airflow/example_dags/example_params_trigger_ui.py took 0.212 seconds
[2026-05-17T03:33:07.052+0000] {processor.py:161} INFO - Started process (PID=1707) to work on /home/airflow/.local/lib/python3.8/site-packages/airflow/example_dags/example_params_trigger_ui.py
[2026-05-17T03:33:07.054+0000] {processor.py:830} INFO - Processing file /home/airflow/.local/lib/python3.8/site-packages/airflow/example_dags/example_params_trigger_ui.py for tasks to queue
[2026-05-17T03:33:07.057+0000] {logging_mixin.py:188} INFO - [2026-05-17T03:33:07.057+0000] {dagbag.py:538} INFO - Filling up the DagBag from /home/airflow/.local/lib/python3.8/site-packages/airflow/example_dags/example_params_trigger_ui.py
[2026-05-17T03:33:07.082+0000] {processor.py:840} INFO - DAG(s) 'example_params_trigger_ui' retrieved from /home/airflow/.local/lib/python3.8/site-packages/airflow/example_dags/example_params_trigger_ui.py
[2026-05-17T03:33:07.207+0000] {logging_mixin.py:188} INFO - [2026-05-17T03:33:07.207+0000] {dag.py:3036} INFO - Sync 1 DAGs
[2026-05-17T03:33:07.231+0000] {logging_mixin.py:188} INFO - [2026-05-17T03:33:07.231+0000] {dag.py:3823} INFO - Setting next_dagrun for example_params_trigger_ui to None, run_after=None
[2026-05-17T03:33:07.266+0000] {processor.py:183} INFO - Processing /home/airflow/.local/lib/python3.8/site-packages/airflow/example_dags/example_params_trigger_ui.py took 0.219 seconds
[2026-05-17T03:33:37.546+0000] {processor.py:161} INFO - Started process (PID=1772) to work on /home/airflow/.local/lib/python3.8/site-packages/airflow/example_dags/example_params_trigger_ui.py
[2026-05-17T03:33:37.549+0000] {processor.py:830} INFO - Processing file /home/airflow/.local/lib/python3.8/site-packages/airflow/example_dags/example_params_trigger_ui.py for tasks to queue
[2026-05-17T03:33:37.552+0000] {logging_mixin.py:188} INFO - [2026-05-17T03:33:37.552+0000] {dagbag.py:538} INFO - Filling up the DagBag from /home/airflow/.local/lib/python3.8/site-packages/airflow/example_dags/example_params_trigger_ui.py
[2026-05-17T03:33:37.580+0000] {processor.py:840} INFO - DAG(s) 'example_params_trigger_ui' retrieved from /home/airflow/.local/lib/python3.8/site-packages/airflow/example_dags/example_params_trigger_ui.py
[2026-05-17T03:33:37.731+0000] {logging_mixin.py:188} INFO - [2026-05-17T03:33:37.728+0000] {dag.py:3036} INFO - Sync 1 DAGs
[2026-05-17T03:33:37.771+0000] {logging_mixin.py:188} INFO - [2026-05-17T03:33:37.771+0000] {dag.py:3823} INFO - Setting next_dagrun for example_params_trigger_ui to None, run_after=None
[2026-05-17T03:33:37.808+0000] {processor.py:183} INFO - Processing /home/airflow/.local/lib/python3.8/site-packages/airflow/example_dags/example_params_trigger_ui.py took 0.267 seconds
[2026-05-17T03:34:07.893+0000] {processor.py:161} INFO - Started process (PID=1837) to work on /home/airflow/.local/lib/python3.8/site-packages/airflow/example_dags/example_params_trigger_ui.py
[2026-05-17T03:34:07.895+0000] {processor.py:830} INFO - Processing file /home/airflow/.local/lib/python3.8/site-packages/airflow/example_dags/example_params_trigger_ui.py for tasks to queue
[2026-05-17T03:34:07.897+0000] {logging_mixin.py:188} INFO - [2026-05-17T03:34:07.897+0000] {dagbag.py:538} INFO - Filling up the DagBag from /home/airflow/.local/lib/python3.8/site-packages/airflow/example_dags/example_params_trigger_ui.py
[2026-05-17T03:34:07.918+0000] {processor.py:840} INFO - DAG(s) 'example_params_trigger_ui' retrieved from /home/airflow/.local/lib/python3.8/site-packages/airflow/example_dags/example_params_trigger_ui.py
[2026-05-17T03:34:08.045+0000] {logging_mixin.py:188} INFO - [2026-05-17T03:34:08.045+0000] {dag.py:3036} INFO - Sync 1 DAGs
[2026-05-17T03:34:08.071+0000] {logging_mixin.py:188} INFO - [2026-05-17T03:34:08.071+0000] {dag.py:3823} INFO - Setting next_dagrun for example_params_trigger_ui to None, run_after=None
[2026-05-17T03:34:08.107+0000] {processor.py:183} INFO - Processing /home/airflow/.local/lib/python3.8/site-packages/airflow/example_dags/example_params_trigger_ui.py took 0.219 seconds
[2026-05-17T03:34:39.081+0000] {processor.py:161} INFO - Started process (PID=1902) to work on /home/airflow/.local/lib/python3.8/site-packages/airflow/example_dags/example_params_trigger_ui.py
[2026-05-17T03:34:39.083+0000] {processor.py:830} INFO - Processing file /home/airflow/.local/lib/python3.8/site-packages/airflow/example_dags/example_params_trigger_ui.py for tasks to queue
[2026-05-17T03:34:39.086+0000] {logging_mixin.py:188} INFO - [2026-05-17T03:34:39.086+0000] {dagbag.py:538} INFO - Filling up the DagBag from /home/airflow/.local/lib/python3.8/site-packages/airflow/example_dags/example_params_trigger_ui.py
[2026-05-17T03:34:39.111+0000] {processor.py:840} INFO - DAG(s) 'example_params_trigger_ui' retrieved from /home/airflow/.local/lib/python3.8/site-packages/airflow/example_dags/example_params_trigger_ui.py
[2026-05-17T03:34:39.237+0000] {logging_mixin.py:188} INFO - [2026-05-17T03:34:39.237+0000] {dag.py:3036} INFO - Sync 1 DAGs
[2026-05-17T03:34:39.258+0000] {logging_mixin.py:188} INFO - [2026-05-17T03:34:39.258+0000] {dag.py:3823} INFO - Setting next_dagrun for example_params_trigger_ui to None, run_after=None
[2026-05-17T03:34:39.288+0000] {processor.py:183} INFO - Processing /home/airflow/.local/lib/python3.8/site-packages/airflow/example_dags/example_params_trigger_ui.py took 0.212 seconds
[2026-05-17T03:35:09.519+0000] {processor.py:161} INFO - Started process (PID=1967) to work on /home/airflow/.local/lib/python3.8/site-packages/airflow/example_dags/example_params_trigger_ui.py
[2026-05-17T03:35:09.520+0000] {processor.py:830} INFO - Processing file /home/airflow/.local/lib/python3.8/site-packages/airflow/example_dags/example_params_trigger_ui.py for tasks to queue
[2026-05-17T03:35:09.523+0000] {logging_mixin.py:188} INFO - [2026-05-17T03:35:09.522+0000] {dagbag.py:538} INFO - Filling up the DagBag from /home/airflow/.local/lib/python3.8/site-packages/airflow/example_dags/example_params_trigger_ui.py
[2026-05-17T03:35:09.543+0000] {processor.py:840} INFO - DAG(s) 'example_params_trigger_ui' retrieved from /home/airflow/.local/lib/python3.8/site-packages/airflow/example_dags/example_params_trigger_ui.py
[2026-05-17T03:35:09.640+0000] {logging_mixin.py:188} INFO - [2026-05-17T03:35:09.639+0000] {dag.py:3036} INFO - Sync 1 DAGs
[2026-05-17T03:35:09.662+0000] {logging_mixin.py:188} INFO - [2026-05-17T03:35:09.662+0000] {dag.py:3823} INFO - Setting next_dagrun for example_params_trigger_ui to None, run_after=None
[2026-05-17T03:35:09.697+0000] {processor.py:183} INFO - Processing /home/airflow/.local/lib/python3.8/site-packages/airflow/example_dags/example_params_trigger_ui.py took 0.183 seconds
[2026-05-17T03:35:40.030+0000] {processor.py:161} INFO - Started process (PID=2033) to work on /home/airflow/.local/lib/python3.8/site-packages/airflow/example_dags/example_params_trigger_ui.py
[2026-05-17T03:35:40.032+0000] {processor.py:830} INFO - Processing file /home/airflow/.local/lib/python3.8/site-packages/airflow/example_dags/example_params_trigger_ui.py for tasks to queue
[2026-05-17T03:35:40.035+0000] {logging_mixin.py:188} INFO - [2026-05-17T03:35:40.034+0000] {dagbag.py:538} INFO - Filling up the DagBag from /home/airflow/.local/lib/python3.8/site-packages/airflow/example_dags/example_params_trigger_ui.py
[2026-05-17T03:35:40.057+0000] {processor.py:840} INFO - DAG(s) 'example_params_trigger_ui' retrieved from /home/airflow/.local/lib/python3.8/site-packages/airflow/example_dags/example_params_trigger_ui.py
[2026-05-17T03:35:40.174+0000] {logging_mixin.py:188} INFO - [2026-05-17T03:35:40.174+0000] {dag.py:3036} INFO - Sync 1 DAGs
[2026-05-17T03:35:40.194+0000] {logging_mixin.py:188} INFO - [2026-05-17T03:35:40.194+0000] {dag.py:3823} INFO - Setting next_dagrun for example_params_trigger_ui to None, run_after=None
[2026-05-17T03:35:40.226+0000] {processor.py:183} INFO - Processing /home/airflow/.local/lib/python3.8/site-packages/airflow/example_dags/example_params_trigger_ui.py took 0.201 seconds
[2026-05-17T03:36:10.742+0000] {processor.py:161} INFO - Started process (PID=2098) to work on /home/airflow/.local/lib/python3.8/site-packages/airflow/example_dags/example_params_trigger_ui.py
[2026-05-17T03:36:10.743+0000] {processor.py:830} INFO - Processing file /home/airflow/.local/lib/python3.8/site-packages/airflow/example_dags/example_params_trigger_ui.py for tasks to queue
[2026-05-17T03:36:10.747+0000] {logging_mixin.py:188} INFO - [2026-05-17T03:36:10.746+0000] {dagbag.py:538} INFO - Filling up the DagBag from /home/airflow/.local/lib/python3.8/site-packages/airflow/example_dags/example_params_trigger_ui.py
[2026-05-17T03:36:10.768+0000] {processor.py:840} INFO - DAG(s) 'example_params_trigger_ui' retrieved from /home/airflow/.local/lib/python3.8/site-packages/airflow/example_dags/example_params_trigger_ui.py
[2026-05-17T03:36:10.864+0000] {logging_mixin.py:188} INFO - [2026-05-17T03:36:10.864+0000] {dag.py:3036} INFO - Sync 1 DAGs
[2026-05-17T03:36:10.884+0000] {logging_mixin.py:188} INFO - [2026-05-17T03:36:10.884+0000] {dag.py:3823} INFO - Setting next_dagrun for example_params_trigger_ui to None, run_after=None
[2026-05-17T03:36:10.918+0000] {processor.py:183} INFO - Processing /home/airflow/.local/lib/python3.8/site-packages/airflow/example_dags/example_params_trigger_ui.py took 0.180 seconds
[2026-05-17T03:36:41.554+0000] {processor.py:161} INFO - Started process (PID=2164) to work on /home/airflow/.local/lib/python3.8/site-packages/airflow/example_dags/example_params_trigger_ui.py
[2026-05-17T03:36:41.556+0000] {processor.py:830} INFO - Processing file /home/airflow/.local/lib/python3.8/site-packages/airflow/example_dags/example_params_trigger_ui.py for tasks to queue
[2026-05-17T03:36:41.559+0000] {logging_mixin.py:188} INFO - [2026-05-17T03:36:41.558+0000] {dagbag.py:538} INFO - Filling up the DagBag from /home/airflow/.local/lib/python3.8/site-packages/airflow/example_dags/example_params_trigger_ui.py
[2026-05-17T03:36:41.580+0000] {processor.py:840} INFO - DAG(s) 'example_params_trigger_ui' retrieved from /home/airflow/.local/lib/python3.8/site-packages/airflow/example_dags/example_params_trigger_ui.py
[2026-05-17T03:36:41.674+0000] {logging_mixin.py:188} INFO - [2026-05-17T03:36:41.674+0000] {dag.py:3036} INFO - Sync 1 DAGs
[2026-05-17T03:36:41.693+0000] {logging_mixin.py:188} INFO - [2026-05-17T03:36:41.693+0000] {dag.py:3823} INFO - Setting next_dagrun for example_params_trigger_ui to None, run_after=None
[2026-05-17T03:36:41.722+0000] {processor.py:183} INFO - Processing /home/airflow/.local/lib/python3.8/site-packages/airflow/example_dags/example_params_trigger_ui.py took 0.173 seconds
[2026-05-17T03:37:12.349+0000] {processor.py:161} INFO - Started process (PID=2230) to work on /home/airflow/.local/lib/python3.8/site-packages/airflow/example_dags/example_params_trigger_ui.py
[2026-05-17T03:37:12.351+0000] {processor.py:830} INFO - Processing file /home/airflow/.local/lib/python3.8/site-packages/airflow/example_dags/example_params_trigger_ui.py for tasks to queue
[2026-05-17T03:37:12.353+0000] {logging_mixin.py:188} INFO - [2026-05-17T03:37:12.353+0000] {dagbag.py:538} INFO - Filling up the DagBag from /home/airflow/.local/lib/python3.8/site-packages/airflow/example_dags/example_params_trigger_ui.py
[2026-05-17T03:37:12.376+0000] {processor.py:840} INFO - DAG(s) 'example_params_trigger_ui' retrieved from /home/airflow/.local/lib/python3.8/site-packages/airflow/example_dags/example_params_trigger_ui.py
[2026-05-17T03:37:12.500+0000] {logging_mixin.py:188} INFO - [2026-05-17T03:37:12.500+0000] {dag.py:3036} INFO - Sync 1 DAGs
[2026-05-17T03:37:12.525+0000] {logging_mixin.py:188} INFO - [2026-05-17T03:37:12.524+0000] {dag.py:3823} INFO - Setting next_dagrun for example_params_trigger_ui to None, run_after=None
[2026-05-17T03:37:12.557+0000] {processor.py:183} INFO - Processing /home/airflow/.local/lib/python3.8/site-packages/airflow/example_dags/example_params_trigger_ui.py took 0.214 seconds
[2026-05-17T03:37:43.298+0000] {processor.py:161} INFO - Started process (PID=2303) to work on /home/airflow/.local/lib/python3.8/site-packages/airflow/example_dags/example_params_trigger_ui.py
[2026-05-17T03:37:43.300+0000] {processor.py:830} INFO - Processing file /home/airflow/.local/lib/python3.8/site-packages/airflow/example_dags/example_params_trigger_ui.py for tasks to queue
[2026-05-17T03:37:43.303+0000] {logging_mixin.py:188} INFO - [2026-05-17T03:37:43.303+0000] {dagbag.py:538} INFO - Filling up the DagBag from /home/airflow/.local/lib/python3.8/site-packages/airflow/example_dags/example_params_trigger_ui.py
[2026-05-17T03:37:43.325+0000] {processor.py:840} INFO - DAG(s) 'example_params_trigger_ui' retrieved from /home/airflow/.local/lib/python3.8/site-packages/airflow/example_dags/example_params_trigger_ui.py
[2026-05-17T03:37:43.422+0000] {logging_mixin.py:188} INFO - [2026-05-17T03:37:43.422+0000] {dag.py:3036} INFO - Sync 1 DAGs
[2026-05-17T03:37:43.443+0000] {logging_mixin.py:188} INFO - [2026-05-17T03:37:43.443+0000] {dag.py:3823} INFO - Setting next_dagrun for example_params_trigger_ui to None, run_after=None
[2026-05-17T03:37:43.473+0000] {processor.py:183} INFO - Processing /home/airflow/.local/lib/python3.8/site-packages/airflow/example_dags/example_params_trigger_ui.py took 0.180 seconds
[2026-05-17T03:38:13.575+0000] {processor.py:161} INFO - Started process (PID=2370) to work on /home/airflow/.local/lib/python3.8/site-packages/airflow/example_dags/example_params_trigger_ui.py
[2026-05-17T03:38:13.578+0000] {processor.py:830} INFO - Processing file /home/airflow/.local/lib/python3.8/site-packages/airflow/example_dags/example_params_trigger_ui.py for tasks to queue
[2026-05-17T03:38:13.580+0000] {logging_mixin.py:188} INFO - [2026-05-17T03:38:13.580+0000] {dagbag.py:538} INFO - Filling up the DagBag from /home/airflow/.local/lib/python3.8/site-packages/airflow/example_dags/example_params_trigger_ui.py
[2026-05-17T03:38:13.605+0000] {processor.py:840} INFO - DAG(s) 'example_params_trigger_ui' retrieved from /home/airflow/.local/lib/python3.8/site-packages/airflow/example_dags/example_params_trigger_ui.py
[2026-05-17T03:38:13.708+0000] {logging_mixin.py:188} INFO - [2026-05-17T03:38:13.707+0000] {dag.py:3036} INFO - Sync 1 DAGs
[2026-05-17T03:38:13.734+0000] {logging_mixin.py:188} INFO - [2026-05-17T03:38:13.734+0000] {dag.py:3823} INFO - Setting next_dagrun for example_params_trigger_ui to None, run_after=None
[2026-05-17T03:38:13.769+0000] {processor.py:183} INFO - Processing /home/airflow/.local/lib/python3.8/site-packages/airflow/example_dags/example_params_trigger_ui.py took 0.202 seconds
[2026-05-17T03:38:44.023+0000] {processor.py:161} INFO - Started process (PID=2434) to work on /home/airflow/.local/lib/python3.8/site-packages/airflow/example_dags/example_params_trigger_ui.py
[2026-05-17T03:38:44.025+0000] {processor.py:830} INFO - Processing file /home/airflow/.local/lib/python3.8/site-packages/airflow/example_dags/example_params_trigger_ui.py for tasks to queue
[2026-05-17T03:38:44.028+0000] {logging_mixin.py:188} INFO - [2026-05-17T03:38:44.027+0000] {dagbag.py:538} INFO - Filling up the DagBag from /home/airflow/.local/lib/python3.8/site-packages/airflow/example_dags/example_params_trigger_ui.py
[2026-05-17T03:38:44.048+0000] {processor.py:840} INFO - DAG(s) 'example_params_trigger_ui' retrieved from /home/airflow/.local/lib/python3.8/site-packages/airflow/example_dags/example_params_trigger_ui.py
[2026-05-17T03:38:44.150+0000] {logging_mixin.py:188} INFO - [2026-05-17T03:38:44.150+0000] {dag.py:3036} INFO - Sync 1 DAGs
[2026-05-17T03:38:44.173+0000] {logging_mixin.py:188} INFO - [2026-05-17T03:38:44.172+0000] {dag.py:3823} INFO - Setting next_dagrun for example_params_trigger_ui to None, run_after=None
[2026-05-17T03:38:44.209+0000] {processor.py:183} INFO - Processing /home/airflow/.local/lib/python3.8/site-packages/airflow/example_dags/example_params_trigger_ui.py took 0.192 seconds
[2026-05-17T03:39:14.633+0000] {processor.py:161} INFO - Started process (PID=2501) to work on /home/airflow/.local/lib/python3.8/site-packages/airflow/example_dags/example_params_trigger_ui.py
[2026-05-17T03:39:14.635+0000] {processor.py:830} INFO - Processing file /home/airflow/.local/lib/python3.8/site-packages/airflow/example_dags/example_params_trigger_ui.py for tasks to queue
[2026-05-17T03:39:14.638+0000] {logging_mixin.py:188} INFO - [2026-05-17T03:39:14.637+0000] {dagbag.py:538} INFO - Filling up the DagBag from /home/airflow/.local/lib/python3.8/site-packages/airflow/example_dags/example_params_trigger_ui.py
[2026-05-17T03:39:14.662+0000] {processor.py:840} INFO - DAG(s) 'example_params_trigger_ui' retrieved from /home/airflow/.local/lib/python3.8/site-packages/airflow/example_dags/example_params_trigger_ui.py
[2026-05-17T03:39:14.758+0000] {logging_mixin.py:188} INFO - [2026-05-17T03:39:14.758+0000] {dag.py:3036} INFO - Sync 1 DAGs
[2026-05-17T03:39:14.782+0000] {logging_mixin.py:188} INFO - [2026-05-17T03:39:14.782+0000] {dag.py:3823} INFO - Setting next_dagrun for example_params_trigger_ui to None, run_after=None
[2026-05-17T03:39:14.816+0000] {processor.py:183} INFO - Processing /home/airflow/.local/lib/python3.8/site-packages/airflow/example_dags/example_params_trigger_ui.py took 0.188 seconds
[2026-05-17T03:39:45.196+0000] {processor.py:161} INFO - Started process (PID=2567) to work on /home/airflow/.local/lib/python3.8/site-packages/airflow/example_dags/example_params_trigger_ui.py
[2026-05-17T03:39:45.198+0000] {processor.py:830} INFO - Processing file /home/airflow/.local/lib/python3.8/site-packages/airflow/example_dags/example_params_trigger_ui.py for tasks to queue
[2026-05-17T03:39:45.201+0000] {logging_mixin.py:188} INFO - [2026-05-17T03:39:45.200+0000] {dagbag.py:538} INFO - Filling up the DagBag from /home/airflow/.local/lib/python3.8/site-packages/airflow/example_dags/example_params_trigger_ui.py
[2026-05-17T03:39:45.222+0000] {processor.py:840} INFO - DAG(s) 'example_params_trigger_ui' retrieved from /home/airflow/.local/lib/python3.8/site-packages/airflow/example_dags/example_params_trigger_ui.py
[2026-05-17T03:39:45.322+0000] {logging_mixin.py:188} INFO - [2026-05-17T03:39:45.321+0000] {dag.py:3036} INFO - Sync 1 DAGs
[2026-05-17T03:39:45.341+0000] {logging_mixin.py:188} INFO - [2026-05-17T03:39:45.341+0000] {dag.py:3823} INFO - Setting next_dagrun for example_params_trigger_ui to None, run_after=None
[2026-05-17T03:39:45.373+0000] {processor.py:183} INFO - Processing /home/airflow/.local/lib/python3.8/site-packages/airflow/example_dags/example_params_trigger_ui.py took 0.182 seconds
[2026-05-17T03:40:15.532+0000] {processor.py:161} INFO - Started process (PID=2638) to work on /home/airflow/.local/lib/python3.8/site-packages/airflow/example_dags/example_params_trigger_ui.py
[2026-05-17T03:40:15.534+0000] {processor.py:830} INFO - Processing file /home/airflow/.local/lib/python3.8/site-packages/airflow/example_dags/example_params_trigger_ui.py for tasks to queue
[2026-05-17T03:40:15.536+0000] {logging_mixin.py:188} INFO - [2026-05-17T03:40:15.536+0000] {dagbag.py:538} INFO - Filling up the DagBag from /home/airflow/.local/lib/python3.8/site-packages/airflow/example_dags/example_params_trigger_ui.py
[2026-05-17T03:40:15.565+0000] {processor.py:840} INFO - DAG(s) 'example_params_trigger_ui' retrieved from /home/airflow/.local/lib/python3.8/site-packages/airflow/example_dags/example_params_trigger_ui.py
[2026-05-17T03:40:15.668+0000] {logging_mixin.py:188} INFO - [2026-05-17T03:40:15.667+0000] {dag.py:3036} INFO - Sync 1 DAGs
[2026-05-17T03:40:15.690+0000] {logging_mixin.py:188} INFO - [2026-05-17T03:40:15.689+0000] {dag.py:3823} INFO - Setting next_dagrun for example_params_trigger_ui to None, run_after=None
[2026-05-17T03:40:15.723+0000] {processor.py:183} INFO - Processing /home/airflow/.local/lib/python3.8/site-packages/airflow/example_dags/example_params_trigger_ui.py took 0.197 seconds
[2026-05-17T03:40:45.826+0000] {processor.py:161} INFO - Started process (PID=2715) to work on /home/airflow/.local/lib/python3.8/site-packages/airflow/example_dags/example_params_trigger_ui.py
[2026-05-17T03:40:45.828+0000] {processor.py:830} INFO - Processing file /home/airflow/.local/lib/python3.8/site-packages/airflow/example_dags/example_params_trigger_ui.py for tasks to queue
[2026-05-17T03:40:45.831+0000] {logging_mixin.py:188} INFO - [2026-05-17T03:40:45.830+0000] {dagbag.py:538} INFO - Filling up the DagBag from /home/airflow/.local/lib/python3.8/site-packages/airflow/example_dags/example_params_trigger_ui.py
[2026-05-17T03:40:45.853+0000] {processor.py:840} INFO - DAG(s) 'example_params_trigger_ui' retrieved from /home/airflow/.local/lib/python3.8/site-packages/airflow/example_dags/example_params_trigger_ui.py
[2026-05-17T03:40:45.969+0000] {logging_mixin.py:188} INFO - [2026-05-17T03:40:45.968+0000] {dag.py:3036} INFO - Sync 1 DAGs
[2026-05-17T03:40:45.991+0000] {logging_mixin.py:188} INFO - [2026-05-17T03:40:45.991+0000] {dag.py:3823} INFO - Setting next_dagrun for example_params_trigger_ui to None, run_after=None
[2026-05-17T03:40:46.023+0000] {processor.py:183} INFO - Processing /home/airflow/.local/lib/python3.8/site-packages/airflow/example_dags/example_params_trigger_ui.py took 0.202 seconds
[2026-05-17T03:41:16.158+0000] {processor.py:161} INFO - Started process (PID=2781) to work on /home/airflow/.local/lib/python3.8/site-packages/airflow/example_dags/example_params_trigger_ui.py
[2026-05-17T03:41:16.159+0000] {processor.py:830} INFO - Processing file /home/airflow/.local/lib/python3.8/site-packages/airflow/example_dags/example_params_trigger_ui.py for tasks to queue
[2026-05-17T03:41:16.162+0000] {logging_mixin.py:188} INFO - [2026-05-17T03:41:16.161+0000] {dagbag.py:538} INFO - Filling up the DagBag from /home/airflow/.local/lib/python3.8/site-packages/airflow/example_dags/example_params_trigger_ui.py
[2026-05-17T03:41:16.186+0000] {processor.py:840} INFO - DAG(s) 'example_params_trigger_ui' retrieved from /home/airflow/.local/lib/python3.8/site-packages/airflow/example_dags/example_params_trigger_ui.py
[2026-05-17T03:41:16.287+0000] {logging_mixin.py:188} INFO - [2026-05-17T03:41:16.287+0000] {dag.py:3036} INFO - Sync 1 DAGs
[2026-05-17T03:41:16.309+0000] {logging_mixin.py:188} INFO - [2026-05-17T03:41:16.308+0000] {dag.py:3823} INFO - Setting next_dagrun for example_params_trigger_ui to None, run_after=None
[2026-05-17T03:41:16.340+0000] {processor.py:183} INFO - Processing /home/airflow/.local/lib/python3.8/site-packages/airflow/example_dags/example_params_trigger_ui.py took 0.187 seconds
[2026-05-17T03:41:46.433+0000] {processor.py:161} INFO - Started process (PID=2848) to work on /home/airflow/.local/lib/python3.8/site-packages/airflow/example_dags/example_params_trigger_ui.py
[2026-05-17T03:41:46.434+0000] {processor.py:830} INFO - Processing file /home/airflow/.local/lib/python3.8/site-packages/airflow/example_dags/example_params_trigger_ui.py for tasks to queue
[2026-05-17T03:41:46.437+0000] {logging_mixin.py:188} INFO - [2026-05-17T03:41:46.437+0000] {dagbag.py:538} INFO - Filling up the DagBag from /home/airflow/.local/lib/python3.8/site-packages/airflow/example_dags/example_params_trigger_ui.py
[2026-05-17T03:41:46.458+0000] {processor.py:840} INFO - DAG(s) 'example_params_trigger_ui' retrieved from /home/airflow/.local/lib/python3.8/site-packages/airflow/example_dags/example_params_trigger_ui.py
[2026-05-17T03:41:46.553+0000] {logging_mixin.py:188} INFO - [2026-05-17T03:41:46.553+0000] {dag.py:3036} INFO - Sync 1 DAGs
[2026-05-17T03:41:46.573+0000] {logging_mixin.py:188} INFO - [2026-05-17T03:41:46.572+0000] {dag.py:3823} INFO - Setting next_dagrun for example_params_trigger_ui to None, run_after=None
[2026-05-17T03:41:46.599+0000] {processor.py:183} INFO - Processing /home/airflow/.local/lib/python3.8/site-packages/airflow/example_dags/example_params_trigger_ui.py took 0.172 seconds
[2026-05-17T03:42:16.746+0000] {processor.py:161} INFO - Started process (PID=2915) to work on /home/airflow/.local/lib/python3.8/site-packages/airflow/example_dags/example_params_trigger_ui.py
[2026-05-17T03:42:16.747+0000] {processor.py:830} INFO - Processing file /home/airflow/.local/lib/python3.8/site-packages/airflow/example_dags/example_params_trigger_ui.py for tasks to queue
[2026-05-17T03:42:16.749+0000] {logging_mixin.py:188} INFO - [2026-05-17T03:42:16.749+0000] {dagbag.py:538} INFO - Filling up the DagBag from /home/airflow/.local/lib/python3.8/site-packages/airflow/example_dags/example_params_trigger_ui.py
[2026-05-17T03:42:16.769+0000] {processor.py:840} INFO - DAG(s) 'example_params_trigger_ui' retrieved from /home/airflow/.local/lib/python3.8/site-packages/airflow/example_dags/example_params_trigger_ui.py
[2026-05-17T03:42:16.862+0000] {logging_mixin.py:188} INFO - [2026-05-17T03:42:16.861+0000] {dag.py:3036} INFO - Sync 1 DAGs
[2026-05-17T03:42:16.882+0000] {logging_mixin.py:188} INFO - [2026-05-17T03:42:16.882+0000] {dag.py:3823} INFO - Setting next_dagrun for example_params_trigger_ui to None, run_after=None
[2026-05-17T03:42:16.910+0000] {processor.py:183} INFO - Processing /home/airflow/.local/lib/python3.8/site-packages/airflow/example_dags/example_params_trigger_ui.py took 0.169 seconds
[2026-05-17T03:42:47.204+0000] {processor.py:161} INFO - Started process (PID=2989) to work on /home/airflow/.local/lib/python3.8/site-packages/airflow/example_dags/example_params_trigger_ui.py
[2026-05-17T03:42:47.206+0000] {processor.py:830} INFO - Processing file /home/airflow/.local/lib/python3.8/site-packages/airflow/example_dags/example_params_trigger_ui.py for tasks to queue
[2026-05-17T03:42:47.209+0000] {logging_mixin.py:188} INFO - [2026-05-17T03:42:47.209+0000] {dagbag.py:538} INFO - Filling up the DagBag from /home/airflow/.local/lib/python3.8/site-packages/airflow/example_dags/example_params_trigger_ui.py
[2026-05-17T03:42:47.234+0000] {processor.py:840} INFO - DAG(s) 'example_params_trigger_ui' retrieved from /home/airflow/.local/lib/python3.8/site-packages/airflow/example_dags/example_params_trigger_ui.py
[2026-05-17T03:42:47.349+0000] {logging_mixin.py:188} INFO - [2026-05-17T03:42:47.349+0000] {dag.py:3036} INFO - Sync 1 DAGs
[2026-05-17T03:42:47.374+0000] {logging_mixin.py:188} INFO - [2026-05-17T03:42:47.374+0000] {dag.py:3823} INFO - Setting next_dagrun for example_params_trigger_ui to None, run_after=None
[2026-05-17T03:42:47.412+0000] {processor.py:183} INFO - Processing /home/airflow/.local/lib/python3.8/site-packages/airflow/example_dags/example_params_trigger_ui.py took 0.213 seconds
[2026-05-17T03:43:17.540+0000] {processor.py:161} INFO - Started process (PID=3055) to work on /home/airflow/.local/lib/python3.8/site-packages/airflow/example_dags/example_params_trigger_ui.py
[2026-05-17T03:43:17.541+0000] {processor.py:830} INFO - Processing file /home/airflow/.local/lib/python3.8/site-packages/airflow/example_dags/example_params_trigger_ui.py for tasks to queue
[2026-05-17T03:43:17.544+0000] {logging_mixin.py:188} INFO - [2026-05-17T03:43:17.544+0000] {dagbag.py:538} INFO - Filling up the DagBag from /home/airflow/.local/lib/python3.8/site-packages/airflow/example_dags/example_params_trigger_ui.py
[2026-05-17T03:43:17.570+0000] {processor.py:840} INFO - DAG(s) 'example_params_trigger_ui' retrieved from /home/airflow/.local/lib/python3.8/site-packages/airflow/example_dags/example_params_trigger_ui.py
[2026-05-17T03:43:17.693+0000] {logging_mixin.py:188} INFO - [2026-05-17T03:43:17.692+0000] {dag.py:3036} INFO - Sync 1 DAGs
[2026-05-17T03:43:17.719+0000] {logging_mixin.py:188} INFO - [2026-05-17T03:43:17.719+0000] {dag.py:3823} INFO - Setting next_dagrun for example_params_trigger_ui to None, run_after=None
[2026-05-17T03:43:17.961+0000] {processor.py:183} INFO - Processing /home/airflow/.local/lib/python3.8/site-packages/airflow/example_dags/example_params_trigger_ui.py took 0.428 seconds
[2026-05-17T03:43:48.767+0000] {processor.py:161} INFO - Started process (PID=3122) to work on /home/airflow/.local/lib/python3.8/site-packages/airflow/example_dags/example_params_trigger_ui.py
[2026-05-17T03:43:48.769+0000] {processor.py:830} INFO - Processing file /home/airflow/.local/lib/python3.8/site-packages/airflow/example_dags/example_params_trigger_ui.py for tasks to queue
[2026-05-17T03:43:48.773+0000] {logging_mixin.py:188} INFO - [2026-05-17T03:43:48.772+0000] {dagbag.py:538} INFO - Filling up the DagBag from /home/airflow/.local/lib/python3.8/site-packages/airflow/example_dags/example_params_trigger_ui.py
[2026-05-17T03:43:48.799+0000] {processor.py:840} INFO - DAG(s) 'example_params_trigger_ui' retrieved from /home/airflow/.local/lib/python3.8/site-packages/airflow/example_dags/example_params_trigger_ui.py
[2026-05-17T03:43:48.933+0000] {logging_mixin.py:188} INFO - [2026-05-17T03:43:48.933+0000] {dag.py:3036} INFO - Sync 1 DAGs
[2026-05-17T03:43:48.959+0000] {logging_mixin.py:188} INFO - [2026-05-17T03:43:48.959+0000] {dag.py:3823} INFO - Setting next_dagrun for example_params_trigger_ui to None, run_after=None
[2026-05-17T03:43:48.996+0000] {processor.py:183} INFO - Processing /home/airflow/.local/lib/python3.8/site-packages/airflow/example_dags/example_params_trigger_ui.py took 0.235 seconds
[2026-05-17T03:44:19.146+0000] {processor.py:161} INFO - Started process (PID=3188) to work on /home/airflow/.local/lib/python3.8/site-packages/airflow/example_dags/example_params_trigger_ui.py
[2026-05-17T03:44:19.148+0000] {processor.py:830} INFO - Processing file /home/airflow/.local/lib/python3.8/site-packages/airflow/example_dags/example_params_trigger_ui.py for tasks to queue
[2026-05-17T03:44:19.151+0000] {logging_mixin.py:188} INFO - [2026-05-17T03:44:19.150+0000] {dagbag.py:538} INFO - Filling up the DagBag from /home/airflow/.local/lib/python3.8/site-packages/airflow/example_dags/example_params_trigger_ui.py
[2026-05-17T03:44:19.179+0000] {processor.py:840} INFO - DAG(s) 'example_params_trigger_ui' retrieved from /home/airflow/.local/lib/python3.8/site-packages/airflow/example_dags/example_params_trigger_ui.py
[2026-05-17T03:44:19.336+0000] {logging_mixin.py:188} INFO - [2026-05-17T03:44:19.336+0000] {dag.py:3036} INFO - Sync 1 DAGs
[2026-05-17T03:44:19.372+0000] {logging_mixin.py:188} INFO - [2026-05-17T03:44:19.371+0000] {dag.py:3823} INFO - Setting next_dagrun for example_params_trigger_ui to None, run_after=None
[2026-05-17T03:44:19.429+0000] {processor.py:183} INFO - Processing /home/airflow/.local/lib/python3.8/site-packages/airflow/example_dags/example_params_trigger_ui.py took 0.289 seconds
[2026-05-17T03:44:49.672+0000] {processor.py:161} INFO - Started process (PID=3255) to work on /home/airflow/.local/lib/python3.8/site-packages/airflow/example_dags/example_params_trigger_ui.py
[2026-05-17T03:44:49.674+0000] {processor.py:830} INFO - Processing file /home/airflow/.local/lib/python3.8/site-packages/airflow/example_dags/example_params_trigger_ui.py for tasks to queue
[2026-05-17T03:44:49.677+0000] {logging_mixin.py:188} INFO - [2026-05-17T03:44:49.676+0000] {dagbag.py:538} INFO - Filling up the DagBag from /home/airflow/.local/lib/python3.8/site-packages/airflow/example_dags/example_params_trigger_ui.py
[2026-05-17T03:44:49.704+0000] {processor.py:840} INFO - DAG(s) 'example_params_trigger_ui' retrieved from /home/airflow/.local/lib/python3.8/site-packages/airflow/example_dags/example_params_trigger_ui.py
[2026-05-17T03:44:49.820+0000] {logging_mixin.py:188} INFO - [2026-05-17T03:44:49.820+0000] {dag.py:3036} INFO - Sync 1 DAGs
[2026-05-17T03:44:49.841+0000] {logging_mixin.py:188} INFO - [2026-05-17T03:44:49.841+0000] {dag.py:3823} INFO - Setting next_dagrun for example_params_trigger_ui to None, run_after=None
[2026-05-17T03:44:49.873+0000] {processor.py:183} INFO - Processing /home/airflow/.local/lib/python3.8/site-packages/airflow/example_dags/example_params_trigger_ui.py took 0.208 seconds
[2026-05-17T03:45:20.591+0000] {processor.py:161} INFO - Started process (PID=3320) to work on /home/airflow/.local/lib/python3.8/site-packages/airflow/example_dags/example_params_trigger_ui.py
[2026-05-17T03:45:20.593+0000] {processor.py:830} INFO - Processing file /home/airflow/.local/lib/python3.8/site-packages/airflow/example_dags/example_params_trigger_ui.py for tasks to queue
[2026-05-17T03:45:20.596+0000] {logging_mixin.py:188} INFO - [2026-05-17T03:45:20.595+0000] {dagbag.py:538} INFO - Filling up the DagBag from /home/airflow/.local/lib/python3.8/site-packages/airflow/example_dags/example_params_trigger_ui.py
[2026-05-17T03:45:20.617+0000] {processor.py:840} INFO - DAG(s) 'example_params_trigger_ui' retrieved from /home/airflow/.local/lib/python3.8/site-packages/airflow/example_dags/example_params_trigger_ui.py
[2026-05-17T03:45:20.741+0000] {logging_mixin.py:188} INFO - [2026-05-17T03:45:20.741+0000] {dag.py:3036} INFO - Sync 1 DAGs
[2026-05-17T03:45:21.063+0000] {logging_mixin.py:188} INFO - [2026-05-17T03:45:21.062+0000] {dag.py:3823} INFO - Setting next_dagrun for example_params_trigger_ui to None, run_after=None
[2026-05-17T03:45:21.120+0000] {processor.py:183} INFO - Processing /home/airflow/.local/lib/python3.8/site-packages/airflow/example_dags/example_params_trigger_ui.py took 0.534 seconds
[2026-05-17T03:45:51.483+0000] {processor.py:161} INFO - Started process (PID=3386) to work on /home/airflow/.local/lib/python3.8/site-packages/airflow/example_dags/example_params_trigger_ui.py
[2026-05-17T03:45:51.485+0000] {processor.py:830} INFO - Processing file /home/airflow/.local/lib/python3.8/site-packages/airflow/example_dags/example_params_trigger_ui.py for tasks to queue
[2026-05-17T03:45:51.488+0000] {logging_mixin.py:188} INFO - [2026-05-17T03:45:51.487+0000] {dagbag.py:538} INFO - Filling up the DagBag from /home/airflow/.local/lib/python3.8/site-packages/airflow/example_dags/example_params_trigger_ui.py
[2026-05-17T03:45:51.507+0000] {processor.py:840} INFO - DAG(s) 'example_params_trigger_ui' retrieved from /home/airflow/.local/lib/python3.8/site-packages/airflow/example_dags/example_params_trigger_ui.py
[2026-05-17T03:45:51.620+0000] {logging_mixin.py:188} INFO - [2026-05-17T03:45:51.620+0000] {dag.py:3036} INFO - Sync 1 DAGs
[2026-05-17T03:45:51.816+0000] {logging_mixin.py:188} INFO - [2026-05-17T03:45:51.815+0000] {dag.py:3823} INFO - Setting next_dagrun for example_params_trigger_ui to None, run_after=None
[2026-05-17T03:45:51.845+0000] {processor.py:183} INFO - Processing /home/airflow/.local/lib/python3.8/site-packages/airflow/example_dags/example_params_trigger_ui.py took 0.367 seconds
[2026-05-17T03:46:22.403+0000] {processor.py:161} INFO - Started process (PID=3463) to work on /home/airflow/.local/lib/python3.8/site-packages/airflow/example_dags/example_params_trigger_ui.py
[2026-05-17T03:46:22.405+0000] {processor.py:830} INFO - Processing file /home/airflow/.local/lib/python3.8/site-packages/airflow/example_dags/example_params_trigger_ui.py for tasks to queue
[2026-05-17T03:46:22.408+0000] {logging_mixin.py:188} INFO - [2026-05-17T03:46:22.408+0000] {dagbag.py:538} INFO - Filling up the DagBag from /home/airflow/.local/lib/python3.8/site-packages/airflow/example_dags/example_params_trigger_ui.py
[2026-05-17T03:46:22.436+0000] {processor.py:840} INFO - DAG(s) 'example_params_trigger_ui' retrieved from /home/airflow/.local/lib/python3.8/site-packages/airflow/example_dags/example_params_trigger_ui.py
[2026-05-17T03:46:22.558+0000] {logging_mixin.py:188} INFO - [2026-05-17T03:46:22.558+0000] {dag.py:3036} INFO - Sync 1 DAGs
[2026-05-17T03:46:22.581+0000] {logging_mixin.py:188} INFO - [2026-05-17T03:46:22.581+0000] {dag.py:3823} INFO - Setting next_dagrun for example_params_trigger_ui to None, run_after=None
[2026-05-17T03:46:22.621+0000] {processor.py:183} INFO - Processing /home/airflow/.local/lib/python3.8/site-packages/airflow/example_dags/example_params_trigger_ui.py took 0.225 seconds
[2026-05-17T03:46:53.218+0000] {processor.py:161} INFO - Started process (PID=3539) to work on /home/airflow/.local/lib/python3.8/site-packages/airflow/example_dags/example_params_trigger_ui.py
[2026-05-17T03:46:53.220+0000] {processor.py:830} INFO - Processing file /home/airflow/.local/lib/python3.8/site-packages/airflow/example_dags/example_params_trigger_ui.py for tasks to queue
[2026-05-17T03:46:53.223+0000] {logging_mixin.py:188} INFO - [2026-05-17T03:46:53.222+0000] {dagbag.py:538} INFO - Filling up the DagBag from /home/airflow/.local/lib/python3.8/site-packages/airflow/example_dags/example_params_trigger_ui.py
[2026-05-17T03:46:53.246+0000] {processor.py:840} INFO - DAG(s) 'example_params_trigger_ui' retrieved from /home/airflow/.local/lib/python3.8/site-packages/airflow/example_dags/example_params_trigger_ui.py
[2026-05-17T03:46:53.270+0000] {logging_mixin.py:188} INFO - [2026-05-17T03:46:53.269+0000] {dag.py:3036} INFO - Sync 1 DAGs
[2026-05-17T03:46:53.295+0000] {logging_mixin.py:188} INFO - [2026-05-17T03:46:53.295+0000] {dag.py:3823} INFO - Setting next_dagrun for example_params_trigger_ui to None, run_after=None
[2026-05-17T03:46:53.330+0000] {processor.py:183} INFO - Processing /home/airflow/.local/lib/python3.8/site-packages/airflow/example_dags/example_params_trigger_ui.py took 0.119 seconds
[2026-05-17T03:47:23.878+0000] {processor.py:161} INFO - Started process (PID=3605) to work on /home/airflow/.local/lib/python3.8/site-packages/airflow/example_dags/example_params_trigger_ui.py
[2026-05-17T03:47:23.879+0000] {processor.py:830} INFO - Processing file /home/airflow/.local/lib/python3.8/site-packages/airflow/example_dags/example_params_trigger_ui.py for tasks to queue
[2026-05-17T03:47:23.882+0000] {logging_mixin.py:188} INFO - [2026-05-17T03:47:23.882+0000] {dagbag.py:538} INFO - Filling up the DagBag from /home/airflow/.local/lib/python3.8/site-packages/airflow/example_dags/example_params_trigger_ui.py
[2026-05-17T03:47:23.905+0000] {processor.py:840} INFO - DAG(s) 'example_params_trigger_ui' retrieved from /home/airflow/.local/lib/python3.8/site-packages/airflow/example_dags/example_params_trigger_ui.py
[2026-05-17T03:47:24.174+0000] {logging_mixin.py:188} INFO - [2026-05-17T03:47:24.174+0000] {dag.py:3036} INFO - Sync 1 DAGs
[2026-05-17T03:47:24.194+0000] {logging_mixin.py:188} INFO - [2026-05-17T03:47:24.194+0000] {dag.py:3823} INFO - Setting next_dagrun for example_params_trigger_ui to None, run_after=None
[2026-05-17T03:47:24.230+0000] {processor.py:183} INFO - Processing /home/airflow/.local/lib/python3.8/site-packages/airflow/example_dags/example_params_trigger_ui.py took 0.357 seconds
[2026-05-17T03:47:54.394+0000] {processor.py:161} INFO - Started process (PID=3671) to work on /home/airflow/.local/lib/python3.8/site-packages/airflow/example_dags/example_params_trigger_ui.py
[2026-05-17T03:47:54.396+0000] {processor.py:830} INFO - Processing file /home/airflow/.local/lib/python3.8/site-packages/airflow/example_dags/example_params_trigger_ui.py for tasks to queue
[2026-05-17T03:47:54.399+0000] {logging_mixin.py:188} INFO - [2026-05-17T03:47:54.399+0000] {dagbag.py:538} INFO - Filling up the DagBag from /home/airflow/.local/lib/python3.8/site-packages/airflow/example_dags/example_params_trigger_ui.py
[2026-05-17T03:47:54.425+0000] {processor.py:840} INFO - DAG(s) 'example_params_trigger_ui' retrieved from /home/airflow/.local/lib/python3.8/site-packages/airflow/example_dags/example_params_trigger_ui.py
[2026-05-17T03:47:54.549+0000] {logging_mixin.py:188} INFO - [2026-05-17T03:47:54.548+0000] {dag.py:3036} INFO - Sync 1 DAGs
[2026-05-17T03:47:54.576+0000] {logging_mixin.py:188} INFO - [2026-05-17T03:47:54.576+0000] {dag.py:3823} INFO - Setting next_dagrun for example_params_trigger_ui to None, run_after=None
[2026-05-17T03:47:54.616+0000] {processor.py:183} INFO - Processing /home/airflow/.local/lib/python3.8/site-packages/airflow/example_dags/example_params_trigger_ui.py took 0.226 seconds
[2026-05-17T03:48:25.360+0000] {processor.py:161} INFO - Started process (PID=3737) to work on /home/airflow/.local/lib/python3.8/site-packages/airflow/example_dags/example_params_trigger_ui.py
[2026-05-17T03:48:25.361+0000] {processor.py:830} INFO - Processing file /home/airflow/.local/lib/python3.8/site-packages/airflow/example_dags/example_params_trigger_ui.py for tasks to queue
[2026-05-17T03:48:25.365+0000] {logging_mixin.py:188} INFO - [2026-05-17T03:48:25.364+0000] {dagbag.py:538} INFO - Filling up the DagBag from /home/airflow/.local/lib/python3.8/site-packages/airflow/example_dags/example_params_trigger_ui.py
[2026-05-17T03:48:25.386+0000] {processor.py:840} INFO - DAG(s) 'example_params_trigger_ui' retrieved from /home/airflow/.local/lib/python3.8/site-packages/airflow/example_dags/example_params_trigger_ui.py
[2026-05-17T03:48:25.495+0000] {logging_mixin.py:188} INFO - [2026-05-17T03:48:25.495+0000] {dag.py:3036} INFO - Sync 1 DAGs
[2026-05-17T03:48:25.518+0000] {logging_mixin.py:188} INFO - [2026-05-17T03:48:25.517+0000] {dag.py:3823} INFO - Setting next_dagrun for example_params_trigger_ui to None, run_after=None
[2026-05-17T03:48:25.550+0000] {processor.py:183} INFO - Processing /home/airflow/.local/lib/python3.8/site-packages/airflow/example_dags/example_params_trigger_ui.py took 0.196 seconds
[2026-05-17T03:48:56.162+0000] {processor.py:161} INFO - Started process (PID=3803) to work on /home/airflow/.local/lib/python3.8/site-packages/airflow/example_dags/example_params_trigger_ui.py
[2026-05-17T03:48:56.166+0000] {processor.py:830} INFO - Processing file /home/airflow/.local/lib/python3.8/site-packages/airflow/example_dags/example_params_trigger_ui.py for tasks to queue
[2026-05-17T03:48:56.170+0000] {logging_mixin.py:188} INFO - [2026-05-17T03:48:56.169+0000] {dagbag.py:538} INFO - Filling up the DagBag from /home/airflow/.local/lib/python3.8/site-packages/airflow/example_dags/example_params_trigger_ui.py
[2026-05-17T03:48:56.196+0000] {processor.py:840} INFO - DAG(s) 'example_params_trigger_ui' retrieved from /home/airflow/.local/lib/python3.8/site-packages/airflow/example_dags/example_params_trigger_ui.py
[2026-05-17T03:48:56.319+0000] {logging_mixin.py:188} INFO - [2026-05-17T03:48:56.318+0000] {dag.py:3036} INFO - Sync 1 DAGs
[2026-05-17T03:48:56.340+0000] {logging_mixin.py:188} INFO - [2026-05-17T03:48:56.340+0000] {dag.py:3823} INFO - Setting next_dagrun for example_params_trigger_ui to None, run_after=None
[2026-05-17T03:48:56.377+0000] {processor.py:183} INFO - Processing /home/airflow/.local/lib/python3.8/site-packages/airflow/example_dags/example_params_trigger_ui.py took 0.220 seconds
[2026-05-17T03:49:26.737+0000] {processor.py:161} INFO - Started process (PID=3869) to work on /home/airflow/.local/lib/python3.8/site-packages/airflow/example_dags/example_params_trigger_ui.py
[2026-05-17T03:49:26.738+0000] {processor.py:830} INFO - Processing file /home/airflow/.local/lib/python3.8/site-packages/airflow/example_dags/example_params_trigger_ui.py for tasks to queue
[2026-05-17T03:49:26.742+0000] {logging_mixin.py:188} INFO - [2026-05-17T03:49:26.741+0000] {dagbag.py:538} INFO - Filling up the DagBag from /home/airflow/.local/lib/python3.8/site-packages/airflow/example_dags/example_params_trigger_ui.py
[2026-05-17T03:49:26.767+0000] {processor.py:840} INFO - DAG(s) 'example_params_trigger_ui' retrieved from /home/airflow/.local/lib/python3.8/site-packages/airflow/example_dags/example_params_trigger_ui.py
[2026-05-17T03:49:26.866+0000] {logging_mixin.py:188} INFO - [2026-05-17T03:49:26.866+0000] {dag.py:3036} INFO - Sync 1 DAGs
[2026-05-17T03:49:26.890+0000] {logging_mixin.py:188} INFO - [2026-05-17T03:49:26.889+0000] {dag.py:3823} INFO - Setting next_dagrun for example_params_trigger_ui to None, run_after=None
[2026-05-17T03:49:26.928+0000] {processor.py:183} INFO - Processing /home/airflow/.local/lib/python3.8/site-packages/airflow/example_dags/example_params_trigger_ui.py took 0.197 seconds
[2026-05-17T03:49:57.177+0000] {processor.py:161} INFO - Started process (PID=3935) to work on /home/airflow/.local/lib/python3.8/site-packages/airflow/example_dags/example_params_trigger_ui.py
[2026-05-17T03:49:57.179+0000] {processor.py:830} INFO - Processing file /home/airflow/.local/lib/python3.8/site-packages/airflow/example_dags/example_params_trigger_ui.py for tasks to queue
[2026-05-17T03:49:57.182+0000] {logging_mixin.py:188} INFO - [2026-05-17T03:49:57.181+0000] {dagbag.py:538} INFO - Filling up the DagBag from /home/airflow/.local/lib/python3.8/site-packages/airflow/example_dags/example_params_trigger_ui.py
[2026-05-17T03:49:57.208+0000] {processor.py:840} INFO - DAG(s) 'example_params_trigger_ui' retrieved from /home/airflow/.local/lib/python3.8/site-packages/airflow/example_dags/example_params_trigger_ui.py
[2026-05-17T03:49:57.326+0000] {logging_mixin.py:188} INFO - [2026-05-17T03:49:57.326+0000] {dag.py:3036} INFO - Sync 1 DAGs
[2026-05-17T03:49:57.349+0000] {logging_mixin.py:188} INFO - [2026-05-17T03:49:57.349+0000] {dag.py:3823} INFO - Setting next_dagrun for example_params_trigger_ui to None, run_after=None
[2026-05-17T03:49:57.377+0000] {processor.py:183} INFO - Processing /home/airflow/.local/lib/python3.8/site-packages/airflow/example_dags/example_params_trigger_ui.py took 0.205 seconds
[2026-05-17T03:50:27.661+0000] {processor.py:161} INFO - Started process (PID=4001) to work on /home/airflow/.local/lib/python3.8/site-packages/airflow/example_dags/example_params_trigger_ui.py
[2026-05-17T03:50:27.662+0000] {processor.py:830} INFO - Processing file /home/airflow/.local/lib/python3.8/site-packages/airflow/example_dags/example_params_trigger_ui.py for tasks to queue
[2026-05-17T03:50:27.665+0000] {logging_mixin.py:188} INFO - [2026-05-17T03:50:27.664+0000] {dagbag.py:538} INFO - Filling up the DagBag from /home/airflow/.local/lib/python3.8/site-packages/airflow/example_dags/example_params_trigger_ui.py
[2026-05-17T03:50:27.687+0000] {processor.py:840} INFO - DAG(s) 'example_params_trigger_ui' retrieved from /home/airflow/.local/lib/python3.8/site-packages/airflow/example_dags/example_params_trigger_ui.py
[2026-05-17T03:50:27.819+0000] {logging_mixin.py:188} INFO - [2026-05-17T03:50:27.818+0000] {dag.py:3036} INFO - Sync 1 DAGs
[2026-05-17T03:50:27.844+0000] {logging_mixin.py:188} INFO - [2026-05-17T03:50:27.844+0000] {dag.py:3823} INFO - Setting next_dagrun for example_params_trigger_ui to None, run_after=None
[2026-05-17T03:50:27.879+0000] {processor.py:183} INFO - Processing /home/airflow/.local/lib/python3.8/site-packages/airflow/example_dags/example_params_trigger_ui.py took 0.224 seconds
[2026-05-17T03:50:58.132+0000] {processor.py:161} INFO - Started process (PID=4075) to work on /home/airflow/.local/lib/python3.8/site-packages/airflow/example_dags/example_params_trigger_ui.py
[2026-05-17T03:50:58.135+0000] {processor.py:830} INFO - Processing file /home/airflow/.local/lib/python3.8/site-packages/airflow/example_dags/example_params_trigger_ui.py for tasks to queue
[2026-05-17T03:50:58.138+0000] {logging_mixin.py:188} INFO - [2026-05-17T03:50:58.138+0000] {dagbag.py:538} INFO - Filling up the DagBag from /home/airflow/.local/lib/python3.8/site-packages/airflow/example_dags/example_params_trigger_ui.py
[2026-05-17T03:50:58.165+0000] {processor.py:840} INFO - DAG(s) 'example_params_trigger_ui' retrieved from /home/airflow/.local/lib/python3.8/site-packages/airflow/example_dags/example_params_trigger_ui.py
[2026-05-17T03:50:58.275+0000] {logging_mixin.py:188} INFO - [2026-05-17T03:50:58.275+0000] {dag.py:3036} INFO - Sync 1 DAGs
[2026-05-17T03:50:58.296+0000] {logging_mixin.py:188} INFO - [2026-05-17T03:50:58.295+0000] {dag.py:3823} INFO - Setting next_dagrun for example_params_trigger_ui to None, run_after=None
[2026-05-17T03:50:58.331+0000] {processor.py:183} INFO - Processing /home/airflow/.local/lib/python3.8/site-packages/airflow/example_dags/example_params_trigger_ui.py took 0.204 seconds
[2026-05-17T03:51:28.386+0000] {processor.py:161} INFO - Started process (PID=4140) to work on /home/airflow/.local/lib/python3.8/site-packages/airflow/example_dags/example_params_trigger_ui.py
[2026-05-17T03:51:28.387+0000] {processor.py:830} INFO - Processing file /home/airflow/.local/lib/python3.8/site-packages/airflow/example_dags/example_params_trigger_ui.py for tasks to queue
[2026-05-17T03:51:28.390+0000] {logging_mixin.py:188} INFO - [2026-05-17T03:51:28.389+0000] {dagbag.py:538} INFO - Filling up the DagBag from /home/airflow/.local/lib/python3.8/site-packages/airflow/example_dags/example_params_trigger_ui.py
[2026-05-17T03:51:28.415+0000] {processor.py:840} INFO - DAG(s) 'example_params_trigger_ui' retrieved from /home/airflow/.local/lib/python3.8/site-packages/airflow/example_dags/example_params_trigger_ui.py
[2026-05-17T03:51:28.517+0000] {logging_mixin.py:188} INFO - [2026-05-17T03:51:28.517+0000] {dag.py:3036} INFO - Sync 1 DAGs
[2026-05-17T03:51:28.540+0000] {logging_mixin.py:188} INFO - [2026-05-17T03:51:28.539+0000] {dag.py:3823} INFO - Setting next_dagrun for example_params_trigger_ui to None, run_after=None
[2026-05-17T03:51:28.571+0000] {processor.py:183} INFO - Processing /home/airflow/.local/lib/python3.8/site-packages/airflow/example_dags/example_params_trigger_ui.py took 0.192 seconds
[2026-05-17T03:51:58.751+0000] {processor.py:161} INFO - Started process (PID=4205) to work on /home/airflow/.local/lib/python3.8/site-packages/airflow/example_dags/example_params_trigger_ui.py
[2026-05-17T03:51:58.754+0000] {processor.py:830} INFO - Processing file /home/airflow/.local/lib/python3.8/site-packages/airflow/example_dags/example_params_trigger_ui.py for tasks to queue
[2026-05-17T03:51:58.757+0000] {logging_mixin.py:188} INFO - [2026-05-17T03:51:58.757+0000] {dagbag.py:538} INFO - Filling up the DagBag from /home/airflow/.local/lib/python3.8/site-packages/airflow/example_dags/example_params_trigger_ui.py
[2026-05-17T03:51:58.785+0000] {processor.py:840} INFO - DAG(s) 'example_params_trigger_ui' retrieved from /home/airflow/.local/lib/python3.8/site-packages/airflow/example_dags/example_params_trigger_ui.py
[2026-05-17T03:51:58.914+0000] {logging_mixin.py:188} INFO - [2026-05-17T03:51:58.914+0000] {dag.py:3036} INFO - Sync 1 DAGs
[2026-05-17T03:51:58.941+0000] {logging_mixin.py:188} INFO - [2026-05-17T03:51:58.941+0000] {dag.py:3823} INFO - Setting next_dagrun for example_params_trigger_ui to None, run_after=None
[2026-05-17T03:51:58.975+0000] {processor.py:183} INFO - Processing /home/airflow/.local/lib/python3.8/site-packages/airflow/example_dags/example_params_trigger_ui.py took 0.230 seconds
[2026-05-17T03:52:29.560+0000] {processor.py:161} INFO - Started process (PID=4271) to work on /home/airflow/.local/lib/python3.8/site-packages/airflow/example_dags/example_params_trigger_ui.py
[2026-05-17T03:52:29.562+0000] {processor.py:830} INFO - Processing file /home/airflow/.local/lib/python3.8/site-packages/airflow/example_dags/example_params_trigger_ui.py for tasks to queue
[2026-05-17T03:52:29.566+0000] {logging_mixin.py:188} INFO - [2026-05-17T03:52:29.565+0000] {dagbag.py:538} INFO - Filling up the DagBag from /home/airflow/.local/lib/python3.8/site-packages/airflow/example_dags/example_params_trigger_ui.py
[2026-05-17T03:52:29.599+0000] {processor.py:840} INFO - DAG(s) 'example_params_trigger_ui' retrieved from /home/airflow/.local/lib/python3.8/site-packages/airflow/example_dags/example_params_trigger_ui.py
[2026-05-17T03:52:29.738+0000] {logging_mixin.py:188} INFO - [2026-05-17T03:52:29.738+0000] {dag.py:3036} INFO - Sync 1 DAGs
[2026-05-17T03:52:29.767+0000] {logging_mixin.py:188} INFO - [2026-05-17T03:52:29.767+0000] {dag.py:3823} INFO - Setting next_dagrun for example_params_trigger_ui to None, run_after=None
[2026-05-17T03:52:29.803+0000] {processor.py:183} INFO - Processing /home/airflow/.local/lib/python3.8/site-packages/airflow/example_dags/example_params_trigger_ui.py took 0.249 seconds
[2026-05-17T03:52:59.872+0000] {processor.py:161} INFO - Started process (PID=4337) to work on /home/airflow/.local/lib/python3.8/site-packages/airflow/example_dags/example_params_trigger_ui.py
[2026-05-17T03:52:59.874+0000] {processor.py:830} INFO - Processing file /home/airflow/.local/lib/python3.8/site-packages/airflow/example_dags/example_params_trigger_ui.py for tasks to queue
[2026-05-17T03:52:59.877+0000] {logging_mixin.py:188} INFO - [2026-05-17T03:52:59.876+0000] {dagbag.py:538} INFO - Filling up the DagBag from /home/airflow/.local/lib/python3.8/site-packages/airflow/example_dags/example_params_trigger_ui.py
[2026-05-17T03:52:59.900+0000] {processor.py:840} INFO - DAG(s) 'example_params_trigger_ui' retrieved from /home/airflow/.local/lib/python3.8/site-packages/airflow/example_dags/example_params_trigger_ui.py
[2026-05-17T03:53:00.020+0000] {logging_mixin.py:188} INFO - [2026-05-17T03:53:00.019+0000] {dag.py:3036} INFO - Sync 1 DAGs
[2026-05-17T03:53:00.044+0000] {logging_mixin.py:188} INFO - [2026-05-17T03:53:00.044+0000] {dag.py:3823} INFO - Setting next_dagrun for example_params_trigger_ui to None, run_after=None
[2026-05-17T03:53:00.078+0000] {processor.py:183} INFO - Processing /home/airflow/.local/lib/python3.8/site-packages/airflow/example_dags/example_params_trigger_ui.py took 0.211 seconds
[2026-05-17T03:53:30.699+0000] {processor.py:161} INFO - Started process (PID=4402) to work on /home/airflow/.local/lib/python3.8/site-packages/airflow/example_dags/example_params_trigger_ui.py
[2026-05-17T03:53:30.701+0000] {processor.py:830} INFO - Processing file /home/airflow/.local/lib/python3.8/site-packages/airflow/example_dags/example_params_trigger_ui.py for tasks to queue
[2026-05-17T03:53:30.704+0000] {logging_mixin.py:188} INFO - [2026-05-17T03:53:30.704+0000] {dagbag.py:538} INFO - Filling up the DagBag from /home/airflow/.local/lib/python3.8/site-packages/airflow/example_dags/example_params_trigger_ui.py
[2026-05-17T03:53:30.729+0000] {processor.py:840} INFO - DAG(s) 'example_params_trigger_ui' retrieved from /home/airflow/.local/lib/python3.8/site-packages/airflow/example_dags/example_params_trigger_ui.py
[2026-05-17T03:53:30.857+0000] {logging_mixin.py:188} INFO - [2026-05-17T03:53:30.856+0000] {dag.py:3036} INFO - Sync 1 DAGs
[2026-05-17T03:53:30.881+0000] {logging_mixin.py:188} INFO - [2026-05-17T03:53:30.881+0000] {dag.py:3823} INFO - Setting next_dagrun for example_params_trigger_ui to None, run_after=None
[2026-05-17T03:53:30.914+0000] {processor.py:183} INFO - Processing /home/airflow/.local/lib/python3.8/site-packages/airflow/example_dags/example_params_trigger_ui.py took 0.220 seconds
[2026-05-17T03:54:01.039+0000] {processor.py:161} INFO - Started process (PID=4467) to work on /home/airflow/.local/lib/python3.8/site-packages/airflow/example_dags/example_params_trigger_ui.py
[2026-05-17T03:54:01.040+0000] {processor.py:830} INFO - Processing file /home/airflow/.local/lib/python3.8/site-packages/airflow/example_dags/example_params_trigger_ui.py for tasks to queue
[2026-05-17T03:54:01.043+0000] {logging_mixin.py:188} INFO - [2026-05-17T03:54:01.043+0000] {dagbag.py:538} INFO - Filling up the DagBag from /home/airflow/.local/lib/python3.8/site-packages/airflow/example_dags/example_params_trigger_ui.py
[2026-05-17T03:54:01.068+0000] {processor.py:840} INFO - DAG(s) 'example_params_trigger_ui' retrieved from /home/airflow/.local/lib/python3.8/site-packages/airflow/example_dags/example_params_trigger_ui.py
[2026-05-17T03:54:01.190+0000] {logging_mixin.py:188} INFO - [2026-05-17T03:54:01.189+0000] {dag.py:3036} INFO - Sync 1 DAGs
[2026-05-17T03:54:01.215+0000] {logging_mixin.py:188} INFO - [2026-05-17T03:54:01.215+0000] {dag.py:3823} INFO - Setting next_dagrun for example_params_trigger_ui to None, run_after=None
[2026-05-17T03:54:01.252+0000] {processor.py:183} INFO - Processing /home/airflow/.local/lib/python3.8/site-packages/airflow/example_dags/example_params_trigger_ui.py took 0.220 seconds
[2026-05-17T03:54:31.491+0000] {processor.py:161} INFO - Started process (PID=4535) to work on /home/airflow/.local/lib/python3.8/site-packages/airflow/example_dags/example_params_trigger_ui.py
[2026-05-17T03:54:31.493+0000] {processor.py:830} INFO - Processing file /home/airflow/.local/lib/python3.8/site-packages/airflow/example_dags/example_params_trigger_ui.py for tasks to queue
[2026-05-17T03:54:31.497+0000] {logging_mixin.py:188} INFO - [2026-05-17T03:54:31.496+0000] {dagbag.py:538} INFO - Filling up the DagBag from /home/airflow/.local/lib/python3.8/site-packages/airflow/example_dags/example_params_trigger_ui.py
[2026-05-17T03:54:31.521+0000] {processor.py:840} INFO - DAG(s) 'example_params_trigger_ui' retrieved from /home/airflow/.local/lib/python3.8/site-packages/airflow/example_dags/example_params_trigger_ui.py
[2026-05-17T03:54:31.647+0000] {logging_mixin.py:188} INFO - [2026-05-17T03:54:31.646+0000] {dag.py:3036} INFO - Sync 1 DAGs
[2026-05-17T03:54:31.667+0000] {logging_mixin.py:188} INFO - [2026-05-17T03:54:31.667+0000] {dag.py:3823} INFO - Setting next_dagrun for example_params_trigger_ui to None, run_after=None
[2026-05-17T03:54:31.696+0000] {processor.py:183} INFO - Processing /home/airflow/.local/lib/python3.8/site-packages/airflow/example_dags/example_params_trigger_ui.py took 0.210 seconds
[2026-05-17T03:55:01.795+0000] {processor.py:161} INFO - Started process (PID=4600) to work on /home/airflow/.local/lib/python3.8/site-packages/airflow/example_dags/example_params_trigger_ui.py
[2026-05-17T03:55:01.797+0000] {processor.py:830} INFO - Processing file /home/airflow/.local/lib/python3.8/site-packages/airflow/example_dags/example_params_trigger_ui.py for tasks to queue
[2026-05-17T03:55:01.800+0000] {logging_mixin.py:188} INFO - [2026-05-17T03:55:01.799+0000] {dagbag.py:538} INFO - Filling up the DagBag from /home/airflow/.local/lib/python3.8/site-packages/airflow/example_dags/example_params_trigger_ui.py
[2026-05-17T03:55:01.826+0000] {processor.py:840} INFO - DAG(s) 'example_params_trigger_ui' retrieved from /home/airflow/.local/lib/python3.8/site-packages/airflow/example_dags/example_params_trigger_ui.py
[2026-05-17T03:55:01.942+0000] {logging_mixin.py:188} INFO - [2026-05-17T03:55:01.941+0000] {dag.py:3036} INFO - Sync 1 DAGs
[2026-05-17T03:55:01.962+0000] {logging_mixin.py:188} INFO - [2026-05-17T03:55:01.961+0000] {dag.py:3823} INFO - Setting next_dagrun for example_params_trigger_ui to None, run_after=None
[2026-05-17T03:55:01.995+0000] {processor.py:183} INFO - Processing /home/airflow/.local/lib/python3.8/site-packages/airflow/example_dags/example_params_trigger_ui.py took 0.206 seconds
[2026-05-17T03:55:32.276+0000] {processor.py:161} INFO - Started process (PID=4666) to work on /home/airflow/.local/lib/python3.8/site-packages/airflow/example_dags/example_params_trigger_ui.py
[2026-05-17T03:55:32.279+0000] {processor.py:830} INFO - Processing file /home/airflow/.local/lib/python3.8/site-packages/airflow/example_dags/example_params_trigger_ui.py for tasks to queue
[2026-05-17T03:55:32.281+0000] {logging_mixin.py:188} INFO - [2026-05-17T03:55:32.281+0000] {dagbag.py:538} INFO - Filling up the DagBag from /home/airflow/.local/lib/python3.8/site-packages/airflow/example_dags/example_params_trigger_ui.py
[2026-05-17T03:55:32.304+0000] {processor.py:840} INFO - DAG(s) 'example_params_trigger_ui' retrieved from /home/airflow/.local/lib/python3.8/site-packages/airflow/example_dags/example_params_trigger_ui.py
[2026-05-17T03:55:32.406+0000] {logging_mixin.py:188} INFO - [2026-05-17T03:55:32.406+0000] {dag.py:3036} INFO - Sync 1 DAGs
[2026-05-17T03:55:32.426+0000] {logging_mixin.py:188} INFO - [2026-05-17T03:55:32.426+0000] {dag.py:3823} INFO - Setting next_dagrun for example_params_trigger_ui to None, run_after=None
[2026-05-17T03:55:32.455+0000] {processor.py:183} INFO - Processing /home/airflow/.local/lib/python3.8/site-packages/airflow/example_dags/example_params_trigger_ui.py took 0.184 seconds
[2026-05-17T03:56:02.599+0000] {processor.py:161} INFO - Started process (PID=4732) to work on /home/airflow/.local/lib/python3.8/site-packages/airflow/example_dags/example_params_trigger_ui.py
[2026-05-17T03:56:02.600+0000] {processor.py:830} INFO - Processing file /home/airflow/.local/lib/python3.8/site-packages/airflow/example_dags/example_params_trigger_ui.py for tasks to queue
[2026-05-17T03:56:02.604+0000] {logging_mixin.py:188} INFO - [2026-05-17T03:56:02.603+0000] {dagbag.py:538} INFO - Filling up the DagBag from /home/airflow/.local/lib/python3.8/site-packages/airflow/example_dags/example_params_trigger_ui.py
[2026-05-17T03:56:02.627+0000] {processor.py:840} INFO - DAG(s) 'example_params_trigger_ui' retrieved from /home/airflow/.local/lib/python3.8/site-packages/airflow/example_dags/example_params_trigger_ui.py
[2026-05-17T03:56:02.743+0000] {logging_mixin.py:188} INFO - [2026-05-17T03:56:02.743+0000] {dag.py:3036} INFO - Sync 1 DAGs
[2026-05-17T03:56:02.765+0000] {logging_mixin.py:188} INFO - [2026-05-17T03:56:02.765+0000] {dag.py:3823} INFO - Setting next_dagrun for example_params_trigger_ui to None, run_after=None
[2026-05-17T03:56:02.797+0000] {processor.py:183} INFO - Processing /home/airflow/.local/lib/python3.8/site-packages/airflow/example_dags/example_params_trigger_ui.py took 0.208 seconds
[2026-05-17T03:56:32.936+0000] {processor.py:161} INFO - Started process (PID=4798) to work on /home/airflow/.local/lib/python3.8/site-packages/airflow/example_dags/example_params_trigger_ui.py
[2026-05-17T03:56:32.939+0000] {processor.py:830} INFO - Processing file /home/airflow/.local/lib/python3.8/site-packages/airflow/example_dags/example_params_trigger_ui.py for tasks to queue
[2026-05-17T03:56:32.942+0000] {logging_mixin.py:188} INFO - [2026-05-17T03:56:32.941+0000] {dagbag.py:538} INFO - Filling up the DagBag from /home/airflow/.local/lib/python3.8/site-packages/airflow/example_dags/example_params_trigger_ui.py
[2026-05-17T03:56:32.966+0000] {processor.py:840} INFO - DAG(s) 'example_params_trigger_ui' retrieved from /home/airflow/.local/lib/python3.8/site-packages/airflow/example_dags/example_params_trigger_ui.py
[2026-05-17T03:56:33.070+0000] {logging_mixin.py:188} INFO - [2026-05-17T03:56:33.069+0000] {dag.py:3036} INFO - Sync 1 DAGs
[2026-05-17T03:56:33.095+0000] {logging_mixin.py:188} INFO - [2026-05-17T03:56:33.095+0000] {dag.py:3823} INFO - Setting next_dagrun for example_params_trigger_ui to None, run_after=None
[2026-05-17T03:56:33.129+0000] {processor.py:183} INFO - Processing /home/airflow/.local/lib/python3.8/site-packages/airflow/example_dags/example_params_trigger_ui.py took 0.199 seconds
[2026-05-17T03:57:03.309+0000] {processor.py:161} INFO - Started process (PID=4864) to work on /home/airflow/.local/lib/python3.8/site-packages/airflow/example_dags/example_params_trigger_ui.py
[2026-05-17T03:57:03.310+0000] {processor.py:830} INFO - Processing file /home/airflow/.local/lib/python3.8/site-packages/airflow/example_dags/example_params_trigger_ui.py for tasks to queue
[2026-05-17T03:57:03.315+0000] {logging_mixin.py:188} INFO - [2026-05-17T03:57:03.314+0000] {dagbag.py:538} INFO - Filling up the DagBag from /home/airflow/.local/lib/python3.8/site-packages/airflow/example_dags/example_params_trigger_ui.py
[2026-05-17T03:57:03.344+0000] {processor.py:840} INFO - DAG(s) 'example_params_trigger_ui' retrieved from /home/airflow/.local/lib/python3.8/site-packages/airflow/example_dags/example_params_trigger_ui.py
[2026-05-17T03:57:03.487+0000] {logging_mixin.py:188} INFO - [2026-05-17T03:57:03.486+0000] {dag.py:3036} INFO - Sync 1 DAGs
[2026-05-17T03:57:03.511+0000] {logging_mixin.py:188} INFO - [2026-05-17T03:57:03.511+0000] {dag.py:3823} INFO - Setting next_dagrun for example_params_trigger_ui to None, run_after=None
[2026-05-17T03:57:03.550+0000] {processor.py:183} INFO - Processing /home/airflow/.local/lib/python3.8/site-packages/airflow/example_dags/example_params_trigger_ui.py took 0.246 seconds
[2026-05-17T03:57:33.831+0000] {processor.py:161} INFO - Started process (PID=4930) to work on /home/airflow/.local/lib/python3.8/site-packages/airflow/example_dags/example_params_trigger_ui.py
[2026-05-17T03:57:33.833+0000] {processor.py:830} INFO - Processing file /home/airflow/.local/lib/python3.8/site-packages/airflow/example_dags/example_params_trigger_ui.py for tasks to queue
[2026-05-17T03:57:33.836+0000] {logging_mixin.py:188} INFO - [2026-05-17T03:57:33.835+0000] {dagbag.py:538} INFO - Filling up the DagBag from /home/airflow/.local/lib/python3.8/site-packages/airflow/example_dags/example_params_trigger_ui.py
[2026-05-17T03:57:33.857+0000] {processor.py:840} INFO - DAG(s) 'example_params_trigger_ui' retrieved from /home/airflow/.local/lib/python3.8/site-packages/airflow/example_dags/example_params_trigger_ui.py
[2026-05-17T03:57:33.955+0000] {logging_mixin.py:188} INFO - [2026-05-17T03:57:33.954+0000] {dag.py:3036} INFO - Sync 1 DAGs
[2026-05-17T03:57:33.978+0000] {logging_mixin.py:188} INFO - [2026-05-17T03:57:33.978+0000] {dag.py:3823} INFO - Setting next_dagrun for example_params_trigger_ui to None, run_after=None
[2026-05-17T03:57:34.011+0000] {processor.py:183} INFO - Processing /home/airflow/.local/lib/python3.8/site-packages/airflow/example_dags/example_params_trigger_ui.py took 0.185 seconds
[2026-05-17T03:58:04.394+0000] {processor.py:161} INFO - Started process (PID=5004) to work on /home/airflow/.local/lib/python3.8/site-packages/airflow/example_dags/example_params_trigger_ui.py
[2026-05-17T03:58:04.395+0000] {processor.py:830} INFO - Processing file /home/airflow/.local/lib/python3.8/site-packages/airflow/example_dags/example_params_trigger_ui.py for tasks to queue
[2026-05-17T03:58:04.398+0000] {logging_mixin.py:188} INFO - [2026-05-17T03:58:04.398+0000] {dagbag.py:538} INFO - Filling up the DagBag from /home/airflow/.local/lib/python3.8/site-packages/airflow/example_dags/example_params_trigger_ui.py
[2026-05-17T03:58:04.422+0000] {processor.py:840} INFO - DAG(s) 'example_params_trigger_ui' retrieved from /home/airflow/.local/lib/python3.8/site-packages/airflow/example_dags/example_params_trigger_ui.py
[2026-05-17T03:58:04.540+0000] {logging_mixin.py:188} INFO - [2026-05-17T03:58:04.539+0000] {dag.py:3036} INFO - Sync 1 DAGs
[2026-05-17T03:58:04.563+0000] {logging_mixin.py:188} INFO - [2026-05-17T03:58:04.563+0000] {dag.py:3823} INFO - Setting next_dagrun for example_params_trigger_ui to None, run_after=None
[2026-05-17T03:58:04.600+0000] {processor.py:183} INFO - Processing /home/airflow/.local/lib/python3.8/site-packages/airflow/example_dags/example_params_trigger_ui.py took 0.211 seconds
[2026-05-17T03:58:34.698+0000] {processor.py:161} INFO - Started process (PID=5070) to work on /home/airflow/.local/lib/python3.8/site-packages/airflow/example_dags/example_params_trigger_ui.py
[2026-05-17T03:58:34.700+0000] {processor.py:830} INFO - Processing file /home/airflow/.local/lib/python3.8/site-packages/airflow/example_dags/example_params_trigger_ui.py for tasks to queue
[2026-05-17T03:58:34.703+0000] {logging_mixin.py:188} INFO - [2026-05-17T03:58:34.703+0000] {dagbag.py:538} INFO - Filling up the DagBag from /home/airflow/.local/lib/python3.8/site-packages/airflow/example_dags/example_params_trigger_ui.py
[2026-05-17T03:58:34.728+0000] {processor.py:840} INFO - DAG(s) 'example_params_trigger_ui' retrieved from /home/airflow/.local/lib/python3.8/site-packages/airflow/example_dags/example_params_trigger_ui.py
[2026-05-17T03:58:34.846+0000] {logging_mixin.py:188} INFO - [2026-05-17T03:58:34.846+0000] {dag.py:3036} INFO - Sync 1 DAGs
[2026-05-17T03:58:34.869+0000] {logging_mixin.py:188} INFO - [2026-05-17T03:58:34.869+0000] {dag.py:3823} INFO - Setting next_dagrun for example_params_trigger_ui to None, run_after=None
[2026-05-17T03:58:34.903+0000] {processor.py:183} INFO - Processing /home/airflow/.local/lib/python3.8/site-packages/airflow/example_dags/example_params_trigger_ui.py took 0.210 seconds
[2026-05-17T03:59:05.024+0000] {processor.py:161} INFO - Started process (PID=5135) to work on /home/airflow/.local/lib/python3.8/site-packages/airflow/example_dags/example_params_trigger_ui.py
[2026-05-17T03:59:05.027+0000] {processor.py:830} INFO - Processing file /home/airflow/.local/lib/python3.8/site-packages/airflow/example_dags/example_params_trigger_ui.py for tasks to queue
[2026-05-17T03:59:05.030+0000] {logging_mixin.py:188} INFO - [2026-05-17T03:59:05.029+0000] {dagbag.py:538} INFO - Filling up the DagBag from /home/airflow/.local/lib/python3.8/site-packages/airflow/example_dags/example_params_trigger_ui.py
[2026-05-17T03:59:05.055+0000] {processor.py:840} INFO - DAG(s) 'example_params_trigger_ui' retrieved from /home/airflow/.local/lib/python3.8/site-packages/airflow/example_dags/example_params_trigger_ui.py
[2026-05-17T03:59:05.178+0000] {logging_mixin.py:188} INFO - [2026-05-17T03:59:05.178+0000] {dag.py:3036} INFO - Sync 1 DAGs
[2026-05-17T03:59:05.202+0000] {logging_mixin.py:188} INFO - [2026-05-17T03:59:05.202+0000] {dag.py:3823} INFO - Setting next_dagrun for example_params_trigger_ui to None, run_after=None
[2026-05-17T03:59:05.233+0000] {processor.py:183} INFO - Processing /home/airflow/.local/lib/python3.8/site-packages/airflow/example_dags/example_params_trigger_ui.py took 0.214 seconds
[2026-05-17T03:59:35.456+0000] {processor.py:161} INFO - Started process (PID=5200) to work on /home/airflow/.local/lib/python3.8/site-packages/airflow/example_dags/example_params_trigger_ui.py
[2026-05-17T03:59:35.457+0000] {processor.py:830} INFO - Processing file /home/airflow/.local/lib/python3.8/site-packages/airflow/example_dags/example_params_trigger_ui.py for tasks to queue
[2026-05-17T03:59:35.460+0000] {logging_mixin.py:188} INFO - [2026-05-17T03:59:35.459+0000] {dagbag.py:538} INFO - Filling up the DagBag from /home/airflow/.local/lib/python3.8/site-packages/airflow/example_dags/example_params_trigger_ui.py
[2026-05-17T03:59:35.480+0000] {processor.py:840} INFO - DAG(s) 'example_params_trigger_ui' retrieved from /home/airflow/.local/lib/python3.8/site-packages/airflow/example_dags/example_params_trigger_ui.py
[2026-05-17T03:59:35.582+0000] {logging_mixin.py:188} INFO - [2026-05-17T03:59:35.582+0000] {dag.py:3036} INFO - Sync 1 DAGs
[2026-05-17T03:59:35.604+0000] {logging_mixin.py:188} INFO - [2026-05-17T03:59:35.604+0000] {dag.py:3823} INFO - Setting next_dagrun for example_params_trigger_ui to None, run_after=None
[2026-05-17T03:59:35.638+0000] {processor.py:183} INFO - Processing /home/airflow/.local/lib/python3.8/site-packages/airflow/example_dags/example_params_trigger_ui.py took 0.188 seconds
[2026-05-17T04:00:05.864+0000] {processor.py:161} INFO - Started process (PID=5265) to work on /home/airflow/.local/lib/python3.8/site-packages/airflow/example_dags/example_params_trigger_ui.py
[2026-05-17T04:00:05.866+0000] {processor.py:830} INFO - Processing file /home/airflow/.local/lib/python3.8/site-packages/airflow/example_dags/example_params_trigger_ui.py for tasks to queue
[2026-05-17T04:00:05.868+0000] {logging_mixin.py:188} INFO - [2026-05-17T04:00:05.868+0000] {dagbag.py:538} INFO - Filling up the DagBag from /home/airflow/.local/lib/python3.8/site-packages/airflow/example_dags/example_params_trigger_ui.py
[2026-05-17T04:00:05.892+0000] {processor.py:840} INFO - DAG(s) 'example_params_trigger_ui' retrieved from /home/airflow/.local/lib/python3.8/site-packages/airflow/example_dags/example_params_trigger_ui.py
[2026-05-17T04:00:05.996+0000] {logging_mixin.py:188} INFO - [2026-05-17T04:00:05.995+0000] {dag.py:3036} INFO - Sync 1 DAGs
[2026-05-17T04:00:06.018+0000] {logging_mixin.py:188} INFO - [2026-05-17T04:00:06.018+0000] {dag.py:3823} INFO - Setting next_dagrun for example_params_trigger_ui to None, run_after=None
[2026-05-17T04:00:06.049+0000] {processor.py:183} INFO - Processing /home/airflow/.local/lib/python3.8/site-packages/airflow/example_dags/example_params_trigger_ui.py took 0.191 seconds
[2026-05-17T04:00:36.207+0000] {processor.py:161} INFO - Started process (PID=5331) to work on /home/airflow/.local/lib/python3.8/site-packages/airflow/example_dags/example_params_trigger_ui.py
[2026-05-17T04:00:36.209+0000] {processor.py:830} INFO - Processing file /home/airflow/.local/lib/python3.8/site-packages/airflow/example_dags/example_params_trigger_ui.py for tasks to queue
[2026-05-17T04:00:36.213+0000] {logging_mixin.py:188} INFO - [2026-05-17T04:00:36.212+0000] {dagbag.py:538} INFO - Filling up the DagBag from /home/airflow/.local/lib/python3.8/site-packages/airflow/example_dags/example_params_trigger_ui.py
[2026-05-17T04:00:36.241+0000] {processor.py:840} INFO - DAG(s) 'example_params_trigger_ui' retrieved from /home/airflow/.local/lib/python3.8/site-packages/airflow/example_dags/example_params_trigger_ui.py
[2026-05-17T04:00:36.346+0000] {logging_mixin.py:188} INFO - [2026-05-17T04:00:36.345+0000] {dag.py:3036} INFO - Sync 1 DAGs
[2026-05-17T04:00:36.368+0000] {logging_mixin.py:188} INFO - [2026-05-17T04:00:36.368+0000] {dag.py:3823} INFO - Setting next_dagrun for example_params_trigger_ui to None, run_after=None
[2026-05-17T04:00:36.398+0000] {processor.py:183} INFO - Processing /home/airflow/.local/lib/python3.8/site-packages/airflow/example_dags/example_params_trigger_ui.py took 0.197 seconds
[2026-05-17T04:01:06.584+0000] {processor.py:161} INFO - Started process (PID=5397) to work on /home/airflow/.local/lib/python3.8/site-packages/airflow/example_dags/example_params_trigger_ui.py
[2026-05-17T04:01:06.585+0000] {processor.py:830} INFO - Processing file /home/airflow/.local/lib/python3.8/site-packages/airflow/example_dags/example_params_trigger_ui.py for tasks to queue
[2026-05-17T04:01:06.588+0000] {logging_mixin.py:188} INFO - [2026-05-17T04:01:06.588+0000] {dagbag.py:538} INFO - Filling up the DagBag from /home/airflow/.local/lib/python3.8/site-packages/airflow/example_dags/example_params_trigger_ui.py
[2026-05-17T04:01:06.613+0000] {processor.py:840} INFO - DAG(s) 'example_params_trigger_ui' retrieved from /home/airflow/.local/lib/python3.8/site-packages/airflow/example_dags/example_params_trigger_ui.py
[2026-05-17T04:01:06.740+0000] {logging_mixin.py:188} INFO - [2026-05-17T04:01:06.739+0000] {dag.py:3036} INFO - Sync 1 DAGs
[2026-05-17T04:01:06.766+0000] {logging_mixin.py:188} INFO - [2026-05-17T04:01:06.766+0000] {dag.py:3823} INFO - Setting next_dagrun for example_params_trigger_ui to None, run_after=None
[2026-05-17T04:01:06.796+0000] {processor.py:183} INFO - Processing /home/airflow/.local/lib/python3.8/site-packages/airflow/example_dags/example_params_trigger_ui.py took 0.218 seconds
[2026-05-17T04:01:36.927+0000] {processor.py:161} INFO - Started process (PID=5465) to work on /home/airflow/.local/lib/python3.8/site-packages/airflow/example_dags/example_params_trigger_ui.py
[2026-05-17T04:01:36.929+0000] {processor.py:830} INFO - Processing file /home/airflow/.local/lib/python3.8/site-packages/airflow/example_dags/example_params_trigger_ui.py for tasks to queue
[2026-05-17T04:01:36.931+0000] {logging_mixin.py:188} INFO - [2026-05-17T04:01:36.931+0000] {dagbag.py:538} INFO - Filling up the DagBag from /home/airflow/.local/lib/python3.8/site-packages/airflow/example_dags/example_params_trigger_ui.py
[2026-05-17T04:01:36.953+0000] {processor.py:840} INFO - DAG(s) 'example_params_trigger_ui' retrieved from /home/airflow/.local/lib/python3.8/site-packages/airflow/example_dags/example_params_trigger_ui.py
[2026-05-17T04:01:37.052+0000] {logging_mixin.py:188} INFO - [2026-05-17T04:01:37.052+0000] {dag.py:3036} INFO - Sync 1 DAGs
[2026-05-17T04:01:37.074+0000] {logging_mixin.py:188} INFO - [2026-05-17T04:01:37.073+0000] {dag.py:3823} INFO - Setting next_dagrun for example_params_trigger_ui to None, run_after=None
[2026-05-17T04:01:37.106+0000] {processor.py:183} INFO - Processing /home/airflow/.local/lib/python3.8/site-packages/airflow/example_dags/example_params_trigger_ui.py took 0.185 seconds
[2026-05-17T04:02:07.282+0000] {processor.py:161} INFO - Started process (PID=5528) to work on /home/airflow/.local/lib/python3.8/site-packages/airflow/example_dags/example_params_trigger_ui.py
[2026-05-17T04:02:07.284+0000] {processor.py:830} INFO - Processing file /home/airflow/.local/lib/python3.8/site-packages/airflow/example_dags/example_params_trigger_ui.py for tasks to queue
[2026-05-17T04:02:07.287+0000] {logging_mixin.py:188} INFO - [2026-05-17T04:02:07.287+0000] {dagbag.py:538} INFO - Filling up the DagBag from /home/airflow/.local/lib/python3.8/site-packages/airflow/example_dags/example_params_trigger_ui.py
[2026-05-17T04:02:07.312+0000] {processor.py:840} INFO - DAG(s) 'example_params_trigger_ui' retrieved from /home/airflow/.local/lib/python3.8/site-packages/airflow/example_dags/example_params_trigger_ui.py
[2026-05-17T04:02:07.432+0000] {logging_mixin.py:188} INFO - [2026-05-17T04:02:07.431+0000] {dag.py:3036} INFO - Sync 1 DAGs
[2026-05-17T04:02:07.453+0000] {logging_mixin.py:188} INFO - [2026-05-17T04:02:07.453+0000] {dag.py:3823} INFO - Setting next_dagrun for example_params_trigger_ui to None, run_after=None
[2026-05-17T04:02:07.490+0000] {processor.py:183} INFO - Processing /home/airflow/.local/lib/python3.8/site-packages/airflow/example_dags/example_params_trigger_ui.py took 0.213 seconds
[2026-05-17T04:02:37.591+0000] {processor.py:161} INFO - Started process (PID=5595) to work on /home/airflow/.local/lib/python3.8/site-packages/airflow/example_dags/example_params_trigger_ui.py
[2026-05-17T04:02:37.593+0000] {processor.py:830} INFO - Processing file /home/airflow/.local/lib/python3.8/site-packages/airflow/example_dags/example_params_trigger_ui.py for tasks to queue
[2026-05-17T04:02:37.596+0000] {logging_mixin.py:188} INFO - [2026-05-17T04:02:37.595+0000] {dagbag.py:538} INFO - Filling up the DagBag from /home/airflow/.local/lib/python3.8/site-packages/airflow/example_dags/example_params_trigger_ui.py
[2026-05-17T04:02:37.620+0000] {processor.py:840} INFO - DAG(s) 'example_params_trigger_ui' retrieved from /home/airflow/.local/lib/python3.8/site-packages/airflow/example_dags/example_params_trigger_ui.py
[2026-05-17T04:02:37.736+0000] {logging_mixin.py:188} INFO - [2026-05-17T04:02:37.735+0000] {dag.py:3036} INFO - Sync 1 DAGs
[2026-05-17T04:02:37.756+0000] {logging_mixin.py:188} INFO - [2026-05-17T04:02:37.755+0000] {dag.py:3823} INFO - Setting next_dagrun for example_params_trigger_ui to None, run_after=None
[2026-05-17T04:02:37.786+0000] {processor.py:183} INFO - Processing /home/airflow/.local/lib/python3.8/site-packages/airflow/example_dags/example_params_trigger_ui.py took 0.201 seconds
[2026-05-17T04:03:08.263+0000] {processor.py:161} INFO - Started process (PID=5668) to work on /home/airflow/.local/lib/python3.8/site-packages/airflow/example_dags/example_params_trigger_ui.py
[2026-05-17T04:03:08.265+0000] {processor.py:830} INFO - Processing file /home/airflow/.local/lib/python3.8/site-packages/airflow/example_dags/example_params_trigger_ui.py for tasks to queue
[2026-05-17T04:03:08.268+0000] {logging_mixin.py:188} INFO - [2026-05-17T04:03:08.268+0000] {dagbag.py:538} INFO - Filling up the DagBag from /home/airflow/.local/lib/python3.8/site-packages/airflow/example_dags/example_params_trigger_ui.py
[2026-05-17T04:03:08.297+0000] {processor.py:840} INFO - DAG(s) 'example_params_trigger_ui' retrieved from /home/airflow/.local/lib/python3.8/site-packages/airflow/example_dags/example_params_trigger_ui.py
[2026-05-17T04:03:08.426+0000] {logging_mixin.py:188} INFO - [2026-05-17T04:03:08.425+0000] {dag.py:3036} INFO - Sync 1 DAGs
[2026-05-17T04:03:08.458+0000] {logging_mixin.py:188} INFO - [2026-05-17T04:03:08.457+0000] {dag.py:3823} INFO - Setting next_dagrun for example_params_trigger_ui to None, run_after=None
[2026-05-17T04:03:08.498+0000] {processor.py:183} INFO - Processing /home/airflow/.local/lib/python3.8/site-packages/airflow/example_dags/example_params_trigger_ui.py took 0.243 seconds
[2026-05-17T04:03:39.050+0000] {processor.py:161} INFO - Started process (PID=5736) to work on /home/airflow/.local/lib/python3.8/site-packages/airflow/example_dags/example_params_trigger_ui.py
[2026-05-17T04:03:39.052+0000] {processor.py:830} INFO - Processing file /home/airflow/.local/lib/python3.8/site-packages/airflow/example_dags/example_params_trigger_ui.py for tasks to queue
[2026-05-17T04:03:39.055+0000] {logging_mixin.py:188} INFO - [2026-05-17T04:03:39.054+0000] {dagbag.py:538} INFO - Filling up the DagBag from /home/airflow/.local/lib/python3.8/site-packages/airflow/example_dags/example_params_trigger_ui.py
[2026-05-17T04:03:39.075+0000] {processor.py:840} INFO - DAG(s) 'example_params_trigger_ui' retrieved from /home/airflow/.local/lib/python3.8/site-packages/airflow/example_dags/example_params_trigger_ui.py
[2026-05-17T04:03:39.173+0000] {logging_mixin.py:188} INFO - [2026-05-17T04:03:39.173+0000] {dag.py:3036} INFO - Sync 1 DAGs
[2026-05-17T04:03:39.191+0000] {logging_mixin.py:188} INFO - [2026-05-17T04:03:39.191+0000] {dag.py:3823} INFO - Setting next_dagrun for example_params_trigger_ui to None, run_after=None
[2026-05-17T04:03:39.226+0000] {processor.py:183} INFO - Processing /home/airflow/.local/lib/python3.8/site-packages/airflow/example_dags/example_params_trigger_ui.py took 0.181 seconds
[2026-05-17T04:04:09.683+0000] {processor.py:161} INFO - Started process (PID=5801) to work on /home/airflow/.local/lib/python3.8/site-packages/airflow/example_dags/example_params_trigger_ui.py
[2026-05-17T04:04:09.685+0000] {processor.py:830} INFO - Processing file /home/airflow/.local/lib/python3.8/site-packages/airflow/example_dags/example_params_trigger_ui.py for tasks to queue
[2026-05-17T04:04:09.688+0000] {logging_mixin.py:188} INFO - [2026-05-17T04:04:09.688+0000] {dagbag.py:538} INFO - Filling up the DagBag from /home/airflow/.local/lib/python3.8/site-packages/airflow/example_dags/example_params_trigger_ui.py
[2026-05-17T04:04:09.717+0000] {processor.py:840} INFO - DAG(s) 'example_params_trigger_ui' retrieved from /home/airflow/.local/lib/python3.8/site-packages/airflow/example_dags/example_params_trigger_ui.py
[2026-05-17T04:04:09.847+0000] {logging_mixin.py:188} INFO - [2026-05-17T04:04:09.846+0000] {dag.py:3036} INFO - Sync 1 DAGs
[2026-05-17T04:04:09.873+0000] {logging_mixin.py:188} INFO - [2026-05-17T04:04:09.872+0000] {dag.py:3823} INFO - Setting next_dagrun for example_params_trigger_ui to None, run_after=None
[2026-05-17T04:04:09.908+0000] {processor.py:183} INFO - Processing /home/airflow/.local/lib/python3.8/site-packages/airflow/example_dags/example_params_trigger_ui.py took 0.232 seconds
[2026-05-17T04:04:40.123+0000] {processor.py:161} INFO - Started process (PID=5865) to work on /home/airflow/.local/lib/python3.8/site-packages/airflow/example_dags/example_params_trigger_ui.py
[2026-05-17T04:04:40.125+0000] {processor.py:830} INFO - Processing file /home/airflow/.local/lib/python3.8/site-packages/airflow/example_dags/example_params_trigger_ui.py for tasks to queue
[2026-05-17T04:04:40.128+0000] {logging_mixin.py:188} INFO - [2026-05-17T04:04:40.127+0000] {dagbag.py:538} INFO - Filling up the DagBag from /home/airflow/.local/lib/python3.8/site-packages/airflow/example_dags/example_params_trigger_ui.py
[2026-05-17T04:04:40.153+0000] {processor.py:840} INFO - DAG(s) 'example_params_trigger_ui' retrieved from /home/airflow/.local/lib/python3.8/site-packages/airflow/example_dags/example_params_trigger_ui.py
[2026-05-17T04:04:40.276+0000] {logging_mixin.py:188} INFO - [2026-05-17T04:04:40.276+0000] {dag.py:3036} INFO - Sync 1 DAGs
[2026-05-17T04:04:40.301+0000] {logging_mixin.py:188} INFO - [2026-05-17T04:04:40.301+0000] {dag.py:3823} INFO - Setting next_dagrun for example_params_trigger_ui to None, run_after=None
[2026-05-17T04:04:40.339+0000] {processor.py:183} INFO - Processing /home/airflow/.local/lib/python3.8/site-packages/airflow/example_dags/example_params_trigger_ui.py took 0.221 seconds
[2026-05-17T04:05:10.564+0000] {processor.py:161} INFO - Started process (PID=5929) to work on /home/airflow/.local/lib/python3.8/site-packages/airflow/example_dags/example_params_trigger_ui.py
[2026-05-17T04:05:10.566+0000] {processor.py:830} INFO - Processing file /home/airflow/.local/lib/python3.8/site-packages/airflow/example_dags/example_params_trigger_ui.py for tasks to queue
[2026-05-17T04:05:10.569+0000] {logging_mixin.py:188} INFO - [2026-05-17T04:05:10.568+0000] {dagbag.py:538} INFO - Filling up the DagBag from /home/airflow/.local/lib/python3.8/site-packages/airflow/example_dags/example_params_trigger_ui.py
[2026-05-17T04:05:10.591+0000] {processor.py:840} INFO - DAG(s) 'example_params_trigger_ui' retrieved from /home/airflow/.local/lib/python3.8/site-packages/airflow/example_dags/example_params_trigger_ui.py
[2026-05-17T04:05:10.705+0000] {logging_mixin.py:188} INFO - [2026-05-17T04:05:10.705+0000] {dag.py:3036} INFO - Sync 1 DAGs
[2026-05-17T04:05:10.726+0000] {logging_mixin.py:188} INFO - [2026-05-17T04:05:10.725+0000] {dag.py:3823} INFO - Setting next_dagrun for example_params_trigger_ui to None, run_after=None
[2026-05-17T04:05:10.764+0000] {processor.py:183} INFO - Processing /home/airflow/.local/lib/python3.8/site-packages/airflow/example_dags/example_params_trigger_ui.py took 0.205 seconds
[2026-05-17T04:05:41.543+0000] {processor.py:161} INFO - Started process (PID=5996) to work on /home/airflow/.local/lib/python3.8/site-packages/airflow/example_dags/example_params_trigger_ui.py
[2026-05-17T04:05:41.545+0000] {processor.py:830} INFO - Processing file /home/airflow/.local/lib/python3.8/site-packages/airflow/example_dags/example_params_trigger_ui.py for tasks to queue
[2026-05-17T04:05:41.548+0000] {logging_mixin.py:188} INFO - [2026-05-17T04:05:41.548+0000] {dagbag.py:538} INFO - Filling up the DagBag from /home/airflow/.local/lib/python3.8/site-packages/airflow/example_dags/example_params_trigger_ui.py
[2026-05-17T04:05:41.574+0000] {processor.py:840} INFO - DAG(s) 'example_params_trigger_ui' retrieved from /home/airflow/.local/lib/python3.8/site-packages/airflow/example_dags/example_params_trigger_ui.py
[2026-05-17T04:05:41.694+0000] {logging_mixin.py:188} INFO - [2026-05-17T04:05:41.693+0000] {dag.py:3036} INFO - Sync 1 DAGs
[2026-05-17T04:05:41.714+0000] {logging_mixin.py:188} INFO - [2026-05-17T04:05:41.714+0000] {dag.py:3823} INFO - Setting next_dagrun for example_params_trigger_ui to None, run_after=None
[2026-05-17T04:05:41.745+0000] {processor.py:183} INFO - Processing /home/airflow/.local/lib/python3.8/site-packages/airflow/example_dags/example_params_trigger_ui.py took 0.207 seconds
[2026-05-17T04:06:12.150+0000] {processor.py:161} INFO - Started process (PID=6061) to work on /home/airflow/.local/lib/python3.8/site-packages/airflow/example_dags/example_params_trigger_ui.py
[2026-05-17T04:06:12.151+0000] {processor.py:830} INFO - Processing file /home/airflow/.local/lib/python3.8/site-packages/airflow/example_dags/example_params_trigger_ui.py for tasks to queue
[2026-05-17T04:06:12.153+0000] {logging_mixin.py:188} INFO - [2026-05-17T04:06:12.153+0000] {dagbag.py:538} INFO - Filling up the DagBag from /home/airflow/.local/lib/python3.8/site-packages/airflow/example_dags/example_params_trigger_ui.py
[2026-05-17T04:06:12.174+0000] {processor.py:840} INFO - DAG(s) 'example_params_trigger_ui' retrieved from /home/airflow/.local/lib/python3.8/site-packages/airflow/example_dags/example_params_trigger_ui.py
[2026-05-17T04:06:12.271+0000] {logging_mixin.py:188} INFO - [2026-05-17T04:06:12.271+0000] {dag.py:3036} INFO - Sync 1 DAGs
[2026-05-17T04:06:12.290+0000] {logging_mixin.py:188} INFO - [2026-05-17T04:06:12.290+0000] {dag.py:3823} INFO - Setting next_dagrun for example_params_trigger_ui to None, run_after=None
[2026-05-17T04:06:12.318+0000] {processor.py:183} INFO - Processing /home/airflow/.local/lib/python3.8/site-packages/airflow/example_dags/example_params_trigger_ui.py took 0.173 seconds
[2026-05-17T04:06:43.036+0000] {processor.py:161} INFO - Started process (PID=6128) to work on /home/airflow/.local/lib/python3.8/site-packages/airflow/example_dags/example_params_trigger_ui.py
[2026-05-17T04:06:43.038+0000] {processor.py:830} INFO - Processing file /home/airflow/.local/lib/python3.8/site-packages/airflow/example_dags/example_params_trigger_ui.py for tasks to queue
[2026-05-17T04:06:43.040+0000] {logging_mixin.py:188} INFO - [2026-05-17T04:06:43.040+0000] {dagbag.py:538} INFO - Filling up the DagBag from /home/airflow/.local/lib/python3.8/site-packages/airflow/example_dags/example_params_trigger_ui.py
[2026-05-17T04:06:43.061+0000] {processor.py:840} INFO - DAG(s) 'example_params_trigger_ui' retrieved from /home/airflow/.local/lib/python3.8/site-packages/airflow/example_dags/example_params_trigger_ui.py
[2026-05-17T04:06:43.164+0000] {logging_mixin.py:188} INFO - [2026-05-17T04:06:43.164+0000] {dag.py:3036} INFO - Sync 1 DAGs
[2026-05-17T04:06:43.186+0000] {logging_mixin.py:188} INFO - [2026-05-17T04:06:43.185+0000] {dag.py:3823} INFO - Setting next_dagrun for example_params_trigger_ui to None, run_after=None
[2026-05-17T04:06:43.225+0000] {processor.py:183} INFO - Processing /home/airflow/.local/lib/python3.8/site-packages/airflow/example_dags/example_params_trigger_ui.py took 0.195 seconds
[2026-05-17T04:07:13.883+0000] {processor.py:161} INFO - Started process (PID=6194) to work on /home/airflow/.local/lib/python3.8/site-packages/airflow/example_dags/example_params_trigger_ui.py
[2026-05-17T04:07:13.884+0000] {processor.py:830} INFO - Processing file /home/airflow/.local/lib/python3.8/site-packages/airflow/example_dags/example_params_trigger_ui.py for tasks to queue
[2026-05-17T04:07:13.887+0000] {logging_mixin.py:188} INFO - [2026-05-17T04:07:13.886+0000] {dagbag.py:538} INFO - Filling up the DagBag from /home/airflow/.local/lib/python3.8/site-packages/airflow/example_dags/example_params_trigger_ui.py
[2026-05-17T04:07:13.917+0000] {processor.py:840} INFO - DAG(s) 'example_params_trigger_ui' retrieved from /home/airflow/.local/lib/python3.8/site-packages/airflow/example_dags/example_params_trigger_ui.py
[2026-05-17T04:07:14.030+0000] {logging_mixin.py:188} INFO - [2026-05-17T04:07:14.029+0000] {dag.py:3036} INFO - Sync 1 DAGs
[2026-05-17T04:07:14.061+0000] {logging_mixin.py:188} INFO - [2026-05-17T04:07:14.061+0000] {dag.py:3823} INFO - Setting next_dagrun for example_params_trigger_ui to None, run_after=None
[2026-05-17T04:07:14.097+0000] {processor.py:183} INFO - Processing /home/airflow/.local/lib/python3.8/site-packages/airflow/example_dags/example_params_trigger_ui.py took 0.219 seconds
[2026-05-17T04:07:44.184+0000] {processor.py:161} INFO - Started process (PID=6260) to work on /home/airflow/.local/lib/python3.8/site-packages/airflow/example_dags/example_params_trigger_ui.py
[2026-05-17T04:07:44.186+0000] {processor.py:830} INFO - Processing file /home/airflow/.local/lib/python3.8/site-packages/airflow/example_dags/example_params_trigger_ui.py for tasks to queue
[2026-05-17T04:07:44.189+0000] {logging_mixin.py:188} INFO - [2026-05-17T04:07:44.189+0000] {dagbag.py:538} INFO - Filling up the DagBag from /home/airflow/.local/lib/python3.8/site-packages/airflow/example_dags/example_params_trigger_ui.py
[2026-05-17T04:07:44.216+0000] {processor.py:840} INFO - DAG(s) 'example_params_trigger_ui' retrieved from /home/airflow/.local/lib/python3.8/site-packages/airflow/example_dags/example_params_trigger_ui.py
[2026-05-17T04:07:44.324+0000] {logging_mixin.py:188} INFO - [2026-05-17T04:07:44.324+0000] {dag.py:3036} INFO - Sync 1 DAGs
[2026-05-17T04:07:44.344+0000] {logging_mixin.py:188} INFO - [2026-05-17T04:07:44.343+0000] {dag.py:3823} INFO - Setting next_dagrun for example_params_trigger_ui to None, run_after=None
[2026-05-17T04:07:44.379+0000] {processor.py:183} INFO - Processing /home/airflow/.local/lib/python3.8/site-packages/airflow/example_dags/example_params_trigger_ui.py took 0.202 seconds
[2026-05-17T04:08:14.521+0000] {processor.py:161} INFO - Started process (PID=6328) to work on /home/airflow/.local/lib/python3.8/site-packages/airflow/example_dags/example_params_trigger_ui.py
[2026-05-17T04:08:14.522+0000] {processor.py:830} INFO - Processing file /home/airflow/.local/lib/python3.8/site-packages/airflow/example_dags/example_params_trigger_ui.py for tasks to queue
[2026-05-17T04:08:14.525+0000] {logging_mixin.py:188} INFO - [2026-05-17T04:08:14.524+0000] {dagbag.py:538} INFO - Filling up the DagBag from /home/airflow/.local/lib/python3.8/site-packages/airflow/example_dags/example_params_trigger_ui.py
[2026-05-17T04:08:14.546+0000] {processor.py:840} INFO - DAG(s) 'example_params_trigger_ui' retrieved from /home/airflow/.local/lib/python3.8/site-packages/airflow/example_dags/example_params_trigger_ui.py
[2026-05-17T04:08:14.641+0000] {logging_mixin.py:188} INFO - [2026-05-17T04:08:14.641+0000] {dag.py:3036} INFO - Sync 1 DAGs
[2026-05-17T04:08:14.660+0000] {logging_mixin.py:188} INFO - [2026-05-17T04:08:14.660+0000] {dag.py:3823} INFO - Setting next_dagrun for example_params_trigger_ui to None, run_after=None
[2026-05-17T04:08:14.691+0000] {processor.py:183} INFO - Processing /home/airflow/.local/lib/python3.8/site-packages/airflow/example_dags/example_params_trigger_ui.py took 0.175 seconds
[2026-05-17T04:08:44.899+0000] {processor.py:161} INFO - Started process (PID=6394) to work on /home/airflow/.local/lib/python3.8/site-packages/airflow/example_dags/example_params_trigger_ui.py
[2026-05-17T04:08:44.902+0000] {processor.py:830} INFO - Processing file /home/airflow/.local/lib/python3.8/site-packages/airflow/example_dags/example_params_trigger_ui.py for tasks to queue
[2026-05-17T04:08:44.905+0000] {logging_mixin.py:188} INFO - [2026-05-17T04:08:44.904+0000] {dagbag.py:538} INFO - Filling up the DagBag from /home/airflow/.local/lib/python3.8/site-packages/airflow/example_dags/example_params_trigger_ui.py
[2026-05-17T04:08:44.926+0000] {processor.py:840} INFO - DAG(s) 'example_params_trigger_ui' retrieved from /home/airflow/.local/lib/python3.8/site-packages/airflow/example_dags/example_params_trigger_ui.py
[2026-05-17T04:08:45.031+0000] {logging_mixin.py:188} INFO - [2026-05-17T04:08:45.031+0000] {dag.py:3036} INFO - Sync 1 DAGs
[2026-05-17T04:08:45.054+0000] {logging_mixin.py:188} INFO - [2026-05-17T04:08:45.054+0000] {dag.py:3823} INFO - Setting next_dagrun for example_params_trigger_ui to None, run_after=None
[2026-05-17T04:08:45.083+0000] {processor.py:183} INFO - Processing /home/airflow/.local/lib/python3.8/site-packages/airflow/example_dags/example_params_trigger_ui.py took 0.190 seconds
[2026-05-17T04:09:15.510+0000] {processor.py:161} INFO - Started process (PID=6461) to work on /home/airflow/.local/lib/python3.8/site-packages/airflow/example_dags/example_params_trigger_ui.py
[2026-05-17T04:09:15.512+0000] {processor.py:830} INFO - Processing file /home/airflow/.local/lib/python3.8/site-packages/airflow/example_dags/example_params_trigger_ui.py for tasks to queue
[2026-05-17T04:09:15.514+0000] {logging_mixin.py:188} INFO - [2026-05-17T04:09:15.514+0000] {dagbag.py:538} INFO - Filling up the DagBag from /home/airflow/.local/lib/python3.8/site-packages/airflow/example_dags/example_params_trigger_ui.py
[2026-05-17T04:09:15.537+0000] {processor.py:840} INFO - DAG(s) 'example_params_trigger_ui' retrieved from /home/airflow/.local/lib/python3.8/site-packages/airflow/example_dags/example_params_trigger_ui.py
[2026-05-17T04:09:15.673+0000] {logging_mixin.py:188} INFO - [2026-05-17T04:09:15.672+0000] {dag.py:3036} INFO - Sync 1 DAGs
[2026-05-17T04:09:15.698+0000] {logging_mixin.py:188} INFO - [2026-05-17T04:09:15.697+0000] {dag.py:3823} INFO - Setting next_dagrun for example_params_trigger_ui to None, run_after=None
[2026-05-17T04:09:15.732+0000] {processor.py:183} INFO - Processing /home/airflow/.local/lib/python3.8/site-packages/airflow/example_dags/example_params_trigger_ui.py took 0.227 seconds
[2026-05-17T04:09:46.429+0000] {processor.py:161} INFO - Started process (PID=6536) to work on /home/airflow/.local/lib/python3.8/site-packages/airflow/example_dags/example_params_trigger_ui.py
[2026-05-17T04:09:46.430+0000] {processor.py:830} INFO - Processing file /home/airflow/.local/lib/python3.8/site-packages/airflow/example_dags/example_params_trigger_ui.py for tasks to queue
[2026-05-17T04:09:46.433+0000] {logging_mixin.py:188} INFO - [2026-05-17T04:09:46.432+0000] {dagbag.py:538} INFO - Filling up the DagBag from /home/airflow/.local/lib/python3.8/site-packages/airflow/example_dags/example_params_trigger_ui.py
[2026-05-17T04:09:46.458+0000] {processor.py:840} INFO - DAG(s) 'example_params_trigger_ui' retrieved from /home/airflow/.local/lib/python3.8/site-packages/airflow/example_dags/example_params_trigger_ui.py
[2026-05-17T04:09:46.585+0000] {logging_mixin.py:188} INFO - [2026-05-17T04:09:46.584+0000] {dag.py:3036} INFO - Sync 1 DAGs
[2026-05-17T04:09:46.608+0000] {logging_mixin.py:188} INFO - [2026-05-17T04:09:46.607+0000] {dag.py:3823} INFO - Setting next_dagrun for example_params_trigger_ui to None, run_after=None
[2026-05-17T04:09:46.638+0000] {processor.py:183} INFO - Processing /home/airflow/.local/lib/python3.8/site-packages/airflow/example_dags/example_params_trigger_ui.py took 0.214 seconds
[2026-05-17T04:10:17.441+0000] {processor.py:161} INFO - Started process (PID=6602) to work on /home/airflow/.local/lib/python3.8/site-packages/airflow/example_dags/example_params_trigger_ui.py
[2026-05-17T04:10:17.443+0000] {processor.py:830} INFO - Processing file /home/airflow/.local/lib/python3.8/site-packages/airflow/example_dags/example_params_trigger_ui.py for tasks to queue
[2026-05-17T04:10:17.447+0000] {logging_mixin.py:188} INFO - [2026-05-17T04:10:17.446+0000] {dagbag.py:538} INFO - Filling up the DagBag from /home/airflow/.local/lib/python3.8/site-packages/airflow/example_dags/example_params_trigger_ui.py
[2026-05-17T04:10:17.473+0000] {processor.py:840} INFO - DAG(s) 'example_params_trigger_ui' retrieved from /home/airflow/.local/lib/python3.8/site-packages/airflow/example_dags/example_params_trigger_ui.py
[2026-05-17T04:10:17.594+0000] {logging_mixin.py:188} INFO - [2026-05-17T04:10:17.594+0000] {dag.py:3036} INFO - Sync 1 DAGs
[2026-05-17T04:10:17.621+0000] {logging_mixin.py:188} INFO - [2026-05-17T04:10:17.621+0000] {dag.py:3823} INFO - Setting next_dagrun for example_params_trigger_ui to None, run_after=None
[2026-05-17T04:10:17.660+0000] {processor.py:183} INFO - Processing /home/airflow/.local/lib/python3.8/site-packages/airflow/example_dags/example_params_trigger_ui.py took 0.224 seconds
[2026-05-17T04:10:47.887+0000] {processor.py:161} INFO - Started process (PID=6667) to work on /home/airflow/.local/lib/python3.8/site-packages/airflow/example_dags/example_params_trigger_ui.py
[2026-05-17T04:10:47.893+0000] {processor.py:830} INFO - Processing file /home/airflow/.local/lib/python3.8/site-packages/airflow/example_dags/example_params_trigger_ui.py for tasks to queue
[2026-05-17T04:10:47.898+0000] {logging_mixin.py:188} INFO - [2026-05-17T04:10:47.897+0000] {dagbag.py:538} INFO - Filling up the DagBag from /home/airflow/.local/lib/python3.8/site-packages/airflow/example_dags/example_params_trigger_ui.py
[2026-05-17T04:10:47.922+0000] {processor.py:840} INFO - DAG(s) 'example_params_trigger_ui' retrieved from /home/airflow/.local/lib/python3.8/site-packages/airflow/example_dags/example_params_trigger_ui.py
[2026-05-17T04:10:48.036+0000] {logging_mixin.py:188} INFO - [2026-05-17T04:10:48.035+0000] {dag.py:3036} INFO - Sync 1 DAGs
[2026-05-17T04:10:48.057+0000] {logging_mixin.py:188} INFO - [2026-05-17T04:10:48.057+0000] {dag.py:3823} INFO - Setting next_dagrun for example_params_trigger_ui to None, run_after=None
[2026-05-17T04:10:48.089+0000] {processor.py:183} INFO - Processing /home/airflow/.local/lib/python3.8/site-packages/airflow/example_dags/example_params_trigger_ui.py took 0.212 seconds
[2026-05-17T04:11:18.167+0000] {processor.py:161} INFO - Started process (PID=6734) to work on /home/airflow/.local/lib/python3.8/site-packages/airflow/example_dags/example_params_trigger_ui.py
[2026-05-17T04:11:18.169+0000] {processor.py:830} INFO - Processing file /home/airflow/.local/lib/python3.8/site-packages/airflow/example_dags/example_params_trigger_ui.py for tasks to queue
[2026-05-17T04:11:18.172+0000] {logging_mixin.py:188} INFO - [2026-05-17T04:11:18.172+0000] {dagbag.py:538} INFO - Filling up the DagBag from /home/airflow/.local/lib/python3.8/site-packages/airflow/example_dags/example_params_trigger_ui.py
[2026-05-17T04:11:18.198+0000] {processor.py:840} INFO - DAG(s) 'example_params_trigger_ui' retrieved from /home/airflow/.local/lib/python3.8/site-packages/airflow/example_dags/example_params_trigger_ui.py
[2026-05-17T04:11:18.302+0000] {logging_mixin.py:188} INFO - [2026-05-17T04:11:18.302+0000] {dag.py:3036} INFO - Sync 1 DAGs
[2026-05-17T04:11:18.322+0000] {logging_mixin.py:188} INFO - [2026-05-17T04:11:18.322+0000] {dag.py:3823} INFO - Setting next_dagrun for example_params_trigger_ui to None, run_after=None
[2026-05-17T04:11:18.355+0000] {processor.py:183} INFO - Processing /home/airflow/.local/lib/python3.8/site-packages/airflow/example_dags/example_params_trigger_ui.py took 0.196 seconds
[2026-05-17T04:11:49.076+0000] {processor.py:161} INFO - Started process (PID=6801) to work on /home/airflow/.local/lib/python3.8/site-packages/airflow/example_dags/example_params_trigger_ui.py
[2026-05-17T04:11:49.078+0000] {processor.py:830} INFO - Processing file /home/airflow/.local/lib/python3.8/site-packages/airflow/example_dags/example_params_trigger_ui.py for tasks to queue
[2026-05-17T04:11:49.081+0000] {logging_mixin.py:188} INFO - [2026-05-17T04:11:49.081+0000] {dagbag.py:538} INFO - Filling up the DagBag from /home/airflow/.local/lib/python3.8/site-packages/airflow/example_dags/example_params_trigger_ui.py
[2026-05-17T04:11:49.107+0000] {processor.py:840} INFO - DAG(s) 'example_params_trigger_ui' retrieved from /home/airflow/.local/lib/python3.8/site-packages/airflow/example_dags/example_params_trigger_ui.py
[2026-05-17T04:11:49.205+0000] {logging_mixin.py:188} INFO - [2026-05-17T04:11:49.205+0000] {dag.py:3036} INFO - Sync 1 DAGs
[2026-05-17T04:11:49.228+0000] {logging_mixin.py:188} INFO - [2026-05-17T04:11:49.227+0000] {dag.py:3823} INFO - Setting next_dagrun for example_params_trigger_ui to None, run_after=None
[2026-05-17T04:11:49.260+0000] {processor.py:183} INFO - Processing /home/airflow/.local/lib/python3.8/site-packages/airflow/example_dags/example_params_trigger_ui.py took 0.189 seconds
[2026-05-17T04:12:19.689+0000] {processor.py:161} INFO - Started process (PID=6867) to work on /home/airflow/.local/lib/python3.8/site-packages/airflow/example_dags/example_params_trigger_ui.py
[2026-05-17T04:12:19.691+0000] {processor.py:830} INFO - Processing file /home/airflow/.local/lib/python3.8/site-packages/airflow/example_dags/example_params_trigger_ui.py for tasks to queue
[2026-05-17T04:12:19.694+0000] {logging_mixin.py:188} INFO - [2026-05-17T04:12:19.694+0000] {dagbag.py:538} INFO - Filling up the DagBag from /home/airflow/.local/lib/python3.8/site-packages/airflow/example_dags/example_params_trigger_ui.py
[2026-05-17T04:12:19.722+0000] {processor.py:840} INFO - DAG(s) 'example_params_trigger_ui' retrieved from /home/airflow/.local/lib/python3.8/site-packages/airflow/example_dags/example_params_trigger_ui.py
[2026-05-17T04:12:19.832+0000] {logging_mixin.py:188} INFO - [2026-05-17T04:12:19.831+0000] {dag.py:3036} INFO - Sync 1 DAGs
[2026-05-17T04:12:19.856+0000] {logging_mixin.py:188} INFO - [2026-05-17T04:12:19.856+0000] {dag.py:3823} INFO - Setting next_dagrun for example_params_trigger_ui to None, run_after=None
[2026-05-17T04:12:19.887+0000] {processor.py:183} INFO - Processing /home/airflow/.local/lib/python3.8/site-packages/airflow/example_dags/example_params_trigger_ui.py took 0.204 seconds
[2026-05-17T04:12:50.219+0000] {processor.py:161} INFO - Started process (PID=6934) to work on /home/airflow/.local/lib/python3.8/site-packages/airflow/example_dags/example_params_trigger_ui.py
[2026-05-17T04:12:50.221+0000] {processor.py:830} INFO - Processing file /home/airflow/.local/lib/python3.8/site-packages/airflow/example_dags/example_params_trigger_ui.py for tasks to queue
[2026-05-17T04:12:50.224+0000] {logging_mixin.py:188} INFO - [2026-05-17T04:12:50.223+0000] {dagbag.py:538} INFO - Filling up the DagBag from /home/airflow/.local/lib/python3.8/site-packages/airflow/example_dags/example_params_trigger_ui.py
[2026-05-17T04:12:50.246+0000] {processor.py:840} INFO - DAG(s) 'example_params_trigger_ui' retrieved from /home/airflow/.local/lib/python3.8/site-packages/airflow/example_dags/example_params_trigger_ui.py
[2026-05-17T04:12:50.346+0000] {logging_mixin.py:188} INFO - [2026-05-17T04:12:50.346+0000] {dag.py:3036} INFO - Sync 1 DAGs
[2026-05-17T04:12:50.367+0000] {logging_mixin.py:188} INFO - [2026-05-17T04:12:50.367+0000] {dag.py:3823} INFO - Setting next_dagrun for example_params_trigger_ui to None, run_after=None
[2026-05-17T04:12:50.399+0000] {processor.py:183} INFO - Processing /home/airflow/.local/lib/python3.8/site-packages/airflow/example_dags/example_params_trigger_ui.py took 0.184 seconds
[2026-05-17T04:13:20.746+0000] {processor.py:161} INFO - Started process (PID=7000) to work on /home/airflow/.local/lib/python3.8/site-packages/airflow/example_dags/example_params_trigger_ui.py
[2026-05-17T04:13:20.747+0000] {processor.py:830} INFO - Processing file /home/airflow/.local/lib/python3.8/site-packages/airflow/example_dags/example_params_trigger_ui.py for tasks to queue
[2026-05-17T04:13:20.749+0000] {logging_mixin.py:188} INFO - [2026-05-17T04:13:20.749+0000] {dagbag.py:538} INFO - Filling up the DagBag from /home/airflow/.local/lib/python3.8/site-packages/airflow/example_dags/example_params_trigger_ui.py
[2026-05-17T04:13:20.770+0000] {processor.py:840} INFO - DAG(s) 'example_params_trigger_ui' retrieved from /home/airflow/.local/lib/python3.8/site-packages/airflow/example_dags/example_params_trigger_ui.py
[2026-05-17T04:13:20.871+0000] {logging_mixin.py:188} INFO - [2026-05-17T04:13:20.870+0000] {dag.py:3036} INFO - Sync 1 DAGs
[2026-05-17T04:13:20.890+0000] {logging_mixin.py:188} INFO - [2026-05-17T04:13:20.890+0000] {dag.py:3823} INFO - Setting next_dagrun for example_params_trigger_ui to None, run_after=None
[2026-05-17T04:13:20.923+0000] {processor.py:183} INFO - Processing /home/airflow/.local/lib/python3.8/site-packages/airflow/example_dags/example_params_trigger_ui.py took 0.182 seconds
[2026-05-17T04:13:51.218+0000] {processor.py:161} INFO - Started process (PID=7073) to work on /home/airflow/.local/lib/python3.8/site-packages/airflow/example_dags/example_params_trigger_ui.py
[2026-05-17T04:13:51.219+0000] {processor.py:830} INFO - Processing file /home/airflow/.local/lib/python3.8/site-packages/airflow/example_dags/example_params_trigger_ui.py for tasks to queue
[2026-05-17T04:13:51.222+0000] {logging_mixin.py:188} INFO - [2026-05-17T04:13:51.222+0000] {dagbag.py:538} INFO - Filling up the DagBag from /home/airflow/.local/lib/python3.8/site-packages/airflow/example_dags/example_params_trigger_ui.py
[2026-05-17T04:13:51.246+0000] {processor.py:840} INFO - DAG(s) 'example_params_trigger_ui' retrieved from /home/airflow/.local/lib/python3.8/site-packages/airflow/example_dags/example_params_trigger_ui.py
[2026-05-17T04:13:51.357+0000] {logging_mixin.py:188} INFO - [2026-05-17T04:13:51.357+0000] {dag.py:3036} INFO - Sync 1 DAGs
[2026-05-17T04:13:51.386+0000] {logging_mixin.py:188} INFO - [2026-05-17T04:13:51.386+0000] {dag.py:3823} INFO - Setting next_dagrun for example_params_trigger_ui to None, run_after=None
[2026-05-17T04:13:51.427+0000] {processor.py:183} INFO - Processing /home/airflow/.local/lib/python3.8/site-packages/airflow/example_dags/example_params_trigger_ui.py took 0.214 seconds
[2026-05-17T04:14:21.619+0000] {processor.py:161} INFO - Started process (PID=7141) to work on /home/airflow/.local/lib/python3.8/site-packages/airflow/example_dags/example_params_trigger_ui.py
[2026-05-17T04:14:21.621+0000] {processor.py:830} INFO - Processing file /home/airflow/.local/lib/python3.8/site-packages/airflow/example_dags/example_params_trigger_ui.py for tasks to queue
[2026-05-17T04:14:21.624+0000] {logging_mixin.py:188} INFO - [2026-05-17T04:14:21.624+0000] {dagbag.py:538} INFO - Filling up the DagBag from /home/airflow/.local/lib/python3.8/site-packages/airflow/example_dags/example_params_trigger_ui.py
[2026-05-17T04:14:21.646+0000] {processor.py:840} INFO - DAG(s) 'example_params_trigger_ui' retrieved from /home/airflow/.local/lib/python3.8/site-packages/airflow/example_dags/example_params_trigger_ui.py
[2026-05-17T04:14:21.761+0000] {logging_mixin.py:188} INFO - [2026-05-17T04:14:21.760+0000] {dag.py:3036} INFO - Sync 1 DAGs
[2026-05-17T04:14:21.783+0000] {logging_mixin.py:188} INFO - [2026-05-17T04:14:21.782+0000] {dag.py:3823} INFO - Setting next_dagrun for example_params_trigger_ui to None, run_after=None
[2026-05-17T04:14:21.814+0000] {processor.py:183} INFO - Processing /home/airflow/.local/lib/python3.8/site-packages/airflow/example_dags/example_params_trigger_ui.py took 0.200 seconds
[2026-05-17T04:14:52.094+0000] {processor.py:161} INFO - Started process (PID=7208) to work on /home/airflow/.local/lib/python3.8/site-packages/airflow/example_dags/example_params_trigger_ui.py
[2026-05-17T04:14:52.096+0000] {processor.py:830} INFO - Processing file /home/airflow/.local/lib/python3.8/site-packages/airflow/example_dags/example_params_trigger_ui.py for tasks to queue
[2026-05-17T04:14:52.099+0000] {logging_mixin.py:188} INFO - [2026-05-17T04:14:52.099+0000] {dagbag.py:538} INFO - Filling up the DagBag from /home/airflow/.local/lib/python3.8/site-packages/airflow/example_dags/example_params_trigger_ui.py
[2026-05-17T04:14:52.144+0000] {processor.py:840} INFO - DAG(s) 'example_params_trigger_ui' retrieved from /home/airflow/.local/lib/python3.8/site-packages/airflow/example_dags/example_params_trigger_ui.py
[2026-05-17T04:14:52.274+0000] {logging_mixin.py:188} INFO - [2026-05-17T04:14:52.274+0000] {dag.py:3036} INFO - Sync 1 DAGs
[2026-05-17T04:14:52.307+0000] {logging_mixin.py:188} INFO - [2026-05-17T04:14:52.307+0000] {dag.py:3823} INFO - Setting next_dagrun for example_params_trigger_ui to None, run_after=None
[2026-05-17T04:14:52.342+0000] {processor.py:183} INFO - Processing /home/airflow/.local/lib/python3.8/site-packages/airflow/example_dags/example_params_trigger_ui.py took 0.254 seconds
[2026-05-17T04:15:22.750+0000] {processor.py:161} INFO - Started process (PID=7274) to work on /home/airflow/.local/lib/python3.8/site-packages/airflow/example_dags/example_params_trigger_ui.py
[2026-05-17T04:15:22.752+0000] {processor.py:830} INFO - Processing file /home/airflow/.local/lib/python3.8/site-packages/airflow/example_dags/example_params_trigger_ui.py for tasks to queue
[2026-05-17T04:15:22.755+0000] {logging_mixin.py:188} INFO - [2026-05-17T04:15:22.754+0000] {dagbag.py:538} INFO - Filling up the DagBag from /home/airflow/.local/lib/python3.8/site-packages/airflow/example_dags/example_params_trigger_ui.py
[2026-05-17T04:15:22.782+0000] {processor.py:840} INFO - DAG(s) 'example_params_trigger_ui' retrieved from /home/airflow/.local/lib/python3.8/site-packages/airflow/example_dags/example_params_trigger_ui.py
[2026-05-17T04:15:22.902+0000] {logging_mixin.py:188} INFO - [2026-05-17T04:15:22.902+0000] {dag.py:3036} INFO - Sync 1 DAGs
[2026-05-17T04:15:22.923+0000] {logging_mixin.py:188} INFO - [2026-05-17T04:15:22.923+0000] {dag.py:3823} INFO - Setting next_dagrun for example_params_trigger_ui to None, run_after=None
[2026-05-17T04:15:22.954+0000] {processor.py:183} INFO - Processing /home/airflow/.local/lib/python3.8/site-packages/airflow/example_dags/example_params_trigger_ui.py took 0.215 seconds
[2026-05-17T04:15:53.798+0000] {processor.py:161} INFO - Started process (PID=7341) to work on /home/airflow/.local/lib/python3.8/site-packages/airflow/example_dags/example_params_trigger_ui.py
[2026-05-17T04:15:53.799+0000] {processor.py:830} INFO - Processing file /home/airflow/.local/lib/python3.8/site-packages/airflow/example_dags/example_params_trigger_ui.py for tasks to queue
[2026-05-17T04:15:53.802+0000] {logging_mixin.py:188} INFO - [2026-05-17T04:15:53.802+0000] {dagbag.py:538} INFO - Filling up the DagBag from /home/airflow/.local/lib/python3.8/site-packages/airflow/example_dags/example_params_trigger_ui.py
[2026-05-17T04:15:53.824+0000] {processor.py:840} INFO - DAG(s) 'example_params_trigger_ui' retrieved from /home/airflow/.local/lib/python3.8/site-packages/airflow/example_dags/example_params_trigger_ui.py
[2026-05-17T04:15:53.939+0000] {logging_mixin.py:188} INFO - [2026-05-17T04:15:53.939+0000] {dag.py:3036} INFO - Sync 1 DAGs
[2026-05-17T04:15:53.960+0000] {logging_mixin.py:188} INFO - [2026-05-17T04:15:53.960+0000] {dag.py:3823} INFO - Setting next_dagrun for example_params_trigger_ui to None, run_after=None
[2026-05-17T04:15:53.993+0000] {processor.py:183} INFO - Processing /home/airflow/.local/lib/python3.8/site-packages/airflow/example_dags/example_params_trigger_ui.py took 0.201 seconds
[2026-05-17T04:16:24.092+0000] {processor.py:161} INFO - Started process (PID=7407) to work on /home/airflow/.local/lib/python3.8/site-packages/airflow/example_dags/example_params_trigger_ui.py
[2026-05-17T04:16:24.094+0000] {processor.py:830} INFO - Processing file /home/airflow/.local/lib/python3.8/site-packages/airflow/example_dags/example_params_trigger_ui.py for tasks to queue
[2026-05-17T04:16:24.097+0000] {logging_mixin.py:188} INFO - [2026-05-17T04:16:24.096+0000] {dagbag.py:538} INFO - Filling up the DagBag from /home/airflow/.local/lib/python3.8/site-packages/airflow/example_dags/example_params_trigger_ui.py
[2026-05-17T04:16:24.119+0000] {processor.py:840} INFO - DAG(s) 'example_params_trigger_ui' retrieved from /home/airflow/.local/lib/python3.8/site-packages/airflow/example_dags/example_params_trigger_ui.py
[2026-05-17T04:16:24.218+0000] {logging_mixin.py:188} INFO - [2026-05-17T04:16:24.218+0000] {dag.py:3036} INFO - Sync 1 DAGs
[2026-05-17T04:16:24.241+0000] {logging_mixin.py:188} INFO - [2026-05-17T04:16:24.241+0000] {dag.py:3823} INFO - Setting next_dagrun for example_params_trigger_ui to None, run_after=None
[2026-05-17T04:16:24.272+0000] {processor.py:183} INFO - Processing /home/airflow/.local/lib/python3.8/site-packages/airflow/example_dags/example_params_trigger_ui.py took 0.186 seconds
[2026-05-17T04:16:55.174+0000] {processor.py:161} INFO - Started process (PID=7472) to work on /home/airflow/.local/lib/python3.8/site-packages/airflow/example_dags/example_params_trigger_ui.py
[2026-05-17T04:16:55.176+0000] {processor.py:830} INFO - Processing file /home/airflow/.local/lib/python3.8/site-packages/airflow/example_dags/example_params_trigger_ui.py for tasks to queue
[2026-05-17T04:16:55.179+0000] {logging_mixin.py:188} INFO - [2026-05-17T04:16:55.178+0000] {dagbag.py:538} INFO - Filling up the DagBag from /home/airflow/.local/lib/python3.8/site-packages/airflow/example_dags/example_params_trigger_ui.py
[2026-05-17T04:16:55.200+0000] {processor.py:840} INFO - DAG(s) 'example_params_trigger_ui' retrieved from /home/airflow/.local/lib/python3.8/site-packages/airflow/example_dags/example_params_trigger_ui.py
[2026-05-17T04:16:55.315+0000] {logging_mixin.py:188} INFO - [2026-05-17T04:16:55.315+0000] {dag.py:3036} INFO - Sync 1 DAGs
[2026-05-17T04:16:55.335+0000] {logging_mixin.py:188} INFO - [2026-05-17T04:16:55.334+0000] {dag.py:3823} INFO - Setting next_dagrun for example_params_trigger_ui to None, run_after=None
[2026-05-17T04:16:55.363+0000] {processor.py:183} INFO - Processing /home/airflow/.local/lib/python3.8/site-packages/airflow/example_dags/example_params_trigger_ui.py took 0.194 seconds
[2026-05-17T04:17:25.401+0000] {processor.py:161} INFO - Started process (PID=7537) to work on /home/airflow/.local/lib/python3.8/site-packages/airflow/example_dags/example_params_trigger_ui.py
[2026-05-17T04:17:25.402+0000] {processor.py:830} INFO - Processing file /home/airflow/.local/lib/python3.8/site-packages/airflow/example_dags/example_params_trigger_ui.py for tasks to queue
[2026-05-17T04:17:25.405+0000] {logging_mixin.py:188} INFO - [2026-05-17T04:17:25.405+0000] {dagbag.py:538} INFO - Filling up the DagBag from /home/airflow/.local/lib/python3.8/site-packages/airflow/example_dags/example_params_trigger_ui.py
[2026-05-17T04:17:25.427+0000] {processor.py:840} INFO - DAG(s) 'example_params_trigger_ui' retrieved from /home/airflow/.local/lib/python3.8/site-packages/airflow/example_dags/example_params_trigger_ui.py
[2026-05-17T04:17:25.525+0000] {logging_mixin.py:188} INFO - [2026-05-17T04:17:25.524+0000] {dag.py:3036} INFO - Sync 1 DAGs
[2026-05-17T04:17:25.549+0000] {logging_mixin.py:188} INFO - [2026-05-17T04:17:25.548+0000] {dag.py:3823} INFO - Setting next_dagrun for example_params_trigger_ui to None, run_after=None
[2026-05-17T04:17:25.581+0000] {processor.py:183} INFO - Processing /home/airflow/.local/lib/python3.8/site-packages/airflow/example_dags/example_params_trigger_ui.py took 0.185 seconds
[2026-05-17T04:17:55.792+0000] {processor.py:161} INFO - Started process (PID=7604) to work on /home/airflow/.local/lib/python3.8/site-packages/airflow/example_dags/example_params_trigger_ui.py
[2026-05-17T04:17:55.794+0000] {processor.py:830} INFO - Processing file /home/airflow/.local/lib/python3.8/site-packages/airflow/example_dags/example_params_trigger_ui.py for tasks to queue
[2026-05-17T04:17:55.796+0000] {logging_mixin.py:188} INFO - [2026-05-17T04:17:55.796+0000] {dagbag.py:538} INFO - Filling up the DagBag from /home/airflow/.local/lib/python3.8/site-packages/airflow/example_dags/example_params_trigger_ui.py
[2026-05-17T04:17:55.817+0000] {processor.py:840} INFO - DAG(s) 'example_params_trigger_ui' retrieved from /home/airflow/.local/lib/python3.8/site-packages/airflow/example_dags/example_params_trigger_ui.py
[2026-05-17T04:17:55.925+0000] {logging_mixin.py:188} INFO - [2026-05-17T04:17:55.925+0000] {dag.py:3036} INFO - Sync 1 DAGs
[2026-05-17T04:17:55.946+0000] {logging_mixin.py:188} INFO - [2026-05-17T04:17:55.945+0000] {dag.py:3823} INFO - Setting next_dagrun for example_params_trigger_ui to None, run_after=None
[2026-05-17T04:17:55.980+0000] {processor.py:183} INFO - Processing /home/airflow/.local/lib/python3.8/site-packages/airflow/example_dags/example_params_trigger_ui.py took 0.194 seconds
[2026-05-17T04:18:26.059+0000] {processor.py:161} INFO - Started process (PID=7671) to work on /home/airflow/.local/lib/python3.8/site-packages/airflow/example_dags/example_params_trigger_ui.py
[2026-05-17T04:18:26.060+0000] {processor.py:830} INFO - Processing file /home/airflow/.local/lib/python3.8/site-packages/airflow/example_dags/example_params_trigger_ui.py for tasks to queue
[2026-05-17T04:18:26.064+0000] {logging_mixin.py:188} INFO - [2026-05-17T04:18:26.063+0000] {dagbag.py:538} INFO - Filling up the DagBag from /home/airflow/.local/lib/python3.8/site-packages/airflow/example_dags/example_params_trigger_ui.py
[2026-05-17T04:18:26.087+0000] {processor.py:840} INFO - DAG(s) 'example_params_trigger_ui' retrieved from /home/airflow/.local/lib/python3.8/site-packages/airflow/example_dags/example_params_trigger_ui.py
[2026-05-17T04:18:26.188+0000] {logging_mixin.py:188} INFO - [2026-05-17T04:18:26.188+0000] {dag.py:3036} INFO - Sync 1 DAGs
[2026-05-17T04:18:26.208+0000] {logging_mixin.py:188} INFO - [2026-05-17T04:18:26.208+0000] {dag.py:3823} INFO - Setting next_dagrun for example_params_trigger_ui to None, run_after=None
[2026-05-17T04:18:26.242+0000] {processor.py:183} INFO - Processing /home/airflow/.local/lib/python3.8/site-packages/airflow/example_dags/example_params_trigger_ui.py took 0.188 seconds
[2026-05-17T04:18:56.318+0000] {processor.py:161} INFO - Started process (PID=7737) to work on /home/airflow/.local/lib/python3.8/site-packages/airflow/example_dags/example_params_trigger_ui.py
[2026-05-17T04:18:56.320+0000] {processor.py:830} INFO - Processing file /home/airflow/.local/lib/python3.8/site-packages/airflow/example_dags/example_params_trigger_ui.py for tasks to queue
[2026-05-17T04:18:56.324+0000] {logging_mixin.py:188} INFO - [2026-05-17T04:18:56.323+0000] {dagbag.py:538} INFO - Filling up the DagBag from /home/airflow/.local/lib/python3.8/site-packages/airflow/example_dags/example_params_trigger_ui.py
[2026-05-17T04:18:56.348+0000] {processor.py:840} INFO - DAG(s) 'example_params_trigger_ui' retrieved from /home/airflow/.local/lib/python3.8/site-packages/airflow/example_dags/example_params_trigger_ui.py
[2026-05-17T04:18:56.457+0000] {logging_mixin.py:188} INFO - [2026-05-17T04:18:56.456+0000] {dag.py:3036} INFO - Sync 1 DAGs
[2026-05-17T04:18:56.477+0000] {logging_mixin.py:188} INFO - [2026-05-17T04:18:56.477+0000] {dag.py:3823} INFO - Setting next_dagrun for example_params_trigger_ui to None, run_after=None
[2026-05-17T04:18:56.510+0000] {processor.py:183} INFO - Processing /home/airflow/.local/lib/python3.8/site-packages/airflow/example_dags/example_params_trigger_ui.py took 0.197 seconds
[2026-05-17T04:19:26.850+0000] {processor.py:161} INFO - Started process (PID=7802) to work on /home/airflow/.local/lib/python3.8/site-packages/airflow/example_dags/example_params_trigger_ui.py
[2026-05-17T04:19:26.852+0000] {processor.py:830} INFO - Processing file /home/airflow/.local/lib/python3.8/site-packages/airflow/example_dags/example_params_trigger_ui.py for tasks to queue
[2026-05-17T04:19:26.854+0000] {logging_mixin.py:188} INFO - [2026-05-17T04:19:26.854+0000] {dagbag.py:538} INFO - Filling up the DagBag from /home/airflow/.local/lib/python3.8/site-packages/airflow/example_dags/example_params_trigger_ui.py
[2026-05-17T04:19:26.879+0000] {processor.py:840} INFO - DAG(s) 'example_params_trigger_ui' retrieved from /home/airflow/.local/lib/python3.8/site-packages/airflow/example_dags/example_params_trigger_ui.py
[2026-05-17T04:19:26.999+0000] {logging_mixin.py:188} INFO - [2026-05-17T04:19:26.998+0000] {dag.py:3036} INFO - Sync 1 DAGs
[2026-05-17T04:19:27.023+0000] {logging_mixin.py:188} INFO - [2026-05-17T04:19:27.023+0000] {dag.py:3823} INFO - Setting next_dagrun for example_params_trigger_ui to None, run_after=None
[2026-05-17T04:19:27.053+0000] {processor.py:183} INFO - Processing /home/airflow/.local/lib/python3.8/site-packages/airflow/example_dags/example_params_trigger_ui.py took 0.208 seconds
[2026-05-17T04:19:57.218+0000] {processor.py:161} INFO - Started process (PID=7868) to work on /home/airflow/.local/lib/python3.8/site-packages/airflow/example_dags/example_params_trigger_ui.py
[2026-05-17T04:19:57.219+0000] {processor.py:830} INFO - Processing file /home/airflow/.local/lib/python3.8/site-packages/airflow/example_dags/example_params_trigger_ui.py for tasks to queue
[2026-05-17T04:19:57.222+0000] {logging_mixin.py:188} INFO - [2026-05-17T04:19:57.221+0000] {dagbag.py:538} INFO - Filling up the DagBag from /home/airflow/.local/lib/python3.8/site-packages/airflow/example_dags/example_params_trigger_ui.py
[2026-05-17T04:19:57.244+0000] {processor.py:840} INFO - DAG(s) 'example_params_trigger_ui' retrieved from /home/airflow/.local/lib/python3.8/site-packages/airflow/example_dags/example_params_trigger_ui.py
[2026-05-17T04:19:57.363+0000] {logging_mixin.py:188} INFO - [2026-05-17T04:19:57.362+0000] {dag.py:3036} INFO - Sync 1 DAGs
[2026-05-17T04:19:57.385+0000] {logging_mixin.py:188} INFO - [2026-05-17T04:19:57.385+0000] {dag.py:3823} INFO - Setting next_dagrun for example_params_trigger_ui to None, run_after=None
[2026-05-17T04:19:57.419+0000] {processor.py:183} INFO - Processing /home/airflow/.local/lib/python3.8/site-packages/airflow/example_dags/example_params_trigger_ui.py took 0.207 seconds
[2026-05-17T04:20:27.675+0000] {processor.py:161} INFO - Started process (PID=7943) to work on /home/airflow/.local/lib/python3.8/site-packages/airflow/example_dags/example_params_trigger_ui.py
[2026-05-17T04:20:27.677+0000] {processor.py:830} INFO - Processing file /home/airflow/.local/lib/python3.8/site-packages/airflow/example_dags/example_params_trigger_ui.py for tasks to queue
[2026-05-17T04:20:27.680+0000] {logging_mixin.py:188} INFO - [2026-05-17T04:20:27.680+0000] {dagbag.py:538} INFO - Filling up the DagBag from /home/airflow/.local/lib/python3.8/site-packages/airflow/example_dags/example_params_trigger_ui.py
[2026-05-17T04:20:27.707+0000] {processor.py:840} INFO - DAG(s) 'example_params_trigger_ui' retrieved from /home/airflow/.local/lib/python3.8/site-packages/airflow/example_dags/example_params_trigger_ui.py
[2026-05-17T04:20:27.828+0000] {logging_mixin.py:188} INFO - [2026-05-17T04:20:27.828+0000] {dag.py:3036} INFO - Sync 1 DAGs
[2026-05-17T04:20:27.854+0000] {logging_mixin.py:188} INFO - [2026-05-17T04:20:27.854+0000] {dag.py:3823} INFO - Setting next_dagrun for example_params_trigger_ui to None, run_after=None
[2026-05-17T04:20:27.891+0000] {processor.py:183} INFO - Processing /home/airflow/.local/lib/python3.8/site-packages/airflow/example_dags/example_params_trigger_ui.py took 0.221 seconds
[2026-05-17T04:20:58.727+0000] {processor.py:161} INFO - Started process (PID=8009) to work on /home/airflow/.local/lib/python3.8/site-packages/airflow/example_dags/example_params_trigger_ui.py
[2026-05-17T04:20:58.728+0000] {processor.py:830} INFO - Processing file /home/airflow/.local/lib/python3.8/site-packages/airflow/example_dags/example_params_trigger_ui.py for tasks to queue
[2026-05-17T04:20:58.731+0000] {logging_mixin.py:188} INFO - [2026-05-17T04:20:58.731+0000] {dagbag.py:538} INFO - Filling up the DagBag from /home/airflow/.local/lib/python3.8/site-packages/airflow/example_dags/example_params_trigger_ui.py
[2026-05-17T04:20:58.754+0000] {processor.py:840} INFO - DAG(s) 'example_params_trigger_ui' retrieved from /home/airflow/.local/lib/python3.8/site-packages/airflow/example_dags/example_params_trigger_ui.py
[2026-05-17T04:20:58.881+0000] {logging_mixin.py:188} INFO - [2026-05-17T04:20:58.880+0000] {dag.py:3036} INFO - Sync 1 DAGs
[2026-05-17T04:20:58.907+0000] {logging_mixin.py:188} INFO - [2026-05-17T04:20:58.906+0000] {dag.py:3823} INFO - Setting next_dagrun for example_params_trigger_ui to None, run_after=None
[2026-05-17T04:20:58.938+0000] {processor.py:183} INFO - Processing /home/airflow/.local/lib/python3.8/site-packages/airflow/example_dags/example_params_trigger_ui.py took 0.217 seconds
[2026-05-17T04:21:29.140+0000] {processor.py:161} INFO - Started process (PID=8075) to work on /home/airflow/.local/lib/python3.8/site-packages/airflow/example_dags/example_params_trigger_ui.py
[2026-05-17T04:21:29.142+0000] {processor.py:830} INFO - Processing file /home/airflow/.local/lib/python3.8/site-packages/airflow/example_dags/example_params_trigger_ui.py for tasks to queue
[2026-05-17T04:21:29.145+0000] {logging_mixin.py:188} INFO - [2026-05-17T04:21:29.144+0000] {dagbag.py:538} INFO - Filling up the DagBag from /home/airflow/.local/lib/python3.8/site-packages/airflow/example_dags/example_params_trigger_ui.py
[2026-05-17T04:21:29.165+0000] {processor.py:840} INFO - DAG(s) 'example_params_trigger_ui' retrieved from /home/airflow/.local/lib/python3.8/site-packages/airflow/example_dags/example_params_trigger_ui.py
[2026-05-17T04:21:29.263+0000] {logging_mixin.py:188} INFO - [2026-05-17T04:21:29.263+0000] {dag.py:3036} INFO - Sync 1 DAGs
[2026-05-17T04:21:29.285+0000] {logging_mixin.py:188} INFO - [2026-05-17T04:21:29.284+0000] {dag.py:3823} INFO - Setting next_dagrun for example_params_trigger_ui to None, run_after=None
[2026-05-17T04:21:29.312+0000] {processor.py:183} INFO - Processing /home/airflow/.local/lib/python3.8/site-packages/airflow/example_dags/example_params_trigger_ui.py took 0.177 seconds
[2026-05-17T04:21:59.492+0000] {processor.py:161} INFO - Started process (PID=8141) to work on /home/airflow/.local/lib/python3.8/site-packages/airflow/example_dags/example_params_trigger_ui.py
[2026-05-17T04:21:59.493+0000] {processor.py:830} INFO - Processing file /home/airflow/.local/lib/python3.8/site-packages/airflow/example_dags/example_params_trigger_ui.py for tasks to queue
[2026-05-17T04:21:59.496+0000] {logging_mixin.py:188} INFO - [2026-05-17T04:21:59.495+0000] {dagbag.py:538} INFO - Filling up the DagBag from /home/airflow/.local/lib/python3.8/site-packages/airflow/example_dags/example_params_trigger_ui.py
[2026-05-17T04:21:59.517+0000] {processor.py:840} INFO - DAG(s) 'example_params_trigger_ui' retrieved from /home/airflow/.local/lib/python3.8/site-packages/airflow/example_dags/example_params_trigger_ui.py
[2026-05-17T04:21:59.622+0000] {logging_mixin.py:188} INFO - [2026-05-17T04:21:59.621+0000] {dag.py:3036} INFO - Sync 1 DAGs
[2026-05-17T04:21:59.642+0000] {logging_mixin.py:188} INFO - [2026-05-17T04:21:59.642+0000] {dag.py:3823} INFO - Setting next_dagrun for example_params_trigger_ui to None, run_after=None
[2026-05-17T04:21:59.671+0000] {processor.py:183} INFO - Processing /home/airflow/.local/lib/python3.8/site-packages/airflow/example_dags/example_params_trigger_ui.py took 0.184 seconds
[2026-05-17T04:22:29.929+0000] {processor.py:161} INFO - Started process (PID=8207) to work on /home/airflow/.local/lib/python3.8/site-packages/airflow/example_dags/example_params_trigger_ui.py
[2026-05-17T04:22:29.931+0000] {processor.py:830} INFO - Processing file /home/airflow/.local/lib/python3.8/site-packages/airflow/example_dags/example_params_trigger_ui.py for tasks to queue
[2026-05-17T04:22:29.933+0000] {logging_mixin.py:188} INFO - [2026-05-17T04:22:29.933+0000] {dagbag.py:538} INFO - Filling up the DagBag from /home/airflow/.local/lib/python3.8/site-packages/airflow/example_dags/example_params_trigger_ui.py
[2026-05-17T04:22:29.954+0000] {processor.py:840} INFO - DAG(s) 'example_params_trigger_ui' retrieved from /home/airflow/.local/lib/python3.8/site-packages/airflow/example_dags/example_params_trigger_ui.py
[2026-05-17T04:22:30.070+0000] {logging_mixin.py:188} INFO - [2026-05-17T04:22:30.070+0000] {dag.py:3036} INFO - Sync 1 DAGs
[2026-05-17T04:22:30.091+0000] {logging_mixin.py:188} INFO - [2026-05-17T04:22:30.091+0000] {dag.py:3823} INFO - Setting next_dagrun for example_params_trigger_ui to None, run_after=None
[2026-05-17T04:22:30.122+0000] {processor.py:183} INFO - Processing /home/airflow/.local/lib/python3.8/site-packages/airflow/example_dags/example_params_trigger_ui.py took 0.198 seconds
[2026-05-17T04:23:00.211+0000] {processor.py:161} INFO - Started process (PID=8272) to work on /home/airflow/.local/lib/python3.8/site-packages/airflow/example_dags/example_params_trigger_ui.py
[2026-05-17T04:23:00.213+0000] {processor.py:830} INFO - Processing file /home/airflow/.local/lib/python3.8/site-packages/airflow/example_dags/example_params_trigger_ui.py for tasks to queue
[2026-05-17T04:23:00.216+0000] {logging_mixin.py:188} INFO - [2026-05-17T04:23:00.216+0000] {dagbag.py:538} INFO - Filling up the DagBag from /home/airflow/.local/lib/python3.8/site-packages/airflow/example_dags/example_params_trigger_ui.py
[2026-05-17T04:23:00.243+0000] {processor.py:840} INFO - DAG(s) 'example_params_trigger_ui' retrieved from /home/airflow/.local/lib/python3.8/site-packages/airflow/example_dags/example_params_trigger_ui.py
[2026-05-17T04:23:00.363+0000] {logging_mixin.py:188} INFO - [2026-05-17T04:23:00.363+0000] {dag.py:3036} INFO - Sync 1 DAGs
[2026-05-17T04:23:00.388+0000] {logging_mixin.py:188} INFO - [2026-05-17T04:23:00.388+0000] {dag.py:3823} INFO - Setting next_dagrun for example_params_trigger_ui to None, run_after=None
[2026-05-17T04:23:00.434+0000] {processor.py:183} INFO - Processing /home/airflow/.local/lib/python3.8/site-packages/airflow/example_dags/example_params_trigger_ui.py took 0.228 seconds
[2026-05-17T04:23:30.898+0000] {processor.py:161} INFO - Started process (PID=8338) to work on /home/airflow/.local/lib/python3.8/site-packages/airflow/example_dags/example_params_trigger_ui.py
[2026-05-17T04:23:30.900+0000] {processor.py:830} INFO - Processing file /home/airflow/.local/lib/python3.8/site-packages/airflow/example_dags/example_params_trigger_ui.py for tasks to queue
[2026-05-17T04:23:30.902+0000] {logging_mixin.py:188} INFO - [2026-05-17T04:23:30.902+0000] {dagbag.py:538} INFO - Filling up the DagBag from /home/airflow/.local/lib/python3.8/site-packages/airflow/example_dags/example_params_trigger_ui.py
[2026-05-17T04:23:30.923+0000] {processor.py:840} INFO - DAG(s) 'example_params_trigger_ui' retrieved from /home/airflow/.local/lib/python3.8/site-packages/airflow/example_dags/example_params_trigger_ui.py
[2026-05-17T04:23:31.025+0000] {logging_mixin.py:188} INFO - [2026-05-17T04:23:31.024+0000] {dag.py:3036} INFO - Sync 1 DAGs
[2026-05-17T04:23:31.046+0000] {logging_mixin.py:188} INFO - [2026-05-17T04:23:31.045+0000] {dag.py:3823} INFO - Setting next_dagrun for example_params_trigger_ui to None, run_after=None
[2026-05-17T04:23:31.077+0000] {processor.py:183} INFO - Processing /home/airflow/.local/lib/python3.8/site-packages/airflow/example_dags/example_params_trigger_ui.py took 0.184 seconds
[2026-05-17T04:24:01.392+0000] {processor.py:161} INFO - Started process (PID=8404) to work on /home/airflow/.local/lib/python3.8/site-packages/airflow/example_dags/example_params_trigger_ui.py
[2026-05-17T04:24:01.393+0000] {processor.py:830} INFO - Processing file /home/airflow/.local/lib/python3.8/site-packages/airflow/example_dags/example_params_trigger_ui.py for tasks to queue
[2026-05-17T04:24:01.396+0000] {logging_mixin.py:188} INFO - [2026-05-17T04:24:01.395+0000] {dagbag.py:538} INFO - Filling up the DagBag from /home/airflow/.local/lib/python3.8/site-packages/airflow/example_dags/example_params_trigger_ui.py
[2026-05-17T04:24:01.418+0000] {processor.py:840} INFO - DAG(s) 'example_params_trigger_ui' retrieved from /home/airflow/.local/lib/python3.8/site-packages/airflow/example_dags/example_params_trigger_ui.py
[2026-05-17T04:24:01.521+0000] {logging_mixin.py:188} INFO - [2026-05-17T04:24:01.520+0000] {dag.py:3036} INFO - Sync 1 DAGs
[2026-05-17T04:24:01.542+0000] {logging_mixin.py:188} INFO - [2026-05-17T04:24:01.542+0000] {dag.py:3823} INFO - Setting next_dagrun for example_params_trigger_ui to None, run_after=None
[2026-05-17T04:24:01.572+0000] {processor.py:183} INFO - Processing /home/airflow/.local/lib/python3.8/site-packages/airflow/example_dags/example_params_trigger_ui.py took 0.186 seconds
[2026-05-17T04:24:31.786+0000] {processor.py:161} INFO - Started process (PID=8469) to work on /home/airflow/.local/lib/python3.8/site-packages/airflow/example_dags/example_params_trigger_ui.py
[2026-05-17T04:24:31.787+0000] {processor.py:830} INFO - Processing file /home/airflow/.local/lib/python3.8/site-packages/airflow/example_dags/example_params_trigger_ui.py for tasks to queue
[2026-05-17T04:24:31.791+0000] {logging_mixin.py:188} INFO - [2026-05-17T04:24:31.790+0000] {dagbag.py:538} INFO - Filling up the DagBag from /home/airflow/.local/lib/python3.8/site-packages/airflow/example_dags/example_params_trigger_ui.py
[2026-05-17T04:24:31.817+0000] {processor.py:840} INFO - DAG(s) 'example_params_trigger_ui' retrieved from /home/airflow/.local/lib/python3.8/site-packages/airflow/example_dags/example_params_trigger_ui.py
[2026-05-17T04:24:31.923+0000] {logging_mixin.py:188} INFO - [2026-05-17T04:24:31.923+0000] {dag.py:3036} INFO - Sync 1 DAGs
[2026-05-17T04:24:31.946+0000] {logging_mixin.py:188} INFO - [2026-05-17T04:24:31.946+0000] {dag.py:3823} INFO - Setting next_dagrun for example_params_trigger_ui to None, run_after=None
[2026-05-17T04:24:31.979+0000] {processor.py:183} INFO - Processing /home/airflow/.local/lib/python3.8/site-packages/airflow/example_dags/example_params_trigger_ui.py took 0.198 seconds
[2026-05-17T04:25:02.539+0000] {processor.py:161} INFO - Started process (PID=8534) to work on /home/airflow/.local/lib/python3.8/site-packages/airflow/example_dags/example_params_trigger_ui.py
[2026-05-17T04:25:02.541+0000] {processor.py:830} INFO - Processing file /home/airflow/.local/lib/python3.8/site-packages/airflow/example_dags/example_params_trigger_ui.py for tasks to queue
[2026-05-17T04:25:02.544+0000] {logging_mixin.py:188} INFO - [2026-05-17T04:25:02.543+0000] {dagbag.py:538} INFO - Filling up the DagBag from /home/airflow/.local/lib/python3.8/site-packages/airflow/example_dags/example_params_trigger_ui.py
[2026-05-17T04:25:02.568+0000] {processor.py:840} INFO - DAG(s) 'example_params_trigger_ui' retrieved from /home/airflow/.local/lib/python3.8/site-packages/airflow/example_dags/example_params_trigger_ui.py
[2026-05-17T04:25:02.679+0000] {logging_mixin.py:188} INFO - [2026-05-17T04:25:02.679+0000] {dag.py:3036} INFO - Sync 1 DAGs
[2026-05-17T04:25:02.705+0000] {logging_mixin.py:188} INFO - [2026-05-17T04:25:02.704+0000] {dag.py:3823} INFO - Setting next_dagrun for example_params_trigger_ui to None, run_after=None
[2026-05-17T04:25:02.741+0000] {processor.py:183} INFO - Processing /home/airflow/.local/lib/python3.8/site-packages/airflow/example_dags/example_params_trigger_ui.py took 0.208 seconds
[2026-05-17T04:25:32.808+0000] {processor.py:161} INFO - Started process (PID=8607) to work on /home/airflow/.local/lib/python3.8/site-packages/airflow/example_dags/example_params_trigger_ui.py
[2026-05-17T04:25:32.809+0000] {processor.py:830} INFO - Processing file /home/airflow/.local/lib/python3.8/site-packages/airflow/example_dags/example_params_trigger_ui.py for tasks to queue
[2026-05-17T04:25:32.812+0000] {logging_mixin.py:188} INFO - [2026-05-17T04:25:32.812+0000] {dagbag.py:538} INFO - Filling up the DagBag from /home/airflow/.local/lib/python3.8/site-packages/airflow/example_dags/example_params_trigger_ui.py
[2026-05-17T04:25:32.838+0000] {processor.py:840} INFO - DAG(s) 'example_params_trigger_ui' retrieved from /home/airflow/.local/lib/python3.8/site-packages/airflow/example_dags/example_params_trigger_ui.py
[2026-05-17T04:25:32.935+0000] {logging_mixin.py:188} INFO - [2026-05-17T04:25:32.934+0000] {dag.py:3036} INFO - Sync 1 DAGs
[2026-05-17T04:25:32.958+0000] {logging_mixin.py:188} INFO - [2026-05-17T04:25:32.958+0000] {dag.py:3823} INFO - Setting next_dagrun for example_params_trigger_ui to None, run_after=None
[2026-05-17T04:25:32.990+0000] {processor.py:183} INFO - Processing /home/airflow/.local/lib/python3.8/site-packages/airflow/example_dags/example_params_trigger_ui.py took 0.189 seconds
[2026-05-17T04:26:03.574+0000] {processor.py:161} INFO - Started process (PID=8674) to work on /home/airflow/.local/lib/python3.8/site-packages/airflow/example_dags/example_params_trigger_ui.py
[2026-05-17T04:26:03.588+0000] {processor.py:830} INFO - Processing file /home/airflow/.local/lib/python3.8/site-packages/airflow/example_dags/example_params_trigger_ui.py for tasks to queue
[2026-05-17T04:26:03.594+0000] {logging_mixin.py:188} INFO - [2026-05-17T04:26:03.593+0000] {dagbag.py:538} INFO - Filling up the DagBag from /home/airflow/.local/lib/python3.8/site-packages/airflow/example_dags/example_params_trigger_ui.py
[2026-05-17T04:26:03.641+0000] {processor.py:840} INFO - DAG(s) 'example_params_trigger_ui' retrieved from /home/airflow/.local/lib/python3.8/site-packages/airflow/example_dags/example_params_trigger_ui.py
[2026-05-17T04:26:03.769+0000] {logging_mixin.py:188} INFO - [2026-05-17T04:26:03.768+0000] {dag.py:3036} INFO - Sync 1 DAGs
[2026-05-17T04:26:03.795+0000] {logging_mixin.py:188} INFO - [2026-05-17T04:26:03.794+0000] {dag.py:3823} INFO - Setting next_dagrun for example_params_trigger_ui to None, run_after=None
[2026-05-17T04:26:03.831+0000] {processor.py:183} INFO - Processing /home/airflow/.local/lib/python3.8/site-packages/airflow/example_dags/example_params_trigger_ui.py took 0.263 seconds
[2026-05-17T04:26:34.153+0000] {processor.py:161} INFO - Started process (PID=8740) to work on /home/airflow/.local/lib/python3.8/site-packages/airflow/example_dags/example_params_trigger_ui.py
[2026-05-17T04:26:34.155+0000] {processor.py:830} INFO - Processing file /home/airflow/.local/lib/python3.8/site-packages/airflow/example_dags/example_params_trigger_ui.py for tasks to queue
[2026-05-17T04:26:34.158+0000] {logging_mixin.py:188} INFO - [2026-05-17T04:26:34.157+0000] {dagbag.py:538} INFO - Filling up the DagBag from /home/airflow/.local/lib/python3.8/site-packages/airflow/example_dags/example_params_trigger_ui.py
[2026-05-17T04:26:34.194+0000] {processor.py:840} INFO - DAG(s) 'example_params_trigger_ui' retrieved from /home/airflow/.local/lib/python3.8/site-packages/airflow/example_dags/example_params_trigger_ui.py
[2026-05-17T04:26:34.331+0000] {logging_mixin.py:188} INFO - [2026-05-17T04:26:34.330+0000] {dag.py:3036} INFO - Sync 1 DAGs
[2026-05-17T04:26:34.357+0000] {logging_mixin.py:188} INFO - [2026-05-17T04:26:34.356+0000] {dag.py:3823} INFO - Setting next_dagrun for example_params_trigger_ui to None, run_after=None
[2026-05-17T04:26:34.390+0000] {processor.py:183} INFO - Processing /home/airflow/.local/lib/python3.8/site-packages/airflow/example_dags/example_params_trigger_ui.py took 0.243 seconds
[2026-05-17T04:27:04.775+0000] {processor.py:161} INFO - Started process (PID=8806) to work on /home/airflow/.local/lib/python3.8/site-packages/airflow/example_dags/example_params_trigger_ui.py
[2026-05-17T04:27:04.781+0000] {processor.py:830} INFO - Processing file /home/airflow/.local/lib/python3.8/site-packages/airflow/example_dags/example_params_trigger_ui.py for tasks to queue
[2026-05-17T04:27:04.785+0000] {logging_mixin.py:188} INFO - [2026-05-17T04:27:04.784+0000] {dagbag.py:538} INFO - Filling up the DagBag from /home/airflow/.local/lib/python3.8/site-packages/airflow/example_dags/example_params_trigger_ui.py
[2026-05-17T04:27:04.814+0000] {processor.py:840} INFO - DAG(s) 'example_params_trigger_ui' retrieved from /home/airflow/.local/lib/python3.8/site-packages/airflow/example_dags/example_params_trigger_ui.py
[2026-05-17T04:27:04.951+0000] {logging_mixin.py:188} INFO - [2026-05-17T04:27:04.951+0000] {dag.py:3036} INFO - Sync 1 DAGs
[2026-05-17T04:27:04.978+0000] {logging_mixin.py:188} INFO - [2026-05-17T04:27:04.978+0000] {dag.py:3823} INFO - Setting next_dagrun for example_params_trigger_ui to None, run_after=None
[2026-05-17T04:27:05.015+0000] {processor.py:183} INFO - Processing /home/airflow/.local/lib/python3.8/site-packages/airflow/example_dags/example_params_trigger_ui.py took 0.249 seconds
[2026-05-17T04:27:35.583+0000] {processor.py:161} INFO - Started process (PID=8873) to work on /home/airflow/.local/lib/python3.8/site-packages/airflow/example_dags/example_params_trigger_ui.py
[2026-05-17T04:27:35.589+0000] {processor.py:830} INFO - Processing file /home/airflow/.local/lib/python3.8/site-packages/airflow/example_dags/example_params_trigger_ui.py for tasks to queue
[2026-05-17T04:27:35.593+0000] {logging_mixin.py:188} INFO - [2026-05-17T04:27:35.592+0000] {dagbag.py:538} INFO - Filling up the DagBag from /home/airflow/.local/lib/python3.8/site-packages/airflow/example_dags/example_params_trigger_ui.py
[2026-05-17T04:27:35.626+0000] {processor.py:840} INFO - DAG(s) 'example_params_trigger_ui' retrieved from /home/airflow/.local/lib/python3.8/site-packages/airflow/example_dags/example_params_trigger_ui.py
[2026-05-17T04:27:35.752+0000] {logging_mixin.py:188} INFO - [2026-05-17T04:27:35.751+0000] {dag.py:3036} INFO - Sync 1 DAGs
[2026-05-17T04:27:35.778+0000] {logging_mixin.py:188} INFO - [2026-05-17T04:27:35.777+0000] {dag.py:3823} INFO - Setting next_dagrun for example_params_trigger_ui to None, run_after=None
[2026-05-17T04:27:35.816+0000] {processor.py:183} INFO - Processing /home/airflow/.local/lib/python3.8/site-packages/airflow/example_dags/example_params_trigger_ui.py took 0.249 seconds
[2026-05-17T04:28:05.996+0000] {processor.py:161} INFO - Started process (PID=8939) to work on /home/airflow/.local/lib/python3.8/site-packages/airflow/example_dags/example_params_trigger_ui.py
[2026-05-17T04:28:05.998+0000] {processor.py:830} INFO - Processing file /home/airflow/.local/lib/python3.8/site-packages/airflow/example_dags/example_params_trigger_ui.py for tasks to queue
[2026-05-17T04:28:06.001+0000] {logging_mixin.py:188} INFO - [2026-05-17T04:28:06.000+0000] {dagbag.py:538} INFO - Filling up the DagBag from /home/airflow/.local/lib/python3.8/site-packages/airflow/example_dags/example_params_trigger_ui.py
[2026-05-17T04:28:06.026+0000] {processor.py:840} INFO - DAG(s) 'example_params_trigger_ui' retrieved from /home/airflow/.local/lib/python3.8/site-packages/airflow/example_dags/example_params_trigger_ui.py
[2026-05-17T04:28:06.148+0000] {logging_mixin.py:188} INFO - [2026-05-17T04:28:06.147+0000] {dag.py:3036} INFO - Sync 1 DAGs
[2026-05-17T04:28:06.169+0000] {logging_mixin.py:188} INFO - [2026-05-17T04:28:06.168+0000] {dag.py:3823} INFO - Setting next_dagrun for example_params_trigger_ui to None, run_after=None
[2026-05-17T04:28:06.203+0000] {processor.py:183} INFO - Processing /home/airflow/.local/lib/python3.8/site-packages/airflow/example_dags/example_params_trigger_ui.py took 0.213 seconds
[2026-05-17T04:28:36.860+0000] {processor.py:161} INFO - Started process (PID=9006) to work on /home/airflow/.local/lib/python3.8/site-packages/airflow/example_dags/example_params_trigger_ui.py
[2026-05-17T04:28:36.861+0000] {processor.py:830} INFO - Processing file /home/airflow/.local/lib/python3.8/site-packages/airflow/example_dags/example_params_trigger_ui.py for tasks to queue
[2026-05-17T04:28:36.863+0000] {logging_mixin.py:188} INFO - [2026-05-17T04:28:36.863+0000] {dagbag.py:538} INFO - Filling up the DagBag from /home/airflow/.local/lib/python3.8/site-packages/airflow/example_dags/example_params_trigger_ui.py
[2026-05-17T04:28:36.885+0000] {processor.py:840} INFO - DAG(s) 'example_params_trigger_ui' retrieved from /home/airflow/.local/lib/python3.8/site-packages/airflow/example_dags/example_params_trigger_ui.py
[2026-05-17T04:28:37.004+0000] {logging_mixin.py:188} INFO - [2026-05-17T04:28:37.003+0000] {dag.py:3036} INFO - Sync 1 DAGs
[2026-05-17T04:28:37.024+0000] {logging_mixin.py:188} INFO - [2026-05-17T04:28:37.023+0000] {dag.py:3823} INFO - Setting next_dagrun for example_params_trigger_ui to None, run_after=None
[2026-05-17T04:28:37.052+0000] {processor.py:183} INFO - Processing /home/airflow/.local/lib/python3.8/site-packages/airflow/example_dags/example_params_trigger_ui.py took 0.197 seconds
[2026-05-17T04:29:07.331+0000] {processor.py:161} INFO - Started process (PID=9072) to work on /home/airflow/.local/lib/python3.8/site-packages/airflow/example_dags/example_params_trigger_ui.py
[2026-05-17T04:29:07.333+0000] {processor.py:830} INFO - Processing file /home/airflow/.local/lib/python3.8/site-packages/airflow/example_dags/example_params_trigger_ui.py for tasks to queue
[2026-05-17T04:29:07.336+0000] {logging_mixin.py:188} INFO - [2026-05-17T04:29:07.335+0000] {dagbag.py:538} INFO - Filling up the DagBag from /home/airflow/.local/lib/python3.8/site-packages/airflow/example_dags/example_params_trigger_ui.py
[2026-05-17T04:29:07.359+0000] {processor.py:840} INFO - DAG(s) 'example_params_trigger_ui' retrieved from /home/airflow/.local/lib/python3.8/site-packages/airflow/example_dags/example_params_trigger_ui.py
[2026-05-17T04:29:07.462+0000] {logging_mixin.py:188} INFO - [2026-05-17T04:29:07.462+0000] {dag.py:3036} INFO - Sync 1 DAGs
[2026-05-17T04:29:07.483+0000] {logging_mixin.py:188} INFO - [2026-05-17T04:29:07.483+0000] {dag.py:3823} INFO - Setting next_dagrun for example_params_trigger_ui to None, run_after=None
[2026-05-17T04:29:07.514+0000] {processor.py:183} INFO - Processing /home/airflow/.local/lib/python3.8/site-packages/airflow/example_dags/example_params_trigger_ui.py took 0.188 seconds
[2026-05-17T04:29:38.162+0000] {processor.py:161} INFO - Started process (PID=9138) to work on /home/airflow/.local/lib/python3.8/site-packages/airflow/example_dags/example_params_trigger_ui.py
[2026-05-17T04:29:38.163+0000] {processor.py:830} INFO - Processing file /home/airflow/.local/lib/python3.8/site-packages/airflow/example_dags/example_params_trigger_ui.py for tasks to queue
[2026-05-17T04:29:38.166+0000] {logging_mixin.py:188} INFO - [2026-05-17T04:29:38.165+0000] {dagbag.py:538} INFO - Filling up the DagBag from /home/airflow/.local/lib/python3.8/site-packages/airflow/example_dags/example_params_trigger_ui.py
[2026-05-17T04:29:38.191+0000] {processor.py:840} INFO - DAG(s) 'example_params_trigger_ui' retrieved from /home/airflow/.local/lib/python3.8/site-packages/airflow/example_dags/example_params_trigger_ui.py
[2026-05-17T04:29:38.296+0000] {logging_mixin.py:188} INFO - [2026-05-17T04:29:38.296+0000] {dag.py:3036} INFO - Sync 1 DAGs
[2026-05-17T04:29:38.321+0000] {logging_mixin.py:188} INFO - [2026-05-17T04:29:38.320+0000] {dag.py:3823} INFO - Setting next_dagrun for example_params_trigger_ui to None, run_after=None
[2026-05-17T04:29:38.354+0000] {processor.py:183} INFO - Processing /home/airflow/.local/lib/python3.8/site-packages/airflow/example_dags/example_params_trigger_ui.py took 0.197 seconds
[2026-05-17T04:30:08.740+0000] {processor.py:161} INFO - Started process (PID=9204) to work on /home/airflow/.local/lib/python3.8/site-packages/airflow/example_dags/example_params_trigger_ui.py
[2026-05-17T04:30:08.742+0000] {processor.py:830} INFO - Processing file /home/airflow/.local/lib/python3.8/site-packages/airflow/example_dags/example_params_trigger_ui.py for tasks to queue
[2026-05-17T04:30:08.744+0000] {logging_mixin.py:188} INFO - [2026-05-17T04:30:08.744+0000] {dagbag.py:538} INFO - Filling up the DagBag from /home/airflow/.local/lib/python3.8/site-packages/airflow/example_dags/example_params_trigger_ui.py
[2026-05-17T04:30:08.766+0000] {processor.py:840} INFO - DAG(s) 'example_params_trigger_ui' retrieved from /home/airflow/.local/lib/python3.8/site-packages/airflow/example_dags/example_params_trigger_ui.py
[2026-05-17T04:30:08.872+0000] {logging_mixin.py:188} INFO - [2026-05-17T04:30:08.871+0000] {dag.py:3036} INFO - Sync 1 DAGs
[2026-05-17T04:30:08.892+0000] {logging_mixin.py:188} INFO - [2026-05-17T04:30:08.892+0000] {dag.py:3823} INFO - Setting next_dagrun for example_params_trigger_ui to None, run_after=None
[2026-05-17T04:30:08.926+0000] {processor.py:183} INFO - Processing /home/airflow/.local/lib/python3.8/site-packages/airflow/example_dags/example_params_trigger_ui.py took 0.192 seconds
[2026-05-17T04:30:38.976+0000] {processor.py:161} INFO - Started process (PID=9270) to work on /home/airflow/.local/lib/python3.8/site-packages/airflow/example_dags/example_params_trigger_ui.py
[2026-05-17T04:30:38.977+0000] {processor.py:830} INFO - Processing file /home/airflow/.local/lib/python3.8/site-packages/airflow/example_dags/example_params_trigger_ui.py for tasks to queue
[2026-05-17T04:30:38.980+0000] {logging_mixin.py:188} INFO - [2026-05-17T04:30:38.980+0000] {dagbag.py:538} INFO - Filling up the DagBag from /home/airflow/.local/lib/python3.8/site-packages/airflow/example_dags/example_params_trigger_ui.py
[2026-05-17T04:30:39.002+0000] {processor.py:840} INFO - DAG(s) 'example_params_trigger_ui' retrieved from /home/airflow/.local/lib/python3.8/site-packages/airflow/example_dags/example_params_trigger_ui.py
[2026-05-17T04:30:39.109+0000] {logging_mixin.py:188} INFO - [2026-05-17T04:30:39.109+0000] {dag.py:3036} INFO - Sync 1 DAGs
[2026-05-17T04:30:39.134+0000] {logging_mixin.py:188} INFO - [2026-05-17T04:30:39.134+0000] {dag.py:3823} INFO - Setting next_dagrun for example_params_trigger_ui to None, run_after=None
[2026-05-17T04:30:39.168+0000] {processor.py:183} INFO - Processing /home/airflow/.local/lib/python3.8/site-packages/airflow/example_dags/example_params_trigger_ui.py took 0.197 seconds
[2026-05-17T04:31:09.358+0000] {processor.py:161} INFO - Started process (PID=9334) to work on /home/airflow/.local/lib/python3.8/site-packages/airflow/example_dags/example_params_trigger_ui.py
[2026-05-17T04:31:09.360+0000] {processor.py:830} INFO - Processing file /home/airflow/.local/lib/python3.8/site-packages/airflow/example_dags/example_params_trigger_ui.py for tasks to queue
[2026-05-17T04:31:09.363+0000] {logging_mixin.py:188} INFO - [2026-05-17T04:31:09.362+0000] {dagbag.py:538} INFO - Filling up the DagBag from /home/airflow/.local/lib/python3.8/site-packages/airflow/example_dags/example_params_trigger_ui.py
[2026-05-17T04:31:09.390+0000] {processor.py:840} INFO - DAG(s) 'example_params_trigger_ui' retrieved from /home/airflow/.local/lib/python3.8/site-packages/airflow/example_dags/example_params_trigger_ui.py
[2026-05-17T04:31:09.499+0000] {logging_mixin.py:188} INFO - [2026-05-17T04:31:09.499+0000] {dag.py:3036} INFO - Sync 1 DAGs
[2026-05-17T04:31:09.520+0000] {logging_mixin.py:188} INFO - [2026-05-17T04:31:09.520+0000] {dag.py:3823} INFO - Setting next_dagrun for example_params_trigger_ui to None, run_after=None
[2026-05-17T04:31:09.553+0000] {processor.py:183} INFO - Processing /home/airflow/.local/lib/python3.8/site-packages/airflow/example_dags/example_params_trigger_ui.py took 0.201 seconds
