[2026-05-17T03:20:29.922+0000] {processor.py:161} INFO - Started process (PID=95) to work on /home/airflow/.local/lib/python3.8/site-packages/airflow/example_dags/example_sla_dag.py
[2026-05-17T03:20:29.924+0000] {processor.py:830} INFO - Processing file /home/airflow/.local/lib/python3.8/site-packages/airflow/example_dags/example_sla_dag.py for tasks to queue
[2026-05-17T03:20:29.933+0000] {logging_mixin.py:188} INFO - [2026-05-17T03:20:29.928+0000] {dagbag.py:538} INFO - Filling up the DagBag from /home/airflow/.local/lib/python3.8/site-packages/airflow/example_dags/example_sla_dag.py
[2026-05-17T03:20:30.002+0000] {processor.py:840} INFO - DAG(s) 'example_sla_dag' retrieved from /home/airflow/.local/lib/python3.8/site-packages/airflow/example_dags/example_sla_dag.py
[2026-05-17T03:20:30.078+0000] {logging_mixin.py:188} INFO - [2026-05-17T03:20:30.077+0000] {dag.py:3036} INFO - Sync 1 DAGs
[2026-05-17T03:20:30.174+0000] {logging_mixin.py:188} INFO - [2026-05-17T03:20:30.173+0000] {dag.py:3823} INFO - Setting next_dagrun for example_sla_dag to 2026-05-17 03:18:00+00:00, run_after=2026-05-17 03:20:00+00:00
[2026-05-17T03:20:30.213+0000] {processor.py:183} INFO - Processing /home/airflow/.local/lib/python3.8/site-packages/airflow/example_dags/example_sla_dag.py took 0.297 seconds
[2026-05-17T03:21:01.360+0000] {processor.py:161} INFO - Started process (PID=161) to work on /home/airflow/.local/lib/python3.8/site-packages/airflow/example_dags/example_sla_dag.py
[2026-05-17T03:21:01.361+0000] {processor.py:830} INFO - Processing file /home/airflow/.local/lib/python3.8/site-packages/airflow/example_dags/example_sla_dag.py for tasks to queue
[2026-05-17T03:21:01.364+0000] {logging_mixin.py:188} INFO - [2026-05-17T03:21:01.364+0000] {dagbag.py:538} INFO - Filling up the DagBag from /home/airflow/.local/lib/python3.8/site-packages/airflow/example_dags/example_sla_dag.py
[2026-05-17T03:21:01.379+0000] {processor.py:840} INFO - DAG(s) 'example_sla_dag' retrieved from /home/airflow/.local/lib/python3.8/site-packages/airflow/example_dags/example_sla_dag.py
[2026-05-17T03:21:01.578+0000] {logging_mixin.py:188} INFO - [2026-05-17T03:21:01.578+0000] {dag.py:3036} INFO - Sync 1 DAGs
[2026-05-17T03:21:01.619+0000] {logging_mixin.py:188} INFO - [2026-05-17T03:21:01.618+0000] {dag.py:3823} INFO - Setting next_dagrun for example_sla_dag to 2026-05-17 03:18:00+00:00, run_after=2026-05-17 03:20:00+00:00
[2026-05-17T03:21:01.651+0000] {processor.py:183} INFO - Processing /home/airflow/.local/lib/python3.8/site-packages/airflow/example_dags/example_sla_dag.py took 0.295 seconds
[2026-05-17T03:21:31.880+0000] {processor.py:161} INFO - Started process (PID=224) to work on /home/airflow/.local/lib/python3.8/site-packages/airflow/example_dags/example_sla_dag.py
[2026-05-17T03:21:31.883+0000] {processor.py:830} INFO - Processing file /home/airflow/.local/lib/python3.8/site-packages/airflow/example_dags/example_sla_dag.py for tasks to queue
[2026-05-17T03:21:31.885+0000] {logging_mixin.py:188} INFO - [2026-05-17T03:21:31.885+0000] {dagbag.py:538} INFO - Filling up the DagBag from /home/airflow/.local/lib/python3.8/site-packages/airflow/example_dags/example_sla_dag.py
[2026-05-17T03:21:31.900+0000] {processor.py:840} INFO - DAG(s) 'example_sla_dag' retrieved from /home/airflow/.local/lib/python3.8/site-packages/airflow/example_dags/example_sla_dag.py
[2026-05-17T03:21:31.937+0000] {logging_mixin.py:188} INFO - [2026-05-17T03:21:31.937+0000] {dag.py:3036} INFO - Sync 1 DAGs
[2026-05-17T03:21:31.985+0000] {logging_mixin.py:188} INFO - [2026-05-17T03:21:31.985+0000] {dag.py:3823} INFO - Setting next_dagrun for example_sla_dag to 2026-05-17 03:18:00+00:00, run_after=2026-05-17 03:20:00+00:00
[2026-05-17T03:21:32.016+0000] {processor.py:183} INFO - Processing /home/airflow/.local/lib/python3.8/site-packages/airflow/example_dags/example_sla_dag.py took 0.140 seconds
[2026-05-17T03:22:02.350+0000] {processor.py:161} INFO - Started process (PID=289) to work on /home/airflow/.local/lib/python3.8/site-packages/airflow/example_dags/example_sla_dag.py
[2026-05-17T03:22:02.351+0000] {processor.py:830} INFO - Processing file /home/airflow/.local/lib/python3.8/site-packages/airflow/example_dags/example_sla_dag.py for tasks to queue
[2026-05-17T03:22:02.355+0000] {logging_mixin.py:188} INFO - [2026-05-17T03:22:02.354+0000] {dagbag.py:538} INFO - Filling up the DagBag from /home/airflow/.local/lib/python3.8/site-packages/airflow/example_dags/example_sla_dag.py
[2026-05-17T03:22:02.369+0000] {processor.py:840} INFO - DAG(s) 'example_sla_dag' retrieved from /home/airflow/.local/lib/python3.8/site-packages/airflow/example_dags/example_sla_dag.py
[2026-05-17T03:22:02.408+0000] {logging_mixin.py:188} INFO - [2026-05-17T03:22:02.407+0000] {dag.py:3036} INFO - Sync 1 DAGs
[2026-05-17T03:22:02.453+0000] {logging_mixin.py:188} INFO - [2026-05-17T03:22:02.453+0000] {dag.py:3823} INFO - Setting next_dagrun for example_sla_dag to 2026-05-17 03:20:00+00:00, run_after=2026-05-17 03:22:00+00:00
[2026-05-17T03:22:02.482+0000] {processor.py:183} INFO - Processing /home/airflow/.local/lib/python3.8/site-packages/airflow/example_dags/example_sla_dag.py took 0.138 seconds
[2026-05-17T03:22:32.897+0000] {processor.py:161} INFO - Started process (PID=353) to work on /home/airflow/.local/lib/python3.8/site-packages/airflow/example_dags/example_sla_dag.py
[2026-05-17T03:22:32.900+0000] {processor.py:830} INFO - Processing file /home/airflow/.local/lib/python3.8/site-packages/airflow/example_dags/example_sla_dag.py for tasks to queue
[2026-05-17T03:22:32.902+0000] {logging_mixin.py:188} INFO - [2026-05-17T03:22:32.902+0000] {dagbag.py:538} INFO - Filling up the DagBag from /home/airflow/.local/lib/python3.8/site-packages/airflow/example_dags/example_sla_dag.py
[2026-05-17T03:22:32.916+0000] {processor.py:840} INFO - DAG(s) 'example_sla_dag' retrieved from /home/airflow/.local/lib/python3.8/site-packages/airflow/example_dags/example_sla_dag.py
[2026-05-17T03:22:32.951+0000] {logging_mixin.py:188} INFO - [2026-05-17T03:22:32.950+0000] {dag.py:3036} INFO - Sync 1 DAGs
[2026-05-17T03:22:32.997+0000] {logging_mixin.py:188} INFO - [2026-05-17T03:22:32.996+0000] {dag.py:3823} INFO - Setting next_dagrun for example_sla_dag to 2026-05-17 03:20:00+00:00, run_after=2026-05-17 03:22:00+00:00
[2026-05-17T03:22:33.027+0000] {processor.py:183} INFO - Processing /home/airflow/.local/lib/python3.8/site-packages/airflow/example_dags/example_sla_dag.py took 0.135 seconds
[2026-05-17T03:23:03.926+0000] {processor.py:161} INFO - Started process (PID=418) to work on /home/airflow/.local/lib/python3.8/site-packages/airflow/example_dags/example_sla_dag.py
[2026-05-17T03:23:03.927+0000] {processor.py:830} INFO - Processing file /home/airflow/.local/lib/python3.8/site-packages/airflow/example_dags/example_sla_dag.py for tasks to queue
[2026-05-17T03:23:03.930+0000] {logging_mixin.py:188} INFO - [2026-05-17T03:23:03.929+0000] {dagbag.py:538} INFO - Filling up the DagBag from /home/airflow/.local/lib/python3.8/site-packages/airflow/example_dags/example_sla_dag.py
[2026-05-17T03:23:03.944+0000] {processor.py:840} INFO - DAG(s) 'example_sla_dag' retrieved from /home/airflow/.local/lib/python3.8/site-packages/airflow/example_dags/example_sla_dag.py
[2026-05-17T03:23:03.986+0000] {logging_mixin.py:188} INFO - [2026-05-17T03:23:03.985+0000] {dag.py:3036} INFO - Sync 1 DAGs
[2026-05-17T03:23:04.031+0000] {logging_mixin.py:188} INFO - [2026-05-17T03:23:04.031+0000] {dag.py:3823} INFO - Setting next_dagrun for example_sla_dag to 2026-05-17 03:20:00+00:00, run_after=2026-05-17 03:22:00+00:00
[2026-05-17T03:23:04.068+0000] {processor.py:183} INFO - Processing /home/airflow/.local/lib/python3.8/site-packages/airflow/example_dags/example_sla_dag.py took 0.148 seconds
[2026-05-17T03:23:34.375+0000] {processor.py:161} INFO - Started process (PID=482) to work on /home/airflow/.local/lib/python3.8/site-packages/airflow/example_dags/example_sla_dag.py
[2026-05-17T03:23:34.377+0000] {processor.py:830} INFO - Processing file /home/airflow/.local/lib/python3.8/site-packages/airflow/example_dags/example_sla_dag.py for tasks to queue
[2026-05-17T03:23:34.380+0000] {logging_mixin.py:188} INFO - [2026-05-17T03:23:34.380+0000] {dagbag.py:538} INFO - Filling up the DagBag from /home/airflow/.local/lib/python3.8/site-packages/airflow/example_dags/example_sla_dag.py
[2026-05-17T03:23:34.394+0000] {processor.py:840} INFO - DAG(s) 'example_sla_dag' retrieved from /home/airflow/.local/lib/python3.8/site-packages/airflow/example_dags/example_sla_dag.py
[2026-05-17T03:23:34.436+0000] {logging_mixin.py:188} INFO - [2026-05-17T03:23:34.435+0000] {dag.py:3036} INFO - Sync 1 DAGs
[2026-05-17T03:23:34.485+0000] {logging_mixin.py:188} INFO - [2026-05-17T03:23:34.485+0000] {dag.py:3823} INFO - Setting next_dagrun for example_sla_dag to 2026-05-17 03:20:00+00:00, run_after=2026-05-17 03:22:00+00:00
[2026-05-17T03:23:34.516+0000] {processor.py:183} INFO - Processing /home/airflow/.local/lib/python3.8/site-packages/airflow/example_dags/example_sla_dag.py took 0.146 seconds
[2026-05-17T03:24:05.126+0000] {processor.py:161} INFO - Started process (PID=553) to work on /home/airflow/.local/lib/python3.8/site-packages/airflow/example_dags/example_sla_dag.py
[2026-05-17T03:24:05.127+0000] {processor.py:830} INFO - Processing file /home/airflow/.local/lib/python3.8/site-packages/airflow/example_dags/example_sla_dag.py for tasks to queue
[2026-05-17T03:24:05.130+0000] {logging_mixin.py:188} INFO - [2026-05-17T03:24:05.129+0000] {dagbag.py:538} INFO - Filling up the DagBag from /home/airflow/.local/lib/python3.8/site-packages/airflow/example_dags/example_sla_dag.py
[2026-05-17T03:24:05.145+0000] {processor.py:840} INFO - DAG(s) 'example_sla_dag' retrieved from /home/airflow/.local/lib/python3.8/site-packages/airflow/example_dags/example_sla_dag.py
[2026-05-17T03:24:05.188+0000] {logging_mixin.py:188} INFO - [2026-05-17T03:24:05.187+0000] {dag.py:3036} INFO - Sync 1 DAGs
[2026-05-17T03:24:05.241+0000] {logging_mixin.py:188} INFO - [2026-05-17T03:24:05.241+0000] {dag.py:3823} INFO - Setting next_dagrun for example_sla_dag to 2026-05-17 03:22:00+00:00, run_after=2026-05-17 03:24:00+00:00
[2026-05-17T03:24:05.274+0000] {processor.py:183} INFO - Processing /home/airflow/.local/lib/python3.8/site-packages/airflow/example_dags/example_sla_dag.py took 0.155 seconds
[2026-05-17T03:24:36.168+0000] {processor.py:161} INFO - Started process (PID=619) to work on /home/airflow/.local/lib/python3.8/site-packages/airflow/example_dags/example_sla_dag.py
[2026-05-17T03:24:36.170+0000] {processor.py:830} INFO - Processing file /home/airflow/.local/lib/python3.8/site-packages/airflow/example_dags/example_sla_dag.py for tasks to queue
[2026-05-17T03:24:36.173+0000] {logging_mixin.py:188} INFO - [2026-05-17T03:24:36.172+0000] {dagbag.py:538} INFO - Filling up the DagBag from /home/airflow/.local/lib/python3.8/site-packages/airflow/example_dags/example_sla_dag.py
[2026-05-17T03:24:36.189+0000] {processor.py:840} INFO - DAG(s) 'example_sla_dag' retrieved from /home/airflow/.local/lib/python3.8/site-packages/airflow/example_dags/example_sla_dag.py
[2026-05-17T03:24:36.216+0000] {logging_mixin.py:188} INFO - [2026-05-17T03:24:36.215+0000] {dag.py:3036} INFO - Sync 1 DAGs
[2026-05-17T03:24:36.284+0000] {logging_mixin.py:188} INFO - [2026-05-17T03:24:36.284+0000] {dag.py:3823} INFO - Setting next_dagrun for example_sla_dag to 2026-05-17 03:22:00+00:00, run_after=2026-05-17 03:24:00+00:00
[2026-05-17T03:24:36.314+0000] {processor.py:183} INFO - Processing /home/airflow/.local/lib/python3.8/site-packages/airflow/example_dags/example_sla_dag.py took 0.153 seconds
[2026-05-17T03:25:07.155+0000] {processor.py:161} INFO - Started process (PID=684) to work on /home/airflow/.local/lib/python3.8/site-packages/airflow/example_dags/example_sla_dag.py
[2026-05-17T03:25:07.156+0000] {processor.py:830} INFO - Processing file /home/airflow/.local/lib/python3.8/site-packages/airflow/example_dags/example_sla_dag.py for tasks to queue
[2026-05-17T03:25:07.159+0000] {logging_mixin.py:188} INFO - [2026-05-17T03:25:07.159+0000] {dagbag.py:538} INFO - Filling up the DagBag from /home/airflow/.local/lib/python3.8/site-packages/airflow/example_dags/example_sla_dag.py
[2026-05-17T03:25:07.175+0000] {processor.py:840} INFO - DAG(s) 'example_sla_dag' retrieved from /home/airflow/.local/lib/python3.8/site-packages/airflow/example_dags/example_sla_dag.py
[2026-05-17T03:25:07.394+0000] {logging_mixin.py:188} INFO - [2026-05-17T03:25:07.394+0000] {dag.py:3036} INFO - Sync 1 DAGs
[2026-05-17T03:25:07.442+0000] {logging_mixin.py:188} INFO - [2026-05-17T03:25:07.442+0000] {dag.py:3823} INFO - Setting next_dagrun for example_sla_dag to 2026-05-17 03:22:00+00:00, run_after=2026-05-17 03:24:00+00:00
[2026-05-17T03:25:07.485+0000] {processor.py:183} INFO - Processing /home/airflow/.local/lib/python3.8/site-packages/airflow/example_dags/example_sla_dag.py took 0.336 seconds
[2026-05-17T03:25:37.715+0000] {processor.py:161} INFO - Started process (PID=748) to work on /home/airflow/.local/lib/python3.8/site-packages/airflow/example_dags/example_sla_dag.py
[2026-05-17T03:25:37.717+0000] {processor.py:830} INFO - Processing file /home/airflow/.local/lib/python3.8/site-packages/airflow/example_dags/example_sla_dag.py for tasks to queue
[2026-05-17T03:25:37.720+0000] {logging_mixin.py:188} INFO - [2026-05-17T03:25:37.719+0000] {dagbag.py:538} INFO - Filling up the DagBag from /home/airflow/.local/lib/python3.8/site-packages/airflow/example_dags/example_sla_dag.py
[2026-05-17T03:25:37.734+0000] {processor.py:840} INFO - DAG(s) 'example_sla_dag' retrieved from /home/airflow/.local/lib/python3.8/site-packages/airflow/example_dags/example_sla_dag.py
[2026-05-17T03:25:37.768+0000] {logging_mixin.py:188} INFO - [2026-05-17T03:25:37.768+0000] {dag.py:3036} INFO - Sync 1 DAGs
[2026-05-17T03:25:37.812+0000] {logging_mixin.py:188} INFO - [2026-05-17T03:25:37.811+0000] {dag.py:3823} INFO - Setting next_dagrun for example_sla_dag to 2026-05-17 03:22:00+00:00, run_after=2026-05-17 03:24:00+00:00
[2026-05-17T03:25:37.841+0000] {processor.py:183} INFO - Processing /home/airflow/.local/lib/python3.8/site-packages/airflow/example_dags/example_sla_dag.py took 0.130 seconds
[2026-05-17T03:26:08.603+0000] {processor.py:161} INFO - Started process (PID=813) to work on /home/airflow/.local/lib/python3.8/site-packages/airflow/example_dags/example_sla_dag.py
[2026-05-17T03:26:08.604+0000] {processor.py:830} INFO - Processing file /home/airflow/.local/lib/python3.8/site-packages/airflow/example_dags/example_sla_dag.py for tasks to queue
[2026-05-17T03:26:08.607+0000] {logging_mixin.py:188} INFO - [2026-05-17T03:26:08.606+0000] {dagbag.py:538} INFO - Filling up the DagBag from /home/airflow/.local/lib/python3.8/site-packages/airflow/example_dags/example_sla_dag.py
[2026-05-17T03:26:08.621+0000] {processor.py:840} INFO - DAG(s) 'example_sla_dag' retrieved from /home/airflow/.local/lib/python3.8/site-packages/airflow/example_dags/example_sla_dag.py
[2026-05-17T03:26:08.665+0000] {logging_mixin.py:188} INFO - [2026-05-17T03:26:08.665+0000] {dag.py:3036} INFO - Sync 1 DAGs
[2026-05-17T03:26:08.718+0000] {logging_mixin.py:188} INFO - [2026-05-17T03:26:08.717+0000] {dag.py:3823} INFO - Setting next_dagrun for example_sla_dag to 2026-05-17 03:24:00+00:00, run_after=2026-05-17 03:26:00+00:00
[2026-05-17T03:26:08.751+0000] {processor.py:183} INFO - Processing /home/airflow/.local/lib/python3.8/site-packages/airflow/example_dags/example_sla_dag.py took 0.154 seconds
[2026-05-17T03:26:39.375+0000] {processor.py:161} INFO - Started process (PID=879) to work on /home/airflow/.local/lib/python3.8/site-packages/airflow/example_dags/example_sla_dag.py
[2026-05-17T03:26:39.377+0000] {processor.py:830} INFO - Processing file /home/airflow/.local/lib/python3.8/site-packages/airflow/example_dags/example_sla_dag.py for tasks to queue
[2026-05-17T03:26:39.380+0000] {logging_mixin.py:188} INFO - [2026-05-17T03:26:39.380+0000] {dagbag.py:538} INFO - Filling up the DagBag from /home/airflow/.local/lib/python3.8/site-packages/airflow/example_dags/example_sla_dag.py
[2026-05-17T03:26:39.395+0000] {processor.py:840} INFO - DAG(s) 'example_sla_dag' retrieved from /home/airflow/.local/lib/python3.8/site-packages/airflow/example_dags/example_sla_dag.py
[2026-05-17T03:26:39.436+0000] {logging_mixin.py:188} INFO - [2026-05-17T03:26:39.435+0000] {dag.py:3036} INFO - Sync 1 DAGs
[2026-05-17T03:26:39.490+0000] {logging_mixin.py:188} INFO - [2026-05-17T03:26:39.489+0000] {dag.py:3823} INFO - Setting next_dagrun for example_sla_dag to 2026-05-17 03:24:00+00:00, run_after=2026-05-17 03:26:00+00:00
[2026-05-17T03:26:39.522+0000] {processor.py:183} INFO - Processing /home/airflow/.local/lib/python3.8/site-packages/airflow/example_dags/example_sla_dag.py took 0.153 seconds
[2026-05-17T03:27:10.550+0000] {processor.py:161} INFO - Started process (PID=944) to work on /home/airflow/.local/lib/python3.8/site-packages/airflow/example_dags/example_sla_dag.py
[2026-05-17T03:27:10.551+0000] {processor.py:830} INFO - Processing file /home/airflow/.local/lib/python3.8/site-packages/airflow/example_dags/example_sla_dag.py for tasks to queue
[2026-05-17T03:27:10.554+0000] {logging_mixin.py:188} INFO - [2026-05-17T03:27:10.553+0000] {dagbag.py:538} INFO - Filling up the DagBag from /home/airflow/.local/lib/python3.8/site-packages/airflow/example_dags/example_sla_dag.py
[2026-05-17T03:27:10.567+0000] {processor.py:840} INFO - DAG(s) 'example_sla_dag' retrieved from /home/airflow/.local/lib/python3.8/site-packages/airflow/example_dags/example_sla_dag.py
[2026-05-17T03:27:10.611+0000] {logging_mixin.py:188} INFO - [2026-05-17T03:27:10.611+0000] {dag.py:3036} INFO - Sync 1 DAGs
[2026-05-17T03:27:10.659+0000] {logging_mixin.py:188} INFO - [2026-05-17T03:27:10.659+0000] {dag.py:3823} INFO - Setting next_dagrun for example_sla_dag to 2026-05-17 03:24:00+00:00, run_after=2026-05-17 03:26:00+00:00
[2026-05-17T03:27:10.692+0000] {processor.py:183} INFO - Processing /home/airflow/.local/lib/python3.8/site-packages/airflow/example_dags/example_sla_dag.py took 0.146 seconds
[2026-05-17T03:27:41.218+0000] {processor.py:161} INFO - Started process (PID=1009) to work on /home/airflow/.local/lib/python3.8/site-packages/airflow/example_dags/example_sla_dag.py
[2026-05-17T03:27:41.220+0000] {processor.py:830} INFO - Processing file /home/airflow/.local/lib/python3.8/site-packages/airflow/example_dags/example_sla_dag.py for tasks to queue
[2026-05-17T03:27:41.223+0000] {logging_mixin.py:188} INFO - [2026-05-17T03:27:41.222+0000] {dagbag.py:538} INFO - Filling up the DagBag from /home/airflow/.local/lib/python3.8/site-packages/airflow/example_dags/example_sla_dag.py
[2026-05-17T03:27:41.236+0000] {processor.py:840} INFO - DAG(s) 'example_sla_dag' retrieved from /home/airflow/.local/lib/python3.8/site-packages/airflow/example_dags/example_sla_dag.py
[2026-05-17T03:27:41.273+0000] {logging_mixin.py:188} INFO - [2026-05-17T03:27:41.273+0000] {dag.py:3036} INFO - Sync 1 DAGs
[2026-05-17T03:27:41.314+0000] {logging_mixin.py:188} INFO - [2026-05-17T03:27:41.313+0000] {dag.py:3823} INFO - Setting next_dagrun for example_sla_dag to 2026-05-17 03:24:00+00:00, run_after=2026-05-17 03:26:00+00:00
[2026-05-17T03:27:41.342+0000] {processor.py:183} INFO - Processing /home/airflow/.local/lib/python3.8/site-packages/airflow/example_dags/example_sla_dag.py took 0.129 seconds
[2026-05-17T03:28:11.770+0000] {processor.py:161} INFO - Started process (PID=1074) to work on /home/airflow/.local/lib/python3.8/site-packages/airflow/example_dags/example_sla_dag.py
[2026-05-17T03:28:11.772+0000] {processor.py:830} INFO - Processing file /home/airflow/.local/lib/python3.8/site-packages/airflow/example_dags/example_sla_dag.py for tasks to queue
[2026-05-17T03:28:11.775+0000] {logging_mixin.py:188} INFO - [2026-05-17T03:28:11.774+0000] {dagbag.py:538} INFO - Filling up the DagBag from /home/airflow/.local/lib/python3.8/site-packages/airflow/example_dags/example_sla_dag.py
[2026-05-17T03:28:11.788+0000] {processor.py:840} INFO - DAG(s) 'example_sla_dag' retrieved from /home/airflow/.local/lib/python3.8/site-packages/airflow/example_dags/example_sla_dag.py
[2026-05-17T03:28:11.822+0000] {logging_mixin.py:188} INFO - [2026-05-17T03:28:11.822+0000] {dag.py:3036} INFO - Sync 1 DAGs
[2026-05-17T03:28:11.868+0000] {logging_mixin.py:188} INFO - [2026-05-17T03:28:11.867+0000] {dag.py:3823} INFO - Setting next_dagrun for example_sla_dag to 2026-05-17 03:26:00+00:00, run_after=2026-05-17 03:28:00+00:00
[2026-05-17T03:28:11.897+0000] {processor.py:183} INFO - Processing /home/airflow/.local/lib/python3.8/site-packages/airflow/example_dags/example_sla_dag.py took 0.131 seconds
[2026-05-17T03:28:42.227+0000] {processor.py:161} INFO - Started process (PID=1145) to work on /home/airflow/.local/lib/python3.8/site-packages/airflow/example_dags/example_sla_dag.py
[2026-05-17T03:28:42.228+0000] {processor.py:830} INFO - Processing file /home/airflow/.local/lib/python3.8/site-packages/airflow/example_dags/example_sla_dag.py for tasks to queue
[2026-05-17T03:28:42.231+0000] {logging_mixin.py:188} INFO - [2026-05-17T03:28:42.230+0000] {dagbag.py:538} INFO - Filling up the DagBag from /home/airflow/.local/lib/python3.8/site-packages/airflow/example_dags/example_sla_dag.py
[2026-05-17T03:28:42.247+0000] {processor.py:840} INFO - DAG(s) 'example_sla_dag' retrieved from /home/airflow/.local/lib/python3.8/site-packages/airflow/example_dags/example_sla_dag.py
[2026-05-17T03:28:42.286+0000] {logging_mixin.py:188} INFO - [2026-05-17T03:28:42.285+0000] {dag.py:3036} INFO - Sync 1 DAGs
[2026-05-17T03:28:42.343+0000] {logging_mixin.py:188} INFO - [2026-05-17T03:28:42.343+0000] {dag.py:3823} INFO - Setting next_dagrun for example_sla_dag to 2026-05-17 03:26:00+00:00, run_after=2026-05-17 03:28:00+00:00
[2026-05-17T03:28:42.373+0000] {processor.py:183} INFO - Processing /home/airflow/.local/lib/python3.8/site-packages/airflow/example_dags/example_sla_dag.py took 0.152 seconds
[2026-05-17T03:29:12.457+0000] {processor.py:161} INFO - Started process (PID=1213) to work on /home/airflow/.local/lib/python3.8/site-packages/airflow/example_dags/example_sla_dag.py
[2026-05-17T03:29:12.459+0000] {processor.py:830} INFO - Processing file /home/airflow/.local/lib/python3.8/site-packages/airflow/example_dags/example_sla_dag.py for tasks to queue
[2026-05-17T03:29:12.462+0000] {logging_mixin.py:188} INFO - [2026-05-17T03:29:12.461+0000] {dagbag.py:538} INFO - Filling up the DagBag from /home/airflow/.local/lib/python3.8/site-packages/airflow/example_dags/example_sla_dag.py
[2026-05-17T03:29:12.477+0000] {processor.py:840} INFO - DAG(s) 'example_sla_dag' retrieved from /home/airflow/.local/lib/python3.8/site-packages/airflow/example_dags/example_sla_dag.py
[2026-05-17T03:29:12.516+0000] {logging_mixin.py:188} INFO - [2026-05-17T03:29:12.515+0000] {dag.py:3036} INFO - Sync 1 DAGs
[2026-05-17T03:29:12.566+0000] {logging_mixin.py:188} INFO - [2026-05-17T03:29:12.566+0000] {dag.py:3823} INFO - Setting next_dagrun for example_sla_dag to 2026-05-17 03:26:00+00:00, run_after=2026-05-17 03:28:00+00:00
[2026-05-17T03:29:12.601+0000] {processor.py:183} INFO - Processing /home/airflow/.local/lib/python3.8/site-packages/airflow/example_dags/example_sla_dag.py took 0.150 seconds
[2026-05-17T03:29:43.577+0000] {processor.py:161} INFO - Started process (PID=1278) to work on /home/airflow/.local/lib/python3.8/site-packages/airflow/example_dags/example_sla_dag.py
[2026-05-17T03:29:43.578+0000] {processor.py:830} INFO - Processing file /home/airflow/.local/lib/python3.8/site-packages/airflow/example_dags/example_sla_dag.py for tasks to queue
[2026-05-17T03:29:43.582+0000] {logging_mixin.py:188} INFO - [2026-05-17T03:29:43.581+0000] {dagbag.py:538} INFO - Filling up the DagBag from /home/airflow/.local/lib/python3.8/site-packages/airflow/example_dags/example_sla_dag.py
[2026-05-17T03:29:43.599+0000] {processor.py:840} INFO - DAG(s) 'example_sla_dag' retrieved from /home/airflow/.local/lib/python3.8/site-packages/airflow/example_dags/example_sla_dag.py
[2026-05-17T03:29:43.649+0000] {logging_mixin.py:188} INFO - [2026-05-17T03:29:43.649+0000] {dag.py:3036} INFO - Sync 1 DAGs
[2026-05-17T03:29:43.706+0000] {logging_mixin.py:188} INFO - [2026-05-17T03:29:43.705+0000] {dag.py:3823} INFO - Setting next_dagrun for example_sla_dag to 2026-05-17 03:26:00+00:00, run_after=2026-05-17 03:28:00+00:00
[2026-05-17T03:29:43.739+0000] {processor.py:183} INFO - Processing /home/airflow/.local/lib/python3.8/site-packages/airflow/example_dags/example_sla_dag.py took 0.175 seconds
[2026-05-17T03:30:14.124+0000] {processor.py:161} INFO - Started process (PID=1342) to work on /home/airflow/.local/lib/python3.8/site-packages/airflow/example_dags/example_sla_dag.py
[2026-05-17T03:30:14.129+0000] {processor.py:830} INFO - Processing file /home/airflow/.local/lib/python3.8/site-packages/airflow/example_dags/example_sla_dag.py for tasks to queue
[2026-05-17T03:30:14.134+0000] {logging_mixin.py:188} INFO - [2026-05-17T03:30:14.133+0000] {dagbag.py:538} INFO - Filling up the DagBag from /home/airflow/.local/lib/python3.8/site-packages/airflow/example_dags/example_sla_dag.py
[2026-05-17T03:30:14.163+0000] {processor.py:840} INFO - DAG(s) 'example_sla_dag' retrieved from /home/airflow/.local/lib/python3.8/site-packages/airflow/example_dags/example_sla_dag.py
[2026-05-17T03:30:14.214+0000] {logging_mixin.py:188} INFO - [2026-05-17T03:30:14.213+0000] {dag.py:3036} INFO - Sync 1 DAGs
[2026-05-17T03:30:14.303+0000] {logging_mixin.py:188} INFO - [2026-05-17T03:30:14.303+0000] {dag.py:3823} INFO - Setting next_dagrun for example_sla_dag to 2026-05-17 03:28:00+00:00, run_after=2026-05-17 03:30:00+00:00
[2026-05-17T03:30:14.338+0000] {processor.py:183} INFO - Processing /home/airflow/.local/lib/python3.8/site-packages/airflow/example_dags/example_sla_dag.py took 0.231 seconds
[2026-05-17T03:30:44.458+0000] {processor.py:161} INFO - Started process (PID=1409) to work on /home/airflow/.local/lib/python3.8/site-packages/airflow/example_dags/example_sla_dag.py
[2026-05-17T03:30:44.459+0000] {processor.py:830} INFO - Processing file /home/airflow/.local/lib/python3.8/site-packages/airflow/example_dags/example_sla_dag.py for tasks to queue
[2026-05-17T03:30:44.462+0000] {logging_mixin.py:188} INFO - [2026-05-17T03:30:44.461+0000] {dagbag.py:538} INFO - Filling up the DagBag from /home/airflow/.local/lib/python3.8/site-packages/airflow/example_dags/example_sla_dag.py
[2026-05-17T03:30:44.477+0000] {processor.py:840} INFO - DAG(s) 'example_sla_dag' retrieved from /home/airflow/.local/lib/python3.8/site-packages/airflow/example_dags/example_sla_dag.py
[2026-05-17T03:30:44.513+0000] {logging_mixin.py:188} INFO - [2026-05-17T03:30:44.512+0000] {dag.py:3036} INFO - Sync 1 DAGs
[2026-05-17T03:30:44.555+0000] {logging_mixin.py:188} INFO - [2026-05-17T03:30:44.555+0000] {dag.py:3823} INFO - Setting next_dagrun for example_sla_dag to 2026-05-17 03:28:00+00:00, run_after=2026-05-17 03:30:00+00:00
[2026-05-17T03:30:44.584+0000] {processor.py:183} INFO - Processing /home/airflow/.local/lib/python3.8/site-packages/airflow/example_dags/example_sla_dag.py took 0.132 seconds
[2026-05-17T03:31:14.962+0000] {processor.py:161} INFO - Started process (PID=1475) to work on /home/airflow/.local/lib/python3.8/site-packages/airflow/example_dags/example_sla_dag.py
[2026-05-17T03:31:14.964+0000] {processor.py:830} INFO - Processing file /home/airflow/.local/lib/python3.8/site-packages/airflow/example_dags/example_sla_dag.py for tasks to queue
[2026-05-17T03:31:14.966+0000] {logging_mixin.py:188} INFO - [2026-05-17T03:31:14.966+0000] {dagbag.py:538} INFO - Filling up the DagBag from /home/airflow/.local/lib/python3.8/site-packages/airflow/example_dags/example_sla_dag.py
[2026-05-17T03:31:14.982+0000] {processor.py:840} INFO - DAG(s) 'example_sla_dag' retrieved from /home/airflow/.local/lib/python3.8/site-packages/airflow/example_dags/example_sla_dag.py
[2026-05-17T03:31:15.019+0000] {logging_mixin.py:188} INFO - [2026-05-17T03:31:15.019+0000] {dag.py:3036} INFO - Sync 1 DAGs
[2026-05-17T03:31:15.068+0000] {logging_mixin.py:188} INFO - [2026-05-17T03:31:15.068+0000] {dag.py:3823} INFO - Setting next_dagrun for example_sla_dag to 2026-05-17 03:28:00+00:00, run_after=2026-05-17 03:30:00+00:00
[2026-05-17T03:31:15.097+0000] {processor.py:183} INFO - Processing /home/airflow/.local/lib/python3.8/site-packages/airflow/example_dags/example_sla_dag.py took 0.140 seconds
[2026-05-17T03:31:45.468+0000] {processor.py:161} INFO - Started process (PID=1541) to work on /home/airflow/.local/lib/python3.8/site-packages/airflow/example_dags/example_sla_dag.py
[2026-05-17T03:31:45.469+0000] {processor.py:830} INFO - Processing file /home/airflow/.local/lib/python3.8/site-packages/airflow/example_dags/example_sla_dag.py for tasks to queue
[2026-05-17T03:31:45.472+0000] {logging_mixin.py:188} INFO - [2026-05-17T03:31:45.472+0000] {dagbag.py:538} INFO - Filling up the DagBag from /home/airflow/.local/lib/python3.8/site-packages/airflow/example_dags/example_sla_dag.py
[2026-05-17T03:31:45.487+0000] {processor.py:840} INFO - DAG(s) 'example_sla_dag' retrieved from /home/airflow/.local/lib/python3.8/site-packages/airflow/example_dags/example_sla_dag.py
[2026-05-17T03:31:45.529+0000] {logging_mixin.py:188} INFO - [2026-05-17T03:31:45.529+0000] {dag.py:3036} INFO - Sync 1 DAGs
[2026-05-17T03:31:45.586+0000] {logging_mixin.py:188} INFO - [2026-05-17T03:31:45.585+0000] {dag.py:3823} INFO - Setting next_dagrun for example_sla_dag to 2026-05-17 03:28:00+00:00, run_after=2026-05-17 03:30:00+00:00
[2026-05-17T03:31:45.617+0000] {processor.py:183} INFO - Processing /home/airflow/.local/lib/python3.8/site-packages/airflow/example_dags/example_sla_dag.py took 0.154 seconds
[2026-05-17T03:32:16.045+0000] {processor.py:161} INFO - Started process (PID=1606) to work on /home/airflow/.local/lib/python3.8/site-packages/airflow/example_dags/example_sla_dag.py
[2026-05-17T03:32:16.046+0000] {processor.py:830} INFO - Processing file /home/airflow/.local/lib/python3.8/site-packages/airflow/example_dags/example_sla_dag.py for tasks to queue
[2026-05-17T03:32:16.050+0000] {logging_mixin.py:188} INFO - [2026-05-17T03:32:16.049+0000] {dagbag.py:538} INFO - Filling up the DagBag from /home/airflow/.local/lib/python3.8/site-packages/airflow/example_dags/example_sla_dag.py
[2026-05-17T03:32:16.066+0000] {processor.py:840} INFO - DAG(s) 'example_sla_dag' retrieved from /home/airflow/.local/lib/python3.8/site-packages/airflow/example_dags/example_sla_dag.py
[2026-05-17T03:32:16.117+0000] {logging_mixin.py:188} INFO - [2026-05-17T03:32:16.117+0000] {dag.py:3036} INFO - Sync 1 DAGs
[2026-05-17T03:32:16.167+0000] {logging_mixin.py:188} INFO - [2026-05-17T03:32:16.166+0000] {dag.py:3823} INFO - Setting next_dagrun for example_sla_dag to 2026-05-17 03:30:00+00:00, run_after=2026-05-17 03:32:00+00:00
[2026-05-17T03:32:16.198+0000] {processor.py:183} INFO - Processing /home/airflow/.local/lib/python3.8/site-packages/airflow/example_dags/example_sla_dag.py took 0.159 seconds
[2026-05-17T03:32:46.596+0000] {processor.py:161} INFO - Started process (PID=1670) to work on /home/airflow/.local/lib/python3.8/site-packages/airflow/example_dags/example_sla_dag.py
[2026-05-17T03:32:46.598+0000] {processor.py:830} INFO - Processing file /home/airflow/.local/lib/python3.8/site-packages/airflow/example_dags/example_sla_dag.py for tasks to queue
[2026-05-17T03:32:46.600+0000] {logging_mixin.py:188} INFO - [2026-05-17T03:32:46.600+0000] {dagbag.py:538} INFO - Filling up the DagBag from /home/airflow/.local/lib/python3.8/site-packages/airflow/example_dags/example_sla_dag.py
[2026-05-17T03:32:46.616+0000] {processor.py:840} INFO - DAG(s) 'example_sla_dag' retrieved from /home/airflow/.local/lib/python3.8/site-packages/airflow/example_dags/example_sla_dag.py
[2026-05-17T03:32:46.656+0000] {logging_mixin.py:188} INFO - [2026-05-17T03:32:46.656+0000] {dag.py:3036} INFO - Sync 1 DAGs
[2026-05-17T03:32:46.708+0000] {logging_mixin.py:188} INFO - [2026-05-17T03:32:46.708+0000] {dag.py:3823} INFO - Setting next_dagrun for example_sla_dag to 2026-05-17 03:30:00+00:00, run_after=2026-05-17 03:32:00+00:00
[2026-05-17T03:32:46.740+0000] {processor.py:183} INFO - Processing /home/airflow/.local/lib/python3.8/site-packages/airflow/example_dags/example_sla_dag.py took 0.152 seconds
[2026-05-17T03:33:16.802+0000] {processor.py:161} INFO - Started process (PID=1734) to work on /home/airflow/.local/lib/python3.8/site-packages/airflow/example_dags/example_sla_dag.py
[2026-05-17T03:33:16.804+0000] {processor.py:830} INFO - Processing file /home/airflow/.local/lib/python3.8/site-packages/airflow/example_dags/example_sla_dag.py for tasks to queue
[2026-05-17T03:33:16.807+0000] {logging_mixin.py:188} INFO - [2026-05-17T03:33:16.806+0000] {dagbag.py:538} INFO - Filling up the DagBag from /home/airflow/.local/lib/python3.8/site-packages/airflow/example_dags/example_sla_dag.py
[2026-05-17T03:33:16.820+0000] {processor.py:840} INFO - DAG(s) 'example_sla_dag' retrieved from /home/airflow/.local/lib/python3.8/site-packages/airflow/example_dags/example_sla_dag.py
[2026-05-17T03:33:16.855+0000] {logging_mixin.py:188} INFO - [2026-05-17T03:33:16.855+0000] {dag.py:3036} INFO - Sync 1 DAGs
[2026-05-17T03:33:16.898+0000] {logging_mixin.py:188} INFO - [2026-05-17T03:33:16.898+0000] {dag.py:3823} INFO - Setting next_dagrun for example_sla_dag to 2026-05-17 03:30:00+00:00, run_after=2026-05-17 03:32:00+00:00
[2026-05-17T03:33:16.928+0000] {processor.py:183} INFO - Processing /home/airflow/.local/lib/python3.8/site-packages/airflow/example_dags/example_sla_dag.py took 0.132 seconds
[2026-05-17T03:33:47.028+0000] {processor.py:161} INFO - Started process (PID=1799) to work on /home/airflow/.local/lib/python3.8/site-packages/airflow/example_dags/example_sla_dag.py
[2026-05-17T03:33:47.030+0000] {processor.py:830} INFO - Processing file /home/airflow/.local/lib/python3.8/site-packages/airflow/example_dags/example_sla_dag.py for tasks to queue
[2026-05-17T03:33:47.033+0000] {logging_mixin.py:188} INFO - [2026-05-17T03:33:47.032+0000] {dagbag.py:538} INFO - Filling up the DagBag from /home/airflow/.local/lib/python3.8/site-packages/airflow/example_dags/example_sla_dag.py
[2026-05-17T03:33:47.049+0000] {processor.py:840} INFO - DAG(s) 'example_sla_dag' retrieved from /home/airflow/.local/lib/python3.8/site-packages/airflow/example_dags/example_sla_dag.py
[2026-05-17T03:33:47.088+0000] {logging_mixin.py:188} INFO - [2026-05-17T03:33:47.088+0000] {dag.py:3036} INFO - Sync 1 DAGs
[2026-05-17T03:33:47.142+0000] {logging_mixin.py:188} INFO - [2026-05-17T03:33:47.142+0000] {dag.py:3823} INFO - Setting next_dagrun for example_sla_dag to 2026-05-17 03:30:00+00:00, run_after=2026-05-17 03:32:00+00:00
[2026-05-17T03:33:47.173+0000] {processor.py:183} INFO - Processing /home/airflow/.local/lib/python3.8/site-packages/airflow/example_dags/example_sla_dag.py took 0.150 seconds
[2026-05-17T03:34:17.392+0000] {processor.py:161} INFO - Started process (PID=1864) to work on /home/airflow/.local/lib/python3.8/site-packages/airflow/example_dags/example_sla_dag.py
[2026-05-17T03:34:17.395+0000] {processor.py:830} INFO - Processing file /home/airflow/.local/lib/python3.8/site-packages/airflow/example_dags/example_sla_dag.py for tasks to queue
[2026-05-17T03:34:17.398+0000] {logging_mixin.py:188} INFO - [2026-05-17T03:34:17.397+0000] {dagbag.py:538} INFO - Filling up the DagBag from /home/airflow/.local/lib/python3.8/site-packages/airflow/example_dags/example_sla_dag.py
[2026-05-17T03:34:17.413+0000] {processor.py:840} INFO - DAG(s) 'example_sla_dag' retrieved from /home/airflow/.local/lib/python3.8/site-packages/airflow/example_dags/example_sla_dag.py
[2026-05-17T03:34:17.452+0000] {logging_mixin.py:188} INFO - [2026-05-17T03:34:17.452+0000] {dag.py:3036} INFO - Sync 1 DAGs
[2026-05-17T03:34:17.513+0000] {logging_mixin.py:188} INFO - [2026-05-17T03:34:17.513+0000] {dag.py:3823} INFO - Setting next_dagrun for example_sla_dag to 2026-05-17 03:32:00+00:00, run_after=2026-05-17 03:34:00+00:00
[2026-05-17T03:34:17.548+0000] {processor.py:183} INFO - Processing /home/airflow/.local/lib/python3.8/site-packages/airflow/example_dags/example_sla_dag.py took 0.161 seconds
[2026-05-17T03:34:47.846+0000] {processor.py:161} INFO - Started process (PID=1929) to work on /home/airflow/.local/lib/python3.8/site-packages/airflow/example_dags/example_sla_dag.py
[2026-05-17T03:34:47.848+0000] {processor.py:830} INFO - Processing file /home/airflow/.local/lib/python3.8/site-packages/airflow/example_dags/example_sla_dag.py for tasks to queue
[2026-05-17T03:34:47.850+0000] {logging_mixin.py:188} INFO - [2026-05-17T03:34:47.850+0000] {dagbag.py:538} INFO - Filling up the DagBag from /home/airflow/.local/lib/python3.8/site-packages/airflow/example_dags/example_sla_dag.py
[2026-05-17T03:34:47.863+0000] {processor.py:840} INFO - DAG(s) 'example_sla_dag' retrieved from /home/airflow/.local/lib/python3.8/site-packages/airflow/example_dags/example_sla_dag.py
[2026-05-17T03:34:47.902+0000] {logging_mixin.py:188} INFO - [2026-05-17T03:34:47.901+0000] {dag.py:3036} INFO - Sync 1 DAGs
[2026-05-17T03:34:47.953+0000] {logging_mixin.py:188} INFO - [2026-05-17T03:34:47.952+0000] {dag.py:3823} INFO - Setting next_dagrun for example_sla_dag to 2026-05-17 03:32:00+00:00, run_after=2026-05-17 03:34:00+00:00
[2026-05-17T03:34:47.985+0000] {processor.py:183} INFO - Processing /home/airflow/.local/lib/python3.8/site-packages/airflow/example_dags/example_sla_dag.py took 0.144 seconds
[2026-05-17T03:35:18.178+0000] {processor.py:161} INFO - Started process (PID=2002) to work on /home/airflow/.local/lib/python3.8/site-packages/airflow/example_dags/example_sla_dag.py
[2026-05-17T03:35:18.179+0000] {processor.py:830} INFO - Processing file /home/airflow/.local/lib/python3.8/site-packages/airflow/example_dags/example_sla_dag.py for tasks to queue
[2026-05-17T03:35:18.182+0000] {logging_mixin.py:188} INFO - [2026-05-17T03:35:18.182+0000] {dagbag.py:538} INFO - Filling up the DagBag from /home/airflow/.local/lib/python3.8/site-packages/airflow/example_dags/example_sla_dag.py
[2026-05-17T03:35:18.198+0000] {processor.py:840} INFO - DAG(s) 'example_sla_dag' retrieved from /home/airflow/.local/lib/python3.8/site-packages/airflow/example_dags/example_sla_dag.py
[2026-05-17T03:35:18.240+0000] {logging_mixin.py:188} INFO - [2026-05-17T03:35:18.239+0000] {dag.py:3036} INFO - Sync 1 DAGs
[2026-05-17T03:35:18.294+0000] {logging_mixin.py:188} INFO - [2026-05-17T03:35:18.293+0000] {dag.py:3823} INFO - Setting next_dagrun for example_sla_dag to 2026-05-17 03:32:00+00:00, run_after=2026-05-17 03:34:00+00:00
[2026-05-17T03:35:18.328+0000] {processor.py:183} INFO - Processing /home/airflow/.local/lib/python3.8/site-packages/airflow/example_dags/example_sla_dag.py took 0.155 seconds
[2026-05-17T03:35:48.769+0000] {processor.py:161} INFO - Started process (PID=2067) to work on /home/airflow/.local/lib/python3.8/site-packages/airflow/example_dags/example_sla_dag.py
[2026-05-17T03:35:48.770+0000] {processor.py:830} INFO - Processing file /home/airflow/.local/lib/python3.8/site-packages/airflow/example_dags/example_sla_dag.py for tasks to queue
[2026-05-17T03:35:48.773+0000] {logging_mixin.py:188} INFO - [2026-05-17T03:35:48.773+0000] {dagbag.py:538} INFO - Filling up the DagBag from /home/airflow/.local/lib/python3.8/site-packages/airflow/example_dags/example_sla_dag.py
[2026-05-17T03:35:48.788+0000] {processor.py:840} INFO - DAG(s) 'example_sla_dag' retrieved from /home/airflow/.local/lib/python3.8/site-packages/airflow/example_dags/example_sla_dag.py
[2026-05-17T03:35:48.831+0000] {logging_mixin.py:188} INFO - [2026-05-17T03:35:48.830+0000] {dag.py:3036} INFO - Sync 1 DAGs
[2026-05-17T03:35:48.882+0000] {logging_mixin.py:188} INFO - [2026-05-17T03:35:48.881+0000] {dag.py:3823} INFO - Setting next_dagrun for example_sla_dag to 2026-05-17 03:32:00+00:00, run_after=2026-05-17 03:34:00+00:00
[2026-05-17T03:35:48.922+0000] {processor.py:183} INFO - Processing /home/airflow/.local/lib/python3.8/site-packages/airflow/example_dags/example_sla_dag.py took 0.158 seconds
[2026-05-17T03:36:19.104+0000] {processor.py:161} INFO - Started process (PID=2133) to work on /home/airflow/.local/lib/python3.8/site-packages/airflow/example_dags/example_sla_dag.py
[2026-05-17T03:36:19.106+0000] {processor.py:830} INFO - Processing file /home/airflow/.local/lib/python3.8/site-packages/airflow/example_dags/example_sla_dag.py for tasks to queue
[2026-05-17T03:36:19.109+0000] {logging_mixin.py:188} INFO - [2026-05-17T03:36:19.108+0000] {dagbag.py:538} INFO - Filling up the DagBag from /home/airflow/.local/lib/python3.8/site-packages/airflow/example_dags/example_sla_dag.py
[2026-05-17T03:36:19.125+0000] {processor.py:840} INFO - DAG(s) 'example_sla_dag' retrieved from /home/airflow/.local/lib/python3.8/site-packages/airflow/example_dags/example_sla_dag.py
[2026-05-17T03:36:19.164+0000] {logging_mixin.py:188} INFO - [2026-05-17T03:36:19.164+0000] {dag.py:3036} INFO - Sync 1 DAGs
[2026-05-17T03:36:19.226+0000] {logging_mixin.py:188} INFO - [2026-05-17T03:36:19.226+0000] {dag.py:3823} INFO - Setting next_dagrun for example_sla_dag to 2026-05-17 03:34:00+00:00, run_after=2026-05-17 03:36:00+00:00
[2026-05-17T03:36:19.267+0000] {processor.py:183} INFO - Processing /home/airflow/.local/lib/python3.8/site-packages/airflow/example_dags/example_sla_dag.py took 0.168 seconds
[2026-05-17T03:36:50.005+0000] {processor.py:161} INFO - Started process (PID=2199) to work on /home/airflow/.local/lib/python3.8/site-packages/airflow/example_dags/example_sla_dag.py
[2026-05-17T03:36:50.007+0000] {processor.py:830} INFO - Processing file /home/airflow/.local/lib/python3.8/site-packages/airflow/example_dags/example_sla_dag.py for tasks to queue
[2026-05-17T03:36:50.010+0000] {logging_mixin.py:188} INFO - [2026-05-17T03:36:50.009+0000] {dagbag.py:538} INFO - Filling up the DagBag from /home/airflow/.local/lib/python3.8/site-packages/airflow/example_dags/example_sla_dag.py
[2026-05-17T03:36:50.024+0000] {processor.py:840} INFO - DAG(s) 'example_sla_dag' retrieved from /home/airflow/.local/lib/python3.8/site-packages/airflow/example_dags/example_sla_dag.py
[2026-05-17T03:36:50.060+0000] {logging_mixin.py:188} INFO - [2026-05-17T03:36:50.060+0000] {dag.py:3036} INFO - Sync 1 DAGs
[2026-05-17T03:36:50.107+0000] {logging_mixin.py:188} INFO - [2026-05-17T03:36:50.106+0000] {dag.py:3823} INFO - Setting next_dagrun for example_sla_dag to 2026-05-17 03:34:00+00:00, run_after=2026-05-17 03:36:00+00:00
[2026-05-17T03:36:50.140+0000] {processor.py:183} INFO - Processing /home/airflow/.local/lib/python3.8/site-packages/airflow/example_dags/example_sla_dag.py took 0.140 seconds
[2026-05-17T03:37:20.262+0000] {processor.py:161} INFO - Started process (PID=2265) to work on /home/airflow/.local/lib/python3.8/site-packages/airflow/example_dags/example_sla_dag.py
[2026-05-17T03:37:20.264+0000] {processor.py:830} INFO - Processing file /home/airflow/.local/lib/python3.8/site-packages/airflow/example_dags/example_sla_dag.py for tasks to queue
[2026-05-17T03:37:20.267+0000] {logging_mixin.py:188} INFO - [2026-05-17T03:37:20.267+0000] {dagbag.py:538} INFO - Filling up the DagBag from /home/airflow/.local/lib/python3.8/site-packages/airflow/example_dags/example_sla_dag.py
[2026-05-17T03:37:20.287+0000] {processor.py:840} INFO - DAG(s) 'example_sla_dag' retrieved from /home/airflow/.local/lib/python3.8/site-packages/airflow/example_dags/example_sla_dag.py
[2026-05-17T03:37:20.332+0000] {logging_mixin.py:188} INFO - [2026-05-17T03:37:20.332+0000] {dag.py:3036} INFO - Sync 1 DAGs
[2026-05-17T03:37:20.388+0000] {logging_mixin.py:188} INFO - [2026-05-17T03:37:20.388+0000] {dag.py:3823} INFO - Setting next_dagrun for example_sla_dag to 2026-05-17 03:34:00+00:00, run_after=2026-05-17 03:36:00+00:00
[2026-05-17T03:37:20.422+0000] {processor.py:183} INFO - Processing /home/airflow/.local/lib/python3.8/site-packages/airflow/example_dags/example_sla_dag.py took 0.166 seconds
[2026-05-17T03:37:50.796+0000] {processor.py:161} INFO - Started process (PID=2330) to work on /home/airflow/.local/lib/python3.8/site-packages/airflow/example_dags/example_sla_dag.py
[2026-05-17T03:37:50.798+0000] {processor.py:830} INFO - Processing file /home/airflow/.local/lib/python3.8/site-packages/airflow/example_dags/example_sla_dag.py for tasks to queue
[2026-05-17T03:37:50.801+0000] {logging_mixin.py:188} INFO - [2026-05-17T03:37:50.800+0000] {dagbag.py:538} INFO - Filling up the DagBag from /home/airflow/.local/lib/python3.8/site-packages/airflow/example_dags/example_sla_dag.py
[2026-05-17T03:37:50.816+0000] {processor.py:840} INFO - DAG(s) 'example_sla_dag' retrieved from /home/airflow/.local/lib/python3.8/site-packages/airflow/example_dags/example_sla_dag.py
[2026-05-17T03:37:50.854+0000] {logging_mixin.py:188} INFO - [2026-05-17T03:37:50.853+0000] {dag.py:3036} INFO - Sync 1 DAGs
[2026-05-17T03:37:50.900+0000] {logging_mixin.py:188} INFO - [2026-05-17T03:37:50.900+0000] {dag.py:3823} INFO - Setting next_dagrun for example_sla_dag to 2026-05-17 03:34:00+00:00, run_after=2026-05-17 03:36:00+00:00
[2026-05-17T03:37:50.934+0000] {processor.py:183} INFO - Processing /home/airflow/.local/lib/python3.8/site-packages/airflow/example_dags/example_sla_dag.py took 0.143 seconds
[2026-05-17T03:38:21.316+0000] {processor.py:161} INFO - Started process (PID=2397) to work on /home/airflow/.local/lib/python3.8/site-packages/airflow/example_dags/example_sla_dag.py
[2026-05-17T03:38:21.318+0000] {processor.py:830} INFO - Processing file /home/airflow/.local/lib/python3.8/site-packages/airflow/example_dags/example_sla_dag.py for tasks to queue
[2026-05-17T03:38:21.322+0000] {logging_mixin.py:188} INFO - [2026-05-17T03:38:21.321+0000] {dagbag.py:538} INFO - Filling up the DagBag from /home/airflow/.local/lib/python3.8/site-packages/airflow/example_dags/example_sla_dag.py
[2026-05-17T03:38:21.339+0000] {processor.py:840} INFO - DAG(s) 'example_sla_dag' retrieved from /home/airflow/.local/lib/python3.8/site-packages/airflow/example_dags/example_sla_dag.py
[2026-05-17T03:38:21.384+0000] {logging_mixin.py:188} INFO - [2026-05-17T03:38:21.384+0000] {dag.py:3036} INFO - Sync 1 DAGs
[2026-05-17T03:38:21.433+0000] {logging_mixin.py:188} INFO - [2026-05-17T03:38:21.432+0000] {dag.py:3823} INFO - Setting next_dagrun for example_sla_dag to 2026-05-17 03:36:00+00:00, run_after=2026-05-17 03:38:00+00:00
[2026-05-17T03:38:21.465+0000] {processor.py:183} INFO - Processing /home/airflow/.local/lib/python3.8/site-packages/airflow/example_dags/example_sla_dag.py took 0.155 seconds
[2026-05-17T03:38:51.923+0000] {processor.py:161} INFO - Started process (PID=2463) to work on /home/airflow/.local/lib/python3.8/site-packages/airflow/example_dags/example_sla_dag.py
[2026-05-17T03:38:51.924+0000] {processor.py:830} INFO - Processing file /home/airflow/.local/lib/python3.8/site-packages/airflow/example_dags/example_sla_dag.py for tasks to queue
[2026-05-17T03:38:51.926+0000] {logging_mixin.py:188} INFO - [2026-05-17T03:38:51.926+0000] {dagbag.py:538} INFO - Filling up the DagBag from /home/airflow/.local/lib/python3.8/site-packages/airflow/example_dags/example_sla_dag.py
[2026-05-17T03:38:51.940+0000] {processor.py:840} INFO - DAG(s) 'example_sla_dag' retrieved from /home/airflow/.local/lib/python3.8/site-packages/airflow/example_dags/example_sla_dag.py
[2026-05-17T03:38:51.974+0000] {logging_mixin.py:188} INFO - [2026-05-17T03:38:51.974+0000] {dag.py:3036} INFO - Sync 1 DAGs
[2026-05-17T03:38:52.018+0000] {logging_mixin.py:188} INFO - [2026-05-17T03:38:52.017+0000] {dag.py:3823} INFO - Setting next_dagrun for example_sla_dag to 2026-05-17 03:36:00+00:00, run_after=2026-05-17 03:38:00+00:00
[2026-05-17T03:38:52.046+0000] {processor.py:183} INFO - Processing /home/airflow/.local/lib/python3.8/site-packages/airflow/example_dags/example_sla_dag.py took 0.128 seconds
[2026-05-17T03:39:22.465+0000] {processor.py:161} INFO - Started process (PID=2530) to work on /home/airflow/.local/lib/python3.8/site-packages/airflow/example_dags/example_sla_dag.py
[2026-05-17T03:39:22.467+0000] {processor.py:830} INFO - Processing file /home/airflow/.local/lib/python3.8/site-packages/airflow/example_dags/example_sla_dag.py for tasks to queue
[2026-05-17T03:39:22.470+0000] {logging_mixin.py:188} INFO - [2026-05-17T03:39:22.469+0000] {dagbag.py:538} INFO - Filling up the DagBag from /home/airflow/.local/lib/python3.8/site-packages/airflow/example_dags/example_sla_dag.py
[2026-05-17T03:39:22.483+0000] {processor.py:840} INFO - DAG(s) 'example_sla_dag' retrieved from /home/airflow/.local/lib/python3.8/site-packages/airflow/example_dags/example_sla_dag.py
[2026-05-17T03:39:22.516+0000] {logging_mixin.py:188} INFO - [2026-05-17T03:39:22.515+0000] {dag.py:3036} INFO - Sync 1 DAGs
[2026-05-17T03:39:22.557+0000] {logging_mixin.py:188} INFO - [2026-05-17T03:39:22.557+0000] {dag.py:3823} INFO - Setting next_dagrun for example_sla_dag to 2026-05-17 03:36:00+00:00, run_after=2026-05-17 03:38:00+00:00
[2026-05-17T03:39:22.587+0000] {processor.py:183} INFO - Processing /home/airflow/.local/lib/python3.8/site-packages/airflow/example_dags/example_sla_dag.py took 0.126 seconds
[2026-05-17T03:39:52.997+0000] {processor.py:161} INFO - Started process (PID=2604) to work on /home/airflow/.local/lib/python3.8/site-packages/airflow/example_dags/example_sla_dag.py
[2026-05-17T03:39:52.998+0000] {processor.py:830} INFO - Processing file /home/airflow/.local/lib/python3.8/site-packages/airflow/example_dags/example_sla_dag.py for tasks to queue
[2026-05-17T03:39:53.001+0000] {logging_mixin.py:188} INFO - [2026-05-17T03:39:53.000+0000] {dagbag.py:538} INFO - Filling up the DagBag from /home/airflow/.local/lib/python3.8/site-packages/airflow/example_dags/example_sla_dag.py
[2026-05-17T03:39:53.016+0000] {processor.py:840} INFO - DAG(s) 'example_sla_dag' retrieved from /home/airflow/.local/lib/python3.8/site-packages/airflow/example_dags/example_sla_dag.py
[2026-05-17T03:39:53.051+0000] {logging_mixin.py:188} INFO - [2026-05-17T03:39:53.050+0000] {dag.py:3036} INFO - Sync 1 DAGs
[2026-05-17T03:39:53.140+0000] {logging_mixin.py:188} INFO - [2026-05-17T03:39:53.140+0000] {dag.py:3823} INFO - Setting next_dagrun for example_sla_dag to 2026-05-17 03:36:00+00:00, run_after=2026-05-17 03:38:00+00:00
[2026-05-17T03:39:53.181+0000] {processor.py:183} INFO - Processing /home/airflow/.local/lib/python3.8/site-packages/airflow/example_dags/example_sla_dag.py took 0.190 seconds
[2026-05-17T03:40:24.038+0000] {processor.py:161} INFO - Started process (PID=2686) to work on /home/airflow/.local/lib/python3.8/site-packages/airflow/example_dags/example_sla_dag.py
[2026-05-17T03:40:24.040+0000] {processor.py:830} INFO - Processing file /home/airflow/.local/lib/python3.8/site-packages/airflow/example_dags/example_sla_dag.py for tasks to queue
[2026-05-17T03:40:24.043+0000] {logging_mixin.py:188} INFO - [2026-05-17T03:40:24.043+0000] {dagbag.py:538} INFO - Filling up the DagBag from /home/airflow/.local/lib/python3.8/site-packages/airflow/example_dags/example_sla_dag.py
[2026-05-17T03:40:24.059+0000] {processor.py:840} INFO - DAG(s) 'example_sla_dag' retrieved from /home/airflow/.local/lib/python3.8/site-packages/airflow/example_dags/example_sla_dag.py
[2026-05-17T03:40:24.104+0000] {logging_mixin.py:188} INFO - [2026-05-17T03:40:24.104+0000] {dag.py:3036} INFO - Sync 1 DAGs
[2026-05-17T03:40:24.174+0000] {logging_mixin.py:188} INFO - [2026-05-17T03:40:24.173+0000] {dag.py:3823} INFO - Setting next_dagrun for example_sla_dag to 2026-05-17 03:38:00+00:00, run_after=2026-05-17 03:40:00+00:00
[2026-05-17T03:40:24.207+0000] {processor.py:183} INFO - Processing /home/airflow/.local/lib/python3.8/site-packages/airflow/example_dags/example_sla_dag.py took 0.174 seconds
[2026-05-17T03:40:55.010+0000] {processor.py:161} INFO - Started process (PID=2752) to work on /home/airflow/.local/lib/python3.8/site-packages/airflow/example_dags/example_sla_dag.py
[2026-05-17T03:40:55.013+0000] {processor.py:830} INFO - Processing file /home/airflow/.local/lib/python3.8/site-packages/airflow/example_dags/example_sla_dag.py for tasks to queue
[2026-05-17T03:40:55.016+0000] {logging_mixin.py:188} INFO - [2026-05-17T03:40:55.015+0000] {dagbag.py:538} INFO - Filling up the DagBag from /home/airflow/.local/lib/python3.8/site-packages/airflow/example_dags/example_sla_dag.py
[2026-05-17T03:40:55.034+0000] {processor.py:840} INFO - DAG(s) 'example_sla_dag' retrieved from /home/airflow/.local/lib/python3.8/site-packages/airflow/example_dags/example_sla_dag.py
[2026-05-17T03:40:55.075+0000] {logging_mixin.py:188} INFO - [2026-05-17T03:40:55.075+0000] {dag.py:3036} INFO - Sync 1 DAGs
[2026-05-17T03:40:55.129+0000] {logging_mixin.py:188} INFO - [2026-05-17T03:40:55.129+0000] {dag.py:3823} INFO - Setting next_dagrun for example_sla_dag to 2026-05-17 03:38:00+00:00, run_after=2026-05-17 03:40:00+00:00
[2026-05-17T03:40:55.161+0000] {processor.py:183} INFO - Processing /home/airflow/.local/lib/python3.8/site-packages/airflow/example_dags/example_sla_dag.py took 0.157 seconds
[2026-05-17T03:41:25.279+0000] {processor.py:161} INFO - Started process (PID=2819) to work on /home/airflow/.local/lib/python3.8/site-packages/airflow/example_dags/example_sla_dag.py
[2026-05-17T03:41:25.280+0000] {processor.py:830} INFO - Processing file /home/airflow/.local/lib/python3.8/site-packages/airflow/example_dags/example_sla_dag.py for tasks to queue
[2026-05-17T03:41:25.283+0000] {logging_mixin.py:188} INFO - [2026-05-17T03:41:25.282+0000] {dagbag.py:538} INFO - Filling up the DagBag from /home/airflow/.local/lib/python3.8/site-packages/airflow/example_dags/example_sla_dag.py
[2026-05-17T03:41:25.298+0000] {processor.py:840} INFO - DAG(s) 'example_sla_dag' retrieved from /home/airflow/.local/lib/python3.8/site-packages/airflow/example_dags/example_sla_dag.py
[2026-05-17T03:41:25.335+0000] {logging_mixin.py:188} INFO - [2026-05-17T03:41:25.334+0000] {dag.py:3036} INFO - Sync 1 DAGs
[2026-05-17T03:41:25.381+0000] {logging_mixin.py:188} INFO - [2026-05-17T03:41:25.381+0000] {dag.py:3823} INFO - Setting next_dagrun for example_sla_dag to 2026-05-17 03:38:00+00:00, run_after=2026-05-17 03:40:00+00:00
[2026-05-17T03:41:25.410+0000] {processor.py:183} INFO - Processing /home/airflow/.local/lib/python3.8/site-packages/airflow/example_dags/example_sla_dag.py took 0.136 seconds
[2026-05-17T03:41:55.542+0000] {processor.py:161} INFO - Started process (PID=2885) to work on /home/airflow/.local/lib/python3.8/site-packages/airflow/example_dags/example_sla_dag.py
[2026-05-17T03:41:55.544+0000] {processor.py:830} INFO - Processing file /home/airflow/.local/lib/python3.8/site-packages/airflow/example_dags/example_sla_dag.py for tasks to queue
[2026-05-17T03:41:55.547+0000] {logging_mixin.py:188} INFO - [2026-05-17T03:41:55.547+0000] {dagbag.py:538} INFO - Filling up the DagBag from /home/airflow/.local/lib/python3.8/site-packages/airflow/example_dags/example_sla_dag.py
[2026-05-17T03:41:55.561+0000] {processor.py:840} INFO - DAG(s) 'example_sla_dag' retrieved from /home/airflow/.local/lib/python3.8/site-packages/airflow/example_dags/example_sla_dag.py
[2026-05-17T03:41:55.599+0000] {logging_mixin.py:188} INFO - [2026-05-17T03:41:55.598+0000] {dag.py:3036} INFO - Sync 1 DAGs
[2026-05-17T03:41:55.641+0000] {logging_mixin.py:188} INFO - [2026-05-17T03:41:55.641+0000] {dag.py:3823} INFO - Setting next_dagrun for example_sla_dag to 2026-05-17 03:38:00+00:00, run_after=2026-05-17 03:40:00+00:00
[2026-05-17T03:41:55.670+0000] {processor.py:183} INFO - Processing /home/airflow/.local/lib/python3.8/site-packages/airflow/example_dags/example_sla_dag.py took 0.133 seconds
[2026-05-17T03:42:25.769+0000] {processor.py:161} INFO - Started process (PID=2953) to work on /home/airflow/.local/lib/python3.8/site-packages/airflow/example_dags/example_sla_dag.py
[2026-05-17T03:42:25.770+0000] {processor.py:830} INFO - Processing file /home/airflow/.local/lib/python3.8/site-packages/airflow/example_dags/example_sla_dag.py for tasks to queue
[2026-05-17T03:42:25.774+0000] {logging_mixin.py:188} INFO - [2026-05-17T03:42:25.773+0000] {dagbag.py:538} INFO - Filling up the DagBag from /home/airflow/.local/lib/python3.8/site-packages/airflow/example_dags/example_sla_dag.py
[2026-05-17T03:42:25.791+0000] {processor.py:840} INFO - DAG(s) 'example_sla_dag' retrieved from /home/airflow/.local/lib/python3.8/site-packages/airflow/example_dags/example_sla_dag.py
[2026-05-17T03:42:25.829+0000] {logging_mixin.py:188} INFO - [2026-05-17T03:42:25.829+0000] {dag.py:3036} INFO - Sync 1 DAGs
[2026-05-17T03:42:25.875+0000] {logging_mixin.py:188} INFO - [2026-05-17T03:42:25.874+0000] {dag.py:3823} INFO - Setting next_dagrun for example_sla_dag to 2026-05-17 03:40:00+00:00, run_after=2026-05-17 03:42:00+00:00
[2026-05-17T03:42:25.910+0000] {processor.py:183} INFO - Processing /home/airflow/.local/lib/python3.8/site-packages/airflow/example_dags/example_sla_dag.py took 0.147 seconds
[2026-05-17T03:42:56.188+0000] {processor.py:161} INFO - Started process (PID=3019) to work on /home/airflow/.local/lib/python3.8/site-packages/airflow/example_dags/example_sla_dag.py
[2026-05-17T03:42:56.190+0000] {processor.py:830} INFO - Processing file /home/airflow/.local/lib/python3.8/site-packages/airflow/example_dags/example_sla_dag.py for tasks to queue
[2026-05-17T03:42:56.193+0000] {logging_mixin.py:188} INFO - [2026-05-17T03:42:56.192+0000] {dagbag.py:538} INFO - Filling up the DagBag from /home/airflow/.local/lib/python3.8/site-packages/airflow/example_dags/example_sla_dag.py
[2026-05-17T03:42:56.208+0000] {processor.py:840} INFO - DAG(s) 'example_sla_dag' retrieved from /home/airflow/.local/lib/python3.8/site-packages/airflow/example_dags/example_sla_dag.py
[2026-05-17T03:42:56.247+0000] {logging_mixin.py:188} INFO - [2026-05-17T03:42:56.247+0000] {dag.py:3036} INFO - Sync 1 DAGs
[2026-05-17T03:42:56.293+0000] {logging_mixin.py:188} INFO - [2026-05-17T03:42:56.293+0000] {dag.py:3823} INFO - Setting next_dagrun for example_sla_dag to 2026-05-17 03:40:00+00:00, run_after=2026-05-17 03:42:00+00:00
[2026-05-17T03:42:56.326+0000] {processor.py:183} INFO - Processing /home/airflow/.local/lib/python3.8/site-packages/airflow/example_dags/example_sla_dag.py took 0.144 seconds
[2026-05-17T03:43:26.554+0000] {processor.py:161} INFO - Started process (PID=3085) to work on /home/airflow/.local/lib/python3.8/site-packages/airflow/example_dags/example_sla_dag.py
[2026-05-17T03:43:26.556+0000] {processor.py:830} INFO - Processing file /home/airflow/.local/lib/python3.8/site-packages/airflow/example_dags/example_sla_dag.py for tasks to queue
[2026-05-17T03:43:26.559+0000] {logging_mixin.py:188} INFO - [2026-05-17T03:43:26.559+0000] {dagbag.py:538} INFO - Filling up the DagBag from /home/airflow/.local/lib/python3.8/site-packages/airflow/example_dags/example_sla_dag.py
[2026-05-17T03:43:26.576+0000] {processor.py:840} INFO - DAG(s) 'example_sla_dag' retrieved from /home/airflow/.local/lib/python3.8/site-packages/airflow/example_dags/example_sla_dag.py
[2026-05-17T03:43:26.625+0000] {logging_mixin.py:188} INFO - [2026-05-17T03:43:26.624+0000] {dag.py:3036} INFO - Sync 1 DAGs
[2026-05-17T03:43:26.670+0000] {logging_mixin.py:188} INFO - [2026-05-17T03:43:26.669+0000] {dag.py:3823} INFO - Setting next_dagrun for example_sla_dag to 2026-05-17 03:40:00+00:00, run_after=2026-05-17 03:42:00+00:00
[2026-05-17T03:43:26.702+0000] {processor.py:183} INFO - Processing /home/airflow/.local/lib/python3.8/site-packages/airflow/example_dags/example_sla_dag.py took 0.154 seconds
[2026-05-17T03:43:57.060+0000] {processor.py:161} INFO - Started process (PID=3149) to work on /home/airflow/.local/lib/python3.8/site-packages/airflow/example_dags/example_sla_dag.py
[2026-05-17T03:43:57.062+0000] {processor.py:830} INFO - Processing file /home/airflow/.local/lib/python3.8/site-packages/airflow/example_dags/example_sla_dag.py for tasks to queue
[2026-05-17T03:43:57.066+0000] {logging_mixin.py:188} INFO - [2026-05-17T03:43:57.064+0000] {dagbag.py:538} INFO - Filling up the DagBag from /home/airflow/.local/lib/python3.8/site-packages/airflow/example_dags/example_sla_dag.py
[2026-05-17T03:43:57.081+0000] {processor.py:840} INFO - DAG(s) 'example_sla_dag' retrieved from /home/airflow/.local/lib/python3.8/site-packages/airflow/example_dags/example_sla_dag.py
[2026-05-17T03:43:57.117+0000] {logging_mixin.py:188} INFO - [2026-05-17T03:43:57.116+0000] {dag.py:3036} INFO - Sync 1 DAGs
[2026-05-17T03:43:57.361+0000] {logging_mixin.py:188} INFO - [2026-05-17T03:43:57.361+0000] {dag.py:3823} INFO - Setting next_dagrun for example_sla_dag to 2026-05-17 03:40:00+00:00, run_after=2026-05-17 03:42:00+00:00
[2026-05-17T03:43:57.387+0000] {processor.py:183} INFO - Processing /home/airflow/.local/lib/python3.8/site-packages/airflow/example_dags/example_sla_dag.py took 0.335 seconds
[2026-05-17T03:44:27.460+0000] {processor.py:161} INFO - Started process (PID=3215) to work on /home/airflow/.local/lib/python3.8/site-packages/airflow/example_dags/example_sla_dag.py
[2026-05-17T03:44:27.461+0000] {processor.py:830} INFO - Processing file /home/airflow/.local/lib/python3.8/site-packages/airflow/example_dags/example_sla_dag.py for tasks to queue
[2026-05-17T03:44:27.463+0000] {logging_mixin.py:188} INFO - [2026-05-17T03:44:27.463+0000] {dagbag.py:538} INFO - Filling up the DagBag from /home/airflow/.local/lib/python3.8/site-packages/airflow/example_dags/example_sla_dag.py
[2026-05-17T03:44:27.479+0000] {processor.py:840} INFO - DAG(s) 'example_sla_dag' retrieved from /home/airflow/.local/lib/python3.8/site-packages/airflow/example_dags/example_sla_dag.py
[2026-05-17T03:44:27.514+0000] {logging_mixin.py:188} INFO - [2026-05-17T03:44:27.513+0000] {dag.py:3036} INFO - Sync 1 DAGs
[2026-05-17T03:44:27.556+0000] {logging_mixin.py:188} INFO - [2026-05-17T03:44:27.555+0000] {dag.py:3823} INFO - Setting next_dagrun for example_sla_dag to 2026-05-17 03:42:00+00:00, run_after=2026-05-17 03:44:00+00:00
[2026-05-17T03:44:27.778+0000] {processor.py:183} INFO - Processing /home/airflow/.local/lib/python3.8/site-packages/airflow/example_dags/example_sla_dag.py took 0.323 seconds
[2026-05-17T03:44:58.124+0000] {processor.py:161} INFO - Started process (PID=3281) to work on /home/airflow/.local/lib/python3.8/site-packages/airflow/example_dags/example_sla_dag.py
[2026-05-17T03:44:58.125+0000] {processor.py:830} INFO - Processing file /home/airflow/.local/lib/python3.8/site-packages/airflow/example_dags/example_sla_dag.py for tasks to queue
[2026-05-17T03:44:58.128+0000] {logging_mixin.py:188} INFO - [2026-05-17T03:44:58.127+0000] {dagbag.py:538} INFO - Filling up the DagBag from /home/airflow/.local/lib/python3.8/site-packages/airflow/example_dags/example_sla_dag.py
[2026-05-17T03:44:58.142+0000] {processor.py:840} INFO - DAG(s) 'example_sla_dag' retrieved from /home/airflow/.local/lib/python3.8/site-packages/airflow/example_dags/example_sla_dag.py
[2026-05-17T03:44:58.175+0000] {logging_mixin.py:188} INFO - [2026-05-17T03:44:58.174+0000] {dag.py:3036} INFO - Sync 1 DAGs
[2026-05-17T03:44:58.221+0000] {logging_mixin.py:188} INFO - [2026-05-17T03:44:58.220+0000] {dag.py:3823} INFO - Setting next_dagrun for example_sla_dag to 2026-05-17 03:42:00+00:00, run_after=2026-05-17 03:44:00+00:00
[2026-05-17T03:44:58.249+0000] {processor.py:183} INFO - Processing /home/airflow/.local/lib/python3.8/site-packages/airflow/example_dags/example_sla_dag.py took 0.130 seconds
[2026-05-17T03:45:29.171+0000] {processor.py:161} INFO - Started process (PID=3347) to work on /home/airflow/.local/lib/python3.8/site-packages/airflow/example_dags/example_sla_dag.py
[2026-05-17T03:45:29.173+0000] {processor.py:830} INFO - Processing file /home/airflow/.local/lib/python3.8/site-packages/airflow/example_dags/example_sla_dag.py for tasks to queue
[2026-05-17T03:45:29.176+0000] {logging_mixin.py:188} INFO - [2026-05-17T03:45:29.175+0000] {dagbag.py:538} INFO - Filling up the DagBag from /home/airflow/.local/lib/python3.8/site-packages/airflow/example_dags/example_sla_dag.py
[2026-05-17T03:45:29.190+0000] {processor.py:840} INFO - DAG(s) 'example_sla_dag' retrieved from /home/airflow/.local/lib/python3.8/site-packages/airflow/example_dags/example_sla_dag.py
[2026-05-17T03:45:29.228+0000] {logging_mixin.py:188} INFO - [2026-05-17T03:45:29.227+0000] {dag.py:3036} INFO - Sync 1 DAGs
[2026-05-17T03:45:29.279+0000] {logging_mixin.py:188} INFO - [2026-05-17T03:45:29.276+0000] {dag.py:3823} INFO - Setting next_dagrun for example_sla_dag to 2026-05-17 03:42:00+00:00, run_after=2026-05-17 03:44:00+00:00
[2026-05-17T03:45:29.315+0000] {processor.py:183} INFO - Processing /home/airflow/.local/lib/python3.8/site-packages/airflow/example_dags/example_sla_dag.py took 0.149 seconds
[2026-05-17T03:46:00.240+0000] {processor.py:161} INFO - Started process (PID=3413) to work on /home/airflow/.local/lib/python3.8/site-packages/airflow/example_dags/example_sla_dag.py
[2026-05-17T03:46:00.243+0000] {processor.py:830} INFO - Processing file /home/airflow/.local/lib/python3.8/site-packages/airflow/example_dags/example_sla_dag.py for tasks to queue
[2026-05-17T03:46:00.245+0000] {logging_mixin.py:188} INFO - [2026-05-17T03:46:00.245+0000] {dagbag.py:538} INFO - Filling up the DagBag from /home/airflow/.local/lib/python3.8/site-packages/airflow/example_dags/example_sla_dag.py
[2026-05-17T03:46:00.259+0000] {processor.py:840} INFO - DAG(s) 'example_sla_dag' retrieved from /home/airflow/.local/lib/python3.8/site-packages/airflow/example_dags/example_sla_dag.py
[2026-05-17T03:46:00.474+0000] {logging_mixin.py:188} INFO - [2026-05-17T03:46:00.474+0000] {dag.py:3036} INFO - Sync 1 DAGs
[2026-05-17T03:46:00.520+0000] {logging_mixin.py:188} INFO - [2026-05-17T03:46:00.519+0000] {dag.py:3823} INFO - Setting next_dagrun for example_sla_dag to 2026-05-17 03:44:00+00:00, run_after=2026-05-17 03:46:00+00:00
[2026-05-17T03:46:00.551+0000] {processor.py:183} INFO - Processing /home/airflow/.local/lib/python3.8/site-packages/airflow/example_dags/example_sla_dag.py took 0.317 seconds
[2026-05-17T03:46:31.403+0000] {processor.py:161} INFO - Started process (PID=3497) to work on /home/airflow/.local/lib/python3.8/site-packages/airflow/example_dags/example_sla_dag.py
[2026-05-17T03:46:31.405+0000] {processor.py:830} INFO - Processing file /home/airflow/.local/lib/python3.8/site-packages/airflow/example_dags/example_sla_dag.py for tasks to queue
[2026-05-17T03:46:31.409+0000] {logging_mixin.py:188} INFO - [2026-05-17T03:46:31.408+0000] {dagbag.py:538} INFO - Filling up the DagBag from /home/airflow/.local/lib/python3.8/site-packages/airflow/example_dags/example_sla_dag.py
[2026-05-17T03:46:31.431+0000] {processor.py:840} INFO - DAG(s) 'example_sla_dag' retrieved from /home/airflow/.local/lib/python3.8/site-packages/airflow/example_dags/example_sla_dag.py
[2026-05-17T03:46:31.479+0000] {logging_mixin.py:188} INFO - [2026-05-17T03:46:31.478+0000] {dag.py:3036} INFO - Sync 1 DAGs
[2026-05-17T03:46:31.536+0000] {logging_mixin.py:188} INFO - [2026-05-17T03:46:31.536+0000] {dag.py:3823} INFO - Setting next_dagrun for example_sla_dag to 2026-05-17 03:44:00+00:00, run_after=2026-05-17 03:46:00+00:00
[2026-05-17T03:46:31.576+0000] {processor.py:183} INFO - Processing /home/airflow/.local/lib/python3.8/site-packages/airflow/example_dags/example_sla_dag.py took 0.180 seconds
[2026-05-17T03:47:01.829+0000] {processor.py:161} INFO - Started process (PID=3566) to work on /home/airflow/.local/lib/python3.8/site-packages/airflow/example_dags/example_sla_dag.py
[2026-05-17T03:47:01.831+0000] {processor.py:830} INFO - Processing file /home/airflow/.local/lib/python3.8/site-packages/airflow/example_dags/example_sla_dag.py for tasks to queue
[2026-05-17T03:47:01.834+0000] {logging_mixin.py:188} INFO - [2026-05-17T03:47:01.833+0000] {dagbag.py:538} INFO - Filling up the DagBag from /home/airflow/.local/lib/python3.8/site-packages/airflow/example_dags/example_sla_dag.py
[2026-05-17T03:47:01.853+0000] {processor.py:840} INFO - DAG(s) 'example_sla_dag' retrieved from /home/airflow/.local/lib/python3.8/site-packages/airflow/example_dags/example_sla_dag.py
[2026-05-17T03:47:01.879+0000] {logging_mixin.py:188} INFO - [2026-05-17T03:47:01.878+0000] {dag.py:3036} INFO - Sync 1 DAGs
[2026-05-17T03:47:01.945+0000] {logging_mixin.py:188} INFO - [2026-05-17T03:47:01.944+0000] {dag.py:3823} INFO - Setting next_dagrun for example_sla_dag to 2026-05-17 03:44:00+00:00, run_after=2026-05-17 03:46:00+00:00
[2026-05-17T03:47:01.983+0000] {processor.py:183} INFO - Processing /home/airflow/.local/lib/python3.8/site-packages/airflow/example_dags/example_sla_dag.py took 0.161 seconds
[2026-05-17T03:47:32.362+0000] {processor.py:161} INFO - Started process (PID=3639) to work on /home/airflow/.local/lib/python3.8/site-packages/airflow/example_dags/example_sla_dag.py
[2026-05-17T03:47:32.364+0000] {processor.py:830} INFO - Processing file /home/airflow/.local/lib/python3.8/site-packages/airflow/example_dags/example_sla_dag.py for tasks to queue
[2026-05-17T03:47:32.366+0000] {logging_mixin.py:188} INFO - [2026-05-17T03:47:32.366+0000] {dagbag.py:538} INFO - Filling up the DagBag from /home/airflow/.local/lib/python3.8/site-packages/airflow/example_dags/example_sla_dag.py
[2026-05-17T03:47:32.381+0000] {processor.py:840} INFO - DAG(s) 'example_sla_dag' retrieved from /home/airflow/.local/lib/python3.8/site-packages/airflow/example_dags/example_sla_dag.py
[2026-05-17T03:47:32.567+0000] {logging_mixin.py:188} INFO - [2026-05-17T03:47:32.567+0000] {dag.py:3036} INFO - Sync 1 DAGs
[2026-05-17T03:47:32.627+0000] {logging_mixin.py:188} INFO - [2026-05-17T03:47:32.626+0000] {dag.py:3823} INFO - Setting next_dagrun for example_sla_dag to 2026-05-17 03:44:00+00:00, run_after=2026-05-17 03:46:00+00:00
[2026-05-17T03:47:32.657+0000] {processor.py:183} INFO - Processing /home/airflow/.local/lib/python3.8/site-packages/airflow/example_dags/example_sla_dag.py took 0.300 seconds
[2026-05-17T03:48:03.377+0000] {processor.py:161} INFO - Started process (PID=3706) to work on /home/airflow/.local/lib/python3.8/site-packages/airflow/example_dags/example_sla_dag.py
[2026-05-17T03:48:03.379+0000] {processor.py:830} INFO - Processing file /home/airflow/.local/lib/python3.8/site-packages/airflow/example_dags/example_sla_dag.py for tasks to queue
[2026-05-17T03:48:03.382+0000] {logging_mixin.py:188} INFO - [2026-05-17T03:48:03.381+0000] {dagbag.py:538} INFO - Filling up the DagBag from /home/airflow/.local/lib/python3.8/site-packages/airflow/example_dags/example_sla_dag.py
[2026-05-17T03:48:03.396+0000] {processor.py:840} INFO - DAG(s) 'example_sla_dag' retrieved from /home/airflow/.local/lib/python3.8/site-packages/airflow/example_dags/example_sla_dag.py
[2026-05-17T03:48:03.437+0000] {logging_mixin.py:188} INFO - [2026-05-17T03:48:03.437+0000] {dag.py:3036} INFO - Sync 1 DAGs
[2026-05-17T03:48:03.490+0000] {logging_mixin.py:188} INFO - [2026-05-17T03:48:03.489+0000] {dag.py:3823} INFO - Setting next_dagrun for example_sla_dag to 2026-05-17 03:46:00+00:00, run_after=2026-05-17 03:48:00+00:00
[2026-05-17T03:48:03.525+0000] {processor.py:183} INFO - Processing /home/airflow/.local/lib/python3.8/site-packages/airflow/example_dags/example_sla_dag.py took 0.154 seconds
[2026-05-17T03:48:34.154+0000] {processor.py:161} INFO - Started process (PID=3772) to work on /home/airflow/.local/lib/python3.8/site-packages/airflow/example_dags/example_sla_dag.py
[2026-05-17T03:48:34.156+0000] {processor.py:830} INFO - Processing file /home/airflow/.local/lib/python3.8/site-packages/airflow/example_dags/example_sla_dag.py for tasks to queue
[2026-05-17T03:48:34.159+0000] {logging_mixin.py:188} INFO - [2026-05-17T03:48:34.159+0000] {dagbag.py:538} INFO - Filling up the DagBag from /home/airflow/.local/lib/python3.8/site-packages/airflow/example_dags/example_sla_dag.py
[2026-05-17T03:48:34.174+0000] {processor.py:840} INFO - DAG(s) 'example_sla_dag' retrieved from /home/airflow/.local/lib/python3.8/site-packages/airflow/example_dags/example_sla_dag.py
[2026-05-17T03:48:34.215+0000] {logging_mixin.py:188} INFO - [2026-05-17T03:48:34.215+0000] {dag.py:3036} INFO - Sync 1 DAGs
[2026-05-17T03:48:34.271+0000] {logging_mixin.py:188} INFO - [2026-05-17T03:48:34.271+0000] {dag.py:3823} INFO - Setting next_dagrun for example_sla_dag to 2026-05-17 03:46:00+00:00, run_after=2026-05-17 03:48:00+00:00
[2026-05-17T03:48:34.300+0000] {processor.py:183} INFO - Processing /home/airflow/.local/lib/python3.8/site-packages/airflow/example_dags/example_sla_dag.py took 0.155 seconds
[2026-05-17T03:49:04.857+0000] {processor.py:161} INFO - Started process (PID=3838) to work on /home/airflow/.local/lib/python3.8/site-packages/airflow/example_dags/example_sla_dag.py
[2026-05-17T03:49:04.859+0000] {processor.py:830} INFO - Processing file /home/airflow/.local/lib/python3.8/site-packages/airflow/example_dags/example_sla_dag.py for tasks to queue
[2026-05-17T03:49:04.861+0000] {logging_mixin.py:188} INFO - [2026-05-17T03:49:04.861+0000] {dagbag.py:538} INFO - Filling up the DagBag from /home/airflow/.local/lib/python3.8/site-packages/airflow/example_dags/example_sla_dag.py
[2026-05-17T03:49:04.876+0000] {processor.py:840} INFO - DAG(s) 'example_sla_dag' retrieved from /home/airflow/.local/lib/python3.8/site-packages/airflow/example_dags/example_sla_dag.py
[2026-05-17T03:49:04.944+0000] {logging_mixin.py:188} INFO - [2026-05-17T03:49:04.943+0000] {dag.py:3036} INFO - Sync 1 DAGs
[2026-05-17T03:49:04.997+0000] {logging_mixin.py:188} INFO - [2026-05-17T03:49:04.997+0000] {dag.py:3823} INFO - Setting next_dagrun for example_sla_dag to 2026-05-17 03:46:00+00:00, run_after=2026-05-17 03:48:00+00:00
[2026-05-17T03:49:05.031+0000] {processor.py:183} INFO - Processing /home/airflow/.local/lib/python3.8/site-packages/airflow/example_dags/example_sla_dag.py took 0.180 seconds
[2026-05-17T03:49:35.349+0000] {processor.py:161} INFO - Started process (PID=3904) to work on /home/airflow/.local/lib/python3.8/site-packages/airflow/example_dags/example_sla_dag.py
[2026-05-17T03:49:35.351+0000] {processor.py:830} INFO - Processing file /home/airflow/.local/lib/python3.8/site-packages/airflow/example_dags/example_sla_dag.py for tasks to queue
[2026-05-17T03:49:35.354+0000] {logging_mixin.py:188} INFO - [2026-05-17T03:49:35.353+0000] {dagbag.py:538} INFO - Filling up the DagBag from /home/airflow/.local/lib/python3.8/site-packages/airflow/example_dags/example_sla_dag.py
[2026-05-17T03:49:35.368+0000] {processor.py:840} INFO - DAG(s) 'example_sla_dag' retrieved from /home/airflow/.local/lib/python3.8/site-packages/airflow/example_dags/example_sla_dag.py
[2026-05-17T03:49:35.403+0000] {logging_mixin.py:188} INFO - [2026-05-17T03:49:35.403+0000] {dag.py:3036} INFO - Sync 1 DAGs
[2026-05-17T03:49:35.450+0000] {logging_mixin.py:188} INFO - [2026-05-17T03:49:35.450+0000] {dag.py:3823} INFO - Setting next_dagrun for example_sla_dag to 2026-05-17 03:46:00+00:00, run_after=2026-05-17 03:48:00+00:00
[2026-05-17T03:49:35.483+0000] {processor.py:183} INFO - Processing /home/airflow/.local/lib/python3.8/site-packages/airflow/example_dags/example_sla_dag.py took 0.141 seconds
[2026-05-17T03:50:06.104+0000] {processor.py:161} INFO - Started process (PID=3970) to work on /home/airflow/.local/lib/python3.8/site-packages/airflow/example_dags/example_sla_dag.py
[2026-05-17T03:50:06.106+0000] {processor.py:830} INFO - Processing file /home/airflow/.local/lib/python3.8/site-packages/airflow/example_dags/example_sla_dag.py for tasks to queue
[2026-05-17T03:50:06.109+0000] {logging_mixin.py:188} INFO - [2026-05-17T03:50:06.108+0000] {dagbag.py:538} INFO - Filling up the DagBag from /home/airflow/.local/lib/python3.8/site-packages/airflow/example_dags/example_sla_dag.py
[2026-05-17T03:50:06.128+0000] {processor.py:840} INFO - DAG(s) 'example_sla_dag' retrieved from /home/airflow/.local/lib/python3.8/site-packages/airflow/example_dags/example_sla_dag.py
[2026-05-17T03:50:06.176+0000] {logging_mixin.py:188} INFO - [2026-05-17T03:50:06.175+0000] {dag.py:3036} INFO - Sync 1 DAGs
[2026-05-17T03:50:06.228+0000] {logging_mixin.py:188} INFO - [2026-05-17T03:50:06.227+0000] {dag.py:3823} INFO - Setting next_dagrun for example_sla_dag to 2026-05-17 03:48:00+00:00, run_after=2026-05-17 03:50:00+00:00
[2026-05-17T03:50:06.270+0000] {processor.py:183} INFO - Processing /home/airflow/.local/lib/python3.8/site-packages/airflow/example_dags/example_sla_dag.py took 0.173 seconds
[2026-05-17T03:50:36.688+0000] {processor.py:161} INFO - Started process (PID=4036) to work on /home/airflow/.local/lib/python3.8/site-packages/airflow/example_dags/example_sla_dag.py
[2026-05-17T03:50:36.690+0000] {processor.py:830} INFO - Processing file /home/airflow/.local/lib/python3.8/site-packages/airflow/example_dags/example_sla_dag.py for tasks to queue
[2026-05-17T03:50:36.693+0000] {logging_mixin.py:188} INFO - [2026-05-17T03:50:36.693+0000] {dagbag.py:538} INFO - Filling up the DagBag from /home/airflow/.local/lib/python3.8/site-packages/airflow/example_dags/example_sla_dag.py
[2026-05-17T03:50:36.709+0000] {processor.py:840} INFO - DAG(s) 'example_sla_dag' retrieved from /home/airflow/.local/lib/python3.8/site-packages/airflow/example_dags/example_sla_dag.py
[2026-05-17T03:50:36.753+0000] {logging_mixin.py:188} INFO - [2026-05-17T03:50:36.752+0000] {dag.py:3036} INFO - Sync 1 DAGs
[2026-05-17T03:50:36.844+0000] {logging_mixin.py:188} INFO - [2026-05-17T03:50:36.843+0000] {dag.py:3823} INFO - Setting next_dagrun for example_sla_dag to 2026-05-17 03:48:00+00:00, run_after=2026-05-17 03:50:00+00:00
[2026-05-17T03:50:36.889+0000] {processor.py:183} INFO - Processing /home/airflow/.local/lib/python3.8/site-packages/airflow/example_dags/example_sla_dag.py took 0.207 seconds
[2026-05-17T03:51:06.986+0000] {processor.py:161} INFO - Started process (PID=4102) to work on /home/airflow/.local/lib/python3.8/site-packages/airflow/example_dags/example_sla_dag.py
[2026-05-17T03:51:06.987+0000] {processor.py:830} INFO - Processing file /home/airflow/.local/lib/python3.8/site-packages/airflow/example_dags/example_sla_dag.py for tasks to queue
[2026-05-17T03:51:06.990+0000] {logging_mixin.py:188} INFO - [2026-05-17T03:51:06.989+0000] {dagbag.py:538} INFO - Filling up the DagBag from /home/airflow/.local/lib/python3.8/site-packages/airflow/example_dags/example_sla_dag.py
[2026-05-17T03:51:07.003+0000] {processor.py:840} INFO - DAG(s) 'example_sla_dag' retrieved from /home/airflow/.local/lib/python3.8/site-packages/airflow/example_dags/example_sla_dag.py
[2026-05-17T03:51:07.037+0000] {logging_mixin.py:188} INFO - [2026-05-17T03:51:07.036+0000] {dag.py:3036} INFO - Sync 1 DAGs
[2026-05-17T03:51:07.079+0000] {logging_mixin.py:188} INFO - [2026-05-17T03:51:07.079+0000] {dag.py:3823} INFO - Setting next_dagrun for example_sla_dag to 2026-05-17 03:48:00+00:00, run_after=2026-05-17 03:50:00+00:00
[2026-05-17T03:51:07.108+0000] {processor.py:183} INFO - Processing /home/airflow/.local/lib/python3.8/site-packages/airflow/example_dags/example_sla_dag.py took 0.126 seconds
[2026-05-17T03:51:37.568+0000] {processor.py:161} INFO - Started process (PID=4167) to work on /home/airflow/.local/lib/python3.8/site-packages/airflow/example_dags/example_sla_dag.py
[2026-05-17T03:51:37.570+0000] {processor.py:830} INFO - Processing file /home/airflow/.local/lib/python3.8/site-packages/airflow/example_dags/example_sla_dag.py for tasks to queue
[2026-05-17T03:51:37.573+0000] {logging_mixin.py:188} INFO - [2026-05-17T03:51:37.572+0000] {dagbag.py:538} INFO - Filling up the DagBag from /home/airflow/.local/lib/python3.8/site-packages/airflow/example_dags/example_sla_dag.py
[2026-05-17T03:51:37.588+0000] {processor.py:840} INFO - DAG(s) 'example_sla_dag' retrieved from /home/airflow/.local/lib/python3.8/site-packages/airflow/example_dags/example_sla_dag.py
[2026-05-17T03:51:37.627+0000] {logging_mixin.py:188} INFO - [2026-05-17T03:51:37.627+0000] {dag.py:3036} INFO - Sync 1 DAGs
[2026-05-17T03:51:37.666+0000] {logging_mixin.py:188} INFO - [2026-05-17T03:51:37.665+0000] {dag.py:3823} INFO - Setting next_dagrun for example_sla_dag to 2026-05-17 03:48:00+00:00, run_after=2026-05-17 03:50:00+00:00
[2026-05-17T03:51:37.690+0000] {processor.py:183} INFO - Processing /home/airflow/.local/lib/python3.8/site-packages/airflow/example_dags/example_sla_dag.py took 0.127 seconds
[2026-05-17T03:52:07.973+0000] {processor.py:161} INFO - Started process (PID=4233) to work on /home/airflow/.local/lib/python3.8/site-packages/airflow/example_dags/example_sla_dag.py
[2026-05-17T03:52:07.975+0000] {processor.py:830} INFO - Processing file /home/airflow/.local/lib/python3.8/site-packages/airflow/example_dags/example_sla_dag.py for tasks to queue
[2026-05-17T03:52:07.978+0000] {logging_mixin.py:188} INFO - [2026-05-17T03:52:07.977+0000] {dagbag.py:538} INFO - Filling up the DagBag from /home/airflow/.local/lib/python3.8/site-packages/airflow/example_dags/example_sla_dag.py
[2026-05-17T03:52:07.990+0000] {processor.py:840} INFO - DAG(s) 'example_sla_dag' retrieved from /home/airflow/.local/lib/python3.8/site-packages/airflow/example_dags/example_sla_dag.py
[2026-05-17T03:52:08.024+0000] {logging_mixin.py:188} INFO - [2026-05-17T03:52:08.024+0000] {dag.py:3036} INFO - Sync 1 DAGs
[2026-05-17T03:52:08.070+0000] {logging_mixin.py:188} INFO - [2026-05-17T03:52:08.069+0000] {dag.py:3823} INFO - Setting next_dagrun for example_sla_dag to 2026-05-17 03:50:00+00:00, run_after=2026-05-17 03:52:00+00:00
[2026-05-17T03:52:08.106+0000] {processor.py:183} INFO - Processing /home/airflow/.local/lib/python3.8/site-packages/airflow/example_dags/example_sla_dag.py took 0.138 seconds
[2026-05-17T03:52:38.163+0000] {processor.py:161} INFO - Started process (PID=4299) to work on /home/airflow/.local/lib/python3.8/site-packages/airflow/example_dags/example_sla_dag.py
[2026-05-17T03:52:38.165+0000] {processor.py:830} INFO - Processing file /home/airflow/.local/lib/python3.8/site-packages/airflow/example_dags/example_sla_dag.py for tasks to queue
[2026-05-17T03:52:38.167+0000] {logging_mixin.py:188} INFO - [2026-05-17T03:52:38.167+0000] {dagbag.py:538} INFO - Filling up the DagBag from /home/airflow/.local/lib/python3.8/site-packages/airflow/example_dags/example_sla_dag.py
[2026-05-17T03:52:38.180+0000] {processor.py:840} INFO - DAG(s) 'example_sla_dag' retrieved from /home/airflow/.local/lib/python3.8/site-packages/airflow/example_dags/example_sla_dag.py
[2026-05-17T03:52:38.214+0000] {logging_mixin.py:188} INFO - [2026-05-17T03:52:38.213+0000] {dag.py:3036} INFO - Sync 1 DAGs
[2026-05-17T03:52:38.253+0000] {logging_mixin.py:188} INFO - [2026-05-17T03:52:38.253+0000] {dag.py:3823} INFO - Setting next_dagrun for example_sla_dag to 2026-05-17 03:50:00+00:00, run_after=2026-05-17 03:52:00+00:00
[2026-05-17T03:52:38.280+0000] {processor.py:183} INFO - Processing /home/airflow/.local/lib/python3.8/site-packages/airflow/example_dags/example_sla_dag.py took 0.122 seconds
[2026-05-17T03:53:08.733+0000] {processor.py:161} INFO - Started process (PID=4365) to work on /home/airflow/.local/lib/python3.8/site-packages/airflow/example_dags/example_sla_dag.py
[2026-05-17T03:53:08.735+0000] {processor.py:830} INFO - Processing file /home/airflow/.local/lib/python3.8/site-packages/airflow/example_dags/example_sla_dag.py for tasks to queue
[2026-05-17T03:53:08.738+0000] {logging_mixin.py:188} INFO - [2026-05-17T03:53:08.737+0000] {dagbag.py:538} INFO - Filling up the DagBag from /home/airflow/.local/lib/python3.8/site-packages/airflow/example_dags/example_sla_dag.py
[2026-05-17T03:53:08.751+0000] {processor.py:840} INFO - DAG(s) 'example_sla_dag' retrieved from /home/airflow/.local/lib/python3.8/site-packages/airflow/example_dags/example_sla_dag.py
[2026-05-17T03:53:08.784+0000] {logging_mixin.py:188} INFO - [2026-05-17T03:53:08.783+0000] {dag.py:3036} INFO - Sync 1 DAGs
[2026-05-17T03:53:08.824+0000] {logging_mixin.py:188} INFO - [2026-05-17T03:53:08.824+0000] {dag.py:3823} INFO - Setting next_dagrun for example_sla_dag to 2026-05-17 03:50:00+00:00, run_after=2026-05-17 03:52:00+00:00
[2026-05-17T03:53:08.853+0000] {processor.py:183} INFO - Processing /home/airflow/.local/lib/python3.8/site-packages/airflow/example_dags/example_sla_dag.py took 0.125 seconds
[2026-05-17T03:53:39.518+0000] {processor.py:161} INFO - Started process (PID=4436) to work on /home/airflow/.local/lib/python3.8/site-packages/airflow/example_dags/example_sla_dag.py
[2026-05-17T03:53:39.520+0000] {processor.py:830} INFO - Processing file /home/airflow/.local/lib/python3.8/site-packages/airflow/example_dags/example_sla_dag.py for tasks to queue
[2026-05-17T03:53:39.523+0000] {logging_mixin.py:188} INFO - [2026-05-17T03:53:39.523+0000] {dagbag.py:538} INFO - Filling up the DagBag from /home/airflow/.local/lib/python3.8/site-packages/airflow/example_dags/example_sla_dag.py
[2026-05-17T03:53:39.537+0000] {processor.py:840} INFO - DAG(s) 'example_sla_dag' retrieved from /home/airflow/.local/lib/python3.8/site-packages/airflow/example_dags/example_sla_dag.py
[2026-05-17T03:53:39.576+0000] {logging_mixin.py:188} INFO - [2026-05-17T03:53:39.575+0000] {dag.py:3036} INFO - Sync 1 DAGs
[2026-05-17T03:53:39.622+0000] {logging_mixin.py:188} INFO - [2026-05-17T03:53:39.621+0000] {dag.py:3823} INFO - Setting next_dagrun for example_sla_dag to 2026-05-17 03:50:00+00:00, run_after=2026-05-17 03:52:00+00:00
[2026-05-17T03:53:39.653+0000] {processor.py:183} INFO - Processing /home/airflow/.local/lib/python3.8/site-packages/airflow/example_dags/example_sla_dag.py took 0.140 seconds
[2026-05-17T03:54:10.043+0000] {processor.py:161} INFO - Started process (PID=4504) to work on /home/airflow/.local/lib/python3.8/site-packages/airflow/example_dags/example_sla_dag.py
[2026-05-17T03:54:10.044+0000] {processor.py:830} INFO - Processing file /home/airflow/.local/lib/python3.8/site-packages/airflow/example_dags/example_sla_dag.py for tasks to queue
[2026-05-17T03:54:10.048+0000] {logging_mixin.py:188} INFO - [2026-05-17T03:54:10.047+0000] {dagbag.py:538} INFO - Filling up the DagBag from /home/airflow/.local/lib/python3.8/site-packages/airflow/example_dags/example_sla_dag.py
[2026-05-17T03:54:10.068+0000] {processor.py:840} INFO - DAG(s) 'example_sla_dag' retrieved from /home/airflow/.local/lib/python3.8/site-packages/airflow/example_dags/example_sla_dag.py
[2026-05-17T03:54:10.111+0000] {logging_mixin.py:188} INFO - [2026-05-17T03:54:10.110+0000] {dag.py:3036} INFO - Sync 1 DAGs
[2026-05-17T03:54:10.164+0000] {logging_mixin.py:188} INFO - [2026-05-17T03:54:10.163+0000] {dag.py:3823} INFO - Setting next_dagrun for example_sla_dag to 2026-05-17 03:52:00+00:00, run_after=2026-05-17 03:54:00+00:00
[2026-05-17T03:54:10.201+0000] {processor.py:183} INFO - Processing /home/airflow/.local/lib/python3.8/site-packages/airflow/example_dags/example_sla_dag.py took 0.165 seconds
[2026-05-17T03:54:40.469+0000] {processor.py:161} INFO - Started process (PID=4570) to work on /home/airflow/.local/lib/python3.8/site-packages/airflow/example_dags/example_sla_dag.py
[2026-05-17T03:54:40.472+0000] {processor.py:830} INFO - Processing file /home/airflow/.local/lib/python3.8/site-packages/airflow/example_dags/example_sla_dag.py for tasks to queue
[2026-05-17T03:54:40.475+0000] {logging_mixin.py:188} INFO - [2026-05-17T03:54:40.474+0000] {dagbag.py:538} INFO - Filling up the DagBag from /home/airflow/.local/lib/python3.8/site-packages/airflow/example_dags/example_sla_dag.py
[2026-05-17T03:54:40.489+0000] {processor.py:840} INFO - DAG(s) 'example_sla_dag' retrieved from /home/airflow/.local/lib/python3.8/site-packages/airflow/example_dags/example_sla_dag.py
[2026-05-17T03:54:40.523+0000] {logging_mixin.py:188} INFO - [2026-05-17T03:54:40.522+0000] {dag.py:3036} INFO - Sync 1 DAGs
[2026-05-17T03:54:40.566+0000] {logging_mixin.py:188} INFO - [2026-05-17T03:54:40.566+0000] {dag.py:3823} INFO - Setting next_dagrun for example_sla_dag to 2026-05-17 03:52:00+00:00, run_after=2026-05-17 03:54:00+00:00
[2026-05-17T03:54:40.594+0000] {processor.py:183} INFO - Processing /home/airflow/.local/lib/python3.8/site-packages/airflow/example_dags/example_sla_dag.py took 0.130 seconds
[2026-05-17T03:55:10.990+0000] {processor.py:161} INFO - Started process (PID=4636) to work on /home/airflow/.local/lib/python3.8/site-packages/airflow/example_dags/example_sla_dag.py
[2026-05-17T03:55:10.991+0000] {processor.py:830} INFO - Processing file /home/airflow/.local/lib/python3.8/site-packages/airflow/example_dags/example_sla_dag.py for tasks to queue
[2026-05-17T03:55:10.995+0000] {logging_mixin.py:188} INFO - [2026-05-17T03:55:10.994+0000] {dagbag.py:538} INFO - Filling up the DagBag from /home/airflow/.local/lib/python3.8/site-packages/airflow/example_dags/example_sla_dag.py
[2026-05-17T03:55:11.011+0000] {processor.py:840} INFO - DAG(s) 'example_sla_dag' retrieved from /home/airflow/.local/lib/python3.8/site-packages/airflow/example_dags/example_sla_dag.py
[2026-05-17T03:55:11.052+0000] {logging_mixin.py:188} INFO - [2026-05-17T03:55:11.051+0000] {dag.py:3036} INFO - Sync 1 DAGs
[2026-05-17T03:55:11.109+0000] {logging_mixin.py:188} INFO - [2026-05-17T03:55:11.109+0000] {dag.py:3823} INFO - Setting next_dagrun for example_sla_dag to 2026-05-17 03:52:00+00:00, run_after=2026-05-17 03:54:00+00:00
[2026-05-17T03:55:11.146+0000] {processor.py:183} INFO - Processing /home/airflow/.local/lib/python3.8/site-packages/airflow/example_dags/example_sla_dag.py took 0.162 seconds
[2026-05-17T03:55:41.699+0000] {processor.py:161} INFO - Started process (PID=4702) to work on /home/airflow/.local/lib/python3.8/site-packages/airflow/example_dags/example_sla_dag.py
[2026-05-17T03:55:41.701+0000] {processor.py:830} INFO - Processing file /home/airflow/.local/lib/python3.8/site-packages/airflow/example_dags/example_sla_dag.py for tasks to queue
[2026-05-17T03:55:41.703+0000] {logging_mixin.py:188} INFO - [2026-05-17T03:55:41.703+0000] {dagbag.py:538} INFO - Filling up the DagBag from /home/airflow/.local/lib/python3.8/site-packages/airflow/example_dags/example_sla_dag.py
[2026-05-17T03:55:41.716+0000] {processor.py:840} INFO - DAG(s) 'example_sla_dag' retrieved from /home/airflow/.local/lib/python3.8/site-packages/airflow/example_dags/example_sla_dag.py
[2026-05-17T03:55:41.751+0000] {logging_mixin.py:188} INFO - [2026-05-17T03:55:41.750+0000] {dag.py:3036} INFO - Sync 1 DAGs
[2026-05-17T03:55:41.802+0000] {logging_mixin.py:188} INFO - [2026-05-17T03:55:41.802+0000] {dag.py:3823} INFO - Setting next_dagrun for example_sla_dag to 2026-05-17 03:52:00+00:00, run_after=2026-05-17 03:54:00+00:00
[2026-05-17T03:55:41.831+0000] {processor.py:183} INFO - Processing /home/airflow/.local/lib/python3.8/site-packages/airflow/example_dags/example_sla_dag.py took 0.137 seconds
[2026-05-17T03:56:12.218+0000] {processor.py:161} INFO - Started process (PID=4768) to work on /home/airflow/.local/lib/python3.8/site-packages/airflow/example_dags/example_sla_dag.py
[2026-05-17T03:56:12.219+0000] {processor.py:830} INFO - Processing file /home/airflow/.local/lib/python3.8/site-packages/airflow/example_dags/example_sla_dag.py for tasks to queue
[2026-05-17T03:56:12.222+0000] {logging_mixin.py:188} INFO - [2026-05-17T03:56:12.222+0000] {dagbag.py:538} INFO - Filling up the DagBag from /home/airflow/.local/lib/python3.8/site-packages/airflow/example_dags/example_sla_dag.py
[2026-05-17T03:56:12.237+0000] {processor.py:840} INFO - DAG(s) 'example_sla_dag' retrieved from /home/airflow/.local/lib/python3.8/site-packages/airflow/example_dags/example_sla_dag.py
[2026-05-17T03:56:12.274+0000] {logging_mixin.py:188} INFO - [2026-05-17T03:56:12.273+0000] {dag.py:3036} INFO - Sync 1 DAGs
[2026-05-17T03:56:12.323+0000] {logging_mixin.py:188} INFO - [2026-05-17T03:56:12.322+0000] {dag.py:3823} INFO - Setting next_dagrun for example_sla_dag to 2026-05-17 03:54:00+00:00, run_after=2026-05-17 03:56:00+00:00
[2026-05-17T03:56:12.359+0000] {processor.py:183} INFO - Processing /home/airflow/.local/lib/python3.8/site-packages/airflow/example_dags/example_sla_dag.py took 0.147 seconds
[2026-05-17T03:56:42.563+0000] {processor.py:161} INFO - Started process (PID=4835) to work on /home/airflow/.local/lib/python3.8/site-packages/airflow/example_dags/example_sla_dag.py
[2026-05-17T03:56:42.566+0000] {processor.py:830} INFO - Processing file /home/airflow/.local/lib/python3.8/site-packages/airflow/example_dags/example_sla_dag.py for tasks to queue
[2026-05-17T03:56:42.569+0000] {logging_mixin.py:188} INFO - [2026-05-17T03:56:42.569+0000] {dagbag.py:538} INFO - Filling up the DagBag from /home/airflow/.local/lib/python3.8/site-packages/airflow/example_dags/example_sla_dag.py
[2026-05-17T03:56:42.588+0000] {processor.py:840} INFO - DAG(s) 'example_sla_dag' retrieved from /home/airflow/.local/lib/python3.8/site-packages/airflow/example_dags/example_sla_dag.py
[2026-05-17T03:56:42.628+0000] {logging_mixin.py:188} INFO - [2026-05-17T03:56:42.627+0000] {dag.py:3036} INFO - Sync 1 DAGs
[2026-05-17T03:56:42.674+0000] {logging_mixin.py:188} INFO - [2026-05-17T03:56:42.673+0000] {dag.py:3823} INFO - Setting next_dagrun for example_sla_dag to 2026-05-17 03:54:00+00:00, run_after=2026-05-17 03:56:00+00:00
[2026-05-17T03:56:42.709+0000] {processor.py:183} INFO - Processing /home/airflow/.local/lib/python3.8/site-packages/airflow/example_dags/example_sla_dag.py took 0.151 seconds
[2026-05-17T03:57:13.136+0000] {processor.py:161} INFO - Started process (PID=4900) to work on /home/airflow/.local/lib/python3.8/site-packages/airflow/example_dags/example_sla_dag.py
[2026-05-17T03:57:13.137+0000] {processor.py:830} INFO - Processing file /home/airflow/.local/lib/python3.8/site-packages/airflow/example_dags/example_sla_dag.py for tasks to queue
[2026-05-17T03:57:13.139+0000] {logging_mixin.py:188} INFO - [2026-05-17T03:57:13.139+0000] {dagbag.py:538} INFO - Filling up the DagBag from /home/airflow/.local/lib/python3.8/site-packages/airflow/example_dags/example_sla_dag.py
[2026-05-17T03:57:13.152+0000] {processor.py:840} INFO - DAG(s) 'example_sla_dag' retrieved from /home/airflow/.local/lib/python3.8/site-packages/airflow/example_dags/example_sla_dag.py
[2026-05-17T03:57:13.190+0000] {logging_mixin.py:188} INFO - [2026-05-17T03:57:13.190+0000] {dag.py:3036} INFO - Sync 1 DAGs
[2026-05-17T03:57:13.236+0000] {logging_mixin.py:188} INFO - [2026-05-17T03:57:13.236+0000] {dag.py:3823} INFO - Setting next_dagrun for example_sla_dag to 2026-05-17 03:54:00+00:00, run_after=2026-05-17 03:56:00+00:00
[2026-05-17T03:57:13.266+0000] {processor.py:183} INFO - Processing /home/airflow/.local/lib/python3.8/site-packages/airflow/example_dags/example_sla_dag.py took 0.136 seconds
[2026-05-17T03:57:43.594+0000] {processor.py:161} INFO - Started process (PID=4967) to work on /home/airflow/.local/lib/python3.8/site-packages/airflow/example_dags/example_sla_dag.py
[2026-05-17T03:57:43.596+0000] {processor.py:830} INFO - Processing file /home/airflow/.local/lib/python3.8/site-packages/airflow/example_dags/example_sla_dag.py for tasks to queue
[2026-05-17T03:57:43.598+0000] {logging_mixin.py:188} INFO - [2026-05-17T03:57:43.598+0000] {dagbag.py:538} INFO - Filling up the DagBag from /home/airflow/.local/lib/python3.8/site-packages/airflow/example_dags/example_sla_dag.py
[2026-05-17T03:57:43.612+0000] {processor.py:840} INFO - DAG(s) 'example_sla_dag' retrieved from /home/airflow/.local/lib/python3.8/site-packages/airflow/example_dags/example_sla_dag.py
[2026-05-17T03:57:43.646+0000] {logging_mixin.py:188} INFO - [2026-05-17T03:57:43.645+0000] {dag.py:3036} INFO - Sync 1 DAGs
[2026-05-17T03:57:43.687+0000] {logging_mixin.py:188} INFO - [2026-05-17T03:57:43.687+0000] {dag.py:3823} INFO - Setting next_dagrun for example_sla_dag to 2026-05-17 03:54:00+00:00, run_after=2026-05-17 03:56:00+00:00
[2026-05-17T03:57:43.717+0000] {processor.py:183} INFO - Processing /home/airflow/.local/lib/python3.8/site-packages/airflow/example_dags/example_sla_dag.py took 0.128 seconds
[2026-05-17T03:58:14.493+0000] {processor.py:161} INFO - Started process (PID=5033) to work on /home/airflow/.local/lib/python3.8/site-packages/airflow/example_dags/example_sla_dag.py
[2026-05-17T03:58:14.494+0000] {processor.py:830} INFO - Processing file /home/airflow/.local/lib/python3.8/site-packages/airflow/example_dags/example_sla_dag.py for tasks to queue
[2026-05-17T03:58:14.497+0000] {logging_mixin.py:188} INFO - [2026-05-17T03:58:14.497+0000] {dagbag.py:538} INFO - Filling up the DagBag from /home/airflow/.local/lib/python3.8/site-packages/airflow/example_dags/example_sla_dag.py
[2026-05-17T03:58:14.513+0000] {processor.py:840} INFO - DAG(s) 'example_sla_dag' retrieved from /home/airflow/.local/lib/python3.8/site-packages/airflow/example_dags/example_sla_dag.py
[2026-05-17T03:58:14.550+0000] {logging_mixin.py:188} INFO - [2026-05-17T03:58:14.549+0000] {dag.py:3036} INFO - Sync 1 DAGs
[2026-05-17T03:58:14.590+0000] {logging_mixin.py:188} INFO - [2026-05-17T03:58:14.590+0000] {dag.py:3823} INFO - Setting next_dagrun for example_sla_dag to 2026-05-17 03:56:00+00:00, run_after=2026-05-17 03:58:00+00:00
[2026-05-17T03:58:14.618+0000] {processor.py:183} INFO - Processing /home/airflow/.local/lib/python3.8/site-packages/airflow/example_dags/example_sla_dag.py took 0.131 seconds
[2026-05-17T03:58:44.800+0000] {processor.py:161} INFO - Started process (PID=5098) to work on /home/airflow/.local/lib/python3.8/site-packages/airflow/example_dags/example_sla_dag.py
[2026-05-17T03:58:44.802+0000] {processor.py:830} INFO - Processing file /home/airflow/.local/lib/python3.8/site-packages/airflow/example_dags/example_sla_dag.py for tasks to queue
[2026-05-17T03:58:44.805+0000] {logging_mixin.py:188} INFO - [2026-05-17T03:58:44.805+0000] {dagbag.py:538} INFO - Filling up the DagBag from /home/airflow/.local/lib/python3.8/site-packages/airflow/example_dags/example_sla_dag.py
[2026-05-17T03:58:44.819+0000] {processor.py:840} INFO - DAG(s) 'example_sla_dag' retrieved from /home/airflow/.local/lib/python3.8/site-packages/airflow/example_dags/example_sla_dag.py
[2026-05-17T03:58:44.853+0000] {logging_mixin.py:188} INFO - [2026-05-17T03:58:44.853+0000] {dag.py:3036} INFO - Sync 1 DAGs
[2026-05-17T03:58:44.904+0000] {logging_mixin.py:188} INFO - [2026-05-17T03:58:44.904+0000] {dag.py:3823} INFO - Setting next_dagrun for example_sla_dag to 2026-05-17 03:56:00+00:00, run_after=2026-05-17 03:58:00+00:00
[2026-05-17T03:58:44.936+0000] {processor.py:183} INFO - Processing /home/airflow/.local/lib/python3.8/site-packages/airflow/example_dags/example_sla_dag.py took 0.141 seconds
[2026-05-17T03:59:15.146+0000] {processor.py:161} INFO - Started process (PID=5163) to work on /home/airflow/.local/lib/python3.8/site-packages/airflow/example_dags/example_sla_dag.py
[2026-05-17T03:59:15.148+0000] {processor.py:830} INFO - Processing file /home/airflow/.local/lib/python3.8/site-packages/airflow/example_dags/example_sla_dag.py for tasks to queue
[2026-05-17T03:59:15.151+0000] {logging_mixin.py:188} INFO - [2026-05-17T03:59:15.151+0000] {dagbag.py:538} INFO - Filling up the DagBag from /home/airflow/.local/lib/python3.8/site-packages/airflow/example_dags/example_sla_dag.py
[2026-05-17T03:59:15.168+0000] {processor.py:840} INFO - DAG(s) 'example_sla_dag' retrieved from /home/airflow/.local/lib/python3.8/site-packages/airflow/example_dags/example_sla_dag.py
[2026-05-17T03:59:15.209+0000] {logging_mixin.py:188} INFO - [2026-05-17T03:59:15.209+0000] {dag.py:3036} INFO - Sync 1 DAGs
[2026-05-17T03:59:15.258+0000] {logging_mixin.py:188} INFO - [2026-05-17T03:59:15.257+0000] {dag.py:3823} INFO - Setting next_dagrun for example_sla_dag to 2026-05-17 03:56:00+00:00, run_after=2026-05-17 03:58:00+00:00
[2026-05-17T03:59:15.285+0000] {processor.py:183} INFO - Processing /home/airflow/.local/lib/python3.8/site-packages/airflow/example_dags/example_sla_dag.py took 0.145 seconds
[2026-05-17T03:59:45.974+0000] {processor.py:161} INFO - Started process (PID=5235) to work on /home/airflow/.local/lib/python3.8/site-packages/airflow/example_dags/example_sla_dag.py
[2026-05-17T03:59:45.976+0000] {processor.py:830} INFO - Processing file /home/airflow/.local/lib/python3.8/site-packages/airflow/example_dags/example_sla_dag.py for tasks to queue
[2026-05-17T03:59:45.979+0000] {logging_mixin.py:188} INFO - [2026-05-17T03:59:45.978+0000] {dagbag.py:538} INFO - Filling up the DagBag from /home/airflow/.local/lib/python3.8/site-packages/airflow/example_dags/example_sla_dag.py
[2026-05-17T03:59:45.993+0000] {processor.py:840} INFO - DAG(s) 'example_sla_dag' retrieved from /home/airflow/.local/lib/python3.8/site-packages/airflow/example_dags/example_sla_dag.py
[2026-05-17T03:59:46.030+0000] {logging_mixin.py:188} INFO - [2026-05-17T03:59:46.030+0000] {dag.py:3036} INFO - Sync 1 DAGs
[2026-05-17T03:59:46.087+0000] {logging_mixin.py:188} INFO - [2026-05-17T03:59:46.086+0000] {dag.py:3823} INFO - Setting next_dagrun for example_sla_dag to 2026-05-17 03:56:00+00:00, run_after=2026-05-17 03:58:00+00:00
[2026-05-17T03:59:46.118+0000] {processor.py:183} INFO - Processing /home/airflow/.local/lib/python3.8/site-packages/airflow/example_dags/example_sla_dag.py took 0.149 seconds
[2026-05-17T04:00:16.606+0000] {processor.py:161} INFO - Started process (PID=5301) to work on /home/airflow/.local/lib/python3.8/site-packages/airflow/example_dags/example_sla_dag.py
[2026-05-17T04:00:16.608+0000] {processor.py:830} INFO - Processing file /home/airflow/.local/lib/python3.8/site-packages/airflow/example_dags/example_sla_dag.py for tasks to queue
[2026-05-17T04:00:16.611+0000] {logging_mixin.py:188} INFO - [2026-05-17T04:00:16.610+0000] {dagbag.py:538} INFO - Filling up the DagBag from /home/airflow/.local/lib/python3.8/site-packages/airflow/example_dags/example_sla_dag.py
[2026-05-17T04:00:16.625+0000] {processor.py:840} INFO - DAG(s) 'example_sla_dag' retrieved from /home/airflow/.local/lib/python3.8/site-packages/airflow/example_dags/example_sla_dag.py
[2026-05-17T04:00:16.664+0000] {logging_mixin.py:188} INFO - [2026-05-17T04:00:16.664+0000] {dag.py:3036} INFO - Sync 1 DAGs
[2026-05-17T04:00:16.709+0000] {logging_mixin.py:188} INFO - [2026-05-17T04:00:16.709+0000] {dag.py:3823} INFO - Setting next_dagrun for example_sla_dag to 2026-05-17 03:58:00+00:00, run_after=2026-05-17 04:00:00+00:00
[2026-05-17T04:00:16.739+0000] {processor.py:183} INFO - Processing /home/airflow/.local/lib/python3.8/site-packages/airflow/example_dags/example_sla_dag.py took 0.139 seconds
[2026-05-17T04:00:47.016+0000] {processor.py:161} INFO - Started process (PID=5367) to work on /home/airflow/.local/lib/python3.8/site-packages/airflow/example_dags/example_sla_dag.py
[2026-05-17T04:00:47.017+0000] {processor.py:830} INFO - Processing file /home/airflow/.local/lib/python3.8/site-packages/airflow/example_dags/example_sla_dag.py for tasks to queue
[2026-05-17T04:00:47.020+0000] {logging_mixin.py:188} INFO - [2026-05-17T04:00:47.020+0000] {dagbag.py:538} INFO - Filling up the DagBag from /home/airflow/.local/lib/python3.8/site-packages/airflow/example_dags/example_sla_dag.py
[2026-05-17T04:00:47.037+0000] {processor.py:840} INFO - DAG(s) 'example_sla_dag' retrieved from /home/airflow/.local/lib/python3.8/site-packages/airflow/example_dags/example_sla_dag.py
[2026-05-17T04:00:47.076+0000] {logging_mixin.py:188} INFO - [2026-05-17T04:00:47.076+0000] {dag.py:3036} INFO - Sync 1 DAGs
[2026-05-17T04:00:47.128+0000] {logging_mixin.py:188} INFO - [2026-05-17T04:00:47.128+0000] {dag.py:3823} INFO - Setting next_dagrun for example_sla_dag to 2026-05-17 03:58:00+00:00, run_after=2026-05-17 04:00:00+00:00
[2026-05-17T04:00:47.162+0000] {processor.py:183} INFO - Processing /home/airflow/.local/lib/python3.8/site-packages/airflow/example_dags/example_sla_dag.py took 0.152 seconds
[2026-05-17T04:01:17.533+0000] {processor.py:161} INFO - Started process (PID=5434) to work on /home/airflow/.local/lib/python3.8/site-packages/airflow/example_dags/example_sla_dag.py
[2026-05-17T04:01:17.535+0000] {processor.py:830} INFO - Processing file /home/airflow/.local/lib/python3.8/site-packages/airflow/example_dags/example_sla_dag.py for tasks to queue
[2026-05-17T04:01:17.538+0000] {logging_mixin.py:188} INFO - [2026-05-17T04:01:17.537+0000] {dagbag.py:538} INFO - Filling up the DagBag from /home/airflow/.local/lib/python3.8/site-packages/airflow/example_dags/example_sla_dag.py
[2026-05-17T04:01:17.554+0000] {processor.py:840} INFO - DAG(s) 'example_sla_dag' retrieved from /home/airflow/.local/lib/python3.8/site-packages/airflow/example_dags/example_sla_dag.py
[2026-05-17T04:01:17.594+0000] {logging_mixin.py:188} INFO - [2026-05-17T04:01:17.594+0000] {dag.py:3036} INFO - Sync 1 DAGs
[2026-05-17T04:01:17.641+0000] {logging_mixin.py:188} INFO - [2026-05-17T04:01:17.640+0000] {dag.py:3823} INFO - Setting next_dagrun for example_sla_dag to 2026-05-17 03:58:00+00:00, run_after=2026-05-17 04:00:00+00:00
[2026-05-17T04:01:17.670+0000] {processor.py:183} INFO - Processing /home/airflow/.local/lib/python3.8/site-packages/airflow/example_dags/example_sla_dag.py took 0.143 seconds
[2026-05-17T04:01:47.989+0000] {processor.py:161} INFO - Started process (PID=5499) to work on /home/airflow/.local/lib/python3.8/site-packages/airflow/example_dags/example_sla_dag.py
[2026-05-17T04:01:47.991+0000] {processor.py:830} INFO - Processing file /home/airflow/.local/lib/python3.8/site-packages/airflow/example_dags/example_sla_dag.py for tasks to queue
[2026-05-17T04:01:47.993+0000] {logging_mixin.py:188} INFO - [2026-05-17T04:01:47.993+0000] {dagbag.py:538} INFO - Filling up the DagBag from /home/airflow/.local/lib/python3.8/site-packages/airflow/example_dags/example_sla_dag.py
[2026-05-17T04:01:48.009+0000] {processor.py:840} INFO - DAG(s) 'example_sla_dag' retrieved from /home/airflow/.local/lib/python3.8/site-packages/airflow/example_dags/example_sla_dag.py
[2026-05-17T04:01:48.047+0000] {logging_mixin.py:188} INFO - [2026-05-17T04:01:48.047+0000] {dag.py:3036} INFO - Sync 1 DAGs
[2026-05-17T04:01:48.100+0000] {logging_mixin.py:188} INFO - [2026-05-17T04:01:48.100+0000] {dag.py:3823} INFO - Setting next_dagrun for example_sla_dag to 2026-05-17 03:58:00+00:00, run_after=2026-05-17 04:00:00+00:00
[2026-05-17T04:01:48.134+0000] {processor.py:183} INFO - Processing /home/airflow/.local/lib/python3.8/site-packages/airflow/example_dags/example_sla_dag.py took 0.151 seconds
[2026-05-17T04:02:18.413+0000] {processor.py:161} INFO - Started process (PID=5565) to work on /home/airflow/.local/lib/python3.8/site-packages/airflow/example_dags/example_sla_dag.py
[2026-05-17T04:02:18.417+0000] {processor.py:830} INFO - Processing file /home/airflow/.local/lib/python3.8/site-packages/airflow/example_dags/example_sla_dag.py for tasks to queue
[2026-05-17T04:02:18.420+0000] {logging_mixin.py:188} INFO - [2026-05-17T04:02:18.420+0000] {dagbag.py:538} INFO - Filling up the DagBag from /home/airflow/.local/lib/python3.8/site-packages/airflow/example_dags/example_sla_dag.py
[2026-05-17T04:02:18.438+0000] {processor.py:840} INFO - DAG(s) 'example_sla_dag' retrieved from /home/airflow/.local/lib/python3.8/site-packages/airflow/example_dags/example_sla_dag.py
[2026-05-17T04:02:18.480+0000] {logging_mixin.py:188} INFO - [2026-05-17T04:02:18.479+0000] {dag.py:3036} INFO - Sync 1 DAGs
[2026-05-17T04:02:18.533+0000] {logging_mixin.py:188} INFO - [2026-05-17T04:02:18.532+0000] {dag.py:3823} INFO - Setting next_dagrun for example_sla_dag to 2026-05-17 04:00:00+00:00, run_after=2026-05-17 04:02:00+00:00
[2026-05-17T04:02:18.567+0000] {processor.py:183} INFO - Processing /home/airflow/.local/lib/python3.8/site-packages/airflow/example_dags/example_sla_dag.py took 0.161 seconds
[2026-05-17T04:02:48.842+0000] {processor.py:161} INFO - Started process (PID=5631) to work on /home/airflow/.local/lib/python3.8/site-packages/airflow/example_dags/example_sla_dag.py
[2026-05-17T04:02:48.844+0000] {processor.py:830} INFO - Processing file /home/airflow/.local/lib/python3.8/site-packages/airflow/example_dags/example_sla_dag.py for tasks to queue
[2026-05-17T04:02:48.847+0000] {logging_mixin.py:188} INFO - [2026-05-17T04:02:48.846+0000] {dagbag.py:538} INFO - Filling up the DagBag from /home/airflow/.local/lib/python3.8/site-packages/airflow/example_dags/example_sla_dag.py
[2026-05-17T04:02:48.860+0000] {processor.py:840} INFO - DAG(s) 'example_sla_dag' retrieved from /home/airflow/.local/lib/python3.8/site-packages/airflow/example_dags/example_sla_dag.py
[2026-05-17T04:02:48.893+0000] {logging_mixin.py:188} INFO - [2026-05-17T04:02:48.893+0000] {dag.py:3036} INFO - Sync 1 DAGs
[2026-05-17T04:02:48.935+0000] {logging_mixin.py:188} INFO - [2026-05-17T04:02:48.935+0000] {dag.py:3823} INFO - Setting next_dagrun for example_sla_dag to 2026-05-17 04:00:00+00:00, run_after=2026-05-17 04:02:00+00:00
[2026-05-17T04:02:48.961+0000] {processor.py:183} INFO - Processing /home/airflow/.local/lib/python3.8/site-packages/airflow/example_dags/example_sla_dag.py took 0.124 seconds
[2026-05-17T04:03:19.135+0000] {processor.py:161} INFO - Started process (PID=5697) to work on /home/airflow/.local/lib/python3.8/site-packages/airflow/example_dags/example_sla_dag.py
[2026-05-17T04:03:19.136+0000] {processor.py:830} INFO - Processing file /home/airflow/.local/lib/python3.8/site-packages/airflow/example_dags/example_sla_dag.py for tasks to queue
[2026-05-17T04:03:19.139+0000] {logging_mixin.py:188} INFO - [2026-05-17T04:03:19.139+0000] {dagbag.py:538} INFO - Filling up the DagBag from /home/airflow/.local/lib/python3.8/site-packages/airflow/example_dags/example_sla_dag.py
[2026-05-17T04:03:19.152+0000] {processor.py:840} INFO - DAG(s) 'example_sla_dag' retrieved from /home/airflow/.local/lib/python3.8/site-packages/airflow/example_dags/example_sla_dag.py
[2026-05-17T04:03:19.184+0000] {logging_mixin.py:188} INFO - [2026-05-17T04:03:19.184+0000] {dag.py:3036} INFO - Sync 1 DAGs
[2026-05-17T04:03:19.223+0000] {logging_mixin.py:188} INFO - [2026-05-17T04:03:19.223+0000] {dag.py:3823} INFO - Setting next_dagrun for example_sla_dag to 2026-05-17 04:00:00+00:00, run_after=2026-05-17 04:02:00+00:00
[2026-05-17T04:03:19.250+0000] {processor.py:183} INFO - Processing /home/airflow/.local/lib/python3.8/site-packages/airflow/example_dags/example_sla_dag.py took 0.120 seconds
[2026-05-17T04:03:49.850+0000] {processor.py:161} INFO - Started process (PID=5764) to work on /home/airflow/.local/lib/python3.8/site-packages/airflow/example_dags/example_sla_dag.py
[2026-05-17T04:03:49.853+0000] {processor.py:830} INFO - Processing file /home/airflow/.local/lib/python3.8/site-packages/airflow/example_dags/example_sla_dag.py for tasks to queue
[2026-05-17T04:03:49.856+0000] {logging_mixin.py:188} INFO - [2026-05-17T04:03:49.855+0000] {dagbag.py:538} INFO - Filling up the DagBag from /home/airflow/.local/lib/python3.8/site-packages/airflow/example_dags/example_sla_dag.py
[2026-05-17T04:03:49.870+0000] {processor.py:840} INFO - DAG(s) 'example_sla_dag' retrieved from /home/airflow/.local/lib/python3.8/site-packages/airflow/example_dags/example_sla_dag.py
[2026-05-17T04:03:49.905+0000] {logging_mixin.py:188} INFO - [2026-05-17T04:03:49.904+0000] {dag.py:3036} INFO - Sync 1 DAGs
[2026-05-17T04:03:49.948+0000] {logging_mixin.py:188} INFO - [2026-05-17T04:03:49.947+0000] {dag.py:3823} INFO - Setting next_dagrun for example_sla_dag to 2026-05-17 04:00:00+00:00, run_after=2026-05-17 04:02:00+00:00
[2026-05-17T04:03:49.975+0000] {processor.py:183} INFO - Processing /home/airflow/.local/lib/python3.8/site-packages/airflow/example_dags/example_sla_dag.py took 0.129 seconds
[2026-05-17T04:04:20.466+0000] {processor.py:161} INFO - Started process (PID=5829) to work on /home/airflow/.local/lib/python3.8/site-packages/airflow/example_dags/example_sla_dag.py
[2026-05-17T04:04:20.467+0000] {processor.py:830} INFO - Processing file /home/airflow/.local/lib/python3.8/site-packages/airflow/example_dags/example_sla_dag.py for tasks to queue
[2026-05-17T04:04:20.470+0000] {logging_mixin.py:188} INFO - [2026-05-17T04:04:20.470+0000] {dagbag.py:538} INFO - Filling up the DagBag from /home/airflow/.local/lib/python3.8/site-packages/airflow/example_dags/example_sla_dag.py
[2026-05-17T04:04:20.484+0000] {processor.py:840} INFO - DAG(s) 'example_sla_dag' retrieved from /home/airflow/.local/lib/python3.8/site-packages/airflow/example_dags/example_sla_dag.py
[2026-05-17T04:04:20.520+0000] {logging_mixin.py:188} INFO - [2026-05-17T04:04:20.520+0000] {dag.py:3036} INFO - Sync 1 DAGs
[2026-05-17T04:04:20.560+0000] {logging_mixin.py:188} INFO - [2026-05-17T04:04:20.560+0000] {dag.py:3823} INFO - Setting next_dagrun for example_sla_dag to 2026-05-17 04:02:00+00:00, run_after=2026-05-17 04:04:00+00:00
[2026-05-17T04:04:20.593+0000] {processor.py:183} INFO - Processing /home/airflow/.local/lib/python3.8/site-packages/airflow/example_dags/example_sla_dag.py took 0.133 seconds
[2026-05-17T04:04:51.012+0000] {processor.py:161} INFO - Started process (PID=5901) to work on /home/airflow/.local/lib/python3.8/site-packages/airflow/example_dags/example_sla_dag.py
[2026-05-17T04:04:51.014+0000] {processor.py:830} INFO - Processing file /home/airflow/.local/lib/python3.8/site-packages/airflow/example_dags/example_sla_dag.py for tasks to queue
[2026-05-17T04:04:51.018+0000] {logging_mixin.py:188} INFO - [2026-05-17T04:04:51.017+0000] {dagbag.py:538} INFO - Filling up the DagBag from /home/airflow/.local/lib/python3.8/site-packages/airflow/example_dags/example_sla_dag.py
[2026-05-17T04:04:51.031+0000] {processor.py:840} INFO - DAG(s) 'example_sla_dag' retrieved from /home/airflow/.local/lib/python3.8/site-packages/airflow/example_dags/example_sla_dag.py
[2026-05-17T04:04:51.065+0000] {logging_mixin.py:188} INFO - [2026-05-17T04:04:51.065+0000] {dag.py:3036} INFO - Sync 1 DAGs
[2026-05-17T04:04:51.108+0000] {logging_mixin.py:188} INFO - [2026-05-17T04:04:51.108+0000] {dag.py:3823} INFO - Setting next_dagrun for example_sla_dag to 2026-05-17 04:02:00+00:00, run_after=2026-05-17 04:04:00+00:00
[2026-05-17T04:04:51.137+0000] {processor.py:183} INFO - Processing /home/airflow/.local/lib/python3.8/site-packages/airflow/example_dags/example_sla_dag.py took 0.131 seconds
[2026-05-17T04:05:21.643+0000] {processor.py:161} INFO - Started process (PID=5967) to work on /home/airflow/.local/lib/python3.8/site-packages/airflow/example_dags/example_sla_dag.py
[2026-05-17T04:05:21.645+0000] {processor.py:830} INFO - Processing file /home/airflow/.local/lib/python3.8/site-packages/airflow/example_dags/example_sla_dag.py for tasks to queue
[2026-05-17T04:05:21.648+0000] {logging_mixin.py:188} INFO - [2026-05-17T04:05:21.648+0000] {dagbag.py:538} INFO - Filling up the DagBag from /home/airflow/.local/lib/python3.8/site-packages/airflow/example_dags/example_sla_dag.py
[2026-05-17T04:05:21.669+0000] {processor.py:840} INFO - DAG(s) 'example_sla_dag' retrieved from /home/airflow/.local/lib/python3.8/site-packages/airflow/example_dags/example_sla_dag.py
[2026-05-17T04:05:21.710+0000] {logging_mixin.py:188} INFO - [2026-05-17T04:05:21.710+0000] {dag.py:3036} INFO - Sync 1 DAGs
[2026-05-17T04:05:21.763+0000] {logging_mixin.py:188} INFO - [2026-05-17T04:05:21.762+0000] {dag.py:3823} INFO - Setting next_dagrun for example_sla_dag to 2026-05-17 04:02:00+00:00, run_after=2026-05-17 04:04:00+00:00
[2026-05-17T04:05:21.803+0000] {processor.py:183} INFO - Processing /home/airflow/.local/lib/python3.8/site-packages/airflow/example_dags/example_sla_dag.py took 0.165 seconds
[2026-05-17T04:05:52.189+0000] {processor.py:161} INFO - Started process (PID=6034) to work on /home/airflow/.local/lib/python3.8/site-packages/airflow/example_dags/example_sla_dag.py
[2026-05-17T04:05:52.191+0000] {processor.py:830} INFO - Processing file /home/airflow/.local/lib/python3.8/site-packages/airflow/example_dags/example_sla_dag.py for tasks to queue
[2026-05-17T04:05:52.194+0000] {logging_mixin.py:188} INFO - [2026-05-17T04:05:52.194+0000] {dagbag.py:538} INFO - Filling up the DagBag from /home/airflow/.local/lib/python3.8/site-packages/airflow/example_dags/example_sla_dag.py
[2026-05-17T04:05:52.211+0000] {processor.py:840} INFO - DAG(s) 'example_sla_dag' retrieved from /home/airflow/.local/lib/python3.8/site-packages/airflow/example_dags/example_sla_dag.py
[2026-05-17T04:05:52.245+0000] {logging_mixin.py:188} INFO - [2026-05-17T04:05:52.244+0000] {dag.py:3036} INFO - Sync 1 DAGs
[2026-05-17T04:05:52.287+0000] {logging_mixin.py:188} INFO - [2026-05-17T04:05:52.286+0000] {dag.py:3823} INFO - Setting next_dagrun for example_sla_dag to 2026-05-17 04:02:00+00:00, run_after=2026-05-17 04:04:00+00:00
[2026-05-17T04:05:52.326+0000] {processor.py:183} INFO - Processing /home/airflow/.local/lib/python3.8/site-packages/airflow/example_dags/example_sla_dag.py took 0.142 seconds
[2026-05-17T04:06:23.202+0000] {processor.py:161} INFO - Started process (PID=6099) to work on /home/airflow/.local/lib/python3.8/site-packages/airflow/example_dags/example_sla_dag.py
[2026-05-17T04:06:23.204+0000] {processor.py:830} INFO - Processing file /home/airflow/.local/lib/python3.8/site-packages/airflow/example_dags/example_sla_dag.py for tasks to queue
[2026-05-17T04:06:23.207+0000] {logging_mixin.py:188} INFO - [2026-05-17T04:06:23.206+0000] {dagbag.py:538} INFO - Filling up the DagBag from /home/airflow/.local/lib/python3.8/site-packages/airflow/example_dags/example_sla_dag.py
[2026-05-17T04:06:23.232+0000] {processor.py:840} INFO - DAG(s) 'example_sla_dag' retrieved from /home/airflow/.local/lib/python3.8/site-packages/airflow/example_dags/example_sla_dag.py
[2026-05-17T04:06:23.274+0000] {logging_mixin.py:188} INFO - [2026-05-17T04:06:23.273+0000] {dag.py:3036} INFO - Sync 1 DAGs
[2026-05-17T04:06:23.347+0000] {logging_mixin.py:188} INFO - [2026-05-17T04:06:23.347+0000] {dag.py:3823} INFO - Setting next_dagrun for example_sla_dag to 2026-05-17 04:04:00+00:00, run_after=2026-05-17 04:06:00+00:00
[2026-05-17T04:06:23.395+0000] {processor.py:183} INFO - Processing /home/airflow/.local/lib/python3.8/site-packages/airflow/example_dags/example_sla_dag.py took 0.199 seconds
[2026-05-17T04:06:54.277+0000] {processor.py:161} INFO - Started process (PID=6166) to work on /home/airflow/.local/lib/python3.8/site-packages/airflow/example_dags/example_sla_dag.py
[2026-05-17T04:06:54.281+0000] {processor.py:830} INFO - Processing file /home/airflow/.local/lib/python3.8/site-packages/airflow/example_dags/example_sla_dag.py for tasks to queue
[2026-05-17T04:06:54.285+0000] {logging_mixin.py:188} INFO - [2026-05-17T04:06:54.284+0000] {dagbag.py:538} INFO - Filling up the DagBag from /home/airflow/.local/lib/python3.8/site-packages/airflow/example_dags/example_sla_dag.py
[2026-05-17T04:06:54.302+0000] {processor.py:840} INFO - DAG(s) 'example_sla_dag' retrieved from /home/airflow/.local/lib/python3.8/site-packages/airflow/example_dags/example_sla_dag.py
[2026-05-17T04:06:54.342+0000] {logging_mixin.py:188} INFO - [2026-05-17T04:06:54.341+0000] {dag.py:3036} INFO - Sync 1 DAGs
[2026-05-17T04:06:54.390+0000] {logging_mixin.py:188} INFO - [2026-05-17T04:06:54.390+0000] {dag.py:3823} INFO - Setting next_dagrun for example_sla_dag to 2026-05-17 04:04:00+00:00, run_after=2026-05-17 04:06:00+00:00
[2026-05-17T04:06:54.422+0000] {processor.py:183} INFO - Processing /home/airflow/.local/lib/python3.8/site-packages/airflow/example_dags/example_sla_dag.py took 0.151 seconds
[2026-05-17T04:07:24.537+0000] {processor.py:161} INFO - Started process (PID=6232) to work on /home/airflow/.local/lib/python3.8/site-packages/airflow/example_dags/example_sla_dag.py
[2026-05-17T04:07:24.538+0000] {processor.py:830} INFO - Processing file /home/airflow/.local/lib/python3.8/site-packages/airflow/example_dags/example_sla_dag.py for tasks to queue
[2026-05-17T04:07:24.540+0000] {logging_mixin.py:188} INFO - [2026-05-17T04:07:24.540+0000] {dagbag.py:538} INFO - Filling up the DagBag from /home/airflow/.local/lib/python3.8/site-packages/airflow/example_dags/example_sla_dag.py
[2026-05-17T04:07:24.554+0000] {processor.py:840} INFO - DAG(s) 'example_sla_dag' retrieved from /home/airflow/.local/lib/python3.8/site-packages/airflow/example_dags/example_sla_dag.py
[2026-05-17T04:07:24.590+0000] {logging_mixin.py:188} INFO - [2026-05-17T04:07:24.589+0000] {dag.py:3036} INFO - Sync 1 DAGs
[2026-05-17T04:07:24.633+0000] {logging_mixin.py:188} INFO - [2026-05-17T04:07:24.632+0000] {dag.py:3823} INFO - Setting next_dagrun for example_sla_dag to 2026-05-17 04:04:00+00:00, run_after=2026-05-17 04:06:00+00:00
[2026-05-17T04:07:24.659+0000] {processor.py:183} INFO - Processing /home/airflow/.local/lib/python3.8/site-packages/airflow/example_dags/example_sla_dag.py took 0.127 seconds
[2026-05-17T04:07:54.825+0000] {processor.py:161} INFO - Started process (PID=6299) to work on /home/airflow/.local/lib/python3.8/site-packages/airflow/example_dags/example_sla_dag.py
[2026-05-17T04:07:54.827+0000] {processor.py:830} INFO - Processing file /home/airflow/.local/lib/python3.8/site-packages/airflow/example_dags/example_sla_dag.py for tasks to queue
[2026-05-17T04:07:54.829+0000] {logging_mixin.py:188} INFO - [2026-05-17T04:07:54.829+0000] {dagbag.py:538} INFO - Filling up the DagBag from /home/airflow/.local/lib/python3.8/site-packages/airflow/example_dags/example_sla_dag.py
[2026-05-17T04:07:54.843+0000] {processor.py:840} INFO - DAG(s) 'example_sla_dag' retrieved from /home/airflow/.local/lib/python3.8/site-packages/airflow/example_dags/example_sla_dag.py
[2026-05-17T04:07:54.879+0000] {logging_mixin.py:188} INFO - [2026-05-17T04:07:54.879+0000] {dag.py:3036} INFO - Sync 1 DAGs
[2026-05-17T04:07:54.925+0000] {logging_mixin.py:188} INFO - [2026-05-17T04:07:54.924+0000] {dag.py:3823} INFO - Setting next_dagrun for example_sla_dag to 2026-05-17 04:04:00+00:00, run_after=2026-05-17 04:06:00+00:00
[2026-05-17T04:07:54.956+0000] {processor.py:183} INFO - Processing /home/airflow/.local/lib/python3.8/site-packages/airflow/example_dags/example_sla_dag.py took 0.136 seconds
[2026-05-17T04:08:25.156+0000] {processor.py:161} INFO - Started process (PID=6366) to work on /home/airflow/.local/lib/python3.8/site-packages/airflow/example_dags/example_sla_dag.py
[2026-05-17T04:08:25.158+0000] {processor.py:830} INFO - Processing file /home/airflow/.local/lib/python3.8/site-packages/airflow/example_dags/example_sla_dag.py for tasks to queue
[2026-05-17T04:08:25.160+0000] {logging_mixin.py:188} INFO - [2026-05-17T04:08:25.160+0000] {dagbag.py:538} INFO - Filling up the DagBag from /home/airflow/.local/lib/python3.8/site-packages/airflow/example_dags/example_sla_dag.py
[2026-05-17T04:08:25.175+0000] {processor.py:840} INFO - DAG(s) 'example_sla_dag' retrieved from /home/airflow/.local/lib/python3.8/site-packages/airflow/example_dags/example_sla_dag.py
[2026-05-17T04:08:25.212+0000] {logging_mixin.py:188} INFO - [2026-05-17T04:08:25.211+0000] {dag.py:3036} INFO - Sync 1 DAGs
[2026-05-17T04:08:25.256+0000] {logging_mixin.py:188} INFO - [2026-05-17T04:08:25.256+0000] {dag.py:3823} INFO - Setting next_dagrun for example_sla_dag to 2026-05-17 04:06:00+00:00, run_after=2026-05-17 04:08:00+00:00
[2026-05-17T04:08:25.287+0000] {processor.py:183} INFO - Processing /home/airflow/.local/lib/python3.8/site-packages/airflow/example_dags/example_sla_dag.py took 0.136 seconds
[2026-05-17T04:08:55.714+0000] {processor.py:161} INFO - Started process (PID=6432) to work on /home/airflow/.local/lib/python3.8/site-packages/airflow/example_dags/example_sla_dag.py
[2026-05-17T04:08:55.716+0000] {processor.py:830} INFO - Processing file /home/airflow/.local/lib/python3.8/site-packages/airflow/example_dags/example_sla_dag.py for tasks to queue
[2026-05-17T04:08:55.719+0000] {logging_mixin.py:188} INFO - [2026-05-17T04:08:55.718+0000] {dagbag.py:538} INFO - Filling up the DagBag from /home/airflow/.local/lib/python3.8/site-packages/airflow/example_dags/example_sla_dag.py
[2026-05-17T04:08:55.732+0000] {processor.py:840} INFO - DAG(s) 'example_sla_dag' retrieved from /home/airflow/.local/lib/python3.8/site-packages/airflow/example_dags/example_sla_dag.py
[2026-05-17T04:08:55.772+0000] {logging_mixin.py:188} INFO - [2026-05-17T04:08:55.771+0000] {dag.py:3036} INFO - Sync 1 DAGs
[2026-05-17T04:08:55.824+0000] {logging_mixin.py:188} INFO - [2026-05-17T04:08:55.823+0000] {dag.py:3823} INFO - Setting next_dagrun for example_sla_dag to 2026-05-17 04:06:00+00:00, run_after=2026-05-17 04:08:00+00:00
[2026-05-17T04:08:55.864+0000] {processor.py:183} INFO - Processing /home/airflow/.local/lib/python3.8/site-packages/airflow/example_dags/example_sla_dag.py took 0.154 seconds
[2026-05-17T04:09:26.366+0000] {processor.py:161} INFO - Started process (PID=6500) to work on /home/airflow/.local/lib/python3.8/site-packages/airflow/example_dags/example_sla_dag.py
[2026-05-17T04:09:26.375+0000] {processor.py:830} INFO - Processing file /home/airflow/.local/lib/python3.8/site-packages/airflow/example_dags/example_sla_dag.py for tasks to queue
[2026-05-17T04:09:26.378+0000] {logging_mixin.py:188} INFO - [2026-05-17T04:09:26.378+0000] {dagbag.py:538} INFO - Filling up the DagBag from /home/airflow/.local/lib/python3.8/site-packages/airflow/example_dags/example_sla_dag.py
[2026-05-17T04:09:26.409+0000] {processor.py:840} INFO - DAG(s) 'example_sla_dag' retrieved from /home/airflow/.local/lib/python3.8/site-packages/airflow/example_dags/example_sla_dag.py
[2026-05-17T04:09:26.458+0000] {logging_mixin.py:188} INFO - [2026-05-17T04:09:26.457+0000] {dag.py:3036} INFO - Sync 1 DAGs
[2026-05-17T04:09:26.510+0000] {logging_mixin.py:188} INFO - [2026-05-17T04:09:26.510+0000] {dag.py:3823} INFO - Setting next_dagrun for example_sla_dag to 2026-05-17 04:06:00+00:00, run_after=2026-05-17 04:08:00+00:00
[2026-05-17T04:09:26.544+0000] {processor.py:183} INFO - Processing /home/airflow/.local/lib/python3.8/site-packages/airflow/example_dags/example_sla_dag.py took 0.184 seconds
[2026-05-17T04:09:57.698+0000] {processor.py:161} INFO - Started process (PID=6566) to work on /home/airflow/.local/lib/python3.8/site-packages/airflow/example_dags/example_sla_dag.py
[2026-05-17T04:09:57.700+0000] {processor.py:830} INFO - Processing file /home/airflow/.local/lib/python3.8/site-packages/airflow/example_dags/example_sla_dag.py for tasks to queue
[2026-05-17T04:09:57.702+0000] {logging_mixin.py:188} INFO - [2026-05-17T04:09:57.702+0000] {dagbag.py:538} INFO - Filling up the DagBag from /home/airflow/.local/lib/python3.8/site-packages/airflow/example_dags/example_sla_dag.py
[2026-05-17T04:09:57.717+0000] {processor.py:840} INFO - DAG(s) 'example_sla_dag' retrieved from /home/airflow/.local/lib/python3.8/site-packages/airflow/example_dags/example_sla_dag.py
[2026-05-17T04:09:57.751+0000] {logging_mixin.py:188} INFO - [2026-05-17T04:09:57.751+0000] {dag.py:3036} INFO - Sync 1 DAGs
[2026-05-17T04:09:57.801+0000] {logging_mixin.py:188} INFO - [2026-05-17T04:09:57.800+0000] {dag.py:3823} INFO - Setting next_dagrun for example_sla_dag to 2026-05-17 04:06:00+00:00, run_after=2026-05-17 04:08:00+00:00
[2026-05-17T04:09:57.842+0000] {processor.py:183} INFO - Processing /home/airflow/.local/lib/python3.8/site-packages/airflow/example_dags/example_sla_dag.py took 0.149 seconds
[2026-05-17T04:10:28.071+0000] {processor.py:161} INFO - Started process (PID=6632) to work on /home/airflow/.local/lib/python3.8/site-packages/airflow/example_dags/example_sla_dag.py
[2026-05-17T04:10:28.072+0000] {processor.py:830} INFO - Processing file /home/airflow/.local/lib/python3.8/site-packages/airflow/example_dags/example_sla_dag.py for tasks to queue
[2026-05-17T04:10:28.075+0000] {logging_mixin.py:188} INFO - [2026-05-17T04:10:28.075+0000] {dagbag.py:538} INFO - Filling up the DagBag from /home/airflow/.local/lib/python3.8/site-packages/airflow/example_dags/example_sla_dag.py
[2026-05-17T04:10:28.090+0000] {processor.py:840} INFO - DAG(s) 'example_sla_dag' retrieved from /home/airflow/.local/lib/python3.8/site-packages/airflow/example_dags/example_sla_dag.py
[2026-05-17T04:10:28.126+0000] {logging_mixin.py:188} INFO - [2026-05-17T04:10:28.126+0000] {dag.py:3036} INFO - Sync 1 DAGs
[2026-05-17T04:10:28.179+0000] {logging_mixin.py:188} INFO - [2026-05-17T04:10:28.179+0000] {dag.py:3823} INFO - Setting next_dagrun for example_sla_dag to 2026-05-17 04:08:00+00:00, run_after=2026-05-17 04:10:00+00:00
[2026-05-17T04:10:28.214+0000] {processor.py:183} INFO - Processing /home/airflow/.local/lib/python3.8/site-packages/airflow/example_dags/example_sla_dag.py took 0.149 seconds
[2026-05-17T04:10:58.330+0000] {processor.py:161} INFO - Started process (PID=6706) to work on /home/airflow/.local/lib/python3.8/site-packages/airflow/example_dags/example_sla_dag.py
[2026-05-17T04:10:58.332+0000] {processor.py:830} INFO - Processing file /home/airflow/.local/lib/python3.8/site-packages/airflow/example_dags/example_sla_dag.py for tasks to queue
[2026-05-17T04:10:58.335+0000] {logging_mixin.py:188} INFO - [2026-05-17T04:10:58.335+0000] {dagbag.py:538} INFO - Filling up the DagBag from /home/airflow/.local/lib/python3.8/site-packages/airflow/example_dags/example_sla_dag.py
[2026-05-17T04:10:58.348+0000] {processor.py:840} INFO - DAG(s) 'example_sla_dag' retrieved from /home/airflow/.local/lib/python3.8/site-packages/airflow/example_dags/example_sla_dag.py
[2026-05-17T04:10:58.394+0000] {logging_mixin.py:188} INFO - [2026-05-17T04:10:58.393+0000] {dag.py:3036} INFO - Sync 1 DAGs
[2026-05-17T04:10:58.447+0000] {logging_mixin.py:188} INFO - [2026-05-17T04:10:58.447+0000] {dag.py:3823} INFO - Setting next_dagrun for example_sla_dag to 2026-05-17 04:08:00+00:00, run_after=2026-05-17 04:10:00+00:00
[2026-05-17T04:10:58.482+0000] {processor.py:183} INFO - Processing /home/airflow/.local/lib/python3.8/site-packages/airflow/example_dags/example_sla_dag.py took 0.157 seconds
[2026-05-17T04:11:29.485+0000] {processor.py:161} INFO - Started process (PID=6772) to work on /home/airflow/.local/lib/python3.8/site-packages/airflow/example_dags/example_sla_dag.py
[2026-05-17T04:11:29.487+0000] {processor.py:830} INFO - Processing file /home/airflow/.local/lib/python3.8/site-packages/airflow/example_dags/example_sla_dag.py for tasks to queue
[2026-05-17T04:11:29.489+0000] {logging_mixin.py:188} INFO - [2026-05-17T04:11:29.489+0000] {dagbag.py:538} INFO - Filling up the DagBag from /home/airflow/.local/lib/python3.8/site-packages/airflow/example_dags/example_sla_dag.py
[2026-05-17T04:11:29.505+0000] {processor.py:840} INFO - DAG(s) 'example_sla_dag' retrieved from /home/airflow/.local/lib/python3.8/site-packages/airflow/example_dags/example_sla_dag.py
[2026-05-17T04:11:29.545+0000] {logging_mixin.py:188} INFO - [2026-05-17T04:11:29.545+0000] {dag.py:3036} INFO - Sync 1 DAGs
[2026-05-17T04:11:29.590+0000] {logging_mixin.py:188} INFO - [2026-05-17T04:11:29.590+0000] {dag.py:3823} INFO - Setting next_dagrun for example_sla_dag to 2026-05-17 04:08:00+00:00, run_after=2026-05-17 04:10:00+00:00
[2026-05-17T04:11:29.620+0000] {processor.py:183} INFO - Processing /home/airflow/.local/lib/python3.8/site-packages/airflow/example_dags/example_sla_dag.py took 0.140 seconds
[2026-05-17T04:11:59.954+0000] {processor.py:161} INFO - Started process (PID=6839) to work on /home/airflow/.local/lib/python3.8/site-packages/airflow/example_dags/example_sla_dag.py
[2026-05-17T04:11:59.961+0000] {processor.py:830} INFO - Processing file /home/airflow/.local/lib/python3.8/site-packages/airflow/example_dags/example_sla_dag.py for tasks to queue
[2026-05-17T04:11:59.967+0000] {logging_mixin.py:188} INFO - [2026-05-17T04:11:59.967+0000] {dagbag.py:538} INFO - Filling up the DagBag from /home/airflow/.local/lib/python3.8/site-packages/airflow/example_dags/example_sla_dag.py
[2026-05-17T04:11:59.999+0000] {processor.py:840} INFO - DAG(s) 'example_sla_dag' retrieved from /home/airflow/.local/lib/python3.8/site-packages/airflow/example_dags/example_sla_dag.py
[2026-05-17T04:12:00.045+0000] {logging_mixin.py:188} INFO - [2026-05-17T04:12:00.044+0000] {dag.py:3036} INFO - Sync 1 DAGs
[2026-05-17T04:12:00.099+0000] {logging_mixin.py:188} INFO - [2026-05-17T04:12:00.099+0000] {dag.py:3823} INFO - Setting next_dagrun for example_sla_dag to 2026-05-17 04:10:00+00:00, run_after=2026-05-17 04:12:00+00:00
[2026-05-17T04:12:00.136+0000] {processor.py:183} INFO - Processing /home/airflow/.local/lib/python3.8/site-packages/airflow/example_dags/example_sla_dag.py took 0.190 seconds
[2026-05-17T04:12:30.202+0000] {processor.py:161} INFO - Started process (PID=6905) to work on /home/airflow/.local/lib/python3.8/site-packages/airflow/example_dags/example_sla_dag.py
[2026-05-17T04:12:30.203+0000] {processor.py:830} INFO - Processing file /home/airflow/.local/lib/python3.8/site-packages/airflow/example_dags/example_sla_dag.py for tasks to queue
[2026-05-17T04:12:30.207+0000] {logging_mixin.py:188} INFO - [2026-05-17T04:12:30.206+0000] {dagbag.py:538} INFO - Filling up the DagBag from /home/airflow/.local/lib/python3.8/site-packages/airflow/example_dags/example_sla_dag.py
[2026-05-17T04:12:30.224+0000] {processor.py:840} INFO - DAG(s) 'example_sla_dag' retrieved from /home/airflow/.local/lib/python3.8/site-packages/airflow/example_dags/example_sla_dag.py
[2026-05-17T04:12:30.263+0000] {logging_mixin.py:188} INFO - [2026-05-17T04:12:30.263+0000] {dag.py:3036} INFO - Sync 1 DAGs
[2026-05-17T04:12:30.316+0000] {logging_mixin.py:188} INFO - [2026-05-17T04:12:30.315+0000] {dag.py:3823} INFO - Setting next_dagrun for example_sla_dag to 2026-05-17 04:10:00+00:00, run_after=2026-05-17 04:12:00+00:00
[2026-05-17T04:12:30.354+0000] {processor.py:183} INFO - Processing /home/airflow/.local/lib/python3.8/site-packages/airflow/example_dags/example_sla_dag.py took 0.158 seconds
[2026-05-17T04:13:00.911+0000] {processor.py:161} INFO - Started process (PID=6970) to work on /home/airflow/.local/lib/python3.8/site-packages/airflow/example_dags/example_sla_dag.py
[2026-05-17T04:13:00.913+0000] {processor.py:830} INFO - Processing file /home/airflow/.local/lib/python3.8/site-packages/airflow/example_dags/example_sla_dag.py for tasks to queue
[2026-05-17T04:13:00.916+0000] {logging_mixin.py:188} INFO - [2026-05-17T04:13:00.916+0000] {dagbag.py:538} INFO - Filling up the DagBag from /home/airflow/.local/lib/python3.8/site-packages/airflow/example_dags/example_sla_dag.py
[2026-05-17T04:13:00.932+0000] {processor.py:840} INFO - DAG(s) 'example_sla_dag' retrieved from /home/airflow/.local/lib/python3.8/site-packages/airflow/example_dags/example_sla_dag.py
[2026-05-17T04:13:00.975+0000] {logging_mixin.py:188} INFO - [2026-05-17T04:13:00.974+0000] {dag.py:3036} INFO - Sync 1 DAGs
[2026-05-17T04:13:01.029+0000] {logging_mixin.py:188} INFO - [2026-05-17T04:13:01.028+0000] {dag.py:3823} INFO - Setting next_dagrun for example_sla_dag to 2026-05-17 04:10:00+00:00, run_after=2026-05-17 04:12:00+00:00
[2026-05-17T04:13:01.061+0000] {processor.py:183} INFO - Processing /home/airflow/.local/lib/python3.8/site-packages/airflow/example_dags/example_sla_dag.py took 0.155 seconds
[2026-05-17T04:13:31.576+0000] {processor.py:161} INFO - Started process (PID=7038) to work on /home/airflow/.local/lib/python3.8/site-packages/airflow/example_dags/example_sla_dag.py
[2026-05-17T04:13:31.578+0000] {processor.py:830} INFO - Processing file /home/airflow/.local/lib/python3.8/site-packages/airflow/example_dags/example_sla_dag.py for tasks to queue
[2026-05-17T04:13:31.581+0000] {logging_mixin.py:188} INFO - [2026-05-17T04:13:31.580+0000] {dagbag.py:538} INFO - Filling up the DagBag from /home/airflow/.local/lib/python3.8/site-packages/airflow/example_dags/example_sla_dag.py
[2026-05-17T04:13:31.595+0000] {processor.py:840} INFO - DAG(s) 'example_sla_dag' retrieved from /home/airflow/.local/lib/python3.8/site-packages/airflow/example_dags/example_sla_dag.py
[2026-05-17T04:13:31.635+0000] {logging_mixin.py:188} INFO - [2026-05-17T04:13:31.635+0000] {dag.py:3036} INFO - Sync 1 DAGs
[2026-05-17T04:13:31.684+0000] {logging_mixin.py:188} INFO - [2026-05-17T04:13:31.683+0000] {dag.py:3823} INFO - Setting next_dagrun for example_sla_dag to 2026-05-17 04:10:00+00:00, run_after=2026-05-17 04:12:00+00:00
[2026-05-17T04:13:31.716+0000] {processor.py:183} INFO - Processing /home/airflow/.local/lib/python3.8/site-packages/airflow/example_dags/example_sla_dag.py took 0.146 seconds
[2026-05-17T04:14:01.818+0000] {processor.py:161} INFO - Started process (PID=7103) to work on /home/airflow/.local/lib/python3.8/site-packages/airflow/example_dags/example_sla_dag.py
[2026-05-17T04:14:01.819+0000] {processor.py:830} INFO - Processing file /home/airflow/.local/lib/python3.8/site-packages/airflow/example_dags/example_sla_dag.py for tasks to queue
[2026-05-17T04:14:01.822+0000] {logging_mixin.py:188} INFO - [2026-05-17T04:14:01.822+0000] {dagbag.py:538} INFO - Filling up the DagBag from /home/airflow/.local/lib/python3.8/site-packages/airflow/example_dags/example_sla_dag.py
[2026-05-17T04:14:01.835+0000] {processor.py:840} INFO - DAG(s) 'example_sla_dag' retrieved from /home/airflow/.local/lib/python3.8/site-packages/airflow/example_dags/example_sla_dag.py
[2026-05-17T04:14:01.869+0000] {logging_mixin.py:188} INFO - [2026-05-17T04:14:01.869+0000] {dag.py:3036} INFO - Sync 1 DAGs
[2026-05-17T04:14:01.913+0000] {logging_mixin.py:188} INFO - [2026-05-17T04:14:01.913+0000] {dag.py:3823} INFO - Setting next_dagrun for example_sla_dag to 2026-05-17 04:12:00+00:00, run_after=2026-05-17 04:14:00+00:00
[2026-05-17T04:14:01.940+0000] {processor.py:183} INFO - Processing /home/airflow/.local/lib/python3.8/site-packages/airflow/example_dags/example_sla_dag.py took 0.127 seconds
[2026-05-17T04:14:32.438+0000] {processor.py:161} INFO - Started process (PID=7170) to work on /home/airflow/.local/lib/python3.8/site-packages/airflow/example_dags/example_sla_dag.py
[2026-05-17T04:14:32.439+0000] {processor.py:830} INFO - Processing file /home/airflow/.local/lib/python3.8/site-packages/airflow/example_dags/example_sla_dag.py for tasks to queue
[2026-05-17T04:14:32.441+0000] {logging_mixin.py:188} INFO - [2026-05-17T04:14:32.441+0000] {dagbag.py:538} INFO - Filling up the DagBag from /home/airflow/.local/lib/python3.8/site-packages/airflow/example_dags/example_sla_dag.py
[2026-05-17T04:14:32.455+0000] {processor.py:840} INFO - DAG(s) 'example_sla_dag' retrieved from /home/airflow/.local/lib/python3.8/site-packages/airflow/example_dags/example_sla_dag.py
[2026-05-17T04:14:32.490+0000] {logging_mixin.py:188} INFO - [2026-05-17T04:14:32.489+0000] {dag.py:3036} INFO - Sync 1 DAGs
[2026-05-17T04:14:32.530+0000] {logging_mixin.py:188} INFO - [2026-05-17T04:14:32.530+0000] {dag.py:3823} INFO - Setting next_dagrun for example_sla_dag to 2026-05-17 04:12:00+00:00, run_after=2026-05-17 04:14:00+00:00
[2026-05-17T04:14:32.561+0000] {processor.py:183} INFO - Processing /home/airflow/.local/lib/python3.8/site-packages/airflow/example_dags/example_sla_dag.py took 0.129 seconds
[2026-05-17T04:15:03.025+0000] {processor.py:161} INFO - Started process (PID=7237) to work on /home/airflow/.local/lib/python3.8/site-packages/airflow/example_dags/example_sla_dag.py
[2026-05-17T04:15:03.027+0000] {processor.py:830} INFO - Processing file /home/airflow/.local/lib/python3.8/site-packages/airflow/example_dags/example_sla_dag.py for tasks to queue
[2026-05-17T04:15:03.030+0000] {logging_mixin.py:188} INFO - [2026-05-17T04:15:03.029+0000] {dagbag.py:538} INFO - Filling up the DagBag from /home/airflow/.local/lib/python3.8/site-packages/airflow/example_dags/example_sla_dag.py
[2026-05-17T04:15:03.046+0000] {processor.py:840} INFO - DAG(s) 'example_sla_dag' retrieved from /home/airflow/.local/lib/python3.8/site-packages/airflow/example_dags/example_sla_dag.py
[2026-05-17T04:15:03.086+0000] {logging_mixin.py:188} INFO - [2026-05-17T04:15:03.085+0000] {dag.py:3036} INFO - Sync 1 DAGs
[2026-05-17T04:15:03.135+0000] {logging_mixin.py:188} INFO - [2026-05-17T04:15:03.135+0000] {dag.py:3823} INFO - Setting next_dagrun for example_sla_dag to 2026-05-17 04:12:00+00:00, run_after=2026-05-17 04:14:00+00:00
[2026-05-17T04:15:03.167+0000] {processor.py:183} INFO - Processing /home/airflow/.local/lib/python3.8/site-packages/airflow/example_dags/example_sla_dag.py took 0.147 seconds
[2026-05-17T04:15:33.519+0000] {processor.py:161} INFO - Started process (PID=7308) to work on /home/airflow/.local/lib/python3.8/site-packages/airflow/example_dags/example_sla_dag.py
[2026-05-17T04:15:33.521+0000] {processor.py:830} INFO - Processing file /home/airflow/.local/lib/python3.8/site-packages/airflow/example_dags/example_sla_dag.py for tasks to queue
[2026-05-17T04:15:33.524+0000] {logging_mixin.py:188} INFO - [2026-05-17T04:15:33.524+0000] {dagbag.py:538} INFO - Filling up the DagBag from /home/airflow/.local/lib/python3.8/site-packages/airflow/example_dags/example_sla_dag.py
[2026-05-17T04:15:33.541+0000] {processor.py:840} INFO - DAG(s) 'example_sla_dag' retrieved from /home/airflow/.local/lib/python3.8/site-packages/airflow/example_dags/example_sla_dag.py
[2026-05-17T04:15:33.583+0000] {logging_mixin.py:188} INFO - [2026-05-17T04:15:33.582+0000] {dag.py:3036} INFO - Sync 1 DAGs
[2026-05-17T04:15:33.634+0000] {logging_mixin.py:188} INFO - [2026-05-17T04:15:33.633+0000] {dag.py:3823} INFO - Setting next_dagrun for example_sla_dag to 2026-05-17 04:12:00+00:00, run_after=2026-05-17 04:14:00+00:00
[2026-05-17T04:15:33.663+0000] {processor.py:183} INFO - Processing /home/airflow/.local/lib/python3.8/site-packages/airflow/example_dags/example_sla_dag.py took 0.150 seconds
[2026-05-17T04:16:04.314+0000] {processor.py:161} INFO - Started process (PID=7376) to work on /home/airflow/.local/lib/python3.8/site-packages/airflow/example_dags/example_sla_dag.py
[2026-05-17T04:16:04.315+0000] {processor.py:830} INFO - Processing file /home/airflow/.local/lib/python3.8/site-packages/airflow/example_dags/example_sla_dag.py for tasks to queue
[2026-05-17T04:16:04.319+0000] {logging_mixin.py:188} INFO - [2026-05-17T04:16:04.318+0000] {dagbag.py:538} INFO - Filling up the DagBag from /home/airflow/.local/lib/python3.8/site-packages/airflow/example_dags/example_sla_dag.py
[2026-05-17T04:16:04.337+0000] {processor.py:840} INFO - DAG(s) 'example_sla_dag' retrieved from /home/airflow/.local/lib/python3.8/site-packages/airflow/example_dags/example_sla_dag.py
[2026-05-17T04:16:04.379+0000] {logging_mixin.py:188} INFO - [2026-05-17T04:16:04.379+0000] {dag.py:3036} INFO - Sync 1 DAGs
[2026-05-17T04:16:04.452+0000] {logging_mixin.py:188} INFO - [2026-05-17T04:16:04.452+0000] {dag.py:3823} INFO - Setting next_dagrun for example_sla_dag to 2026-05-17 04:14:00+00:00, run_after=2026-05-17 04:16:00+00:00
[2026-05-17T04:16:04.503+0000] {processor.py:183} INFO - Processing /home/airflow/.local/lib/python3.8/site-packages/airflow/example_dags/example_sla_dag.py took 0.195 seconds
[2026-05-17T04:16:34.723+0000] {processor.py:161} INFO - Started process (PID=7442) to work on /home/airflow/.local/lib/python3.8/site-packages/airflow/example_dags/example_sla_dag.py
[2026-05-17T04:16:34.726+0000] {processor.py:830} INFO - Processing file /home/airflow/.local/lib/python3.8/site-packages/airflow/example_dags/example_sla_dag.py for tasks to queue
[2026-05-17T04:16:34.730+0000] {logging_mixin.py:188} INFO - [2026-05-17T04:16:34.730+0000] {dagbag.py:538} INFO - Filling up the DagBag from /home/airflow/.local/lib/python3.8/site-packages/airflow/example_dags/example_sla_dag.py
[2026-05-17T04:16:34.748+0000] {processor.py:840} INFO - DAG(s) 'example_sla_dag' retrieved from /home/airflow/.local/lib/python3.8/site-packages/airflow/example_dags/example_sla_dag.py
[2026-05-17T04:16:34.786+0000] {logging_mixin.py:188} INFO - [2026-05-17T04:16:34.786+0000] {dag.py:3036} INFO - Sync 1 DAGs
[2026-05-17T04:16:34.834+0000] {logging_mixin.py:188} INFO - [2026-05-17T04:16:34.833+0000] {dag.py:3823} INFO - Setting next_dagrun for example_sla_dag to 2026-05-17 04:14:00+00:00, run_after=2026-05-17 04:16:00+00:00
[2026-05-17T04:16:34.866+0000] {processor.py:183} INFO - Processing /home/airflow/.local/lib/python3.8/site-packages/airflow/example_dags/example_sla_dag.py took 0.149 seconds
[2026-05-17T04:17:05.049+0000] {processor.py:161} INFO - Started process (PID=7507) to work on /home/airflow/.local/lib/python3.8/site-packages/airflow/example_dags/example_sla_dag.py
[2026-05-17T04:17:05.051+0000] {processor.py:830} INFO - Processing file /home/airflow/.local/lib/python3.8/site-packages/airflow/example_dags/example_sla_dag.py for tasks to queue
[2026-05-17T04:17:05.054+0000] {logging_mixin.py:188} INFO - [2026-05-17T04:17:05.053+0000] {dagbag.py:538} INFO - Filling up the DagBag from /home/airflow/.local/lib/python3.8/site-packages/airflow/example_dags/example_sla_dag.py
[2026-05-17T04:17:05.070+0000] {processor.py:840} INFO - DAG(s) 'example_sla_dag' retrieved from /home/airflow/.local/lib/python3.8/site-packages/airflow/example_dags/example_sla_dag.py
[2026-05-17T04:17:05.109+0000] {logging_mixin.py:188} INFO - [2026-05-17T04:17:05.109+0000] {dag.py:3036} INFO - Sync 1 DAGs
[2026-05-17T04:17:05.161+0000] {logging_mixin.py:188} INFO - [2026-05-17T04:17:05.160+0000] {dag.py:3823} INFO - Setting next_dagrun for example_sla_dag to 2026-05-17 04:14:00+00:00, run_after=2026-05-17 04:16:00+00:00
[2026-05-17T04:17:05.194+0000] {processor.py:183} INFO - Processing /home/airflow/.local/lib/python3.8/site-packages/airflow/example_dags/example_sla_dag.py took 0.151 seconds
[2026-05-17T04:17:35.480+0000] {processor.py:161} INFO - Started process (PID=7572) to work on /home/airflow/.local/lib/python3.8/site-packages/airflow/example_dags/example_sla_dag.py
[2026-05-17T04:17:35.481+0000] {processor.py:830} INFO - Processing file /home/airflow/.local/lib/python3.8/site-packages/airflow/example_dags/example_sla_dag.py for tasks to queue
[2026-05-17T04:17:35.484+0000] {logging_mixin.py:188} INFO - [2026-05-17T04:17:35.484+0000] {dagbag.py:538} INFO - Filling up the DagBag from /home/airflow/.local/lib/python3.8/site-packages/airflow/example_dags/example_sla_dag.py
[2026-05-17T04:17:35.501+0000] {processor.py:840} INFO - DAG(s) 'example_sla_dag' retrieved from /home/airflow/.local/lib/python3.8/site-packages/airflow/example_dags/example_sla_dag.py
[2026-05-17T04:17:35.544+0000] {logging_mixin.py:188} INFO - [2026-05-17T04:17:35.543+0000] {dag.py:3036} INFO - Sync 1 DAGs
[2026-05-17T04:17:35.592+0000] {logging_mixin.py:188} INFO - [2026-05-17T04:17:35.592+0000] {dag.py:3823} INFO - Setting next_dagrun for example_sla_dag to 2026-05-17 04:14:00+00:00, run_after=2026-05-17 04:16:00+00:00
[2026-05-17T04:17:35.628+0000] {processor.py:183} INFO - Processing /home/airflow/.local/lib/python3.8/site-packages/airflow/example_dags/example_sla_dag.py took 0.154 seconds
[2026-05-17T04:18:05.815+0000] {processor.py:161} INFO - Started process (PID=7639) to work on /home/airflow/.local/lib/python3.8/site-packages/airflow/example_dags/example_sla_dag.py
[2026-05-17T04:18:05.817+0000] {processor.py:830} INFO - Processing file /home/airflow/.local/lib/python3.8/site-packages/airflow/example_dags/example_sla_dag.py for tasks to queue
[2026-05-17T04:18:05.821+0000] {logging_mixin.py:188} INFO - [2026-05-17T04:18:05.820+0000] {dagbag.py:538} INFO - Filling up the DagBag from /home/airflow/.local/lib/python3.8/site-packages/airflow/example_dags/example_sla_dag.py
[2026-05-17T04:18:05.839+0000] {processor.py:840} INFO - DAG(s) 'example_sla_dag' retrieved from /home/airflow/.local/lib/python3.8/site-packages/airflow/example_dags/example_sla_dag.py
[2026-05-17T04:18:05.876+0000] {logging_mixin.py:188} INFO - [2026-05-17T04:18:05.875+0000] {dag.py:3036} INFO - Sync 1 DAGs
[2026-05-17T04:18:05.920+0000] {logging_mixin.py:188} INFO - [2026-05-17T04:18:05.920+0000] {dag.py:3823} INFO - Setting next_dagrun for example_sla_dag to 2026-05-17 04:16:00+00:00, run_after=2026-05-17 04:18:00+00:00
[2026-05-17T04:18:05.950+0000] {processor.py:183} INFO - Processing /home/airflow/.local/lib/python3.8/site-packages/airflow/example_dags/example_sla_dag.py took 0.140 seconds
[2026-05-17T04:18:36.115+0000] {processor.py:161} INFO - Started process (PID=7707) to work on /home/airflow/.local/lib/python3.8/site-packages/airflow/example_dags/example_sla_dag.py
[2026-05-17T04:18:36.116+0000] {processor.py:830} INFO - Processing file /home/airflow/.local/lib/python3.8/site-packages/airflow/example_dags/example_sla_dag.py for tasks to queue
[2026-05-17T04:18:36.119+0000] {logging_mixin.py:188} INFO - [2026-05-17T04:18:36.119+0000] {dagbag.py:538} INFO - Filling up the DagBag from /home/airflow/.local/lib/python3.8/site-packages/airflow/example_dags/example_sla_dag.py
[2026-05-17T04:18:36.135+0000] {processor.py:840} INFO - DAG(s) 'example_sla_dag' retrieved from /home/airflow/.local/lib/python3.8/site-packages/airflow/example_dags/example_sla_dag.py
[2026-05-17T04:18:36.171+0000] {logging_mixin.py:188} INFO - [2026-05-17T04:18:36.170+0000] {dag.py:3036} INFO - Sync 1 DAGs
[2026-05-17T04:18:36.222+0000] {logging_mixin.py:188} INFO - [2026-05-17T04:18:36.221+0000] {dag.py:3823} INFO - Setting next_dagrun for example_sla_dag to 2026-05-17 04:16:00+00:00, run_after=2026-05-17 04:18:00+00:00
[2026-05-17T04:18:36.253+0000] {processor.py:183} INFO - Processing /home/airflow/.local/lib/python3.8/site-packages/airflow/example_dags/example_sla_dag.py took 0.144 seconds
[2026-05-17T04:19:06.431+0000] {processor.py:161} INFO - Started process (PID=7772) to work on /home/airflow/.local/lib/python3.8/site-packages/airflow/example_dags/example_sla_dag.py
[2026-05-17T04:19:06.433+0000] {processor.py:830} INFO - Processing file /home/airflow/.local/lib/python3.8/site-packages/airflow/example_dags/example_sla_dag.py for tasks to queue
[2026-05-17T04:19:06.436+0000] {logging_mixin.py:188} INFO - [2026-05-17T04:19:06.435+0000] {dagbag.py:538} INFO - Filling up the DagBag from /home/airflow/.local/lib/python3.8/site-packages/airflow/example_dags/example_sla_dag.py
[2026-05-17T04:19:06.449+0000] {processor.py:840} INFO - DAG(s) 'example_sla_dag' retrieved from /home/airflow/.local/lib/python3.8/site-packages/airflow/example_dags/example_sla_dag.py
[2026-05-17T04:19:06.491+0000] {logging_mixin.py:188} INFO - [2026-05-17T04:19:06.491+0000] {dag.py:3036} INFO - Sync 1 DAGs
[2026-05-17T04:19:06.541+0000] {logging_mixin.py:188} INFO - [2026-05-17T04:19:06.541+0000] {dag.py:3823} INFO - Setting next_dagrun for example_sla_dag to 2026-05-17 04:16:00+00:00, run_after=2026-05-17 04:18:00+00:00
[2026-05-17T04:19:06.574+0000] {processor.py:183} INFO - Processing /home/airflow/.local/lib/python3.8/site-packages/airflow/example_dags/example_sla_dag.py took 0.148 seconds
[2026-05-17T04:19:36.703+0000] {processor.py:161} INFO - Started process (PID=7837) to work on /home/airflow/.local/lib/python3.8/site-packages/airflow/example_dags/example_sla_dag.py
[2026-05-17T04:19:36.705+0000] {processor.py:830} INFO - Processing file /home/airflow/.local/lib/python3.8/site-packages/airflow/example_dags/example_sla_dag.py for tasks to queue
[2026-05-17T04:19:36.708+0000] {logging_mixin.py:188} INFO - [2026-05-17T04:19:36.707+0000] {dagbag.py:538} INFO - Filling up the DagBag from /home/airflow/.local/lib/python3.8/site-packages/airflow/example_dags/example_sla_dag.py
[2026-05-17T04:19:36.722+0000] {processor.py:840} INFO - DAG(s) 'example_sla_dag' retrieved from /home/airflow/.local/lib/python3.8/site-packages/airflow/example_dags/example_sla_dag.py
[2026-05-17T04:19:36.762+0000] {logging_mixin.py:188} INFO - [2026-05-17T04:19:36.761+0000] {dag.py:3036} INFO - Sync 1 DAGs
[2026-05-17T04:19:36.810+0000] {logging_mixin.py:188} INFO - [2026-05-17T04:19:36.810+0000] {dag.py:3823} INFO - Setting next_dagrun for example_sla_dag to 2026-05-17 04:16:00+00:00, run_after=2026-05-17 04:18:00+00:00
[2026-05-17T04:19:36.837+0000] {processor.py:183} INFO - Processing /home/airflow/.local/lib/python3.8/site-packages/airflow/example_dags/example_sla_dag.py took 0.140 seconds
[2026-05-17T04:20:06.919+0000] {processor.py:161} INFO - Started process (PID=7904) to work on /home/airflow/.local/lib/python3.8/site-packages/airflow/example_dags/example_sla_dag.py
[2026-05-17T04:20:06.921+0000] {processor.py:830} INFO - Processing file /home/airflow/.local/lib/python3.8/site-packages/airflow/example_dags/example_sla_dag.py for tasks to queue
[2026-05-17T04:20:06.924+0000] {logging_mixin.py:188} INFO - [2026-05-17T04:20:06.923+0000] {dagbag.py:538} INFO - Filling up the DagBag from /home/airflow/.local/lib/python3.8/site-packages/airflow/example_dags/example_sla_dag.py
[2026-05-17T04:20:06.937+0000] {processor.py:840} INFO - DAG(s) 'example_sla_dag' retrieved from /home/airflow/.local/lib/python3.8/site-packages/airflow/example_dags/example_sla_dag.py
[2026-05-17T04:20:06.974+0000] {logging_mixin.py:188} INFO - [2026-05-17T04:20:06.974+0000] {dag.py:3036} INFO - Sync 1 DAGs
[2026-05-17T04:20:07.020+0000] {logging_mixin.py:188} INFO - [2026-05-17T04:20:07.020+0000] {dag.py:3823} INFO - Setting next_dagrun for example_sla_dag to 2026-05-17 04:18:00+00:00, run_after=2026-05-17 04:20:00+00:00
[2026-05-17T04:20:07.064+0000] {processor.py:183} INFO - Processing /home/airflow/.local/lib/python3.8/site-packages/airflow/example_dags/example_sla_dag.py took 0.150 seconds
[2026-05-17T04:20:37.636+0000] {processor.py:161} INFO - Started process (PID=7970) to work on /home/airflow/.local/lib/python3.8/site-packages/airflow/example_dags/example_sla_dag.py
[2026-05-17T04:20:37.638+0000] {processor.py:830} INFO - Processing file /home/airflow/.local/lib/python3.8/site-packages/airflow/example_dags/example_sla_dag.py for tasks to queue
[2026-05-17T04:20:37.641+0000] {logging_mixin.py:188} INFO - [2026-05-17T04:20:37.641+0000] {dagbag.py:538} INFO - Filling up the DagBag from /home/airflow/.local/lib/python3.8/site-packages/airflow/example_dags/example_sla_dag.py
[2026-05-17T04:20:37.656+0000] {processor.py:840} INFO - DAG(s) 'example_sla_dag' retrieved from /home/airflow/.local/lib/python3.8/site-packages/airflow/example_dags/example_sla_dag.py
[2026-05-17T04:20:37.692+0000] {logging_mixin.py:188} INFO - [2026-05-17T04:20:37.691+0000] {dag.py:3036} INFO - Sync 1 DAGs
[2026-05-17T04:20:37.739+0000] {logging_mixin.py:188} INFO - [2026-05-17T04:20:37.739+0000] {dag.py:3823} INFO - Setting next_dagrun for example_sla_dag to 2026-05-17 04:18:00+00:00, run_after=2026-05-17 04:20:00+00:00
[2026-05-17T04:20:37.770+0000] {processor.py:183} INFO - Processing /home/airflow/.local/lib/python3.8/site-packages/airflow/example_dags/example_sla_dag.py took 0.139 seconds
[2026-05-17T04:21:07.925+0000] {processor.py:161} INFO - Started process (PID=8036) to work on /home/airflow/.local/lib/python3.8/site-packages/airflow/example_dags/example_sla_dag.py
[2026-05-17T04:21:07.927+0000] {processor.py:830} INFO - Processing file /home/airflow/.local/lib/python3.8/site-packages/airflow/example_dags/example_sla_dag.py for tasks to queue
[2026-05-17T04:21:07.930+0000] {logging_mixin.py:188} INFO - [2026-05-17T04:21:07.929+0000] {dagbag.py:538} INFO - Filling up the DagBag from /home/airflow/.local/lib/python3.8/site-packages/airflow/example_dags/example_sla_dag.py
[2026-05-17T04:21:07.943+0000] {processor.py:840} INFO - DAG(s) 'example_sla_dag' retrieved from /home/airflow/.local/lib/python3.8/site-packages/airflow/example_dags/example_sla_dag.py
[2026-05-17T04:21:08.008+0000] {logging_mixin.py:188} INFO - [2026-05-17T04:21:08.008+0000] {dag.py:3036} INFO - Sync 1 DAGs
[2026-05-17T04:21:08.070+0000] {logging_mixin.py:188} INFO - [2026-05-17T04:21:08.070+0000] {dag.py:3823} INFO - Setting next_dagrun for example_sla_dag to 2026-05-17 04:18:00+00:00, run_after=2026-05-17 04:20:00+00:00
[2026-05-17T04:21:08.124+0000] {processor.py:183} INFO - Processing /home/airflow/.local/lib/python3.8/site-packages/airflow/example_dags/example_sla_dag.py took 0.204 seconds
[2026-05-17T04:21:38.241+0000] {processor.py:161} INFO - Started process (PID=8102) to work on /home/airflow/.local/lib/python3.8/site-packages/airflow/example_dags/example_sla_dag.py
[2026-05-17T04:21:38.243+0000] {processor.py:830} INFO - Processing file /home/airflow/.local/lib/python3.8/site-packages/airflow/example_dags/example_sla_dag.py for tasks to queue
[2026-05-17T04:21:38.246+0000] {logging_mixin.py:188} INFO - [2026-05-17T04:21:38.246+0000] {dagbag.py:538} INFO - Filling up the DagBag from /home/airflow/.local/lib/python3.8/site-packages/airflow/example_dags/example_sla_dag.py
[2026-05-17T04:21:38.260+0000] {processor.py:840} INFO - DAG(s) 'example_sla_dag' retrieved from /home/airflow/.local/lib/python3.8/site-packages/airflow/example_dags/example_sla_dag.py
[2026-05-17T04:21:38.294+0000] {logging_mixin.py:188} INFO - [2026-05-17T04:21:38.294+0000] {dag.py:3036} INFO - Sync 1 DAGs
[2026-05-17T04:21:38.336+0000] {logging_mixin.py:188} INFO - [2026-05-17T04:21:38.335+0000] {dag.py:3823} INFO - Setting next_dagrun for example_sla_dag to 2026-05-17 04:18:00+00:00, run_after=2026-05-17 04:20:00+00:00
[2026-05-17T04:21:38.363+0000] {processor.py:183} INFO - Processing /home/airflow/.local/lib/python3.8/site-packages/airflow/example_dags/example_sla_dag.py took 0.126 seconds
[2026-05-17T04:22:08.435+0000] {processor.py:161} INFO - Started process (PID=8175) to work on /home/airflow/.local/lib/python3.8/site-packages/airflow/example_dags/example_sla_dag.py
[2026-05-17T04:22:08.437+0000] {processor.py:830} INFO - Processing file /home/airflow/.local/lib/python3.8/site-packages/airflow/example_dags/example_sla_dag.py for tasks to queue
[2026-05-17T04:22:08.439+0000] {logging_mixin.py:188} INFO - [2026-05-17T04:22:08.439+0000] {dagbag.py:538} INFO - Filling up the DagBag from /home/airflow/.local/lib/python3.8/site-packages/airflow/example_dags/example_sla_dag.py
[2026-05-17T04:22:08.452+0000] {processor.py:840} INFO - DAG(s) 'example_sla_dag' retrieved from /home/airflow/.local/lib/python3.8/site-packages/airflow/example_dags/example_sla_dag.py
[2026-05-17T04:22:08.489+0000] {logging_mixin.py:188} INFO - [2026-05-17T04:22:08.488+0000] {dag.py:3036} INFO - Sync 1 DAGs
[2026-05-17T04:22:08.533+0000] {logging_mixin.py:188} INFO - [2026-05-17T04:22:08.533+0000] {dag.py:3823} INFO - Setting next_dagrun for example_sla_dag to 2026-05-17 04:20:00+00:00, run_after=2026-05-17 04:22:00+00:00
[2026-05-17T04:22:08.560+0000] {processor.py:183} INFO - Processing /home/airflow/.local/lib/python3.8/site-packages/airflow/example_dags/example_sla_dag.py took 0.130 seconds
[2026-05-17T04:22:38.748+0000] {processor.py:161} INFO - Started process (PID=8242) to work on /home/airflow/.local/lib/python3.8/site-packages/airflow/example_dags/example_sla_dag.py
[2026-05-17T04:22:38.750+0000] {processor.py:830} INFO - Processing file /home/airflow/.local/lib/python3.8/site-packages/airflow/example_dags/example_sla_dag.py for tasks to queue
[2026-05-17T04:22:38.753+0000] {logging_mixin.py:188} INFO - [2026-05-17T04:22:38.752+0000] {dagbag.py:538} INFO - Filling up the DagBag from /home/airflow/.local/lib/python3.8/site-packages/airflow/example_dags/example_sla_dag.py
[2026-05-17T04:22:38.768+0000] {processor.py:840} INFO - DAG(s) 'example_sla_dag' retrieved from /home/airflow/.local/lib/python3.8/site-packages/airflow/example_dags/example_sla_dag.py
[2026-05-17T04:22:38.810+0000] {logging_mixin.py:188} INFO - [2026-05-17T04:22:38.810+0000] {dag.py:3036} INFO - Sync 1 DAGs
[2026-05-17T04:22:38.862+0000] {logging_mixin.py:188} INFO - [2026-05-17T04:22:38.862+0000] {dag.py:3823} INFO - Setting next_dagrun for example_sla_dag to 2026-05-17 04:20:00+00:00, run_after=2026-05-17 04:22:00+00:00
[2026-05-17T04:22:38.899+0000] {processor.py:183} INFO - Processing /home/airflow/.local/lib/python3.8/site-packages/airflow/example_dags/example_sla_dag.py took 0.157 seconds
[2026-05-17T04:23:09.206+0000] {processor.py:161} INFO - Started process (PID=8307) to work on /home/airflow/.local/lib/python3.8/site-packages/airflow/example_dags/example_sla_dag.py
[2026-05-17T04:23:09.209+0000] {processor.py:830} INFO - Processing file /home/airflow/.local/lib/python3.8/site-packages/airflow/example_dags/example_sla_dag.py for tasks to queue
[2026-05-17T04:23:09.212+0000] {logging_mixin.py:188} INFO - [2026-05-17T04:23:09.211+0000] {dagbag.py:538} INFO - Filling up the DagBag from /home/airflow/.local/lib/python3.8/site-packages/airflow/example_dags/example_sla_dag.py
[2026-05-17T04:23:09.226+0000] {processor.py:840} INFO - DAG(s) 'example_sla_dag' retrieved from /home/airflow/.local/lib/python3.8/site-packages/airflow/example_dags/example_sla_dag.py
[2026-05-17T04:23:09.262+0000] {logging_mixin.py:188} INFO - [2026-05-17T04:23:09.261+0000] {dag.py:3036} INFO - Sync 1 DAGs
[2026-05-17T04:23:09.308+0000] {logging_mixin.py:188} INFO - [2026-05-17T04:23:09.308+0000] {dag.py:3823} INFO - Setting next_dagrun for example_sla_dag to 2026-05-17 04:20:00+00:00, run_after=2026-05-17 04:22:00+00:00
[2026-05-17T04:23:09.339+0000] {processor.py:183} INFO - Processing /home/airflow/.local/lib/python3.8/site-packages/airflow/example_dags/example_sla_dag.py took 0.138 seconds
[2026-05-17T04:23:39.475+0000] {processor.py:161} INFO - Started process (PID=8373) to work on /home/airflow/.local/lib/python3.8/site-packages/airflow/example_dags/example_sla_dag.py
[2026-05-17T04:23:39.478+0000] {processor.py:830} INFO - Processing file /home/airflow/.local/lib/python3.8/site-packages/airflow/example_dags/example_sla_dag.py for tasks to queue
[2026-05-17T04:23:39.481+0000] {logging_mixin.py:188} INFO - [2026-05-17T04:23:39.480+0000] {dagbag.py:538} INFO - Filling up the DagBag from /home/airflow/.local/lib/python3.8/site-packages/airflow/example_dags/example_sla_dag.py
[2026-05-17T04:23:39.498+0000] {processor.py:840} INFO - DAG(s) 'example_sla_dag' retrieved from /home/airflow/.local/lib/python3.8/site-packages/airflow/example_dags/example_sla_dag.py
[2026-05-17T04:23:39.542+0000] {logging_mixin.py:188} INFO - [2026-05-17T04:23:39.542+0000] {dag.py:3036} INFO - Sync 1 DAGs
[2026-05-17T04:23:39.602+0000] {logging_mixin.py:188} INFO - [2026-05-17T04:23:39.602+0000] {dag.py:3823} INFO - Setting next_dagrun for example_sla_dag to 2026-05-17 04:20:00+00:00, run_after=2026-05-17 04:22:00+00:00
[2026-05-17T04:23:39.631+0000] {processor.py:183} INFO - Processing /home/airflow/.local/lib/python3.8/site-packages/airflow/example_dags/example_sla_dag.py took 0.162 seconds
[2026-05-17T04:24:10.126+0000] {processor.py:161} INFO - Started process (PID=8438) to work on /home/airflow/.local/lib/python3.8/site-packages/airflow/example_dags/example_sla_dag.py
[2026-05-17T04:24:10.133+0000] {processor.py:830} INFO - Processing file /home/airflow/.local/lib/python3.8/site-packages/airflow/example_dags/example_sla_dag.py for tasks to queue
[2026-05-17T04:24:10.136+0000] {logging_mixin.py:188} INFO - [2026-05-17T04:24:10.136+0000] {dagbag.py:538} INFO - Filling up the DagBag from /home/airflow/.local/lib/python3.8/site-packages/airflow/example_dags/example_sla_dag.py
[2026-05-17T04:24:10.176+0000] {processor.py:840} INFO - DAG(s) 'example_sla_dag' retrieved from /home/airflow/.local/lib/python3.8/site-packages/airflow/example_dags/example_sla_dag.py
[2026-05-17T04:24:10.218+0000] {logging_mixin.py:188} INFO - [2026-05-17T04:24:10.218+0000] {dag.py:3036} INFO - Sync 1 DAGs
[2026-05-17T04:24:10.274+0000] {logging_mixin.py:188} INFO - [2026-05-17T04:24:10.274+0000] {dag.py:3823} INFO - Setting next_dagrun for example_sla_dag to 2026-05-17 04:22:00+00:00, run_after=2026-05-17 04:24:00+00:00
[2026-05-17T04:24:10.314+0000] {processor.py:183} INFO - Processing /home/airflow/.local/lib/python3.8/site-packages/airflow/example_dags/example_sla_dag.py took 0.198 seconds
[2026-05-17T04:24:40.486+0000] {processor.py:161} INFO - Started process (PID=8504) to work on /home/airflow/.local/lib/python3.8/site-packages/airflow/example_dags/example_sla_dag.py
[2026-05-17T04:24:40.489+0000] {processor.py:830} INFO - Processing file /home/airflow/.local/lib/python3.8/site-packages/airflow/example_dags/example_sla_dag.py for tasks to queue
[2026-05-17T04:24:40.493+0000] {logging_mixin.py:188} INFO - [2026-05-17T04:24:40.492+0000] {dagbag.py:538} INFO - Filling up the DagBag from /home/airflow/.local/lib/python3.8/site-packages/airflow/example_dags/example_sla_dag.py
[2026-05-17T04:24:40.515+0000] {processor.py:840} INFO - DAG(s) 'example_sla_dag' retrieved from /home/airflow/.local/lib/python3.8/site-packages/airflow/example_dags/example_sla_dag.py
[2026-05-17T04:24:40.557+0000] {logging_mixin.py:188} INFO - [2026-05-17T04:24:40.556+0000] {dag.py:3036} INFO - Sync 1 DAGs
[2026-05-17T04:24:40.611+0000] {logging_mixin.py:188} INFO - [2026-05-17T04:24:40.610+0000] {dag.py:3823} INFO - Setting next_dagrun for example_sla_dag to 2026-05-17 04:22:00+00:00, run_after=2026-05-17 04:24:00+00:00
[2026-05-17T04:24:40.648+0000] {processor.py:183} INFO - Processing /home/airflow/.local/lib/python3.8/site-packages/airflow/example_dags/example_sla_dag.py took 0.168 seconds
[2026-05-17T04:25:11.319+0000] {processor.py:161} INFO - Started process (PID=8569) to work on /home/airflow/.local/lib/python3.8/site-packages/airflow/example_dags/example_sla_dag.py
[2026-05-17T04:25:11.321+0000] {processor.py:830} INFO - Processing file /home/airflow/.local/lib/python3.8/site-packages/airflow/example_dags/example_sla_dag.py for tasks to queue
[2026-05-17T04:25:11.323+0000] {logging_mixin.py:188} INFO - [2026-05-17T04:25:11.323+0000] {dagbag.py:538} INFO - Filling up the DagBag from /home/airflow/.local/lib/python3.8/site-packages/airflow/example_dags/example_sla_dag.py
[2026-05-17T04:25:11.336+0000] {processor.py:840} INFO - DAG(s) 'example_sla_dag' retrieved from /home/airflow/.local/lib/python3.8/site-packages/airflow/example_dags/example_sla_dag.py
[2026-05-17T04:25:11.370+0000] {logging_mixin.py:188} INFO - [2026-05-17T04:25:11.370+0000] {dag.py:3036} INFO - Sync 1 DAGs
[2026-05-17T04:25:11.413+0000] {logging_mixin.py:188} INFO - [2026-05-17T04:25:11.412+0000] {dag.py:3823} INFO - Setting next_dagrun for example_sla_dag to 2026-05-17 04:22:00+00:00, run_after=2026-05-17 04:24:00+00:00
[2026-05-17T04:25:11.441+0000] {processor.py:183} INFO - Processing /home/airflow/.local/lib/python3.8/site-packages/airflow/example_dags/example_sla_dag.py took 0.126 seconds
[2026-05-17T04:25:41.632+0000] {processor.py:161} INFO - Started process (PID=8635) to work on /home/airflow/.local/lib/python3.8/site-packages/airflow/example_dags/example_sla_dag.py
[2026-05-17T04:25:41.633+0000] {processor.py:830} INFO - Processing file /home/airflow/.local/lib/python3.8/site-packages/airflow/example_dags/example_sla_dag.py for tasks to queue
[2026-05-17T04:25:41.635+0000] {logging_mixin.py:188} INFO - [2026-05-17T04:25:41.635+0000] {dagbag.py:538} INFO - Filling up the DagBag from /home/airflow/.local/lib/python3.8/site-packages/airflow/example_dags/example_sla_dag.py
[2026-05-17T04:25:41.649+0000] {processor.py:840} INFO - DAG(s) 'example_sla_dag' retrieved from /home/airflow/.local/lib/python3.8/site-packages/airflow/example_dags/example_sla_dag.py
[2026-05-17T04:25:41.685+0000] {logging_mixin.py:188} INFO - [2026-05-17T04:25:41.684+0000] {dag.py:3036} INFO - Sync 1 DAGs
[2026-05-17T04:25:41.734+0000] {logging_mixin.py:188} INFO - [2026-05-17T04:25:41.734+0000] {dag.py:3823} INFO - Setting next_dagrun for example_sla_dag to 2026-05-17 04:22:00+00:00, run_after=2026-05-17 04:24:00+00:00
[2026-05-17T04:25:41.763+0000] {processor.py:183} INFO - Processing /home/airflow/.local/lib/python3.8/site-packages/airflow/example_dags/example_sla_dag.py took 0.136 seconds
[2026-05-17T04:26:12.318+0000] {processor.py:161} INFO - Started process (PID=8701) to work on /home/airflow/.local/lib/python3.8/site-packages/airflow/example_dags/example_sla_dag.py
[2026-05-17T04:26:12.320+0000] {processor.py:830} INFO - Processing file /home/airflow/.local/lib/python3.8/site-packages/airflow/example_dags/example_sla_dag.py for tasks to queue
[2026-05-17T04:26:12.322+0000] {logging_mixin.py:188} INFO - [2026-05-17T04:26:12.322+0000] {dagbag.py:538} INFO - Filling up the DagBag from /home/airflow/.local/lib/python3.8/site-packages/airflow/example_dags/example_sla_dag.py
[2026-05-17T04:26:12.335+0000] {processor.py:840} INFO - DAG(s) 'example_sla_dag' retrieved from /home/airflow/.local/lib/python3.8/site-packages/airflow/example_dags/example_sla_dag.py
[2026-05-17T04:26:12.372+0000] {logging_mixin.py:188} INFO - [2026-05-17T04:26:12.372+0000] {dag.py:3036} INFO - Sync 1 DAGs
[2026-05-17T04:26:12.417+0000] {logging_mixin.py:188} INFO - [2026-05-17T04:26:12.417+0000] {dag.py:3823} INFO - Setting next_dagrun for example_sla_dag to 2026-05-17 04:24:00+00:00, run_after=2026-05-17 04:26:00+00:00
[2026-05-17T04:26:12.448+0000] {processor.py:183} INFO - Processing /home/airflow/.local/lib/python3.8/site-packages/airflow/example_dags/example_sla_dag.py took 0.135 seconds
[2026-05-17T04:26:42.876+0000] {processor.py:161} INFO - Started process (PID=8767) to work on /home/airflow/.local/lib/python3.8/site-packages/airflow/example_dags/example_sla_dag.py
[2026-05-17T04:26:42.877+0000] {processor.py:830} INFO - Processing file /home/airflow/.local/lib/python3.8/site-packages/airflow/example_dags/example_sla_dag.py for tasks to queue
[2026-05-17T04:26:42.880+0000] {logging_mixin.py:188} INFO - [2026-05-17T04:26:42.880+0000] {dagbag.py:538} INFO - Filling up the DagBag from /home/airflow/.local/lib/python3.8/site-packages/airflow/example_dags/example_sla_dag.py
[2026-05-17T04:26:42.896+0000] {processor.py:840} INFO - DAG(s) 'example_sla_dag' retrieved from /home/airflow/.local/lib/python3.8/site-packages/airflow/example_dags/example_sla_dag.py
[2026-05-17T04:26:42.930+0000] {logging_mixin.py:188} INFO - [2026-05-17T04:26:42.930+0000] {dag.py:3036} INFO - Sync 1 DAGs
[2026-05-17T04:26:42.975+0000] {logging_mixin.py:188} INFO - [2026-05-17T04:26:42.975+0000] {dag.py:3823} INFO - Setting next_dagrun for example_sla_dag to 2026-05-17 04:24:00+00:00, run_after=2026-05-17 04:26:00+00:00
[2026-05-17T04:26:43.010+0000] {processor.py:183} INFO - Processing /home/airflow/.local/lib/python3.8/site-packages/airflow/example_dags/example_sla_dag.py took 0.139 seconds
[2026-05-17T04:27:13.687+0000] {processor.py:161} INFO - Started process (PID=8833) to work on /home/airflow/.local/lib/python3.8/site-packages/airflow/example_dags/example_sla_dag.py
[2026-05-17T04:27:13.690+0000] {processor.py:830} INFO - Processing file /home/airflow/.local/lib/python3.8/site-packages/airflow/example_dags/example_sla_dag.py for tasks to queue
[2026-05-17T04:27:13.693+0000] {logging_mixin.py:188} INFO - [2026-05-17T04:27:13.693+0000] {dagbag.py:538} INFO - Filling up the DagBag from /home/airflow/.local/lib/python3.8/site-packages/airflow/example_dags/example_sla_dag.py
[2026-05-17T04:27:13.709+0000] {processor.py:840} INFO - DAG(s) 'example_sla_dag' retrieved from /home/airflow/.local/lib/python3.8/site-packages/airflow/example_dags/example_sla_dag.py
[2026-05-17T04:27:13.752+0000] {logging_mixin.py:188} INFO - [2026-05-17T04:27:13.751+0000] {dag.py:3036} INFO - Sync 1 DAGs
[2026-05-17T04:27:13.800+0000] {logging_mixin.py:188} INFO - [2026-05-17T04:27:13.800+0000] {dag.py:3823} INFO - Setting next_dagrun for example_sla_dag to 2026-05-17 04:24:00+00:00, run_after=2026-05-17 04:26:00+00:00
[2026-05-17T04:27:13.838+0000] {processor.py:183} INFO - Processing /home/airflow/.local/lib/python3.8/site-packages/airflow/example_dags/example_sla_dag.py took 0.157 seconds
[2026-05-17T04:27:44.269+0000] {processor.py:161} INFO - Started process (PID=8900) to work on /home/airflow/.local/lib/python3.8/site-packages/airflow/example_dags/example_sla_dag.py
[2026-05-17T04:27:44.270+0000] {processor.py:830} INFO - Processing file /home/airflow/.local/lib/python3.8/site-packages/airflow/example_dags/example_sla_dag.py for tasks to queue
[2026-05-17T04:27:44.274+0000] {logging_mixin.py:188} INFO - [2026-05-17T04:27:44.273+0000] {dagbag.py:538} INFO - Filling up the DagBag from /home/airflow/.local/lib/python3.8/site-packages/airflow/example_dags/example_sla_dag.py
[2026-05-17T04:27:44.290+0000] {processor.py:840} INFO - DAG(s) 'example_sla_dag' retrieved from /home/airflow/.local/lib/python3.8/site-packages/airflow/example_dags/example_sla_dag.py
[2026-05-17T04:27:44.332+0000] {logging_mixin.py:188} INFO - [2026-05-17T04:27:44.331+0000] {dag.py:3036} INFO - Sync 1 DAGs
[2026-05-17T04:27:44.380+0000] {logging_mixin.py:188} INFO - [2026-05-17T04:27:44.380+0000] {dag.py:3823} INFO - Setting next_dagrun for example_sla_dag to 2026-05-17 04:24:00+00:00, run_after=2026-05-17 04:26:00+00:00
[2026-05-17T04:27:44.415+0000] {processor.py:183} INFO - Processing /home/airflow/.local/lib/python3.8/site-packages/airflow/example_dags/example_sla_dag.py took 0.153 seconds
[2026-05-17T04:28:14.647+0000] {processor.py:161} INFO - Started process (PID=8967) to work on /home/airflow/.local/lib/python3.8/site-packages/airflow/example_dags/example_sla_dag.py
[2026-05-17T04:28:14.649+0000] {processor.py:830} INFO - Processing file /home/airflow/.local/lib/python3.8/site-packages/airflow/example_dags/example_sla_dag.py for tasks to queue
[2026-05-17T04:28:14.652+0000] {logging_mixin.py:188} INFO - [2026-05-17T04:28:14.651+0000] {dagbag.py:538} INFO - Filling up the DagBag from /home/airflow/.local/lib/python3.8/site-packages/airflow/example_dags/example_sla_dag.py
[2026-05-17T04:28:14.669+0000] {processor.py:840} INFO - DAG(s) 'example_sla_dag' retrieved from /home/airflow/.local/lib/python3.8/site-packages/airflow/example_dags/example_sla_dag.py
[2026-05-17T04:28:14.710+0000] {logging_mixin.py:188} INFO - [2026-05-17T04:28:14.710+0000] {dag.py:3036} INFO - Sync 1 DAGs
[2026-05-17T04:28:14.762+0000] {logging_mixin.py:188} INFO - [2026-05-17T04:28:14.762+0000] {dag.py:3823} INFO - Setting next_dagrun for example_sla_dag to 2026-05-17 04:26:00+00:00, run_after=2026-05-17 04:28:00+00:00
[2026-05-17T04:28:14.799+0000] {processor.py:183} INFO - Processing /home/airflow/.local/lib/python3.8/site-packages/airflow/example_dags/example_sla_dag.py took 0.157 seconds
[2026-05-17T04:28:45.687+0000] {processor.py:161} INFO - Started process (PID=9040) to work on /home/airflow/.local/lib/python3.8/site-packages/airflow/example_dags/example_sla_dag.py
[2026-05-17T04:28:45.688+0000] {processor.py:830} INFO - Processing file /home/airflow/.local/lib/python3.8/site-packages/airflow/example_dags/example_sla_dag.py for tasks to queue
[2026-05-17T04:28:45.692+0000] {logging_mixin.py:188} INFO - [2026-05-17T04:28:45.691+0000] {dagbag.py:538} INFO - Filling up the DagBag from /home/airflow/.local/lib/python3.8/site-packages/airflow/example_dags/example_sla_dag.py
[2026-05-17T04:28:45.721+0000] {processor.py:840} INFO - DAG(s) 'example_sla_dag' retrieved from /home/airflow/.local/lib/python3.8/site-packages/airflow/example_dags/example_sla_dag.py
[2026-05-17T04:28:45.761+0000] {logging_mixin.py:188} INFO - [2026-05-17T04:28:45.761+0000] {dag.py:3036} INFO - Sync 1 DAGs
[2026-05-17T04:28:45.816+0000] {logging_mixin.py:188} INFO - [2026-05-17T04:28:45.816+0000] {dag.py:3823} INFO - Setting next_dagrun for example_sla_dag to 2026-05-17 04:26:00+00:00, run_after=2026-05-17 04:28:00+00:00
[2026-05-17T04:28:45.854+0000] {processor.py:183} INFO - Processing /home/airflow/.local/lib/python3.8/site-packages/airflow/example_dags/example_sla_dag.py took 0.174 seconds
[2026-05-17T04:29:16.163+0000] {processor.py:161} INFO - Started process (PID=9107) to work on /home/airflow/.local/lib/python3.8/site-packages/airflow/example_dags/example_sla_dag.py
[2026-05-17T04:29:16.168+0000] {processor.py:830} INFO - Processing file /home/airflow/.local/lib/python3.8/site-packages/airflow/example_dags/example_sla_dag.py for tasks to queue
[2026-05-17T04:29:16.179+0000] {logging_mixin.py:188} INFO - [2026-05-17T04:29:16.176+0000] {dagbag.py:538} INFO - Filling up the DagBag from /home/airflow/.local/lib/python3.8/site-packages/airflow/example_dags/example_sla_dag.py
[2026-05-17T04:29:16.201+0000] {processor.py:840} INFO - DAG(s) 'example_sla_dag' retrieved from /home/airflow/.local/lib/python3.8/site-packages/airflow/example_dags/example_sla_dag.py
[2026-05-17T04:29:16.244+0000] {logging_mixin.py:188} INFO - [2026-05-17T04:29:16.243+0000] {dag.py:3036} INFO - Sync 1 DAGs
[2026-05-17T04:29:16.295+0000] {logging_mixin.py:188} INFO - [2026-05-17T04:29:16.295+0000] {dag.py:3823} INFO - Setting next_dagrun for example_sla_dag to 2026-05-17 04:26:00+00:00, run_after=2026-05-17 04:28:00+00:00
[2026-05-17T04:29:16.328+0000] {processor.py:183} INFO - Processing /home/airflow/.local/lib/python3.8/site-packages/airflow/example_dags/example_sla_dag.py took 0.178 seconds
[2026-05-17T04:29:46.896+0000] {processor.py:161} INFO - Started process (PID=9173) to work on /home/airflow/.local/lib/python3.8/site-packages/airflow/example_dags/example_sla_dag.py
[2026-05-17T04:29:46.897+0000] {processor.py:830} INFO - Processing file /home/airflow/.local/lib/python3.8/site-packages/airflow/example_dags/example_sla_dag.py for tasks to queue
[2026-05-17T04:29:46.900+0000] {logging_mixin.py:188} INFO - [2026-05-17T04:29:46.900+0000] {dagbag.py:538} INFO - Filling up the DagBag from /home/airflow/.local/lib/python3.8/site-packages/airflow/example_dags/example_sla_dag.py
[2026-05-17T04:29:46.914+0000] {processor.py:840} INFO - DAG(s) 'example_sla_dag' retrieved from /home/airflow/.local/lib/python3.8/site-packages/airflow/example_dags/example_sla_dag.py
[2026-05-17T04:29:46.951+0000] {logging_mixin.py:188} INFO - [2026-05-17T04:29:46.950+0000] {dag.py:3036} INFO - Sync 1 DAGs
[2026-05-17T04:29:47.003+0000] {logging_mixin.py:188} INFO - [2026-05-17T04:29:47.002+0000] {dag.py:3823} INFO - Setting next_dagrun for example_sla_dag to 2026-05-17 04:26:00+00:00, run_after=2026-05-17 04:28:00+00:00
[2026-05-17T04:29:47.036+0000] {processor.py:183} INFO - Processing /home/airflow/.local/lib/python3.8/site-packages/airflow/example_dags/example_sla_dag.py took 0.145 seconds
[2026-05-17T04:30:17.582+0000] {processor.py:161} INFO - Started process (PID=9240) to work on /home/airflow/.local/lib/python3.8/site-packages/airflow/example_dags/example_sla_dag.py
[2026-05-17T04:30:17.584+0000] {processor.py:830} INFO - Processing file /home/airflow/.local/lib/python3.8/site-packages/airflow/example_dags/example_sla_dag.py for tasks to queue
[2026-05-17T04:30:17.588+0000] {logging_mixin.py:188} INFO - [2026-05-17T04:30:17.587+0000] {dagbag.py:538} INFO - Filling up the DagBag from /home/airflow/.local/lib/python3.8/site-packages/airflow/example_dags/example_sla_dag.py
[2026-05-17T04:30:17.604+0000] {processor.py:840} INFO - DAG(s) 'example_sla_dag' retrieved from /home/airflow/.local/lib/python3.8/site-packages/airflow/example_dags/example_sla_dag.py
[2026-05-17T04:30:17.642+0000] {logging_mixin.py:188} INFO - [2026-05-17T04:30:17.642+0000] {dag.py:3036} INFO - Sync 1 DAGs
[2026-05-17T04:30:17.720+0000] {logging_mixin.py:188} INFO - [2026-05-17T04:30:17.719+0000] {dag.py:3823} INFO - Setting next_dagrun for example_sla_dag to 2026-05-17 04:28:00+00:00, run_after=2026-05-17 04:30:00+00:00
[2026-05-17T04:30:17.772+0000] {processor.py:183} INFO - Processing /home/airflow/.local/lib/python3.8/site-packages/airflow/example_dags/example_sla_dag.py took 0.195 seconds
[2026-05-17T04:30:47.949+0000] {processor.py:161} INFO - Started process (PID=9306) to work on /home/airflow/.local/lib/python3.8/site-packages/airflow/example_dags/example_sla_dag.py
[2026-05-17T04:30:47.950+0000] {processor.py:830} INFO - Processing file /home/airflow/.local/lib/python3.8/site-packages/airflow/example_dags/example_sla_dag.py for tasks to queue
[2026-05-17T04:30:47.953+0000] {logging_mixin.py:188} INFO - [2026-05-17T04:30:47.953+0000] {dagbag.py:538} INFO - Filling up the DagBag from /home/airflow/.local/lib/python3.8/site-packages/airflow/example_dags/example_sla_dag.py
[2026-05-17T04:30:47.970+0000] {processor.py:840} INFO - DAG(s) 'example_sla_dag' retrieved from /home/airflow/.local/lib/python3.8/site-packages/airflow/example_dags/example_sla_dag.py
[2026-05-17T04:30:48.006+0000] {logging_mixin.py:188} INFO - [2026-05-17T04:30:48.006+0000] {dag.py:3036} INFO - Sync 1 DAGs
[2026-05-17T04:30:48.051+0000] {logging_mixin.py:188} INFO - [2026-05-17T04:30:48.050+0000] {dag.py:3823} INFO - Setting next_dagrun for example_sla_dag to 2026-05-17 04:28:00+00:00, run_after=2026-05-17 04:30:00+00:00
[2026-05-17T04:30:48.081+0000] {processor.py:183} INFO - Processing /home/airflow/.local/lib/python3.8/site-packages/airflow/example_dags/example_sla_dag.py took 0.138 seconds
[2026-05-17T04:31:18.629+0000] {processor.py:161} INFO - Started process (PID=9372) to work on /home/airflow/.local/lib/python3.8/site-packages/airflow/example_dags/example_sla_dag.py
[2026-05-17T04:31:18.631+0000] {processor.py:830} INFO - Processing file /home/airflow/.local/lib/python3.8/site-packages/airflow/example_dags/example_sla_dag.py for tasks to queue
[2026-05-17T04:31:18.634+0000] {logging_mixin.py:188} INFO - [2026-05-17T04:31:18.633+0000] {dagbag.py:538} INFO - Filling up the DagBag from /home/airflow/.local/lib/python3.8/site-packages/airflow/example_dags/example_sla_dag.py
[2026-05-17T04:31:18.650+0000] {processor.py:840} INFO - DAG(s) 'example_sla_dag' retrieved from /home/airflow/.local/lib/python3.8/site-packages/airflow/example_dags/example_sla_dag.py
[2026-05-17T04:31:18.691+0000] {logging_mixin.py:188} INFO - [2026-05-17T04:31:18.691+0000] {dag.py:3036} INFO - Sync 1 DAGs
[2026-05-17T04:31:18.743+0000] {logging_mixin.py:188} INFO - [2026-05-17T04:31:18.742+0000] {dag.py:3823} INFO - Setting next_dagrun for example_sla_dag to 2026-05-17 04:28:00+00:00, run_after=2026-05-17 04:30:00+00:00
[2026-05-17T04:31:18.780+0000] {processor.py:183} INFO - Processing /home/airflow/.local/lib/python3.8/site-packages/airflow/example_dags/example_sla_dag.py took 0.157 seconds
