[2026-05-17T03:20:27.195+0000] {processor.py:161} INFO - Started process (PID=81) to work on /home/airflow/.local/lib/python3.8/site-packages/airflow/example_dags/example_bash_operator.py
[2026-05-17T03:20:27.197+0000] {processor.py:830} INFO - Processing file /home/airflow/.local/lib/python3.8/site-packages/airflow/example_dags/example_bash_operator.py for tasks to queue
[2026-05-17T03:20:27.204+0000] {logging_mixin.py:188} INFO - [2026-05-17T03:20:27.204+0000] {dagbag.py:538} INFO - Filling up the DagBag from /home/airflow/.local/lib/python3.8/site-packages/airflow/example_dags/example_bash_operator.py
[2026-05-17T03:20:27.284+0000] {processor.py:840} INFO - DAG(s) 'example_bash_operator' retrieved from /home/airflow/.local/lib/python3.8/site-packages/airflow/example_dags/example_bash_operator.py
[2026-05-17T03:20:27.351+0000] {logging_mixin.py:188} INFO - [2026-05-17T03:20:27.351+0000] {dag.py:3036} INFO - Sync 1 DAGs
[2026-05-17T03:20:27.483+0000] {logging_mixin.py:188} INFO - [2026-05-17T03:20:27.482+0000] {dag.py:3823} INFO - Setting next_dagrun for example_bash_operator to 2026-05-16 00:00:00+00:00, run_after=2026-05-17 00:00:00+00:00
[2026-05-17T03:20:27.581+0000] {processor.py:183} INFO - Processing /home/airflow/.local/lib/python3.8/site-packages/airflow/example_dags/example_bash_operator.py took 0.402 seconds
[2026-05-17T03:20:58.757+0000] {processor.py:161} INFO - Started process (PID=147) to work on /home/airflow/.local/lib/python3.8/site-packages/airflow/example_dags/example_bash_operator.py
[2026-05-17T03:20:58.758+0000] {processor.py:830} INFO - Processing file /home/airflow/.local/lib/python3.8/site-packages/airflow/example_dags/example_bash_operator.py for tasks to queue
[2026-05-17T03:20:58.762+0000] {logging_mixin.py:188} INFO - [2026-05-17T03:20:58.761+0000] {dagbag.py:538} INFO - Filling up the DagBag from /home/airflow/.local/lib/python3.8/site-packages/airflow/example_dags/example_bash_operator.py
[2026-05-17T03:20:58.788+0000] {processor.py:840} INFO - DAG(s) 'example_bash_operator' retrieved from /home/airflow/.local/lib/python3.8/site-packages/airflow/example_dags/example_bash_operator.py
[2026-05-17T03:20:59.027+0000] {logging_mixin.py:188} INFO - [2026-05-17T03:20:59.027+0000] {dag.py:3036} INFO - Sync 1 DAGs
[2026-05-17T03:20:59.085+0000] {logging_mixin.py:188} INFO - [2026-05-17T03:20:59.084+0000] {dag.py:3823} INFO - Setting next_dagrun for example_bash_operator to 2026-05-16 00:00:00+00:00, run_after=2026-05-17 00:00:00+00:00
[2026-05-17T03:20:59.142+0000] {processor.py:183} INFO - Processing /home/airflow/.local/lib/python3.8/site-packages/airflow/example_dags/example_bash_operator.py took 0.392 seconds
[2026-05-17T03:21:29.427+0000] {processor.py:161} INFO - Started process (PID=210) to work on /home/airflow/.local/lib/python3.8/site-packages/airflow/example_dags/example_bash_operator.py
[2026-05-17T03:21:29.428+0000] {processor.py:830} INFO - Processing file /home/airflow/.local/lib/python3.8/site-packages/airflow/example_dags/example_bash_operator.py for tasks to queue
[2026-05-17T03:21:29.431+0000] {logging_mixin.py:188} INFO - [2026-05-17T03:21:29.431+0000] {dagbag.py:538} INFO - Filling up the DagBag from /home/airflow/.local/lib/python3.8/site-packages/airflow/example_dags/example_bash_operator.py
[2026-05-17T03:21:29.450+0000] {processor.py:840} INFO - DAG(s) 'example_bash_operator' retrieved from /home/airflow/.local/lib/python3.8/site-packages/airflow/example_dags/example_bash_operator.py
[2026-05-17T03:21:29.506+0000] {logging_mixin.py:188} INFO - [2026-05-17T03:21:29.506+0000] {dag.py:3036} INFO - Sync 1 DAGs
[2026-05-17T03:21:29.544+0000] {logging_mixin.py:188} INFO - [2026-05-17T03:21:29.544+0000] {dag.py:3823} INFO - Setting next_dagrun for example_bash_operator to 2026-05-16 00:00:00+00:00, run_after=2026-05-17 00:00:00+00:00
[2026-05-17T03:21:29.572+0000] {processor.py:183} INFO - Processing /home/airflow/.local/lib/python3.8/site-packages/airflow/example_dags/example_bash_operator.py took 0.150 seconds
[2026-05-17T03:21:59.861+0000] {processor.py:161} INFO - Started process (PID=275) to work on /home/airflow/.local/lib/python3.8/site-packages/airflow/example_dags/example_bash_operator.py
[2026-05-17T03:21:59.863+0000] {processor.py:830} INFO - Processing file /home/airflow/.local/lib/python3.8/site-packages/airflow/example_dags/example_bash_operator.py for tasks to queue
[2026-05-17T03:21:59.866+0000] {logging_mixin.py:188} INFO - [2026-05-17T03:21:59.866+0000] {dagbag.py:538} INFO - Filling up the DagBag from /home/airflow/.local/lib/python3.8/site-packages/airflow/example_dags/example_bash_operator.py
[2026-05-17T03:21:59.887+0000] {processor.py:840} INFO - DAG(s) 'example_bash_operator' retrieved from /home/airflow/.local/lib/python3.8/site-packages/airflow/example_dags/example_bash_operator.py
[2026-05-17T03:21:59.945+0000] {logging_mixin.py:188} INFO - [2026-05-17T03:21:59.945+0000] {dag.py:3036} INFO - Sync 1 DAGs
[2026-05-17T03:21:59.988+0000] {logging_mixin.py:188} INFO - [2026-05-17T03:21:59.987+0000] {dag.py:3823} INFO - Setting next_dagrun for example_bash_operator to 2026-05-16 00:00:00+00:00, run_after=2026-05-17 00:00:00+00:00
[2026-05-17T03:22:00.023+0000] {processor.py:183} INFO - Processing /home/airflow/.local/lib/python3.8/site-packages/airflow/example_dags/example_bash_operator.py took 0.167 seconds
[2026-05-17T03:22:30.186+0000] {processor.py:161} INFO - Started process (PID=339) to work on /home/airflow/.local/lib/python3.8/site-packages/airflow/example_dags/example_bash_operator.py
[2026-05-17T03:22:30.188+0000] {processor.py:830} INFO - Processing file /home/airflow/.local/lib/python3.8/site-packages/airflow/example_dags/example_bash_operator.py for tasks to queue
[2026-05-17T03:22:30.191+0000] {logging_mixin.py:188} INFO - [2026-05-17T03:22:30.191+0000] {dagbag.py:538} INFO - Filling up the DagBag from /home/airflow/.local/lib/python3.8/site-packages/airflow/example_dags/example_bash_operator.py
[2026-05-17T03:22:30.212+0000] {processor.py:840} INFO - DAG(s) 'example_bash_operator' retrieved from /home/airflow/.local/lib/python3.8/site-packages/airflow/example_dags/example_bash_operator.py
[2026-05-17T03:22:30.274+0000] {logging_mixin.py:188} INFO - [2026-05-17T03:22:30.273+0000] {dag.py:3036} INFO - Sync 1 DAGs
[2026-05-17T03:22:30.316+0000] {logging_mixin.py:188} INFO - [2026-05-17T03:22:30.316+0000] {dag.py:3823} INFO - Setting next_dagrun for example_bash_operator to 2026-05-16 00:00:00+00:00, run_after=2026-05-17 00:00:00+00:00
[2026-05-17T03:22:30.350+0000] {processor.py:183} INFO - Processing /home/airflow/.local/lib/python3.8/site-packages/airflow/example_dags/example_bash_operator.py took 0.170 seconds
[2026-05-17T03:23:00.510+0000] {processor.py:161} INFO - Started process (PID=404) to work on /home/airflow/.local/lib/python3.8/site-packages/airflow/example_dags/example_bash_operator.py
[2026-05-17T03:23:00.511+0000] {processor.py:830} INFO - Processing file /home/airflow/.local/lib/python3.8/site-packages/airflow/example_dags/example_bash_operator.py for tasks to queue
[2026-05-17T03:23:00.514+0000] {logging_mixin.py:188} INFO - [2026-05-17T03:23:00.514+0000] {dagbag.py:538} INFO - Filling up the DagBag from /home/airflow/.local/lib/python3.8/site-packages/airflow/example_dags/example_bash_operator.py
[2026-05-17T03:23:00.533+0000] {processor.py:840} INFO - DAG(s) 'example_bash_operator' retrieved from /home/airflow/.local/lib/python3.8/site-packages/airflow/example_dags/example_bash_operator.py
[2026-05-17T03:23:00.587+0000] {logging_mixin.py:188} INFO - [2026-05-17T03:23:00.587+0000] {dag.py:3036} INFO - Sync 1 DAGs
[2026-05-17T03:23:00.626+0000] {logging_mixin.py:188} INFO - [2026-05-17T03:23:00.626+0000] {dag.py:3823} INFO - Setting next_dagrun for example_bash_operator to 2026-05-16 00:00:00+00:00, run_after=2026-05-17 00:00:00+00:00
[2026-05-17T03:23:00.660+0000] {processor.py:183} INFO - Processing /home/airflow/.local/lib/python3.8/site-packages/airflow/example_dags/example_bash_operator.py took 0.155 seconds
[2026-05-17T03:23:30.890+0000] {processor.py:161} INFO - Started process (PID=468) to work on /home/airflow/.local/lib/python3.8/site-packages/airflow/example_dags/example_bash_operator.py
[2026-05-17T03:23:30.892+0000] {processor.py:830} INFO - Processing file /home/airflow/.local/lib/python3.8/site-packages/airflow/example_dags/example_bash_operator.py for tasks to queue
[2026-05-17T03:23:30.894+0000] {logging_mixin.py:188} INFO - [2026-05-17T03:23:30.894+0000] {dagbag.py:538} INFO - Filling up the DagBag from /home/airflow/.local/lib/python3.8/site-packages/airflow/example_dags/example_bash_operator.py
[2026-05-17T03:23:30.912+0000] {processor.py:840} INFO - DAG(s) 'example_bash_operator' retrieved from /home/airflow/.local/lib/python3.8/site-packages/airflow/example_dags/example_bash_operator.py
[2026-05-17T03:23:30.972+0000] {logging_mixin.py:188} INFO - [2026-05-17T03:23:30.971+0000] {dag.py:3036} INFO - Sync 1 DAGs
[2026-05-17T03:23:31.013+0000] {logging_mixin.py:188} INFO - [2026-05-17T03:23:31.013+0000] {dag.py:3823} INFO - Setting next_dagrun for example_bash_operator to 2026-05-16 00:00:00+00:00, run_after=2026-05-17 00:00:00+00:00
[2026-05-17T03:23:31.047+0000] {processor.py:183} INFO - Processing /home/airflow/.local/lib/python3.8/site-packages/airflow/example_dags/example_bash_operator.py took 0.162 seconds
[2026-05-17T03:24:01.464+0000] {processor.py:161} INFO - Started process (PID=533) to work on /home/airflow/.local/lib/python3.8/site-packages/airflow/example_dags/example_bash_operator.py
[2026-05-17T03:24:01.466+0000] {processor.py:830} INFO - Processing file /home/airflow/.local/lib/python3.8/site-packages/airflow/example_dags/example_bash_operator.py for tasks to queue
[2026-05-17T03:24:01.469+0000] {logging_mixin.py:188} INFO - [2026-05-17T03:24:01.469+0000] {dagbag.py:538} INFO - Filling up the DagBag from /home/airflow/.local/lib/python3.8/site-packages/airflow/example_dags/example_bash_operator.py
[2026-05-17T03:24:01.493+0000] {processor.py:840} INFO - DAG(s) 'example_bash_operator' retrieved from /home/airflow/.local/lib/python3.8/site-packages/airflow/example_dags/example_bash_operator.py
[2026-05-17T03:24:01.557+0000] {logging_mixin.py:188} INFO - [2026-05-17T03:24:01.557+0000] {dag.py:3036} INFO - Sync 1 DAGs
[2026-05-17T03:24:01.619+0000] {logging_mixin.py:188} INFO - [2026-05-17T03:24:01.619+0000] {dag.py:3823} INFO - Setting next_dagrun for example_bash_operator to 2026-05-16 00:00:00+00:00, run_after=2026-05-17 00:00:00+00:00
[2026-05-17T03:24:01.673+0000] {processor.py:183} INFO - Processing /home/airflow/.local/lib/python3.8/site-packages/airflow/example_dags/example_bash_operator.py took 0.215 seconds
[2026-05-17T03:24:31.746+0000] {processor.py:161} INFO - Started process (PID=597) to work on /home/airflow/.local/lib/python3.8/site-packages/airflow/example_dags/example_bash_operator.py
[2026-05-17T03:24:31.748+0000] {processor.py:830} INFO - Processing file /home/airflow/.local/lib/python3.8/site-packages/airflow/example_dags/example_bash_operator.py for tasks to queue
[2026-05-17T03:24:31.750+0000] {logging_mixin.py:188} INFO - [2026-05-17T03:24:31.750+0000] {dagbag.py:538} INFO - Filling up the DagBag from /home/airflow/.local/lib/python3.8/site-packages/airflow/example_dags/example_bash_operator.py
[2026-05-17T03:24:31.768+0000] {processor.py:840} INFO - DAG(s) 'example_bash_operator' retrieved from /home/airflow/.local/lib/python3.8/site-packages/airflow/example_dags/example_bash_operator.py
[2026-05-17T03:24:31.791+0000] {logging_mixin.py:188} INFO - [2026-05-17T03:24:31.791+0000] {dag.py:3036} INFO - Sync 1 DAGs
[2026-05-17T03:24:31.829+0000] {logging_mixin.py:188} INFO - [2026-05-17T03:24:31.828+0000] {dag.py:3823} INFO - Setting next_dagrun for example_bash_operator to 2026-05-16 00:00:00+00:00, run_after=2026-05-17 00:00:00+00:00
[2026-05-17T03:24:31.861+0000] {processor.py:183} INFO - Processing /home/airflow/.local/lib/python3.8/site-packages/airflow/example_dags/example_bash_operator.py took 0.120 seconds
[2026-05-17T03:25:02.624+0000] {processor.py:161} INFO - Started process (PID=662) to work on /home/airflow/.local/lib/python3.8/site-packages/airflow/example_dags/example_bash_operator.py
[2026-05-17T03:25:02.625+0000] {processor.py:830} INFO - Processing file /home/airflow/.local/lib/python3.8/site-packages/airflow/example_dags/example_bash_operator.py for tasks to queue
[2026-05-17T03:25:02.628+0000] {logging_mixin.py:188} INFO - [2026-05-17T03:25:02.627+0000] {dagbag.py:538} INFO - Filling up the DagBag from /home/airflow/.local/lib/python3.8/site-packages/airflow/example_dags/example_bash_operator.py
[2026-05-17T03:25:02.648+0000] {processor.py:840} INFO - DAG(s) 'example_bash_operator' retrieved from /home/airflow/.local/lib/python3.8/site-packages/airflow/example_dags/example_bash_operator.py
[2026-05-17T03:25:02.870+0000] {logging_mixin.py:188} INFO - [2026-05-17T03:25:02.870+0000] {dag.py:3036} INFO - Sync 1 DAGs
[2026-05-17T03:25:02.906+0000] {logging_mixin.py:188} INFO - [2026-05-17T03:25:02.905+0000] {dag.py:3823} INFO - Setting next_dagrun for example_bash_operator to 2026-05-16 00:00:00+00:00, run_after=2026-05-17 00:00:00+00:00
[2026-05-17T03:25:02.938+0000] {processor.py:183} INFO - Processing /home/airflow/.local/lib/python3.8/site-packages/airflow/example_dags/example_bash_operator.py took 0.320 seconds
[2026-05-17T03:25:33.072+0000] {processor.py:161} INFO - Started process (PID=733) to work on /home/airflow/.local/lib/python3.8/site-packages/airflow/example_dags/example_bash_operator.py
[2026-05-17T03:25:33.074+0000] {processor.py:830} INFO - Processing file /home/airflow/.local/lib/python3.8/site-packages/airflow/example_dags/example_bash_operator.py for tasks to queue
[2026-05-17T03:25:33.077+0000] {logging_mixin.py:188} INFO - [2026-05-17T03:25:33.076+0000] {dagbag.py:538} INFO - Filling up the DagBag from /home/airflow/.local/lib/python3.8/site-packages/airflow/example_dags/example_bash_operator.py
[2026-05-17T03:25:33.099+0000] {processor.py:840} INFO - DAG(s) 'example_bash_operator' retrieved from /home/airflow/.local/lib/python3.8/site-packages/airflow/example_dags/example_bash_operator.py
[2026-05-17T03:25:33.156+0000] {logging_mixin.py:188} INFO - [2026-05-17T03:25:33.155+0000] {dag.py:3036} INFO - Sync 1 DAGs
[2026-05-17T03:25:33.199+0000] {logging_mixin.py:188} INFO - [2026-05-17T03:25:33.198+0000] {dag.py:3823} INFO - Setting next_dagrun for example_bash_operator to 2026-05-16 00:00:00+00:00, run_after=2026-05-17 00:00:00+00:00
[2026-05-17T03:25:33.249+0000] {processor.py:183} INFO - Processing /home/airflow/.local/lib/python3.8/site-packages/airflow/example_dags/example_bash_operator.py took 0.183 seconds
[2026-05-17T03:26:04.207+0000] {processor.py:161} INFO - Started process (PID=799) to work on /home/airflow/.local/lib/python3.8/site-packages/airflow/example_dags/example_bash_operator.py
[2026-05-17T03:26:04.208+0000] {processor.py:830} INFO - Processing file /home/airflow/.local/lib/python3.8/site-packages/airflow/example_dags/example_bash_operator.py for tasks to queue
[2026-05-17T03:26:04.211+0000] {logging_mixin.py:188} INFO - [2026-05-17T03:26:04.210+0000] {dagbag.py:538} INFO - Filling up the DagBag from /home/airflow/.local/lib/python3.8/site-packages/airflow/example_dags/example_bash_operator.py
[2026-05-17T03:26:04.235+0000] {processor.py:840} INFO - DAG(s) 'example_bash_operator' retrieved from /home/airflow/.local/lib/python3.8/site-packages/airflow/example_dags/example_bash_operator.py
[2026-05-17T03:26:04.297+0000] {logging_mixin.py:188} INFO - [2026-05-17T03:26:04.297+0000] {dag.py:3036} INFO - Sync 1 DAGs
[2026-05-17T03:26:04.343+0000] {logging_mixin.py:188} INFO - [2026-05-17T03:26:04.342+0000] {dag.py:3823} INFO - Setting next_dagrun for example_bash_operator to 2026-05-16 00:00:00+00:00, run_after=2026-05-17 00:00:00+00:00
[2026-05-17T03:26:04.377+0000] {processor.py:183} INFO - Processing /home/airflow/.local/lib/python3.8/site-packages/airflow/example_dags/example_bash_operator.py took 0.177 seconds
[2026-05-17T03:26:34.989+0000] {processor.py:161} INFO - Started process (PID=865) to work on /home/airflow/.local/lib/python3.8/site-packages/airflow/example_dags/example_bash_operator.py
[2026-05-17T03:26:34.992+0000] {processor.py:830} INFO - Processing file /home/airflow/.local/lib/python3.8/site-packages/airflow/example_dags/example_bash_operator.py for tasks to queue
[2026-05-17T03:26:34.994+0000] {logging_mixin.py:188} INFO - [2026-05-17T03:26:34.994+0000] {dagbag.py:538} INFO - Filling up the DagBag from /home/airflow/.local/lib/python3.8/site-packages/airflow/example_dags/example_bash_operator.py
[2026-05-17T03:26:35.015+0000] {processor.py:840} INFO - DAG(s) 'example_bash_operator' retrieved from /home/airflow/.local/lib/python3.8/site-packages/airflow/example_dags/example_bash_operator.py
[2026-05-17T03:26:35.081+0000] {logging_mixin.py:188} INFO - [2026-05-17T03:26:35.080+0000] {dag.py:3036} INFO - Sync 1 DAGs
[2026-05-17T03:26:35.120+0000] {logging_mixin.py:188} INFO - [2026-05-17T03:26:35.119+0000] {dag.py:3823} INFO - Setting next_dagrun for example_bash_operator to 2026-05-16 00:00:00+00:00, run_after=2026-05-17 00:00:00+00:00
[2026-05-17T03:26:35.150+0000] {processor.py:183} INFO - Processing /home/airflow/.local/lib/python3.8/site-packages/airflow/example_dags/example_bash_operator.py took 0.165 seconds
[2026-05-17T03:27:05.995+0000] {processor.py:161} INFO - Started process (PID=930) to work on /home/airflow/.local/lib/python3.8/site-packages/airflow/example_dags/example_bash_operator.py
[2026-05-17T03:27:05.996+0000] {processor.py:830} INFO - Processing file /home/airflow/.local/lib/python3.8/site-packages/airflow/example_dags/example_bash_operator.py for tasks to queue
[2026-05-17T03:27:05.999+0000] {logging_mixin.py:188} INFO - [2026-05-17T03:27:05.999+0000] {dagbag.py:538} INFO - Filling up the DagBag from /home/airflow/.local/lib/python3.8/site-packages/airflow/example_dags/example_bash_operator.py
[2026-05-17T03:27:06.022+0000] {processor.py:840} INFO - DAG(s) 'example_bash_operator' retrieved from /home/airflow/.local/lib/python3.8/site-packages/airflow/example_dags/example_bash_operator.py
[2026-05-17T03:27:06.088+0000] {logging_mixin.py:188} INFO - [2026-05-17T03:27:06.088+0000] {dag.py:3036} INFO - Sync 1 DAGs
[2026-05-17T03:27:06.158+0000] {logging_mixin.py:188} INFO - [2026-05-17T03:27:06.158+0000] {dag.py:3823} INFO - Setting next_dagrun for example_bash_operator to 2026-05-16 00:00:00+00:00, run_after=2026-05-17 00:00:00+00:00
[2026-05-17T03:27:06.198+0000] {processor.py:183} INFO - Processing /home/airflow/.local/lib/python3.8/site-packages/airflow/example_dags/example_bash_operator.py took 0.210 seconds
[2026-05-17T03:27:36.518+0000] {processor.py:161} INFO - Started process (PID=995) to work on /home/airflow/.local/lib/python3.8/site-packages/airflow/example_dags/example_bash_operator.py
[2026-05-17T03:27:36.519+0000] {processor.py:830} INFO - Processing file /home/airflow/.local/lib/python3.8/site-packages/airflow/example_dags/example_bash_operator.py for tasks to queue
[2026-05-17T03:27:36.522+0000] {logging_mixin.py:188} INFO - [2026-05-17T03:27:36.522+0000] {dagbag.py:538} INFO - Filling up the DagBag from /home/airflow/.local/lib/python3.8/site-packages/airflow/example_dags/example_bash_operator.py
[2026-05-17T03:27:36.541+0000] {processor.py:840} INFO - DAG(s) 'example_bash_operator' retrieved from /home/airflow/.local/lib/python3.8/site-packages/airflow/example_dags/example_bash_operator.py
[2026-05-17T03:27:36.632+0000] {logging_mixin.py:188} INFO - [2026-05-17T03:27:36.631+0000] {dag.py:3036} INFO - Sync 1 DAGs
[2026-05-17T03:27:36.682+0000] {logging_mixin.py:188} INFO - [2026-05-17T03:27:36.682+0000] {dag.py:3823} INFO - Setting next_dagrun for example_bash_operator to 2026-05-16 00:00:00+00:00, run_after=2026-05-17 00:00:00+00:00
[2026-05-17T03:27:36.713+0000] {processor.py:183} INFO - Processing /home/airflow/.local/lib/python3.8/site-packages/airflow/example_dags/example_bash_operator.py took 0.200 seconds
[2026-05-17T03:28:07.264+0000] {processor.py:161} INFO - Started process (PID=1060) to work on /home/airflow/.local/lib/python3.8/site-packages/airflow/example_dags/example_bash_operator.py
[2026-05-17T03:28:07.266+0000] {processor.py:830} INFO - Processing file /home/airflow/.local/lib/python3.8/site-packages/airflow/example_dags/example_bash_operator.py for tasks to queue
[2026-05-17T03:28:07.268+0000] {logging_mixin.py:188} INFO - [2026-05-17T03:28:07.268+0000] {dagbag.py:538} INFO - Filling up the DagBag from /home/airflow/.local/lib/python3.8/site-packages/airflow/example_dags/example_bash_operator.py
[2026-05-17T03:28:07.286+0000] {processor.py:840} INFO - DAG(s) 'example_bash_operator' retrieved from /home/airflow/.local/lib/python3.8/site-packages/airflow/example_dags/example_bash_operator.py
[2026-05-17T03:28:07.345+0000] {logging_mixin.py:188} INFO - [2026-05-17T03:28:07.344+0000] {dag.py:3036} INFO - Sync 1 DAGs
[2026-05-17T03:28:07.389+0000] {logging_mixin.py:188} INFO - [2026-05-17T03:28:07.388+0000] {dag.py:3823} INFO - Setting next_dagrun for example_bash_operator to 2026-05-16 00:00:00+00:00, run_after=2026-05-17 00:00:00+00:00
[2026-05-17T03:28:07.422+0000] {processor.py:183} INFO - Processing /home/airflow/.local/lib/python3.8/site-packages/airflow/example_dags/example_bash_operator.py took 0.162 seconds
[2026-05-17T03:28:37.641+0000] {processor.py:161} INFO - Started process (PID=1124) to work on /home/airflow/.local/lib/python3.8/site-packages/airflow/example_dags/example_bash_operator.py
[2026-05-17T03:28:37.643+0000] {processor.py:830} INFO - Processing file /home/airflow/.local/lib/python3.8/site-packages/airflow/example_dags/example_bash_operator.py for tasks to queue
[2026-05-17T03:28:37.646+0000] {logging_mixin.py:188} INFO - [2026-05-17T03:28:37.646+0000] {dagbag.py:538} INFO - Filling up the DagBag from /home/airflow/.local/lib/python3.8/site-packages/airflow/example_dags/example_bash_operator.py
[2026-05-17T03:28:37.664+0000] {processor.py:840} INFO - DAG(s) 'example_bash_operator' retrieved from /home/airflow/.local/lib/python3.8/site-packages/airflow/example_dags/example_bash_operator.py
[2026-05-17T03:28:37.726+0000] {logging_mixin.py:188} INFO - [2026-05-17T03:28:37.726+0000] {dag.py:3036} INFO - Sync 1 DAGs
[2026-05-17T03:28:37.770+0000] {logging_mixin.py:188} INFO - [2026-05-17T03:28:37.770+0000] {dag.py:3823} INFO - Setting next_dagrun for example_bash_operator to 2026-05-16 00:00:00+00:00, run_after=2026-05-17 00:00:00+00:00
[2026-05-17T03:28:37.802+0000] {processor.py:183} INFO - Processing /home/airflow/.local/lib/python3.8/site-packages/airflow/example_dags/example_bash_operator.py took 0.167 seconds
[2026-05-17T03:29:07.920+0000] {processor.py:161} INFO - Started process (PID=1190) to work on /home/airflow/.local/lib/python3.8/site-packages/airflow/example_dags/example_bash_operator.py
[2026-05-17T03:29:07.922+0000] {processor.py:830} INFO - Processing file /home/airflow/.local/lib/python3.8/site-packages/airflow/example_dags/example_bash_operator.py for tasks to queue
[2026-05-17T03:29:07.926+0000] {logging_mixin.py:188} INFO - [2026-05-17T03:29:07.925+0000] {dagbag.py:538} INFO - Filling up the DagBag from /home/airflow/.local/lib/python3.8/site-packages/airflow/example_dags/example_bash_operator.py
[2026-05-17T03:29:07.949+0000] {processor.py:840} INFO - DAG(s) 'example_bash_operator' retrieved from /home/airflow/.local/lib/python3.8/site-packages/airflow/example_dags/example_bash_operator.py
[2026-05-17T03:29:08.027+0000] {logging_mixin.py:188} INFO - [2026-05-17T03:29:08.027+0000] {dag.py:3036} INFO - Sync 1 DAGs
[2026-05-17T03:29:08.072+0000] {logging_mixin.py:188} INFO - [2026-05-17T03:29:08.072+0000] {dag.py:3823} INFO - Setting next_dagrun for example_bash_operator to 2026-05-16 00:00:00+00:00, run_after=2026-05-17 00:00:00+00:00
[2026-05-17T03:29:08.105+0000] {processor.py:183} INFO - Processing /home/airflow/.local/lib/python3.8/site-packages/airflow/example_dags/example_bash_operator.py took 0.190 seconds
[2026-05-17T03:29:38.220+0000] {processor.py:161} INFO - Started process (PID=1256) to work on /home/airflow/.local/lib/python3.8/site-packages/airflow/example_dags/example_bash_operator.py
[2026-05-17T03:29:38.222+0000] {processor.py:830} INFO - Processing file /home/airflow/.local/lib/python3.8/site-packages/airflow/example_dags/example_bash_operator.py for tasks to queue
[2026-05-17T03:29:38.224+0000] {logging_mixin.py:188} INFO - [2026-05-17T03:29:38.224+0000] {dagbag.py:538} INFO - Filling up the DagBag from /home/airflow/.local/lib/python3.8/site-packages/airflow/example_dags/example_bash_operator.py
[2026-05-17T03:29:38.243+0000] {processor.py:840} INFO - DAG(s) 'example_bash_operator' retrieved from /home/airflow/.local/lib/python3.8/site-packages/airflow/example_dags/example_bash_operator.py
[2026-05-17T03:29:38.300+0000] {logging_mixin.py:188} INFO - [2026-05-17T03:29:38.300+0000] {dag.py:3036} INFO - Sync 1 DAGs
[2026-05-17T03:29:38.337+0000] {logging_mixin.py:188} INFO - [2026-05-17T03:29:38.337+0000] {dag.py:3823} INFO - Setting next_dagrun for example_bash_operator to 2026-05-16 00:00:00+00:00, run_after=2026-05-17 00:00:00+00:00
[2026-05-17T03:29:38.365+0000] {processor.py:183} INFO - Processing /home/airflow/.local/lib/python3.8/site-packages/airflow/example_dags/example_bash_operator.py took 0.151 seconds
[2026-05-17T03:30:08.711+0000] {processor.py:161} INFO - Started process (PID=1321) to work on /home/airflow/.local/lib/python3.8/site-packages/airflow/example_dags/example_bash_operator.py
[2026-05-17T03:30:08.713+0000] {processor.py:830} INFO - Processing file /home/airflow/.local/lib/python3.8/site-packages/airflow/example_dags/example_bash_operator.py for tasks to queue
[2026-05-17T03:30:08.716+0000] {logging_mixin.py:188} INFO - [2026-05-17T03:30:08.716+0000] {dagbag.py:538} INFO - Filling up the DagBag from /home/airflow/.local/lib/python3.8/site-packages/airflow/example_dags/example_bash_operator.py
[2026-05-17T03:30:08.737+0000] {processor.py:840} INFO - DAG(s) 'example_bash_operator' retrieved from /home/airflow/.local/lib/python3.8/site-packages/airflow/example_dags/example_bash_operator.py
[2026-05-17T03:30:08.796+0000] {logging_mixin.py:188} INFO - [2026-05-17T03:30:08.796+0000] {dag.py:3036} INFO - Sync 1 DAGs
[2026-05-17T03:30:08.837+0000] {logging_mixin.py:188} INFO - [2026-05-17T03:30:08.836+0000] {dag.py:3823} INFO - Setting next_dagrun for example_bash_operator to 2026-05-16 00:00:00+00:00, run_after=2026-05-17 00:00:00+00:00
[2026-05-17T03:30:08.869+0000] {processor.py:183} INFO - Processing /home/airflow/.local/lib/python3.8/site-packages/airflow/example_dags/example_bash_operator.py took 0.163 seconds
[2026-05-17T03:30:38.949+0000] {processor.py:161} INFO - Started process (PID=1386) to work on /home/airflow/.local/lib/python3.8/site-packages/airflow/example_dags/example_bash_operator.py
[2026-05-17T03:30:38.951+0000] {processor.py:830} INFO - Processing file /home/airflow/.local/lib/python3.8/site-packages/airflow/example_dags/example_bash_operator.py for tasks to queue
[2026-05-17T03:30:38.954+0000] {logging_mixin.py:188} INFO - [2026-05-17T03:30:38.953+0000] {dagbag.py:538} INFO - Filling up the DagBag from /home/airflow/.local/lib/python3.8/site-packages/airflow/example_dags/example_bash_operator.py
[2026-05-17T03:30:38.974+0000] {processor.py:840} INFO - DAG(s) 'example_bash_operator' retrieved from /home/airflow/.local/lib/python3.8/site-packages/airflow/example_dags/example_bash_operator.py
[2026-05-17T03:30:39.032+0000] {logging_mixin.py:188} INFO - [2026-05-17T03:30:39.032+0000] {dag.py:3036} INFO - Sync 1 DAGs
[2026-05-17T03:30:39.076+0000] {logging_mixin.py:188} INFO - [2026-05-17T03:30:39.075+0000] {dag.py:3823} INFO - Setting next_dagrun for example_bash_operator to 2026-05-16 00:00:00+00:00, run_after=2026-05-17 00:00:00+00:00
[2026-05-17T03:30:39.108+0000] {processor.py:183} INFO - Processing /home/airflow/.local/lib/python3.8/site-packages/airflow/example_dags/example_bash_operator.py took 0.164 seconds
[2026-05-17T03:31:09.693+0000] {processor.py:161} INFO - Started process (PID=1462) to work on /home/airflow/.local/lib/python3.8/site-packages/airflow/example_dags/example_bash_operator.py
[2026-05-17T03:31:09.695+0000] {processor.py:830} INFO - Processing file /home/airflow/.local/lib/python3.8/site-packages/airflow/example_dags/example_bash_operator.py for tasks to queue
[2026-05-17T03:31:09.698+0000] {logging_mixin.py:188} INFO - [2026-05-17T03:31:09.697+0000] {dagbag.py:538} INFO - Filling up the DagBag from /home/airflow/.local/lib/python3.8/site-packages/airflow/example_dags/example_bash_operator.py
[2026-05-17T03:31:09.722+0000] {processor.py:840} INFO - DAG(s) 'example_bash_operator' retrieved from /home/airflow/.local/lib/python3.8/site-packages/airflow/example_dags/example_bash_operator.py
[2026-05-17T03:31:09.788+0000] {logging_mixin.py:188} INFO - [2026-05-17T03:31:09.787+0000] {dag.py:3036} INFO - Sync 1 DAGs
[2026-05-17T03:31:09.841+0000] {logging_mixin.py:188} INFO - [2026-05-17T03:31:09.841+0000] {dag.py:3823} INFO - Setting next_dagrun for example_bash_operator to 2026-05-16 00:00:00+00:00, run_after=2026-05-17 00:00:00+00:00
[2026-05-17T03:31:09.907+0000] {processor.py:183} INFO - Processing /home/airflow/.local/lib/python3.8/site-packages/airflow/example_dags/example_bash_operator.py took 0.220 seconds
[2026-05-17T03:31:40.187+0000] {processor.py:161} INFO - Started process (PID=1528) to work on /home/airflow/.local/lib/python3.8/site-packages/airflow/example_dags/example_bash_operator.py
[2026-05-17T03:31:40.189+0000] {processor.py:830} INFO - Processing file /home/airflow/.local/lib/python3.8/site-packages/airflow/example_dags/example_bash_operator.py for tasks to queue
[2026-05-17T03:31:40.192+0000] {logging_mixin.py:188} INFO - [2026-05-17T03:31:40.191+0000] {dagbag.py:538} INFO - Filling up the DagBag from /home/airflow/.local/lib/python3.8/site-packages/airflow/example_dags/example_bash_operator.py
[2026-05-17T03:31:40.216+0000] {processor.py:840} INFO - DAG(s) 'example_bash_operator' retrieved from /home/airflow/.local/lib/python3.8/site-packages/airflow/example_dags/example_bash_operator.py
[2026-05-17T03:31:40.282+0000] {logging_mixin.py:188} INFO - [2026-05-17T03:31:40.281+0000] {dag.py:3036} INFO - Sync 1 DAGs
[2026-05-17T03:31:40.331+0000] {logging_mixin.py:188} INFO - [2026-05-17T03:31:40.331+0000] {dag.py:3823} INFO - Setting next_dagrun for example_bash_operator to 2026-05-16 00:00:00+00:00, run_after=2026-05-17 00:00:00+00:00
[2026-05-17T03:31:40.393+0000] {processor.py:183} INFO - Processing /home/airflow/.local/lib/python3.8/site-packages/airflow/example_dags/example_bash_operator.py took 0.212 seconds
[2026-05-17T03:32:10.747+0000] {processor.py:161} INFO - Started process (PID=1593) to work on /home/airflow/.local/lib/python3.8/site-packages/airflow/example_dags/example_bash_operator.py
[2026-05-17T03:32:10.749+0000] {processor.py:830} INFO - Processing file /home/airflow/.local/lib/python3.8/site-packages/airflow/example_dags/example_bash_operator.py for tasks to queue
[2026-05-17T03:32:10.752+0000] {logging_mixin.py:188} INFO - [2026-05-17T03:32:10.752+0000] {dagbag.py:538} INFO - Filling up the DagBag from /home/airflow/.local/lib/python3.8/site-packages/airflow/example_dags/example_bash_operator.py
[2026-05-17T03:32:10.777+0000] {processor.py:840} INFO - DAG(s) 'example_bash_operator' retrieved from /home/airflow/.local/lib/python3.8/site-packages/airflow/example_dags/example_bash_operator.py
[2026-05-17T03:32:10.846+0000] {logging_mixin.py:188} INFO - [2026-05-17T03:32:10.846+0000] {dag.py:3036} INFO - Sync 1 DAGs
[2026-05-17T03:32:10.895+0000] {logging_mixin.py:188} INFO - [2026-05-17T03:32:10.894+0000] {dag.py:3823} INFO - Setting next_dagrun for example_bash_operator to 2026-05-16 00:00:00+00:00, run_after=2026-05-17 00:00:00+00:00
[2026-05-17T03:32:10.943+0000] {processor.py:183} INFO - Processing /home/airflow/.local/lib/python3.8/site-packages/airflow/example_dags/example_bash_operator.py took 0.202 seconds
[2026-05-17T03:32:41.268+0000] {processor.py:161} INFO - Started process (PID=1657) to work on /home/airflow/.local/lib/python3.8/site-packages/airflow/example_dags/example_bash_operator.py
[2026-05-17T03:32:41.271+0000] {processor.py:830} INFO - Processing file /home/airflow/.local/lib/python3.8/site-packages/airflow/example_dags/example_bash_operator.py for tasks to queue
[2026-05-17T03:32:41.273+0000] {logging_mixin.py:188} INFO - [2026-05-17T03:32:41.273+0000] {dagbag.py:538} INFO - Filling up the DagBag from /home/airflow/.local/lib/python3.8/site-packages/airflow/example_dags/example_bash_operator.py
[2026-05-17T03:32:41.294+0000] {processor.py:840} INFO - DAG(s) 'example_bash_operator' retrieved from /home/airflow/.local/lib/python3.8/site-packages/airflow/example_dags/example_bash_operator.py
[2026-05-17T03:32:41.360+0000] {logging_mixin.py:188} INFO - [2026-05-17T03:32:41.359+0000] {dag.py:3036} INFO - Sync 1 DAGs
[2026-05-17T03:32:41.407+0000] {logging_mixin.py:188} INFO - [2026-05-17T03:32:41.406+0000] {dag.py:3823} INFO - Setting next_dagrun for example_bash_operator to 2026-05-16 00:00:00+00:00, run_after=2026-05-17 00:00:00+00:00
[2026-05-17T03:32:41.450+0000] {processor.py:183} INFO - Processing /home/airflow/.local/lib/python3.8/site-packages/airflow/example_dags/example_bash_operator.py took 0.187 seconds
[2026-05-17T03:33:11.567+0000] {processor.py:161} INFO - Started process (PID=1721) to work on /home/airflow/.local/lib/python3.8/site-packages/airflow/example_dags/example_bash_operator.py
[2026-05-17T03:33:11.569+0000] {processor.py:830} INFO - Processing file /home/airflow/.local/lib/python3.8/site-packages/airflow/example_dags/example_bash_operator.py for tasks to queue
[2026-05-17T03:33:11.571+0000] {logging_mixin.py:188} INFO - [2026-05-17T03:33:11.571+0000] {dagbag.py:538} INFO - Filling up the DagBag from /home/airflow/.local/lib/python3.8/site-packages/airflow/example_dags/example_bash_operator.py
[2026-05-17T03:33:11.592+0000] {processor.py:840} INFO - DAG(s) 'example_bash_operator' retrieved from /home/airflow/.local/lib/python3.8/site-packages/airflow/example_dags/example_bash_operator.py
[2026-05-17T03:33:11.653+0000] {logging_mixin.py:188} INFO - [2026-05-17T03:33:11.652+0000] {dag.py:3036} INFO - Sync 1 DAGs
[2026-05-17T03:33:11.695+0000] {logging_mixin.py:188} INFO - [2026-05-17T03:33:11.695+0000] {dag.py:3823} INFO - Setting next_dagrun for example_bash_operator to 2026-05-16 00:00:00+00:00, run_after=2026-05-17 00:00:00+00:00
[2026-05-17T03:33:11.733+0000] {processor.py:183} INFO - Processing /home/airflow/.local/lib/python3.8/site-packages/airflow/example_dags/example_bash_operator.py took 0.171 seconds
[2026-05-17T03:33:41.844+0000] {processor.py:161} INFO - Started process (PID=1786) to work on /home/airflow/.local/lib/python3.8/site-packages/airflow/example_dags/example_bash_operator.py
[2026-05-17T03:33:41.846+0000] {processor.py:830} INFO - Processing file /home/airflow/.local/lib/python3.8/site-packages/airflow/example_dags/example_bash_operator.py for tasks to queue
[2026-05-17T03:33:41.849+0000] {logging_mixin.py:188} INFO - [2026-05-17T03:33:41.848+0000] {dagbag.py:538} INFO - Filling up the DagBag from /home/airflow/.local/lib/python3.8/site-packages/airflow/example_dags/example_bash_operator.py
[2026-05-17T03:33:41.867+0000] {processor.py:840} INFO - DAG(s) 'example_bash_operator' retrieved from /home/airflow/.local/lib/python3.8/site-packages/airflow/example_dags/example_bash_operator.py
[2026-05-17T03:33:41.923+0000] {logging_mixin.py:188} INFO - [2026-05-17T03:33:41.923+0000] {dag.py:3036} INFO - Sync 1 DAGs
[2026-05-17T03:33:41.962+0000] {logging_mixin.py:188} INFO - [2026-05-17T03:33:41.962+0000] {dag.py:3823} INFO - Setting next_dagrun for example_bash_operator to 2026-05-16 00:00:00+00:00, run_after=2026-05-17 00:00:00+00:00
[2026-05-17T03:33:41.990+0000] {processor.py:183} INFO - Processing /home/airflow/.local/lib/python3.8/site-packages/airflow/example_dags/example_bash_operator.py took 0.152 seconds
[2026-05-17T03:34:12.239+0000] {processor.py:161} INFO - Started process (PID=1851) to work on /home/airflow/.local/lib/python3.8/site-packages/airflow/example_dags/example_bash_operator.py
[2026-05-17T03:34:12.240+0000] {processor.py:830} INFO - Processing file /home/airflow/.local/lib/python3.8/site-packages/airflow/example_dags/example_bash_operator.py for tasks to queue
[2026-05-17T03:34:12.243+0000] {logging_mixin.py:188} INFO - [2026-05-17T03:34:12.242+0000] {dagbag.py:538} INFO - Filling up the DagBag from /home/airflow/.local/lib/python3.8/site-packages/airflow/example_dags/example_bash_operator.py
[2026-05-17T03:34:12.262+0000] {processor.py:840} INFO - DAG(s) 'example_bash_operator' retrieved from /home/airflow/.local/lib/python3.8/site-packages/airflow/example_dags/example_bash_operator.py
[2026-05-17T03:34:12.318+0000] {logging_mixin.py:188} INFO - [2026-05-17T03:34:12.317+0000] {dag.py:3036} INFO - Sync 1 DAGs
[2026-05-17T03:34:12.355+0000] {logging_mixin.py:188} INFO - [2026-05-17T03:34:12.355+0000] {dag.py:3823} INFO - Setting next_dagrun for example_bash_operator to 2026-05-16 00:00:00+00:00, run_after=2026-05-17 00:00:00+00:00
[2026-05-17T03:34:12.385+0000] {processor.py:183} INFO - Processing /home/airflow/.local/lib/python3.8/site-packages/airflow/example_dags/example_bash_operator.py took 0.151 seconds
[2026-05-17T03:34:42.577+0000] {processor.py:161} INFO - Started process (PID=1916) to work on /home/airflow/.local/lib/python3.8/site-packages/airflow/example_dags/example_bash_operator.py
[2026-05-17T03:34:42.579+0000] {processor.py:830} INFO - Processing file /home/airflow/.local/lib/python3.8/site-packages/airflow/example_dags/example_bash_operator.py for tasks to queue
[2026-05-17T03:34:42.581+0000] {logging_mixin.py:188} INFO - [2026-05-17T03:34:42.581+0000] {dagbag.py:538} INFO - Filling up the DagBag from /home/airflow/.local/lib/python3.8/site-packages/airflow/example_dags/example_bash_operator.py
[2026-05-17T03:34:42.599+0000] {processor.py:840} INFO - DAG(s) 'example_bash_operator' retrieved from /home/airflow/.local/lib/python3.8/site-packages/airflow/example_dags/example_bash_operator.py
[2026-05-17T03:34:42.653+0000] {logging_mixin.py:188} INFO - [2026-05-17T03:34:42.653+0000] {dag.py:3036} INFO - Sync 1 DAGs
[2026-05-17T03:34:42.695+0000] {logging_mixin.py:188} INFO - [2026-05-17T03:34:42.695+0000] {dag.py:3823} INFO - Setting next_dagrun for example_bash_operator to 2026-05-16 00:00:00+00:00, run_after=2026-05-17 00:00:00+00:00
[2026-05-17T03:34:42.727+0000] {processor.py:183} INFO - Processing /home/airflow/.local/lib/python3.8/site-packages/airflow/example_dags/example_bash_operator.py took 0.156 seconds
[2026-05-17T03:35:12.904+0000] {processor.py:161} INFO - Started process (PID=1981) to work on /home/airflow/.local/lib/python3.8/site-packages/airflow/example_dags/example_bash_operator.py
[2026-05-17T03:35:12.905+0000] {processor.py:830} INFO - Processing file /home/airflow/.local/lib/python3.8/site-packages/airflow/example_dags/example_bash_operator.py for tasks to queue
[2026-05-17T03:35:12.908+0000] {logging_mixin.py:188} INFO - [2026-05-17T03:35:12.907+0000] {dagbag.py:538} INFO - Filling up the DagBag from /home/airflow/.local/lib/python3.8/site-packages/airflow/example_dags/example_bash_operator.py
[2026-05-17T03:35:12.929+0000] {processor.py:840} INFO - DAG(s) 'example_bash_operator' retrieved from /home/airflow/.local/lib/python3.8/site-packages/airflow/example_dags/example_bash_operator.py
[2026-05-17T03:35:12.988+0000] {logging_mixin.py:188} INFO - [2026-05-17T03:35:12.988+0000] {dag.py:3036} INFO - Sync 1 DAGs
[2026-05-17T03:35:13.029+0000] {logging_mixin.py:188} INFO - [2026-05-17T03:35:13.028+0000] {dag.py:3823} INFO - Setting next_dagrun for example_bash_operator to 2026-05-16 00:00:00+00:00, run_after=2026-05-17 00:00:00+00:00
[2026-05-17T03:35:13.063+0000] {processor.py:183} INFO - Processing /home/airflow/.local/lib/python3.8/site-packages/airflow/example_dags/example_bash_operator.py took 0.165 seconds
[2026-05-17T03:35:43.482+0000] {processor.py:161} INFO - Started process (PID=2047) to work on /home/airflow/.local/lib/python3.8/site-packages/airflow/example_dags/example_bash_operator.py
[2026-05-17T03:35:43.484+0000] {processor.py:830} INFO - Processing file /home/airflow/.local/lib/python3.8/site-packages/airflow/example_dags/example_bash_operator.py for tasks to queue
[2026-05-17T03:35:43.486+0000] {logging_mixin.py:188} INFO - [2026-05-17T03:35:43.486+0000] {dagbag.py:538} INFO - Filling up the DagBag from /home/airflow/.local/lib/python3.8/site-packages/airflow/example_dags/example_bash_operator.py
[2026-05-17T03:35:43.507+0000] {processor.py:840} INFO - DAG(s) 'example_bash_operator' retrieved from /home/airflow/.local/lib/python3.8/site-packages/airflow/example_dags/example_bash_operator.py
[2026-05-17T03:35:43.571+0000] {logging_mixin.py:188} INFO - [2026-05-17T03:35:43.570+0000] {dag.py:3036} INFO - Sync 1 DAGs
[2026-05-17T03:35:43.617+0000] {logging_mixin.py:188} INFO - [2026-05-17T03:35:43.617+0000] {dag.py:3823} INFO - Setting next_dagrun for example_bash_operator to 2026-05-16 00:00:00+00:00, run_after=2026-05-17 00:00:00+00:00
[2026-05-17T03:35:43.650+0000] {processor.py:183} INFO - Processing /home/airflow/.local/lib/python3.8/site-packages/airflow/example_dags/example_bash_operator.py took 0.173 seconds
[2026-05-17T03:36:14.022+0000] {processor.py:161} INFO - Started process (PID=2112) to work on /home/airflow/.local/lib/python3.8/site-packages/airflow/example_dags/example_bash_operator.py
[2026-05-17T03:36:14.023+0000] {processor.py:830} INFO - Processing file /home/airflow/.local/lib/python3.8/site-packages/airflow/example_dags/example_bash_operator.py for tasks to queue
[2026-05-17T03:36:14.026+0000] {logging_mixin.py:188} INFO - [2026-05-17T03:36:14.025+0000] {dagbag.py:538} INFO - Filling up the DagBag from /home/airflow/.local/lib/python3.8/site-packages/airflow/example_dags/example_bash_operator.py
[2026-05-17T03:36:14.045+0000] {processor.py:840} INFO - DAG(s) 'example_bash_operator' retrieved from /home/airflow/.local/lib/python3.8/site-packages/airflow/example_dags/example_bash_operator.py
[2026-05-17T03:36:14.098+0000] {logging_mixin.py:188} INFO - [2026-05-17T03:36:14.097+0000] {dag.py:3036} INFO - Sync 1 DAGs
[2026-05-17T03:36:14.136+0000] {logging_mixin.py:188} INFO - [2026-05-17T03:36:14.136+0000] {dag.py:3823} INFO - Setting next_dagrun for example_bash_operator to 2026-05-16 00:00:00+00:00, run_after=2026-05-17 00:00:00+00:00
[2026-05-17T03:36:14.165+0000] {processor.py:183} INFO - Processing /home/airflow/.local/lib/python3.8/site-packages/airflow/example_dags/example_bash_operator.py took 0.148 seconds
[2026-05-17T03:36:44.868+0000] {processor.py:161} INFO - Started process (PID=2186) to work on /home/airflow/.local/lib/python3.8/site-packages/airflow/example_dags/example_bash_operator.py
[2026-05-17T03:36:44.871+0000] {processor.py:830} INFO - Processing file /home/airflow/.local/lib/python3.8/site-packages/airflow/example_dags/example_bash_operator.py for tasks to queue
[2026-05-17T03:36:44.873+0000] {logging_mixin.py:188} INFO - [2026-05-17T03:36:44.873+0000] {dagbag.py:538} INFO - Filling up the DagBag from /home/airflow/.local/lib/python3.8/site-packages/airflow/example_dags/example_bash_operator.py
[2026-05-17T03:36:44.895+0000] {processor.py:840} INFO - DAG(s) 'example_bash_operator' retrieved from /home/airflow/.local/lib/python3.8/site-packages/airflow/example_dags/example_bash_operator.py
[2026-05-17T03:36:44.959+0000] {logging_mixin.py:188} INFO - [2026-05-17T03:36:44.958+0000] {dag.py:3036} INFO - Sync 1 DAGs
[2026-05-17T03:36:45.006+0000] {logging_mixin.py:188} INFO - [2026-05-17T03:36:45.006+0000] {dag.py:3823} INFO - Setting next_dagrun for example_bash_operator to 2026-05-16 00:00:00+00:00, run_after=2026-05-17 00:00:00+00:00
[2026-05-17T03:36:45.038+0000] {processor.py:183} INFO - Processing /home/airflow/.local/lib/python3.8/site-packages/airflow/example_dags/example_bash_operator.py took 0.174 seconds
[2026-05-17T03:37:15.094+0000] {processor.py:161} INFO - Started process (PID=2252) to work on /home/airflow/.local/lib/python3.8/site-packages/airflow/example_dags/example_bash_operator.py
[2026-05-17T03:37:15.095+0000] {processor.py:830} INFO - Processing file /home/airflow/.local/lib/python3.8/site-packages/airflow/example_dags/example_bash_operator.py for tasks to queue
[2026-05-17T03:37:15.098+0000] {logging_mixin.py:188} INFO - [2026-05-17T03:37:15.098+0000] {dagbag.py:538} INFO - Filling up the DagBag from /home/airflow/.local/lib/python3.8/site-packages/airflow/example_dags/example_bash_operator.py
[2026-05-17T03:37:15.120+0000] {processor.py:840} INFO - DAG(s) 'example_bash_operator' retrieved from /home/airflow/.local/lib/python3.8/site-packages/airflow/example_dags/example_bash_operator.py
[2026-05-17T03:37:15.181+0000] {logging_mixin.py:188} INFO - [2026-05-17T03:37:15.180+0000] {dag.py:3036} INFO - Sync 1 DAGs
[2026-05-17T03:37:15.227+0000] {logging_mixin.py:188} INFO - [2026-05-17T03:37:15.227+0000] {dag.py:3823} INFO - Setting next_dagrun for example_bash_operator to 2026-05-16 00:00:00+00:00, run_after=2026-05-17 00:00:00+00:00
[2026-05-17T03:37:15.264+0000] {processor.py:183} INFO - Processing /home/airflow/.local/lib/python3.8/site-packages/airflow/example_dags/example_bash_operator.py took 0.176 seconds
[2026-05-17T03:37:45.584+0000] {processor.py:161} INFO - Started process (PID=2317) to work on /home/airflow/.local/lib/python3.8/site-packages/airflow/example_dags/example_bash_operator.py
[2026-05-17T03:37:45.586+0000] {processor.py:830} INFO - Processing file /home/airflow/.local/lib/python3.8/site-packages/airflow/example_dags/example_bash_operator.py for tasks to queue
[2026-05-17T03:37:45.589+0000] {logging_mixin.py:188} INFO - [2026-05-17T03:37:45.588+0000] {dagbag.py:538} INFO - Filling up the DagBag from /home/airflow/.local/lib/python3.8/site-packages/airflow/example_dags/example_bash_operator.py
[2026-05-17T03:37:45.611+0000] {processor.py:840} INFO - DAG(s) 'example_bash_operator' retrieved from /home/airflow/.local/lib/python3.8/site-packages/airflow/example_dags/example_bash_operator.py
[2026-05-17T03:37:45.676+0000] {logging_mixin.py:188} INFO - [2026-05-17T03:37:45.676+0000] {dag.py:3036} INFO - Sync 1 DAGs
[2026-05-17T03:37:45.720+0000] {logging_mixin.py:188} INFO - [2026-05-17T03:37:45.720+0000] {dag.py:3823} INFO - Setting next_dagrun for example_bash_operator to 2026-05-16 00:00:00+00:00, run_after=2026-05-17 00:00:00+00:00
[2026-05-17T03:37:45.750+0000] {processor.py:183} INFO - Processing /home/airflow/.local/lib/python3.8/site-packages/airflow/example_dags/example_bash_operator.py took 0.172 seconds
[2026-05-17T03:38:16.000+0000] {processor.py:161} INFO - Started process (PID=2384) to work on /home/airflow/.local/lib/python3.8/site-packages/airflow/example_dags/example_bash_operator.py
[2026-05-17T03:38:16.002+0000] {processor.py:830} INFO - Processing file /home/airflow/.local/lib/python3.8/site-packages/airflow/example_dags/example_bash_operator.py for tasks to queue
[2026-05-17T03:38:16.005+0000] {logging_mixin.py:188} INFO - [2026-05-17T03:38:16.004+0000] {dagbag.py:538} INFO - Filling up the DagBag from /home/airflow/.local/lib/python3.8/site-packages/airflow/example_dags/example_bash_operator.py
[2026-05-17T03:38:16.025+0000] {processor.py:840} INFO - DAG(s) 'example_bash_operator' retrieved from /home/airflow/.local/lib/python3.8/site-packages/airflow/example_dags/example_bash_operator.py
[2026-05-17T03:38:16.081+0000] {logging_mixin.py:188} INFO - [2026-05-17T03:38:16.081+0000] {dag.py:3036} INFO - Sync 1 DAGs
[2026-05-17T03:38:16.136+0000] {logging_mixin.py:188} INFO - [2026-05-17T03:38:16.136+0000] {dag.py:3823} INFO - Setting next_dagrun for example_bash_operator to 2026-05-16 00:00:00+00:00, run_after=2026-05-17 00:00:00+00:00
[2026-05-17T03:38:16.173+0000] {processor.py:183} INFO - Processing /home/airflow/.local/lib/python3.8/site-packages/airflow/example_dags/example_bash_operator.py took 0.178 seconds
[2026-05-17T03:38:46.778+0000] {processor.py:161} INFO - Started process (PID=2450) to work on /home/airflow/.local/lib/python3.8/site-packages/airflow/example_dags/example_bash_operator.py
[2026-05-17T03:38:46.780+0000] {processor.py:830} INFO - Processing file /home/airflow/.local/lib/python3.8/site-packages/airflow/example_dags/example_bash_operator.py for tasks to queue
[2026-05-17T03:38:46.783+0000] {logging_mixin.py:188} INFO - [2026-05-17T03:38:46.782+0000] {dagbag.py:538} INFO - Filling up the DagBag from /home/airflow/.local/lib/python3.8/site-packages/airflow/example_dags/example_bash_operator.py
[2026-05-17T03:38:46.806+0000] {processor.py:840} INFO - DAG(s) 'example_bash_operator' retrieved from /home/airflow/.local/lib/python3.8/site-packages/airflow/example_dags/example_bash_operator.py
[2026-05-17T03:38:46.873+0000] {logging_mixin.py:188} INFO - [2026-05-17T03:38:46.873+0000] {dag.py:3036} INFO - Sync 1 DAGs
[2026-05-17T03:38:46.918+0000] {logging_mixin.py:188} INFO - [2026-05-17T03:38:46.918+0000] {dag.py:3823} INFO - Setting next_dagrun for example_bash_operator to 2026-05-16 00:00:00+00:00, run_after=2026-05-17 00:00:00+00:00
[2026-05-17T03:38:46.951+0000] {processor.py:183} INFO - Processing /home/airflow/.local/lib/python3.8/site-packages/airflow/example_dags/example_bash_operator.py took 0.179 seconds
[2026-05-17T03:39:17.363+0000] {processor.py:161} INFO - Started process (PID=2517) to work on /home/airflow/.local/lib/python3.8/site-packages/airflow/example_dags/example_bash_operator.py
[2026-05-17T03:39:17.365+0000] {processor.py:830} INFO - Processing file /home/airflow/.local/lib/python3.8/site-packages/airflow/example_dags/example_bash_operator.py for tasks to queue
[2026-05-17T03:39:17.367+0000] {logging_mixin.py:188} INFO - [2026-05-17T03:39:17.367+0000] {dagbag.py:538} INFO - Filling up the DagBag from /home/airflow/.local/lib/python3.8/site-packages/airflow/example_dags/example_bash_operator.py
[2026-05-17T03:39:17.389+0000] {processor.py:840} INFO - DAG(s) 'example_bash_operator' retrieved from /home/airflow/.local/lib/python3.8/site-packages/airflow/example_dags/example_bash_operator.py
[2026-05-17T03:39:17.441+0000] {logging_mixin.py:188} INFO - [2026-05-17T03:39:17.441+0000] {dag.py:3036} INFO - Sync 1 DAGs
[2026-05-17T03:39:17.480+0000] {logging_mixin.py:188} INFO - [2026-05-17T03:39:17.479+0000] {dag.py:3823} INFO - Setting next_dagrun for example_bash_operator to 2026-05-16 00:00:00+00:00, run_after=2026-05-17 00:00:00+00:00
[2026-05-17T03:39:17.516+0000] {processor.py:183} INFO - Processing /home/airflow/.local/lib/python3.8/site-packages/airflow/example_dags/example_bash_operator.py took 0.157 seconds
[2026-05-17T03:39:47.894+0000] {processor.py:161} INFO - Started process (PID=2583) to work on /home/airflow/.local/lib/python3.8/site-packages/airflow/example_dags/example_bash_operator.py
[2026-05-17T03:39:47.896+0000] {processor.py:830} INFO - Processing file /home/airflow/.local/lib/python3.8/site-packages/airflow/example_dags/example_bash_operator.py for tasks to queue
[2026-05-17T03:39:47.898+0000] {logging_mixin.py:188} INFO - [2026-05-17T03:39:47.898+0000] {dagbag.py:538} INFO - Filling up the DagBag from /home/airflow/.local/lib/python3.8/site-packages/airflow/example_dags/example_bash_operator.py
[2026-05-17T03:39:47.919+0000] {processor.py:840} INFO - DAG(s) 'example_bash_operator' retrieved from /home/airflow/.local/lib/python3.8/site-packages/airflow/example_dags/example_bash_operator.py
[2026-05-17T03:39:47.979+0000] {logging_mixin.py:188} INFO - [2026-05-17T03:39:47.979+0000] {dag.py:3036} INFO - Sync 1 DAGs
[2026-05-17T03:39:48.032+0000] {logging_mixin.py:188} INFO - [2026-05-17T03:39:48.031+0000] {dag.py:3823} INFO - Setting next_dagrun for example_bash_operator to 2026-05-16 00:00:00+00:00, run_after=2026-05-17 00:00:00+00:00
[2026-05-17T03:39:48.077+0000] {processor.py:183} INFO - Processing /home/airflow/.local/lib/python3.8/site-packages/airflow/example_dags/example_bash_operator.py took 0.188 seconds
[2026-05-17T03:40:18.269+0000] {processor.py:161} INFO - Started process (PID=2660) to work on /home/airflow/.local/lib/python3.8/site-packages/airflow/example_dags/example_bash_operator.py
[2026-05-17T03:40:18.272+0000] {processor.py:830} INFO - Processing file /home/airflow/.local/lib/python3.8/site-packages/airflow/example_dags/example_bash_operator.py for tasks to queue
[2026-05-17T03:40:18.276+0000] {logging_mixin.py:188} INFO - [2026-05-17T03:40:18.275+0000] {dagbag.py:538} INFO - Filling up the DagBag from /home/airflow/.local/lib/python3.8/site-packages/airflow/example_dags/example_bash_operator.py
[2026-05-17T03:40:18.299+0000] {processor.py:840} INFO - DAG(s) 'example_bash_operator' retrieved from /home/airflow/.local/lib/python3.8/site-packages/airflow/example_dags/example_bash_operator.py
[2026-05-17T03:40:18.368+0000] {logging_mixin.py:188} INFO - [2026-05-17T03:40:18.367+0000] {dag.py:3036} INFO - Sync 1 DAGs
[2026-05-17T03:40:18.456+0000] {logging_mixin.py:188} INFO - [2026-05-17T03:40:18.454+0000] {dag.py:3823} INFO - Setting next_dagrun for example_bash_operator to 2026-05-16 00:00:00+00:00, run_after=2026-05-17 00:00:00+00:00
[2026-05-17T03:40:18.498+0000] {processor.py:183} INFO - Processing /home/airflow/.local/lib/python3.8/site-packages/airflow/example_dags/example_bash_operator.py took 0.235 seconds
[2026-05-17T03:40:49.341+0000] {processor.py:161} INFO - Started process (PID=2729) to work on /home/airflow/.local/lib/python3.8/site-packages/airflow/example_dags/example_bash_operator.py
[2026-05-17T03:40:49.343+0000] {processor.py:830} INFO - Processing file /home/airflow/.local/lib/python3.8/site-packages/airflow/example_dags/example_bash_operator.py for tasks to queue
[2026-05-17T03:40:49.346+0000] {logging_mixin.py:188} INFO - [2026-05-17T03:40:49.346+0000] {dagbag.py:538} INFO - Filling up the DagBag from /home/airflow/.local/lib/python3.8/site-packages/airflow/example_dags/example_bash_operator.py
[2026-05-17T03:40:49.364+0000] {processor.py:840} INFO - DAG(s) 'example_bash_operator' retrieved from /home/airflow/.local/lib/python3.8/site-packages/airflow/example_dags/example_bash_operator.py
[2026-05-17T03:40:49.417+0000] {logging_mixin.py:188} INFO - [2026-05-17T03:40:49.416+0000] {dag.py:3036} INFO - Sync 1 DAGs
[2026-05-17T03:40:49.457+0000] {logging_mixin.py:188} INFO - [2026-05-17T03:40:49.456+0000] {dag.py:3823} INFO - Setting next_dagrun for example_bash_operator to 2026-05-16 00:00:00+00:00, run_after=2026-05-17 00:00:00+00:00
[2026-05-17T03:40:49.486+0000] {processor.py:183} INFO - Processing /home/airflow/.local/lib/python3.8/site-packages/airflow/example_dags/example_bash_operator.py took 0.150 seconds
[2026-05-17T03:41:19.618+0000] {processor.py:161} INFO - Started process (PID=2803) to work on /home/airflow/.local/lib/python3.8/site-packages/airflow/example_dags/example_bash_operator.py
[2026-05-17T03:41:19.620+0000] {processor.py:830} INFO - Processing file /home/airflow/.local/lib/python3.8/site-packages/airflow/example_dags/example_bash_operator.py for tasks to queue
[2026-05-17T03:41:19.622+0000] {logging_mixin.py:188} INFO - [2026-05-17T03:41:19.622+0000] {dagbag.py:538} INFO - Filling up the DagBag from /home/airflow/.local/lib/python3.8/site-packages/airflow/example_dags/example_bash_operator.py
[2026-05-17T03:41:19.640+0000] {processor.py:840} INFO - DAG(s) 'example_bash_operator' retrieved from /home/airflow/.local/lib/python3.8/site-packages/airflow/example_dags/example_bash_operator.py
[2026-05-17T03:41:19.694+0000] {logging_mixin.py:188} INFO - [2026-05-17T03:41:19.694+0000] {dag.py:3036} INFO - Sync 1 DAGs
[2026-05-17T03:41:19.734+0000] {logging_mixin.py:188} INFO - [2026-05-17T03:41:19.733+0000] {dag.py:3823} INFO - Setting next_dagrun for example_bash_operator to 2026-05-16 00:00:00+00:00, run_after=2026-05-17 00:00:00+00:00
[2026-05-17T03:41:19.763+0000] {processor.py:183} INFO - Processing /home/airflow/.local/lib/python3.8/site-packages/airflow/example_dags/example_bash_operator.py took 0.150 seconds
[2026-05-17T03:41:49.901+0000] {processor.py:161} INFO - Started process (PID=2870) to work on /home/airflow/.local/lib/python3.8/site-packages/airflow/example_dags/example_bash_operator.py
[2026-05-17T03:41:49.902+0000] {processor.py:830} INFO - Processing file /home/airflow/.local/lib/python3.8/site-packages/airflow/example_dags/example_bash_operator.py for tasks to queue
[2026-05-17T03:41:49.905+0000] {logging_mixin.py:188} INFO - [2026-05-17T03:41:49.905+0000] {dagbag.py:538} INFO - Filling up the DagBag from /home/airflow/.local/lib/python3.8/site-packages/airflow/example_dags/example_bash_operator.py
[2026-05-17T03:41:49.930+0000] {processor.py:840} INFO - DAG(s) 'example_bash_operator' retrieved from /home/airflow/.local/lib/python3.8/site-packages/airflow/example_dags/example_bash_operator.py
[2026-05-17T03:41:49.999+0000] {logging_mixin.py:188} INFO - [2026-05-17T03:41:49.999+0000] {dag.py:3036} INFO - Sync 1 DAGs
[2026-05-17T03:41:50.047+0000] {logging_mixin.py:188} INFO - [2026-05-17T03:41:50.047+0000] {dag.py:3823} INFO - Setting next_dagrun for example_bash_operator to 2026-05-16 00:00:00+00:00, run_after=2026-05-17 00:00:00+00:00
[2026-05-17T03:41:50.081+0000] {processor.py:183} INFO - Processing /home/airflow/.local/lib/python3.8/site-packages/airflow/example_dags/example_bash_operator.py took 0.186 seconds
[2026-05-17T03:42:20.216+0000] {processor.py:161} INFO - Started process (PID=2938) to work on /home/airflow/.local/lib/python3.8/site-packages/airflow/example_dags/example_bash_operator.py
[2026-05-17T03:42:20.218+0000] {processor.py:830} INFO - Processing file /home/airflow/.local/lib/python3.8/site-packages/airflow/example_dags/example_bash_operator.py for tasks to queue
[2026-05-17T03:42:20.221+0000] {logging_mixin.py:188} INFO - [2026-05-17T03:42:20.220+0000] {dagbag.py:538} INFO - Filling up the DagBag from /home/airflow/.local/lib/python3.8/site-packages/airflow/example_dags/example_bash_operator.py
[2026-05-17T03:42:20.278+0000] {processor.py:840} INFO - DAG(s) 'example_bash_operator' retrieved from /home/airflow/.local/lib/python3.8/site-packages/airflow/example_dags/example_bash_operator.py
[2026-05-17T03:42:20.361+0000] {logging_mixin.py:188} INFO - [2026-05-17T03:42:20.361+0000] {dag.py:3036} INFO - Sync 1 DAGs
[2026-05-17T03:42:20.409+0000] {logging_mixin.py:188} INFO - [2026-05-17T03:42:20.408+0000] {dag.py:3823} INFO - Setting next_dagrun for example_bash_operator to 2026-05-16 00:00:00+00:00, run_after=2026-05-17 00:00:00+00:00
[2026-05-17T03:42:20.443+0000] {processor.py:183} INFO - Processing /home/airflow/.local/lib/python3.8/site-packages/airflow/example_dags/example_bash_operator.py took 0.232 seconds
[2026-05-17T03:42:51.009+0000] {processor.py:161} INFO - Started process (PID=3004) to work on /home/airflow/.local/lib/python3.8/site-packages/airflow/example_dags/example_bash_operator.py
[2026-05-17T03:42:51.011+0000] {processor.py:830} INFO - Processing file /home/airflow/.local/lib/python3.8/site-packages/airflow/example_dags/example_bash_operator.py for tasks to queue
[2026-05-17T03:42:51.014+0000] {logging_mixin.py:188} INFO - [2026-05-17T03:42:51.013+0000] {dagbag.py:538} INFO - Filling up the DagBag from /home/airflow/.local/lib/python3.8/site-packages/airflow/example_dags/example_bash_operator.py
[2026-05-17T03:42:51.037+0000] {processor.py:840} INFO - DAG(s) 'example_bash_operator' retrieved from /home/airflow/.local/lib/python3.8/site-packages/airflow/example_dags/example_bash_operator.py
[2026-05-17T03:42:51.109+0000] {logging_mixin.py:188} INFO - [2026-05-17T03:42:51.108+0000] {dag.py:3036} INFO - Sync 1 DAGs
[2026-05-17T03:42:51.172+0000] {logging_mixin.py:188} INFO - [2026-05-17T03:42:51.172+0000] {dag.py:3823} INFO - Setting next_dagrun for example_bash_operator to 2026-05-16 00:00:00+00:00, run_after=2026-05-17 00:00:00+00:00
[2026-05-17T03:42:51.212+0000] {processor.py:183} INFO - Processing /home/airflow/.local/lib/python3.8/site-packages/airflow/example_dags/example_bash_operator.py took 0.210 seconds
[2026-05-17T03:43:21.581+0000] {processor.py:161} INFO - Started process (PID=3070) to work on /home/airflow/.local/lib/python3.8/site-packages/airflow/example_dags/example_bash_operator.py
[2026-05-17T03:43:21.583+0000] {processor.py:830} INFO - Processing file /home/airflow/.local/lib/python3.8/site-packages/airflow/example_dags/example_bash_operator.py for tasks to queue
[2026-05-17T03:43:21.587+0000] {logging_mixin.py:188} INFO - [2026-05-17T03:43:21.587+0000] {dagbag.py:538} INFO - Filling up the DagBag from /home/airflow/.local/lib/python3.8/site-packages/airflow/example_dags/example_bash_operator.py
[2026-05-17T03:43:21.613+0000] {processor.py:840} INFO - DAG(s) 'example_bash_operator' retrieved from /home/airflow/.local/lib/python3.8/site-packages/airflow/example_dags/example_bash_operator.py
[2026-05-17T03:43:21.681+0000] {logging_mixin.py:188} INFO - [2026-05-17T03:43:21.680+0000] {dag.py:3036} INFO - Sync 1 DAGs
[2026-05-17T03:43:21.932+0000] {logging_mixin.py:188} INFO - [2026-05-17T03:43:21.932+0000] {dag.py:3823} INFO - Setting next_dagrun for example_bash_operator to 2026-05-16 00:00:00+00:00, run_after=2026-05-17 00:00:00+00:00
[2026-05-17T03:43:21.966+0000] {processor.py:183} INFO - Processing /home/airflow/.local/lib/python3.8/site-packages/airflow/example_dags/example_bash_operator.py took 0.393 seconds
[2026-05-17T03:43:52.597+0000] {processor.py:161} INFO - Started process (PID=3136) to work on /home/airflow/.local/lib/python3.8/site-packages/airflow/example_dags/example_bash_operator.py
[2026-05-17T03:43:52.600+0000] {processor.py:830} INFO - Processing file /home/airflow/.local/lib/python3.8/site-packages/airflow/example_dags/example_bash_operator.py for tasks to queue
[2026-05-17T03:43:52.603+0000] {logging_mixin.py:188} INFO - [2026-05-17T03:43:52.603+0000] {dagbag.py:538} INFO - Filling up the DagBag from /home/airflow/.local/lib/python3.8/site-packages/airflow/example_dags/example_bash_operator.py
[2026-05-17T03:43:52.625+0000] {processor.py:840} INFO - DAG(s) 'example_bash_operator' retrieved from /home/airflow/.local/lib/python3.8/site-packages/airflow/example_dags/example_bash_operator.py
[2026-05-17T03:43:52.689+0000] {logging_mixin.py:188} INFO - [2026-05-17T03:43:52.688+0000] {dag.py:3036} INFO - Sync 1 DAGs
[2026-05-17T03:43:52.732+0000] {logging_mixin.py:188} INFO - [2026-05-17T03:43:52.731+0000] {dag.py:3823} INFO - Setting next_dagrun for example_bash_operator to 2026-05-16 00:00:00+00:00, run_after=2026-05-17 00:00:00+00:00
[2026-05-17T03:43:53.002+0000] {processor.py:183} INFO - Processing /home/airflow/.local/lib/python3.8/site-packages/airflow/example_dags/example_bash_operator.py took 0.412 seconds
[2026-05-17T03:44:23.951+0000] {processor.py:161} INFO - Started process (PID=3202) to work on /home/airflow/.local/lib/python3.8/site-packages/airflow/example_dags/example_bash_operator.py
[2026-05-17T03:44:23.952+0000] {processor.py:830} INFO - Processing file /home/airflow/.local/lib/python3.8/site-packages/airflow/example_dags/example_bash_operator.py for tasks to queue
[2026-05-17T03:44:23.954+0000] {logging_mixin.py:188} INFO - [2026-05-17T03:44:23.954+0000] {dagbag.py:538} INFO - Filling up the DagBag from /home/airflow/.local/lib/python3.8/site-packages/airflow/example_dags/example_bash_operator.py
[2026-05-17T03:44:23.974+0000] {processor.py:840} INFO - DAG(s) 'example_bash_operator' retrieved from /home/airflow/.local/lib/python3.8/site-packages/airflow/example_dags/example_bash_operator.py
[2026-05-17T03:44:24.031+0000] {logging_mixin.py:188} INFO - [2026-05-17T03:44:24.030+0000] {dag.py:3036} INFO - Sync 1 DAGs
[2026-05-17T03:44:24.071+0000] {logging_mixin.py:188} INFO - [2026-05-17T03:44:24.070+0000] {dag.py:3823} INFO - Setting next_dagrun for example_bash_operator to 2026-05-16 00:00:00+00:00, run_after=2026-05-17 00:00:00+00:00
[2026-05-17T03:44:24.108+0000] {processor.py:183} INFO - Processing /home/airflow/.local/lib/python3.8/site-packages/airflow/example_dags/example_bash_operator.py took 0.162 seconds
[2026-05-17T03:44:54.994+0000] {processor.py:161} INFO - Started process (PID=3268) to work on /home/airflow/.local/lib/python3.8/site-packages/airflow/example_dags/example_bash_operator.py
[2026-05-17T03:44:54.996+0000] {processor.py:830} INFO - Processing file /home/airflow/.local/lib/python3.8/site-packages/airflow/example_dags/example_bash_operator.py for tasks to queue
[2026-05-17T03:44:55.000+0000] {logging_mixin.py:188} INFO - [2026-05-17T03:44:54.999+0000] {dagbag.py:538} INFO - Filling up the DagBag from /home/airflow/.local/lib/python3.8/site-packages/airflow/example_dags/example_bash_operator.py
[2026-05-17T03:44:55.017+0000] {processor.py:840} INFO - DAG(s) 'example_bash_operator' retrieved from /home/airflow/.local/lib/python3.8/site-packages/airflow/example_dags/example_bash_operator.py
[2026-05-17T03:44:55.077+0000] {logging_mixin.py:188} INFO - [2026-05-17T03:44:55.076+0000] {dag.py:3036} INFO - Sync 1 DAGs
[2026-05-17T03:44:55.121+0000] {logging_mixin.py:188} INFO - [2026-05-17T03:44:55.121+0000] {dag.py:3823} INFO - Setting next_dagrun for example_bash_operator to 2026-05-16 00:00:00+00:00, run_after=2026-05-17 00:00:00+00:00
[2026-05-17T03:44:55.151+0000] {processor.py:183} INFO - Processing /home/airflow/.local/lib/python3.8/site-packages/airflow/example_dags/example_bash_operator.py took 0.162 seconds
[2026-05-17T03:45:25.688+0000] {processor.py:161} INFO - Started process (PID=3334) to work on /home/airflow/.local/lib/python3.8/site-packages/airflow/example_dags/example_bash_operator.py
[2026-05-17T03:45:25.689+0000] {processor.py:830} INFO - Processing file /home/airflow/.local/lib/python3.8/site-packages/airflow/example_dags/example_bash_operator.py for tasks to queue
[2026-05-17T03:45:25.692+0000] {logging_mixin.py:188} INFO - [2026-05-17T03:45:25.692+0000] {dagbag.py:538} INFO - Filling up the DagBag from /home/airflow/.local/lib/python3.8/site-packages/airflow/example_dags/example_bash_operator.py
[2026-05-17T03:45:25.711+0000] {processor.py:840} INFO - DAG(s) 'example_bash_operator' retrieved from /home/airflow/.local/lib/python3.8/site-packages/airflow/example_dags/example_bash_operator.py
[2026-05-17T03:45:25.769+0000] {logging_mixin.py:188} INFO - [2026-05-17T03:45:25.768+0000] {dag.py:3036} INFO - Sync 1 DAGs
[2026-05-17T03:45:25.809+0000] {logging_mixin.py:188} INFO - [2026-05-17T03:45:25.809+0000] {dag.py:3823} INFO - Setting next_dagrun for example_bash_operator to 2026-05-16 00:00:00+00:00, run_after=2026-05-17 00:00:00+00:00
[2026-05-17T03:45:25.844+0000] {processor.py:183} INFO - Processing /home/airflow/.local/lib/python3.8/site-packages/airflow/example_dags/example_bash_operator.py took 0.161 seconds
[2026-05-17T03:45:56.757+0000] {processor.py:161} INFO - Started process (PID=3400) to work on /home/airflow/.local/lib/python3.8/site-packages/airflow/example_dags/example_bash_operator.py
[2026-05-17T03:45:56.759+0000] {processor.py:830} INFO - Processing file /home/airflow/.local/lib/python3.8/site-packages/airflow/example_dags/example_bash_operator.py for tasks to queue
[2026-05-17T03:45:56.761+0000] {logging_mixin.py:188} INFO - [2026-05-17T03:45:56.761+0000] {dagbag.py:538} INFO - Filling up the DagBag from /home/airflow/.local/lib/python3.8/site-packages/airflow/example_dags/example_bash_operator.py
[2026-05-17T03:45:56.783+0000] {processor.py:840} INFO - DAG(s) 'example_bash_operator' retrieved from /home/airflow/.local/lib/python3.8/site-packages/airflow/example_dags/example_bash_operator.py
[2026-05-17T03:45:57.071+0000] {logging_mixin.py:188} INFO - [2026-05-17T03:45:57.070+0000] {dag.py:3036} INFO - Sync 1 DAGs
[2026-05-17T03:45:57.113+0000] {logging_mixin.py:188} INFO - [2026-05-17T03:45:57.113+0000] {dag.py:3823} INFO - Setting next_dagrun for example_bash_operator to 2026-05-16 00:00:00+00:00, run_after=2026-05-17 00:00:00+00:00
[2026-05-17T03:45:57.147+0000] {processor.py:183} INFO - Processing /home/airflow/.local/lib/python3.8/site-packages/airflow/example_dags/example_bash_operator.py took 0.394 seconds
[2026-05-17T03:46:27.825+0000] {processor.py:161} INFO - Started process (PID=3481) to work on /home/airflow/.local/lib/python3.8/site-packages/airflow/example_dags/example_bash_operator.py
[2026-05-17T03:46:27.828+0000] {processor.py:830} INFO - Processing file /home/airflow/.local/lib/python3.8/site-packages/airflow/example_dags/example_bash_operator.py for tasks to queue
[2026-05-17T03:46:27.833+0000] {logging_mixin.py:188} INFO - [2026-05-17T03:46:27.832+0000] {dagbag.py:538} INFO - Filling up the DagBag from /home/airflow/.local/lib/python3.8/site-packages/airflow/example_dags/example_bash_operator.py
[2026-05-17T03:46:27.868+0000] {processor.py:840} INFO - DAG(s) 'example_bash_operator' retrieved from /home/airflow/.local/lib/python3.8/site-packages/airflow/example_dags/example_bash_operator.py
[2026-05-17T03:46:27.946+0000] {logging_mixin.py:188} INFO - [2026-05-17T03:46:27.945+0000] {dag.py:3036} INFO - Sync 1 DAGs
[2026-05-17T03:46:27.997+0000] {logging_mixin.py:188} INFO - [2026-05-17T03:46:27.997+0000] {dag.py:3823} INFO - Setting next_dagrun for example_bash_operator to 2026-05-16 00:00:00+00:00, run_after=2026-05-17 00:00:00+00:00
[2026-05-17T03:46:28.035+0000] {processor.py:183} INFO - Processing /home/airflow/.local/lib/python3.8/site-packages/airflow/example_dags/example_bash_operator.py took 0.217 seconds
[2026-05-17T03:46:58.478+0000] {processor.py:161} INFO - Started process (PID=3553) to work on /home/airflow/.local/lib/python3.8/site-packages/airflow/example_dags/example_bash_operator.py
[2026-05-17T03:46:58.480+0000] {processor.py:830} INFO - Processing file /home/airflow/.local/lib/python3.8/site-packages/airflow/example_dags/example_bash_operator.py for tasks to queue
[2026-05-17T03:46:58.486+0000] {logging_mixin.py:188} INFO - [2026-05-17T03:46:58.485+0000] {dagbag.py:538} INFO - Filling up the DagBag from /home/airflow/.local/lib/python3.8/site-packages/airflow/example_dags/example_bash_operator.py
[2026-05-17T03:46:58.508+0000] {processor.py:840} INFO - DAG(s) 'example_bash_operator' retrieved from /home/airflow/.local/lib/python3.8/site-packages/airflow/example_dags/example_bash_operator.py
[2026-05-17T03:46:58.538+0000] {logging_mixin.py:188} INFO - [2026-05-17T03:46:58.536+0000] {dag.py:3036} INFO - Sync 1 DAGs
[2026-05-17T03:46:58.592+0000] {logging_mixin.py:188} INFO - [2026-05-17T03:46:58.591+0000] {dag.py:3823} INFO - Setting next_dagrun for example_bash_operator to 2026-05-16 00:00:00+00:00, run_after=2026-05-17 00:00:00+00:00
[2026-05-17T03:46:58.634+0000] {processor.py:183} INFO - Processing /home/airflow/.local/lib/python3.8/site-packages/airflow/example_dags/example_bash_operator.py took 0.166 seconds
[2026-05-17T03:47:28.950+0000] {processor.py:161} INFO - Started process (PID=3619) to work on /home/airflow/.local/lib/python3.8/site-packages/airflow/example_dags/example_bash_operator.py
[2026-05-17T03:47:28.951+0000] {processor.py:830} INFO - Processing file /home/airflow/.local/lib/python3.8/site-packages/airflow/example_dags/example_bash_operator.py for tasks to queue
[2026-05-17T03:47:28.955+0000] {logging_mixin.py:188} INFO - [2026-05-17T03:47:28.954+0000] {dagbag.py:538} INFO - Filling up the DagBag from /home/airflow/.local/lib/python3.8/site-packages/airflow/example_dags/example_bash_operator.py
[2026-05-17T03:47:28.977+0000] {processor.py:840} INFO - DAG(s) 'example_bash_operator' retrieved from /home/airflow/.local/lib/python3.8/site-packages/airflow/example_dags/example_bash_operator.py
[2026-05-17T03:47:29.230+0000] {logging_mixin.py:188} INFO - [2026-05-17T03:47:29.229+0000] {dag.py:3036} INFO - Sync 1 DAGs
[2026-05-17T03:47:29.280+0000] {logging_mixin.py:188} INFO - [2026-05-17T03:47:29.280+0000] {dag.py:3823} INFO - Setting next_dagrun for example_bash_operator to 2026-05-16 00:00:00+00:00, run_after=2026-05-17 00:00:00+00:00
[2026-05-17T03:47:29.319+0000] {processor.py:183} INFO - Processing /home/airflow/.local/lib/python3.8/site-packages/airflow/example_dags/example_bash_operator.py took 0.375 seconds
[2026-05-17T03:48:00.175+0000] {processor.py:161} INFO - Started process (PID=3685) to work on /home/airflow/.local/lib/python3.8/site-packages/airflow/example_dags/example_bash_operator.py
[2026-05-17T03:48:00.177+0000] {processor.py:830} INFO - Processing file /home/airflow/.local/lib/python3.8/site-packages/airflow/example_dags/example_bash_operator.py for tasks to queue
[2026-05-17T03:48:00.181+0000] {logging_mixin.py:188} INFO - [2026-05-17T03:48:00.180+0000] {dagbag.py:538} INFO - Filling up the DagBag from /home/airflow/.local/lib/python3.8/site-packages/airflow/example_dags/example_bash_operator.py
[2026-05-17T03:48:00.202+0000] {processor.py:840} INFO - DAG(s) 'example_bash_operator' retrieved from /home/airflow/.local/lib/python3.8/site-packages/airflow/example_dags/example_bash_operator.py
[2026-05-17T03:48:00.263+0000] {logging_mixin.py:188} INFO - [2026-05-17T03:48:00.263+0000] {dag.py:3036} INFO - Sync 1 DAGs
[2026-05-17T03:48:00.305+0000] {logging_mixin.py:188} INFO - [2026-05-17T03:48:00.305+0000] {dag.py:3823} INFO - Setting next_dagrun for example_bash_operator to 2026-05-16 00:00:00+00:00, run_after=2026-05-17 00:00:00+00:00
[2026-05-17T03:48:00.337+0000] {processor.py:183} INFO - Processing /home/airflow/.local/lib/python3.8/site-packages/airflow/example_dags/example_bash_operator.py took 0.169 seconds
[2026-05-17T03:48:30.932+0000] {processor.py:161} INFO - Started process (PID=3758) to work on /home/airflow/.local/lib/python3.8/site-packages/airflow/example_dags/example_bash_operator.py
[2026-05-17T03:48:30.934+0000] {processor.py:830} INFO - Processing file /home/airflow/.local/lib/python3.8/site-packages/airflow/example_dags/example_bash_operator.py for tasks to queue
[2026-05-17T03:48:30.937+0000] {logging_mixin.py:188} INFO - [2026-05-17T03:48:30.937+0000] {dagbag.py:538} INFO - Filling up the DagBag from /home/airflow/.local/lib/python3.8/site-packages/airflow/example_dags/example_bash_operator.py
[2026-05-17T03:48:30.959+0000] {processor.py:840} INFO - DAG(s) 'example_bash_operator' retrieved from /home/airflow/.local/lib/python3.8/site-packages/airflow/example_dags/example_bash_operator.py
[2026-05-17T03:48:31.026+0000] {logging_mixin.py:188} INFO - [2026-05-17T03:48:31.026+0000] {dag.py:3036} INFO - Sync 1 DAGs
[2026-05-17T03:48:31.075+0000] {logging_mixin.py:188} INFO - [2026-05-17T03:48:31.075+0000] {dag.py:3823} INFO - Setting next_dagrun for example_bash_operator to 2026-05-16 00:00:00+00:00, run_after=2026-05-17 00:00:00+00:00
[2026-05-17T03:48:31.117+0000] {processor.py:183} INFO - Processing /home/airflow/.local/lib/python3.8/site-packages/airflow/example_dags/example_bash_operator.py took 0.190 seconds
[2026-05-17T03:49:01.610+0000] {processor.py:161} INFO - Started process (PID=3825) to work on /home/airflow/.local/lib/python3.8/site-packages/airflow/example_dags/example_bash_operator.py
[2026-05-17T03:49:01.612+0000] {processor.py:830} INFO - Processing file /home/airflow/.local/lib/python3.8/site-packages/airflow/example_dags/example_bash_operator.py for tasks to queue
[2026-05-17T03:49:01.615+0000] {logging_mixin.py:188} INFO - [2026-05-17T03:49:01.615+0000] {dagbag.py:538} INFO - Filling up the DagBag from /home/airflow/.local/lib/python3.8/site-packages/airflow/example_dags/example_bash_operator.py
[2026-05-17T03:49:01.639+0000] {processor.py:840} INFO - DAG(s) 'example_bash_operator' retrieved from /home/airflow/.local/lib/python3.8/site-packages/airflow/example_dags/example_bash_operator.py
[2026-05-17T03:49:01.712+0000] {logging_mixin.py:188} INFO - [2026-05-17T03:49:01.711+0000] {dag.py:3036} INFO - Sync 1 DAGs
[2026-05-17T03:49:01.761+0000] {logging_mixin.py:188} INFO - [2026-05-17T03:49:01.760+0000] {dag.py:3823} INFO - Setting next_dagrun for example_bash_operator to 2026-05-16 00:00:00+00:00, run_after=2026-05-17 00:00:00+00:00
[2026-05-17T03:49:01.793+0000] {processor.py:183} INFO - Processing /home/airflow/.local/lib/python3.8/site-packages/airflow/example_dags/example_bash_operator.py took 0.189 seconds
[2026-05-17T03:49:32.159+0000] {processor.py:161} INFO - Started process (PID=3891) to work on /home/airflow/.local/lib/python3.8/site-packages/airflow/example_dags/example_bash_operator.py
[2026-05-17T03:49:32.160+0000] {processor.py:830} INFO - Processing file /home/airflow/.local/lib/python3.8/site-packages/airflow/example_dags/example_bash_operator.py for tasks to queue
[2026-05-17T03:49:32.162+0000] {logging_mixin.py:188} INFO - [2026-05-17T03:49:32.162+0000] {dagbag.py:538} INFO - Filling up the DagBag from /home/airflow/.local/lib/python3.8/site-packages/airflow/example_dags/example_bash_operator.py
[2026-05-17T03:49:32.184+0000] {processor.py:840} INFO - DAG(s) 'example_bash_operator' retrieved from /home/airflow/.local/lib/python3.8/site-packages/airflow/example_dags/example_bash_operator.py
[2026-05-17T03:49:32.240+0000] {logging_mixin.py:188} INFO - [2026-05-17T03:49:32.240+0000] {dag.py:3036} INFO - Sync 1 DAGs
[2026-05-17T03:49:32.279+0000] {logging_mixin.py:188} INFO - [2026-05-17T03:49:32.279+0000] {dag.py:3823} INFO - Setting next_dagrun for example_bash_operator to 2026-05-16 00:00:00+00:00, run_after=2026-05-17 00:00:00+00:00
[2026-05-17T03:49:32.310+0000] {processor.py:183} INFO - Processing /home/airflow/.local/lib/python3.8/site-packages/airflow/example_dags/example_bash_operator.py took 0.157 seconds
[2026-05-17T03:50:02.736+0000] {processor.py:161} INFO - Started process (PID=3957) to work on /home/airflow/.local/lib/python3.8/site-packages/airflow/example_dags/example_bash_operator.py
[2026-05-17T03:50:02.738+0000] {processor.py:830} INFO - Processing file /home/airflow/.local/lib/python3.8/site-packages/airflow/example_dags/example_bash_operator.py for tasks to queue
[2026-05-17T03:50:02.742+0000] {logging_mixin.py:188} INFO - [2026-05-17T03:50:02.742+0000] {dagbag.py:538} INFO - Filling up the DagBag from /home/airflow/.local/lib/python3.8/site-packages/airflow/example_dags/example_bash_operator.py
[2026-05-17T03:50:02.767+0000] {processor.py:840} INFO - DAG(s) 'example_bash_operator' retrieved from /home/airflow/.local/lib/python3.8/site-packages/airflow/example_dags/example_bash_operator.py
[2026-05-17T03:50:02.834+0000] {logging_mixin.py:188} INFO - [2026-05-17T03:50:02.832+0000] {dag.py:3036} INFO - Sync 1 DAGs
[2026-05-17T03:50:02.893+0000] {logging_mixin.py:188} INFO - [2026-05-17T03:50:02.892+0000] {dag.py:3823} INFO - Setting next_dagrun for example_bash_operator to 2026-05-16 00:00:00+00:00, run_after=2026-05-17 00:00:00+00:00
[2026-05-17T03:50:02.931+0000] {processor.py:183} INFO - Processing /home/airflow/.local/lib/python3.8/site-packages/airflow/example_dags/example_bash_operator.py took 0.201 seconds
[2026-05-17T03:50:33.260+0000] {processor.py:161} INFO - Started process (PID=4023) to work on /home/airflow/.local/lib/python3.8/site-packages/airflow/example_dags/example_bash_operator.py
[2026-05-17T03:50:33.262+0000] {processor.py:830} INFO - Processing file /home/airflow/.local/lib/python3.8/site-packages/airflow/example_dags/example_bash_operator.py for tasks to queue
[2026-05-17T03:50:33.264+0000] {logging_mixin.py:188} INFO - [2026-05-17T03:50:33.264+0000] {dagbag.py:538} INFO - Filling up the DagBag from /home/airflow/.local/lib/python3.8/site-packages/airflow/example_dags/example_bash_operator.py
[2026-05-17T03:50:33.285+0000] {processor.py:840} INFO - DAG(s) 'example_bash_operator' retrieved from /home/airflow/.local/lib/python3.8/site-packages/airflow/example_dags/example_bash_operator.py
[2026-05-17T03:50:33.351+0000] {logging_mixin.py:188} INFO - [2026-05-17T03:50:33.350+0000] {dag.py:3036} INFO - Sync 1 DAGs
[2026-05-17T03:50:33.407+0000] {logging_mixin.py:188} INFO - [2026-05-17T03:50:33.406+0000] {dag.py:3823} INFO - Setting next_dagrun for example_bash_operator to 2026-05-16 00:00:00+00:00, run_after=2026-05-17 00:00:00+00:00
[2026-05-17T03:50:33.439+0000] {processor.py:183} INFO - Processing /home/airflow/.local/lib/python3.8/site-packages/airflow/example_dags/example_bash_operator.py took 0.184 seconds
[2026-05-17T03:51:03.576+0000] {processor.py:161} INFO - Started process (PID=4089) to work on /home/airflow/.local/lib/python3.8/site-packages/airflow/example_dags/example_bash_operator.py
[2026-05-17T03:51:03.578+0000] {processor.py:830} INFO - Processing file /home/airflow/.local/lib/python3.8/site-packages/airflow/example_dags/example_bash_operator.py for tasks to queue
[2026-05-17T03:51:03.582+0000] {logging_mixin.py:188} INFO - [2026-05-17T03:51:03.581+0000] {dagbag.py:538} INFO - Filling up the DagBag from /home/airflow/.local/lib/python3.8/site-packages/airflow/example_dags/example_bash_operator.py
[2026-05-17T03:51:03.603+0000] {processor.py:840} INFO - DAG(s) 'example_bash_operator' retrieved from /home/airflow/.local/lib/python3.8/site-packages/airflow/example_dags/example_bash_operator.py
[2026-05-17T03:51:03.694+0000] {logging_mixin.py:188} INFO - [2026-05-17T03:51:03.693+0000] {dag.py:3036} INFO - Sync 1 DAGs
[2026-05-17T03:51:03.747+0000] {logging_mixin.py:188} INFO - [2026-05-17T03:51:03.746+0000] {dag.py:3823} INFO - Setting next_dagrun for example_bash_operator to 2026-05-16 00:00:00+00:00, run_after=2026-05-17 00:00:00+00:00
[2026-05-17T03:51:03.786+0000] {processor.py:183} INFO - Processing /home/airflow/.local/lib/python3.8/site-packages/airflow/example_dags/example_bash_operator.py took 0.217 seconds
[2026-05-17T03:51:34.433+0000] {processor.py:161} INFO - Started process (PID=4154) to work on /home/airflow/.local/lib/python3.8/site-packages/airflow/example_dags/example_bash_operator.py
[2026-05-17T03:51:34.434+0000] {processor.py:830} INFO - Processing file /home/airflow/.local/lib/python3.8/site-packages/airflow/example_dags/example_bash_operator.py for tasks to queue
[2026-05-17T03:51:34.437+0000] {logging_mixin.py:188} INFO - [2026-05-17T03:51:34.437+0000] {dagbag.py:538} INFO - Filling up the DagBag from /home/airflow/.local/lib/python3.8/site-packages/airflow/example_dags/example_bash_operator.py
[2026-05-17T03:51:34.474+0000] {processor.py:840} INFO - DAG(s) 'example_bash_operator' retrieved from /home/airflow/.local/lib/python3.8/site-packages/airflow/example_dags/example_bash_operator.py
[2026-05-17T03:51:34.548+0000] {logging_mixin.py:188} INFO - [2026-05-17T03:51:34.548+0000] {dag.py:3036} INFO - Sync 1 DAGs
[2026-05-17T03:51:34.600+0000] {logging_mixin.py:188} INFO - [2026-05-17T03:51:34.600+0000] {dag.py:3823} INFO - Setting next_dagrun for example_bash_operator to 2026-05-16 00:00:00+00:00, run_after=2026-05-17 00:00:00+00:00
[2026-05-17T03:51:34.632+0000] {processor.py:183} INFO - Processing /home/airflow/.local/lib/python3.8/site-packages/airflow/example_dags/example_bash_operator.py took 0.205 seconds
[2026-05-17T03:52:04.678+0000] {processor.py:161} INFO - Started process (PID=4221) to work on /home/airflow/.local/lib/python3.8/site-packages/airflow/example_dags/example_bash_operator.py
[2026-05-17T03:52:04.681+0000] {processor.py:830} INFO - Processing file /home/airflow/.local/lib/python3.8/site-packages/airflow/example_dags/example_bash_operator.py for tasks to queue
[2026-05-17T03:52:04.683+0000] {logging_mixin.py:188} INFO - [2026-05-17T03:52:04.683+0000] {dagbag.py:538} INFO - Filling up the DagBag from /home/airflow/.local/lib/python3.8/site-packages/airflow/example_dags/example_bash_operator.py
[2026-05-17T03:52:04.702+0000] {processor.py:840} INFO - DAG(s) 'example_bash_operator' retrieved from /home/airflow/.local/lib/python3.8/site-packages/airflow/example_dags/example_bash_operator.py
[2026-05-17T03:52:04.767+0000] {logging_mixin.py:188} INFO - [2026-05-17T03:52:04.766+0000] {dag.py:3036} INFO - Sync 1 DAGs
[2026-05-17T03:52:04.819+0000] {logging_mixin.py:188} INFO - [2026-05-17T03:52:04.818+0000] {dag.py:3823} INFO - Setting next_dagrun for example_bash_operator to 2026-05-16 00:00:00+00:00, run_after=2026-05-17 00:00:00+00:00
[2026-05-17T03:52:04.852+0000] {processor.py:183} INFO - Processing /home/airflow/.local/lib/python3.8/site-packages/airflow/example_dags/example_bash_operator.py took 0.179 seconds
[2026-05-17T03:52:34.933+0000] {processor.py:161} INFO - Started process (PID=4286) to work on /home/airflow/.local/lib/python3.8/site-packages/airflow/example_dags/example_bash_operator.py
[2026-05-17T03:52:34.935+0000] {processor.py:830} INFO - Processing file /home/airflow/.local/lib/python3.8/site-packages/airflow/example_dags/example_bash_operator.py for tasks to queue
[2026-05-17T03:52:34.938+0000] {logging_mixin.py:188} INFO - [2026-05-17T03:52:34.938+0000] {dagbag.py:538} INFO - Filling up the DagBag from /home/airflow/.local/lib/python3.8/site-packages/airflow/example_dags/example_bash_operator.py
[2026-05-17T03:52:34.961+0000] {processor.py:840} INFO - DAG(s) 'example_bash_operator' retrieved from /home/airflow/.local/lib/python3.8/site-packages/airflow/example_dags/example_bash_operator.py
[2026-05-17T03:52:35.023+0000] {logging_mixin.py:188} INFO - [2026-05-17T03:52:35.022+0000] {dag.py:3036} INFO - Sync 1 DAGs
[2026-05-17T03:52:35.071+0000] {logging_mixin.py:188} INFO - [2026-05-17T03:52:35.071+0000] {dag.py:3823} INFO - Setting next_dagrun for example_bash_operator to 2026-05-16 00:00:00+00:00, run_after=2026-05-17 00:00:00+00:00
[2026-05-17T03:52:35.102+0000] {processor.py:183} INFO - Processing /home/airflow/.local/lib/python3.8/site-packages/airflow/example_dags/example_bash_operator.py took 0.175 seconds
[2026-05-17T03:53:05.487+0000] {processor.py:161} INFO - Started process (PID=4352) to work on /home/airflow/.local/lib/python3.8/site-packages/airflow/example_dags/example_bash_operator.py
[2026-05-17T03:53:05.489+0000] {processor.py:830} INFO - Processing file /home/airflow/.local/lib/python3.8/site-packages/airflow/example_dags/example_bash_operator.py for tasks to queue
[2026-05-17T03:53:05.492+0000] {logging_mixin.py:188} INFO - [2026-05-17T03:53:05.491+0000] {dagbag.py:538} INFO - Filling up the DagBag from /home/airflow/.local/lib/python3.8/site-packages/airflow/example_dags/example_bash_operator.py
[2026-05-17T03:53:05.510+0000] {processor.py:840} INFO - DAG(s) 'example_bash_operator' retrieved from /home/airflow/.local/lib/python3.8/site-packages/airflow/example_dags/example_bash_operator.py
[2026-05-17T03:53:05.575+0000] {logging_mixin.py:188} INFO - [2026-05-17T03:53:05.575+0000] {dag.py:3036} INFO - Sync 1 DAGs
[2026-05-17T03:53:05.620+0000] {logging_mixin.py:188} INFO - [2026-05-17T03:53:05.620+0000] {dag.py:3823} INFO - Setting next_dagrun for example_bash_operator to 2026-05-16 00:00:00+00:00, run_after=2026-05-17 00:00:00+00:00
[2026-05-17T03:53:05.651+0000] {processor.py:183} INFO - Processing /home/airflow/.local/lib/python3.8/site-packages/airflow/example_dags/example_bash_operator.py took 0.169 seconds
[2026-05-17T03:53:36.314+0000] {processor.py:161} INFO - Started process (PID=4417) to work on /home/airflow/.local/lib/python3.8/site-packages/airflow/example_dags/example_bash_operator.py
[2026-05-17T03:53:36.316+0000] {processor.py:830} INFO - Processing file /home/airflow/.local/lib/python3.8/site-packages/airflow/example_dags/example_bash_operator.py for tasks to queue
[2026-05-17T03:53:36.320+0000] {logging_mixin.py:188} INFO - [2026-05-17T03:53:36.320+0000] {dagbag.py:538} INFO - Filling up the DagBag from /home/airflow/.local/lib/python3.8/site-packages/airflow/example_dags/example_bash_operator.py
[2026-05-17T03:53:36.340+0000] {processor.py:840} INFO - DAG(s) 'example_bash_operator' retrieved from /home/airflow/.local/lib/python3.8/site-packages/airflow/example_dags/example_bash_operator.py
[2026-05-17T03:53:36.399+0000] {logging_mixin.py:188} INFO - [2026-05-17T03:53:36.398+0000] {dag.py:3036} INFO - Sync 1 DAGs
[2026-05-17T03:53:36.439+0000] {logging_mixin.py:188} INFO - [2026-05-17T03:53:36.439+0000] {dag.py:3823} INFO - Setting next_dagrun for example_bash_operator to 2026-05-16 00:00:00+00:00, run_after=2026-05-17 00:00:00+00:00
[2026-05-17T03:53:36.469+0000] {processor.py:183} INFO - Processing /home/airflow/.local/lib/python3.8/site-packages/airflow/example_dags/example_bash_operator.py took 0.161 seconds
[2026-05-17T03:54:06.696+0000] {processor.py:161} INFO - Started process (PID=4482) to work on /home/airflow/.local/lib/python3.8/site-packages/airflow/example_dags/example_bash_operator.py
[2026-05-17T03:54:06.697+0000] {processor.py:830} INFO - Processing file /home/airflow/.local/lib/python3.8/site-packages/airflow/example_dags/example_bash_operator.py for tasks to queue
[2026-05-17T03:54:06.701+0000] {logging_mixin.py:188} INFO - [2026-05-17T03:54:06.700+0000] {dagbag.py:538} INFO - Filling up the DagBag from /home/airflow/.local/lib/python3.8/site-packages/airflow/example_dags/example_bash_operator.py
[2026-05-17T03:54:06.722+0000] {processor.py:840} INFO - DAG(s) 'example_bash_operator' retrieved from /home/airflow/.local/lib/python3.8/site-packages/airflow/example_dags/example_bash_operator.py
[2026-05-17T03:54:06.784+0000] {logging_mixin.py:188} INFO - [2026-05-17T03:54:06.783+0000] {dag.py:3036} INFO - Sync 1 DAGs
[2026-05-17T03:54:06.822+0000] {logging_mixin.py:188} INFO - [2026-05-17T03:54:06.822+0000] {dag.py:3823} INFO - Setting next_dagrun for example_bash_operator to 2026-05-16 00:00:00+00:00, run_after=2026-05-17 00:00:00+00:00
[2026-05-17T03:54:06.850+0000] {processor.py:183} INFO - Processing /home/airflow/.local/lib/python3.8/site-packages/airflow/example_dags/example_bash_operator.py took 0.160 seconds
[2026-05-17T03:54:37.246+0000] {processor.py:161} INFO - Started process (PID=4550) to work on /home/airflow/.local/lib/python3.8/site-packages/airflow/example_dags/example_bash_operator.py
[2026-05-17T03:54:37.247+0000] {processor.py:830} INFO - Processing file /home/airflow/.local/lib/python3.8/site-packages/airflow/example_dags/example_bash_operator.py for tasks to queue
[2026-05-17T03:54:37.250+0000] {logging_mixin.py:188} INFO - [2026-05-17T03:54:37.250+0000] {dagbag.py:538} INFO - Filling up the DagBag from /home/airflow/.local/lib/python3.8/site-packages/airflow/example_dags/example_bash_operator.py
[2026-05-17T03:54:37.271+0000] {processor.py:840} INFO - DAG(s) 'example_bash_operator' retrieved from /home/airflow/.local/lib/python3.8/site-packages/airflow/example_dags/example_bash_operator.py
[2026-05-17T03:54:37.324+0000] {logging_mixin.py:188} INFO - [2026-05-17T03:54:37.323+0000] {dag.py:3036} INFO - Sync 1 DAGs
[2026-05-17T03:54:37.363+0000] {logging_mixin.py:188} INFO - [2026-05-17T03:54:37.363+0000] {dag.py:3823} INFO - Setting next_dagrun for example_bash_operator to 2026-05-16 00:00:00+00:00, run_after=2026-05-17 00:00:00+00:00
[2026-05-17T03:54:37.392+0000] {processor.py:183} INFO - Processing /home/airflow/.local/lib/python3.8/site-packages/airflow/example_dags/example_bash_operator.py took 0.152 seconds
[2026-05-17T03:55:07.619+0000] {processor.py:161} INFO - Started process (PID=4615) to work on /home/airflow/.local/lib/python3.8/site-packages/airflow/example_dags/example_bash_operator.py
[2026-05-17T03:55:07.621+0000] {processor.py:830} INFO - Processing file /home/airflow/.local/lib/python3.8/site-packages/airflow/example_dags/example_bash_operator.py for tasks to queue
[2026-05-17T03:55:07.625+0000] {logging_mixin.py:188} INFO - [2026-05-17T03:55:07.624+0000] {dagbag.py:538} INFO - Filling up the DagBag from /home/airflow/.local/lib/python3.8/site-packages/airflow/example_dags/example_bash_operator.py
[2026-05-17T03:55:07.646+0000] {processor.py:840} INFO - DAG(s) 'example_bash_operator' retrieved from /home/airflow/.local/lib/python3.8/site-packages/airflow/example_dags/example_bash_operator.py
[2026-05-17T03:55:07.718+0000] {logging_mixin.py:188} INFO - [2026-05-17T03:55:07.717+0000] {dag.py:3036} INFO - Sync 1 DAGs
[2026-05-17T03:55:07.798+0000] {logging_mixin.py:188} INFO - [2026-05-17T03:55:07.793+0000] {dag.py:3823} INFO - Setting next_dagrun for example_bash_operator to 2026-05-16 00:00:00+00:00, run_after=2026-05-17 00:00:00+00:00
[2026-05-17T03:55:07.837+0000] {processor.py:183} INFO - Processing /home/airflow/.local/lib/python3.8/site-packages/airflow/example_dags/example_bash_operator.py took 0.224 seconds
[2026-05-17T03:55:38.130+0000] {processor.py:161} INFO - Started process (PID=4689) to work on /home/airflow/.local/lib/python3.8/site-packages/airflow/example_dags/example_bash_operator.py
[2026-05-17T03:55:38.131+0000] {processor.py:830} INFO - Processing file /home/airflow/.local/lib/python3.8/site-packages/airflow/example_dags/example_bash_operator.py for tasks to queue
[2026-05-17T03:55:38.136+0000] {logging_mixin.py:188} INFO - [2026-05-17T03:55:38.135+0000] {dagbag.py:538} INFO - Filling up the DagBag from /home/airflow/.local/lib/python3.8/site-packages/airflow/example_dags/example_bash_operator.py
[2026-05-17T03:55:38.160+0000] {processor.py:840} INFO - DAG(s) 'example_bash_operator' retrieved from /home/airflow/.local/lib/python3.8/site-packages/airflow/example_dags/example_bash_operator.py
[2026-05-17T03:55:38.257+0000] {logging_mixin.py:188} INFO - [2026-05-17T03:55:38.256+0000] {dag.py:3036} INFO - Sync 1 DAGs
[2026-05-17T03:55:38.307+0000] {logging_mixin.py:188} INFO - [2026-05-17T03:55:38.306+0000] {dag.py:3823} INFO - Setting next_dagrun for example_bash_operator to 2026-05-16 00:00:00+00:00, run_after=2026-05-17 00:00:00+00:00
[2026-05-17T03:55:38.341+0000] {processor.py:183} INFO - Processing /home/airflow/.local/lib/python3.8/site-packages/airflow/example_dags/example_bash_operator.py took 0.218 seconds
[2026-05-17T03:56:08.910+0000] {processor.py:161} INFO - Started process (PID=4755) to work on /home/airflow/.local/lib/python3.8/site-packages/airflow/example_dags/example_bash_operator.py
[2026-05-17T03:56:08.913+0000] {processor.py:830} INFO - Processing file /home/airflow/.local/lib/python3.8/site-packages/airflow/example_dags/example_bash_operator.py for tasks to queue
[2026-05-17T03:56:08.917+0000] {logging_mixin.py:188} INFO - [2026-05-17T03:56:08.916+0000] {dagbag.py:538} INFO - Filling up the DagBag from /home/airflow/.local/lib/python3.8/site-packages/airflow/example_dags/example_bash_operator.py
[2026-05-17T03:56:08.941+0000] {processor.py:840} INFO - DAG(s) 'example_bash_operator' retrieved from /home/airflow/.local/lib/python3.8/site-packages/airflow/example_dags/example_bash_operator.py
[2026-05-17T03:56:09.031+0000] {logging_mixin.py:188} INFO - [2026-05-17T03:56:09.031+0000] {dag.py:3036} INFO - Sync 1 DAGs
[2026-05-17T03:56:09.078+0000] {logging_mixin.py:188} INFO - [2026-05-17T03:56:09.078+0000] {dag.py:3823} INFO - Setting next_dagrun for example_bash_operator to 2026-05-16 00:00:00+00:00, run_after=2026-05-17 00:00:00+00:00
[2026-05-17T03:56:09.114+0000] {processor.py:183} INFO - Processing /home/airflow/.local/lib/python3.8/site-packages/airflow/example_dags/example_bash_operator.py took 0.210 seconds
[2026-05-17T03:56:39.280+0000] {processor.py:161} INFO - Started process (PID=4821) to work on /home/airflow/.local/lib/python3.8/site-packages/airflow/example_dags/example_bash_operator.py
[2026-05-17T03:56:39.281+0000] {processor.py:830} INFO - Processing file /home/airflow/.local/lib/python3.8/site-packages/airflow/example_dags/example_bash_operator.py for tasks to queue
[2026-05-17T03:56:39.284+0000] {logging_mixin.py:188} INFO - [2026-05-17T03:56:39.284+0000] {dagbag.py:538} INFO - Filling up the DagBag from /home/airflow/.local/lib/python3.8/site-packages/airflow/example_dags/example_bash_operator.py
[2026-05-17T03:56:39.303+0000] {processor.py:840} INFO - DAG(s) 'example_bash_operator' retrieved from /home/airflow/.local/lib/python3.8/site-packages/airflow/example_dags/example_bash_operator.py
[2026-05-17T03:56:39.363+0000] {logging_mixin.py:188} INFO - [2026-05-17T03:56:39.363+0000] {dag.py:3036} INFO - Sync 1 DAGs
[2026-05-17T03:56:39.405+0000] {logging_mixin.py:188} INFO - [2026-05-17T03:56:39.404+0000] {dag.py:3823} INFO - Setting next_dagrun for example_bash_operator to 2026-05-16 00:00:00+00:00, run_after=2026-05-17 00:00:00+00:00
[2026-05-17T03:56:39.436+0000] {processor.py:183} INFO - Processing /home/airflow/.local/lib/python3.8/site-packages/airflow/example_dags/example_bash_operator.py took 0.161 seconds
[2026-05-17T03:57:09.950+0000] {processor.py:161} INFO - Started process (PID=4887) to work on /home/airflow/.local/lib/python3.8/site-packages/airflow/example_dags/example_bash_operator.py
[2026-05-17T03:57:09.952+0000] {processor.py:830} INFO - Processing file /home/airflow/.local/lib/python3.8/site-packages/airflow/example_dags/example_bash_operator.py for tasks to queue
[2026-05-17T03:57:09.956+0000] {logging_mixin.py:188} INFO - [2026-05-17T03:57:09.955+0000] {dagbag.py:538} INFO - Filling up the DagBag from /home/airflow/.local/lib/python3.8/site-packages/airflow/example_dags/example_bash_operator.py
[2026-05-17T03:57:09.978+0000] {processor.py:840} INFO - DAG(s) 'example_bash_operator' retrieved from /home/airflow/.local/lib/python3.8/site-packages/airflow/example_dags/example_bash_operator.py
[2026-05-17T03:57:10.045+0000] {logging_mixin.py:188} INFO - [2026-05-17T03:57:10.044+0000] {dag.py:3036} INFO - Sync 1 DAGs
[2026-05-17T03:57:10.094+0000] {logging_mixin.py:188} INFO - [2026-05-17T03:57:10.094+0000] {dag.py:3823} INFO - Setting next_dagrun for example_bash_operator to 2026-05-16 00:00:00+00:00, run_after=2026-05-17 00:00:00+00:00
[2026-05-17T03:57:10.127+0000] {processor.py:183} INFO - Processing /home/airflow/.local/lib/python3.8/site-packages/airflow/example_dags/example_bash_operator.py took 0.182 seconds
[2026-05-17T03:57:40.296+0000] {processor.py:161} INFO - Started process (PID=4953) to work on /home/airflow/.local/lib/python3.8/site-packages/airflow/example_dags/example_bash_operator.py
[2026-05-17T03:57:40.297+0000] {processor.py:830} INFO - Processing file /home/airflow/.local/lib/python3.8/site-packages/airflow/example_dags/example_bash_operator.py for tasks to queue
[2026-05-17T03:57:40.301+0000] {logging_mixin.py:188} INFO - [2026-05-17T03:57:40.300+0000] {dagbag.py:538} INFO - Filling up the DagBag from /home/airflow/.local/lib/python3.8/site-packages/airflow/example_dags/example_bash_operator.py
[2026-05-17T03:57:40.322+0000] {processor.py:840} INFO - DAG(s) 'example_bash_operator' retrieved from /home/airflow/.local/lib/python3.8/site-packages/airflow/example_dags/example_bash_operator.py
[2026-05-17T03:57:40.375+0000] {logging_mixin.py:188} INFO - [2026-05-17T03:57:40.375+0000] {dag.py:3036} INFO - Sync 1 DAGs
[2026-05-17T03:57:40.415+0000] {logging_mixin.py:188} INFO - [2026-05-17T03:57:40.414+0000] {dag.py:3823} INFO - Setting next_dagrun for example_bash_operator to 2026-05-16 00:00:00+00:00, run_after=2026-05-17 00:00:00+00:00
[2026-05-17T03:57:40.447+0000] {processor.py:183} INFO - Processing /home/airflow/.local/lib/python3.8/site-packages/airflow/example_dags/example_bash_operator.py took 0.156 seconds
[2026-05-17T03:58:10.905+0000] {processor.py:161} INFO - Started process (PID=5019) to work on /home/airflow/.local/lib/python3.8/site-packages/airflow/example_dags/example_bash_operator.py
[2026-05-17T03:58:10.907+0000] {processor.py:830} INFO - Processing file /home/airflow/.local/lib/python3.8/site-packages/airflow/example_dags/example_bash_operator.py for tasks to queue
[2026-05-17T03:58:10.910+0000] {logging_mixin.py:188} INFO - [2026-05-17T03:58:10.910+0000] {dagbag.py:538} INFO - Filling up the DagBag from /home/airflow/.local/lib/python3.8/site-packages/airflow/example_dags/example_bash_operator.py
[2026-05-17T03:58:10.930+0000] {processor.py:840} INFO - DAG(s) 'example_bash_operator' retrieved from /home/airflow/.local/lib/python3.8/site-packages/airflow/example_dags/example_bash_operator.py
[2026-05-17T03:58:10.992+0000] {logging_mixin.py:188} INFO - [2026-05-17T03:58:10.991+0000] {dag.py:3036} INFO - Sync 1 DAGs
[2026-05-17T03:58:11.033+0000] {logging_mixin.py:188} INFO - [2026-05-17T03:58:11.033+0000] {dag.py:3823} INFO - Setting next_dagrun for example_bash_operator to 2026-05-16 00:00:00+00:00, run_after=2026-05-17 00:00:00+00:00
[2026-05-17T03:58:11.064+0000] {processor.py:183} INFO - Processing /home/airflow/.local/lib/python3.8/site-packages/airflow/example_dags/example_bash_operator.py took 0.164 seconds
[2026-05-17T03:58:41.222+0000] {processor.py:161} INFO - Started process (PID=5084) to work on /home/airflow/.local/lib/python3.8/site-packages/airflow/example_dags/example_bash_operator.py
[2026-05-17T03:58:41.223+0000] {processor.py:830} INFO - Processing file /home/airflow/.local/lib/python3.8/site-packages/airflow/example_dags/example_bash_operator.py for tasks to queue
[2026-05-17T03:58:41.227+0000] {logging_mixin.py:188} INFO - [2026-05-17T03:58:41.226+0000] {dagbag.py:538} INFO - Filling up the DagBag from /home/airflow/.local/lib/python3.8/site-packages/airflow/example_dags/example_bash_operator.py
[2026-05-17T03:58:41.247+0000] {processor.py:840} INFO - DAG(s) 'example_bash_operator' retrieved from /home/airflow/.local/lib/python3.8/site-packages/airflow/example_dags/example_bash_operator.py
[2026-05-17T03:58:41.309+0000] {logging_mixin.py:188} INFO - [2026-05-17T03:58:41.309+0000] {dag.py:3036} INFO - Sync 1 DAGs
[2026-05-17T03:58:41.348+0000] {logging_mixin.py:188} INFO - [2026-05-17T03:58:41.347+0000] {dag.py:3823} INFO - Setting next_dagrun for example_bash_operator to 2026-05-16 00:00:00+00:00, run_after=2026-05-17 00:00:00+00:00
[2026-05-17T03:58:41.377+0000] {processor.py:183} INFO - Processing /home/airflow/.local/lib/python3.8/site-packages/airflow/example_dags/example_bash_operator.py took 0.160 seconds
[2026-05-17T03:59:11.636+0000] {processor.py:161} INFO - Started process (PID=5149) to work on /home/airflow/.local/lib/python3.8/site-packages/airflow/example_dags/example_bash_operator.py
[2026-05-17T03:59:11.639+0000] {processor.py:830} INFO - Processing file /home/airflow/.local/lib/python3.8/site-packages/airflow/example_dags/example_bash_operator.py for tasks to queue
[2026-05-17T03:59:11.642+0000] {logging_mixin.py:188} INFO - [2026-05-17T03:59:11.641+0000] {dagbag.py:538} INFO - Filling up the DagBag from /home/airflow/.local/lib/python3.8/site-packages/airflow/example_dags/example_bash_operator.py
[2026-05-17T03:59:11.670+0000] {processor.py:840} INFO - DAG(s) 'example_bash_operator' retrieved from /home/airflow/.local/lib/python3.8/site-packages/airflow/example_dags/example_bash_operator.py
[2026-05-17T03:59:11.759+0000] {logging_mixin.py:188} INFO - [2026-05-17T03:59:11.759+0000] {dag.py:3036} INFO - Sync 1 DAGs
[2026-05-17T03:59:11.820+0000] {logging_mixin.py:188} INFO - [2026-05-17T03:59:11.820+0000] {dag.py:3823} INFO - Setting next_dagrun for example_bash_operator to 2026-05-16 00:00:00+00:00, run_after=2026-05-17 00:00:00+00:00
[2026-05-17T03:59:11.906+0000] {processor.py:183} INFO - Processing /home/airflow/.local/lib/python3.8/site-packages/airflow/example_dags/example_bash_operator.py took 0.276 seconds
[2026-05-17T03:59:42.672+0000] {processor.py:161} INFO - Started process (PID=5214) to work on /home/airflow/.local/lib/python3.8/site-packages/airflow/example_dags/example_bash_operator.py
[2026-05-17T03:59:42.674+0000] {processor.py:830} INFO - Processing file /home/airflow/.local/lib/python3.8/site-packages/airflow/example_dags/example_bash_operator.py for tasks to queue
[2026-05-17T03:59:42.677+0000] {logging_mixin.py:188} INFO - [2026-05-17T03:59:42.676+0000] {dagbag.py:538} INFO - Filling up the DagBag from /home/airflow/.local/lib/python3.8/site-packages/airflow/example_dags/example_bash_operator.py
[2026-05-17T03:59:42.699+0000] {processor.py:840} INFO - DAG(s) 'example_bash_operator' retrieved from /home/airflow/.local/lib/python3.8/site-packages/airflow/example_dags/example_bash_operator.py
[2026-05-17T03:59:42.764+0000] {logging_mixin.py:188} INFO - [2026-05-17T03:59:42.763+0000] {dag.py:3036} INFO - Sync 1 DAGs
[2026-05-17T03:59:42.811+0000] {logging_mixin.py:188} INFO - [2026-05-17T03:59:42.810+0000] {dag.py:3823} INFO - Setting next_dagrun for example_bash_operator to 2026-05-16 00:00:00+00:00, run_after=2026-05-17 00:00:00+00:00
[2026-05-17T03:59:42.848+0000] {processor.py:183} INFO - Processing /home/airflow/.local/lib/python3.8/site-packages/airflow/example_dags/example_bash_operator.py took 0.181 seconds
[2026-05-17T04:00:13.203+0000] {processor.py:161} INFO - Started process (PID=5279) to work on /home/airflow/.local/lib/python3.8/site-packages/airflow/example_dags/example_bash_operator.py
[2026-05-17T04:00:13.206+0000] {processor.py:830} INFO - Processing file /home/airflow/.local/lib/python3.8/site-packages/airflow/example_dags/example_bash_operator.py for tasks to queue
[2026-05-17T04:00:13.209+0000] {logging_mixin.py:188} INFO - [2026-05-17T04:00:13.208+0000] {dagbag.py:538} INFO - Filling up the DagBag from /home/airflow/.local/lib/python3.8/site-packages/airflow/example_dags/example_bash_operator.py
[2026-05-17T04:00:13.228+0000] {processor.py:840} INFO - DAG(s) 'example_bash_operator' retrieved from /home/airflow/.local/lib/python3.8/site-packages/airflow/example_dags/example_bash_operator.py
[2026-05-17T04:00:13.288+0000] {logging_mixin.py:188} INFO - [2026-05-17T04:00:13.287+0000] {dag.py:3036} INFO - Sync 1 DAGs
[2026-05-17T04:00:13.327+0000] {logging_mixin.py:188} INFO - [2026-05-17T04:00:13.327+0000] {dag.py:3823} INFO - Setting next_dagrun for example_bash_operator to 2026-05-16 00:00:00+00:00, run_after=2026-05-17 00:00:00+00:00
[2026-05-17T04:00:13.360+0000] {processor.py:183} INFO - Processing /home/airflow/.local/lib/python3.8/site-packages/airflow/example_dags/example_bash_operator.py took 0.163 seconds
[2026-05-17T04:00:43.543+0000] {processor.py:161} INFO - Started process (PID=5345) to work on /home/airflow/.local/lib/python3.8/site-packages/airflow/example_dags/example_bash_operator.py
[2026-05-17T04:00:43.544+0000] {processor.py:830} INFO - Processing file /home/airflow/.local/lib/python3.8/site-packages/airflow/example_dags/example_bash_operator.py for tasks to queue
[2026-05-17T04:00:43.547+0000] {logging_mixin.py:188} INFO - [2026-05-17T04:00:43.546+0000] {dagbag.py:538} INFO - Filling up the DagBag from /home/airflow/.local/lib/python3.8/site-packages/airflow/example_dags/example_bash_operator.py
[2026-05-17T04:00:43.567+0000] {processor.py:840} INFO - DAG(s) 'example_bash_operator' retrieved from /home/airflow/.local/lib/python3.8/site-packages/airflow/example_dags/example_bash_operator.py
[2026-05-17T04:00:43.625+0000] {logging_mixin.py:188} INFO - [2026-05-17T04:00:43.624+0000] {dag.py:3036} INFO - Sync 1 DAGs
[2026-05-17T04:00:43.664+0000] {logging_mixin.py:188} INFO - [2026-05-17T04:00:43.664+0000] {dag.py:3823} INFO - Setting next_dagrun for example_bash_operator to 2026-05-16 00:00:00+00:00, run_after=2026-05-17 00:00:00+00:00
[2026-05-17T04:00:43.697+0000] {processor.py:183} INFO - Processing /home/airflow/.local/lib/python3.8/site-packages/airflow/example_dags/example_bash_operator.py took 0.159 seconds
[2026-05-17T04:01:13.907+0000] {processor.py:161} INFO - Started process (PID=5420) to work on /home/airflow/.local/lib/python3.8/site-packages/airflow/example_dags/example_bash_operator.py
[2026-05-17T04:01:13.909+0000] {processor.py:830} INFO - Processing file /home/airflow/.local/lib/python3.8/site-packages/airflow/example_dags/example_bash_operator.py for tasks to queue
[2026-05-17T04:01:13.912+0000] {logging_mixin.py:188} INFO - [2026-05-17T04:01:13.912+0000] {dagbag.py:538} INFO - Filling up the DagBag from /home/airflow/.local/lib/python3.8/site-packages/airflow/example_dags/example_bash_operator.py
[2026-05-17T04:01:13.933+0000] {processor.py:840} INFO - DAG(s) 'example_bash_operator' retrieved from /home/airflow/.local/lib/python3.8/site-packages/airflow/example_dags/example_bash_operator.py
[2026-05-17T04:01:13.999+0000] {logging_mixin.py:188} INFO - [2026-05-17T04:01:13.999+0000] {dag.py:3036} INFO - Sync 1 DAGs
[2026-05-17T04:01:14.038+0000] {logging_mixin.py:188} INFO - [2026-05-17T04:01:14.037+0000] {dag.py:3823} INFO - Setting next_dagrun for example_bash_operator to 2026-05-16 00:00:00+00:00, run_after=2026-05-17 00:00:00+00:00
[2026-05-17T04:01:14.068+0000] {processor.py:183} INFO - Processing /home/airflow/.local/lib/python3.8/site-packages/airflow/example_dags/example_bash_operator.py took 0.167 seconds
[2026-05-17T04:01:44.357+0000] {processor.py:161} INFO - Started process (PID=5485) to work on /home/airflow/.local/lib/python3.8/site-packages/airflow/example_dags/example_bash_operator.py
[2026-05-17T04:01:44.359+0000] {processor.py:830} INFO - Processing file /home/airflow/.local/lib/python3.8/site-packages/airflow/example_dags/example_bash_operator.py for tasks to queue
[2026-05-17T04:01:44.362+0000] {logging_mixin.py:188} INFO - [2026-05-17T04:01:44.362+0000] {dagbag.py:538} INFO - Filling up the DagBag from /home/airflow/.local/lib/python3.8/site-packages/airflow/example_dags/example_bash_operator.py
[2026-05-17T04:01:44.385+0000] {processor.py:840} INFO - DAG(s) 'example_bash_operator' retrieved from /home/airflow/.local/lib/python3.8/site-packages/airflow/example_dags/example_bash_operator.py
[2026-05-17T04:01:44.448+0000] {logging_mixin.py:188} INFO - [2026-05-17T04:01:44.448+0000] {dag.py:3036} INFO - Sync 1 DAGs
[2026-05-17T04:01:44.494+0000] {logging_mixin.py:188} INFO - [2026-05-17T04:01:44.494+0000] {dag.py:3823} INFO - Setting next_dagrun for example_bash_operator to 2026-05-16 00:00:00+00:00, run_after=2026-05-17 00:00:00+00:00
[2026-05-17T04:01:44.528+0000] {processor.py:183} INFO - Processing /home/airflow/.local/lib/python3.8/site-packages/airflow/example_dags/example_bash_operator.py took 0.176 seconds
[2026-05-17T04:02:14.677+0000] {processor.py:161} INFO - Started process (PID=5551) to work on /home/airflow/.local/lib/python3.8/site-packages/airflow/example_dags/example_bash_operator.py
[2026-05-17T04:02:14.679+0000] {processor.py:830} INFO - Processing file /home/airflow/.local/lib/python3.8/site-packages/airflow/example_dags/example_bash_operator.py for tasks to queue
[2026-05-17T04:02:14.682+0000] {logging_mixin.py:188} INFO - [2026-05-17T04:02:14.681+0000] {dagbag.py:538} INFO - Filling up the DagBag from /home/airflow/.local/lib/python3.8/site-packages/airflow/example_dags/example_bash_operator.py
[2026-05-17T04:02:14.700+0000] {processor.py:840} INFO - DAG(s) 'example_bash_operator' retrieved from /home/airflow/.local/lib/python3.8/site-packages/airflow/example_dags/example_bash_operator.py
[2026-05-17T04:02:14.754+0000] {logging_mixin.py:188} INFO - [2026-05-17T04:02:14.753+0000] {dag.py:3036} INFO - Sync 1 DAGs
[2026-05-17T04:02:14.793+0000] {logging_mixin.py:188} INFO - [2026-05-17T04:02:14.792+0000] {dag.py:3823} INFO - Setting next_dagrun for example_bash_operator to 2026-05-16 00:00:00+00:00, run_after=2026-05-17 00:00:00+00:00
[2026-05-17T04:02:14.822+0000] {processor.py:183} INFO - Processing /home/airflow/.local/lib/python3.8/site-packages/airflow/example_dags/example_bash_operator.py took 0.151 seconds
[2026-05-17T04:02:45.099+0000] {processor.py:161} INFO - Started process (PID=5617) to work on /home/airflow/.local/lib/python3.8/site-packages/airflow/example_dags/example_bash_operator.py
[2026-05-17T04:02:45.101+0000] {processor.py:830} INFO - Processing file /home/airflow/.local/lib/python3.8/site-packages/airflow/example_dags/example_bash_operator.py for tasks to queue
[2026-05-17T04:02:45.105+0000] {logging_mixin.py:188} INFO - [2026-05-17T04:02:45.104+0000] {dagbag.py:538} INFO - Filling up the DagBag from /home/airflow/.local/lib/python3.8/site-packages/airflow/example_dags/example_bash_operator.py
[2026-05-17T04:02:45.127+0000] {processor.py:840} INFO - DAG(s) 'example_bash_operator' retrieved from /home/airflow/.local/lib/python3.8/site-packages/airflow/example_dags/example_bash_operator.py
[2026-05-17T04:02:45.196+0000] {logging_mixin.py:188} INFO - [2026-05-17T04:02:45.195+0000] {dag.py:3036} INFO - Sync 1 DAGs
[2026-05-17T04:02:45.247+0000] {logging_mixin.py:188} INFO - [2026-05-17T04:02:45.246+0000] {dag.py:3823} INFO - Setting next_dagrun for example_bash_operator to 2026-05-16 00:00:00+00:00, run_after=2026-05-17 00:00:00+00:00
[2026-05-17T04:02:45.279+0000] {processor.py:183} INFO - Processing /home/airflow/.local/lib/python3.8/site-packages/airflow/example_dags/example_bash_operator.py took 0.185 seconds
[2026-05-17T04:03:15.691+0000] {processor.py:161} INFO - Started process (PID=5683) to work on /home/airflow/.local/lib/python3.8/site-packages/airflow/example_dags/example_bash_operator.py
[2026-05-17T04:03:15.692+0000] {processor.py:830} INFO - Processing file /home/airflow/.local/lib/python3.8/site-packages/airflow/example_dags/example_bash_operator.py for tasks to queue
[2026-05-17T04:03:15.695+0000] {logging_mixin.py:188} INFO - [2026-05-17T04:03:15.695+0000] {dagbag.py:538} INFO - Filling up the DagBag from /home/airflow/.local/lib/python3.8/site-packages/airflow/example_dags/example_bash_operator.py
[2026-05-17T04:03:15.716+0000] {processor.py:840} INFO - DAG(s) 'example_bash_operator' retrieved from /home/airflow/.local/lib/python3.8/site-packages/airflow/example_dags/example_bash_operator.py
[2026-05-17T04:03:15.777+0000] {logging_mixin.py:188} INFO - [2026-05-17T04:03:15.777+0000] {dag.py:3036} INFO - Sync 1 DAGs
[2026-05-17T04:03:15.823+0000] {logging_mixin.py:188} INFO - [2026-05-17T04:03:15.823+0000] {dag.py:3823} INFO - Setting next_dagrun for example_bash_operator to 2026-05-16 00:00:00+00:00, run_after=2026-05-17 00:00:00+00:00
[2026-05-17T04:03:15.858+0000] {processor.py:183} INFO - Processing /home/airflow/.local/lib/python3.8/site-packages/airflow/example_dags/example_bash_operator.py took 0.173 seconds
[2026-05-17T04:03:46.402+0000] {processor.py:161} INFO - Started process (PID=5750) to work on /home/airflow/.local/lib/python3.8/site-packages/airflow/example_dags/example_bash_operator.py
[2026-05-17T04:03:46.404+0000] {processor.py:830} INFO - Processing file /home/airflow/.local/lib/python3.8/site-packages/airflow/example_dags/example_bash_operator.py for tasks to queue
[2026-05-17T04:03:46.407+0000] {logging_mixin.py:188} INFO - [2026-05-17T04:03:46.407+0000] {dagbag.py:538} INFO - Filling up the DagBag from /home/airflow/.local/lib/python3.8/site-packages/airflow/example_dags/example_bash_operator.py
[2026-05-17T04:03:46.425+0000] {processor.py:840} INFO - DAG(s) 'example_bash_operator' retrieved from /home/airflow/.local/lib/python3.8/site-packages/airflow/example_dags/example_bash_operator.py
[2026-05-17T04:03:46.482+0000] {logging_mixin.py:188} INFO - [2026-05-17T04:03:46.482+0000] {dag.py:3036} INFO - Sync 1 DAGs
[2026-05-17T04:03:46.520+0000] {logging_mixin.py:188} INFO - [2026-05-17T04:03:46.520+0000] {dag.py:3823} INFO - Setting next_dagrun for example_bash_operator to 2026-05-16 00:00:00+00:00, run_after=2026-05-17 00:00:00+00:00
[2026-05-17T04:03:46.550+0000] {processor.py:183} INFO - Processing /home/airflow/.local/lib/python3.8/site-packages/airflow/example_dags/example_bash_operator.py took 0.153 seconds
[2026-05-17T04:04:17.059+0000] {processor.py:161} INFO - Started process (PID=5815) to work on /home/airflow/.local/lib/python3.8/site-packages/airflow/example_dags/example_bash_operator.py
[2026-05-17T04:04:17.061+0000] {processor.py:830} INFO - Processing file /home/airflow/.local/lib/python3.8/site-packages/airflow/example_dags/example_bash_operator.py for tasks to queue
[2026-05-17T04:04:17.065+0000] {logging_mixin.py:188} INFO - [2026-05-17T04:04:17.064+0000] {dagbag.py:538} INFO - Filling up the DagBag from /home/airflow/.local/lib/python3.8/site-packages/airflow/example_dags/example_bash_operator.py
[2026-05-17T04:04:17.084+0000] {processor.py:840} INFO - DAG(s) 'example_bash_operator' retrieved from /home/airflow/.local/lib/python3.8/site-packages/airflow/example_dags/example_bash_operator.py
[2026-05-17T04:04:17.151+0000] {logging_mixin.py:188} INFO - [2026-05-17T04:04:17.151+0000] {dag.py:3036} INFO - Sync 1 DAGs
[2026-05-17T04:04:17.198+0000] {logging_mixin.py:188} INFO - [2026-05-17T04:04:17.197+0000] {dag.py:3823} INFO - Setting next_dagrun for example_bash_operator to 2026-05-16 00:00:00+00:00, run_after=2026-05-17 00:00:00+00:00
[2026-05-17T04:04:17.232+0000] {processor.py:183} INFO - Processing /home/airflow/.local/lib/python3.8/site-packages/airflow/example_dags/example_bash_operator.py took 0.178 seconds
[2026-05-17T04:04:47.433+0000] {processor.py:161} INFO - Started process (PID=5879) to work on /home/airflow/.local/lib/python3.8/site-packages/airflow/example_dags/example_bash_operator.py
[2026-05-17T04:04:47.435+0000] {processor.py:830} INFO - Processing file /home/airflow/.local/lib/python3.8/site-packages/airflow/example_dags/example_bash_operator.py for tasks to queue
[2026-05-17T04:04:47.438+0000] {logging_mixin.py:188} INFO - [2026-05-17T04:04:47.438+0000] {dagbag.py:538} INFO - Filling up the DagBag from /home/airflow/.local/lib/python3.8/site-packages/airflow/example_dags/example_bash_operator.py
[2026-05-17T04:04:47.456+0000] {processor.py:840} INFO - DAG(s) 'example_bash_operator' retrieved from /home/airflow/.local/lib/python3.8/site-packages/airflow/example_dags/example_bash_operator.py
[2026-05-17T04:04:47.513+0000] {logging_mixin.py:188} INFO - [2026-05-17T04:04:47.512+0000] {dag.py:3036} INFO - Sync 1 DAGs
[2026-05-17T04:04:47.556+0000] {logging_mixin.py:188} INFO - [2026-05-17T04:04:47.556+0000] {dag.py:3823} INFO - Setting next_dagrun for example_bash_operator to 2026-05-16 00:00:00+00:00, run_after=2026-05-17 00:00:00+00:00
[2026-05-17T04:04:47.585+0000] {processor.py:183} INFO - Processing /home/airflow/.local/lib/python3.8/site-packages/airflow/example_dags/example_bash_operator.py took 0.157 seconds
[2026-05-17T04:05:18.021+0000] {processor.py:161} INFO - Started process (PID=5945) to work on /home/airflow/.local/lib/python3.8/site-packages/airflow/example_dags/example_bash_operator.py
[2026-05-17T04:05:18.023+0000] {processor.py:830} INFO - Processing file /home/airflow/.local/lib/python3.8/site-packages/airflow/example_dags/example_bash_operator.py for tasks to queue
[2026-05-17T04:05:18.026+0000] {logging_mixin.py:188} INFO - [2026-05-17T04:05:18.026+0000] {dagbag.py:538} INFO - Filling up the DagBag from /home/airflow/.local/lib/python3.8/site-packages/airflow/example_dags/example_bash_operator.py
[2026-05-17T04:05:18.045+0000] {processor.py:840} INFO - DAG(s) 'example_bash_operator' retrieved from /home/airflow/.local/lib/python3.8/site-packages/airflow/example_dags/example_bash_operator.py
[2026-05-17T04:05:18.108+0000] {logging_mixin.py:188} INFO - [2026-05-17T04:05:18.108+0000] {dag.py:3036} INFO - Sync 1 DAGs
[2026-05-17T04:05:18.161+0000] {logging_mixin.py:188} INFO - [2026-05-17T04:05:18.160+0000] {dag.py:3823} INFO - Setting next_dagrun for example_bash_operator to 2026-05-16 00:00:00+00:00, run_after=2026-05-17 00:00:00+00:00
[2026-05-17T04:05:18.190+0000] {processor.py:183} INFO - Processing /home/airflow/.local/lib/python3.8/site-packages/airflow/example_dags/example_bash_operator.py took 0.175 seconds
[2026-05-17T04:05:48.341+0000] {processor.py:161} INFO - Started process (PID=6012) to work on /home/airflow/.local/lib/python3.8/site-packages/airflow/example_dags/example_bash_operator.py
[2026-05-17T04:05:48.343+0000] {processor.py:830} INFO - Processing file /home/airflow/.local/lib/python3.8/site-packages/airflow/example_dags/example_bash_operator.py for tasks to queue
[2026-05-17T04:05:48.347+0000] {logging_mixin.py:188} INFO - [2026-05-17T04:05:48.346+0000] {dagbag.py:538} INFO - Filling up the DagBag from /home/airflow/.local/lib/python3.8/site-packages/airflow/example_dags/example_bash_operator.py
[2026-05-17T04:05:48.369+0000] {processor.py:840} INFO - DAG(s) 'example_bash_operator' retrieved from /home/airflow/.local/lib/python3.8/site-packages/airflow/example_dags/example_bash_operator.py
[2026-05-17T04:05:48.431+0000] {logging_mixin.py:188} INFO - [2026-05-17T04:05:48.430+0000] {dag.py:3036} INFO - Sync 1 DAGs
[2026-05-17T04:05:48.488+0000] {logging_mixin.py:188} INFO - [2026-05-17T04:05:48.488+0000] {dag.py:3823} INFO - Setting next_dagrun for example_bash_operator to 2026-05-16 00:00:00+00:00, run_after=2026-05-17 00:00:00+00:00
[2026-05-17T04:05:48.521+0000] {processor.py:183} INFO - Processing /home/airflow/.local/lib/python3.8/site-packages/airflow/example_dags/example_bash_operator.py took 0.185 seconds
[2026-05-17T04:06:18.679+0000] {processor.py:161} INFO - Started process (PID=6077) to work on /home/airflow/.local/lib/python3.8/site-packages/airflow/example_dags/example_bash_operator.py
[2026-05-17T04:06:18.681+0000] {processor.py:830} INFO - Processing file /home/airflow/.local/lib/python3.8/site-packages/airflow/example_dags/example_bash_operator.py for tasks to queue
[2026-05-17T04:06:18.684+0000] {logging_mixin.py:188} INFO - [2026-05-17T04:06:18.684+0000] {dagbag.py:538} INFO - Filling up the DagBag from /home/airflow/.local/lib/python3.8/site-packages/airflow/example_dags/example_bash_operator.py
[2026-05-17T04:06:18.706+0000] {processor.py:840} INFO - DAG(s) 'example_bash_operator' retrieved from /home/airflow/.local/lib/python3.8/site-packages/airflow/example_dags/example_bash_operator.py
[2026-05-17T04:06:18.781+0000] {logging_mixin.py:188} INFO - [2026-05-17T04:06:18.780+0000] {dag.py:3036} INFO - Sync 1 DAGs
[2026-05-17T04:06:18.831+0000] {logging_mixin.py:188} INFO - [2026-05-17T04:06:18.830+0000] {dag.py:3823} INFO - Setting next_dagrun for example_bash_operator to 2026-05-16 00:00:00+00:00, run_after=2026-05-17 00:00:00+00:00
[2026-05-17T04:06:18.866+0000] {processor.py:183} INFO - Processing /home/airflow/.local/lib/python3.8/site-packages/airflow/example_dags/example_bash_operator.py took 0.193 seconds
[2026-05-17T04:06:48.992+0000] {processor.py:161} INFO - Started process (PID=6151) to work on /home/airflow/.local/lib/python3.8/site-packages/airflow/example_dags/example_bash_operator.py
[2026-05-17T04:06:48.993+0000] {processor.py:830} INFO - Processing file /home/airflow/.local/lib/python3.8/site-packages/airflow/example_dags/example_bash_operator.py for tasks to queue
[2026-05-17T04:06:48.998+0000] {logging_mixin.py:188} INFO - [2026-05-17T04:06:48.997+0000] {dagbag.py:538} INFO - Filling up the DagBag from /home/airflow/.local/lib/python3.8/site-packages/airflow/example_dags/example_bash_operator.py
[2026-05-17T04:06:49.048+0000] {processor.py:840} INFO - DAG(s) 'example_bash_operator' retrieved from /home/airflow/.local/lib/python3.8/site-packages/airflow/example_dags/example_bash_operator.py
[2026-05-17T04:06:49.192+0000] {logging_mixin.py:188} INFO - [2026-05-17T04:06:49.192+0000] {dag.py:3036} INFO - Sync 1 DAGs
[2026-05-17T04:06:49.258+0000] {logging_mixin.py:188} INFO - [2026-05-17T04:06:49.258+0000] {dag.py:3823} INFO - Setting next_dagrun for example_bash_operator to 2026-05-16 00:00:00+00:00, run_after=2026-05-17 00:00:00+00:00
[2026-05-17T04:06:49.314+0000] {processor.py:183} INFO - Processing /home/airflow/.local/lib/python3.8/site-packages/airflow/example_dags/example_bash_operator.py took 0.336 seconds
[2026-05-17T04:07:19.715+0000] {processor.py:161} INFO - Started process (PID=6217) to work on /home/airflow/.local/lib/python3.8/site-packages/airflow/example_dags/example_bash_operator.py
[2026-05-17T04:07:19.718+0000] {processor.py:830} INFO - Processing file /home/airflow/.local/lib/python3.8/site-packages/airflow/example_dags/example_bash_operator.py for tasks to queue
[2026-05-17T04:07:19.722+0000] {logging_mixin.py:188} INFO - [2026-05-17T04:07:19.722+0000] {dagbag.py:538} INFO - Filling up the DagBag from /home/airflow/.local/lib/python3.8/site-packages/airflow/example_dags/example_bash_operator.py
[2026-05-17T04:07:19.748+0000] {processor.py:840} INFO - DAG(s) 'example_bash_operator' retrieved from /home/airflow/.local/lib/python3.8/site-packages/airflow/example_dags/example_bash_operator.py
[2026-05-17T04:07:19.820+0000] {logging_mixin.py:188} INFO - [2026-05-17T04:07:19.819+0000] {dag.py:3036} INFO - Sync 1 DAGs
[2026-05-17T04:07:19.898+0000] {logging_mixin.py:188} INFO - [2026-05-17T04:07:19.897+0000] {dag.py:3823} INFO - Setting next_dagrun for example_bash_operator to 2026-05-16 00:00:00+00:00, run_after=2026-05-17 00:00:00+00:00
[2026-05-17T04:07:19.998+0000] {processor.py:183} INFO - Processing /home/airflow/.local/lib/python3.8/site-packages/airflow/example_dags/example_bash_operator.py took 0.310 seconds
[2026-05-17T04:07:50.397+0000] {processor.py:161} INFO - Started process (PID=6285) to work on /home/airflow/.local/lib/python3.8/site-packages/airflow/example_dags/example_bash_operator.py
[2026-05-17T04:07:50.399+0000] {processor.py:830} INFO - Processing file /home/airflow/.local/lib/python3.8/site-packages/airflow/example_dags/example_bash_operator.py for tasks to queue
[2026-05-17T04:07:50.402+0000] {logging_mixin.py:188} INFO - [2026-05-17T04:07:50.402+0000] {dagbag.py:538} INFO - Filling up the DagBag from /home/airflow/.local/lib/python3.8/site-packages/airflow/example_dags/example_bash_operator.py
[2026-05-17T04:07:50.431+0000] {processor.py:840} INFO - DAG(s) 'example_bash_operator' retrieved from /home/airflow/.local/lib/python3.8/site-packages/airflow/example_dags/example_bash_operator.py
[2026-05-17T04:07:50.509+0000] {logging_mixin.py:188} INFO - [2026-05-17T04:07:50.508+0000] {dag.py:3036} INFO - Sync 1 DAGs
[2026-05-17T04:07:50.557+0000] {logging_mixin.py:188} INFO - [2026-05-17T04:07:50.556+0000] {dag.py:3823} INFO - Setting next_dagrun for example_bash_operator to 2026-05-16 00:00:00+00:00, run_after=2026-05-17 00:00:00+00:00
[2026-05-17T04:07:50.591+0000] {processor.py:183} INFO - Processing /home/airflow/.local/lib/python3.8/site-packages/airflow/example_dags/example_bash_operator.py took 0.199 seconds
[2026-05-17T04:08:20.841+0000] {processor.py:161} INFO - Started process (PID=6352) to work on /home/airflow/.local/lib/python3.8/site-packages/airflow/example_dags/example_bash_operator.py
[2026-05-17T04:08:20.843+0000] {processor.py:830} INFO - Processing file /home/airflow/.local/lib/python3.8/site-packages/airflow/example_dags/example_bash_operator.py for tasks to queue
[2026-05-17T04:08:20.845+0000] {logging_mixin.py:188} INFO - [2026-05-17T04:08:20.845+0000] {dagbag.py:538} INFO - Filling up the DagBag from /home/airflow/.local/lib/python3.8/site-packages/airflow/example_dags/example_bash_operator.py
[2026-05-17T04:08:20.866+0000] {processor.py:840} INFO - DAG(s) 'example_bash_operator' retrieved from /home/airflow/.local/lib/python3.8/site-packages/airflow/example_dags/example_bash_operator.py
[2026-05-17T04:08:20.945+0000] {logging_mixin.py:188} INFO - [2026-05-17T04:08:20.945+0000] {dag.py:3036} INFO - Sync 1 DAGs
[2026-05-17T04:08:20.997+0000] {logging_mixin.py:188} INFO - [2026-05-17T04:08:20.997+0000] {dag.py:3823} INFO - Setting next_dagrun for example_bash_operator to 2026-05-16 00:00:00+00:00, run_after=2026-05-17 00:00:00+00:00
[2026-05-17T04:08:21.031+0000] {processor.py:183} INFO - Processing /home/airflow/.local/lib/python3.8/site-packages/airflow/example_dags/example_bash_operator.py took 0.196 seconds
[2026-05-17T04:08:51.583+0000] {processor.py:161} INFO - Started process (PID=6418) to work on /home/airflow/.local/lib/python3.8/site-packages/airflow/example_dags/example_bash_operator.py
[2026-05-17T04:08:51.585+0000] {processor.py:830} INFO - Processing file /home/airflow/.local/lib/python3.8/site-packages/airflow/example_dags/example_bash_operator.py for tasks to queue
[2026-05-17T04:08:51.588+0000] {logging_mixin.py:188} INFO - [2026-05-17T04:08:51.588+0000] {dagbag.py:538} INFO - Filling up the DagBag from /home/airflow/.local/lib/python3.8/site-packages/airflow/example_dags/example_bash_operator.py
[2026-05-17T04:08:51.609+0000] {processor.py:840} INFO - DAG(s) 'example_bash_operator' retrieved from /home/airflow/.local/lib/python3.8/site-packages/airflow/example_dags/example_bash_operator.py
[2026-05-17T04:08:51.670+0000] {logging_mixin.py:188} INFO - [2026-05-17T04:08:51.669+0000] {dag.py:3036} INFO - Sync 1 DAGs
[2026-05-17T04:08:51.716+0000] {logging_mixin.py:188} INFO - [2026-05-17T04:08:51.716+0000] {dag.py:3823} INFO - Setting next_dagrun for example_bash_operator to 2026-05-16 00:00:00+00:00, run_after=2026-05-17 00:00:00+00:00
[2026-05-17T04:08:51.754+0000] {processor.py:183} INFO - Processing /home/airflow/.local/lib/python3.8/site-packages/airflow/example_dags/example_bash_operator.py took 0.176 seconds
[2026-05-17T04:09:22.026+0000] {processor.py:161} INFO - Started process (PID=6486) to work on /home/airflow/.local/lib/python3.8/site-packages/airflow/example_dags/example_bash_operator.py
[2026-05-17T04:09:22.028+0000] {processor.py:830} INFO - Processing file /home/airflow/.local/lib/python3.8/site-packages/airflow/example_dags/example_bash_operator.py for tasks to queue
[2026-05-17T04:09:22.031+0000] {logging_mixin.py:188} INFO - [2026-05-17T04:09:22.031+0000] {dagbag.py:538} INFO - Filling up the DagBag from /home/airflow/.local/lib/python3.8/site-packages/airflow/example_dags/example_bash_operator.py
[2026-05-17T04:09:22.051+0000] {processor.py:840} INFO - DAG(s) 'example_bash_operator' retrieved from /home/airflow/.local/lib/python3.8/site-packages/airflow/example_dags/example_bash_operator.py
[2026-05-17T04:09:22.109+0000] {logging_mixin.py:188} INFO - [2026-05-17T04:09:22.109+0000] {dag.py:3036} INFO - Sync 1 DAGs
[2026-05-17T04:09:22.149+0000] {logging_mixin.py:188} INFO - [2026-05-17T04:09:22.149+0000] {dag.py:3823} INFO - Setting next_dagrun for example_bash_operator to 2026-05-16 00:00:00+00:00, run_after=2026-05-17 00:00:00+00:00
[2026-05-17T04:09:22.182+0000] {processor.py:183} INFO - Processing /home/airflow/.local/lib/python3.8/site-packages/airflow/example_dags/example_bash_operator.py took 0.161 seconds
[2026-05-17T04:09:52.248+0000] {processor.py:161} INFO - Started process (PID=6552) to work on /home/airflow/.local/lib/python3.8/site-packages/airflow/example_dags/example_bash_operator.py
[2026-05-17T04:09:52.250+0000] {processor.py:830} INFO - Processing file /home/airflow/.local/lib/python3.8/site-packages/airflow/example_dags/example_bash_operator.py for tasks to queue
[2026-05-17T04:09:52.252+0000] {logging_mixin.py:188} INFO - [2026-05-17T04:09:52.252+0000] {dagbag.py:538} INFO - Filling up the DagBag from /home/airflow/.local/lib/python3.8/site-packages/airflow/example_dags/example_bash_operator.py
[2026-05-17T04:09:52.270+0000] {processor.py:840} INFO - DAG(s) 'example_bash_operator' retrieved from /home/airflow/.local/lib/python3.8/site-packages/airflow/example_dags/example_bash_operator.py
[2026-05-17T04:09:52.324+0000] {logging_mixin.py:188} INFO - [2026-05-17T04:09:52.324+0000] {dag.py:3036} INFO - Sync 1 DAGs
[2026-05-17T04:09:52.361+0000] {logging_mixin.py:188} INFO - [2026-05-17T04:09:52.361+0000] {dag.py:3823} INFO - Setting next_dagrun for example_bash_operator to 2026-05-16 00:00:00+00:00, run_after=2026-05-17 00:00:00+00:00
[2026-05-17T04:09:52.391+0000] {processor.py:183} INFO - Processing /home/airflow/.local/lib/python3.8/site-packages/airflow/example_dags/example_bash_operator.py took 0.148 seconds
[2026-05-17T04:10:23.051+0000] {processor.py:161} INFO - Started process (PID=6616) to work on /home/airflow/.local/lib/python3.8/site-packages/airflow/example_dags/example_bash_operator.py
[2026-05-17T04:10:23.053+0000] {processor.py:830} INFO - Processing file /home/airflow/.local/lib/python3.8/site-packages/airflow/example_dags/example_bash_operator.py for tasks to queue
[2026-05-17T04:10:23.057+0000] {logging_mixin.py:188} INFO - [2026-05-17T04:10:23.056+0000] {dagbag.py:538} INFO - Filling up the DagBag from /home/airflow/.local/lib/python3.8/site-packages/airflow/example_dags/example_bash_operator.py
[2026-05-17T04:10:23.077+0000] {processor.py:840} INFO - DAG(s) 'example_bash_operator' retrieved from /home/airflow/.local/lib/python3.8/site-packages/airflow/example_dags/example_bash_operator.py
[2026-05-17T04:10:23.140+0000] {logging_mixin.py:188} INFO - [2026-05-17T04:10:23.139+0000] {dag.py:3036} INFO - Sync 1 DAGs
[2026-05-17T04:10:23.186+0000] {logging_mixin.py:188} INFO - [2026-05-17T04:10:23.185+0000] {dag.py:3823} INFO - Setting next_dagrun for example_bash_operator to 2026-05-16 00:00:00+00:00, run_after=2026-05-17 00:00:00+00:00
[2026-05-17T04:10:23.221+0000] {processor.py:183} INFO - Processing /home/airflow/.local/lib/python3.8/site-packages/airflow/example_dags/example_bash_operator.py took 0.175 seconds
[2026-05-17T04:10:53.378+0000] {processor.py:161} INFO - Started process (PID=6681) to work on /home/airflow/.local/lib/python3.8/site-packages/airflow/example_dags/example_bash_operator.py
[2026-05-17T04:10:53.380+0000] {processor.py:830} INFO - Processing file /home/airflow/.local/lib/python3.8/site-packages/airflow/example_dags/example_bash_operator.py for tasks to queue
[2026-05-17T04:10:53.383+0000] {logging_mixin.py:188} INFO - [2026-05-17T04:10:53.383+0000] {dagbag.py:538} INFO - Filling up the DagBag from /home/airflow/.local/lib/python3.8/site-packages/airflow/example_dags/example_bash_operator.py
[2026-05-17T04:10:53.403+0000] {processor.py:840} INFO - DAG(s) 'example_bash_operator' retrieved from /home/airflow/.local/lib/python3.8/site-packages/airflow/example_dags/example_bash_operator.py
[2026-05-17T04:10:53.458+0000] {logging_mixin.py:188} INFO - [2026-05-17T04:10:53.458+0000] {dag.py:3036} INFO - Sync 1 DAGs
[2026-05-17T04:10:53.498+0000] {logging_mixin.py:188} INFO - [2026-05-17T04:10:53.497+0000] {dag.py:3823} INFO - Setting next_dagrun for example_bash_operator to 2026-05-16 00:00:00+00:00, run_after=2026-05-17 00:00:00+00:00
[2026-05-17T04:10:53.529+0000] {processor.py:183} INFO - Processing /home/airflow/.local/lib/python3.8/site-packages/airflow/example_dags/example_bash_operator.py took 0.157 seconds
[2026-05-17T04:11:23.749+0000] {processor.py:161} INFO - Started process (PID=6748) to work on /home/airflow/.local/lib/python3.8/site-packages/airflow/example_dags/example_bash_operator.py
[2026-05-17T04:11:23.751+0000] {processor.py:830} INFO - Processing file /home/airflow/.local/lib/python3.8/site-packages/airflow/example_dags/example_bash_operator.py for tasks to queue
[2026-05-17T04:11:23.753+0000] {logging_mixin.py:188} INFO - [2026-05-17T04:11:23.753+0000] {dagbag.py:538} INFO - Filling up the DagBag from /home/airflow/.local/lib/python3.8/site-packages/airflow/example_dags/example_bash_operator.py
[2026-05-17T04:11:23.772+0000] {processor.py:840} INFO - DAG(s) 'example_bash_operator' retrieved from /home/airflow/.local/lib/python3.8/site-packages/airflow/example_dags/example_bash_operator.py
[2026-05-17T04:11:23.828+0000] {logging_mixin.py:188} INFO - [2026-05-17T04:11:23.828+0000] {dag.py:3036} INFO - Sync 1 DAGs
[2026-05-17T04:11:23.865+0000] {logging_mixin.py:188} INFO - [2026-05-17T04:11:23.865+0000] {dag.py:3823} INFO - Setting next_dagrun for example_bash_operator to 2026-05-16 00:00:00+00:00, run_after=2026-05-17 00:00:00+00:00
[2026-05-17T04:11:23.893+0000] {processor.py:183} INFO - Processing /home/airflow/.local/lib/python3.8/site-packages/airflow/example_dags/example_bash_operator.py took 0.149 seconds
[2026-05-17T04:11:54.521+0000] {processor.py:161} INFO - Started process (PID=6815) to work on /home/airflow/.local/lib/python3.8/site-packages/airflow/example_dags/example_bash_operator.py
[2026-05-17T04:11:54.523+0000] {processor.py:830} INFO - Processing file /home/airflow/.local/lib/python3.8/site-packages/airflow/example_dags/example_bash_operator.py for tasks to queue
[2026-05-17T04:11:54.526+0000] {logging_mixin.py:188} INFO - [2026-05-17T04:11:54.526+0000] {dagbag.py:538} INFO - Filling up the DagBag from /home/airflow/.local/lib/python3.8/site-packages/airflow/example_dags/example_bash_operator.py
[2026-05-17T04:11:54.544+0000] {processor.py:840} INFO - DAG(s) 'example_bash_operator' retrieved from /home/airflow/.local/lib/python3.8/site-packages/airflow/example_dags/example_bash_operator.py
[2026-05-17T04:11:54.606+0000] {logging_mixin.py:188} INFO - [2026-05-17T04:11:54.606+0000] {dag.py:3036} INFO - Sync 1 DAGs
[2026-05-17T04:11:54.646+0000] {logging_mixin.py:188} INFO - [2026-05-17T04:11:54.646+0000] {dag.py:3823} INFO - Setting next_dagrun for example_bash_operator to 2026-05-16 00:00:00+00:00, run_after=2026-05-17 00:00:00+00:00
[2026-05-17T04:11:54.678+0000] {processor.py:183} INFO - Processing /home/airflow/.local/lib/python3.8/site-packages/airflow/example_dags/example_bash_operator.py took 0.162 seconds
[2026-05-17T04:12:24.984+0000] {processor.py:161} INFO - Started process (PID=6889) to work on /home/airflow/.local/lib/python3.8/site-packages/airflow/example_dags/example_bash_operator.py
[2026-05-17T04:12:24.986+0000] {processor.py:830} INFO - Processing file /home/airflow/.local/lib/python3.8/site-packages/airflow/example_dags/example_bash_operator.py for tasks to queue
[2026-05-17T04:12:24.989+0000] {logging_mixin.py:188} INFO - [2026-05-17T04:12:24.989+0000] {dagbag.py:538} INFO - Filling up the DagBag from /home/airflow/.local/lib/python3.8/site-packages/airflow/example_dags/example_bash_operator.py
[2026-05-17T04:12:25.011+0000] {processor.py:840} INFO - DAG(s) 'example_bash_operator' retrieved from /home/airflow/.local/lib/python3.8/site-packages/airflow/example_dags/example_bash_operator.py
[2026-05-17T04:12:25.078+0000] {logging_mixin.py:188} INFO - [2026-05-17T04:12:25.077+0000] {dag.py:3036} INFO - Sync 1 DAGs
[2026-05-17T04:12:25.127+0000] {logging_mixin.py:188} INFO - [2026-05-17T04:12:25.126+0000] {dag.py:3823} INFO - Setting next_dagrun for example_bash_operator to 2026-05-16 00:00:00+00:00, run_after=2026-05-17 00:00:00+00:00
[2026-05-17T04:12:25.160+0000] {processor.py:183} INFO - Processing /home/airflow/.local/lib/python3.8/site-packages/airflow/example_dags/example_bash_operator.py took 0.181 seconds
[2026-05-17T04:12:55.654+0000] {processor.py:161} INFO - Started process (PID=6955) to work on /home/airflow/.local/lib/python3.8/site-packages/airflow/example_dags/example_bash_operator.py
[2026-05-17T04:12:55.656+0000] {processor.py:830} INFO - Processing file /home/airflow/.local/lib/python3.8/site-packages/airflow/example_dags/example_bash_operator.py for tasks to queue
[2026-05-17T04:12:55.660+0000] {logging_mixin.py:188} INFO - [2026-05-17T04:12:55.659+0000] {dagbag.py:538} INFO - Filling up the DagBag from /home/airflow/.local/lib/python3.8/site-packages/airflow/example_dags/example_bash_operator.py
[2026-05-17T04:12:55.679+0000] {processor.py:840} INFO - DAG(s) 'example_bash_operator' retrieved from /home/airflow/.local/lib/python3.8/site-packages/airflow/example_dags/example_bash_operator.py
[2026-05-17T04:12:55.733+0000] {logging_mixin.py:188} INFO - [2026-05-17T04:12:55.733+0000] {dag.py:3036} INFO - Sync 1 DAGs
[2026-05-17T04:12:55.770+0000] {logging_mixin.py:188} INFO - [2026-05-17T04:12:55.769+0000] {dag.py:3823} INFO - Setting next_dagrun for example_bash_operator to 2026-05-16 00:00:00+00:00, run_after=2026-05-17 00:00:00+00:00
[2026-05-17T04:12:55.796+0000] {processor.py:183} INFO - Processing /home/airflow/.local/lib/python3.8/site-packages/airflow/example_dags/example_bash_operator.py took 0.147 seconds
[2026-05-17T04:13:26.253+0000] {processor.py:161} INFO - Started process (PID=7022) to work on /home/airflow/.local/lib/python3.8/site-packages/airflow/example_dags/example_bash_operator.py
[2026-05-17T04:13:26.255+0000] {processor.py:830} INFO - Processing file /home/airflow/.local/lib/python3.8/site-packages/airflow/example_dags/example_bash_operator.py for tasks to queue
[2026-05-17T04:13:26.258+0000] {logging_mixin.py:188} INFO - [2026-05-17T04:13:26.258+0000] {dagbag.py:538} INFO - Filling up the DagBag from /home/airflow/.local/lib/python3.8/site-packages/airflow/example_dags/example_bash_operator.py
[2026-05-17T04:13:26.283+0000] {processor.py:840} INFO - DAG(s) 'example_bash_operator' retrieved from /home/airflow/.local/lib/python3.8/site-packages/airflow/example_dags/example_bash_operator.py
[2026-05-17T04:13:26.354+0000] {logging_mixin.py:188} INFO - [2026-05-17T04:13:26.354+0000] {dag.py:3036} INFO - Sync 1 DAGs
[2026-05-17T04:13:26.396+0000] {logging_mixin.py:188} INFO - [2026-05-17T04:13:26.395+0000] {dag.py:3823} INFO - Setting next_dagrun for example_bash_operator to 2026-05-16 00:00:00+00:00, run_after=2026-05-17 00:00:00+00:00
[2026-05-17T04:13:26.429+0000] {processor.py:183} INFO - Processing /home/airflow/.local/lib/python3.8/site-packages/airflow/example_dags/example_bash_operator.py took 0.182 seconds
[2026-05-17T04:13:56.687+0000] {processor.py:161} INFO - Started process (PID=7088) to work on /home/airflow/.local/lib/python3.8/site-packages/airflow/example_dags/example_bash_operator.py
[2026-05-17T04:13:56.689+0000] {processor.py:830} INFO - Processing file /home/airflow/.local/lib/python3.8/site-packages/airflow/example_dags/example_bash_operator.py for tasks to queue
[2026-05-17T04:13:56.693+0000] {logging_mixin.py:188} INFO - [2026-05-17T04:13:56.692+0000] {dagbag.py:538} INFO - Filling up the DagBag from /home/airflow/.local/lib/python3.8/site-packages/airflow/example_dags/example_bash_operator.py
[2026-05-17T04:13:56.712+0000] {processor.py:840} INFO - DAG(s) 'example_bash_operator' retrieved from /home/airflow/.local/lib/python3.8/site-packages/airflow/example_dags/example_bash_operator.py
[2026-05-17T04:13:56.773+0000] {logging_mixin.py:188} INFO - [2026-05-17T04:13:56.772+0000] {dag.py:3036} INFO - Sync 1 DAGs
[2026-05-17T04:13:56.819+0000] {logging_mixin.py:188} INFO - [2026-05-17T04:13:56.818+0000] {dag.py:3823} INFO - Setting next_dagrun for example_bash_operator to 2026-05-16 00:00:00+00:00, run_after=2026-05-17 00:00:00+00:00
[2026-05-17T04:13:56.852+0000] {processor.py:183} INFO - Processing /home/airflow/.local/lib/python3.8/site-packages/airflow/example_dags/example_bash_operator.py took 0.170 seconds
[2026-05-17T04:14:27.228+0000] {processor.py:161} INFO - Started process (PID=7155) to work on /home/airflow/.local/lib/python3.8/site-packages/airflow/example_dags/example_bash_operator.py
[2026-05-17T04:14:27.230+0000] {processor.py:830} INFO - Processing file /home/airflow/.local/lib/python3.8/site-packages/airflow/example_dags/example_bash_operator.py for tasks to queue
[2026-05-17T04:14:27.233+0000] {logging_mixin.py:188} INFO - [2026-05-17T04:14:27.232+0000] {dagbag.py:538} INFO - Filling up the DagBag from /home/airflow/.local/lib/python3.8/site-packages/airflow/example_dags/example_bash_operator.py
[2026-05-17T04:14:27.252+0000] {processor.py:840} INFO - DAG(s) 'example_bash_operator' retrieved from /home/airflow/.local/lib/python3.8/site-packages/airflow/example_dags/example_bash_operator.py
[2026-05-17T04:14:27.302+0000] {logging_mixin.py:188} INFO - [2026-05-17T04:14:27.302+0000] {dag.py:3036} INFO - Sync 1 DAGs
[2026-05-17T04:14:27.345+0000] {logging_mixin.py:188} INFO - [2026-05-17T04:14:27.345+0000] {dag.py:3823} INFO - Setting next_dagrun for example_bash_operator to 2026-05-16 00:00:00+00:00, run_after=2026-05-17 00:00:00+00:00
[2026-05-17T04:14:27.374+0000] {processor.py:183} INFO - Processing /home/airflow/.local/lib/python3.8/site-packages/airflow/example_dags/example_bash_operator.py took 0.152 seconds
[2026-05-17T04:14:57.592+0000] {processor.py:161} INFO - Started process (PID=7222) to work on /home/airflow/.local/lib/python3.8/site-packages/airflow/example_dags/example_bash_operator.py
[2026-05-17T04:14:57.593+0000] {processor.py:830} INFO - Processing file /home/airflow/.local/lib/python3.8/site-packages/airflow/example_dags/example_bash_operator.py for tasks to queue
[2026-05-17T04:14:57.596+0000] {logging_mixin.py:188} INFO - [2026-05-17T04:14:57.596+0000] {dagbag.py:538} INFO - Filling up the DagBag from /home/airflow/.local/lib/python3.8/site-packages/airflow/example_dags/example_bash_operator.py
[2026-05-17T04:14:57.615+0000] {processor.py:840} INFO - DAG(s) 'example_bash_operator' retrieved from /home/airflow/.local/lib/python3.8/site-packages/airflow/example_dags/example_bash_operator.py
[2026-05-17T04:14:57.678+0000] {logging_mixin.py:188} INFO - [2026-05-17T04:14:57.678+0000] {dag.py:3036} INFO - Sync 1 DAGs
[2026-05-17T04:14:57.724+0000] {logging_mixin.py:188} INFO - [2026-05-17T04:14:57.724+0000] {dag.py:3823} INFO - Setting next_dagrun for example_bash_operator to 2026-05-16 00:00:00+00:00, run_after=2026-05-17 00:00:00+00:00
[2026-05-17T04:14:57.757+0000] {processor.py:183} INFO - Processing /home/airflow/.local/lib/python3.8/site-packages/airflow/example_dags/example_bash_operator.py took 0.170 seconds
[2026-05-17T04:15:28.274+0000] {processor.py:161} INFO - Started process (PID=7288) to work on /home/airflow/.local/lib/python3.8/site-packages/airflow/example_dags/example_bash_operator.py
[2026-05-17T04:15:28.276+0000] {processor.py:830} INFO - Processing file /home/airflow/.local/lib/python3.8/site-packages/airflow/example_dags/example_bash_operator.py for tasks to queue
[2026-05-17T04:15:28.279+0000] {logging_mixin.py:188} INFO - [2026-05-17T04:15:28.278+0000] {dagbag.py:538} INFO - Filling up the DagBag from /home/airflow/.local/lib/python3.8/site-packages/airflow/example_dags/example_bash_operator.py
[2026-05-17T04:15:28.297+0000] {processor.py:840} INFO - DAG(s) 'example_bash_operator' retrieved from /home/airflow/.local/lib/python3.8/site-packages/airflow/example_dags/example_bash_operator.py
[2026-05-17T04:15:28.355+0000] {logging_mixin.py:188} INFO - [2026-05-17T04:15:28.355+0000] {dag.py:3036} INFO - Sync 1 DAGs
[2026-05-17T04:15:28.401+0000] {logging_mixin.py:188} INFO - [2026-05-17T04:15:28.400+0000] {dag.py:3823} INFO - Setting next_dagrun for example_bash_operator to 2026-05-16 00:00:00+00:00, run_after=2026-05-17 00:00:00+00:00
[2026-05-17T04:15:28.433+0000] {processor.py:183} INFO - Processing /home/airflow/.local/lib/python3.8/site-packages/airflow/example_dags/example_bash_operator.py took 0.163 seconds
[2026-05-17T04:15:59.096+0000] {processor.py:161} INFO - Started process (PID=7355) to work on /home/airflow/.local/lib/python3.8/site-packages/airflow/example_dags/example_bash_operator.py
[2026-05-17T04:15:59.097+0000] {processor.py:830} INFO - Processing file /home/airflow/.local/lib/python3.8/site-packages/airflow/example_dags/example_bash_operator.py for tasks to queue
[2026-05-17T04:15:59.100+0000] {logging_mixin.py:188} INFO - [2026-05-17T04:15:59.100+0000] {dagbag.py:538} INFO - Filling up the DagBag from /home/airflow/.local/lib/python3.8/site-packages/airflow/example_dags/example_bash_operator.py
[2026-05-17T04:15:59.119+0000] {processor.py:840} INFO - DAG(s) 'example_bash_operator' retrieved from /home/airflow/.local/lib/python3.8/site-packages/airflow/example_dags/example_bash_operator.py
[2026-05-17T04:15:59.178+0000] {logging_mixin.py:188} INFO - [2026-05-17T04:15:59.178+0000] {dag.py:3036} INFO - Sync 1 DAGs
[2026-05-17T04:15:59.224+0000] {logging_mixin.py:188} INFO - [2026-05-17T04:15:59.224+0000] {dag.py:3823} INFO - Setting next_dagrun for example_bash_operator to 2026-05-16 00:00:00+00:00, run_after=2026-05-17 00:00:00+00:00
[2026-05-17T04:15:59.254+0000] {processor.py:183} INFO - Processing /home/airflow/.local/lib/python3.8/site-packages/airflow/example_dags/example_bash_operator.py took 0.163 seconds
[2026-05-17T04:16:29.523+0000] {processor.py:161} INFO - Started process (PID=7421) to work on /home/airflow/.local/lib/python3.8/site-packages/airflow/example_dags/example_bash_operator.py
[2026-05-17T04:16:29.525+0000] {processor.py:830} INFO - Processing file /home/airflow/.local/lib/python3.8/site-packages/airflow/example_dags/example_bash_operator.py for tasks to queue
[2026-05-17T04:16:29.528+0000] {logging_mixin.py:188} INFO - [2026-05-17T04:16:29.528+0000] {dagbag.py:538} INFO - Filling up the DagBag from /home/airflow/.local/lib/python3.8/site-packages/airflow/example_dags/example_bash_operator.py
[2026-05-17T04:16:29.547+0000] {processor.py:840} INFO - DAG(s) 'example_bash_operator' retrieved from /home/airflow/.local/lib/python3.8/site-packages/airflow/example_dags/example_bash_operator.py
[2026-05-17T04:16:29.611+0000] {logging_mixin.py:188} INFO - [2026-05-17T04:16:29.610+0000] {dag.py:3036} INFO - Sync 1 DAGs
[2026-05-17T04:16:29.654+0000] {logging_mixin.py:188} INFO - [2026-05-17T04:16:29.653+0000] {dag.py:3823} INFO - Setting next_dagrun for example_bash_operator to 2026-05-16 00:00:00+00:00, run_after=2026-05-17 00:00:00+00:00
[2026-05-17T04:16:29.684+0000] {processor.py:183} INFO - Processing /home/airflow/.local/lib/python3.8/site-packages/airflow/example_dags/example_bash_operator.py took 0.166 seconds
[2026-05-17T04:16:59.837+0000] {processor.py:161} INFO - Started process (PID=7486) to work on /home/airflow/.local/lib/python3.8/site-packages/airflow/example_dags/example_bash_operator.py
[2026-05-17T04:16:59.839+0000] {processor.py:830} INFO - Processing file /home/airflow/.local/lib/python3.8/site-packages/airflow/example_dags/example_bash_operator.py for tasks to queue
[2026-05-17T04:16:59.842+0000] {logging_mixin.py:188} INFO - [2026-05-17T04:16:59.842+0000] {dagbag.py:538} INFO - Filling up the DagBag from /home/airflow/.local/lib/python3.8/site-packages/airflow/example_dags/example_bash_operator.py
[2026-05-17T04:16:59.860+0000] {processor.py:840} INFO - DAG(s) 'example_bash_operator' retrieved from /home/airflow/.local/lib/python3.8/site-packages/airflow/example_dags/example_bash_operator.py
[2026-05-17T04:16:59.924+0000] {logging_mixin.py:188} INFO - [2026-05-17T04:16:59.923+0000] {dag.py:3036} INFO - Sync 1 DAGs
[2026-05-17T04:16:59.968+0000] {logging_mixin.py:188} INFO - [2026-05-17T04:16:59.967+0000] {dag.py:3823} INFO - Setting next_dagrun for example_bash_operator to 2026-05-16 00:00:00+00:00, run_after=2026-05-17 00:00:00+00:00
[2026-05-17T04:16:59.998+0000] {processor.py:183} INFO - Processing /home/airflow/.local/lib/python3.8/site-packages/airflow/example_dags/example_bash_operator.py took 0.166 seconds
[2026-05-17T04:17:30.250+0000] {processor.py:161} INFO - Started process (PID=7551) to work on /home/airflow/.local/lib/python3.8/site-packages/airflow/example_dags/example_bash_operator.py
[2026-05-17T04:17:30.252+0000] {processor.py:830} INFO - Processing file /home/airflow/.local/lib/python3.8/site-packages/airflow/example_dags/example_bash_operator.py for tasks to queue
[2026-05-17T04:17:30.255+0000] {logging_mixin.py:188} INFO - [2026-05-17T04:17:30.254+0000] {dagbag.py:538} INFO - Filling up the DagBag from /home/airflow/.local/lib/python3.8/site-packages/airflow/example_dags/example_bash_operator.py
[2026-05-17T04:17:30.273+0000] {processor.py:840} INFO - DAG(s) 'example_bash_operator' retrieved from /home/airflow/.local/lib/python3.8/site-packages/airflow/example_dags/example_bash_operator.py
[2026-05-17T04:17:30.328+0000] {logging_mixin.py:188} INFO - [2026-05-17T04:17:30.327+0000] {dag.py:3036} INFO - Sync 1 DAGs
[2026-05-17T04:17:30.365+0000] {logging_mixin.py:188} INFO - [2026-05-17T04:17:30.365+0000] {dag.py:3823} INFO - Setting next_dagrun for example_bash_operator to 2026-05-16 00:00:00+00:00, run_after=2026-05-17 00:00:00+00:00
[2026-05-17T04:17:30.396+0000] {processor.py:183} INFO - Processing /home/airflow/.local/lib/python3.8/site-packages/airflow/example_dags/example_bash_operator.py took 0.150 seconds
[2026-05-17T04:18:00.503+0000] {processor.py:161} INFO - Started process (PID=7618) to work on /home/airflow/.local/lib/python3.8/site-packages/airflow/example_dags/example_bash_operator.py
[2026-05-17T04:18:00.505+0000] {processor.py:830} INFO - Processing file /home/airflow/.local/lib/python3.8/site-packages/airflow/example_dags/example_bash_operator.py for tasks to queue
[2026-05-17T04:18:00.508+0000] {logging_mixin.py:188} INFO - [2026-05-17T04:18:00.507+0000] {dagbag.py:538} INFO - Filling up the DagBag from /home/airflow/.local/lib/python3.8/site-packages/airflow/example_dags/example_bash_operator.py
[2026-05-17T04:18:00.529+0000] {processor.py:840} INFO - DAG(s) 'example_bash_operator' retrieved from /home/airflow/.local/lib/python3.8/site-packages/airflow/example_dags/example_bash_operator.py
[2026-05-17T04:18:00.618+0000] {logging_mixin.py:188} INFO - [2026-05-17T04:18:00.618+0000] {dag.py:3036} INFO - Sync 1 DAGs
[2026-05-17T04:18:00.673+0000] {logging_mixin.py:188} INFO - [2026-05-17T04:18:00.673+0000] {dag.py:3823} INFO - Setting next_dagrun for example_bash_operator to 2026-05-16 00:00:00+00:00, run_after=2026-05-17 00:00:00+00:00
[2026-05-17T04:18:00.714+0000] {processor.py:183} INFO - Processing /home/airflow/.local/lib/python3.8/site-packages/airflow/example_dags/example_bash_operator.py took 0.217 seconds
[2026-05-17T04:18:30.765+0000] {processor.py:161} INFO - Started process (PID=7693) to work on /home/airflow/.local/lib/python3.8/site-packages/airflow/example_dags/example_bash_operator.py
[2026-05-17T04:18:30.767+0000] {processor.py:830} INFO - Processing file /home/airflow/.local/lib/python3.8/site-packages/airflow/example_dags/example_bash_operator.py for tasks to queue
[2026-05-17T04:18:30.770+0000] {logging_mixin.py:188} INFO - [2026-05-17T04:18:30.769+0000] {dagbag.py:538} INFO - Filling up the DagBag from /home/airflow/.local/lib/python3.8/site-packages/airflow/example_dags/example_bash_operator.py
[2026-05-17T04:18:30.793+0000] {processor.py:840} INFO - DAG(s) 'example_bash_operator' retrieved from /home/airflow/.local/lib/python3.8/site-packages/airflow/example_dags/example_bash_operator.py
[2026-05-17T04:18:30.858+0000] {logging_mixin.py:188} INFO - [2026-05-17T04:18:30.858+0000] {dag.py:3036} INFO - Sync 1 DAGs
[2026-05-17T04:18:30.909+0000] {logging_mixin.py:188} INFO - [2026-05-17T04:18:30.909+0000] {dag.py:3823} INFO - Setting next_dagrun for example_bash_operator to 2026-05-16 00:00:00+00:00, run_after=2026-05-17 00:00:00+00:00
[2026-05-17T04:18:30.948+0000] {processor.py:183} INFO - Processing /home/airflow/.local/lib/python3.8/site-packages/airflow/example_dags/example_bash_operator.py took 0.189 seconds
[2026-05-17T04:19:01.184+0000] {processor.py:161} INFO - Started process (PID=7759) to work on /home/airflow/.local/lib/python3.8/site-packages/airflow/example_dags/example_bash_operator.py
[2026-05-17T04:19:01.187+0000] {processor.py:830} INFO - Processing file /home/airflow/.local/lib/python3.8/site-packages/airflow/example_dags/example_bash_operator.py for tasks to queue
[2026-05-17T04:19:01.190+0000] {logging_mixin.py:188} INFO - [2026-05-17T04:19:01.189+0000] {dagbag.py:538} INFO - Filling up the DagBag from /home/airflow/.local/lib/python3.8/site-packages/airflow/example_dags/example_bash_operator.py
[2026-05-17T04:19:01.217+0000] {processor.py:840} INFO - DAG(s) 'example_bash_operator' retrieved from /home/airflow/.local/lib/python3.8/site-packages/airflow/example_dags/example_bash_operator.py
[2026-05-17T04:19:01.281+0000] {logging_mixin.py:188} INFO - [2026-05-17T04:19:01.281+0000] {dag.py:3036} INFO - Sync 1 DAGs
[2026-05-17T04:19:01.331+0000] {logging_mixin.py:188} INFO - [2026-05-17T04:19:01.330+0000] {dag.py:3823} INFO - Setting next_dagrun for example_bash_operator to 2026-05-16 00:00:00+00:00, run_after=2026-05-17 00:00:00+00:00
[2026-05-17T04:19:01.367+0000] {processor.py:183} INFO - Processing /home/airflow/.local/lib/python3.8/site-packages/airflow/example_dags/example_bash_operator.py took 0.189 seconds
[2026-05-17T04:19:31.562+0000] {processor.py:161} INFO - Started process (PID=7824) to work on /home/airflow/.local/lib/python3.8/site-packages/airflow/example_dags/example_bash_operator.py
[2026-05-17T04:19:31.564+0000] {processor.py:830} INFO - Processing file /home/airflow/.local/lib/python3.8/site-packages/airflow/example_dags/example_bash_operator.py for tasks to queue
[2026-05-17T04:19:31.567+0000] {logging_mixin.py:188} INFO - [2026-05-17T04:19:31.566+0000] {dagbag.py:538} INFO - Filling up the DagBag from /home/airflow/.local/lib/python3.8/site-packages/airflow/example_dags/example_bash_operator.py
[2026-05-17T04:19:31.589+0000] {processor.py:840} INFO - DAG(s) 'example_bash_operator' retrieved from /home/airflow/.local/lib/python3.8/site-packages/airflow/example_dags/example_bash_operator.py
[2026-05-17T04:19:31.644+0000] {logging_mixin.py:188} INFO - [2026-05-17T04:19:31.643+0000] {dag.py:3036} INFO - Sync 1 DAGs
[2026-05-17T04:19:31.681+0000] {logging_mixin.py:188} INFO - [2026-05-17T04:19:31.680+0000] {dag.py:3823} INFO - Setting next_dagrun for example_bash_operator to 2026-05-16 00:00:00+00:00, run_after=2026-05-17 00:00:00+00:00
[2026-05-17T04:19:31.712+0000] {processor.py:183} INFO - Processing /home/airflow/.local/lib/python3.8/site-packages/airflow/example_dags/example_bash_operator.py took 0.156 seconds
[2026-05-17T04:20:01.887+0000] {processor.py:161} INFO - Started process (PID=7891) to work on /home/airflow/.local/lib/python3.8/site-packages/airflow/example_dags/example_bash_operator.py
[2026-05-17T04:20:01.888+0000] {processor.py:830} INFO - Processing file /home/airflow/.local/lib/python3.8/site-packages/airflow/example_dags/example_bash_operator.py for tasks to queue
[2026-05-17T04:20:01.891+0000] {logging_mixin.py:188} INFO - [2026-05-17T04:20:01.890+0000] {dagbag.py:538} INFO - Filling up the DagBag from /home/airflow/.local/lib/python3.8/site-packages/airflow/example_dags/example_bash_operator.py
[2026-05-17T04:20:01.915+0000] {processor.py:840} INFO - DAG(s) 'example_bash_operator' retrieved from /home/airflow/.local/lib/python3.8/site-packages/airflow/example_dags/example_bash_operator.py
[2026-05-17T04:20:01.977+0000] {logging_mixin.py:188} INFO - [2026-05-17T04:20:01.976+0000] {dag.py:3036} INFO - Sync 1 DAGs
[2026-05-17T04:20:02.020+0000] {logging_mixin.py:188} INFO - [2026-05-17T04:20:02.020+0000] {dag.py:3823} INFO - Setting next_dagrun for example_bash_operator to 2026-05-16 00:00:00+00:00, run_after=2026-05-17 00:00:00+00:00
[2026-05-17T04:20:02.050+0000] {processor.py:183} INFO - Processing /home/airflow/.local/lib/python3.8/site-packages/airflow/example_dags/example_bash_operator.py took 0.168 seconds
[2026-05-17T04:20:32.383+0000] {processor.py:161} INFO - Started process (PID=7957) to work on /home/airflow/.local/lib/python3.8/site-packages/airflow/example_dags/example_bash_operator.py
[2026-05-17T04:20:32.385+0000] {processor.py:830} INFO - Processing file /home/airflow/.local/lib/python3.8/site-packages/airflow/example_dags/example_bash_operator.py for tasks to queue
[2026-05-17T04:20:32.387+0000] {logging_mixin.py:188} INFO - [2026-05-17T04:20:32.387+0000] {dagbag.py:538} INFO - Filling up the DagBag from /home/airflow/.local/lib/python3.8/site-packages/airflow/example_dags/example_bash_operator.py
[2026-05-17T04:20:32.407+0000] {processor.py:840} INFO - DAG(s) 'example_bash_operator' retrieved from /home/airflow/.local/lib/python3.8/site-packages/airflow/example_dags/example_bash_operator.py
[2026-05-17T04:20:32.469+0000] {logging_mixin.py:188} INFO - [2026-05-17T04:20:32.468+0000] {dag.py:3036} INFO - Sync 1 DAGs
[2026-05-17T04:20:32.515+0000] {logging_mixin.py:188} INFO - [2026-05-17T04:20:32.514+0000] {dag.py:3823} INFO - Setting next_dagrun for example_bash_operator to 2026-05-16 00:00:00+00:00, run_after=2026-05-17 00:00:00+00:00
[2026-05-17T04:20:32.548+0000] {processor.py:183} INFO - Processing /home/airflow/.local/lib/python3.8/site-packages/airflow/example_dags/example_bash_operator.py took 0.170 seconds
[2026-05-17T04:21:03.402+0000] {processor.py:161} INFO - Started process (PID=8023) to work on /home/airflow/.local/lib/python3.8/site-packages/airflow/example_dags/example_bash_operator.py
[2026-05-17T04:21:03.403+0000] {processor.py:830} INFO - Processing file /home/airflow/.local/lib/python3.8/site-packages/airflow/example_dags/example_bash_operator.py for tasks to queue
[2026-05-17T04:21:03.407+0000] {logging_mixin.py:188} INFO - [2026-05-17T04:21:03.406+0000] {dagbag.py:538} INFO - Filling up the DagBag from /home/airflow/.local/lib/python3.8/site-packages/airflow/example_dags/example_bash_operator.py
[2026-05-17T04:21:03.426+0000] {processor.py:840} INFO - DAG(s) 'example_bash_operator' retrieved from /home/airflow/.local/lib/python3.8/site-packages/airflow/example_dags/example_bash_operator.py
[2026-05-17T04:21:03.485+0000] {logging_mixin.py:188} INFO - [2026-05-17T04:21:03.485+0000] {dag.py:3036} INFO - Sync 1 DAGs
[2026-05-17T04:21:03.532+0000] {logging_mixin.py:188} INFO - [2026-05-17T04:21:03.531+0000] {dag.py:3823} INFO - Setting next_dagrun for example_bash_operator to 2026-05-16 00:00:00+00:00, run_after=2026-05-17 00:00:00+00:00
[2026-05-17T04:21:03.566+0000] {processor.py:183} INFO - Processing /home/airflow/.local/lib/python3.8/site-packages/airflow/example_dags/example_bash_operator.py took 0.169 seconds
[2026-05-17T04:21:33.671+0000] {processor.py:161} INFO - Started process (PID=8089) to work on /home/airflow/.local/lib/python3.8/site-packages/airflow/example_dags/example_bash_operator.py
[2026-05-17T04:21:33.673+0000] {processor.py:830} INFO - Processing file /home/airflow/.local/lib/python3.8/site-packages/airflow/example_dags/example_bash_operator.py for tasks to queue
[2026-05-17T04:21:33.676+0000] {logging_mixin.py:188} INFO - [2026-05-17T04:21:33.676+0000] {dagbag.py:538} INFO - Filling up the DagBag from /home/airflow/.local/lib/python3.8/site-packages/airflow/example_dags/example_bash_operator.py
[2026-05-17T04:21:33.698+0000] {processor.py:840} INFO - DAG(s) 'example_bash_operator' retrieved from /home/airflow/.local/lib/python3.8/site-packages/airflow/example_dags/example_bash_operator.py
[2026-05-17T04:21:33.766+0000] {logging_mixin.py:188} INFO - [2026-05-17T04:21:33.765+0000] {dag.py:3036} INFO - Sync 1 DAGs
[2026-05-17T04:21:33.807+0000] {logging_mixin.py:188} INFO - [2026-05-17T04:21:33.806+0000] {dag.py:3823} INFO - Setting next_dagrun for example_bash_operator to 2026-05-16 00:00:00+00:00, run_after=2026-05-17 00:00:00+00:00
[2026-05-17T04:21:33.838+0000] {processor.py:183} INFO - Processing /home/airflow/.local/lib/python3.8/site-packages/airflow/example_dags/example_bash_operator.py took 0.171 seconds
[2026-05-17T04:22:03.991+0000] {processor.py:161} INFO - Started process (PID=8155) to work on /home/airflow/.local/lib/python3.8/site-packages/airflow/example_dags/example_bash_operator.py
[2026-05-17T04:22:03.993+0000] {processor.py:830} INFO - Processing file /home/airflow/.local/lib/python3.8/site-packages/airflow/example_dags/example_bash_operator.py for tasks to queue
[2026-05-17T04:22:03.997+0000] {logging_mixin.py:188} INFO - [2026-05-17T04:22:03.996+0000] {dagbag.py:538} INFO - Filling up the DagBag from /home/airflow/.local/lib/python3.8/site-packages/airflow/example_dags/example_bash_operator.py
[2026-05-17T04:22:04.023+0000] {processor.py:840} INFO - DAG(s) 'example_bash_operator' retrieved from /home/airflow/.local/lib/python3.8/site-packages/airflow/example_dags/example_bash_operator.py
[2026-05-17T04:22:04.119+0000] {logging_mixin.py:188} INFO - [2026-05-17T04:22:04.119+0000] {dag.py:3036} INFO - Sync 1 DAGs
[2026-05-17T04:22:04.168+0000] {logging_mixin.py:188} INFO - [2026-05-17T04:22:04.167+0000] {dag.py:3823} INFO - Setting next_dagrun for example_bash_operator to 2026-05-16 00:00:00+00:00, run_after=2026-05-17 00:00:00+00:00
[2026-05-17T04:22:04.212+0000] {processor.py:183} INFO - Processing /home/airflow/.local/lib/python3.8/site-packages/airflow/example_dags/example_bash_operator.py took 0.226 seconds
[2026-05-17T04:22:34.364+0000] {processor.py:161} INFO - Started process (PID=8221) to work on /home/airflow/.local/lib/python3.8/site-packages/airflow/example_dags/example_bash_operator.py
[2026-05-17T04:22:34.366+0000] {processor.py:830} INFO - Processing file /home/airflow/.local/lib/python3.8/site-packages/airflow/example_dags/example_bash_operator.py for tasks to queue
[2026-05-17T04:22:34.369+0000] {logging_mixin.py:188} INFO - [2026-05-17T04:22:34.368+0000] {dagbag.py:538} INFO - Filling up the DagBag from /home/airflow/.local/lib/python3.8/site-packages/airflow/example_dags/example_bash_operator.py
[2026-05-17T04:22:34.387+0000] {processor.py:840} INFO - DAG(s) 'example_bash_operator' retrieved from /home/airflow/.local/lib/python3.8/site-packages/airflow/example_dags/example_bash_operator.py
[2026-05-17T04:22:34.442+0000] {logging_mixin.py:188} INFO - [2026-05-17T04:22:34.442+0000] {dag.py:3036} INFO - Sync 1 DAGs
[2026-05-17T04:22:34.480+0000] {logging_mixin.py:188} INFO - [2026-05-17T04:22:34.480+0000] {dag.py:3823} INFO - Setting next_dagrun for example_bash_operator to 2026-05-16 00:00:00+00:00, run_after=2026-05-17 00:00:00+00:00
[2026-05-17T04:22:34.508+0000] {processor.py:183} INFO - Processing /home/airflow/.local/lib/python3.8/site-packages/airflow/example_dags/example_bash_operator.py took 0.150 seconds
[2026-05-17T04:23:05.033+0000] {processor.py:161} INFO - Started process (PID=8286) to work on /home/airflow/.local/lib/python3.8/site-packages/airflow/example_dags/example_bash_operator.py
[2026-05-17T04:23:05.035+0000] {processor.py:830} INFO - Processing file /home/airflow/.local/lib/python3.8/site-packages/airflow/example_dags/example_bash_operator.py for tasks to queue
[2026-05-17T04:23:05.039+0000] {logging_mixin.py:188} INFO - [2026-05-17T04:23:05.038+0000] {dagbag.py:538} INFO - Filling up the DagBag from /home/airflow/.local/lib/python3.8/site-packages/airflow/example_dags/example_bash_operator.py
[2026-05-17T04:23:05.059+0000] {processor.py:840} INFO - DAG(s) 'example_bash_operator' retrieved from /home/airflow/.local/lib/python3.8/site-packages/airflow/example_dags/example_bash_operator.py
[2026-05-17T04:23:05.119+0000] {logging_mixin.py:188} INFO - [2026-05-17T04:23:05.118+0000] {dag.py:3036} INFO - Sync 1 DAGs
[2026-05-17T04:23:05.160+0000] {logging_mixin.py:188} INFO - [2026-05-17T04:23:05.159+0000] {dag.py:3823} INFO - Setting next_dagrun for example_bash_operator to 2026-05-16 00:00:00+00:00, run_after=2026-05-17 00:00:00+00:00
[2026-05-17T04:23:05.188+0000] {processor.py:183} INFO - Processing /home/airflow/.local/lib/python3.8/site-packages/airflow/example_dags/example_bash_operator.py took 0.160 seconds
[2026-05-17T04:23:35.285+0000] {processor.py:161} INFO - Started process (PID=8352) to work on /home/airflow/.local/lib/python3.8/site-packages/airflow/example_dags/example_bash_operator.py
[2026-05-17T04:23:35.287+0000] {processor.py:830} INFO - Processing file /home/airflow/.local/lib/python3.8/site-packages/airflow/example_dags/example_bash_operator.py for tasks to queue
[2026-05-17T04:23:35.289+0000] {logging_mixin.py:188} INFO - [2026-05-17T04:23:35.289+0000] {dagbag.py:538} INFO - Filling up the DagBag from /home/airflow/.local/lib/python3.8/site-packages/airflow/example_dags/example_bash_operator.py
[2026-05-17T04:23:35.308+0000] {processor.py:840} INFO - DAG(s) 'example_bash_operator' retrieved from /home/airflow/.local/lib/python3.8/site-packages/airflow/example_dags/example_bash_operator.py
[2026-05-17T04:23:35.368+0000] {logging_mixin.py:188} INFO - [2026-05-17T04:23:35.368+0000] {dag.py:3036} INFO - Sync 1 DAGs
[2026-05-17T04:23:35.414+0000] {logging_mixin.py:188} INFO - [2026-05-17T04:23:35.413+0000] {dag.py:3823} INFO - Setting next_dagrun for example_bash_operator to 2026-05-16 00:00:00+00:00, run_after=2026-05-17 00:00:00+00:00
[2026-05-17T04:23:35.445+0000] {processor.py:183} INFO - Processing /home/airflow/.local/lib/python3.8/site-packages/airflow/example_dags/example_bash_operator.py took 0.165 seconds
[2026-05-17T04:24:05.756+0000] {processor.py:161} INFO - Started process (PID=8425) to work on /home/airflow/.local/lib/python3.8/site-packages/airflow/example_dags/example_bash_operator.py
[2026-05-17T04:24:05.758+0000] {processor.py:830} INFO - Processing file /home/airflow/.local/lib/python3.8/site-packages/airflow/example_dags/example_bash_operator.py for tasks to queue
[2026-05-17T04:24:05.760+0000] {logging_mixin.py:188} INFO - [2026-05-17T04:24:05.760+0000] {dagbag.py:538} INFO - Filling up the DagBag from /home/airflow/.local/lib/python3.8/site-packages/airflow/example_dags/example_bash_operator.py
[2026-05-17T04:24:05.778+0000] {processor.py:840} INFO - DAG(s) 'example_bash_operator' retrieved from /home/airflow/.local/lib/python3.8/site-packages/airflow/example_dags/example_bash_operator.py
[2026-05-17T04:24:05.834+0000] {logging_mixin.py:188} INFO - [2026-05-17T04:24:05.834+0000] {dag.py:3036} INFO - Sync 1 DAGs
[2026-05-17T04:24:05.881+0000] {logging_mixin.py:188} INFO - [2026-05-17T04:24:05.881+0000] {dag.py:3823} INFO - Setting next_dagrun for example_bash_operator to 2026-05-16 00:00:00+00:00, run_after=2026-05-17 00:00:00+00:00
[2026-05-17T04:24:05.911+0000] {processor.py:183} INFO - Processing /home/airflow/.local/lib/python3.8/site-packages/airflow/example_dags/example_bash_operator.py took 0.160 seconds
[2026-05-17T04:24:36.328+0000] {processor.py:161} INFO - Started process (PID=8491) to work on /home/airflow/.local/lib/python3.8/site-packages/airflow/example_dags/example_bash_operator.py
[2026-05-17T04:24:36.330+0000] {processor.py:830} INFO - Processing file /home/airflow/.local/lib/python3.8/site-packages/airflow/example_dags/example_bash_operator.py for tasks to queue
[2026-05-17T04:24:36.333+0000] {logging_mixin.py:188} INFO - [2026-05-17T04:24:36.332+0000] {dagbag.py:538} INFO - Filling up the DagBag from /home/airflow/.local/lib/python3.8/site-packages/airflow/example_dags/example_bash_operator.py
[2026-05-17T04:24:36.357+0000] {processor.py:840} INFO - DAG(s) 'example_bash_operator' retrieved from /home/airflow/.local/lib/python3.8/site-packages/airflow/example_dags/example_bash_operator.py
[2026-05-17T04:24:36.422+0000] {logging_mixin.py:188} INFO - [2026-05-17T04:24:36.422+0000] {dag.py:3036} INFO - Sync 1 DAGs
[2026-05-17T04:24:36.472+0000] {logging_mixin.py:188} INFO - [2026-05-17T04:24:36.472+0000] {dag.py:3823} INFO - Setting next_dagrun for example_bash_operator to 2026-05-16 00:00:00+00:00, run_after=2026-05-17 00:00:00+00:00
[2026-05-17T04:24:36.504+0000] {processor.py:183} INFO - Processing /home/airflow/.local/lib/python3.8/site-packages/airflow/example_dags/example_bash_operator.py took 0.186 seconds
[2026-05-17T04:25:07.107+0000] {processor.py:161} INFO - Started process (PID=8556) to work on /home/airflow/.local/lib/python3.8/site-packages/airflow/example_dags/example_bash_operator.py
[2026-05-17T04:25:07.109+0000] {processor.py:830} INFO - Processing file /home/airflow/.local/lib/python3.8/site-packages/airflow/example_dags/example_bash_operator.py for tasks to queue
[2026-05-17T04:25:07.113+0000] {logging_mixin.py:188} INFO - [2026-05-17T04:25:07.112+0000] {dagbag.py:538} INFO - Filling up the DagBag from /home/airflow/.local/lib/python3.8/site-packages/airflow/example_dags/example_bash_operator.py
[2026-05-17T04:25:07.148+0000] {processor.py:840} INFO - DAG(s) 'example_bash_operator' retrieved from /home/airflow/.local/lib/python3.8/site-packages/airflow/example_dags/example_bash_operator.py
[2026-05-17T04:25:07.258+0000] {logging_mixin.py:188} INFO - [2026-05-17T04:25:07.257+0000] {dag.py:3036} INFO - Sync 1 DAGs
[2026-05-17T04:25:07.313+0000] {logging_mixin.py:188} INFO - [2026-05-17T04:25:07.313+0000] {dag.py:3823} INFO - Setting next_dagrun for example_bash_operator to 2026-05-16 00:00:00+00:00, run_after=2026-05-17 00:00:00+00:00
[2026-05-17T04:25:07.362+0000] {processor.py:183} INFO - Processing /home/airflow/.local/lib/python3.8/site-packages/airflow/example_dags/example_bash_operator.py took 0.263 seconds
[2026-05-17T04:25:37.502+0000] {processor.py:161} INFO - Started process (PID=8623) to work on /home/airflow/.local/lib/python3.8/site-packages/airflow/example_dags/example_bash_operator.py
[2026-05-17T04:25:37.503+0000] {processor.py:830} INFO - Processing file /home/airflow/.local/lib/python3.8/site-packages/airflow/example_dags/example_bash_operator.py for tasks to queue
[2026-05-17T04:25:37.506+0000] {logging_mixin.py:188} INFO - [2026-05-17T04:25:37.505+0000] {dagbag.py:538} INFO - Filling up the DagBag from /home/airflow/.local/lib/python3.8/site-packages/airflow/example_dags/example_bash_operator.py
[2026-05-17T04:25:37.530+0000] {processor.py:840} INFO - DAG(s) 'example_bash_operator' retrieved from /home/airflow/.local/lib/python3.8/site-packages/airflow/example_dags/example_bash_operator.py
[2026-05-17T04:25:37.608+0000] {logging_mixin.py:188} INFO - [2026-05-17T04:25:37.608+0000] {dag.py:3036} INFO - Sync 1 DAGs
[2026-05-17T04:25:37.662+0000] {logging_mixin.py:188} INFO - [2026-05-17T04:25:37.662+0000] {dag.py:3823} INFO - Setting next_dagrun for example_bash_operator to 2026-05-16 00:00:00+00:00, run_after=2026-05-17 00:00:00+00:00
[2026-05-17T04:25:37.703+0000] {processor.py:183} INFO - Processing /home/airflow/.local/lib/python3.8/site-packages/airflow/example_dags/example_bash_operator.py took 0.208 seconds
[2026-05-17T04:26:08.343+0000] {processor.py:161} INFO - Started process (PID=8688) to work on /home/airflow/.local/lib/python3.8/site-packages/airflow/example_dags/example_bash_operator.py
[2026-05-17T04:26:08.345+0000] {processor.py:830} INFO - Processing file /home/airflow/.local/lib/python3.8/site-packages/airflow/example_dags/example_bash_operator.py for tasks to queue
[2026-05-17T04:26:08.348+0000] {logging_mixin.py:188} INFO - [2026-05-17T04:26:08.347+0000] {dagbag.py:538} INFO - Filling up the DagBag from /home/airflow/.local/lib/python3.8/site-packages/airflow/example_dags/example_bash_operator.py
[2026-05-17T04:26:08.372+0000] {processor.py:840} INFO - DAG(s) 'example_bash_operator' retrieved from /home/airflow/.local/lib/python3.8/site-packages/airflow/example_dags/example_bash_operator.py
[2026-05-17T04:26:08.430+0000] {logging_mixin.py:188} INFO - [2026-05-17T04:26:08.430+0000] {dag.py:3036} INFO - Sync 1 DAGs
[2026-05-17T04:26:08.476+0000] {logging_mixin.py:188} INFO - [2026-05-17T04:26:08.475+0000] {dag.py:3823} INFO - Setting next_dagrun for example_bash_operator to 2026-05-16 00:00:00+00:00, run_after=2026-05-17 00:00:00+00:00
[2026-05-17T04:26:08.508+0000] {processor.py:183} INFO - Processing /home/airflow/.local/lib/python3.8/site-packages/airflow/example_dags/example_bash_operator.py took 0.171 seconds
[2026-05-17T04:26:38.741+0000] {processor.py:161} INFO - Started process (PID=8754) to work on /home/airflow/.local/lib/python3.8/site-packages/airflow/example_dags/example_bash_operator.py
[2026-05-17T04:26:38.742+0000] {processor.py:830} INFO - Processing file /home/airflow/.local/lib/python3.8/site-packages/airflow/example_dags/example_bash_operator.py for tasks to queue
[2026-05-17T04:26:38.745+0000] {logging_mixin.py:188} INFO - [2026-05-17T04:26:38.744+0000] {dagbag.py:538} INFO - Filling up the DagBag from /home/airflow/.local/lib/python3.8/site-packages/airflow/example_dags/example_bash_operator.py
[2026-05-17T04:26:38.763+0000] {processor.py:840} INFO - DAG(s) 'example_bash_operator' retrieved from /home/airflow/.local/lib/python3.8/site-packages/airflow/example_dags/example_bash_operator.py
[2026-05-17T04:26:38.827+0000] {logging_mixin.py:188} INFO - [2026-05-17T04:26:38.827+0000] {dag.py:3036} INFO - Sync 1 DAGs
[2026-05-17T04:26:38.868+0000] {logging_mixin.py:188} INFO - [2026-05-17T04:26:38.868+0000] {dag.py:3823} INFO - Setting next_dagrun for example_bash_operator to 2026-05-16 00:00:00+00:00, run_after=2026-05-17 00:00:00+00:00
[2026-05-17T04:26:38.900+0000] {processor.py:183} INFO - Processing /home/airflow/.local/lib/python3.8/site-packages/airflow/example_dags/example_bash_operator.py took 0.164 seconds
[2026-05-17T04:27:09.448+0000] {processor.py:161} INFO - Started process (PID=8820) to work on /home/airflow/.local/lib/python3.8/site-packages/airflow/example_dags/example_bash_operator.py
[2026-05-17T04:27:09.450+0000] {processor.py:830} INFO - Processing file /home/airflow/.local/lib/python3.8/site-packages/airflow/example_dags/example_bash_operator.py for tasks to queue
[2026-05-17T04:27:09.459+0000] {logging_mixin.py:188} INFO - [2026-05-17T04:27:09.458+0000] {dagbag.py:538} INFO - Filling up the DagBag from /home/airflow/.local/lib/python3.8/site-packages/airflow/example_dags/example_bash_operator.py
[2026-05-17T04:27:09.486+0000] {processor.py:840} INFO - DAG(s) 'example_bash_operator' retrieved from /home/airflow/.local/lib/python3.8/site-packages/airflow/example_dags/example_bash_operator.py
[2026-05-17T04:27:09.558+0000] {logging_mixin.py:188} INFO - [2026-05-17T04:27:09.557+0000] {dag.py:3036} INFO - Sync 1 DAGs
[2026-05-17T04:27:09.603+0000] {logging_mixin.py:188} INFO - [2026-05-17T04:27:09.602+0000] {dag.py:3823} INFO - Setting next_dagrun for example_bash_operator to 2026-05-16 00:00:00+00:00, run_after=2026-05-17 00:00:00+00:00
[2026-05-17T04:27:09.649+0000] {processor.py:183} INFO - Processing /home/airflow/.local/lib/python3.8/site-packages/airflow/example_dags/example_bash_operator.py took 0.213 seconds
[2026-05-17T04:27:40.142+0000] {processor.py:161} INFO - Started process (PID=8887) to work on /home/airflow/.local/lib/python3.8/site-packages/airflow/example_dags/example_bash_operator.py
[2026-05-17T04:27:40.143+0000] {processor.py:830} INFO - Processing file /home/airflow/.local/lib/python3.8/site-packages/airflow/example_dags/example_bash_operator.py for tasks to queue
[2026-05-17T04:27:40.146+0000] {logging_mixin.py:188} INFO - [2026-05-17T04:27:40.145+0000] {dagbag.py:538} INFO - Filling up the DagBag from /home/airflow/.local/lib/python3.8/site-packages/airflow/example_dags/example_bash_operator.py
[2026-05-17T04:27:40.164+0000] {processor.py:840} INFO - DAG(s) 'example_bash_operator' retrieved from /home/airflow/.local/lib/python3.8/site-packages/airflow/example_dags/example_bash_operator.py
[2026-05-17T04:27:40.226+0000] {logging_mixin.py:188} INFO - [2026-05-17T04:27:40.225+0000] {dag.py:3036} INFO - Sync 1 DAGs
[2026-05-17T04:27:40.271+0000] {logging_mixin.py:188} INFO - [2026-05-17T04:27:40.271+0000] {dag.py:3823} INFO - Setting next_dagrun for example_bash_operator to 2026-05-16 00:00:00+00:00, run_after=2026-05-17 00:00:00+00:00
[2026-05-17T04:27:40.304+0000] {processor.py:183} INFO - Processing /home/airflow/.local/lib/python3.8/site-packages/airflow/example_dags/example_bash_operator.py took 0.167 seconds
[2026-05-17T04:28:10.670+0000] {processor.py:161} INFO - Started process (PID=8954) to work on /home/airflow/.local/lib/python3.8/site-packages/airflow/example_dags/example_bash_operator.py
[2026-05-17T04:28:10.672+0000] {processor.py:830} INFO - Processing file /home/airflow/.local/lib/python3.8/site-packages/airflow/example_dags/example_bash_operator.py for tasks to queue
[2026-05-17T04:28:10.676+0000] {logging_mixin.py:188} INFO - [2026-05-17T04:28:10.675+0000] {dagbag.py:538} INFO - Filling up the DagBag from /home/airflow/.local/lib/python3.8/site-packages/airflow/example_dags/example_bash_operator.py
[2026-05-17T04:28:10.695+0000] {processor.py:840} INFO - DAG(s) 'example_bash_operator' retrieved from /home/airflow/.local/lib/python3.8/site-packages/airflow/example_dags/example_bash_operator.py
[2026-05-17T04:28:10.754+0000] {logging_mixin.py:188} INFO - [2026-05-17T04:28:10.754+0000] {dag.py:3036} INFO - Sync 1 DAGs
[2026-05-17T04:28:10.798+0000] {logging_mixin.py:188} INFO - [2026-05-17T04:28:10.798+0000] {dag.py:3823} INFO - Setting next_dagrun for example_bash_operator to 2026-05-16 00:00:00+00:00, run_after=2026-05-17 00:00:00+00:00
[2026-05-17T04:28:10.829+0000] {processor.py:183} INFO - Processing /home/airflow/.local/lib/python3.8/site-packages/airflow/example_dags/example_bash_operator.py took 0.164 seconds
[2026-05-17T04:28:41.392+0000] {processor.py:161} INFO - Started process (PID=9020) to work on /home/airflow/.local/lib/python3.8/site-packages/airflow/example_dags/example_bash_operator.py
[2026-05-17T04:28:41.393+0000] {processor.py:830} INFO - Processing file /home/airflow/.local/lib/python3.8/site-packages/airflow/example_dags/example_bash_operator.py for tasks to queue
[2026-05-17T04:28:41.396+0000] {logging_mixin.py:188} INFO - [2026-05-17T04:28:41.396+0000] {dagbag.py:538} INFO - Filling up the DagBag from /home/airflow/.local/lib/python3.8/site-packages/airflow/example_dags/example_bash_operator.py
[2026-05-17T04:28:41.417+0000] {processor.py:840} INFO - DAG(s) 'example_bash_operator' retrieved from /home/airflow/.local/lib/python3.8/site-packages/airflow/example_dags/example_bash_operator.py
[2026-05-17T04:28:41.482+0000] {logging_mixin.py:188} INFO - [2026-05-17T04:28:41.481+0000] {dag.py:3036} INFO - Sync 1 DAGs
[2026-05-17T04:28:41.526+0000] {logging_mixin.py:188} INFO - [2026-05-17T04:28:41.525+0000] {dag.py:3823} INFO - Setting next_dagrun for example_bash_operator to 2026-05-16 00:00:00+00:00, run_after=2026-05-17 00:00:00+00:00
[2026-05-17T04:28:41.561+0000] {processor.py:183} INFO - Processing /home/airflow/.local/lib/python3.8/site-packages/airflow/example_dags/example_bash_operator.py took 0.175 seconds
[2026-05-17T04:29:11.858+0000] {processor.py:161} INFO - Started process (PID=9086) to work on /home/airflow/.local/lib/python3.8/site-packages/airflow/example_dags/example_bash_operator.py
[2026-05-17T04:29:11.860+0000] {processor.py:830} INFO - Processing file /home/airflow/.local/lib/python3.8/site-packages/airflow/example_dags/example_bash_operator.py for tasks to queue
[2026-05-17T04:29:11.862+0000] {logging_mixin.py:188} INFO - [2026-05-17T04:29:11.862+0000] {dagbag.py:538} INFO - Filling up the DagBag from /home/airflow/.local/lib/python3.8/site-packages/airflow/example_dags/example_bash_operator.py
[2026-05-17T04:29:11.882+0000] {processor.py:840} INFO - DAG(s) 'example_bash_operator' retrieved from /home/airflow/.local/lib/python3.8/site-packages/airflow/example_dags/example_bash_operator.py
[2026-05-17T04:29:11.939+0000] {logging_mixin.py:188} INFO - [2026-05-17T04:29:11.939+0000] {dag.py:3036} INFO - Sync 1 DAGs
[2026-05-17T04:29:11.977+0000] {logging_mixin.py:188} INFO - [2026-05-17T04:29:11.977+0000] {dag.py:3823} INFO - Setting next_dagrun for example_bash_operator to 2026-05-16 00:00:00+00:00, run_after=2026-05-17 00:00:00+00:00
[2026-05-17T04:29:12.005+0000] {processor.py:183} INFO - Processing /home/airflow/.local/lib/python3.8/site-packages/airflow/example_dags/example_bash_operator.py took 0.152 seconds
[2026-05-17T04:29:42.519+0000] {processor.py:161} INFO - Started process (PID=9152) to work on /home/airflow/.local/lib/python3.8/site-packages/airflow/example_dags/example_bash_operator.py
[2026-05-17T04:29:42.520+0000] {processor.py:830} INFO - Processing file /home/airflow/.local/lib/python3.8/site-packages/airflow/example_dags/example_bash_operator.py for tasks to queue
[2026-05-17T04:29:42.523+0000] {logging_mixin.py:188} INFO - [2026-05-17T04:29:42.523+0000] {dagbag.py:538} INFO - Filling up the DagBag from /home/airflow/.local/lib/python3.8/site-packages/airflow/example_dags/example_bash_operator.py
[2026-05-17T04:29:42.543+0000] {processor.py:840} INFO - DAG(s) 'example_bash_operator' retrieved from /home/airflow/.local/lib/python3.8/site-packages/airflow/example_dags/example_bash_operator.py
[2026-05-17T04:29:42.603+0000] {logging_mixin.py:188} INFO - [2026-05-17T04:29:42.602+0000] {dag.py:3036} INFO - Sync 1 DAGs
[2026-05-17T04:29:42.644+0000] {logging_mixin.py:188} INFO - [2026-05-17T04:29:42.643+0000] {dag.py:3823} INFO - Setting next_dagrun for example_bash_operator to 2026-05-16 00:00:00+00:00, run_after=2026-05-17 00:00:00+00:00
[2026-05-17T04:29:42.674+0000] {processor.py:183} INFO - Processing /home/airflow/.local/lib/python3.8/site-packages/airflow/example_dags/example_bash_operator.py took 0.160 seconds
[2026-05-17T04:30:13.473+0000] {processor.py:161} INFO - Started process (PID=9225) to work on /home/airflow/.local/lib/python3.8/site-packages/airflow/example_dags/example_bash_operator.py
[2026-05-17T04:30:13.475+0000] {processor.py:830} INFO - Processing file /home/airflow/.local/lib/python3.8/site-packages/airflow/example_dags/example_bash_operator.py for tasks to queue
[2026-05-17T04:30:13.478+0000] {logging_mixin.py:188} INFO - [2026-05-17T04:30:13.477+0000] {dagbag.py:538} INFO - Filling up the DagBag from /home/airflow/.local/lib/python3.8/site-packages/airflow/example_dags/example_bash_operator.py
[2026-05-17T04:30:13.498+0000] {processor.py:840} INFO - DAG(s) 'example_bash_operator' retrieved from /home/airflow/.local/lib/python3.8/site-packages/airflow/example_dags/example_bash_operator.py
[2026-05-17T04:30:13.553+0000] {logging_mixin.py:188} INFO - [2026-05-17T04:30:13.552+0000] {dag.py:3036} INFO - Sync 1 DAGs
[2026-05-17T04:30:13.601+0000] {logging_mixin.py:188} INFO - [2026-05-17T04:30:13.600+0000] {dag.py:3823} INFO - Setting next_dagrun for example_bash_operator to 2026-05-16 00:00:00+00:00, run_after=2026-05-17 00:00:00+00:00
[2026-05-17T04:30:13.636+0000] {processor.py:183} INFO - Processing /home/airflow/.local/lib/python3.8/site-packages/airflow/example_dags/example_bash_operator.py took 0.168 seconds
[2026-05-17T04:30:44.491+0000] {processor.py:161} INFO - Started process (PID=9292) to work on /home/airflow/.local/lib/python3.8/site-packages/airflow/example_dags/example_bash_operator.py
[2026-05-17T04:30:44.492+0000] {processor.py:830} INFO - Processing file /home/airflow/.local/lib/python3.8/site-packages/airflow/example_dags/example_bash_operator.py for tasks to queue
[2026-05-17T04:30:44.495+0000] {logging_mixin.py:188} INFO - [2026-05-17T04:30:44.495+0000] {dagbag.py:538} INFO - Filling up the DagBag from /home/airflow/.local/lib/python3.8/site-packages/airflow/example_dags/example_bash_operator.py
[2026-05-17T04:30:44.515+0000] {processor.py:840} INFO - DAG(s) 'example_bash_operator' retrieved from /home/airflow/.local/lib/python3.8/site-packages/airflow/example_dags/example_bash_operator.py
[2026-05-17T04:30:44.569+0000] {logging_mixin.py:188} INFO - [2026-05-17T04:30:44.569+0000] {dag.py:3036} INFO - Sync 1 DAGs
[2026-05-17T04:30:44.615+0000] {logging_mixin.py:188} INFO - [2026-05-17T04:30:44.615+0000] {dag.py:3823} INFO - Setting next_dagrun for example_bash_operator to 2026-05-16 00:00:00+00:00, run_after=2026-05-17 00:00:00+00:00
[2026-05-17T04:30:44.649+0000] {processor.py:183} INFO - Processing /home/airflow/.local/lib/python3.8/site-packages/airflow/example_dags/example_bash_operator.py took 0.163 seconds
[2026-05-17T04:31:15.331+0000] {processor.py:161} INFO - Started process (PID=9358) to work on /home/airflow/.local/lib/python3.8/site-packages/airflow/example_dags/example_bash_operator.py
[2026-05-17T04:31:15.333+0000] {processor.py:830} INFO - Processing file /home/airflow/.local/lib/python3.8/site-packages/airflow/example_dags/example_bash_operator.py for tasks to queue
[2026-05-17T04:31:15.336+0000] {logging_mixin.py:188} INFO - [2026-05-17T04:31:15.336+0000] {dagbag.py:538} INFO - Filling up the DagBag from /home/airflow/.local/lib/python3.8/site-packages/airflow/example_dags/example_bash_operator.py
[2026-05-17T04:31:15.355+0000] {processor.py:840} INFO - DAG(s) 'example_bash_operator' retrieved from /home/airflow/.local/lib/python3.8/site-packages/airflow/example_dags/example_bash_operator.py
[2026-05-17T04:31:15.429+0000] {logging_mixin.py:188} INFO - [2026-05-17T04:31:15.428+0000] {dag.py:3036} INFO - Sync 1 DAGs
[2026-05-17T04:31:15.483+0000] {logging_mixin.py:188} INFO - [2026-05-17T04:31:15.482+0000] {dag.py:3823} INFO - Setting next_dagrun for example_bash_operator to 2026-05-16 00:00:00+00:00, run_after=2026-05-17 00:00:00+00:00
[2026-05-17T04:31:15.522+0000] {processor.py:183} INFO - Processing /home/airflow/.local/lib/python3.8/site-packages/airflow/example_dags/example_bash_operator.py took 0.197 seconds
