[2026-05-17T03:20:27.141+0000] {processor.py:161} INFO - Started process (PID=80) to work on /home/airflow/.local/lib/python3.8/site-packages/airflow/example_dags/tutorial_taskflow_api_virtualenv.py
[2026-05-17T03:20:27.143+0000] {processor.py:830} INFO - Processing file /home/airflow/.local/lib/python3.8/site-packages/airflow/example_dags/tutorial_taskflow_api_virtualenv.py for tasks to queue
[2026-05-17T03:20:27.146+0000] {logging_mixin.py:188} INFO - [2026-05-17T03:20:27.146+0000] {dagbag.py:538} INFO - Filling up the DagBag from /home/airflow/.local/lib/python3.8/site-packages/airflow/example_dags/tutorial_taskflow_api_virtualenv.py
[2026-05-17T03:20:27.186+0000] {processor.py:840} INFO - DAG(s) 'tutorial_taskflow_api_virtualenv' retrieved from /home/airflow/.local/lib/python3.8/site-packages/airflow/example_dags/tutorial_taskflow_api_virtualenv.py
[2026-05-17T03:20:27.229+0000] {logging_mixin.py:188} INFO - [2026-05-17T03:20:27.228+0000] {dag.py:3036} INFO - Sync 1 DAGs
[2026-05-17T03:20:27.293+0000] {logging_mixin.py:188} INFO - [2026-05-17T03:20:27.292+0000] {dag.py:3823} INFO - Setting next_dagrun for tutorial_taskflow_api_virtualenv to None, run_after=None
[2026-05-17T03:20:27.415+0000] {processor.py:183} INFO - Processing /home/airflow/.local/lib/python3.8/site-packages/airflow/example_dags/tutorial_taskflow_api_virtualenv.py took 0.280 seconds
[2026-05-17T03:20:58.552+0000] {processor.py:161} INFO - Started process (PID=146) to work on /home/airflow/.local/lib/python3.8/site-packages/airflow/example_dags/tutorial_taskflow_api_virtualenv.py
[2026-05-17T03:20:58.554+0000] {processor.py:830} INFO - Processing file /home/airflow/.local/lib/python3.8/site-packages/airflow/example_dags/tutorial_taskflow_api_virtualenv.py for tasks to queue
[2026-05-17T03:20:58.557+0000] {logging_mixin.py:188} INFO - [2026-05-17T03:20:58.557+0000] {dagbag.py:538} INFO - Filling up the DagBag from /home/airflow/.local/lib/python3.8/site-packages/airflow/example_dags/tutorial_taskflow_api_virtualenv.py
[2026-05-17T03:20:58.579+0000] {processor.py:840} INFO - DAG(s) 'tutorial_taskflow_api_virtualenv' retrieved from /home/airflow/.local/lib/python3.8/site-packages/airflow/example_dags/tutorial_taskflow_api_virtualenv.py
[2026-05-17T03:20:58.820+0000] {logging_mixin.py:188} INFO - [2026-05-17T03:20:58.820+0000] {dag.py:3036} INFO - Sync 1 DAGs
[2026-05-17T03:20:58.843+0000] {logging_mixin.py:188} INFO - [2026-05-17T03:20:58.843+0000] {dag.py:3823} INFO - Setting next_dagrun for tutorial_taskflow_api_virtualenv to None, run_after=None
[2026-05-17T03:20:58.881+0000] {processor.py:183} INFO - Processing /home/airflow/.local/lib/python3.8/site-packages/airflow/example_dags/tutorial_taskflow_api_virtualenv.py took 0.336 seconds
[2026-05-17T03:21:29.368+0000] {processor.py:161} INFO - Started process (PID=209) to work on /home/airflow/.local/lib/python3.8/site-packages/airflow/example_dags/tutorial_taskflow_api_virtualenv.py
[2026-05-17T03:21:29.370+0000] {processor.py:830} INFO - Processing file /home/airflow/.local/lib/python3.8/site-packages/airflow/example_dags/tutorial_taskflow_api_virtualenv.py for tasks to queue
[2026-05-17T03:21:29.372+0000] {logging_mixin.py:188} INFO - [2026-05-17T03:21:29.372+0000] {dagbag.py:538} INFO - Filling up the DagBag from /home/airflow/.local/lib/python3.8/site-packages/airflow/example_dags/tutorial_taskflow_api_virtualenv.py
[2026-05-17T03:21:29.391+0000] {processor.py:840} INFO - DAG(s) 'tutorial_taskflow_api_virtualenv' retrieved from /home/airflow/.local/lib/python3.8/site-packages/airflow/example_dags/tutorial_taskflow_api_virtualenv.py
[2026-05-17T03:21:29.426+0000] {logging_mixin.py:188} INFO - [2026-05-17T03:21:29.425+0000] {dag.py:3036} INFO - Sync 1 DAGs
[2026-05-17T03:21:29.446+0000] {logging_mixin.py:188} INFO - [2026-05-17T03:21:29.446+0000] {dag.py:3823} INFO - Setting next_dagrun for tutorial_taskflow_api_virtualenv to None, run_after=None
[2026-05-17T03:21:29.475+0000] {processor.py:183} INFO - Processing /home/airflow/.local/lib/python3.8/site-packages/airflow/example_dags/tutorial_taskflow_api_virtualenv.py took 0.112 seconds
[2026-05-17T03:21:59.799+0000] {processor.py:161} INFO - Started process (PID=274) to work on /home/airflow/.local/lib/python3.8/site-packages/airflow/example_dags/tutorial_taskflow_api_virtualenv.py
[2026-05-17T03:21:59.800+0000] {processor.py:830} INFO - Processing file /home/airflow/.local/lib/python3.8/site-packages/airflow/example_dags/tutorial_taskflow_api_virtualenv.py for tasks to queue
[2026-05-17T03:21:59.803+0000] {logging_mixin.py:188} INFO - [2026-05-17T03:21:59.803+0000] {dagbag.py:538} INFO - Filling up the DagBag from /home/airflow/.local/lib/python3.8/site-packages/airflow/example_dags/tutorial_taskflow_api_virtualenv.py
[2026-05-17T03:21:59.822+0000] {processor.py:840} INFO - DAG(s) 'tutorial_taskflow_api_virtualenv' retrieved from /home/airflow/.local/lib/python3.8/site-packages/airflow/example_dags/tutorial_taskflow_api_virtualenv.py
[2026-05-17T03:21:59.866+0000] {logging_mixin.py:188} INFO - [2026-05-17T03:21:59.865+0000] {dag.py:3036} INFO - Sync 1 DAGs
[2026-05-17T03:21:59.887+0000] {logging_mixin.py:188} INFO - [2026-05-17T03:21:59.887+0000] {dag.py:3823} INFO - Setting next_dagrun for tutorial_taskflow_api_virtualenv to None, run_after=None
[2026-05-17T03:21:59.921+0000] {processor.py:183} INFO - Processing /home/airflow/.local/lib/python3.8/site-packages/airflow/example_dags/tutorial_taskflow_api_virtualenv.py took 0.128 seconds
[2026-05-17T03:22:30.128+0000] {processor.py:161} INFO - Started process (PID=338) to work on /home/airflow/.local/lib/python3.8/site-packages/airflow/example_dags/tutorial_taskflow_api_virtualenv.py
[2026-05-17T03:22:30.130+0000] {processor.py:830} INFO - Processing file /home/airflow/.local/lib/python3.8/site-packages/airflow/example_dags/tutorial_taskflow_api_virtualenv.py for tasks to queue
[2026-05-17T03:22:30.132+0000] {logging_mixin.py:188} INFO - [2026-05-17T03:22:30.132+0000] {dagbag.py:538} INFO - Filling up the DagBag from /home/airflow/.local/lib/python3.8/site-packages/airflow/example_dags/tutorial_taskflow_api_virtualenv.py
[2026-05-17T03:22:30.151+0000] {processor.py:840} INFO - DAG(s) 'tutorial_taskflow_api_virtualenv' retrieved from /home/airflow/.local/lib/python3.8/site-packages/airflow/example_dags/tutorial_taskflow_api_virtualenv.py
[2026-05-17T03:22:30.195+0000] {logging_mixin.py:188} INFO - [2026-05-17T03:22:30.194+0000] {dag.py:3036} INFO - Sync 1 DAGs
[2026-05-17T03:22:30.216+0000] {logging_mixin.py:188} INFO - [2026-05-17T03:22:30.216+0000] {dag.py:3823} INFO - Setting next_dagrun for tutorial_taskflow_api_virtualenv to None, run_after=None
[2026-05-17T03:22:30.250+0000] {processor.py:183} INFO - Processing /home/airflow/.local/lib/python3.8/site-packages/airflow/example_dags/tutorial_taskflow_api_virtualenv.py took 0.128 seconds
[2026-05-17T03:23:00.443+0000] {processor.py:161} INFO - Started process (PID=403) to work on /home/airflow/.local/lib/python3.8/site-packages/airflow/example_dags/tutorial_taskflow_api_virtualenv.py
[2026-05-17T03:23:00.445+0000] {processor.py:830} INFO - Processing file /home/airflow/.local/lib/python3.8/site-packages/airflow/example_dags/tutorial_taskflow_api_virtualenv.py for tasks to queue
[2026-05-17T03:23:00.447+0000] {logging_mixin.py:188} INFO - [2026-05-17T03:23:00.447+0000] {dagbag.py:538} INFO - Filling up the DagBag from /home/airflow/.local/lib/python3.8/site-packages/airflow/example_dags/tutorial_taskflow_api_virtualenv.py
[2026-05-17T03:23:00.462+0000] {processor.py:840} INFO - DAG(s) 'tutorial_taskflow_api_virtualenv' retrieved from /home/airflow/.local/lib/python3.8/site-packages/airflow/example_dags/tutorial_taskflow_api_virtualenv.py
[2026-05-17T03:23:00.498+0000] {logging_mixin.py:188} INFO - [2026-05-17T03:23:00.498+0000] {dag.py:3036} INFO - Sync 1 DAGs
[2026-05-17T03:23:00.518+0000] {logging_mixin.py:188} INFO - [2026-05-17T03:23:00.518+0000] {dag.py:3823} INFO - Setting next_dagrun for tutorial_taskflow_api_virtualenv to None, run_after=None
[2026-05-17T03:23:00.549+0000] {processor.py:183} INFO - Processing /home/airflow/.local/lib/python3.8/site-packages/airflow/example_dags/tutorial_taskflow_api_virtualenv.py took 0.110 seconds
[2026-05-17T03:23:30.829+0000] {processor.py:161} INFO - Started process (PID=467) to work on /home/airflow/.local/lib/python3.8/site-packages/airflow/example_dags/tutorial_taskflow_api_virtualenv.py
[2026-05-17T03:23:30.831+0000] {processor.py:830} INFO - Processing file /home/airflow/.local/lib/python3.8/site-packages/airflow/example_dags/tutorial_taskflow_api_virtualenv.py for tasks to queue
[2026-05-17T03:23:30.834+0000] {logging_mixin.py:188} INFO - [2026-05-17T03:23:30.833+0000] {dagbag.py:538} INFO - Filling up the DagBag from /home/airflow/.local/lib/python3.8/site-packages/airflow/example_dags/tutorial_taskflow_api_virtualenv.py
[2026-05-17T03:23:30.853+0000] {processor.py:840} INFO - DAG(s) 'tutorial_taskflow_api_virtualenv' retrieved from /home/airflow/.local/lib/python3.8/site-packages/airflow/example_dags/tutorial_taskflow_api_virtualenv.py
[2026-05-17T03:23:30.889+0000] {logging_mixin.py:188} INFO - [2026-05-17T03:23:30.888+0000] {dag.py:3036} INFO - Sync 1 DAGs
[2026-05-17T03:23:30.909+0000] {logging_mixin.py:188} INFO - [2026-05-17T03:23:30.908+0000] {dag.py:3823} INFO - Setting next_dagrun for tutorial_taskflow_api_virtualenv to None, run_after=None
[2026-05-17T03:23:30.939+0000] {processor.py:183} INFO - Processing /home/airflow/.local/lib/python3.8/site-packages/airflow/example_dags/tutorial_taskflow_api_virtualenv.py took 0.117 seconds
[2026-05-17T03:24:01.376+0000] {processor.py:161} INFO - Started process (PID=532) to work on /home/airflow/.local/lib/python3.8/site-packages/airflow/example_dags/tutorial_taskflow_api_virtualenv.py
[2026-05-17T03:24:01.379+0000] {processor.py:830} INFO - Processing file /home/airflow/.local/lib/python3.8/site-packages/airflow/example_dags/tutorial_taskflow_api_virtualenv.py for tasks to queue
[2026-05-17T03:24:01.381+0000] {logging_mixin.py:188} INFO - [2026-05-17T03:24:01.381+0000] {dagbag.py:538} INFO - Filling up the DagBag from /home/airflow/.local/lib/python3.8/site-packages/airflow/example_dags/tutorial_taskflow_api_virtualenv.py
[2026-05-17T03:24:01.400+0000] {processor.py:840} INFO - DAG(s) 'tutorial_taskflow_api_virtualenv' retrieved from /home/airflow/.local/lib/python3.8/site-packages/airflow/example_dags/tutorial_taskflow_api_virtualenv.py
[2026-05-17T03:24:01.442+0000] {logging_mixin.py:188} INFO - [2026-05-17T03:24:01.442+0000] {dag.py:3036} INFO - Sync 1 DAGs
[2026-05-17T03:24:01.468+0000] {logging_mixin.py:188} INFO - [2026-05-17T03:24:01.467+0000] {dag.py:3823} INFO - Setting next_dagrun for tutorial_taskflow_api_virtualenv to None, run_after=None
[2026-05-17T03:24:01.503+0000] {processor.py:183} INFO - Processing /home/airflow/.local/lib/python3.8/site-packages/airflow/example_dags/tutorial_taskflow_api_virtualenv.py took 0.135 seconds
[2026-05-17T03:24:31.602+0000] {processor.py:161} INFO - Started process (PID=596) to work on /home/airflow/.local/lib/python3.8/site-packages/airflow/example_dags/tutorial_taskflow_api_virtualenv.py
[2026-05-17T03:24:31.604+0000] {processor.py:830} INFO - Processing file /home/airflow/.local/lib/python3.8/site-packages/airflow/example_dags/tutorial_taskflow_api_virtualenv.py for tasks to queue
[2026-05-17T03:24:31.606+0000] {logging_mixin.py:188} INFO - [2026-05-17T03:24:31.606+0000] {dagbag.py:538} INFO - Filling up the DagBag from /home/airflow/.local/lib/python3.8/site-packages/airflow/example_dags/tutorial_taskflow_api_virtualenv.py
[2026-05-17T03:24:31.622+0000] {processor.py:840} INFO - DAG(s) 'tutorial_taskflow_api_virtualenv' retrieved from /home/airflow/.local/lib/python3.8/site-packages/airflow/example_dags/tutorial_taskflow_api_virtualenv.py
[2026-05-17T03:24:31.645+0000] {logging_mixin.py:188} INFO - [2026-05-17T03:24:31.644+0000] {dag.py:3036} INFO - Sync 1 DAGs
[2026-05-17T03:24:31.670+0000] {logging_mixin.py:188} INFO - [2026-05-17T03:24:31.669+0000] {dag.py:3823} INFO - Setting next_dagrun for tutorial_taskflow_api_virtualenv to None, run_after=None
[2026-05-17T03:24:31.703+0000] {processor.py:183} INFO - Processing /home/airflow/.local/lib/python3.8/site-packages/airflow/example_dags/tutorial_taskflow_api_virtualenv.py took 0.106 seconds
[2026-05-17T03:25:02.496+0000] {processor.py:161} INFO - Started process (PID=661) to work on /home/airflow/.local/lib/python3.8/site-packages/airflow/example_dags/tutorial_taskflow_api_virtualenv.py
[2026-05-17T03:25:02.497+0000] {processor.py:830} INFO - Processing file /home/airflow/.local/lib/python3.8/site-packages/airflow/example_dags/tutorial_taskflow_api_virtualenv.py for tasks to queue
[2026-05-17T03:25:02.500+0000] {logging_mixin.py:188} INFO - [2026-05-17T03:25:02.499+0000] {dagbag.py:538} INFO - Filling up the DagBag from /home/airflow/.local/lib/python3.8/site-packages/airflow/example_dags/tutorial_taskflow_api_virtualenv.py
[2026-05-17T03:25:02.516+0000] {processor.py:840} INFO - DAG(s) 'tutorial_taskflow_api_virtualenv' retrieved from /home/airflow/.local/lib/python3.8/site-packages/airflow/example_dags/tutorial_taskflow_api_virtualenv.py
[2026-05-17T03:25:02.726+0000] {logging_mixin.py:188} INFO - [2026-05-17T03:25:02.725+0000] {dag.py:3036} INFO - Sync 1 DAGs
[2026-05-17T03:25:02.747+0000] {logging_mixin.py:188} INFO - [2026-05-17T03:25:02.747+0000] {dag.py:3823} INFO - Setting next_dagrun for tutorial_taskflow_api_virtualenv to None, run_after=None
[2026-05-17T03:25:02.783+0000] {processor.py:183} INFO - Processing /home/airflow/.local/lib/python3.8/site-packages/airflow/example_dags/tutorial_taskflow_api_virtualenv.py took 0.292 seconds
[2026-05-17T03:25:32.899+0000] {processor.py:161} INFO - Started process (PID=732) to work on /home/airflow/.local/lib/python3.8/site-packages/airflow/example_dags/tutorial_taskflow_api_virtualenv.py
[2026-05-17T03:25:32.901+0000] {processor.py:830} INFO - Processing file /home/airflow/.local/lib/python3.8/site-packages/airflow/example_dags/tutorial_taskflow_api_virtualenv.py for tasks to queue
[2026-05-17T03:25:32.904+0000] {logging_mixin.py:188} INFO - [2026-05-17T03:25:32.904+0000] {dagbag.py:538} INFO - Filling up the DagBag from /home/airflow/.local/lib/python3.8/site-packages/airflow/example_dags/tutorial_taskflow_api_virtualenv.py
[2026-05-17T03:25:32.923+0000] {processor.py:840} INFO - DAG(s) 'tutorial_taskflow_api_virtualenv' retrieved from /home/airflow/.local/lib/python3.8/site-packages/airflow/example_dags/tutorial_taskflow_api_virtualenv.py
[2026-05-17T03:25:32.966+0000] {logging_mixin.py:188} INFO - [2026-05-17T03:25:32.965+0000] {dag.py:3036} INFO - Sync 1 DAGs
[2026-05-17T03:25:32.991+0000] {logging_mixin.py:188} INFO - [2026-05-17T03:25:32.990+0000] {dag.py:3823} INFO - Setting next_dagrun for tutorial_taskflow_api_virtualenv to None, run_after=None
[2026-05-17T03:25:33.027+0000] {processor.py:183} INFO - Processing /home/airflow/.local/lib/python3.8/site-packages/airflow/example_dags/tutorial_taskflow_api_virtualenv.py took 0.133 seconds
[2026-05-17T03:26:03.130+0000] {processor.py:161} INFO - Started process (PID=798) to work on /home/airflow/.local/lib/python3.8/site-packages/airflow/example_dags/tutorial_taskflow_api_virtualenv.py
[2026-05-17T03:26:03.131+0000] {processor.py:830} INFO - Processing file /home/airflow/.local/lib/python3.8/site-packages/airflow/example_dags/tutorial_taskflow_api_virtualenv.py for tasks to queue
[2026-05-17T03:26:03.134+0000] {logging_mixin.py:188} INFO - [2026-05-17T03:26:03.134+0000] {dagbag.py:538} INFO - Filling up the DagBag from /home/airflow/.local/lib/python3.8/site-packages/airflow/example_dags/tutorial_taskflow_api_virtualenv.py
[2026-05-17T03:26:03.153+0000] {processor.py:840} INFO - DAG(s) 'tutorial_taskflow_api_virtualenv' retrieved from /home/airflow/.local/lib/python3.8/site-packages/airflow/example_dags/tutorial_taskflow_api_virtualenv.py
[2026-05-17T03:26:03.192+0000] {logging_mixin.py:188} INFO - [2026-05-17T03:26:03.192+0000] {dag.py:3036} INFO - Sync 1 DAGs
[2026-05-17T03:26:03.217+0000] {logging_mixin.py:188} INFO - [2026-05-17T03:26:03.217+0000] {dag.py:3823} INFO - Setting next_dagrun for tutorial_taskflow_api_virtualenv to None, run_after=None
[2026-05-17T03:26:03.253+0000] {processor.py:183} INFO - Processing /home/airflow/.local/lib/python3.8/site-packages/airflow/example_dags/tutorial_taskflow_api_virtualenv.py took 0.129 seconds
[2026-05-17T03:26:33.941+0000] {processor.py:161} INFO - Started process (PID=864) to work on /home/airflow/.local/lib/python3.8/site-packages/airflow/example_dags/tutorial_taskflow_api_virtualenv.py
[2026-05-17T03:26:33.943+0000] {processor.py:830} INFO - Processing file /home/airflow/.local/lib/python3.8/site-packages/airflow/example_dags/tutorial_taskflow_api_virtualenv.py for tasks to queue
[2026-05-17T03:26:33.946+0000] {logging_mixin.py:188} INFO - [2026-05-17T03:26:33.946+0000] {dagbag.py:538} INFO - Filling up the DagBag from /home/airflow/.local/lib/python3.8/site-packages/airflow/example_dags/tutorial_taskflow_api_virtualenv.py
[2026-05-17T03:26:33.965+0000] {processor.py:840} INFO - DAG(s) 'tutorial_taskflow_api_virtualenv' retrieved from /home/airflow/.local/lib/python3.8/site-packages/airflow/example_dags/tutorial_taskflow_api_virtualenv.py
[2026-05-17T03:26:34.001+0000] {logging_mixin.py:188} INFO - [2026-05-17T03:26:34.001+0000] {dag.py:3036} INFO - Sync 1 DAGs
[2026-05-17T03:26:34.021+0000] {logging_mixin.py:188} INFO - [2026-05-17T03:26:34.021+0000] {dag.py:3823} INFO - Setting next_dagrun for tutorial_taskflow_api_virtualenv to None, run_after=None
[2026-05-17T03:26:34.049+0000] {processor.py:183} INFO - Processing /home/airflow/.local/lib/python3.8/site-packages/airflow/example_dags/tutorial_taskflow_api_virtualenv.py took 0.114 seconds
[2026-05-17T03:27:04.926+0000] {processor.py:161} INFO - Started process (PID=929) to work on /home/airflow/.local/lib/python3.8/site-packages/airflow/example_dags/tutorial_taskflow_api_virtualenv.py
[2026-05-17T03:27:04.927+0000] {processor.py:830} INFO - Processing file /home/airflow/.local/lib/python3.8/site-packages/airflow/example_dags/tutorial_taskflow_api_virtualenv.py for tasks to queue
[2026-05-17T03:27:04.930+0000] {logging_mixin.py:188} INFO - [2026-05-17T03:27:04.930+0000] {dagbag.py:538} INFO - Filling up the DagBag from /home/airflow/.local/lib/python3.8/site-packages/airflow/example_dags/tutorial_taskflow_api_virtualenv.py
[2026-05-17T03:27:04.947+0000] {processor.py:840} INFO - DAG(s) 'tutorial_taskflow_api_virtualenv' retrieved from /home/airflow/.local/lib/python3.8/site-packages/airflow/example_dags/tutorial_taskflow_api_virtualenv.py
[2026-05-17T03:27:04.984+0000] {logging_mixin.py:188} INFO - [2026-05-17T03:27:04.983+0000] {dag.py:3036} INFO - Sync 1 DAGs
[2026-05-17T03:27:05.003+0000] {logging_mixin.py:188} INFO - [2026-05-17T03:27:05.003+0000] {dag.py:3823} INFO - Setting next_dagrun for tutorial_taskflow_api_virtualenv to None, run_after=None
[2026-05-17T03:27:05.031+0000] {processor.py:183} INFO - Processing /home/airflow/.local/lib/python3.8/site-packages/airflow/example_dags/tutorial_taskflow_api_virtualenv.py took 0.110 seconds
[2026-05-17T03:27:35.434+0000] {processor.py:161} INFO - Started process (PID=994) to work on /home/airflow/.local/lib/python3.8/site-packages/airflow/example_dags/tutorial_taskflow_api_virtualenv.py
[2026-05-17T03:27:35.436+0000] {processor.py:830} INFO - Processing file /home/airflow/.local/lib/python3.8/site-packages/airflow/example_dags/tutorial_taskflow_api_virtualenv.py for tasks to queue
[2026-05-17T03:27:35.440+0000] {logging_mixin.py:188} INFO - [2026-05-17T03:27:35.439+0000] {dagbag.py:538} INFO - Filling up the DagBag from /home/airflow/.local/lib/python3.8/site-packages/airflow/example_dags/tutorial_taskflow_api_virtualenv.py
[2026-05-17T03:27:35.458+0000] {processor.py:840} INFO - DAG(s) 'tutorial_taskflow_api_virtualenv' retrieved from /home/airflow/.local/lib/python3.8/site-packages/airflow/example_dags/tutorial_taskflow_api_virtualenv.py
[2026-05-17T03:27:35.498+0000] {logging_mixin.py:188} INFO - [2026-05-17T03:27:35.498+0000] {dag.py:3036} INFO - Sync 1 DAGs
[2026-05-17T03:27:35.518+0000] {logging_mixin.py:188} INFO - [2026-05-17T03:27:35.518+0000] {dag.py:3823} INFO - Setting next_dagrun for tutorial_taskflow_api_virtualenv to None, run_after=None
[2026-05-17T03:27:35.546+0000] {processor.py:183} INFO - Processing /home/airflow/.local/lib/python3.8/site-packages/airflow/example_dags/tutorial_taskflow_api_virtualenv.py took 0.118 seconds
[2026-05-17T03:28:06.248+0000] {processor.py:161} INFO - Started process (PID=1059) to work on /home/airflow/.local/lib/python3.8/site-packages/airflow/example_dags/tutorial_taskflow_api_virtualenv.py
[2026-05-17T03:28:06.250+0000] {processor.py:830} INFO - Processing file /home/airflow/.local/lib/python3.8/site-packages/airflow/example_dags/tutorial_taskflow_api_virtualenv.py for tasks to queue
[2026-05-17T03:28:06.254+0000] {logging_mixin.py:188} INFO - [2026-05-17T03:28:06.253+0000] {dagbag.py:538} INFO - Filling up the DagBag from /home/airflow/.local/lib/python3.8/site-packages/airflow/example_dags/tutorial_taskflow_api_virtualenv.py
[2026-05-17T03:28:06.271+0000] {processor.py:840} INFO - DAG(s) 'tutorial_taskflow_api_virtualenv' retrieved from /home/airflow/.local/lib/python3.8/site-packages/airflow/example_dags/tutorial_taskflow_api_virtualenv.py
[2026-05-17T03:28:06.313+0000] {logging_mixin.py:188} INFO - [2026-05-17T03:28:06.313+0000] {dag.py:3036} INFO - Sync 1 DAGs
[2026-05-17T03:28:06.337+0000] {logging_mixin.py:188} INFO - [2026-05-17T03:28:06.337+0000] {dag.py:3823} INFO - Setting next_dagrun for tutorial_taskflow_api_virtualenv to None, run_after=None
[2026-05-17T03:28:06.372+0000] {processor.py:183} INFO - Processing /home/airflow/.local/lib/python3.8/site-packages/airflow/example_dags/tutorial_taskflow_api_virtualenv.py took 0.130 seconds
[2026-05-17T03:28:36.585+0000] {processor.py:161} INFO - Started process (PID=1123) to work on /home/airflow/.local/lib/python3.8/site-packages/airflow/example_dags/tutorial_taskflow_api_virtualenv.py
[2026-05-17T03:28:36.590+0000] {processor.py:830} INFO - Processing file /home/airflow/.local/lib/python3.8/site-packages/airflow/example_dags/tutorial_taskflow_api_virtualenv.py for tasks to queue
[2026-05-17T03:28:36.594+0000] {logging_mixin.py:188} INFO - [2026-05-17T03:28:36.593+0000] {dagbag.py:538} INFO - Filling up the DagBag from /home/airflow/.local/lib/python3.8/site-packages/airflow/example_dags/tutorial_taskflow_api_virtualenv.py
[2026-05-17T03:28:36.610+0000] {processor.py:840} INFO - DAG(s) 'tutorial_taskflow_api_virtualenv' retrieved from /home/airflow/.local/lib/python3.8/site-packages/airflow/example_dags/tutorial_taskflow_api_virtualenv.py
[2026-05-17T03:28:36.649+0000] {logging_mixin.py:188} INFO - [2026-05-17T03:28:36.649+0000] {dag.py:3036} INFO - Sync 1 DAGs
[2026-05-17T03:28:36.670+0000] {logging_mixin.py:188} INFO - [2026-05-17T03:28:36.669+0000] {dag.py:3823} INFO - Setting next_dagrun for tutorial_taskflow_api_virtualenv to None, run_after=None
[2026-05-17T03:28:36.697+0000] {processor.py:183} INFO - Processing /home/airflow/.local/lib/python3.8/site-packages/airflow/example_dags/tutorial_taskflow_api_virtualenv.py took 0.118 seconds
[2026-05-17T03:29:06.856+0000] {processor.py:161} INFO - Started process (PID=1189) to work on /home/airflow/.local/lib/python3.8/site-packages/airflow/example_dags/tutorial_taskflow_api_virtualenv.py
[2026-05-17T03:29:06.858+0000] {processor.py:830} INFO - Processing file /home/airflow/.local/lib/python3.8/site-packages/airflow/example_dags/tutorial_taskflow_api_virtualenv.py for tasks to queue
[2026-05-17T03:29:06.861+0000] {logging_mixin.py:188} INFO - [2026-05-17T03:29:06.860+0000] {dagbag.py:538} INFO - Filling up the DagBag from /home/airflow/.local/lib/python3.8/site-packages/airflow/example_dags/tutorial_taskflow_api_virtualenv.py
[2026-05-17T03:29:06.878+0000] {processor.py:840} INFO - DAG(s) 'tutorial_taskflow_api_virtualenv' retrieved from /home/airflow/.local/lib/python3.8/site-packages/airflow/example_dags/tutorial_taskflow_api_virtualenv.py
[2026-05-17T03:29:06.913+0000] {logging_mixin.py:188} INFO - [2026-05-17T03:29:06.912+0000] {dag.py:3036} INFO - Sync 1 DAGs
[2026-05-17T03:29:06.932+0000] {logging_mixin.py:188} INFO - [2026-05-17T03:29:06.932+0000] {dag.py:3823} INFO - Setting next_dagrun for tutorial_taskflow_api_virtualenv to None, run_after=None
[2026-05-17T03:29:06.960+0000] {processor.py:183} INFO - Processing /home/airflow/.local/lib/python3.8/site-packages/airflow/example_dags/tutorial_taskflow_api_virtualenv.py took 0.109 seconds
[2026-05-17T03:29:37.096+0000] {processor.py:161} INFO - Started process (PID=1255) to work on /home/airflow/.local/lib/python3.8/site-packages/airflow/example_dags/tutorial_taskflow_api_virtualenv.py
[2026-05-17T03:29:37.098+0000] {processor.py:830} INFO - Processing file /home/airflow/.local/lib/python3.8/site-packages/airflow/example_dags/tutorial_taskflow_api_virtualenv.py for tasks to queue
[2026-05-17T03:29:37.100+0000] {logging_mixin.py:188} INFO - [2026-05-17T03:29:37.100+0000] {dagbag.py:538} INFO - Filling up the DagBag from /home/airflow/.local/lib/python3.8/site-packages/airflow/example_dags/tutorial_taskflow_api_virtualenv.py
[2026-05-17T03:29:37.115+0000] {processor.py:840} INFO - DAG(s) 'tutorial_taskflow_api_virtualenv' retrieved from /home/airflow/.local/lib/python3.8/site-packages/airflow/example_dags/tutorial_taskflow_api_virtualenv.py
[2026-05-17T03:29:37.153+0000] {logging_mixin.py:188} INFO - [2026-05-17T03:29:37.152+0000] {dag.py:3036} INFO - Sync 1 DAGs
[2026-05-17T03:29:37.176+0000] {logging_mixin.py:188} INFO - [2026-05-17T03:29:37.175+0000] {dag.py:3823} INFO - Setting next_dagrun for tutorial_taskflow_api_virtualenv to None, run_after=None
[2026-05-17T03:29:37.203+0000] {processor.py:183} INFO - Processing /home/airflow/.local/lib/python3.8/site-packages/airflow/example_dags/tutorial_taskflow_api_virtualenv.py took 0.112 seconds
[2026-05-17T03:30:07.637+0000] {processor.py:161} INFO - Started process (PID=1320) to work on /home/airflow/.local/lib/python3.8/site-packages/airflow/example_dags/tutorial_taskflow_api_virtualenv.py
[2026-05-17T03:30:07.639+0000] {processor.py:830} INFO - Processing file /home/airflow/.local/lib/python3.8/site-packages/airflow/example_dags/tutorial_taskflow_api_virtualenv.py for tasks to queue
[2026-05-17T03:30:07.641+0000] {logging_mixin.py:188} INFO - [2026-05-17T03:30:07.641+0000] {dagbag.py:538} INFO - Filling up the DagBag from /home/airflow/.local/lib/python3.8/site-packages/airflow/example_dags/tutorial_taskflow_api_virtualenv.py
[2026-05-17T03:30:07.660+0000] {processor.py:840} INFO - DAG(s) 'tutorial_taskflow_api_virtualenv' retrieved from /home/airflow/.local/lib/python3.8/site-packages/airflow/example_dags/tutorial_taskflow_api_virtualenv.py
[2026-05-17T03:30:07.700+0000] {logging_mixin.py:188} INFO - [2026-05-17T03:30:07.699+0000] {dag.py:3036} INFO - Sync 1 DAGs
[2026-05-17T03:30:07.721+0000] {logging_mixin.py:188} INFO - [2026-05-17T03:30:07.721+0000] {dag.py:3823} INFO - Setting next_dagrun for tutorial_taskflow_api_virtualenv to None, run_after=None
[2026-05-17T03:30:07.751+0000] {processor.py:183} INFO - Processing /home/airflow/.local/lib/python3.8/site-packages/airflow/example_dags/tutorial_taskflow_api_virtualenv.py took 0.121 seconds
[2026-05-17T03:30:37.887+0000] {processor.py:161} INFO - Started process (PID=1385) to work on /home/airflow/.local/lib/python3.8/site-packages/airflow/example_dags/tutorial_taskflow_api_virtualenv.py
[2026-05-17T03:30:37.888+0000] {processor.py:830} INFO - Processing file /home/airflow/.local/lib/python3.8/site-packages/airflow/example_dags/tutorial_taskflow_api_virtualenv.py for tasks to queue
[2026-05-17T03:30:37.890+0000] {logging_mixin.py:188} INFO - [2026-05-17T03:30:37.890+0000] {dagbag.py:538} INFO - Filling up the DagBag from /home/airflow/.local/lib/python3.8/site-packages/airflow/example_dags/tutorial_taskflow_api_virtualenv.py
[2026-05-17T03:30:37.907+0000] {processor.py:840} INFO - DAG(s) 'tutorial_taskflow_api_virtualenv' retrieved from /home/airflow/.local/lib/python3.8/site-packages/airflow/example_dags/tutorial_taskflow_api_virtualenv.py
[2026-05-17T03:30:37.942+0000] {logging_mixin.py:188} INFO - [2026-05-17T03:30:37.941+0000] {dag.py:3036} INFO - Sync 1 DAGs
[2026-05-17T03:30:37.961+0000] {logging_mixin.py:188} INFO - [2026-05-17T03:30:37.961+0000] {dag.py:3823} INFO - Setting next_dagrun for tutorial_taskflow_api_virtualenv to None, run_after=None
[2026-05-17T03:30:37.989+0000] {processor.py:183} INFO - Processing /home/airflow/.local/lib/python3.8/site-packages/airflow/example_dags/tutorial_taskflow_api_virtualenv.py took 0.108 seconds
[2026-05-17T03:31:08.627+0000] {processor.py:161} INFO - Started process (PID=1460) to work on /home/airflow/.local/lib/python3.8/site-packages/airflow/example_dags/tutorial_taskflow_api_virtualenv.py
[2026-05-17T03:31:08.629+0000] {processor.py:830} INFO - Processing file /home/airflow/.local/lib/python3.8/site-packages/airflow/example_dags/tutorial_taskflow_api_virtualenv.py for tasks to queue
[2026-05-17T03:31:08.633+0000] {logging_mixin.py:188} INFO - [2026-05-17T03:31:08.632+0000] {dagbag.py:538} INFO - Filling up the DagBag from /home/airflow/.local/lib/python3.8/site-packages/airflow/example_dags/tutorial_taskflow_api_virtualenv.py
[2026-05-17T03:31:08.651+0000] {processor.py:840} INFO - DAG(s) 'tutorial_taskflow_api_virtualenv' retrieved from /home/airflow/.local/lib/python3.8/site-packages/airflow/example_dags/tutorial_taskflow_api_virtualenv.py
[2026-05-17T03:31:08.687+0000] {logging_mixin.py:188} INFO - [2026-05-17T03:31:08.686+0000] {dag.py:3036} INFO - Sync 1 DAGs
[2026-05-17T03:31:08.711+0000] {logging_mixin.py:188} INFO - [2026-05-17T03:31:08.711+0000] {dag.py:3823} INFO - Setting next_dagrun for tutorial_taskflow_api_virtualenv to None, run_after=None
[2026-05-17T03:31:08.744+0000] {processor.py:183} INFO - Processing /home/airflow/.local/lib/python3.8/site-packages/airflow/example_dags/tutorial_taskflow_api_virtualenv.py took 0.123 seconds
[2026-05-17T03:31:39.141+0000] {processor.py:161} INFO - Started process (PID=1527) to work on /home/airflow/.local/lib/python3.8/site-packages/airflow/example_dags/tutorial_taskflow_api_virtualenv.py
[2026-05-17T03:31:39.144+0000] {processor.py:830} INFO - Processing file /home/airflow/.local/lib/python3.8/site-packages/airflow/example_dags/tutorial_taskflow_api_virtualenv.py for tasks to queue
[2026-05-17T03:31:39.147+0000] {logging_mixin.py:188} INFO - [2026-05-17T03:31:39.147+0000] {dagbag.py:538} INFO - Filling up the DagBag from /home/airflow/.local/lib/python3.8/site-packages/airflow/example_dags/tutorial_taskflow_api_virtualenv.py
[2026-05-17T03:31:39.167+0000] {processor.py:840} INFO - DAG(s) 'tutorial_taskflow_api_virtualenv' retrieved from /home/airflow/.local/lib/python3.8/site-packages/airflow/example_dags/tutorial_taskflow_api_virtualenv.py
[2026-05-17T03:31:39.200+0000] {logging_mixin.py:188} INFO - [2026-05-17T03:31:39.200+0000] {dag.py:3036} INFO - Sync 1 DAGs
[2026-05-17T03:31:39.222+0000] {logging_mixin.py:188} INFO - [2026-05-17T03:31:39.221+0000] {dag.py:3823} INFO - Setting next_dagrun for tutorial_taskflow_api_virtualenv to None, run_after=None
[2026-05-17T03:31:39.256+0000] {processor.py:183} INFO - Processing /home/airflow/.local/lib/python3.8/site-packages/airflow/example_dags/tutorial_taskflow_api_virtualenv.py took 0.120 seconds
[2026-05-17T03:32:09.661+0000] {processor.py:161} INFO - Started process (PID=1592) to work on /home/airflow/.local/lib/python3.8/site-packages/airflow/example_dags/tutorial_taskflow_api_virtualenv.py
[2026-05-17T03:32:09.662+0000] {processor.py:830} INFO - Processing file /home/airflow/.local/lib/python3.8/site-packages/airflow/example_dags/tutorial_taskflow_api_virtualenv.py for tasks to queue
[2026-05-17T03:32:09.666+0000] {logging_mixin.py:188} INFO - [2026-05-17T03:32:09.665+0000] {dagbag.py:538} INFO - Filling up the DagBag from /home/airflow/.local/lib/python3.8/site-packages/airflow/example_dags/tutorial_taskflow_api_virtualenv.py
[2026-05-17T03:32:09.686+0000] {processor.py:840} INFO - DAG(s) 'tutorial_taskflow_api_virtualenv' retrieved from /home/airflow/.local/lib/python3.8/site-packages/airflow/example_dags/tutorial_taskflow_api_virtualenv.py
[2026-05-17T03:32:09.731+0000] {logging_mixin.py:188} INFO - [2026-05-17T03:32:09.731+0000] {dag.py:3036} INFO - Sync 1 DAGs
[2026-05-17T03:32:09.757+0000] {logging_mixin.py:188} INFO - [2026-05-17T03:32:09.757+0000] {dag.py:3823} INFO - Setting next_dagrun for tutorial_taskflow_api_virtualenv to None, run_after=None
[2026-05-17T03:32:09.795+0000] {processor.py:183} INFO - Processing /home/airflow/.local/lib/python3.8/site-packages/airflow/example_dags/tutorial_taskflow_api_virtualenv.py took 0.140 seconds
[2026-05-17T03:32:40.119+0000] {processor.py:161} INFO - Started process (PID=1656) to work on /home/airflow/.local/lib/python3.8/site-packages/airflow/example_dags/tutorial_taskflow_api_virtualenv.py
[2026-05-17T03:32:40.121+0000] {processor.py:830} INFO - Processing file /home/airflow/.local/lib/python3.8/site-packages/airflow/example_dags/tutorial_taskflow_api_virtualenv.py for tasks to queue
[2026-05-17T03:32:40.123+0000] {logging_mixin.py:188} INFO - [2026-05-17T03:32:40.123+0000] {dagbag.py:538} INFO - Filling up the DagBag from /home/airflow/.local/lib/python3.8/site-packages/airflow/example_dags/tutorial_taskflow_api_virtualenv.py
[2026-05-17T03:32:40.143+0000] {processor.py:840} INFO - DAG(s) 'tutorial_taskflow_api_virtualenv' retrieved from /home/airflow/.local/lib/python3.8/site-packages/airflow/example_dags/tutorial_taskflow_api_virtualenv.py
[2026-05-17T03:32:40.185+0000] {logging_mixin.py:188} INFO - [2026-05-17T03:32:40.185+0000] {dag.py:3036} INFO - Sync 1 DAGs
[2026-05-17T03:32:40.212+0000] {logging_mixin.py:188} INFO - [2026-05-17T03:32:40.212+0000] {dag.py:3823} INFO - Setting next_dagrun for tutorial_taskflow_api_virtualenv to None, run_after=None
[2026-05-17T03:32:40.243+0000] {processor.py:183} INFO - Processing /home/airflow/.local/lib/python3.8/site-packages/airflow/example_dags/tutorial_taskflow_api_virtualenv.py took 0.132 seconds
[2026-05-17T03:33:10.408+0000] {processor.py:161} INFO - Started process (PID=1720) to work on /home/airflow/.local/lib/python3.8/site-packages/airflow/example_dags/tutorial_taskflow_api_virtualenv.py
[2026-05-17T03:33:10.410+0000] {processor.py:830} INFO - Processing file /home/airflow/.local/lib/python3.8/site-packages/airflow/example_dags/tutorial_taskflow_api_virtualenv.py for tasks to queue
[2026-05-17T03:33:10.412+0000] {logging_mixin.py:188} INFO - [2026-05-17T03:33:10.412+0000] {dagbag.py:538} INFO - Filling up the DagBag from /home/airflow/.local/lib/python3.8/site-packages/airflow/example_dags/tutorial_taskflow_api_virtualenv.py
[2026-05-17T03:33:10.432+0000] {processor.py:840} INFO - DAG(s) 'tutorial_taskflow_api_virtualenv' retrieved from /home/airflow/.local/lib/python3.8/site-packages/airflow/example_dags/tutorial_taskflow_api_virtualenv.py
[2026-05-17T03:33:10.472+0000] {logging_mixin.py:188} INFO - [2026-05-17T03:33:10.471+0000] {dag.py:3036} INFO - Sync 1 DAGs
[2026-05-17T03:33:10.503+0000] {logging_mixin.py:188} INFO - [2026-05-17T03:33:10.503+0000] {dag.py:3823} INFO - Setting next_dagrun for tutorial_taskflow_api_virtualenv to None, run_after=None
[2026-05-17T03:33:10.539+0000] {processor.py:183} INFO - Processing /home/airflow/.local/lib/python3.8/site-packages/airflow/example_dags/tutorial_taskflow_api_virtualenv.py took 0.136 seconds
[2026-05-17T03:33:40.773+0000] {processor.py:161} INFO - Started process (PID=1785) to work on /home/airflow/.local/lib/python3.8/site-packages/airflow/example_dags/tutorial_taskflow_api_virtualenv.py
[2026-05-17T03:33:40.775+0000] {processor.py:830} INFO - Processing file /home/airflow/.local/lib/python3.8/site-packages/airflow/example_dags/tutorial_taskflow_api_virtualenv.py for tasks to queue
[2026-05-17T03:33:40.778+0000] {logging_mixin.py:188} INFO - [2026-05-17T03:33:40.777+0000] {dagbag.py:538} INFO - Filling up the DagBag from /home/airflow/.local/lib/python3.8/site-packages/airflow/example_dags/tutorial_taskflow_api_virtualenv.py
[2026-05-17T03:33:40.794+0000] {processor.py:840} INFO - DAG(s) 'tutorial_taskflow_api_virtualenv' retrieved from /home/airflow/.local/lib/python3.8/site-packages/airflow/example_dags/tutorial_taskflow_api_virtualenv.py
[2026-05-17T03:33:40.829+0000] {logging_mixin.py:188} INFO - [2026-05-17T03:33:40.829+0000] {dag.py:3036} INFO - Sync 1 DAGs
[2026-05-17T03:33:40.847+0000] {logging_mixin.py:188} INFO - [2026-05-17T03:33:40.847+0000] {dag.py:3823} INFO - Setting next_dagrun for tutorial_taskflow_api_virtualenv to None, run_after=None
[2026-05-17T03:33:40.874+0000] {processor.py:183} INFO - Processing /home/airflow/.local/lib/python3.8/site-packages/airflow/example_dags/tutorial_taskflow_api_virtualenv.py took 0.106 seconds
[2026-05-17T03:34:11.172+0000] {processor.py:161} INFO - Started process (PID=1850) to work on /home/airflow/.local/lib/python3.8/site-packages/airflow/example_dags/tutorial_taskflow_api_virtualenv.py
[2026-05-17T03:34:11.174+0000] {processor.py:830} INFO - Processing file /home/airflow/.local/lib/python3.8/site-packages/airflow/example_dags/tutorial_taskflow_api_virtualenv.py for tasks to queue
[2026-05-17T03:34:11.176+0000] {logging_mixin.py:188} INFO - [2026-05-17T03:34:11.176+0000] {dagbag.py:538} INFO - Filling up the DagBag from /home/airflow/.local/lib/python3.8/site-packages/airflow/example_dags/tutorial_taskflow_api_virtualenv.py
[2026-05-17T03:34:11.195+0000] {processor.py:840} INFO - DAG(s) 'tutorial_taskflow_api_virtualenv' retrieved from /home/airflow/.local/lib/python3.8/site-packages/airflow/example_dags/tutorial_taskflow_api_virtualenv.py
[2026-05-17T03:34:11.230+0000] {logging_mixin.py:188} INFO - [2026-05-17T03:34:11.230+0000] {dag.py:3036} INFO - Sync 1 DAGs
[2026-05-17T03:34:11.250+0000] {logging_mixin.py:188} INFO - [2026-05-17T03:34:11.249+0000] {dag.py:3823} INFO - Setting next_dagrun for tutorial_taskflow_api_virtualenv to None, run_after=None
[2026-05-17T03:34:11.277+0000] {processor.py:183} INFO - Processing /home/airflow/.local/lib/python3.8/site-packages/airflow/example_dags/tutorial_taskflow_api_virtualenv.py took 0.109 seconds
[2026-05-17T03:34:41.499+0000] {processor.py:161} INFO - Started process (PID=1915) to work on /home/airflow/.local/lib/python3.8/site-packages/airflow/example_dags/tutorial_taskflow_api_virtualenv.py
[2026-05-17T03:34:41.501+0000] {processor.py:830} INFO - Processing file /home/airflow/.local/lib/python3.8/site-packages/airflow/example_dags/tutorial_taskflow_api_virtualenv.py for tasks to queue
[2026-05-17T03:34:41.504+0000] {logging_mixin.py:188} INFO - [2026-05-17T03:34:41.504+0000] {dagbag.py:538} INFO - Filling up the DagBag from /home/airflow/.local/lib/python3.8/site-packages/airflow/example_dags/tutorial_taskflow_api_virtualenv.py
[2026-05-17T03:34:41.522+0000] {processor.py:840} INFO - DAG(s) 'tutorial_taskflow_api_virtualenv' retrieved from /home/airflow/.local/lib/python3.8/site-packages/airflow/example_dags/tutorial_taskflow_api_virtualenv.py
[2026-05-17T03:34:41.562+0000] {logging_mixin.py:188} INFO - [2026-05-17T03:34:41.561+0000] {dag.py:3036} INFO - Sync 1 DAGs
[2026-05-17T03:34:41.581+0000] {logging_mixin.py:188} INFO - [2026-05-17T03:34:41.581+0000] {dag.py:3823} INFO - Setting next_dagrun for tutorial_taskflow_api_virtualenv to None, run_after=None
[2026-05-17T03:34:41.607+0000] {processor.py:183} INFO - Processing /home/airflow/.local/lib/python3.8/site-packages/airflow/example_dags/tutorial_taskflow_api_virtualenv.py took 0.114 seconds
[2026-05-17T03:35:11.821+0000] {processor.py:161} INFO - Started process (PID=1980) to work on /home/airflow/.local/lib/python3.8/site-packages/airflow/example_dags/tutorial_taskflow_api_virtualenv.py
[2026-05-17T03:35:11.822+0000] {processor.py:830} INFO - Processing file /home/airflow/.local/lib/python3.8/site-packages/airflow/example_dags/tutorial_taskflow_api_virtualenv.py for tasks to queue
[2026-05-17T03:35:11.825+0000] {logging_mixin.py:188} INFO - [2026-05-17T03:35:11.825+0000] {dagbag.py:538} INFO - Filling up the DagBag from /home/airflow/.local/lib/python3.8/site-packages/airflow/example_dags/tutorial_taskflow_api_virtualenv.py
[2026-05-17T03:35:11.842+0000] {processor.py:840} INFO - DAG(s) 'tutorial_taskflow_api_virtualenv' retrieved from /home/airflow/.local/lib/python3.8/site-packages/airflow/example_dags/tutorial_taskflow_api_virtualenv.py
[2026-05-17T03:35:11.880+0000] {logging_mixin.py:188} INFO - [2026-05-17T03:35:11.879+0000] {dag.py:3036} INFO - Sync 1 DAGs
[2026-05-17T03:35:11.900+0000] {logging_mixin.py:188} INFO - [2026-05-17T03:35:11.900+0000] {dag.py:3823} INFO - Setting next_dagrun for tutorial_taskflow_api_virtualenv to None, run_after=None
[2026-05-17T03:35:11.931+0000] {processor.py:183} INFO - Processing /home/airflow/.local/lib/python3.8/site-packages/airflow/example_dags/tutorial_taskflow_api_virtualenv.py took 0.116 seconds
[2026-05-17T03:35:42.433+0000] {processor.py:161} INFO - Started process (PID=2046) to work on /home/airflow/.local/lib/python3.8/site-packages/airflow/example_dags/tutorial_taskflow_api_virtualenv.py
[2026-05-17T03:35:42.435+0000] {processor.py:830} INFO - Processing file /home/airflow/.local/lib/python3.8/site-packages/airflow/example_dags/tutorial_taskflow_api_virtualenv.py for tasks to queue
[2026-05-17T03:35:42.438+0000] {logging_mixin.py:188} INFO - [2026-05-17T03:35:42.438+0000] {dagbag.py:538} INFO - Filling up the DagBag from /home/airflow/.local/lib/python3.8/site-packages/airflow/example_dags/tutorial_taskflow_api_virtualenv.py
[2026-05-17T03:35:42.462+0000] {processor.py:840} INFO - DAG(s) 'tutorial_taskflow_api_virtualenv' retrieved from /home/airflow/.local/lib/python3.8/site-packages/airflow/example_dags/tutorial_taskflow_api_virtualenv.py
[2026-05-17T03:35:42.494+0000] {logging_mixin.py:188} INFO - [2026-05-17T03:35:42.494+0000] {dag.py:3036} INFO - Sync 1 DAGs
[2026-05-17T03:35:42.516+0000] {logging_mixin.py:188} INFO - [2026-05-17T03:35:42.515+0000] {dag.py:3823} INFO - Setting next_dagrun for tutorial_taskflow_api_virtualenv to None, run_after=None
[2026-05-17T03:35:42.544+0000] {processor.py:183} INFO - Processing /home/airflow/.local/lib/python3.8/site-packages/airflow/example_dags/tutorial_taskflow_api_virtualenv.py took 0.117 seconds
[2026-05-17T03:36:12.951+0000] {processor.py:161} INFO - Started process (PID=2111) to work on /home/airflow/.local/lib/python3.8/site-packages/airflow/example_dags/tutorial_taskflow_api_virtualenv.py
[2026-05-17T03:36:12.953+0000] {processor.py:830} INFO - Processing file /home/airflow/.local/lib/python3.8/site-packages/airflow/example_dags/tutorial_taskflow_api_virtualenv.py for tasks to queue
[2026-05-17T03:36:12.955+0000] {logging_mixin.py:188} INFO - [2026-05-17T03:36:12.955+0000] {dagbag.py:538} INFO - Filling up the DagBag from /home/airflow/.local/lib/python3.8/site-packages/airflow/example_dags/tutorial_taskflow_api_virtualenv.py
[2026-05-17T03:36:12.972+0000] {processor.py:840} INFO - DAG(s) 'tutorial_taskflow_api_virtualenv' retrieved from /home/airflow/.local/lib/python3.8/site-packages/airflow/example_dags/tutorial_taskflow_api_virtualenv.py
[2026-05-17T03:36:13.009+0000] {logging_mixin.py:188} INFO - [2026-05-17T03:36:13.008+0000] {dag.py:3036} INFO - Sync 1 DAGs
[2026-05-17T03:36:13.028+0000] {logging_mixin.py:188} INFO - [2026-05-17T03:36:13.027+0000] {dag.py:3823} INFO - Setting next_dagrun for tutorial_taskflow_api_virtualenv to None, run_after=None
[2026-05-17T03:36:13.061+0000] {processor.py:183} INFO - Processing /home/airflow/.local/lib/python3.8/site-packages/airflow/example_dags/tutorial_taskflow_api_virtualenv.py took 0.114 seconds
[2026-05-17T03:36:43.802+0000] {processor.py:161} INFO - Started process (PID=2177) to work on /home/airflow/.local/lib/python3.8/site-packages/airflow/example_dags/tutorial_taskflow_api_virtualenv.py
[2026-05-17T03:36:43.804+0000] {processor.py:830} INFO - Processing file /home/airflow/.local/lib/python3.8/site-packages/airflow/example_dags/tutorial_taskflow_api_virtualenv.py for tasks to queue
[2026-05-17T03:36:43.807+0000] {logging_mixin.py:188} INFO - [2026-05-17T03:36:43.806+0000] {dagbag.py:538} INFO - Filling up the DagBag from /home/airflow/.local/lib/python3.8/site-packages/airflow/example_dags/tutorial_taskflow_api_virtualenv.py
[2026-05-17T03:36:43.822+0000] {processor.py:840} INFO - DAG(s) 'tutorial_taskflow_api_virtualenv' retrieved from /home/airflow/.local/lib/python3.8/site-packages/airflow/example_dags/tutorial_taskflow_api_virtualenv.py
[2026-05-17T03:36:43.856+0000] {logging_mixin.py:188} INFO - [2026-05-17T03:36:43.855+0000] {dag.py:3036} INFO - Sync 1 DAGs
[2026-05-17T03:36:43.875+0000] {logging_mixin.py:188} INFO - [2026-05-17T03:36:43.875+0000] {dag.py:3823} INFO - Setting next_dagrun for tutorial_taskflow_api_virtualenv to None, run_after=None
[2026-05-17T03:36:43.903+0000] {processor.py:183} INFO - Processing /home/airflow/.local/lib/python3.8/site-packages/airflow/example_dags/tutorial_taskflow_api_virtualenv.py took 0.105 seconds
[2026-05-17T03:37:14.930+0000] {processor.py:161} INFO - Started process (PID=2251) to work on /home/airflow/.local/lib/python3.8/site-packages/airflow/example_dags/tutorial_taskflow_api_virtualenv.py
[2026-05-17T03:37:14.932+0000] {processor.py:830} INFO - Processing file /home/airflow/.local/lib/python3.8/site-packages/airflow/example_dags/tutorial_taskflow_api_virtualenv.py for tasks to queue
[2026-05-17T03:37:14.935+0000] {logging_mixin.py:188} INFO - [2026-05-17T03:37:14.934+0000] {dagbag.py:538} INFO - Filling up the DagBag from /home/airflow/.local/lib/python3.8/site-packages/airflow/example_dags/tutorial_taskflow_api_virtualenv.py
[2026-05-17T03:37:14.955+0000] {processor.py:840} INFO - DAG(s) 'tutorial_taskflow_api_virtualenv' retrieved from /home/airflow/.local/lib/python3.8/site-packages/airflow/example_dags/tutorial_taskflow_api_virtualenv.py
[2026-05-17T03:37:14.996+0000] {logging_mixin.py:188} INFO - [2026-05-17T03:37:14.995+0000] {dag.py:3036} INFO - Sync 1 DAGs
[2026-05-17T03:37:15.021+0000] {logging_mixin.py:188} INFO - [2026-05-17T03:37:15.020+0000] {dag.py:3823} INFO - Setting next_dagrun for tutorial_taskflow_api_virtualenv to None, run_after=None
[2026-05-17T03:37:15.055+0000] {processor.py:183} INFO - Processing /home/airflow/.local/lib/python3.8/site-packages/airflow/example_dags/tutorial_taskflow_api_virtualenv.py took 0.131 seconds
[2026-05-17T03:37:45.555+0000] {processor.py:161} INFO - Started process (PID=2316) to work on /home/airflow/.local/lib/python3.8/site-packages/airflow/example_dags/tutorial_taskflow_api_virtualenv.py
[2026-05-17T03:37:45.556+0000] {processor.py:830} INFO - Processing file /home/airflow/.local/lib/python3.8/site-packages/airflow/example_dags/tutorial_taskflow_api_virtualenv.py for tasks to queue
[2026-05-17T03:37:45.559+0000] {logging_mixin.py:188} INFO - [2026-05-17T03:37:45.559+0000] {dagbag.py:538} INFO - Filling up the DagBag from /home/airflow/.local/lib/python3.8/site-packages/airflow/example_dags/tutorial_taskflow_api_virtualenv.py
[2026-05-17T03:37:45.576+0000] {processor.py:840} INFO - DAG(s) 'tutorial_taskflow_api_virtualenv' retrieved from /home/airflow/.local/lib/python3.8/site-packages/airflow/example_dags/tutorial_taskflow_api_virtualenv.py
[2026-05-17T03:37:45.616+0000] {logging_mixin.py:188} INFO - [2026-05-17T03:37:45.616+0000] {dag.py:3036} INFO - Sync 1 DAGs
[2026-05-17T03:37:45.638+0000] {logging_mixin.py:188} INFO - [2026-05-17T03:37:45.638+0000] {dag.py:3823} INFO - Setting next_dagrun for tutorial_taskflow_api_virtualenv to None, run_after=None
[2026-05-17T03:37:45.673+0000] {processor.py:183} INFO - Processing /home/airflow/.local/lib/python3.8/site-packages/airflow/example_dags/tutorial_taskflow_api_virtualenv.py took 0.123 seconds
[2026-05-17T03:38:15.955+0000] {processor.py:161} INFO - Started process (PID=2383) to work on /home/airflow/.local/lib/python3.8/site-packages/airflow/example_dags/tutorial_taskflow_api_virtualenv.py
[2026-05-17T03:38:15.956+0000] {processor.py:830} INFO - Processing file /home/airflow/.local/lib/python3.8/site-packages/airflow/example_dags/tutorial_taskflow_api_virtualenv.py for tasks to queue
[2026-05-17T03:38:15.958+0000] {logging_mixin.py:188} INFO - [2026-05-17T03:38:15.958+0000] {dagbag.py:538} INFO - Filling up the DagBag from /home/airflow/.local/lib/python3.8/site-packages/airflow/example_dags/tutorial_taskflow_api_virtualenv.py
[2026-05-17T03:38:15.975+0000] {processor.py:840} INFO - DAG(s) 'tutorial_taskflow_api_virtualenv' retrieved from /home/airflow/.local/lib/python3.8/site-packages/airflow/example_dags/tutorial_taskflow_api_virtualenv.py
[2026-05-17T03:38:16.016+0000] {logging_mixin.py:188} INFO - [2026-05-17T03:38:16.015+0000] {dag.py:3036} INFO - Sync 1 DAGs
[2026-05-17T03:38:16.037+0000] {logging_mixin.py:188} INFO - [2026-05-17T03:38:16.036+0000] {dag.py:3823} INFO - Setting next_dagrun for tutorial_taskflow_api_virtualenv to None, run_after=None
[2026-05-17T03:38:16.069+0000] {processor.py:183} INFO - Processing /home/airflow/.local/lib/python3.8/site-packages/airflow/example_dags/tutorial_taskflow_api_virtualenv.py took 0.120 seconds
[2026-05-17T03:38:46.700+0000] {processor.py:161} INFO - Started process (PID=2449) to work on /home/airflow/.local/lib/python3.8/site-packages/airflow/example_dags/tutorial_taskflow_api_virtualenv.py
[2026-05-17T03:38:46.702+0000] {processor.py:830} INFO - Processing file /home/airflow/.local/lib/python3.8/site-packages/airflow/example_dags/tutorial_taskflow_api_virtualenv.py for tasks to queue
[2026-05-17T03:38:46.705+0000] {logging_mixin.py:188} INFO - [2026-05-17T03:38:46.704+0000] {dagbag.py:538} INFO - Filling up the DagBag from /home/airflow/.local/lib/python3.8/site-packages/airflow/example_dags/tutorial_taskflow_api_virtualenv.py
[2026-05-17T03:38:46.723+0000] {processor.py:840} INFO - DAG(s) 'tutorial_taskflow_api_virtualenv' retrieved from /home/airflow/.local/lib/python3.8/site-packages/airflow/example_dags/tutorial_taskflow_api_virtualenv.py
[2026-05-17T03:38:46.765+0000] {logging_mixin.py:188} INFO - [2026-05-17T03:38:46.765+0000] {dag.py:3036} INFO - Sync 1 DAGs
[2026-05-17T03:38:46.788+0000] {logging_mixin.py:188} INFO - [2026-05-17T03:38:46.788+0000] {dag.py:3823} INFO - Setting next_dagrun for tutorial_taskflow_api_virtualenv to None, run_after=None
[2026-05-17T03:38:46.820+0000] {processor.py:183} INFO - Processing /home/airflow/.local/lib/python3.8/site-packages/airflow/example_dags/tutorial_taskflow_api_virtualenv.py took 0.126 seconds
[2026-05-17T03:39:17.269+0000] {processor.py:161} INFO - Started process (PID=2516) to work on /home/airflow/.local/lib/python3.8/site-packages/airflow/example_dags/tutorial_taskflow_api_virtualenv.py
[2026-05-17T03:39:17.271+0000] {processor.py:830} INFO - Processing file /home/airflow/.local/lib/python3.8/site-packages/airflow/example_dags/tutorial_taskflow_api_virtualenv.py for tasks to queue
[2026-05-17T03:39:17.274+0000] {logging_mixin.py:188} INFO - [2026-05-17T03:39:17.274+0000] {dagbag.py:538} INFO - Filling up the DagBag from /home/airflow/.local/lib/python3.8/site-packages/airflow/example_dags/tutorial_taskflow_api_virtualenv.py
[2026-05-17T03:39:17.290+0000] {processor.py:840} INFO - DAG(s) 'tutorial_taskflow_api_virtualenv' retrieved from /home/airflow/.local/lib/python3.8/site-packages/airflow/example_dags/tutorial_taskflow_api_virtualenv.py
[2026-05-17T03:39:17.325+0000] {logging_mixin.py:188} INFO - [2026-05-17T03:39:17.325+0000] {dag.py:3036} INFO - Sync 1 DAGs
[2026-05-17T03:39:17.347+0000] {logging_mixin.py:188} INFO - [2026-05-17T03:39:17.347+0000] {dag.py:3823} INFO - Setting next_dagrun for tutorial_taskflow_api_virtualenv to None, run_after=None
[2026-05-17T03:39:17.375+0000] {processor.py:183} INFO - Processing /home/airflow/.local/lib/python3.8/site-packages/airflow/example_dags/tutorial_taskflow_api_virtualenv.py took 0.111 seconds
[2026-05-17T03:39:47.749+0000] {processor.py:161} INFO - Started process (PID=2582) to work on /home/airflow/.local/lib/python3.8/site-packages/airflow/example_dags/tutorial_taskflow_api_virtualenv.py
[2026-05-17T03:39:47.750+0000] {processor.py:830} INFO - Processing file /home/airflow/.local/lib/python3.8/site-packages/airflow/example_dags/tutorial_taskflow_api_virtualenv.py for tasks to queue
[2026-05-17T03:39:47.753+0000] {logging_mixin.py:188} INFO - [2026-05-17T03:39:47.752+0000] {dagbag.py:538} INFO - Filling up the DagBag from /home/airflow/.local/lib/python3.8/site-packages/airflow/example_dags/tutorial_taskflow_api_virtualenv.py
[2026-05-17T03:39:47.769+0000] {processor.py:840} INFO - DAG(s) 'tutorial_taskflow_api_virtualenv' retrieved from /home/airflow/.local/lib/python3.8/site-packages/airflow/example_dags/tutorial_taskflow_api_virtualenv.py
[2026-05-17T03:39:47.809+0000] {logging_mixin.py:188} INFO - [2026-05-17T03:39:47.808+0000] {dag.py:3036} INFO - Sync 1 DAGs
[2026-05-17T03:39:47.834+0000] {logging_mixin.py:188} INFO - [2026-05-17T03:39:47.833+0000] {dag.py:3823} INFO - Setting next_dagrun for tutorial_taskflow_api_virtualenv to None, run_after=None
[2026-05-17T03:39:47.869+0000] {processor.py:183} INFO - Processing /home/airflow/.local/lib/python3.8/site-packages/airflow/example_dags/tutorial_taskflow_api_virtualenv.py took 0.126 seconds
[2026-05-17T03:40:18.097+0000] {processor.py:161} INFO - Started process (PID=2658) to work on /home/airflow/.local/lib/python3.8/site-packages/airflow/example_dags/tutorial_taskflow_api_virtualenv.py
[2026-05-17T03:40:18.099+0000] {processor.py:830} INFO - Processing file /home/airflow/.local/lib/python3.8/site-packages/airflow/example_dags/tutorial_taskflow_api_virtualenv.py for tasks to queue
[2026-05-17T03:40:18.102+0000] {logging_mixin.py:188} INFO - [2026-05-17T03:40:18.102+0000] {dagbag.py:538} INFO - Filling up the DagBag from /home/airflow/.local/lib/python3.8/site-packages/airflow/example_dags/tutorial_taskflow_api_virtualenv.py
[2026-05-17T03:40:18.121+0000] {processor.py:840} INFO - DAG(s) 'tutorial_taskflow_api_virtualenv' retrieved from /home/airflow/.local/lib/python3.8/site-packages/airflow/example_dags/tutorial_taskflow_api_virtualenv.py
[2026-05-17T03:40:18.160+0000] {logging_mixin.py:188} INFO - [2026-05-17T03:40:18.160+0000] {dag.py:3036} INFO - Sync 1 DAGs
[2026-05-17T03:40:18.184+0000] {logging_mixin.py:188} INFO - [2026-05-17T03:40:18.184+0000] {dag.py:3823} INFO - Setting next_dagrun for tutorial_taskflow_api_virtualenv to None, run_after=None
[2026-05-17T03:40:18.218+0000] {processor.py:183} INFO - Processing /home/airflow/.local/lib/python3.8/site-packages/airflow/example_dags/tutorial_taskflow_api_virtualenv.py took 0.127 seconds
[2026-05-17T03:40:48.306+0000] {processor.py:161} INFO - Started process (PID=2728) to work on /home/airflow/.local/lib/python3.8/site-packages/airflow/example_dags/tutorial_taskflow_api_virtualenv.py
[2026-05-17T03:40:48.308+0000] {processor.py:830} INFO - Processing file /home/airflow/.local/lib/python3.8/site-packages/airflow/example_dags/tutorial_taskflow_api_virtualenv.py for tasks to queue
[2026-05-17T03:40:48.311+0000] {logging_mixin.py:188} INFO - [2026-05-17T03:40:48.311+0000] {dagbag.py:538} INFO - Filling up the DagBag from /home/airflow/.local/lib/python3.8/site-packages/airflow/example_dags/tutorial_taskflow_api_virtualenv.py
[2026-05-17T03:40:48.329+0000] {processor.py:840} INFO - DAG(s) 'tutorial_taskflow_api_virtualenv' retrieved from /home/airflow/.local/lib/python3.8/site-packages/airflow/example_dags/tutorial_taskflow_api_virtualenv.py
[2026-05-17T03:40:48.362+0000] {logging_mixin.py:188} INFO - [2026-05-17T03:40:48.361+0000] {dag.py:3036} INFO - Sync 1 DAGs
[2026-05-17T03:40:48.381+0000] {logging_mixin.py:188} INFO - [2026-05-17T03:40:48.380+0000] {dag.py:3823} INFO - Setting next_dagrun for tutorial_taskflow_api_virtualenv to None, run_after=None
[2026-05-17T03:40:48.407+0000] {processor.py:183} INFO - Processing /home/airflow/.local/lib/python3.8/site-packages/airflow/example_dags/tutorial_taskflow_api_virtualenv.py took 0.106 seconds
[2026-05-17T03:41:18.591+0000] {processor.py:161} INFO - Started process (PID=2794) to work on /home/airflow/.local/lib/python3.8/site-packages/airflow/example_dags/tutorial_taskflow_api_virtualenv.py
[2026-05-17T03:41:18.592+0000] {processor.py:830} INFO - Processing file /home/airflow/.local/lib/python3.8/site-packages/airflow/example_dags/tutorial_taskflow_api_virtualenv.py for tasks to queue
[2026-05-17T03:41:18.595+0000] {logging_mixin.py:188} INFO - [2026-05-17T03:41:18.595+0000] {dagbag.py:538} INFO - Filling up the DagBag from /home/airflow/.local/lib/python3.8/site-packages/airflow/example_dags/tutorial_taskflow_api_virtualenv.py
[2026-05-17T03:41:18.610+0000] {processor.py:840} INFO - DAG(s) 'tutorial_taskflow_api_virtualenv' retrieved from /home/airflow/.local/lib/python3.8/site-packages/airflow/example_dags/tutorial_taskflow_api_virtualenv.py
[2026-05-17T03:41:18.641+0000] {logging_mixin.py:188} INFO - [2026-05-17T03:41:18.641+0000] {dag.py:3036} INFO - Sync 1 DAGs
[2026-05-17T03:41:18.660+0000] {logging_mixin.py:188} INFO - [2026-05-17T03:41:18.660+0000] {dag.py:3823} INFO - Setting next_dagrun for tutorial_taskflow_api_virtualenv to None, run_after=None
[2026-05-17T03:41:18.688+0000] {processor.py:183} INFO - Processing /home/airflow/.local/lib/python3.8/site-packages/airflow/example_dags/tutorial_taskflow_api_virtualenv.py took 0.102 seconds
[2026-05-17T03:41:48.843+0000] {processor.py:161} INFO - Started process (PID=2868) to work on /home/airflow/.local/lib/python3.8/site-packages/airflow/example_dags/tutorial_taskflow_api_virtualenv.py
[2026-05-17T03:41:48.845+0000] {processor.py:830} INFO - Processing file /home/airflow/.local/lib/python3.8/site-packages/airflow/example_dags/tutorial_taskflow_api_virtualenv.py for tasks to queue
[2026-05-17T03:41:48.848+0000] {logging_mixin.py:188} INFO - [2026-05-17T03:41:48.847+0000] {dagbag.py:538} INFO - Filling up the DagBag from /home/airflow/.local/lib/python3.8/site-packages/airflow/example_dags/tutorial_taskflow_api_virtualenv.py
[2026-05-17T03:41:48.867+0000] {processor.py:840} INFO - DAG(s) 'tutorial_taskflow_api_virtualenv' retrieved from /home/airflow/.local/lib/python3.8/site-packages/airflow/example_dags/tutorial_taskflow_api_virtualenv.py
[2026-05-17T03:41:48.905+0000] {logging_mixin.py:188} INFO - [2026-05-17T03:41:48.905+0000] {dag.py:3036} INFO - Sync 1 DAGs
[2026-05-17T03:41:48.930+0000] {logging_mixin.py:188} INFO - [2026-05-17T03:41:48.930+0000] {dag.py:3823} INFO - Setting next_dagrun for tutorial_taskflow_api_virtualenv to None, run_after=None
[2026-05-17T03:41:48.967+0000] {processor.py:183} INFO - Processing /home/airflow/.local/lib/python3.8/site-packages/airflow/example_dags/tutorial_taskflow_api_virtualenv.py took 0.130 seconds
[2026-05-17T03:42:19.180+0000] {processor.py:161} INFO - Started process (PID=2937) to work on /home/airflow/.local/lib/python3.8/site-packages/airflow/example_dags/tutorial_taskflow_api_virtualenv.py
[2026-05-17T03:42:19.181+0000] {processor.py:830} INFO - Processing file /home/airflow/.local/lib/python3.8/site-packages/airflow/example_dags/tutorial_taskflow_api_virtualenv.py for tasks to queue
[2026-05-17T03:42:19.184+0000] {logging_mixin.py:188} INFO - [2026-05-17T03:42:19.184+0000] {dagbag.py:538} INFO - Filling up the DagBag from /home/airflow/.local/lib/python3.8/site-packages/airflow/example_dags/tutorial_taskflow_api_virtualenv.py
[2026-05-17T03:42:19.200+0000] {processor.py:840} INFO - DAG(s) 'tutorial_taskflow_api_virtualenv' retrieved from /home/airflow/.local/lib/python3.8/site-packages/airflow/example_dags/tutorial_taskflow_api_virtualenv.py
[2026-05-17T03:42:19.235+0000] {logging_mixin.py:188} INFO - [2026-05-17T03:42:19.235+0000] {dag.py:3036} INFO - Sync 1 DAGs
[2026-05-17T03:42:19.255+0000] {logging_mixin.py:188} INFO - [2026-05-17T03:42:19.255+0000] {dag.py:3823} INFO - Setting next_dagrun for tutorial_taskflow_api_virtualenv to None, run_after=None
[2026-05-17T03:42:19.284+0000] {processor.py:183} INFO - Processing /home/airflow/.local/lib/python3.8/site-packages/airflow/example_dags/tutorial_taskflow_api_virtualenv.py took 0.110 seconds
[2026-05-17T03:42:49.957+0000] {processor.py:161} INFO - Started process (PID=3003) to work on /home/airflow/.local/lib/python3.8/site-packages/airflow/example_dags/tutorial_taskflow_api_virtualenv.py
[2026-05-17T03:42:49.963+0000] {processor.py:830} INFO - Processing file /home/airflow/.local/lib/python3.8/site-packages/airflow/example_dags/tutorial_taskflow_api_virtualenv.py for tasks to queue
[2026-05-17T03:42:49.967+0000] {logging_mixin.py:188} INFO - [2026-05-17T03:42:49.966+0000] {dagbag.py:538} INFO - Filling up the DagBag from /home/airflow/.local/lib/python3.8/site-packages/airflow/example_dags/tutorial_taskflow_api_virtualenv.py
[2026-05-17T03:42:49.988+0000] {processor.py:840} INFO - DAG(s) 'tutorial_taskflow_api_virtualenv' retrieved from /home/airflow/.local/lib/python3.8/site-packages/airflow/example_dags/tutorial_taskflow_api_virtualenv.py
[2026-05-17T03:42:50.036+0000] {logging_mixin.py:188} INFO - [2026-05-17T03:42:50.035+0000] {dag.py:3036} INFO - Sync 1 DAGs
[2026-05-17T03:42:50.061+0000] {logging_mixin.py:188} INFO - [2026-05-17T03:42:50.061+0000] {dag.py:3823} INFO - Setting next_dagrun for tutorial_taskflow_api_virtualenv to None, run_after=None
[2026-05-17T03:42:50.096+0000] {processor.py:183} INFO - Processing /home/airflow/.local/lib/python3.8/site-packages/airflow/example_dags/tutorial_taskflow_api_virtualenv.py took 0.146 seconds
[2026-05-17T03:43:21.139+0000] {processor.py:161} INFO - Started process (PID=3069) to work on /home/airflow/.local/lib/python3.8/site-packages/airflow/example_dags/tutorial_taskflow_api_virtualenv.py
[2026-05-17T03:43:21.142+0000] {processor.py:830} INFO - Processing file /home/airflow/.local/lib/python3.8/site-packages/airflow/example_dags/tutorial_taskflow_api_virtualenv.py for tasks to queue
[2026-05-17T03:43:21.145+0000] {logging_mixin.py:188} INFO - [2026-05-17T03:43:21.144+0000] {dagbag.py:538} INFO - Filling up the DagBag from /home/airflow/.local/lib/python3.8/site-packages/airflow/example_dags/tutorial_taskflow_api_virtualenv.py
[2026-05-17T03:43:21.172+0000] {processor.py:840} INFO - DAG(s) 'tutorial_taskflow_api_virtualenv' retrieved from /home/airflow/.local/lib/python3.8/site-packages/airflow/example_dags/tutorial_taskflow_api_virtualenv.py
[2026-05-17T03:43:21.217+0000] {logging_mixin.py:188} INFO - [2026-05-17T03:43:21.216+0000] {dag.py:3036} INFO - Sync 1 DAGs
[2026-05-17T03:43:21.246+0000] {logging_mixin.py:188} INFO - [2026-05-17T03:43:21.246+0000] {dag.py:3823} INFO - Setting next_dagrun for tutorial_taskflow_api_virtualenv to None, run_after=None
[2026-05-17T03:43:21.519+0000] {processor.py:183} INFO - Processing /home/airflow/.local/lib/python3.8/site-packages/airflow/example_dags/tutorial_taskflow_api_virtualenv.py took 0.386 seconds
[2026-05-17T03:43:51.573+0000] {processor.py:161} INFO - Started process (PID=3135) to work on /home/airflow/.local/lib/python3.8/site-packages/airflow/example_dags/tutorial_taskflow_api_virtualenv.py
[2026-05-17T03:43:51.575+0000] {processor.py:830} INFO - Processing file /home/airflow/.local/lib/python3.8/site-packages/airflow/example_dags/tutorial_taskflow_api_virtualenv.py for tasks to queue
[2026-05-17T03:43:51.579+0000] {logging_mixin.py:188} INFO - [2026-05-17T03:43:51.578+0000] {dagbag.py:538} INFO - Filling up the DagBag from /home/airflow/.local/lib/python3.8/site-packages/airflow/example_dags/tutorial_taskflow_api_virtualenv.py
[2026-05-17T03:43:51.595+0000] {processor.py:840} INFO - DAG(s) 'tutorial_taskflow_api_virtualenv' retrieved from /home/airflow/.local/lib/python3.8/site-packages/airflow/example_dags/tutorial_taskflow_api_virtualenv.py
[2026-05-17T03:43:51.638+0000] {logging_mixin.py:188} INFO - [2026-05-17T03:43:51.638+0000] {dag.py:3036} INFO - Sync 1 DAGs
[2026-05-17T03:43:51.661+0000] {logging_mixin.py:188} INFO - [2026-05-17T03:43:51.660+0000] {dag.py:3823} INFO - Setting next_dagrun for tutorial_taskflow_api_virtualenv to None, run_after=None
[2026-05-17T03:43:51.699+0000] {processor.py:183} INFO - Processing /home/airflow/.local/lib/python3.8/site-packages/airflow/example_dags/tutorial_taskflow_api_virtualenv.py took 0.132 seconds
[2026-05-17T03:44:21.836+0000] {processor.py:161} INFO - Started process (PID=3201) to work on /home/airflow/.local/lib/python3.8/site-packages/airflow/example_dags/tutorial_taskflow_api_virtualenv.py
[2026-05-17T03:44:21.837+0000] {processor.py:830} INFO - Processing file /home/airflow/.local/lib/python3.8/site-packages/airflow/example_dags/tutorial_taskflow_api_virtualenv.py for tasks to queue
[2026-05-17T03:44:21.840+0000] {logging_mixin.py:188} INFO - [2026-05-17T03:44:21.840+0000] {dagbag.py:538} INFO - Filling up the DagBag from /home/airflow/.local/lib/python3.8/site-packages/airflow/example_dags/tutorial_taskflow_api_virtualenv.py
[2026-05-17T03:44:21.855+0000] {processor.py:840} INFO - DAG(s) 'tutorial_taskflow_api_virtualenv' retrieved from /home/airflow/.local/lib/python3.8/site-packages/airflow/example_dags/tutorial_taskflow_api_virtualenv.py
[2026-05-17T03:44:21.899+0000] {logging_mixin.py:188} INFO - [2026-05-17T03:44:21.899+0000] {dag.py:3036} INFO - Sync 1 DAGs
[2026-05-17T03:44:21.925+0000] {logging_mixin.py:188} INFO - [2026-05-17T03:44:21.924+0000] {dag.py:3823} INFO - Setting next_dagrun for tutorial_taskflow_api_virtualenv to None, run_after=None
[2026-05-17T03:44:21.959+0000] {processor.py:183} INFO - Processing /home/airflow/.local/lib/python3.8/site-packages/airflow/example_dags/tutorial_taskflow_api_virtualenv.py took 0.128 seconds
[2026-05-17T03:44:52.899+0000] {processor.py:161} INFO - Started process (PID=3267) to work on /home/airflow/.local/lib/python3.8/site-packages/airflow/example_dags/tutorial_taskflow_api_virtualenv.py
[2026-05-17T03:44:52.901+0000] {processor.py:830} INFO - Processing file /home/airflow/.local/lib/python3.8/site-packages/airflow/example_dags/tutorial_taskflow_api_virtualenv.py for tasks to queue
[2026-05-17T03:44:52.903+0000] {logging_mixin.py:188} INFO - [2026-05-17T03:44:52.903+0000] {dagbag.py:538} INFO - Filling up the DagBag from /home/airflow/.local/lib/python3.8/site-packages/airflow/example_dags/tutorial_taskflow_api_virtualenv.py
[2026-05-17T03:44:52.920+0000] {processor.py:840} INFO - DAG(s) 'tutorial_taskflow_api_virtualenv' retrieved from /home/airflow/.local/lib/python3.8/site-packages/airflow/example_dags/tutorial_taskflow_api_virtualenv.py
[2026-05-17T03:44:52.958+0000] {logging_mixin.py:188} INFO - [2026-05-17T03:44:52.958+0000] {dag.py:3036} INFO - Sync 1 DAGs
[2026-05-17T03:44:52.978+0000] {logging_mixin.py:188} INFO - [2026-05-17T03:44:52.978+0000] {dag.py:3823} INFO - Setting next_dagrun for tutorial_taskflow_api_virtualenv to None, run_after=None
[2026-05-17T03:44:53.005+0000] {processor.py:183} INFO - Processing /home/airflow/.local/lib/python3.8/site-packages/airflow/example_dags/tutorial_taskflow_api_virtualenv.py took 0.111 seconds
[2026-05-17T03:45:23.586+0000] {processor.py:161} INFO - Started process (PID=3333) to work on /home/airflow/.local/lib/python3.8/site-packages/airflow/example_dags/tutorial_taskflow_api_virtualenv.py
[2026-05-17T03:45:23.588+0000] {processor.py:830} INFO - Processing file /home/airflow/.local/lib/python3.8/site-packages/airflow/example_dags/tutorial_taskflow_api_virtualenv.py for tasks to queue
[2026-05-17T03:45:23.590+0000] {logging_mixin.py:188} INFO - [2026-05-17T03:45:23.590+0000] {dagbag.py:538} INFO - Filling up the DagBag from /home/airflow/.local/lib/python3.8/site-packages/airflow/example_dags/tutorial_taskflow_api_virtualenv.py
[2026-05-17T03:45:23.613+0000] {processor.py:840} INFO - DAG(s) 'tutorial_taskflow_api_virtualenv' retrieved from /home/airflow/.local/lib/python3.8/site-packages/airflow/example_dags/tutorial_taskflow_api_virtualenv.py
[2026-05-17T03:45:23.658+0000] {logging_mixin.py:188} INFO - [2026-05-17T03:45:23.658+0000] {dag.py:3036} INFO - Sync 1 DAGs
[2026-05-17T03:45:23.678+0000] {logging_mixin.py:188} INFO - [2026-05-17T03:45:23.678+0000] {dag.py:3823} INFO - Setting next_dagrun for tutorial_taskflow_api_virtualenv to None, run_after=None
[2026-05-17T03:45:23.714+0000] {processor.py:183} INFO - Processing /home/airflow/.local/lib/python3.8/site-packages/airflow/example_dags/tutorial_taskflow_api_virtualenv.py took 0.134 seconds
[2026-05-17T03:45:54.400+0000] {processor.py:161} INFO - Started process (PID=3399) to work on /home/airflow/.local/lib/python3.8/site-packages/airflow/example_dags/tutorial_taskflow_api_virtualenv.py
[2026-05-17T03:45:54.402+0000] {processor.py:830} INFO - Processing file /home/airflow/.local/lib/python3.8/site-packages/airflow/example_dags/tutorial_taskflow_api_virtualenv.py for tasks to queue
[2026-05-17T03:45:54.405+0000] {logging_mixin.py:188} INFO - [2026-05-17T03:45:54.404+0000] {dagbag.py:538} INFO - Filling up the DagBag from /home/airflow/.local/lib/python3.8/site-packages/airflow/example_dags/tutorial_taskflow_api_virtualenv.py
[2026-05-17T03:45:54.422+0000] {processor.py:840} INFO - DAG(s) 'tutorial_taskflow_api_virtualenv' retrieved from /home/airflow/.local/lib/python3.8/site-packages/airflow/example_dags/tutorial_taskflow_api_virtualenv.py
[2026-05-17T03:45:54.460+0000] {logging_mixin.py:188} INFO - [2026-05-17T03:45:54.460+0000] {dag.py:3036} INFO - Sync 1 DAGs
[2026-05-17T03:45:54.666+0000] {logging_mixin.py:188} INFO - [2026-05-17T03:45:54.665+0000] {dag.py:3823} INFO - Setting next_dagrun for tutorial_taskflow_api_virtualenv to None, run_after=None
[2026-05-17T03:45:54.696+0000] {processor.py:183} INFO - Processing /home/airflow/.local/lib/python3.8/site-packages/airflow/example_dags/tutorial_taskflow_api_virtualenv.py took 0.300 seconds
[2026-05-17T03:46:24.792+0000] {processor.py:161} INFO - Started process (PID=3476) to work on /home/airflow/.local/lib/python3.8/site-packages/airflow/example_dags/tutorial_taskflow_api_virtualenv.py
[2026-05-17T03:46:24.793+0000] {processor.py:830} INFO - Processing file /home/airflow/.local/lib/python3.8/site-packages/airflow/example_dags/tutorial_taskflow_api_virtualenv.py for tasks to queue
[2026-05-17T03:46:24.796+0000] {logging_mixin.py:188} INFO - [2026-05-17T03:46:24.796+0000] {dagbag.py:538} INFO - Filling up the DagBag from /home/airflow/.local/lib/python3.8/site-packages/airflow/example_dags/tutorial_taskflow_api_virtualenv.py
[2026-05-17T03:46:24.813+0000] {processor.py:840} INFO - DAG(s) 'tutorial_taskflow_api_virtualenv' retrieved from /home/airflow/.local/lib/python3.8/site-packages/airflow/example_dags/tutorial_taskflow_api_virtualenv.py
[2026-05-17T03:46:24.857+0000] {logging_mixin.py:188} INFO - [2026-05-17T03:46:24.857+0000] {dag.py:3036} INFO - Sync 1 DAGs
[2026-05-17T03:46:24.886+0000] {logging_mixin.py:188} INFO - [2026-05-17T03:46:24.885+0000] {dag.py:3823} INFO - Setting next_dagrun for tutorial_taskflow_api_virtualenv to None, run_after=None
[2026-05-17T03:46:24.926+0000] {processor.py:183} INFO - Processing /home/airflow/.local/lib/python3.8/site-packages/airflow/example_dags/tutorial_taskflow_api_virtualenv.py took 0.140 seconds
[2026-05-17T03:46:55.301+0000] {processor.py:161} INFO - Started process (PID=3552) to work on /home/airflow/.local/lib/python3.8/site-packages/airflow/example_dags/tutorial_taskflow_api_virtualenv.py
[2026-05-17T03:46:55.304+0000] {processor.py:830} INFO - Processing file /home/airflow/.local/lib/python3.8/site-packages/airflow/example_dags/tutorial_taskflow_api_virtualenv.py for tasks to queue
[2026-05-17T03:46:55.306+0000] {logging_mixin.py:188} INFO - [2026-05-17T03:46:55.306+0000] {dagbag.py:538} INFO - Filling up the DagBag from /home/airflow/.local/lib/python3.8/site-packages/airflow/example_dags/tutorial_taskflow_api_virtualenv.py
[2026-05-17T03:46:55.325+0000] {processor.py:840} INFO - DAG(s) 'tutorial_taskflow_api_virtualenv' retrieved from /home/airflow/.local/lib/python3.8/site-packages/airflow/example_dags/tutorial_taskflow_api_virtualenv.py
[2026-05-17T03:46:55.351+0000] {logging_mixin.py:188} INFO - [2026-05-17T03:46:55.351+0000] {dag.py:3036} INFO - Sync 1 DAGs
[2026-05-17T03:46:55.375+0000] {logging_mixin.py:188} INFO - [2026-05-17T03:46:55.374+0000] {dag.py:3823} INFO - Setting next_dagrun for tutorial_taskflow_api_virtualenv to None, run_after=None
[2026-05-17T03:46:55.437+0000] {processor.py:183} INFO - Processing /home/airflow/.local/lib/python3.8/site-packages/airflow/example_dags/tutorial_taskflow_api_virtualenv.py took 0.141 seconds
[2026-05-17T03:47:26.681+0000] {processor.py:161} INFO - Started process (PID=3618) to work on /home/airflow/.local/lib/python3.8/site-packages/airflow/example_dags/tutorial_taskflow_api_virtualenv.py
[2026-05-17T03:47:26.683+0000] {processor.py:830} INFO - Processing file /home/airflow/.local/lib/python3.8/site-packages/airflow/example_dags/tutorial_taskflow_api_virtualenv.py for tasks to queue
[2026-05-17T03:47:26.686+0000] {logging_mixin.py:188} INFO - [2026-05-17T03:47:26.685+0000] {dagbag.py:538} INFO - Filling up the DagBag from /home/airflow/.local/lib/python3.8/site-packages/airflow/example_dags/tutorial_taskflow_api_virtualenv.py
[2026-05-17T03:47:26.705+0000] {processor.py:840} INFO - DAG(s) 'tutorial_taskflow_api_virtualenv' retrieved from /home/airflow/.local/lib/python3.8/site-packages/airflow/example_dags/tutorial_taskflow_api_virtualenv.py
[2026-05-17T03:47:26.931+0000] {logging_mixin.py:188} INFO - [2026-05-17T03:47:26.930+0000] {dag.py:3036} INFO - Sync 1 DAGs
[2026-05-17T03:47:26.953+0000] {logging_mixin.py:188} INFO - [2026-05-17T03:47:26.952+0000] {dag.py:3823} INFO - Setting next_dagrun for tutorial_taskflow_api_virtualenv to None, run_after=None
[2026-05-17T03:47:26.989+0000] {processor.py:183} INFO - Processing /home/airflow/.local/lib/python3.8/site-packages/airflow/example_dags/tutorial_taskflow_api_virtualenv.py took 0.314 seconds
[2026-05-17T03:47:57.146+0000] {processor.py:161} INFO - Started process (PID=3684) to work on /home/airflow/.local/lib/python3.8/site-packages/airflow/example_dags/tutorial_taskflow_api_virtualenv.py
[2026-05-17T03:47:57.148+0000] {processor.py:830} INFO - Processing file /home/airflow/.local/lib/python3.8/site-packages/airflow/example_dags/tutorial_taskflow_api_virtualenv.py for tasks to queue
[2026-05-17T03:47:57.151+0000] {logging_mixin.py:188} INFO - [2026-05-17T03:47:57.150+0000] {dagbag.py:538} INFO - Filling up the DagBag from /home/airflow/.local/lib/python3.8/site-packages/airflow/example_dags/tutorial_taskflow_api_virtualenv.py
[2026-05-17T03:47:57.169+0000] {processor.py:840} INFO - DAG(s) 'tutorial_taskflow_api_virtualenv' retrieved from /home/airflow/.local/lib/python3.8/site-packages/airflow/example_dags/tutorial_taskflow_api_virtualenv.py
[2026-05-17T03:47:57.207+0000] {logging_mixin.py:188} INFO - [2026-05-17T03:47:57.207+0000] {dag.py:3036} INFO - Sync 1 DAGs
[2026-05-17T03:47:57.228+0000] {logging_mixin.py:188} INFO - [2026-05-17T03:47:57.228+0000] {dag.py:3823} INFO - Setting next_dagrun for tutorial_taskflow_api_virtualenv to None, run_after=None
[2026-05-17T03:47:57.257+0000] {processor.py:183} INFO - Processing /home/airflow/.local/lib/python3.8/site-packages/airflow/example_dags/tutorial_taskflow_api_virtualenv.py took 0.116 seconds
[2026-05-17T03:48:27.740+0000] {processor.py:161} INFO - Started process (PID=3750) to work on /home/airflow/.local/lib/python3.8/site-packages/airflow/example_dags/tutorial_taskflow_api_virtualenv.py
[2026-05-17T03:48:27.742+0000] {processor.py:830} INFO - Processing file /home/airflow/.local/lib/python3.8/site-packages/airflow/example_dags/tutorial_taskflow_api_virtualenv.py for tasks to queue
[2026-05-17T03:48:27.744+0000] {logging_mixin.py:188} INFO - [2026-05-17T03:48:27.744+0000] {dagbag.py:538} INFO - Filling up the DagBag from /home/airflow/.local/lib/python3.8/site-packages/airflow/example_dags/tutorial_taskflow_api_virtualenv.py
[2026-05-17T03:48:27.764+0000] {processor.py:840} INFO - DAG(s) 'tutorial_taskflow_api_virtualenv' retrieved from /home/airflow/.local/lib/python3.8/site-packages/airflow/example_dags/tutorial_taskflow_api_virtualenv.py
[2026-05-17T03:48:27.807+0000] {logging_mixin.py:188} INFO - [2026-05-17T03:48:27.806+0000] {dag.py:3036} INFO - Sync 1 DAGs
[2026-05-17T03:48:27.830+0000] {logging_mixin.py:188} INFO - [2026-05-17T03:48:27.830+0000] {dag.py:3823} INFO - Setting next_dagrun for tutorial_taskflow_api_virtualenv to None, run_after=None
[2026-05-17T03:48:27.865+0000] {processor.py:183} INFO - Processing /home/airflow/.local/lib/python3.8/site-packages/airflow/example_dags/tutorial_taskflow_api_virtualenv.py took 0.131 seconds
[2026-05-17T03:48:58.534+0000] {processor.py:161} INFO - Started process (PID=3816) to work on /home/airflow/.local/lib/python3.8/site-packages/airflow/example_dags/tutorial_taskflow_api_virtualenv.py
[2026-05-17T03:48:58.536+0000] {processor.py:830} INFO - Processing file /home/airflow/.local/lib/python3.8/site-packages/airflow/example_dags/tutorial_taskflow_api_virtualenv.py for tasks to queue
[2026-05-17T03:48:58.538+0000] {logging_mixin.py:188} INFO - [2026-05-17T03:48:58.538+0000] {dagbag.py:538} INFO - Filling up the DagBag from /home/airflow/.local/lib/python3.8/site-packages/airflow/example_dags/tutorial_taskflow_api_virtualenv.py
[2026-05-17T03:48:58.555+0000] {processor.py:840} INFO - DAG(s) 'tutorial_taskflow_api_virtualenv' retrieved from /home/airflow/.local/lib/python3.8/site-packages/airflow/example_dags/tutorial_taskflow_api_virtualenv.py
[2026-05-17T03:48:58.591+0000] {logging_mixin.py:188} INFO - [2026-05-17T03:48:58.590+0000] {dag.py:3036} INFO - Sync 1 DAGs
[2026-05-17T03:48:58.611+0000] {logging_mixin.py:188} INFO - [2026-05-17T03:48:58.611+0000] {dag.py:3823} INFO - Setting next_dagrun for tutorial_taskflow_api_virtualenv to None, run_after=None
[2026-05-17T03:48:58.642+0000] {processor.py:183} INFO - Processing /home/airflow/.local/lib/python3.8/site-packages/airflow/example_dags/tutorial_taskflow_api_virtualenv.py took 0.113 seconds
[2026-05-17T03:49:28.980+0000] {processor.py:161} INFO - Started process (PID=3882) to work on /home/airflow/.local/lib/python3.8/site-packages/airflow/example_dags/tutorial_taskflow_api_virtualenv.py
[2026-05-17T03:49:28.983+0000] {processor.py:830} INFO - Processing file /home/airflow/.local/lib/python3.8/site-packages/airflow/example_dags/tutorial_taskflow_api_virtualenv.py for tasks to queue
[2026-05-17T03:49:28.986+0000] {logging_mixin.py:188} INFO - [2026-05-17T03:49:28.985+0000] {dagbag.py:538} INFO - Filling up the DagBag from /home/airflow/.local/lib/python3.8/site-packages/airflow/example_dags/tutorial_taskflow_api_virtualenv.py
[2026-05-17T03:49:29.004+0000] {processor.py:840} INFO - DAG(s) 'tutorial_taskflow_api_virtualenv' retrieved from /home/airflow/.local/lib/python3.8/site-packages/airflow/example_dags/tutorial_taskflow_api_virtualenv.py
[2026-05-17T03:49:29.046+0000] {logging_mixin.py:188} INFO - [2026-05-17T03:49:29.046+0000] {dag.py:3036} INFO - Sync 1 DAGs
[2026-05-17T03:49:29.071+0000] {logging_mixin.py:188} INFO - [2026-05-17T03:49:29.070+0000] {dag.py:3823} INFO - Setting next_dagrun for tutorial_taskflow_api_virtualenv to None, run_after=None
[2026-05-17T03:49:29.107+0000] {processor.py:183} INFO - Processing /home/airflow/.local/lib/python3.8/site-packages/airflow/example_dags/tutorial_taskflow_api_virtualenv.py took 0.132 seconds
[2026-05-17T03:49:59.691+0000] {processor.py:161} INFO - Started process (PID=3956) to work on /home/airflow/.local/lib/python3.8/site-packages/airflow/example_dags/tutorial_taskflow_api_virtualenv.py
[2026-05-17T03:49:59.694+0000] {processor.py:830} INFO - Processing file /home/airflow/.local/lib/python3.8/site-packages/airflow/example_dags/tutorial_taskflow_api_virtualenv.py for tasks to queue
[2026-05-17T03:49:59.700+0000] {logging_mixin.py:188} INFO - [2026-05-17T03:49:59.697+0000] {dagbag.py:538} INFO - Filling up the DagBag from /home/airflow/.local/lib/python3.8/site-packages/airflow/example_dags/tutorial_taskflow_api_virtualenv.py
[2026-05-17T03:49:59.717+0000] {processor.py:840} INFO - DAG(s) 'tutorial_taskflow_api_virtualenv' retrieved from /home/airflow/.local/lib/python3.8/site-packages/airflow/example_dags/tutorial_taskflow_api_virtualenv.py
[2026-05-17T03:49:59.759+0000] {logging_mixin.py:188} INFO - [2026-05-17T03:49:59.758+0000] {dag.py:3036} INFO - Sync 1 DAGs
[2026-05-17T03:49:59.782+0000] {logging_mixin.py:188} INFO - [2026-05-17T03:49:59.782+0000] {dag.py:3823} INFO - Setting next_dagrun for tutorial_taskflow_api_virtualenv to None, run_after=None
[2026-05-17T03:49:59.816+0000] {processor.py:183} INFO - Processing /home/airflow/.local/lib/python3.8/site-packages/airflow/example_dags/tutorial_taskflow_api_virtualenv.py took 0.130 seconds
[2026-05-17T03:50:30.163+0000] {processor.py:161} INFO - Started process (PID=4022) to work on /home/airflow/.local/lib/python3.8/site-packages/airflow/example_dags/tutorial_taskflow_api_virtualenv.py
[2026-05-17T03:50:30.164+0000] {processor.py:830} INFO - Processing file /home/airflow/.local/lib/python3.8/site-packages/airflow/example_dags/tutorial_taskflow_api_virtualenv.py for tasks to queue
[2026-05-17T03:50:30.167+0000] {logging_mixin.py:188} INFO - [2026-05-17T03:50:30.167+0000] {dagbag.py:538} INFO - Filling up the DagBag from /home/airflow/.local/lib/python3.8/site-packages/airflow/example_dags/tutorial_taskflow_api_virtualenv.py
[2026-05-17T03:50:30.186+0000] {processor.py:840} INFO - DAG(s) 'tutorial_taskflow_api_virtualenv' retrieved from /home/airflow/.local/lib/python3.8/site-packages/airflow/example_dags/tutorial_taskflow_api_virtualenv.py
[2026-05-17T03:50:30.231+0000] {logging_mixin.py:188} INFO - [2026-05-17T03:50:30.231+0000] {dag.py:3036} INFO - Sync 1 DAGs
[2026-05-17T03:50:30.256+0000] {logging_mixin.py:188} INFO - [2026-05-17T03:50:30.255+0000] {dag.py:3823} INFO - Setting next_dagrun for tutorial_taskflow_api_virtualenv to None, run_after=None
[2026-05-17T03:50:30.290+0000] {processor.py:183} INFO - Processing /home/airflow/.local/lib/python3.8/site-packages/airflow/example_dags/tutorial_taskflow_api_virtualenv.py took 0.133 seconds
[2026-05-17T03:51:00.399+0000] {processor.py:161} INFO - Started process (PID=4088) to work on /home/airflow/.local/lib/python3.8/site-packages/airflow/example_dags/tutorial_taskflow_api_virtualenv.py
[2026-05-17T03:51:00.401+0000] {processor.py:830} INFO - Processing file /home/airflow/.local/lib/python3.8/site-packages/airflow/example_dags/tutorial_taskflow_api_virtualenv.py for tasks to queue
[2026-05-17T03:51:00.404+0000] {logging_mixin.py:188} INFO - [2026-05-17T03:51:00.403+0000] {dagbag.py:538} INFO - Filling up the DagBag from /home/airflow/.local/lib/python3.8/site-packages/airflow/example_dags/tutorial_taskflow_api_virtualenv.py
[2026-05-17T03:51:00.420+0000] {processor.py:840} INFO - DAG(s) 'tutorial_taskflow_api_virtualenv' retrieved from /home/airflow/.local/lib/python3.8/site-packages/airflow/example_dags/tutorial_taskflow_api_virtualenv.py
[2026-05-17T03:51:00.458+0000] {logging_mixin.py:188} INFO - [2026-05-17T03:51:00.457+0000] {dag.py:3036} INFO - Sync 1 DAGs
[2026-05-17T03:51:00.483+0000] {logging_mixin.py:188} INFO - [2026-05-17T03:51:00.482+0000] {dag.py:3823} INFO - Setting next_dagrun for tutorial_taskflow_api_virtualenv to None, run_after=None
[2026-05-17T03:51:00.516+0000] {processor.py:183} INFO - Processing /home/airflow/.local/lib/python3.8/site-packages/airflow/example_dags/tutorial_taskflow_api_virtualenv.py took 0.123 seconds
[2026-05-17T03:51:31.234+0000] {processor.py:161} INFO - Started process (PID=4153) to work on /home/airflow/.local/lib/python3.8/site-packages/airflow/example_dags/tutorial_taskflow_api_virtualenv.py
[2026-05-17T03:51:31.236+0000] {processor.py:830} INFO - Processing file /home/airflow/.local/lib/python3.8/site-packages/airflow/example_dags/tutorial_taskflow_api_virtualenv.py for tasks to queue
[2026-05-17T03:51:31.241+0000] {logging_mixin.py:188} INFO - [2026-05-17T03:51:31.240+0000] {dagbag.py:538} INFO - Filling up the DagBag from /home/airflow/.local/lib/python3.8/site-packages/airflow/example_dags/tutorial_taskflow_api_virtualenv.py
[2026-05-17T03:51:31.268+0000] {processor.py:840} INFO - DAG(s) 'tutorial_taskflow_api_virtualenv' retrieved from /home/airflow/.local/lib/python3.8/site-packages/airflow/example_dags/tutorial_taskflow_api_virtualenv.py
[2026-05-17T03:51:31.345+0000] {logging_mixin.py:188} INFO - [2026-05-17T03:51:31.345+0000] {dag.py:3036} INFO - Sync 1 DAGs
[2026-05-17T03:51:31.373+0000] {logging_mixin.py:188} INFO - [2026-05-17T03:51:31.373+0000] {dag.py:3823} INFO - Setting next_dagrun for tutorial_taskflow_api_virtualenv to None, run_after=None
[2026-05-17T03:51:31.418+0000] {processor.py:183} INFO - Processing /home/airflow/.local/lib/python3.8/site-packages/airflow/example_dags/tutorial_taskflow_api_virtualenv.py took 0.191 seconds
[2026-05-17T03:52:01.471+0000] {processor.py:161} INFO - Started process (PID=4219) to work on /home/airflow/.local/lib/python3.8/site-packages/airflow/example_dags/tutorial_taskflow_api_virtualenv.py
[2026-05-17T03:52:01.474+0000] {processor.py:830} INFO - Processing file /home/airflow/.local/lib/python3.8/site-packages/airflow/example_dags/tutorial_taskflow_api_virtualenv.py for tasks to queue
[2026-05-17T03:52:01.477+0000] {logging_mixin.py:188} INFO - [2026-05-17T03:52:01.477+0000] {dagbag.py:538} INFO - Filling up the DagBag from /home/airflow/.local/lib/python3.8/site-packages/airflow/example_dags/tutorial_taskflow_api_virtualenv.py
[2026-05-17T03:52:01.500+0000] {processor.py:840} INFO - DAG(s) 'tutorial_taskflow_api_virtualenv' retrieved from /home/airflow/.local/lib/python3.8/site-packages/airflow/example_dags/tutorial_taskflow_api_virtualenv.py
[2026-05-17T03:52:01.544+0000] {logging_mixin.py:188} INFO - [2026-05-17T03:52:01.543+0000] {dag.py:3036} INFO - Sync 1 DAGs
[2026-05-17T03:52:01.570+0000] {logging_mixin.py:188} INFO - [2026-05-17T03:52:01.570+0000] {dag.py:3823} INFO - Setting next_dagrun for tutorial_taskflow_api_virtualenv to None, run_after=None
[2026-05-17T03:52:01.606+0000] {processor.py:183} INFO - Processing /home/airflow/.local/lib/python3.8/site-packages/airflow/example_dags/tutorial_taskflow_api_virtualenv.py took 0.141 seconds
[2026-05-17T03:52:31.744+0000] {processor.py:161} INFO - Started process (PID=4285) to work on /home/airflow/.local/lib/python3.8/site-packages/airflow/example_dags/tutorial_taskflow_api_virtualenv.py
[2026-05-17T03:52:31.746+0000] {processor.py:830} INFO - Processing file /home/airflow/.local/lib/python3.8/site-packages/airflow/example_dags/tutorial_taskflow_api_virtualenv.py for tasks to queue
[2026-05-17T03:52:31.749+0000] {logging_mixin.py:188} INFO - [2026-05-17T03:52:31.748+0000] {dagbag.py:538} INFO - Filling up the DagBag from /home/airflow/.local/lib/python3.8/site-packages/airflow/example_dags/tutorial_taskflow_api_virtualenv.py
[2026-05-17T03:52:31.768+0000] {processor.py:840} INFO - DAG(s) 'tutorial_taskflow_api_virtualenv' retrieved from /home/airflow/.local/lib/python3.8/site-packages/airflow/example_dags/tutorial_taskflow_api_virtualenv.py
[2026-05-17T03:52:31.819+0000] {logging_mixin.py:188} INFO - [2026-05-17T03:52:31.818+0000] {dag.py:3036} INFO - Sync 1 DAGs
[2026-05-17T03:52:31.849+0000] {logging_mixin.py:188} INFO - [2026-05-17T03:52:31.848+0000] {dag.py:3823} INFO - Setting next_dagrun for tutorial_taskflow_api_virtualenv to None, run_after=None
[2026-05-17T03:52:31.887+0000] {processor.py:183} INFO - Processing /home/airflow/.local/lib/python3.8/site-packages/airflow/example_dags/tutorial_taskflow_api_virtualenv.py took 0.149 seconds
[2026-05-17T03:53:02.408+0000] {processor.py:161} INFO - Started process (PID=4351) to work on /home/airflow/.local/lib/python3.8/site-packages/airflow/example_dags/tutorial_taskflow_api_virtualenv.py
[2026-05-17T03:53:02.410+0000] {processor.py:830} INFO - Processing file /home/airflow/.local/lib/python3.8/site-packages/airflow/example_dags/tutorial_taskflow_api_virtualenv.py for tasks to queue
[2026-05-17T03:53:02.414+0000] {logging_mixin.py:188} INFO - [2026-05-17T03:53:02.414+0000] {dagbag.py:538} INFO - Filling up the DagBag from /home/airflow/.local/lib/python3.8/site-packages/airflow/example_dags/tutorial_taskflow_api_virtualenv.py
[2026-05-17T03:53:02.433+0000] {processor.py:840} INFO - DAG(s) 'tutorial_taskflow_api_virtualenv' retrieved from /home/airflow/.local/lib/python3.8/site-packages/airflow/example_dags/tutorial_taskflow_api_virtualenv.py
[2026-05-17T03:53:02.470+0000] {logging_mixin.py:188} INFO - [2026-05-17T03:53:02.470+0000] {dag.py:3036} INFO - Sync 1 DAGs
[2026-05-17T03:53:02.495+0000] {logging_mixin.py:188} INFO - [2026-05-17T03:53:02.495+0000] {dag.py:3823} INFO - Setting next_dagrun for tutorial_taskflow_api_virtualenv to None, run_after=None
[2026-05-17T03:53:02.529+0000] {processor.py:183} INFO - Processing /home/airflow/.local/lib/python3.8/site-packages/airflow/example_dags/tutorial_taskflow_api_virtualenv.py took 0.127 seconds
[2026-05-17T03:53:33.265+0000] {processor.py:161} INFO - Started process (PID=4416) to work on /home/airflow/.local/lib/python3.8/site-packages/airflow/example_dags/tutorial_taskflow_api_virtualenv.py
[2026-05-17T03:53:33.268+0000] {processor.py:830} INFO - Processing file /home/airflow/.local/lib/python3.8/site-packages/airflow/example_dags/tutorial_taskflow_api_virtualenv.py for tasks to queue
[2026-05-17T03:53:33.271+0000] {logging_mixin.py:188} INFO - [2026-05-17T03:53:33.270+0000] {dagbag.py:538} INFO - Filling up the DagBag from /home/airflow/.local/lib/python3.8/site-packages/airflow/example_dags/tutorial_taskflow_api_virtualenv.py
[2026-05-17T03:53:33.287+0000] {processor.py:840} INFO - DAG(s) 'tutorial_taskflow_api_virtualenv' retrieved from /home/airflow/.local/lib/python3.8/site-packages/airflow/example_dags/tutorial_taskflow_api_virtualenv.py
[2026-05-17T03:53:33.324+0000] {logging_mixin.py:188} INFO - [2026-05-17T03:53:33.324+0000] {dag.py:3036} INFO - Sync 1 DAGs
[2026-05-17T03:53:33.346+0000] {logging_mixin.py:188} INFO - [2026-05-17T03:53:33.345+0000] {dag.py:3823} INFO - Setting next_dagrun for tutorial_taskflow_api_virtualenv to None, run_after=None
[2026-05-17T03:53:33.375+0000] {processor.py:183} INFO - Processing /home/airflow/.local/lib/python3.8/site-packages/airflow/example_dags/tutorial_taskflow_api_virtualenv.py took 0.115 seconds
[2026-05-17T03:54:03.652+0000] {processor.py:161} INFO - Started process (PID=4481) to work on /home/airflow/.local/lib/python3.8/site-packages/airflow/example_dags/tutorial_taskflow_api_virtualenv.py
[2026-05-17T03:54:03.654+0000] {processor.py:830} INFO - Processing file /home/airflow/.local/lib/python3.8/site-packages/airflow/example_dags/tutorial_taskflow_api_virtualenv.py for tasks to queue
[2026-05-17T03:54:03.658+0000] {logging_mixin.py:188} INFO - [2026-05-17T03:54:03.657+0000] {dagbag.py:538} INFO - Filling up the DagBag from /home/airflow/.local/lib/python3.8/site-packages/airflow/example_dags/tutorial_taskflow_api_virtualenv.py
[2026-05-17T03:54:03.672+0000] {processor.py:840} INFO - DAG(s) 'tutorial_taskflow_api_virtualenv' retrieved from /home/airflow/.local/lib/python3.8/site-packages/airflow/example_dags/tutorial_taskflow_api_virtualenv.py
[2026-05-17T03:54:03.708+0000] {logging_mixin.py:188} INFO - [2026-05-17T03:54:03.707+0000] {dag.py:3036} INFO - Sync 1 DAGs
[2026-05-17T03:54:03.728+0000] {logging_mixin.py:188} INFO - [2026-05-17T03:54:03.728+0000] {dag.py:3823} INFO - Setting next_dagrun for tutorial_taskflow_api_virtualenv to None, run_after=None
[2026-05-17T03:54:03.756+0000] {processor.py:183} INFO - Processing /home/airflow/.local/lib/python3.8/site-packages/airflow/example_dags/tutorial_taskflow_api_virtualenv.py took 0.111 seconds
[2026-05-17T03:54:34.079+0000] {processor.py:161} INFO - Started process (PID=4549) to work on /home/airflow/.local/lib/python3.8/site-packages/airflow/example_dags/tutorial_taskflow_api_virtualenv.py
[2026-05-17T03:54:34.081+0000] {processor.py:830} INFO - Processing file /home/airflow/.local/lib/python3.8/site-packages/airflow/example_dags/tutorial_taskflow_api_virtualenv.py for tasks to queue
[2026-05-17T03:54:34.083+0000] {logging_mixin.py:188} INFO - [2026-05-17T03:54:34.083+0000] {dagbag.py:538} INFO - Filling up the DagBag from /home/airflow/.local/lib/python3.8/site-packages/airflow/example_dags/tutorial_taskflow_api_virtualenv.py
[2026-05-17T03:54:34.099+0000] {processor.py:840} INFO - DAG(s) 'tutorial_taskflow_api_virtualenv' retrieved from /home/airflow/.local/lib/python3.8/site-packages/airflow/example_dags/tutorial_taskflow_api_virtualenv.py
[2026-05-17T03:54:34.138+0000] {logging_mixin.py:188} INFO - [2026-05-17T03:54:34.137+0000] {dag.py:3036} INFO - Sync 1 DAGs
[2026-05-17T03:54:34.159+0000] {logging_mixin.py:188} INFO - [2026-05-17T03:54:34.158+0000] {dag.py:3823} INFO - Setting next_dagrun for tutorial_taskflow_api_virtualenv to None, run_after=None
[2026-05-17T03:54:34.187+0000] {processor.py:183} INFO - Processing /home/airflow/.local/lib/python3.8/site-packages/airflow/example_dags/tutorial_taskflow_api_virtualenv.py took 0.113 seconds
[2026-05-17T03:55:05.000+0000] {processor.py:161} INFO - Started process (PID=4613) to work on /home/airflow/.local/lib/python3.8/site-packages/airflow/example_dags/tutorial_taskflow_api_virtualenv.py
[2026-05-17T03:55:05.001+0000] {processor.py:830} INFO - Processing file /home/airflow/.local/lib/python3.8/site-packages/airflow/example_dags/tutorial_taskflow_api_virtualenv.py for tasks to queue
[2026-05-17T03:55:05.004+0000] {logging_mixin.py:188} INFO - [2026-05-17T03:55:05.003+0000] {dagbag.py:538} INFO - Filling up the DagBag from /home/airflow/.local/lib/python3.8/site-packages/airflow/example_dags/tutorial_taskflow_api_virtualenv.py
[2026-05-17T03:55:05.019+0000] {processor.py:840} INFO - DAG(s) 'tutorial_taskflow_api_virtualenv' retrieved from /home/airflow/.local/lib/python3.8/site-packages/airflow/example_dags/tutorial_taskflow_api_virtualenv.py
[2026-05-17T03:55:05.058+0000] {logging_mixin.py:188} INFO - [2026-05-17T03:55:05.058+0000] {dag.py:3036} INFO - Sync 1 DAGs
[2026-05-17T03:55:05.082+0000] {logging_mixin.py:188} INFO - [2026-05-17T03:55:05.081+0000] {dag.py:3823} INFO - Setting next_dagrun for tutorial_taskflow_api_virtualenv to None, run_after=None
[2026-05-17T03:55:05.118+0000] {processor.py:183} INFO - Processing /home/airflow/.local/lib/python3.8/site-packages/airflow/example_dags/tutorial_taskflow_api_virtualenv.py took 0.124 seconds
[2026-05-17T03:55:35.421+0000] {processor.py:161} INFO - Started process (PID=4679) to work on /home/airflow/.local/lib/python3.8/site-packages/airflow/example_dags/tutorial_taskflow_api_virtualenv.py
[2026-05-17T03:55:35.424+0000] {processor.py:830} INFO - Processing file /home/airflow/.local/lib/python3.8/site-packages/airflow/example_dags/tutorial_taskflow_api_virtualenv.py for tasks to queue
[2026-05-17T03:55:35.426+0000] {logging_mixin.py:188} INFO - [2026-05-17T03:55:35.426+0000] {dagbag.py:538} INFO - Filling up the DagBag from /home/airflow/.local/lib/python3.8/site-packages/airflow/example_dags/tutorial_taskflow_api_virtualenv.py
[2026-05-17T03:55:35.445+0000] {processor.py:840} INFO - DAG(s) 'tutorial_taskflow_api_virtualenv' retrieved from /home/airflow/.local/lib/python3.8/site-packages/airflow/example_dags/tutorial_taskflow_api_virtualenv.py
[2026-05-17T03:55:35.495+0000] {logging_mixin.py:188} INFO - [2026-05-17T03:55:35.495+0000] {dag.py:3036} INFO - Sync 1 DAGs
[2026-05-17T03:55:35.520+0000] {logging_mixin.py:188} INFO - [2026-05-17T03:55:35.520+0000] {dag.py:3823} INFO - Setting next_dagrun for tutorial_taskflow_api_virtualenv to None, run_after=None
[2026-05-17T03:55:35.587+0000] {processor.py:183} INFO - Processing /home/airflow/.local/lib/python3.8/site-packages/airflow/example_dags/tutorial_taskflow_api_virtualenv.py took 0.172 seconds
[2026-05-17T03:56:05.713+0000] {processor.py:161} INFO - Started process (PID=4745) to work on /home/airflow/.local/lib/python3.8/site-packages/airflow/example_dags/tutorial_taskflow_api_virtualenv.py
[2026-05-17T03:56:05.714+0000] {processor.py:830} INFO - Processing file /home/airflow/.local/lib/python3.8/site-packages/airflow/example_dags/tutorial_taskflow_api_virtualenv.py for tasks to queue
[2026-05-17T03:56:05.717+0000] {logging_mixin.py:188} INFO - [2026-05-17T03:56:05.717+0000] {dagbag.py:538} INFO - Filling up the DagBag from /home/airflow/.local/lib/python3.8/site-packages/airflow/example_dags/tutorial_taskflow_api_virtualenv.py
[2026-05-17T03:56:05.737+0000] {processor.py:840} INFO - DAG(s) 'tutorial_taskflow_api_virtualenv' retrieved from /home/airflow/.local/lib/python3.8/site-packages/airflow/example_dags/tutorial_taskflow_api_virtualenv.py
[2026-05-17T03:56:05.778+0000] {logging_mixin.py:188} INFO - [2026-05-17T03:56:05.778+0000] {dag.py:3036} INFO - Sync 1 DAGs
[2026-05-17T03:56:05.802+0000] {logging_mixin.py:188} INFO - [2026-05-17T03:56:05.802+0000] {dag.py:3823} INFO - Setting next_dagrun for tutorial_taskflow_api_virtualenv to None, run_after=None
[2026-05-17T03:56:05.838+0000] {processor.py:183} INFO - Processing /home/airflow/.local/lib/python3.8/site-packages/airflow/example_dags/tutorial_taskflow_api_virtualenv.py took 0.131 seconds
[2026-05-17T03:56:36.084+0000] {processor.py:161} INFO - Started process (PID=4811) to work on /home/airflow/.local/lib/python3.8/site-packages/airflow/example_dags/tutorial_taskflow_api_virtualenv.py
[2026-05-17T03:56:36.086+0000] {processor.py:830} INFO - Processing file /home/airflow/.local/lib/python3.8/site-packages/airflow/example_dags/tutorial_taskflow_api_virtualenv.py for tasks to queue
[2026-05-17T03:56:36.089+0000] {logging_mixin.py:188} INFO - [2026-05-17T03:56:36.089+0000] {dagbag.py:538} INFO - Filling up the DagBag from /home/airflow/.local/lib/python3.8/site-packages/airflow/example_dags/tutorial_taskflow_api_virtualenv.py
[2026-05-17T03:56:36.109+0000] {processor.py:840} INFO - DAG(s) 'tutorial_taskflow_api_virtualenv' retrieved from /home/airflow/.local/lib/python3.8/site-packages/airflow/example_dags/tutorial_taskflow_api_virtualenv.py
[2026-05-17T03:56:36.155+0000] {logging_mixin.py:188} INFO - [2026-05-17T03:56:36.155+0000] {dag.py:3036} INFO - Sync 1 DAGs
[2026-05-17T03:56:36.180+0000] {logging_mixin.py:188} INFO - [2026-05-17T03:56:36.180+0000] {dag.py:3823} INFO - Setting next_dagrun for tutorial_taskflow_api_virtualenv to None, run_after=None
[2026-05-17T03:56:36.216+0000] {processor.py:183} INFO - Processing /home/airflow/.local/lib/python3.8/site-packages/airflow/example_dags/tutorial_taskflow_api_virtualenv.py took 0.138 seconds
[2026-05-17T03:57:06.748+0000] {processor.py:161} INFO - Started process (PID=4884) to work on /home/airflow/.local/lib/python3.8/site-packages/airflow/example_dags/tutorial_taskflow_api_virtualenv.py
[2026-05-17T03:57:06.750+0000] {processor.py:830} INFO - Processing file /home/airflow/.local/lib/python3.8/site-packages/airflow/example_dags/tutorial_taskflow_api_virtualenv.py for tasks to queue
[2026-05-17T03:57:06.752+0000] {logging_mixin.py:188} INFO - [2026-05-17T03:57:06.752+0000] {dagbag.py:538} INFO - Filling up the DagBag from /home/airflow/.local/lib/python3.8/site-packages/airflow/example_dags/tutorial_taskflow_api_virtualenv.py
[2026-05-17T03:57:06.772+0000] {processor.py:840} INFO - DAG(s) 'tutorial_taskflow_api_virtualenv' retrieved from /home/airflow/.local/lib/python3.8/site-packages/airflow/example_dags/tutorial_taskflow_api_virtualenv.py
[2026-05-17T03:57:06.808+0000] {logging_mixin.py:188} INFO - [2026-05-17T03:57:06.808+0000] {dag.py:3036} INFO - Sync 1 DAGs
[2026-05-17T03:57:06.831+0000] {logging_mixin.py:188} INFO - [2026-05-17T03:57:06.830+0000] {dag.py:3823} INFO - Setting next_dagrun for tutorial_taskflow_api_virtualenv to None, run_after=None
[2026-05-17T03:57:06.866+0000] {processor.py:183} INFO - Processing /home/airflow/.local/lib/python3.8/site-packages/airflow/example_dags/tutorial_taskflow_api_virtualenv.py took 0.123 seconds
[2026-05-17T03:57:37.130+0000] {processor.py:161} INFO - Started process (PID=4952) to work on /home/airflow/.local/lib/python3.8/site-packages/airflow/example_dags/tutorial_taskflow_api_virtualenv.py
[2026-05-17T03:57:37.133+0000] {processor.py:830} INFO - Processing file /home/airflow/.local/lib/python3.8/site-packages/airflow/example_dags/tutorial_taskflow_api_virtualenv.py for tasks to queue
[2026-05-17T03:57:37.135+0000] {logging_mixin.py:188} INFO - [2026-05-17T03:57:37.135+0000] {dagbag.py:538} INFO - Filling up the DagBag from /home/airflow/.local/lib/python3.8/site-packages/airflow/example_dags/tutorial_taskflow_api_virtualenv.py
[2026-05-17T03:57:37.155+0000] {processor.py:840} INFO - DAG(s) 'tutorial_taskflow_api_virtualenv' retrieved from /home/airflow/.local/lib/python3.8/site-packages/airflow/example_dags/tutorial_taskflow_api_virtualenv.py
[2026-05-17T03:57:37.198+0000] {logging_mixin.py:188} INFO - [2026-05-17T03:57:37.197+0000] {dag.py:3036} INFO - Sync 1 DAGs
[2026-05-17T03:57:37.223+0000] {logging_mixin.py:188} INFO - [2026-05-17T03:57:37.222+0000] {dag.py:3823} INFO - Setting next_dagrun for tutorial_taskflow_api_virtualenv to None, run_after=None
[2026-05-17T03:57:37.256+0000] {processor.py:183} INFO - Processing /home/airflow/.local/lib/python3.8/site-packages/airflow/example_dags/tutorial_taskflow_api_virtualenv.py took 0.132 seconds
[2026-05-17T03:58:07.725+0000] {processor.py:161} INFO - Started process (PID=5018) to work on /home/airflow/.local/lib/python3.8/site-packages/airflow/example_dags/tutorial_taskflow_api_virtualenv.py
[2026-05-17T03:58:07.728+0000] {processor.py:830} INFO - Processing file /home/airflow/.local/lib/python3.8/site-packages/airflow/example_dags/tutorial_taskflow_api_virtualenv.py for tasks to queue
[2026-05-17T03:58:07.731+0000] {logging_mixin.py:188} INFO - [2026-05-17T03:58:07.730+0000] {dagbag.py:538} INFO - Filling up the DagBag from /home/airflow/.local/lib/python3.8/site-packages/airflow/example_dags/tutorial_taskflow_api_virtualenv.py
[2026-05-17T03:58:07.751+0000] {processor.py:840} INFO - DAG(s) 'tutorial_taskflow_api_virtualenv' retrieved from /home/airflow/.local/lib/python3.8/site-packages/airflow/example_dags/tutorial_taskflow_api_virtualenv.py
[2026-05-17T03:58:07.794+0000] {logging_mixin.py:188} INFO - [2026-05-17T03:58:07.793+0000] {dag.py:3036} INFO - Sync 1 DAGs
[2026-05-17T03:58:07.819+0000] {logging_mixin.py:188} INFO - [2026-05-17T03:58:07.819+0000] {dag.py:3823} INFO - Setting next_dagrun for tutorial_taskflow_api_virtualenv to None, run_after=None
[2026-05-17T03:58:07.856+0000] {processor.py:183} INFO - Processing /home/airflow/.local/lib/python3.8/site-packages/airflow/example_dags/tutorial_taskflow_api_virtualenv.py took 0.137 seconds
[2026-05-17T03:58:38.049+0000] {processor.py:161} INFO - Started process (PID=5083) to work on /home/airflow/.local/lib/python3.8/site-packages/airflow/example_dags/tutorial_taskflow_api_virtualenv.py
[2026-05-17T03:58:38.050+0000] {processor.py:830} INFO - Processing file /home/airflow/.local/lib/python3.8/site-packages/airflow/example_dags/tutorial_taskflow_api_virtualenv.py for tasks to queue
[2026-05-17T03:58:38.053+0000] {logging_mixin.py:188} INFO - [2026-05-17T03:58:38.052+0000] {dagbag.py:538} INFO - Filling up the DagBag from /home/airflow/.local/lib/python3.8/site-packages/airflow/example_dags/tutorial_taskflow_api_virtualenv.py
[2026-05-17T03:58:38.070+0000] {processor.py:840} INFO - DAG(s) 'tutorial_taskflow_api_virtualenv' retrieved from /home/airflow/.local/lib/python3.8/site-packages/airflow/example_dags/tutorial_taskflow_api_virtualenv.py
[2026-05-17T03:58:38.110+0000] {logging_mixin.py:188} INFO - [2026-05-17T03:58:38.110+0000] {dag.py:3036} INFO - Sync 1 DAGs
[2026-05-17T03:58:38.134+0000] {logging_mixin.py:188} INFO - [2026-05-17T03:58:38.133+0000] {dag.py:3823} INFO - Setting next_dagrun for tutorial_taskflow_api_virtualenv to None, run_after=None
[2026-05-17T03:58:38.167+0000] {processor.py:183} INFO - Processing /home/airflow/.local/lib/python3.8/site-packages/airflow/example_dags/tutorial_taskflow_api_virtualenv.py took 0.123 seconds
[2026-05-17T03:59:08.465+0000] {processor.py:161} INFO - Started process (PID=5148) to work on /home/airflow/.local/lib/python3.8/site-packages/airflow/example_dags/tutorial_taskflow_api_virtualenv.py
[2026-05-17T03:59:08.468+0000] {processor.py:830} INFO - Processing file /home/airflow/.local/lib/python3.8/site-packages/airflow/example_dags/tutorial_taskflow_api_virtualenv.py for tasks to queue
[2026-05-17T03:59:08.471+0000] {logging_mixin.py:188} INFO - [2026-05-17T03:59:08.471+0000] {dagbag.py:538} INFO - Filling up the DagBag from /home/airflow/.local/lib/python3.8/site-packages/airflow/example_dags/tutorial_taskflow_api_virtualenv.py
[2026-05-17T03:59:08.487+0000] {processor.py:840} INFO - DAG(s) 'tutorial_taskflow_api_virtualenv' retrieved from /home/airflow/.local/lib/python3.8/site-packages/airflow/example_dags/tutorial_taskflow_api_virtualenv.py
[2026-05-17T03:59:08.525+0000] {logging_mixin.py:188} INFO - [2026-05-17T03:59:08.525+0000] {dag.py:3036} INFO - Sync 1 DAGs
[2026-05-17T03:59:08.546+0000] {logging_mixin.py:188} INFO - [2026-05-17T03:59:08.546+0000] {dag.py:3823} INFO - Setting next_dagrun for tutorial_taskflow_api_virtualenv to None, run_after=None
[2026-05-17T03:59:08.576+0000] {processor.py:183} INFO - Processing /home/airflow/.local/lib/python3.8/site-packages/airflow/example_dags/tutorial_taskflow_api_virtualenv.py took 0.116 seconds
[2026-05-17T03:59:39.488+0000] {processor.py:161} INFO - Started process (PID=5213) to work on /home/airflow/.local/lib/python3.8/site-packages/airflow/example_dags/tutorial_taskflow_api_virtualenv.py
[2026-05-17T03:59:39.489+0000] {processor.py:830} INFO - Processing file /home/airflow/.local/lib/python3.8/site-packages/airflow/example_dags/tutorial_taskflow_api_virtualenv.py for tasks to queue
[2026-05-17T03:59:39.492+0000] {logging_mixin.py:188} INFO - [2026-05-17T03:59:39.491+0000] {dagbag.py:538} INFO - Filling up the DagBag from /home/airflow/.local/lib/python3.8/site-packages/airflow/example_dags/tutorial_taskflow_api_virtualenv.py
[2026-05-17T03:59:39.509+0000] {processor.py:840} INFO - DAG(s) 'tutorial_taskflow_api_virtualenv' retrieved from /home/airflow/.local/lib/python3.8/site-packages/airflow/example_dags/tutorial_taskflow_api_virtualenv.py
[2026-05-17T03:59:39.548+0000] {logging_mixin.py:188} INFO - [2026-05-17T03:59:39.548+0000] {dag.py:3036} INFO - Sync 1 DAGs
[2026-05-17T03:59:39.575+0000] {logging_mixin.py:188} INFO - [2026-05-17T03:59:39.574+0000] {dag.py:3823} INFO - Setting next_dagrun for tutorial_taskflow_api_virtualenv to None, run_after=None
[2026-05-17T03:59:39.609+0000] {processor.py:183} INFO - Processing /home/airflow/.local/lib/python3.8/site-packages/airflow/example_dags/tutorial_taskflow_api_virtualenv.py took 0.127 seconds
[2026-05-17T04:00:10.011+0000] {processor.py:161} INFO - Started process (PID=5278) to work on /home/airflow/.local/lib/python3.8/site-packages/airflow/example_dags/tutorial_taskflow_api_virtualenv.py
[2026-05-17T04:00:10.013+0000] {processor.py:830} INFO - Processing file /home/airflow/.local/lib/python3.8/site-packages/airflow/example_dags/tutorial_taskflow_api_virtualenv.py for tasks to queue
[2026-05-17T04:00:10.016+0000] {logging_mixin.py:188} INFO - [2026-05-17T04:00:10.016+0000] {dagbag.py:538} INFO - Filling up the DagBag from /home/airflow/.local/lib/python3.8/site-packages/airflow/example_dags/tutorial_taskflow_api_virtualenv.py
[2026-05-17T04:00:10.036+0000] {processor.py:840} INFO - DAG(s) 'tutorial_taskflow_api_virtualenv' retrieved from /home/airflow/.local/lib/python3.8/site-packages/airflow/example_dags/tutorial_taskflow_api_virtualenv.py
[2026-05-17T04:00:10.079+0000] {logging_mixin.py:188} INFO - [2026-05-17T04:00:10.079+0000] {dag.py:3036} INFO - Sync 1 DAGs
[2026-05-17T04:00:10.106+0000] {logging_mixin.py:188} INFO - [2026-05-17T04:00:10.106+0000] {dag.py:3823} INFO - Setting next_dagrun for tutorial_taskflow_api_virtualenv to None, run_after=None
[2026-05-17T04:00:10.140+0000] {processor.py:183} INFO - Processing /home/airflow/.local/lib/python3.8/site-packages/airflow/example_dags/tutorial_taskflow_api_virtualenv.py took 0.136 seconds
[2026-05-17T04:00:40.370+0000] {processor.py:161} INFO - Started process (PID=5344) to work on /home/airflow/.local/lib/python3.8/site-packages/airflow/example_dags/tutorial_taskflow_api_virtualenv.py
[2026-05-17T04:00:40.372+0000] {processor.py:830} INFO - Processing file /home/airflow/.local/lib/python3.8/site-packages/airflow/example_dags/tutorial_taskflow_api_virtualenv.py for tasks to queue
[2026-05-17T04:00:40.374+0000] {logging_mixin.py:188} INFO - [2026-05-17T04:00:40.373+0000] {dagbag.py:538} INFO - Filling up the DagBag from /home/airflow/.local/lib/python3.8/site-packages/airflow/example_dags/tutorial_taskflow_api_virtualenv.py
[2026-05-17T04:00:40.390+0000] {processor.py:840} INFO - DAG(s) 'tutorial_taskflow_api_virtualenv' retrieved from /home/airflow/.local/lib/python3.8/site-packages/airflow/example_dags/tutorial_taskflow_api_virtualenv.py
[2026-05-17T04:00:40.433+0000] {logging_mixin.py:188} INFO - [2026-05-17T04:00:40.432+0000] {dag.py:3036} INFO - Sync 1 DAGs
[2026-05-17T04:00:40.457+0000] {logging_mixin.py:188} INFO - [2026-05-17T04:00:40.456+0000] {dag.py:3823} INFO - Setting next_dagrun for tutorial_taskflow_api_virtualenv to None, run_after=None
[2026-05-17T04:00:40.490+0000] {processor.py:183} INFO - Processing /home/airflow/.local/lib/python3.8/site-packages/airflow/example_dags/tutorial_taskflow_api_virtualenv.py took 0.125 seconds
[2026-05-17T04:01:10.745+0000] {processor.py:161} INFO - Started process (PID=5410) to work on /home/airflow/.local/lib/python3.8/site-packages/airflow/example_dags/tutorial_taskflow_api_virtualenv.py
[2026-05-17T04:01:10.747+0000] {processor.py:830} INFO - Processing file /home/airflow/.local/lib/python3.8/site-packages/airflow/example_dags/tutorial_taskflow_api_virtualenv.py for tasks to queue
[2026-05-17T04:01:10.750+0000] {logging_mixin.py:188} INFO - [2026-05-17T04:01:10.750+0000] {dagbag.py:538} INFO - Filling up the DagBag from /home/airflow/.local/lib/python3.8/site-packages/airflow/example_dags/tutorial_taskflow_api_virtualenv.py
[2026-05-17T04:01:10.767+0000] {processor.py:840} INFO - DAG(s) 'tutorial_taskflow_api_virtualenv' retrieved from /home/airflow/.local/lib/python3.8/site-packages/airflow/example_dags/tutorial_taskflow_api_virtualenv.py
[2026-05-17T04:01:10.803+0000] {logging_mixin.py:188} INFO - [2026-05-17T04:01:10.803+0000] {dag.py:3036} INFO - Sync 1 DAGs
[2026-05-17T04:01:10.822+0000] {logging_mixin.py:188} INFO - [2026-05-17T04:01:10.822+0000] {dag.py:3823} INFO - Setting next_dagrun for tutorial_taskflow_api_virtualenv to None, run_after=None
[2026-05-17T04:01:10.851+0000] {processor.py:183} INFO - Processing /home/airflow/.local/lib/python3.8/site-packages/airflow/example_dags/tutorial_taskflow_api_virtualenv.py took 0.110 seconds
[2026-05-17T04:01:41.166+0000] {processor.py:161} INFO - Started process (PID=5477) to work on /home/airflow/.local/lib/python3.8/site-packages/airflow/example_dags/tutorial_taskflow_api_virtualenv.py
[2026-05-17T04:01:41.168+0000] {processor.py:830} INFO - Processing file /home/airflow/.local/lib/python3.8/site-packages/airflow/example_dags/tutorial_taskflow_api_virtualenv.py for tasks to queue
[2026-05-17T04:01:41.171+0000] {logging_mixin.py:188} INFO - [2026-05-17T04:01:41.170+0000] {dagbag.py:538} INFO - Filling up the DagBag from /home/airflow/.local/lib/python3.8/site-packages/airflow/example_dags/tutorial_taskflow_api_virtualenv.py
[2026-05-17T04:01:41.190+0000] {processor.py:840} INFO - DAG(s) 'tutorial_taskflow_api_virtualenv' retrieved from /home/airflow/.local/lib/python3.8/site-packages/airflow/example_dags/tutorial_taskflow_api_virtualenv.py
[2026-05-17T04:01:41.235+0000] {logging_mixin.py:188} INFO - [2026-05-17T04:01:41.234+0000] {dag.py:3036} INFO - Sync 1 DAGs
[2026-05-17T04:01:41.259+0000] {logging_mixin.py:188} INFO - [2026-05-17T04:01:41.259+0000] {dag.py:3823} INFO - Setting next_dagrun for tutorial_taskflow_api_virtualenv to None, run_after=None
[2026-05-17T04:01:41.295+0000] {processor.py:183} INFO - Processing /home/airflow/.local/lib/python3.8/site-packages/airflow/example_dags/tutorial_taskflow_api_virtualenv.py took 0.135 seconds
[2026-05-17T04:02:11.565+0000] {processor.py:161} INFO - Started process (PID=5550) to work on /home/airflow/.local/lib/python3.8/site-packages/airflow/example_dags/tutorial_taskflow_api_virtualenv.py
[2026-05-17T04:02:11.567+0000] {processor.py:830} INFO - Processing file /home/airflow/.local/lib/python3.8/site-packages/airflow/example_dags/tutorial_taskflow_api_virtualenv.py for tasks to queue
[2026-05-17T04:02:11.571+0000] {logging_mixin.py:188} INFO - [2026-05-17T04:02:11.570+0000] {dagbag.py:538} INFO - Filling up the DagBag from /home/airflow/.local/lib/python3.8/site-packages/airflow/example_dags/tutorial_taskflow_api_virtualenv.py
[2026-05-17T04:02:11.591+0000] {processor.py:840} INFO - DAG(s) 'tutorial_taskflow_api_virtualenv' retrieved from /home/airflow/.local/lib/python3.8/site-packages/airflow/example_dags/tutorial_taskflow_api_virtualenv.py
[2026-05-17T04:02:11.636+0000] {logging_mixin.py:188} INFO - [2026-05-17T04:02:11.636+0000] {dag.py:3036} INFO - Sync 1 DAGs
[2026-05-17T04:02:11.663+0000] {logging_mixin.py:188} INFO - [2026-05-17T04:02:11.663+0000] {dag.py:3823} INFO - Setting next_dagrun for tutorial_taskflow_api_virtualenv to None, run_after=None
[2026-05-17T04:02:11.701+0000] {processor.py:183} INFO - Processing /home/airflow/.local/lib/python3.8/site-packages/airflow/example_dags/tutorial_taskflow_api_virtualenv.py took 0.143 seconds
[2026-05-17T04:02:41.909+0000] {processor.py:161} INFO - Started process (PID=5616) to work on /home/airflow/.local/lib/python3.8/site-packages/airflow/example_dags/tutorial_taskflow_api_virtualenv.py
[2026-05-17T04:02:41.911+0000] {processor.py:830} INFO - Processing file /home/airflow/.local/lib/python3.8/site-packages/airflow/example_dags/tutorial_taskflow_api_virtualenv.py for tasks to queue
[2026-05-17T04:02:41.914+0000] {logging_mixin.py:188} INFO - [2026-05-17T04:02:41.914+0000] {dagbag.py:538} INFO - Filling up the DagBag from /home/airflow/.local/lib/python3.8/site-packages/airflow/example_dags/tutorial_taskflow_api_virtualenv.py
[2026-05-17T04:02:41.933+0000] {processor.py:840} INFO - DAG(s) 'tutorial_taskflow_api_virtualenv' retrieved from /home/airflow/.local/lib/python3.8/site-packages/airflow/example_dags/tutorial_taskflow_api_virtualenv.py
[2026-05-17T04:02:41.976+0000] {logging_mixin.py:188} INFO - [2026-05-17T04:02:41.975+0000] {dag.py:3036} INFO - Sync 1 DAGs
[2026-05-17T04:02:42.003+0000] {logging_mixin.py:188} INFO - [2026-05-17T04:02:42.002+0000] {dag.py:3823} INFO - Setting next_dagrun for tutorial_taskflow_api_virtualenv to None, run_after=None
[2026-05-17T04:02:42.038+0000] {processor.py:183} INFO - Processing /home/airflow/.local/lib/python3.8/site-packages/airflow/example_dags/tutorial_taskflow_api_virtualenv.py took 0.136 seconds
[2026-05-17T04:03:12.562+0000] {processor.py:161} INFO - Started process (PID=5682) to work on /home/airflow/.local/lib/python3.8/site-packages/airflow/example_dags/tutorial_taskflow_api_virtualenv.py
[2026-05-17T04:03:12.563+0000] {processor.py:830} INFO - Processing file /home/airflow/.local/lib/python3.8/site-packages/airflow/example_dags/tutorial_taskflow_api_virtualenv.py for tasks to queue
[2026-05-17T04:03:12.567+0000] {logging_mixin.py:188} INFO - [2026-05-17T04:03:12.566+0000] {dagbag.py:538} INFO - Filling up the DagBag from /home/airflow/.local/lib/python3.8/site-packages/airflow/example_dags/tutorial_taskflow_api_virtualenv.py
[2026-05-17T04:03:12.586+0000] {processor.py:840} INFO - DAG(s) 'tutorial_taskflow_api_virtualenv' retrieved from /home/airflow/.local/lib/python3.8/site-packages/airflow/example_dags/tutorial_taskflow_api_virtualenv.py
[2026-05-17T04:03:12.638+0000] {logging_mixin.py:188} INFO - [2026-05-17T04:03:12.638+0000] {dag.py:3036} INFO - Sync 1 DAGs
[2026-05-17T04:03:12.676+0000] {logging_mixin.py:188} INFO - [2026-05-17T04:03:12.676+0000] {dag.py:3823} INFO - Setting next_dagrun for tutorial_taskflow_api_virtualenv to None, run_after=None
[2026-05-17T04:03:12.714+0000] {processor.py:183} INFO - Processing /home/airflow/.local/lib/python3.8/site-packages/airflow/example_dags/tutorial_taskflow_api_virtualenv.py took 0.158 seconds
[2026-05-17T04:03:43.225+0000] {processor.py:161} INFO - Started process (PID=5749) to work on /home/airflow/.local/lib/python3.8/site-packages/airflow/example_dags/tutorial_taskflow_api_virtualenv.py
[2026-05-17T04:03:43.227+0000] {processor.py:830} INFO - Processing file /home/airflow/.local/lib/python3.8/site-packages/airflow/example_dags/tutorial_taskflow_api_virtualenv.py for tasks to queue
[2026-05-17T04:03:43.230+0000] {logging_mixin.py:188} INFO - [2026-05-17T04:03:43.230+0000] {dagbag.py:538} INFO - Filling up the DagBag from /home/airflow/.local/lib/python3.8/site-packages/airflow/example_dags/tutorial_taskflow_api_virtualenv.py
[2026-05-17T04:03:43.250+0000] {processor.py:840} INFO - DAG(s) 'tutorial_taskflow_api_virtualenv' retrieved from /home/airflow/.local/lib/python3.8/site-packages/airflow/example_dags/tutorial_taskflow_api_virtualenv.py
[2026-05-17T04:03:43.291+0000] {logging_mixin.py:188} INFO - [2026-05-17T04:03:43.291+0000] {dag.py:3036} INFO - Sync 1 DAGs
[2026-05-17T04:03:43.316+0000] {logging_mixin.py:188} INFO - [2026-05-17T04:03:43.315+0000] {dag.py:3823} INFO - Setting next_dagrun for tutorial_taskflow_api_virtualenv to None, run_after=None
[2026-05-17T04:03:43.348+0000] {processor.py:183} INFO - Processing /home/airflow/.local/lib/python3.8/site-packages/airflow/example_dags/tutorial_taskflow_api_virtualenv.py took 0.129 seconds
[2026-05-17T04:04:13.883+0000] {processor.py:161} INFO - Started process (PID=5814) to work on /home/airflow/.local/lib/python3.8/site-packages/airflow/example_dags/tutorial_taskflow_api_virtualenv.py
[2026-05-17T04:04:13.885+0000] {processor.py:830} INFO - Processing file /home/airflow/.local/lib/python3.8/site-packages/airflow/example_dags/tutorial_taskflow_api_virtualenv.py for tasks to queue
[2026-05-17T04:04:13.888+0000] {logging_mixin.py:188} INFO - [2026-05-17T04:04:13.887+0000] {dagbag.py:538} INFO - Filling up the DagBag from /home/airflow/.local/lib/python3.8/site-packages/airflow/example_dags/tutorial_taskflow_api_virtualenv.py
[2026-05-17T04:04:13.907+0000] {processor.py:840} INFO - DAG(s) 'tutorial_taskflow_api_virtualenv' retrieved from /home/airflow/.local/lib/python3.8/site-packages/airflow/example_dags/tutorial_taskflow_api_virtualenv.py
[2026-05-17T04:04:13.946+0000] {logging_mixin.py:188} INFO - [2026-05-17T04:04:13.946+0000] {dag.py:3036} INFO - Sync 1 DAGs
[2026-05-17T04:04:13.971+0000] {logging_mixin.py:188} INFO - [2026-05-17T04:04:13.970+0000] {dag.py:3823} INFO - Setting next_dagrun for tutorial_taskflow_api_virtualenv to None, run_after=None
[2026-05-17T04:04:14.003+0000] {processor.py:183} INFO - Processing /home/airflow/.local/lib/python3.8/site-packages/airflow/example_dags/tutorial_taskflow_api_virtualenv.py took 0.125 seconds
[2026-05-17T04:04:44.277+0000] {processor.py:161} INFO - Started process (PID=5878) to work on /home/airflow/.local/lib/python3.8/site-packages/airflow/example_dags/tutorial_taskflow_api_virtualenv.py
[2026-05-17T04:04:44.279+0000] {processor.py:830} INFO - Processing file /home/airflow/.local/lib/python3.8/site-packages/airflow/example_dags/tutorial_taskflow_api_virtualenv.py for tasks to queue
[2026-05-17T04:04:44.282+0000] {logging_mixin.py:188} INFO - [2026-05-17T04:04:44.282+0000] {dagbag.py:538} INFO - Filling up the DagBag from /home/airflow/.local/lib/python3.8/site-packages/airflow/example_dags/tutorial_taskflow_api_virtualenv.py
[2026-05-17T04:04:44.298+0000] {processor.py:840} INFO - DAG(s) 'tutorial_taskflow_api_virtualenv' retrieved from /home/airflow/.local/lib/python3.8/site-packages/airflow/example_dags/tutorial_taskflow_api_virtualenv.py
[2026-05-17T04:04:44.333+0000] {logging_mixin.py:188} INFO - [2026-05-17T04:04:44.332+0000] {dag.py:3036} INFO - Sync 1 DAGs
[2026-05-17T04:04:44.352+0000] {logging_mixin.py:188} INFO - [2026-05-17T04:04:44.352+0000] {dag.py:3823} INFO - Setting next_dagrun for tutorial_taskflow_api_virtualenv to None, run_after=None
[2026-05-17T04:04:44.380+0000] {processor.py:183} INFO - Processing /home/airflow/.local/lib/python3.8/site-packages/airflow/example_dags/tutorial_taskflow_api_virtualenv.py took 0.108 seconds
[2026-05-17T04:05:14.851+0000] {processor.py:161} INFO - Started process (PID=5944) to work on /home/airflow/.local/lib/python3.8/site-packages/airflow/example_dags/tutorial_taskflow_api_virtualenv.py
[2026-05-17T04:05:14.852+0000] {processor.py:830} INFO - Processing file /home/airflow/.local/lib/python3.8/site-packages/airflow/example_dags/tutorial_taskflow_api_virtualenv.py for tasks to queue
[2026-05-17T04:05:14.855+0000] {logging_mixin.py:188} INFO - [2026-05-17T04:05:14.854+0000] {dagbag.py:538} INFO - Filling up the DagBag from /home/airflow/.local/lib/python3.8/site-packages/airflow/example_dags/tutorial_taskflow_api_virtualenv.py
[2026-05-17T04:05:14.875+0000] {processor.py:840} INFO - DAG(s) 'tutorial_taskflow_api_virtualenv' retrieved from /home/airflow/.local/lib/python3.8/site-packages/airflow/example_dags/tutorial_taskflow_api_virtualenv.py
[2026-05-17T04:05:14.912+0000] {logging_mixin.py:188} INFO - [2026-05-17T04:05:14.911+0000] {dag.py:3036} INFO - Sync 1 DAGs
[2026-05-17T04:05:14.937+0000] {logging_mixin.py:188} INFO - [2026-05-17T04:05:14.937+0000] {dag.py:3823} INFO - Setting next_dagrun for tutorial_taskflow_api_virtualenv to None, run_after=None
[2026-05-17T04:05:14.969+0000] {processor.py:183} INFO - Processing /home/airflow/.local/lib/python3.8/site-packages/airflow/example_dags/tutorial_taskflow_api_virtualenv.py took 0.125 seconds
[2026-05-17T04:05:45.174+0000] {processor.py:161} INFO - Started process (PID=6011) to work on /home/airflow/.local/lib/python3.8/site-packages/airflow/example_dags/tutorial_taskflow_api_virtualenv.py
[2026-05-17T04:05:45.176+0000] {processor.py:830} INFO - Processing file /home/airflow/.local/lib/python3.8/site-packages/airflow/example_dags/tutorial_taskflow_api_virtualenv.py for tasks to queue
[2026-05-17T04:05:45.178+0000] {logging_mixin.py:188} INFO - [2026-05-17T04:05:45.178+0000] {dagbag.py:538} INFO - Filling up the DagBag from /home/airflow/.local/lib/python3.8/site-packages/airflow/example_dags/tutorial_taskflow_api_virtualenv.py
[2026-05-17T04:05:45.195+0000] {processor.py:840} INFO - DAG(s) 'tutorial_taskflow_api_virtualenv' retrieved from /home/airflow/.local/lib/python3.8/site-packages/airflow/example_dags/tutorial_taskflow_api_virtualenv.py
[2026-05-17T04:05:45.234+0000] {logging_mixin.py:188} INFO - [2026-05-17T04:05:45.233+0000] {dag.py:3036} INFO - Sync 1 DAGs
[2026-05-17T04:05:45.256+0000] {logging_mixin.py:188} INFO - [2026-05-17T04:05:45.256+0000] {dag.py:3823} INFO - Setting next_dagrun for tutorial_taskflow_api_virtualenv to None, run_after=None
[2026-05-17T04:05:45.287+0000] {processor.py:183} INFO - Processing /home/airflow/.local/lib/python3.8/site-packages/airflow/example_dags/tutorial_taskflow_api_virtualenv.py took 0.118 seconds
[2026-05-17T04:06:15.508+0000] {processor.py:161} INFO - Started process (PID=6076) to work on /home/airflow/.local/lib/python3.8/site-packages/airflow/example_dags/tutorial_taskflow_api_virtualenv.py
[2026-05-17T04:06:15.509+0000] {processor.py:830} INFO - Processing file /home/airflow/.local/lib/python3.8/site-packages/airflow/example_dags/tutorial_taskflow_api_virtualenv.py for tasks to queue
[2026-05-17T04:06:15.512+0000] {logging_mixin.py:188} INFO - [2026-05-17T04:06:15.512+0000] {dagbag.py:538} INFO - Filling up the DagBag from /home/airflow/.local/lib/python3.8/site-packages/airflow/example_dags/tutorial_taskflow_api_virtualenv.py
[2026-05-17T04:06:15.530+0000] {processor.py:840} INFO - DAG(s) 'tutorial_taskflow_api_virtualenv' retrieved from /home/airflow/.local/lib/python3.8/site-packages/airflow/example_dags/tutorial_taskflow_api_virtualenv.py
[2026-05-17T04:06:15.571+0000] {logging_mixin.py:188} INFO - [2026-05-17T04:06:15.571+0000] {dag.py:3036} INFO - Sync 1 DAGs
[2026-05-17T04:06:15.592+0000] {logging_mixin.py:188} INFO - [2026-05-17T04:06:15.592+0000] {dag.py:3823} INFO - Setting next_dagrun for tutorial_taskflow_api_virtualenv to None, run_after=None
[2026-05-17T04:06:15.620+0000] {processor.py:183} INFO - Processing /home/airflow/.local/lib/python3.8/site-packages/airflow/example_dags/tutorial_taskflow_api_virtualenv.py took 0.117 seconds
[2026-05-17T04:06:45.793+0000] {processor.py:161} INFO - Started process (PID=6143) to work on /home/airflow/.local/lib/python3.8/site-packages/airflow/example_dags/tutorial_taskflow_api_virtualenv.py
[2026-05-17T04:06:45.795+0000] {processor.py:830} INFO - Processing file /home/airflow/.local/lib/python3.8/site-packages/airflow/example_dags/tutorial_taskflow_api_virtualenv.py for tasks to queue
[2026-05-17T04:06:45.797+0000] {logging_mixin.py:188} INFO - [2026-05-17T04:06:45.797+0000] {dagbag.py:538} INFO - Filling up the DagBag from /home/airflow/.local/lib/python3.8/site-packages/airflow/example_dags/tutorial_taskflow_api_virtualenv.py
[2026-05-17T04:06:45.814+0000] {processor.py:840} INFO - DAG(s) 'tutorial_taskflow_api_virtualenv' retrieved from /home/airflow/.local/lib/python3.8/site-packages/airflow/example_dags/tutorial_taskflow_api_virtualenv.py
[2026-05-17T04:06:45.852+0000] {logging_mixin.py:188} INFO - [2026-05-17T04:06:45.851+0000] {dag.py:3036} INFO - Sync 1 DAGs
[2026-05-17T04:06:45.874+0000] {logging_mixin.py:188} INFO - [2026-05-17T04:06:45.873+0000] {dag.py:3823} INFO - Setting next_dagrun for tutorial_taskflow_api_virtualenv to None, run_after=None
[2026-05-17T04:06:45.905+0000] {processor.py:183} INFO - Processing /home/airflow/.local/lib/python3.8/site-packages/airflow/example_dags/tutorial_taskflow_api_virtualenv.py took 0.117 seconds
[2026-05-17T04:07:16.614+0000] {processor.py:161} INFO - Started process (PID=6209) to work on /home/airflow/.local/lib/python3.8/site-packages/airflow/example_dags/tutorial_taskflow_api_virtualenv.py
[2026-05-17T04:07:16.615+0000] {processor.py:830} INFO - Processing file /home/airflow/.local/lib/python3.8/site-packages/airflow/example_dags/tutorial_taskflow_api_virtualenv.py for tasks to queue
[2026-05-17T04:07:16.618+0000] {logging_mixin.py:188} INFO - [2026-05-17T04:07:16.617+0000] {dagbag.py:538} INFO - Filling up the DagBag from /home/airflow/.local/lib/python3.8/site-packages/airflow/example_dags/tutorial_taskflow_api_virtualenv.py
[2026-05-17T04:07:16.637+0000] {processor.py:840} INFO - DAG(s) 'tutorial_taskflow_api_virtualenv' retrieved from /home/airflow/.local/lib/python3.8/site-packages/airflow/example_dags/tutorial_taskflow_api_virtualenv.py
[2026-05-17T04:07:16.693+0000] {logging_mixin.py:188} INFO - [2026-05-17T04:07:16.688+0000] {dag.py:3036} INFO - Sync 1 DAGs
[2026-05-17T04:07:16.730+0000] {logging_mixin.py:188} INFO - [2026-05-17T04:07:16.730+0000] {dag.py:3823} INFO - Setting next_dagrun for tutorial_taskflow_api_virtualenv to None, run_after=None
[2026-05-17T04:07:16.799+0000] {processor.py:183} INFO - Processing /home/airflow/.local/lib/python3.8/site-packages/airflow/example_dags/tutorial_taskflow_api_virtualenv.py took 0.190 seconds
[2026-05-17T04:07:47.344+0000] {processor.py:161} INFO - Started process (PID=6275) to work on /home/airflow/.local/lib/python3.8/site-packages/airflow/example_dags/tutorial_taskflow_api_virtualenv.py
[2026-05-17T04:07:47.346+0000] {processor.py:830} INFO - Processing file /home/airflow/.local/lib/python3.8/site-packages/airflow/example_dags/tutorial_taskflow_api_virtualenv.py for tasks to queue
[2026-05-17T04:07:47.349+0000] {logging_mixin.py:188} INFO - [2026-05-17T04:07:47.348+0000] {dagbag.py:538} INFO - Filling up the DagBag from /home/airflow/.local/lib/python3.8/site-packages/airflow/example_dags/tutorial_taskflow_api_virtualenv.py
[2026-05-17T04:07:47.369+0000] {processor.py:840} INFO - DAG(s) 'tutorial_taskflow_api_virtualenv' retrieved from /home/airflow/.local/lib/python3.8/site-packages/airflow/example_dags/tutorial_taskflow_api_virtualenv.py
[2026-05-17T04:07:47.412+0000] {logging_mixin.py:188} INFO - [2026-05-17T04:07:47.411+0000] {dag.py:3036} INFO - Sync 1 DAGs
[2026-05-17T04:07:47.436+0000] {logging_mixin.py:188} INFO - [2026-05-17T04:07:47.435+0000] {dag.py:3823} INFO - Setting next_dagrun for tutorial_taskflow_api_virtualenv to None, run_after=None
[2026-05-17T04:07:47.470+0000] {processor.py:183} INFO - Processing /home/airflow/.local/lib/python3.8/site-packages/airflow/example_dags/tutorial_taskflow_api_virtualenv.py took 0.133 seconds
[2026-05-17T04:08:17.934+0000] {processor.py:161} INFO - Started process (PID=6341) to work on /home/airflow/.local/lib/python3.8/site-packages/airflow/example_dags/tutorial_taskflow_api_virtualenv.py
[2026-05-17T04:08:17.935+0000] {processor.py:830} INFO - Processing file /home/airflow/.local/lib/python3.8/site-packages/airflow/example_dags/tutorial_taskflow_api_virtualenv.py for tasks to queue
[2026-05-17T04:08:17.938+0000] {logging_mixin.py:188} INFO - [2026-05-17T04:08:17.937+0000] {dagbag.py:538} INFO - Filling up the DagBag from /home/airflow/.local/lib/python3.8/site-packages/airflow/example_dags/tutorial_taskflow_api_virtualenv.py
[2026-05-17T04:08:17.957+0000] {processor.py:840} INFO - DAG(s) 'tutorial_taskflow_api_virtualenv' retrieved from /home/airflow/.local/lib/python3.8/site-packages/airflow/example_dags/tutorial_taskflow_api_virtualenv.py
[2026-05-17T04:08:18.010+0000] {logging_mixin.py:188} INFO - [2026-05-17T04:08:18.010+0000] {dag.py:3036} INFO - Sync 1 DAGs
[2026-05-17T04:08:18.038+0000] {logging_mixin.py:188} INFO - [2026-05-17T04:08:18.037+0000] {dag.py:3823} INFO - Setting next_dagrun for tutorial_taskflow_api_virtualenv to None, run_after=None
[2026-05-17T04:08:18.071+0000] {processor.py:183} INFO - Processing /home/airflow/.local/lib/python3.8/site-packages/airflow/example_dags/tutorial_taskflow_api_virtualenv.py took 0.145 seconds
[2026-05-17T04:08:48.391+0000] {processor.py:161} INFO - Started process (PID=6415) to work on /home/airflow/.local/lib/python3.8/site-packages/airflow/example_dags/tutorial_taskflow_api_virtualenv.py
[2026-05-17T04:08:48.394+0000] {processor.py:830} INFO - Processing file /home/airflow/.local/lib/python3.8/site-packages/airflow/example_dags/tutorial_taskflow_api_virtualenv.py for tasks to queue
[2026-05-17T04:08:48.397+0000] {logging_mixin.py:188} INFO - [2026-05-17T04:08:48.396+0000] {dagbag.py:538} INFO - Filling up the DagBag from /home/airflow/.local/lib/python3.8/site-packages/airflow/example_dags/tutorial_taskflow_api_virtualenv.py
[2026-05-17T04:08:48.417+0000] {processor.py:840} INFO - DAG(s) 'tutorial_taskflow_api_virtualenv' retrieved from /home/airflow/.local/lib/python3.8/site-packages/airflow/example_dags/tutorial_taskflow_api_virtualenv.py
[2026-05-17T04:08:48.455+0000] {logging_mixin.py:188} INFO - [2026-05-17T04:08:48.455+0000] {dag.py:3036} INFO - Sync 1 DAGs
[2026-05-17T04:08:48.474+0000] {logging_mixin.py:188} INFO - [2026-05-17T04:08:48.474+0000] {dag.py:3823} INFO - Setting next_dagrun for tutorial_taskflow_api_virtualenv to None, run_after=None
[2026-05-17T04:08:48.508+0000] {processor.py:183} INFO - Processing /home/airflow/.local/lib/python3.8/site-packages/airflow/example_dags/tutorial_taskflow_api_virtualenv.py took 0.123 seconds
[2026-05-17T04:09:18.814+0000] {processor.py:161} INFO - Started process (PID=6483) to work on /home/airflow/.local/lib/python3.8/site-packages/airflow/example_dags/tutorial_taskflow_api_virtualenv.py
[2026-05-17T04:09:18.816+0000] {processor.py:830} INFO - Processing file /home/airflow/.local/lib/python3.8/site-packages/airflow/example_dags/tutorial_taskflow_api_virtualenv.py for tasks to queue
[2026-05-17T04:09:18.819+0000] {logging_mixin.py:188} INFO - [2026-05-17T04:09:18.819+0000] {dagbag.py:538} INFO - Filling up the DagBag from /home/airflow/.local/lib/python3.8/site-packages/airflow/example_dags/tutorial_taskflow_api_virtualenv.py
[2026-05-17T04:09:18.840+0000] {processor.py:840} INFO - DAG(s) 'tutorial_taskflow_api_virtualenv' retrieved from /home/airflow/.local/lib/python3.8/site-packages/airflow/example_dags/tutorial_taskflow_api_virtualenv.py
[2026-05-17T04:09:18.883+0000] {logging_mixin.py:188} INFO - [2026-05-17T04:09:18.882+0000] {dag.py:3036} INFO - Sync 1 DAGs
[2026-05-17T04:09:18.908+0000] {logging_mixin.py:188} INFO - [2026-05-17T04:09:18.908+0000] {dag.py:3823} INFO - Setting next_dagrun for tutorial_taskflow_api_virtualenv to None, run_after=None
[2026-05-17T04:09:18.945+0000] {processor.py:183} INFO - Processing /home/airflow/.local/lib/python3.8/site-packages/airflow/example_dags/tutorial_taskflow_api_virtualenv.py took 0.137 seconds
[2026-05-17T04:09:49.615+0000] {processor.py:161} INFO - Started process (PID=6549) to work on /home/airflow/.local/lib/python3.8/site-packages/airflow/example_dags/tutorial_taskflow_api_virtualenv.py
[2026-05-17T04:09:49.617+0000] {processor.py:830} INFO - Processing file /home/airflow/.local/lib/python3.8/site-packages/airflow/example_dags/tutorial_taskflow_api_virtualenv.py for tasks to queue
[2026-05-17T04:09:49.619+0000] {logging_mixin.py:188} INFO - [2026-05-17T04:09:49.619+0000] {dagbag.py:538} INFO - Filling up the DagBag from /home/airflow/.local/lib/python3.8/site-packages/airflow/example_dags/tutorial_taskflow_api_virtualenv.py
[2026-05-17T04:09:49.636+0000] {processor.py:840} INFO - DAG(s) 'tutorial_taskflow_api_virtualenv' retrieved from /home/airflow/.local/lib/python3.8/site-packages/airflow/example_dags/tutorial_taskflow_api_virtualenv.py
[2026-05-17T04:09:49.671+0000] {logging_mixin.py:188} INFO - [2026-05-17T04:09:49.671+0000] {dag.py:3036} INFO - Sync 1 DAGs
[2026-05-17T04:09:49.692+0000] {logging_mixin.py:188} INFO - [2026-05-17T04:09:49.691+0000] {dag.py:3823} INFO - Setting next_dagrun for tutorial_taskflow_api_virtualenv to None, run_after=None
[2026-05-17T04:09:49.721+0000] {processor.py:183} INFO - Processing /home/airflow/.local/lib/python3.8/site-packages/airflow/example_dags/tutorial_taskflow_api_virtualenv.py took 0.111 seconds
[2026-05-17T04:10:19.870+0000] {processor.py:161} INFO - Started process (PID=6615) to work on /home/airflow/.local/lib/python3.8/site-packages/airflow/example_dags/tutorial_taskflow_api_virtualenv.py
[2026-05-17T04:10:19.871+0000] {processor.py:830} INFO - Processing file /home/airflow/.local/lib/python3.8/site-packages/airflow/example_dags/tutorial_taskflow_api_virtualenv.py for tasks to queue
[2026-05-17T04:10:19.874+0000] {logging_mixin.py:188} INFO - [2026-05-17T04:10:19.873+0000] {dagbag.py:538} INFO - Filling up the DagBag from /home/airflow/.local/lib/python3.8/site-packages/airflow/example_dags/tutorial_taskflow_api_virtualenv.py
[2026-05-17T04:10:19.892+0000] {processor.py:840} INFO - DAG(s) 'tutorial_taskflow_api_virtualenv' retrieved from /home/airflow/.local/lib/python3.8/site-packages/airflow/example_dags/tutorial_taskflow_api_virtualenv.py
[2026-05-17T04:10:19.934+0000] {logging_mixin.py:188} INFO - [2026-05-17T04:10:19.934+0000] {dag.py:3036} INFO - Sync 1 DAGs
[2026-05-17T04:10:19.958+0000] {logging_mixin.py:188} INFO - [2026-05-17T04:10:19.958+0000] {dag.py:3823} INFO - Setting next_dagrun for tutorial_taskflow_api_virtualenv to None, run_after=None
[2026-05-17T04:10:19.992+0000] {processor.py:183} INFO - Processing /home/airflow/.local/lib/python3.8/site-packages/airflow/example_dags/tutorial_taskflow_api_virtualenv.py took 0.128 seconds
[2026-05-17T04:10:50.191+0000] {processor.py:161} INFO - Started process (PID=6680) to work on /home/airflow/.local/lib/python3.8/site-packages/airflow/example_dags/tutorial_taskflow_api_virtualenv.py
[2026-05-17T04:10:50.193+0000] {processor.py:830} INFO - Processing file /home/airflow/.local/lib/python3.8/site-packages/airflow/example_dags/tutorial_taskflow_api_virtualenv.py for tasks to queue
[2026-05-17T04:10:50.196+0000] {logging_mixin.py:188} INFO - [2026-05-17T04:10:50.195+0000] {dagbag.py:538} INFO - Filling up the DagBag from /home/airflow/.local/lib/python3.8/site-packages/airflow/example_dags/tutorial_taskflow_api_virtualenv.py
[2026-05-17T04:10:50.215+0000] {processor.py:840} INFO - DAG(s) 'tutorial_taskflow_api_virtualenv' retrieved from /home/airflow/.local/lib/python3.8/site-packages/airflow/example_dags/tutorial_taskflow_api_virtualenv.py
[2026-05-17T04:10:50.256+0000] {logging_mixin.py:188} INFO - [2026-05-17T04:10:50.256+0000] {dag.py:3036} INFO - Sync 1 DAGs
[2026-05-17T04:10:50.279+0000] {logging_mixin.py:188} INFO - [2026-05-17T04:10:50.278+0000] {dag.py:3823} INFO - Setting next_dagrun for tutorial_taskflow_api_virtualenv to None, run_after=None
[2026-05-17T04:10:50.315+0000] {processor.py:183} INFO - Processing /home/airflow/.local/lib/python3.8/site-packages/airflow/example_dags/tutorial_taskflow_api_virtualenv.py took 0.129 seconds
[2026-05-17T04:11:20.604+0000] {processor.py:161} INFO - Started process (PID=6747) to work on /home/airflow/.local/lib/python3.8/site-packages/airflow/example_dags/tutorial_taskflow_api_virtualenv.py
[2026-05-17T04:11:20.606+0000] {processor.py:830} INFO - Processing file /home/airflow/.local/lib/python3.8/site-packages/airflow/example_dags/tutorial_taskflow_api_virtualenv.py for tasks to queue
[2026-05-17T04:11:20.609+0000] {logging_mixin.py:188} INFO - [2026-05-17T04:11:20.609+0000] {dagbag.py:538} INFO - Filling up the DagBag from /home/airflow/.local/lib/python3.8/site-packages/airflow/example_dags/tutorial_taskflow_api_virtualenv.py
[2026-05-17T04:11:20.628+0000] {processor.py:840} INFO - DAG(s) 'tutorial_taskflow_api_virtualenv' retrieved from /home/airflow/.local/lib/python3.8/site-packages/airflow/example_dags/tutorial_taskflow_api_virtualenv.py
[2026-05-17T04:11:20.670+0000] {logging_mixin.py:188} INFO - [2026-05-17T04:11:20.670+0000] {dag.py:3036} INFO - Sync 1 DAGs
[2026-05-17T04:11:20.703+0000] {logging_mixin.py:188} INFO - [2026-05-17T04:11:20.702+0000] {dag.py:3823} INFO - Setting next_dagrun for tutorial_taskflow_api_virtualenv to None, run_after=None
[2026-05-17T04:11:20.742+0000] {processor.py:183} INFO - Processing /home/airflow/.local/lib/python3.8/site-packages/airflow/example_dags/tutorial_taskflow_api_virtualenv.py took 0.144 seconds
[2026-05-17T04:11:51.326+0000] {processor.py:161} INFO - Started process (PID=6814) to work on /home/airflow/.local/lib/python3.8/site-packages/airflow/example_dags/tutorial_taskflow_api_virtualenv.py
[2026-05-17T04:11:51.328+0000] {processor.py:830} INFO - Processing file /home/airflow/.local/lib/python3.8/site-packages/airflow/example_dags/tutorial_taskflow_api_virtualenv.py for tasks to queue
[2026-05-17T04:11:51.332+0000] {logging_mixin.py:188} INFO - [2026-05-17T04:11:51.331+0000] {dagbag.py:538} INFO - Filling up the DagBag from /home/airflow/.local/lib/python3.8/site-packages/airflow/example_dags/tutorial_taskflow_api_virtualenv.py
[2026-05-17T04:11:51.360+0000] {processor.py:840} INFO - DAG(s) 'tutorial_taskflow_api_virtualenv' retrieved from /home/airflow/.local/lib/python3.8/site-packages/airflow/example_dags/tutorial_taskflow_api_virtualenv.py
[2026-05-17T04:11:51.433+0000] {logging_mixin.py:188} INFO - [2026-05-17T04:11:51.432+0000] {dag.py:3036} INFO - Sync 1 DAGs
[2026-05-17T04:11:51.473+0000] {logging_mixin.py:188} INFO - [2026-05-17T04:11:51.472+0000] {dag.py:3823} INFO - Setting next_dagrun for tutorial_taskflow_api_virtualenv to None, run_after=None
[2026-05-17T04:11:51.510+0000] {processor.py:183} INFO - Processing /home/airflow/.local/lib/python3.8/site-packages/airflow/example_dags/tutorial_taskflow_api_virtualenv.py took 0.190 seconds
[2026-05-17T04:12:21.820+0000] {processor.py:161} INFO - Started process (PID=6880) to work on /home/airflow/.local/lib/python3.8/site-packages/airflow/example_dags/tutorial_taskflow_api_virtualenv.py
[2026-05-17T04:12:21.821+0000] {processor.py:830} INFO - Processing file /home/airflow/.local/lib/python3.8/site-packages/airflow/example_dags/tutorial_taskflow_api_virtualenv.py for tasks to queue
[2026-05-17T04:12:21.823+0000] {logging_mixin.py:188} INFO - [2026-05-17T04:12:21.823+0000] {dagbag.py:538} INFO - Filling up the DagBag from /home/airflow/.local/lib/python3.8/site-packages/airflow/example_dags/tutorial_taskflow_api_virtualenv.py
[2026-05-17T04:12:21.839+0000] {processor.py:840} INFO - DAG(s) 'tutorial_taskflow_api_virtualenv' retrieved from /home/airflow/.local/lib/python3.8/site-packages/airflow/example_dags/tutorial_taskflow_api_virtualenv.py
[2026-05-17T04:12:21.875+0000] {logging_mixin.py:188} INFO - [2026-05-17T04:12:21.875+0000] {dag.py:3036} INFO - Sync 1 DAGs
[2026-05-17T04:12:21.897+0000] {logging_mixin.py:188} INFO - [2026-05-17T04:12:21.896+0000] {dag.py:3823} INFO - Setting next_dagrun for tutorial_taskflow_api_virtualenv to None, run_after=None
[2026-05-17T04:12:21.927+0000] {processor.py:183} INFO - Processing /home/airflow/.local/lib/python3.8/site-packages/airflow/example_dags/tutorial_taskflow_api_virtualenv.py took 0.113 seconds
[2026-05-17T04:12:52.481+0000] {processor.py:161} INFO - Started process (PID=6947) to work on /home/airflow/.local/lib/python3.8/site-packages/airflow/example_dags/tutorial_taskflow_api_virtualenv.py
[2026-05-17T04:12:52.483+0000] {processor.py:830} INFO - Processing file /home/airflow/.local/lib/python3.8/site-packages/airflow/example_dags/tutorial_taskflow_api_virtualenv.py for tasks to queue
[2026-05-17T04:12:52.486+0000] {logging_mixin.py:188} INFO - [2026-05-17T04:12:52.485+0000] {dagbag.py:538} INFO - Filling up the DagBag from /home/airflow/.local/lib/python3.8/site-packages/airflow/example_dags/tutorial_taskflow_api_virtualenv.py
[2026-05-17T04:12:52.503+0000] {processor.py:840} INFO - DAG(s) 'tutorial_taskflow_api_virtualenv' retrieved from /home/airflow/.local/lib/python3.8/site-packages/airflow/example_dags/tutorial_taskflow_api_virtualenv.py
[2026-05-17T04:12:52.541+0000] {logging_mixin.py:188} INFO - [2026-05-17T04:12:52.541+0000] {dag.py:3036} INFO - Sync 1 DAGs
[2026-05-17T04:12:52.564+0000] {logging_mixin.py:188} INFO - [2026-05-17T04:12:52.564+0000] {dag.py:3823} INFO - Setting next_dagrun for tutorial_taskflow_api_virtualenv to None, run_after=None
[2026-05-17T04:12:52.599+0000] {processor.py:183} INFO - Processing /home/airflow/.local/lib/python3.8/site-packages/airflow/example_dags/tutorial_taskflow_api_virtualenv.py took 0.123 seconds
[2026-05-17T04:13:23.071+0000] {processor.py:161} INFO - Started process (PID=7021) to work on /home/airflow/.local/lib/python3.8/site-packages/airflow/example_dags/tutorial_taskflow_api_virtualenv.py
[2026-05-17T04:13:23.072+0000] {processor.py:830} INFO - Processing file /home/airflow/.local/lib/python3.8/site-packages/airflow/example_dags/tutorial_taskflow_api_virtualenv.py for tasks to queue
[2026-05-17T04:13:23.076+0000] {logging_mixin.py:188} INFO - [2026-05-17T04:13:23.075+0000] {dagbag.py:538} INFO - Filling up the DagBag from /home/airflow/.local/lib/python3.8/site-packages/airflow/example_dags/tutorial_taskflow_api_virtualenv.py
[2026-05-17T04:13:23.094+0000] {processor.py:840} INFO - DAG(s) 'tutorial_taskflow_api_virtualenv' retrieved from /home/airflow/.local/lib/python3.8/site-packages/airflow/example_dags/tutorial_taskflow_api_virtualenv.py
[2026-05-17T04:13:23.134+0000] {logging_mixin.py:188} INFO - [2026-05-17T04:13:23.134+0000] {dag.py:3036} INFO - Sync 1 DAGs
[2026-05-17T04:13:23.159+0000] {logging_mixin.py:188} INFO - [2026-05-17T04:13:23.159+0000] {dag.py:3823} INFO - Setting next_dagrun for tutorial_taskflow_api_virtualenv to None, run_after=None
[2026-05-17T04:13:23.193+0000] {processor.py:183} INFO - Processing /home/airflow/.local/lib/python3.8/site-packages/airflow/example_dags/tutorial_taskflow_api_virtualenv.py took 0.128 seconds
[2026-05-17T04:13:53.550+0000] {processor.py:161} INFO - Started process (PID=7087) to work on /home/airflow/.local/lib/python3.8/site-packages/airflow/example_dags/tutorial_taskflow_api_virtualenv.py
[2026-05-17T04:13:53.552+0000] {processor.py:830} INFO - Processing file /home/airflow/.local/lib/python3.8/site-packages/airflow/example_dags/tutorial_taskflow_api_virtualenv.py for tasks to queue
[2026-05-17T04:13:53.556+0000] {logging_mixin.py:188} INFO - [2026-05-17T04:13:53.555+0000] {dagbag.py:538} INFO - Filling up the DagBag from /home/airflow/.local/lib/python3.8/site-packages/airflow/example_dags/tutorial_taskflow_api_virtualenv.py
[2026-05-17T04:13:53.575+0000] {processor.py:840} INFO - DAG(s) 'tutorial_taskflow_api_virtualenv' retrieved from /home/airflow/.local/lib/python3.8/site-packages/airflow/example_dags/tutorial_taskflow_api_virtualenv.py
[2026-05-17T04:13:53.620+0000] {logging_mixin.py:188} INFO - [2026-05-17T04:13:53.620+0000] {dag.py:3036} INFO - Sync 1 DAGs
[2026-05-17T04:13:53.646+0000] {logging_mixin.py:188} INFO - [2026-05-17T04:13:53.646+0000] {dag.py:3823} INFO - Setting next_dagrun for tutorial_taskflow_api_virtualenv to None, run_after=None
[2026-05-17T04:13:53.683+0000] {processor.py:183} INFO - Processing /home/airflow/.local/lib/python3.8/site-packages/airflow/example_dags/tutorial_taskflow_api_virtualenv.py took 0.139 seconds
[2026-05-17T04:14:23.966+0000] {processor.py:161} INFO - Started process (PID=7154) to work on /home/airflow/.local/lib/python3.8/site-packages/airflow/example_dags/tutorial_taskflow_api_virtualenv.py
[2026-05-17T04:14:23.968+0000] {processor.py:830} INFO - Processing file /home/airflow/.local/lib/python3.8/site-packages/airflow/example_dags/tutorial_taskflow_api_virtualenv.py for tasks to queue
[2026-05-17T04:14:23.974+0000] {logging_mixin.py:188} INFO - [2026-05-17T04:14:23.973+0000] {dagbag.py:538} INFO - Filling up the DagBag from /home/airflow/.local/lib/python3.8/site-packages/airflow/example_dags/tutorial_taskflow_api_virtualenv.py
[2026-05-17T04:14:23.995+0000] {processor.py:840} INFO - DAG(s) 'tutorial_taskflow_api_virtualenv' retrieved from /home/airflow/.local/lib/python3.8/site-packages/airflow/example_dags/tutorial_taskflow_api_virtualenv.py
[2026-05-17T04:14:24.090+0000] {logging_mixin.py:188} INFO - [2026-05-17T04:14:24.090+0000] {dag.py:3036} INFO - Sync 1 DAGs
[2026-05-17T04:14:24.127+0000] {logging_mixin.py:188} INFO - [2026-05-17T04:14:24.127+0000] {dag.py:3823} INFO - Setting next_dagrun for tutorial_taskflow_api_virtualenv to None, run_after=None
[2026-05-17T04:14:24.165+0000] {processor.py:183} INFO - Processing /home/airflow/.local/lib/python3.8/site-packages/airflow/example_dags/tutorial_taskflow_api_virtualenv.py took 0.206 seconds
[2026-05-17T04:14:54.423+0000] {processor.py:161} INFO - Started process (PID=7221) to work on /home/airflow/.local/lib/python3.8/site-packages/airflow/example_dags/tutorial_taskflow_api_virtualenv.py
[2026-05-17T04:14:54.426+0000] {processor.py:830} INFO - Processing file /home/airflow/.local/lib/python3.8/site-packages/airflow/example_dags/tutorial_taskflow_api_virtualenv.py for tasks to queue
[2026-05-17T04:14:54.429+0000] {logging_mixin.py:188} INFO - [2026-05-17T04:14:54.428+0000] {dagbag.py:538} INFO - Filling up the DagBag from /home/airflow/.local/lib/python3.8/site-packages/airflow/example_dags/tutorial_taskflow_api_virtualenv.py
[2026-05-17T04:14:54.446+0000] {processor.py:840} INFO - DAG(s) 'tutorial_taskflow_api_virtualenv' retrieved from /home/airflow/.local/lib/python3.8/site-packages/airflow/example_dags/tutorial_taskflow_api_virtualenv.py
[2026-05-17T04:14:54.483+0000] {logging_mixin.py:188} INFO - [2026-05-17T04:14:54.483+0000] {dag.py:3036} INFO - Sync 1 DAGs
[2026-05-17T04:14:54.504+0000] {logging_mixin.py:188} INFO - [2026-05-17T04:14:54.504+0000] {dag.py:3823} INFO - Setting next_dagrun for tutorial_taskflow_api_virtualenv to None, run_after=None
[2026-05-17T04:14:54.535+0000] {processor.py:183} INFO - Processing /home/airflow/.local/lib/python3.8/site-packages/airflow/example_dags/tutorial_taskflow_api_virtualenv.py took 0.118 seconds
[2026-05-17T04:15:25.102+0000] {processor.py:161} INFO - Started process (PID=7287) to work on /home/airflow/.local/lib/python3.8/site-packages/airflow/example_dags/tutorial_taskflow_api_virtualenv.py
[2026-05-17T04:15:25.104+0000] {processor.py:830} INFO - Processing file /home/airflow/.local/lib/python3.8/site-packages/airflow/example_dags/tutorial_taskflow_api_virtualenv.py for tasks to queue
[2026-05-17T04:15:25.107+0000] {logging_mixin.py:188} INFO - [2026-05-17T04:15:25.106+0000] {dagbag.py:538} INFO - Filling up the DagBag from /home/airflow/.local/lib/python3.8/site-packages/airflow/example_dags/tutorial_taskflow_api_virtualenv.py
[2026-05-17T04:15:25.124+0000] {processor.py:840} INFO - DAG(s) 'tutorial_taskflow_api_virtualenv' retrieved from /home/airflow/.local/lib/python3.8/site-packages/airflow/example_dags/tutorial_taskflow_api_virtualenv.py
[2026-05-17T04:15:25.164+0000] {logging_mixin.py:188} INFO - [2026-05-17T04:15:25.164+0000] {dag.py:3036} INFO - Sync 1 DAGs
[2026-05-17T04:15:25.187+0000] {logging_mixin.py:188} INFO - [2026-05-17T04:15:25.187+0000] {dag.py:3823} INFO - Setting next_dagrun for tutorial_taskflow_api_virtualenv to None, run_after=None
[2026-05-17T04:15:25.219+0000] {processor.py:183} INFO - Processing /home/airflow/.local/lib/python3.8/site-packages/airflow/example_dags/tutorial_taskflow_api_virtualenv.py took 0.123 seconds
[2026-05-17T04:15:55.932+0000] {processor.py:161} INFO - Started process (PID=7354) to work on /home/airflow/.local/lib/python3.8/site-packages/airflow/example_dags/tutorial_taskflow_api_virtualenv.py
[2026-05-17T04:15:55.934+0000] {processor.py:830} INFO - Processing file /home/airflow/.local/lib/python3.8/site-packages/airflow/example_dags/tutorial_taskflow_api_virtualenv.py for tasks to queue
[2026-05-17T04:15:55.936+0000] {logging_mixin.py:188} INFO - [2026-05-17T04:15:55.936+0000] {dagbag.py:538} INFO - Filling up the DagBag from /home/airflow/.local/lib/python3.8/site-packages/airflow/example_dags/tutorial_taskflow_api_virtualenv.py
[2026-05-17T04:15:55.952+0000] {processor.py:840} INFO - DAG(s) 'tutorial_taskflow_api_virtualenv' retrieved from /home/airflow/.local/lib/python3.8/site-packages/airflow/example_dags/tutorial_taskflow_api_virtualenv.py
[2026-05-17T04:15:55.988+0000] {logging_mixin.py:188} INFO - [2026-05-17T04:15:55.987+0000] {dag.py:3036} INFO - Sync 1 DAGs
[2026-05-17T04:15:56.010+0000] {logging_mixin.py:188} INFO - [2026-05-17T04:15:56.009+0000] {dag.py:3823} INFO - Setting next_dagrun for tutorial_taskflow_api_virtualenv to None, run_after=None
[2026-05-17T04:15:56.042+0000] {processor.py:183} INFO - Processing /home/airflow/.local/lib/python3.8/site-packages/airflow/example_dags/tutorial_taskflow_api_virtualenv.py took 0.115 seconds
[2026-05-17T04:16:26.357+0000] {processor.py:161} INFO - Started process (PID=7420) to work on /home/airflow/.local/lib/python3.8/site-packages/airflow/example_dags/tutorial_taskflow_api_virtualenv.py
[2026-05-17T04:16:26.359+0000] {processor.py:830} INFO - Processing file /home/airflow/.local/lib/python3.8/site-packages/airflow/example_dags/tutorial_taskflow_api_virtualenv.py for tasks to queue
[2026-05-17T04:16:26.361+0000] {logging_mixin.py:188} INFO - [2026-05-17T04:16:26.361+0000] {dagbag.py:538} INFO - Filling up the DagBag from /home/airflow/.local/lib/python3.8/site-packages/airflow/example_dags/tutorial_taskflow_api_virtualenv.py
[2026-05-17T04:16:26.377+0000] {processor.py:840} INFO - DAG(s) 'tutorial_taskflow_api_virtualenv' retrieved from /home/airflow/.local/lib/python3.8/site-packages/airflow/example_dags/tutorial_taskflow_api_virtualenv.py
[2026-05-17T04:16:26.414+0000] {logging_mixin.py:188} INFO - [2026-05-17T04:16:26.414+0000] {dag.py:3036} INFO - Sync 1 DAGs
[2026-05-17T04:16:26.434+0000] {logging_mixin.py:188} INFO - [2026-05-17T04:16:26.434+0000] {dag.py:3823} INFO - Setting next_dagrun for tutorial_taskflow_api_virtualenv to None, run_after=None
[2026-05-17T04:16:26.468+0000] {processor.py:183} INFO - Processing /home/airflow/.local/lib/python3.8/site-packages/airflow/example_dags/tutorial_taskflow_api_virtualenv.py took 0.116 seconds
[2026-05-17T04:16:56.511+0000] {processor.py:161} INFO - Started process (PID=7484) to work on /home/airflow/.local/lib/python3.8/site-packages/airflow/example_dags/tutorial_taskflow_api_virtualenv.py
[2026-05-17T04:16:56.513+0000] {processor.py:830} INFO - Processing file /home/airflow/.local/lib/python3.8/site-packages/airflow/example_dags/tutorial_taskflow_api_virtualenv.py for tasks to queue
[2026-05-17T04:16:56.515+0000] {logging_mixin.py:188} INFO - [2026-05-17T04:16:56.515+0000] {dagbag.py:538} INFO - Filling up the DagBag from /home/airflow/.local/lib/python3.8/site-packages/airflow/example_dags/tutorial_taskflow_api_virtualenv.py
[2026-05-17T04:16:56.531+0000] {processor.py:840} INFO - DAG(s) 'tutorial_taskflow_api_virtualenv' retrieved from /home/airflow/.local/lib/python3.8/site-packages/airflow/example_dags/tutorial_taskflow_api_virtualenv.py
[2026-05-17T04:16:56.566+0000] {logging_mixin.py:188} INFO - [2026-05-17T04:16:56.566+0000] {dag.py:3036} INFO - Sync 1 DAGs
[2026-05-17T04:16:56.587+0000] {logging_mixin.py:188} INFO - [2026-05-17T04:16:56.587+0000] {dag.py:3823} INFO - Setting next_dagrun for tutorial_taskflow_api_virtualenv to None, run_after=None
[2026-05-17T04:16:56.617+0000] {processor.py:183} INFO - Processing /home/airflow/.local/lib/python3.8/site-packages/airflow/example_dags/tutorial_taskflow_api_virtualenv.py took 0.110 seconds
[2026-05-17T04:17:27.225+0000] {processor.py:161} INFO - Started process (PID=7550) to work on /home/airflow/.local/lib/python3.8/site-packages/airflow/example_dags/tutorial_taskflow_api_virtualenv.py
[2026-05-17T04:17:27.228+0000] {processor.py:830} INFO - Processing file /home/airflow/.local/lib/python3.8/site-packages/airflow/example_dags/tutorial_taskflow_api_virtualenv.py for tasks to queue
[2026-05-17T04:17:27.230+0000] {logging_mixin.py:188} INFO - [2026-05-17T04:17:27.230+0000] {dagbag.py:538} INFO - Filling up the DagBag from /home/airflow/.local/lib/python3.8/site-packages/airflow/example_dags/tutorial_taskflow_api_virtualenv.py
[2026-05-17T04:17:27.247+0000] {processor.py:840} INFO - DAG(s) 'tutorial_taskflow_api_virtualenv' retrieved from /home/airflow/.local/lib/python3.8/site-packages/airflow/example_dags/tutorial_taskflow_api_virtualenv.py
[2026-05-17T04:17:27.292+0000] {logging_mixin.py:188} INFO - [2026-05-17T04:17:27.291+0000] {dag.py:3036} INFO - Sync 1 DAGs
[2026-05-17T04:17:27.314+0000] {logging_mixin.py:188} INFO - [2026-05-17T04:17:27.313+0000] {dag.py:3823} INFO - Setting next_dagrun for tutorial_taskflow_api_virtualenv to None, run_after=None
[2026-05-17T04:17:27.347+0000] {processor.py:183} INFO - Processing /home/airflow/.local/lib/python3.8/site-packages/airflow/example_dags/tutorial_taskflow_api_virtualenv.py took 0.129 seconds
[2026-05-17T04:17:57.477+0000] {processor.py:161} INFO - Started process (PID=7617) to work on /home/airflow/.local/lib/python3.8/site-packages/airflow/example_dags/tutorial_taskflow_api_virtualenv.py
[2026-05-17T04:17:57.485+0000] {processor.py:830} INFO - Processing file /home/airflow/.local/lib/python3.8/site-packages/airflow/example_dags/tutorial_taskflow_api_virtualenv.py for tasks to queue
[2026-05-17T04:17:57.489+0000] {logging_mixin.py:188} INFO - [2026-05-17T04:17:57.488+0000] {dagbag.py:538} INFO - Filling up the DagBag from /home/airflow/.local/lib/python3.8/site-packages/airflow/example_dags/tutorial_taskflow_api_virtualenv.py
[2026-05-17T04:17:57.507+0000] {processor.py:840} INFO - DAG(s) 'tutorial_taskflow_api_virtualenv' retrieved from /home/airflow/.local/lib/python3.8/site-packages/airflow/example_dags/tutorial_taskflow_api_virtualenv.py
[2026-05-17T04:17:57.547+0000] {logging_mixin.py:188} INFO - [2026-05-17T04:17:57.546+0000] {dag.py:3036} INFO - Sync 1 DAGs
[2026-05-17T04:17:57.575+0000] {logging_mixin.py:188} INFO - [2026-05-17T04:17:57.574+0000] {dag.py:3823} INFO - Setting next_dagrun for tutorial_taskflow_api_virtualenv to None, run_after=None
[2026-05-17T04:17:57.612+0000] {processor.py:183} INFO - Processing /home/airflow/.local/lib/python3.8/site-packages/airflow/example_dags/tutorial_taskflow_api_virtualenv.py took 0.141 seconds
[2026-05-17T04:18:27.736+0000] {processor.py:161} INFO - Started process (PID=7684) to work on /home/airflow/.local/lib/python3.8/site-packages/airflow/example_dags/tutorial_taskflow_api_virtualenv.py
[2026-05-17T04:18:27.738+0000] {processor.py:830} INFO - Processing file /home/airflow/.local/lib/python3.8/site-packages/airflow/example_dags/tutorial_taskflow_api_virtualenv.py for tasks to queue
[2026-05-17T04:18:27.741+0000] {logging_mixin.py:188} INFO - [2026-05-17T04:18:27.741+0000] {dagbag.py:538} INFO - Filling up the DagBag from /home/airflow/.local/lib/python3.8/site-packages/airflow/example_dags/tutorial_taskflow_api_virtualenv.py
[2026-05-17T04:18:27.759+0000] {processor.py:840} INFO - DAG(s) 'tutorial_taskflow_api_virtualenv' retrieved from /home/airflow/.local/lib/python3.8/site-packages/airflow/example_dags/tutorial_taskflow_api_virtualenv.py
[2026-05-17T04:18:27.801+0000] {logging_mixin.py:188} INFO - [2026-05-17T04:18:27.800+0000] {dag.py:3036} INFO - Sync 1 DAGs
[2026-05-17T04:18:27.823+0000] {logging_mixin.py:188} INFO - [2026-05-17T04:18:27.823+0000] {dag.py:3823} INFO - Setting next_dagrun for tutorial_taskflow_api_virtualenv to None, run_after=None
[2026-05-17T04:18:27.859+0000] {processor.py:183} INFO - Processing /home/airflow/.local/lib/python3.8/site-packages/airflow/example_dags/tutorial_taskflow_api_virtualenv.py took 0.129 seconds
[2026-05-17T04:18:58.015+0000] {processor.py:161} INFO - Started process (PID=7750) to work on /home/airflow/.local/lib/python3.8/site-packages/airflow/example_dags/tutorial_taskflow_api_virtualenv.py
[2026-05-17T04:18:58.018+0000] {processor.py:830} INFO - Processing file /home/airflow/.local/lib/python3.8/site-packages/airflow/example_dags/tutorial_taskflow_api_virtualenv.py for tasks to queue
[2026-05-17T04:18:58.021+0000] {logging_mixin.py:188} INFO - [2026-05-17T04:18:58.020+0000] {dagbag.py:538} INFO - Filling up the DagBag from /home/airflow/.local/lib/python3.8/site-packages/airflow/example_dags/tutorial_taskflow_api_virtualenv.py
[2026-05-17T04:18:58.041+0000] {processor.py:840} INFO - DAG(s) 'tutorial_taskflow_api_virtualenv' retrieved from /home/airflow/.local/lib/python3.8/site-packages/airflow/example_dags/tutorial_taskflow_api_virtualenv.py
[2026-05-17T04:18:58.084+0000] {logging_mixin.py:188} INFO - [2026-05-17T04:18:58.084+0000] {dag.py:3036} INFO - Sync 1 DAGs
[2026-05-17T04:18:58.109+0000] {logging_mixin.py:188} INFO - [2026-05-17T04:18:58.109+0000] {dag.py:3823} INFO - Setting next_dagrun for tutorial_taskflow_api_virtualenv to None, run_after=None
[2026-05-17T04:18:58.144+0000] {processor.py:183} INFO - Processing /home/airflow/.local/lib/python3.8/site-packages/airflow/example_dags/tutorial_taskflow_api_virtualenv.py took 0.134 seconds
[2026-05-17T04:19:28.343+0000] {processor.py:161} INFO - Started process (PID=7815) to work on /home/airflow/.local/lib/python3.8/site-packages/airflow/example_dags/tutorial_taskflow_api_virtualenv.py
[2026-05-17T04:19:28.351+0000] {processor.py:830} INFO - Processing file /home/airflow/.local/lib/python3.8/site-packages/airflow/example_dags/tutorial_taskflow_api_virtualenv.py for tasks to queue
[2026-05-17T04:19:28.354+0000] {logging_mixin.py:188} INFO - [2026-05-17T04:19:28.353+0000] {dagbag.py:538} INFO - Filling up the DagBag from /home/airflow/.local/lib/python3.8/site-packages/airflow/example_dags/tutorial_taskflow_api_virtualenv.py
[2026-05-17T04:19:28.374+0000] {processor.py:840} INFO - DAG(s) 'tutorial_taskflow_api_virtualenv' retrieved from /home/airflow/.local/lib/python3.8/site-packages/airflow/example_dags/tutorial_taskflow_api_virtualenv.py
[2026-05-17T04:19:28.423+0000] {logging_mixin.py:188} INFO - [2026-05-17T04:19:28.423+0000] {dag.py:3036} INFO - Sync 1 DAGs
[2026-05-17T04:19:28.450+0000] {logging_mixin.py:188} INFO - [2026-05-17T04:19:28.449+0000] {dag.py:3823} INFO - Setting next_dagrun for tutorial_taskflow_api_virtualenv to None, run_after=None
[2026-05-17T04:19:28.485+0000] {processor.py:183} INFO - Processing /home/airflow/.local/lib/python3.8/site-packages/airflow/example_dags/tutorial_taskflow_api_virtualenv.py took 0.148 seconds
[2026-05-17T04:19:58.675+0000] {processor.py:161} INFO - Started process (PID=7890) to work on /home/airflow/.local/lib/python3.8/site-packages/airflow/example_dags/tutorial_taskflow_api_virtualenv.py
[2026-05-17T04:19:58.677+0000] {processor.py:830} INFO - Processing file /home/airflow/.local/lib/python3.8/site-packages/airflow/example_dags/tutorial_taskflow_api_virtualenv.py for tasks to queue
[2026-05-17T04:19:58.680+0000] {logging_mixin.py:188} INFO - [2026-05-17T04:19:58.679+0000] {dagbag.py:538} INFO - Filling up the DagBag from /home/airflow/.local/lib/python3.8/site-packages/airflow/example_dags/tutorial_taskflow_api_virtualenv.py
[2026-05-17T04:19:58.703+0000] {processor.py:840} INFO - DAG(s) 'tutorial_taskflow_api_virtualenv' retrieved from /home/airflow/.local/lib/python3.8/site-packages/airflow/example_dags/tutorial_taskflow_api_virtualenv.py
[2026-05-17T04:19:58.755+0000] {logging_mixin.py:188} INFO - [2026-05-17T04:19:58.754+0000] {dag.py:3036} INFO - Sync 1 DAGs
[2026-05-17T04:19:58.783+0000] {logging_mixin.py:188} INFO - [2026-05-17T04:19:58.782+0000] {dag.py:3823} INFO - Setting next_dagrun for tutorial_taskflow_api_virtualenv to None, run_after=None
[2026-05-17T04:19:58.817+0000] {processor.py:183} INFO - Processing /home/airflow/.local/lib/python3.8/site-packages/airflow/example_dags/tutorial_taskflow_api_virtualenv.py took 0.148 seconds
[2026-05-17T04:20:29.318+0000] {processor.py:161} INFO - Started process (PID=7956) to work on /home/airflow/.local/lib/python3.8/site-packages/airflow/example_dags/tutorial_taskflow_api_virtualenv.py
[2026-05-17T04:20:29.320+0000] {processor.py:830} INFO - Processing file /home/airflow/.local/lib/python3.8/site-packages/airflow/example_dags/tutorial_taskflow_api_virtualenv.py for tasks to queue
[2026-05-17T04:20:29.324+0000] {logging_mixin.py:188} INFO - [2026-05-17T04:20:29.323+0000] {dagbag.py:538} INFO - Filling up the DagBag from /home/airflow/.local/lib/python3.8/site-packages/airflow/example_dags/tutorial_taskflow_api_virtualenv.py
[2026-05-17T04:20:29.344+0000] {processor.py:840} INFO - DAG(s) 'tutorial_taskflow_api_virtualenv' retrieved from /home/airflow/.local/lib/python3.8/site-packages/airflow/example_dags/tutorial_taskflow_api_virtualenv.py
[2026-05-17T04:20:29.383+0000] {logging_mixin.py:188} INFO - [2026-05-17T04:20:29.382+0000] {dag.py:3036} INFO - Sync 1 DAGs
[2026-05-17T04:20:29.408+0000] {logging_mixin.py:188} INFO - [2026-05-17T04:20:29.407+0000] {dag.py:3823} INFO - Setting next_dagrun for tutorial_taskflow_api_virtualenv to None, run_after=None
[2026-05-17T04:20:29.444+0000] {processor.py:183} INFO - Processing /home/airflow/.local/lib/python3.8/site-packages/airflow/example_dags/tutorial_taskflow_api_virtualenv.py took 0.132 seconds
[2026-05-17T04:21:00.211+0000] {processor.py:161} INFO - Started process (PID=8022) to work on /home/airflow/.local/lib/python3.8/site-packages/airflow/example_dags/tutorial_taskflow_api_virtualenv.py
[2026-05-17T04:21:00.212+0000] {processor.py:830} INFO - Processing file /home/airflow/.local/lib/python3.8/site-packages/airflow/example_dags/tutorial_taskflow_api_virtualenv.py for tasks to queue
[2026-05-17T04:21:00.215+0000] {logging_mixin.py:188} INFO - [2026-05-17T04:21:00.215+0000] {dagbag.py:538} INFO - Filling up the DagBag from /home/airflow/.local/lib/python3.8/site-packages/airflow/example_dags/tutorial_taskflow_api_virtualenv.py
[2026-05-17T04:21:00.232+0000] {processor.py:840} INFO - DAG(s) 'tutorial_taskflow_api_virtualenv' retrieved from /home/airflow/.local/lib/python3.8/site-packages/airflow/example_dags/tutorial_taskflow_api_virtualenv.py
[2026-05-17T04:21:00.272+0000] {logging_mixin.py:188} INFO - [2026-05-17T04:21:00.271+0000] {dag.py:3036} INFO - Sync 1 DAGs
[2026-05-17T04:21:00.296+0000] {logging_mixin.py:188} INFO - [2026-05-17T04:21:00.295+0000] {dag.py:3823} INFO - Setting next_dagrun for tutorial_taskflow_api_virtualenv to None, run_after=None
[2026-05-17T04:21:00.331+0000] {processor.py:183} INFO - Processing /home/airflow/.local/lib/python3.8/site-packages/airflow/example_dags/tutorial_taskflow_api_virtualenv.py took 0.126 seconds
[2026-05-17T04:21:30.387+0000] {processor.py:161} INFO - Started process (PID=8087) to work on /home/airflow/.local/lib/python3.8/site-packages/airflow/example_dags/tutorial_taskflow_api_virtualenv.py
[2026-05-17T04:21:30.389+0000] {processor.py:830} INFO - Processing file /home/airflow/.local/lib/python3.8/site-packages/airflow/example_dags/tutorial_taskflow_api_virtualenv.py for tasks to queue
[2026-05-17T04:21:30.392+0000] {logging_mixin.py:188} INFO - [2026-05-17T04:21:30.391+0000] {dagbag.py:538} INFO - Filling up the DagBag from /home/airflow/.local/lib/python3.8/site-packages/airflow/example_dags/tutorial_taskflow_api_virtualenv.py
[2026-05-17T04:21:30.407+0000] {processor.py:840} INFO - DAG(s) 'tutorial_taskflow_api_virtualenv' retrieved from /home/airflow/.local/lib/python3.8/site-packages/airflow/example_dags/tutorial_taskflow_api_virtualenv.py
[2026-05-17T04:21:30.441+0000] {logging_mixin.py:188} INFO - [2026-05-17T04:21:30.441+0000] {dag.py:3036} INFO - Sync 1 DAGs
[2026-05-17T04:21:30.460+0000] {logging_mixin.py:188} INFO - [2026-05-17T04:21:30.459+0000] {dag.py:3823} INFO - Setting next_dagrun for tutorial_taskflow_api_virtualenv to None, run_after=None
[2026-05-17T04:21:30.487+0000] {processor.py:183} INFO - Processing /home/airflow/.local/lib/python3.8/site-packages/airflow/example_dags/tutorial_taskflow_api_virtualenv.py took 0.104 seconds
[2026-05-17T04:22:00.800+0000] {processor.py:161} INFO - Started process (PID=8153) to work on /home/airflow/.local/lib/python3.8/site-packages/airflow/example_dags/tutorial_taskflow_api_virtualenv.py
[2026-05-17T04:22:00.801+0000] {processor.py:830} INFO - Processing file /home/airflow/.local/lib/python3.8/site-packages/airflow/example_dags/tutorial_taskflow_api_virtualenv.py for tasks to queue
[2026-05-17T04:22:00.804+0000] {logging_mixin.py:188} INFO - [2026-05-17T04:22:00.804+0000] {dagbag.py:538} INFO - Filling up the DagBag from /home/airflow/.local/lib/python3.8/site-packages/airflow/example_dags/tutorial_taskflow_api_virtualenv.py
[2026-05-17T04:22:00.824+0000] {processor.py:840} INFO - DAG(s) 'tutorial_taskflow_api_virtualenv' retrieved from /home/airflow/.local/lib/python3.8/site-packages/airflow/example_dags/tutorial_taskflow_api_virtualenv.py
[2026-05-17T04:22:00.861+0000] {logging_mixin.py:188} INFO - [2026-05-17T04:22:00.861+0000] {dag.py:3036} INFO - Sync 1 DAGs
[2026-05-17T04:22:00.882+0000] {logging_mixin.py:188} INFO - [2026-05-17T04:22:00.881+0000] {dag.py:3823} INFO - Setting next_dagrun for tutorial_taskflow_api_virtualenv to None, run_after=None
[2026-05-17T04:22:00.912+0000] {processor.py:183} INFO - Processing /home/airflow/.local/lib/python3.8/site-packages/airflow/example_dags/tutorial_taskflow_api_virtualenv.py took 0.118 seconds
[2026-05-17T04:22:31.186+0000] {processor.py:161} INFO - Started process (PID=8220) to work on /home/airflow/.local/lib/python3.8/site-packages/airflow/example_dags/tutorial_taskflow_api_virtualenv.py
[2026-05-17T04:22:31.188+0000] {processor.py:830} INFO - Processing file /home/airflow/.local/lib/python3.8/site-packages/airflow/example_dags/tutorial_taskflow_api_virtualenv.py for tasks to queue
[2026-05-17T04:22:31.195+0000] {logging_mixin.py:188} INFO - [2026-05-17T04:22:31.194+0000] {dagbag.py:538} INFO - Filling up the DagBag from /home/airflow/.local/lib/python3.8/site-packages/airflow/example_dags/tutorial_taskflow_api_virtualenv.py
[2026-05-17T04:22:31.218+0000] {processor.py:840} INFO - DAG(s) 'tutorial_taskflow_api_virtualenv' retrieved from /home/airflow/.local/lib/python3.8/site-packages/airflow/example_dags/tutorial_taskflow_api_virtualenv.py
[2026-05-17T04:22:31.266+0000] {logging_mixin.py:188} INFO - [2026-05-17T04:22:31.266+0000] {dag.py:3036} INFO - Sync 1 DAGs
[2026-05-17T04:22:31.291+0000] {logging_mixin.py:188} INFO - [2026-05-17T04:22:31.291+0000] {dag.py:3823} INFO - Setting next_dagrun for tutorial_taskflow_api_virtualenv to None, run_after=None
[2026-05-17T04:22:31.321+0000] {processor.py:183} INFO - Processing /home/airflow/.local/lib/python3.8/site-packages/airflow/example_dags/tutorial_taskflow_api_virtualenv.py took 0.142 seconds
[2026-05-17T04:23:01.851+0000] {processor.py:161} INFO - Started process (PID=8285) to work on /home/airflow/.local/lib/python3.8/site-packages/airflow/example_dags/tutorial_taskflow_api_virtualenv.py
[2026-05-17T04:23:01.854+0000] {processor.py:830} INFO - Processing file /home/airflow/.local/lib/python3.8/site-packages/airflow/example_dags/tutorial_taskflow_api_virtualenv.py for tasks to queue
[2026-05-17T04:23:01.858+0000] {logging_mixin.py:188} INFO - [2026-05-17T04:23:01.857+0000] {dagbag.py:538} INFO - Filling up the DagBag from /home/airflow/.local/lib/python3.8/site-packages/airflow/example_dags/tutorial_taskflow_api_virtualenv.py
[2026-05-17T04:23:01.878+0000] {processor.py:840} INFO - DAG(s) 'tutorial_taskflow_api_virtualenv' retrieved from /home/airflow/.local/lib/python3.8/site-packages/airflow/example_dags/tutorial_taskflow_api_virtualenv.py
[2026-05-17T04:23:01.921+0000] {logging_mixin.py:188} INFO - [2026-05-17T04:23:01.920+0000] {dag.py:3036} INFO - Sync 1 DAGs
[2026-05-17T04:23:01.944+0000] {logging_mixin.py:188} INFO - [2026-05-17T04:23:01.944+0000] {dag.py:3823} INFO - Setting next_dagrun for tutorial_taskflow_api_virtualenv to None, run_after=None
[2026-05-17T04:23:01.974+0000] {processor.py:183} INFO - Processing /home/airflow/.local/lib/python3.8/site-packages/airflow/example_dags/tutorial_taskflow_api_virtualenv.py took 0.129 seconds
[2026-05-17T04:23:32.119+0000] {processor.py:161} INFO - Started process (PID=8350) to work on /home/airflow/.local/lib/python3.8/site-packages/airflow/example_dags/tutorial_taskflow_api_virtualenv.py
[2026-05-17T04:23:32.121+0000] {processor.py:830} INFO - Processing file /home/airflow/.local/lib/python3.8/site-packages/airflow/example_dags/tutorial_taskflow_api_virtualenv.py for tasks to queue
[2026-05-17T04:23:32.123+0000] {logging_mixin.py:188} INFO - [2026-05-17T04:23:32.123+0000] {dagbag.py:538} INFO - Filling up the DagBag from /home/airflow/.local/lib/python3.8/site-packages/airflow/example_dags/tutorial_taskflow_api_virtualenv.py
[2026-05-17T04:23:32.139+0000] {processor.py:840} INFO - DAG(s) 'tutorial_taskflow_api_virtualenv' retrieved from /home/airflow/.local/lib/python3.8/site-packages/airflow/example_dags/tutorial_taskflow_api_virtualenv.py
[2026-05-17T04:23:32.175+0000] {logging_mixin.py:188} INFO - [2026-05-17T04:23:32.175+0000] {dag.py:3036} INFO - Sync 1 DAGs
[2026-05-17T04:23:32.199+0000] {logging_mixin.py:188} INFO - [2026-05-17T04:23:32.198+0000] {dag.py:3823} INFO - Setting next_dagrun for tutorial_taskflow_api_virtualenv to None, run_after=None
[2026-05-17T04:23:32.229+0000] {processor.py:183} INFO - Processing /home/airflow/.local/lib/python3.8/site-packages/airflow/example_dags/tutorial_taskflow_api_virtualenv.py took 0.115 seconds
[2026-05-17T04:24:02.727+0000] {processor.py:161} INFO - Started process (PID=8417) to work on /home/airflow/.local/lib/python3.8/site-packages/airflow/example_dags/tutorial_taskflow_api_virtualenv.py
[2026-05-17T04:24:02.728+0000] {processor.py:830} INFO - Processing file /home/airflow/.local/lib/python3.8/site-packages/airflow/example_dags/tutorial_taskflow_api_virtualenv.py for tasks to queue
[2026-05-17T04:24:02.731+0000] {logging_mixin.py:188} INFO - [2026-05-17T04:24:02.731+0000] {dagbag.py:538} INFO - Filling up the DagBag from /home/airflow/.local/lib/python3.8/site-packages/airflow/example_dags/tutorial_taskflow_api_virtualenv.py
[2026-05-17T04:24:02.751+0000] {processor.py:840} INFO - DAG(s) 'tutorial_taskflow_api_virtualenv' retrieved from /home/airflow/.local/lib/python3.8/site-packages/airflow/example_dags/tutorial_taskflow_api_virtualenv.py
[2026-05-17T04:24:02.793+0000] {logging_mixin.py:188} INFO - [2026-05-17T04:24:02.793+0000] {dag.py:3036} INFO - Sync 1 DAGs
[2026-05-17T04:24:02.819+0000] {logging_mixin.py:188} INFO - [2026-05-17T04:24:02.819+0000] {dag.py:3823} INFO - Setting next_dagrun for tutorial_taskflow_api_virtualenv to None, run_after=None
[2026-05-17T04:24:02.854+0000] {processor.py:183} INFO - Processing /home/airflow/.local/lib/python3.8/site-packages/airflow/example_dags/tutorial_taskflow_api_virtualenv.py took 0.133 seconds
[2026-05-17T04:24:33.253+0000] {processor.py:161} INFO - Started process (PID=8482) to work on /home/airflow/.local/lib/python3.8/site-packages/airflow/example_dags/tutorial_taskflow_api_virtualenv.py
[2026-05-17T04:24:33.255+0000] {processor.py:830} INFO - Processing file /home/airflow/.local/lib/python3.8/site-packages/airflow/example_dags/tutorial_taskflow_api_virtualenv.py for tasks to queue
[2026-05-17T04:24:33.258+0000] {logging_mixin.py:188} INFO - [2026-05-17T04:24:33.257+0000] {dagbag.py:538} INFO - Filling up the DagBag from /home/airflow/.local/lib/python3.8/site-packages/airflow/example_dags/tutorial_taskflow_api_virtualenv.py
[2026-05-17T04:24:33.275+0000] {processor.py:840} INFO - DAG(s) 'tutorial_taskflow_api_virtualenv' retrieved from /home/airflow/.local/lib/python3.8/site-packages/airflow/example_dags/tutorial_taskflow_api_virtualenv.py
[2026-05-17T04:24:33.310+0000] {logging_mixin.py:188} INFO - [2026-05-17T04:24:33.310+0000] {dag.py:3036} INFO - Sync 1 DAGs
[2026-05-17T04:24:33.332+0000] {logging_mixin.py:188} INFO - [2026-05-17T04:24:33.331+0000] {dag.py:3823} INFO - Setting next_dagrun for tutorial_taskflow_api_virtualenv to None, run_after=None
[2026-05-17T04:24:33.360+0000] {processor.py:183} INFO - Processing /home/airflow/.local/lib/python3.8/site-packages/airflow/example_dags/tutorial_taskflow_api_virtualenv.py took 0.113 seconds
[2026-05-17T04:25:04.032+0000] {processor.py:161} INFO - Started process (PID=8555) to work on /home/airflow/.local/lib/python3.8/site-packages/airflow/example_dags/tutorial_taskflow_api_virtualenv.py
[2026-05-17T04:25:04.034+0000] {processor.py:830} INFO - Processing file /home/airflow/.local/lib/python3.8/site-packages/airflow/example_dags/tutorial_taskflow_api_virtualenv.py for tasks to queue
[2026-05-17T04:25:04.037+0000] {logging_mixin.py:188} INFO - [2026-05-17T04:25:04.036+0000] {dagbag.py:538} INFO - Filling up the DagBag from /home/airflow/.local/lib/python3.8/site-packages/airflow/example_dags/tutorial_taskflow_api_virtualenv.py
[2026-05-17T04:25:04.054+0000] {processor.py:840} INFO - DAG(s) 'tutorial_taskflow_api_virtualenv' retrieved from /home/airflow/.local/lib/python3.8/site-packages/airflow/example_dags/tutorial_taskflow_api_virtualenv.py
[2026-05-17T04:25:04.099+0000] {logging_mixin.py:188} INFO - [2026-05-17T04:25:04.098+0000] {dag.py:3036} INFO - Sync 1 DAGs
[2026-05-17T04:25:04.124+0000] {logging_mixin.py:188} INFO - [2026-05-17T04:25:04.124+0000] {dag.py:3823} INFO - Setting next_dagrun for tutorial_taskflow_api_virtualenv to None, run_after=None
[2026-05-17T04:25:04.160+0000] {processor.py:183} INFO - Processing /home/airflow/.local/lib/python3.8/site-packages/airflow/example_dags/tutorial_taskflow_api_virtualenv.py took 0.134 seconds
[2026-05-17T04:25:34.325+0000] {processor.py:161} INFO - Started process (PID=8621) to work on /home/airflow/.local/lib/python3.8/site-packages/airflow/example_dags/tutorial_taskflow_api_virtualenv.py
[2026-05-17T04:25:34.327+0000] {processor.py:830} INFO - Processing file /home/airflow/.local/lib/python3.8/site-packages/airflow/example_dags/tutorial_taskflow_api_virtualenv.py for tasks to queue
[2026-05-17T04:25:34.330+0000] {logging_mixin.py:188} INFO - [2026-05-17T04:25:34.329+0000] {dagbag.py:538} INFO - Filling up the DagBag from /home/airflow/.local/lib/python3.8/site-packages/airflow/example_dags/tutorial_taskflow_api_virtualenv.py
[2026-05-17T04:25:34.350+0000] {processor.py:840} INFO - DAG(s) 'tutorial_taskflow_api_virtualenv' retrieved from /home/airflow/.local/lib/python3.8/site-packages/airflow/example_dags/tutorial_taskflow_api_virtualenv.py
[2026-05-17T04:25:34.386+0000] {logging_mixin.py:188} INFO - [2026-05-17T04:25:34.386+0000] {dag.py:3036} INFO - Sync 1 DAGs
[2026-05-17T04:25:34.405+0000] {logging_mixin.py:188} INFO - [2026-05-17T04:25:34.405+0000] {dag.py:3823} INFO - Setting next_dagrun for tutorial_taskflow_api_virtualenv to None, run_after=None
[2026-05-17T04:25:34.431+0000] {processor.py:183} INFO - Processing /home/airflow/.local/lib/python3.8/site-packages/airflow/example_dags/tutorial_taskflow_api_virtualenv.py took 0.112 seconds
[2026-05-17T04:26:05.252+0000] {processor.py:161} INFO - Started process (PID=8687) to work on /home/airflow/.local/lib/python3.8/site-packages/airflow/example_dags/tutorial_taskflow_api_virtualenv.py
[2026-05-17T04:26:05.255+0000] {processor.py:830} INFO - Processing file /home/airflow/.local/lib/python3.8/site-packages/airflow/example_dags/tutorial_taskflow_api_virtualenv.py for tasks to queue
[2026-05-17T04:26:05.259+0000] {logging_mixin.py:188} INFO - [2026-05-17T04:26:05.258+0000] {dagbag.py:538} INFO - Filling up the DagBag from /home/airflow/.local/lib/python3.8/site-packages/airflow/example_dags/tutorial_taskflow_api_virtualenv.py
[2026-05-17T04:26:05.287+0000] {processor.py:840} INFO - DAG(s) 'tutorial_taskflow_api_virtualenv' retrieved from /home/airflow/.local/lib/python3.8/site-packages/airflow/example_dags/tutorial_taskflow_api_virtualenv.py
[2026-05-17T04:26:05.336+0000] {logging_mixin.py:188} INFO - [2026-05-17T04:26:05.335+0000] {dag.py:3036} INFO - Sync 1 DAGs
[2026-05-17T04:26:05.360+0000] {logging_mixin.py:188} INFO - [2026-05-17T04:26:05.360+0000] {dag.py:3823} INFO - Setting next_dagrun for tutorial_taskflow_api_virtualenv to None, run_after=None
[2026-05-17T04:26:05.393+0000] {processor.py:183} INFO - Processing /home/airflow/.local/lib/python3.8/site-packages/airflow/example_dags/tutorial_taskflow_api_virtualenv.py took 0.149 seconds
[2026-05-17T04:26:35.613+0000] {processor.py:161} INFO - Started process (PID=8753) to work on /home/airflow/.local/lib/python3.8/site-packages/airflow/example_dags/tutorial_taskflow_api_virtualenv.py
[2026-05-17T04:26:35.615+0000] {processor.py:830} INFO - Processing file /home/airflow/.local/lib/python3.8/site-packages/airflow/example_dags/tutorial_taskflow_api_virtualenv.py for tasks to queue
[2026-05-17T04:26:35.618+0000] {logging_mixin.py:188} INFO - [2026-05-17T04:26:35.618+0000] {dagbag.py:538} INFO - Filling up the DagBag from /home/airflow/.local/lib/python3.8/site-packages/airflow/example_dags/tutorial_taskflow_api_virtualenv.py
[2026-05-17T04:26:35.638+0000] {processor.py:840} INFO - DAG(s) 'tutorial_taskflow_api_virtualenv' retrieved from /home/airflow/.local/lib/python3.8/site-packages/airflow/example_dags/tutorial_taskflow_api_virtualenv.py
[2026-05-17T04:26:35.682+0000] {logging_mixin.py:188} INFO - [2026-05-17T04:26:35.682+0000] {dag.py:3036} INFO - Sync 1 DAGs
[2026-05-17T04:26:35.705+0000] {logging_mixin.py:188} INFO - [2026-05-17T04:26:35.704+0000] {dag.py:3823} INFO - Setting next_dagrun for tutorial_taskflow_api_virtualenv to None, run_after=None
[2026-05-17T04:26:35.733+0000] {processor.py:183} INFO - Processing /home/airflow/.local/lib/python3.8/site-packages/airflow/example_dags/tutorial_taskflow_api_virtualenv.py took 0.127 seconds
[2026-05-17T04:27:06.339+0000] {processor.py:161} INFO - Started process (PID=8819) to work on /home/airflow/.local/lib/python3.8/site-packages/airflow/example_dags/tutorial_taskflow_api_virtualenv.py
[2026-05-17T04:27:06.341+0000] {processor.py:830} INFO - Processing file /home/airflow/.local/lib/python3.8/site-packages/airflow/example_dags/tutorial_taskflow_api_virtualenv.py for tasks to queue
[2026-05-17T04:27:06.345+0000] {logging_mixin.py:188} INFO - [2026-05-17T04:27:06.345+0000] {dagbag.py:538} INFO - Filling up the DagBag from /home/airflow/.local/lib/python3.8/site-packages/airflow/example_dags/tutorial_taskflow_api_virtualenv.py
[2026-05-17T04:27:06.367+0000] {processor.py:840} INFO - DAG(s) 'tutorial_taskflow_api_virtualenv' retrieved from /home/airflow/.local/lib/python3.8/site-packages/airflow/example_dags/tutorial_taskflow_api_virtualenv.py
[2026-05-17T04:27:06.420+0000] {logging_mixin.py:188} INFO - [2026-05-17T04:27:06.420+0000] {dag.py:3036} INFO - Sync 1 DAGs
[2026-05-17T04:27:06.442+0000] {logging_mixin.py:188} INFO - [2026-05-17T04:27:06.441+0000] {dag.py:3823} INFO - Setting next_dagrun for tutorial_taskflow_api_virtualenv to None, run_after=None
[2026-05-17T04:27:06.472+0000] {processor.py:183} INFO - Processing /home/airflow/.local/lib/python3.8/site-packages/airflow/example_dags/tutorial_taskflow_api_virtualenv.py took 0.143 seconds
[2026-05-17T04:27:37.084+0000] {processor.py:161} INFO - Started process (PID=8886) to work on /home/airflow/.local/lib/python3.8/site-packages/airflow/example_dags/tutorial_taskflow_api_virtualenv.py
[2026-05-17T04:27:37.086+0000] {processor.py:830} INFO - Processing file /home/airflow/.local/lib/python3.8/site-packages/airflow/example_dags/tutorial_taskflow_api_virtualenv.py for tasks to queue
[2026-05-17T04:27:37.089+0000] {logging_mixin.py:188} INFO - [2026-05-17T04:27:37.088+0000] {dagbag.py:538} INFO - Filling up the DagBag from /home/airflow/.local/lib/python3.8/site-packages/airflow/example_dags/tutorial_taskflow_api_virtualenv.py
[2026-05-17T04:27:37.106+0000] {processor.py:840} INFO - DAG(s) 'tutorial_taskflow_api_virtualenv' retrieved from /home/airflow/.local/lib/python3.8/site-packages/airflow/example_dags/tutorial_taskflow_api_virtualenv.py
[2026-05-17T04:27:37.141+0000] {logging_mixin.py:188} INFO - [2026-05-17T04:27:37.141+0000] {dag.py:3036} INFO - Sync 1 DAGs
[2026-05-17T04:27:37.162+0000] {logging_mixin.py:188} INFO - [2026-05-17T04:27:37.161+0000] {dag.py:3823} INFO - Setting next_dagrun for tutorial_taskflow_api_virtualenv to None, run_after=None
[2026-05-17T04:27:37.191+0000] {processor.py:183} INFO - Processing /home/airflow/.local/lib/python3.8/site-packages/airflow/example_dags/tutorial_taskflow_api_virtualenv.py took 0.112 seconds
[2026-05-17T04:28:07.483+0000] {processor.py:161} INFO - Started process (PID=8952) to work on /home/airflow/.local/lib/python3.8/site-packages/airflow/example_dags/tutorial_taskflow_api_virtualenv.py
[2026-05-17T04:28:07.484+0000] {processor.py:830} INFO - Processing file /home/airflow/.local/lib/python3.8/site-packages/airflow/example_dags/tutorial_taskflow_api_virtualenv.py for tasks to queue
[2026-05-17T04:28:07.488+0000] {logging_mixin.py:188} INFO - [2026-05-17T04:28:07.487+0000] {dagbag.py:538} INFO - Filling up the DagBag from /home/airflow/.local/lib/python3.8/site-packages/airflow/example_dags/tutorial_taskflow_api_virtualenv.py
[2026-05-17T04:28:07.509+0000] {processor.py:840} INFO - DAG(s) 'tutorial_taskflow_api_virtualenv' retrieved from /home/airflow/.local/lib/python3.8/site-packages/airflow/example_dags/tutorial_taskflow_api_virtualenv.py
[2026-05-17T04:28:07.553+0000] {logging_mixin.py:188} INFO - [2026-05-17T04:28:07.552+0000] {dag.py:3036} INFO - Sync 1 DAGs
[2026-05-17T04:28:07.578+0000] {logging_mixin.py:188} INFO - [2026-05-17T04:28:07.577+0000] {dag.py:3823} INFO - Setting next_dagrun for tutorial_taskflow_api_virtualenv to None, run_after=None
[2026-05-17T04:28:07.612+0000] {processor.py:183} INFO - Processing /home/airflow/.local/lib/python3.8/site-packages/airflow/example_dags/tutorial_taskflow_api_virtualenv.py took 0.136 seconds
[2026-05-17T04:28:38.366+0000] {processor.py:161} INFO - Started process (PID=9019) to work on /home/airflow/.local/lib/python3.8/site-packages/airflow/example_dags/tutorial_taskflow_api_virtualenv.py
[2026-05-17T04:28:38.368+0000] {processor.py:830} INFO - Processing file /home/airflow/.local/lib/python3.8/site-packages/airflow/example_dags/tutorial_taskflow_api_virtualenv.py for tasks to queue
[2026-05-17T04:28:38.370+0000] {logging_mixin.py:188} INFO - [2026-05-17T04:28:38.370+0000] {dagbag.py:538} INFO - Filling up the DagBag from /home/airflow/.local/lib/python3.8/site-packages/airflow/example_dags/tutorial_taskflow_api_virtualenv.py
[2026-05-17T04:28:38.388+0000] {processor.py:840} INFO - DAG(s) 'tutorial_taskflow_api_virtualenv' retrieved from /home/airflow/.local/lib/python3.8/site-packages/airflow/example_dags/tutorial_taskflow_api_virtualenv.py
[2026-05-17T04:28:38.428+0000] {logging_mixin.py:188} INFO - [2026-05-17T04:28:38.428+0000] {dag.py:3036} INFO - Sync 1 DAGs
[2026-05-17T04:28:38.449+0000] {logging_mixin.py:188} INFO - [2026-05-17T04:28:38.448+0000] {dag.py:3823} INFO - Setting next_dagrun for tutorial_taskflow_api_virtualenv to None, run_after=None
[2026-05-17T04:28:38.477+0000] {processor.py:183} INFO - Processing /home/airflow/.local/lib/python3.8/site-packages/airflow/example_dags/tutorial_taskflow_api_virtualenv.py took 0.117 seconds
[2026-05-17T04:29:08.792+0000] {processor.py:161} INFO - Started process (PID=9085) to work on /home/airflow/.local/lib/python3.8/site-packages/airflow/example_dags/tutorial_taskflow_api_virtualenv.py
[2026-05-17T04:29:08.794+0000] {processor.py:830} INFO - Processing file /home/airflow/.local/lib/python3.8/site-packages/airflow/example_dags/tutorial_taskflow_api_virtualenv.py for tasks to queue
[2026-05-17T04:29:08.796+0000] {logging_mixin.py:188} INFO - [2026-05-17T04:29:08.796+0000] {dagbag.py:538} INFO - Filling up the DagBag from /home/airflow/.local/lib/python3.8/site-packages/airflow/example_dags/tutorial_taskflow_api_virtualenv.py
[2026-05-17T04:29:08.814+0000] {processor.py:840} INFO - DAG(s) 'tutorial_taskflow_api_virtualenv' retrieved from /home/airflow/.local/lib/python3.8/site-packages/airflow/example_dags/tutorial_taskflow_api_virtualenv.py
[2026-05-17T04:29:08.848+0000] {logging_mixin.py:188} INFO - [2026-05-17T04:29:08.848+0000] {dag.py:3036} INFO - Sync 1 DAGs
[2026-05-17T04:29:08.868+0000] {logging_mixin.py:188} INFO - [2026-05-17T04:29:08.868+0000] {dag.py:3823} INFO - Setting next_dagrun for tutorial_taskflow_api_virtualenv to None, run_after=None
[2026-05-17T04:29:08.894+0000] {processor.py:183} INFO - Processing /home/airflow/.local/lib/python3.8/site-packages/airflow/example_dags/tutorial_taskflow_api_virtualenv.py took 0.107 seconds
[2026-05-17T04:29:39.391+0000] {processor.py:161} INFO - Started process (PID=9151) to work on /home/airflow/.local/lib/python3.8/site-packages/airflow/example_dags/tutorial_taskflow_api_virtualenv.py
[2026-05-17T04:29:39.393+0000] {processor.py:830} INFO - Processing file /home/airflow/.local/lib/python3.8/site-packages/airflow/example_dags/tutorial_taskflow_api_virtualenv.py for tasks to queue
[2026-05-17T04:29:39.396+0000] {logging_mixin.py:188} INFO - [2026-05-17T04:29:39.396+0000] {dagbag.py:538} INFO - Filling up the DagBag from /home/airflow/.local/lib/python3.8/site-packages/airflow/example_dags/tutorial_taskflow_api_virtualenv.py
[2026-05-17T04:29:39.427+0000] {processor.py:840} INFO - DAG(s) 'tutorial_taskflow_api_virtualenv' retrieved from /home/airflow/.local/lib/python3.8/site-packages/airflow/example_dags/tutorial_taskflow_api_virtualenv.py
[2026-05-17T04:29:39.473+0000] {logging_mixin.py:188} INFO - [2026-05-17T04:29:39.473+0000] {dag.py:3036} INFO - Sync 1 DAGs
[2026-05-17T04:29:39.496+0000] {logging_mixin.py:188} INFO - [2026-05-17T04:29:39.496+0000] {dag.py:3823} INFO - Setting next_dagrun for tutorial_taskflow_api_virtualenv to None, run_after=None
[2026-05-17T04:29:39.522+0000] {processor.py:183} INFO - Processing /home/airflow/.local/lib/python3.8/site-packages/airflow/example_dags/tutorial_taskflow_api_virtualenv.py took 0.137 seconds
[2026-05-17T04:30:10.329+0000] {processor.py:161} INFO - Started process (PID=9217) to work on /home/airflow/.local/lib/python3.8/site-packages/airflow/example_dags/tutorial_taskflow_api_virtualenv.py
[2026-05-17T04:30:10.331+0000] {processor.py:830} INFO - Processing file /home/airflow/.local/lib/python3.8/site-packages/airflow/example_dags/tutorial_taskflow_api_virtualenv.py for tasks to queue
[2026-05-17T04:30:10.334+0000] {logging_mixin.py:188} INFO - [2026-05-17T04:30:10.333+0000] {dagbag.py:538} INFO - Filling up the DagBag from /home/airflow/.local/lib/python3.8/site-packages/airflow/example_dags/tutorial_taskflow_api_virtualenv.py
[2026-05-17T04:30:10.352+0000] {processor.py:840} INFO - DAG(s) 'tutorial_taskflow_api_virtualenv' retrieved from /home/airflow/.local/lib/python3.8/site-packages/airflow/example_dags/tutorial_taskflow_api_virtualenv.py
[2026-05-17T04:30:10.390+0000] {logging_mixin.py:188} INFO - [2026-05-17T04:30:10.389+0000] {dag.py:3036} INFO - Sync 1 DAGs
[2026-05-17T04:30:10.412+0000] {logging_mixin.py:188} INFO - [2026-05-17T04:30:10.412+0000] {dag.py:3823} INFO - Setting next_dagrun for tutorial_taskflow_api_virtualenv to None, run_after=None
[2026-05-17T04:30:10.442+0000] {processor.py:183} INFO - Processing /home/airflow/.local/lib/python3.8/site-packages/airflow/example_dags/tutorial_taskflow_api_virtualenv.py took 0.119 seconds
[2026-05-17T04:30:41.395+0000] {processor.py:161} INFO - Started process (PID=9283) to work on /home/airflow/.local/lib/python3.8/site-packages/airflow/example_dags/tutorial_taskflow_api_virtualenv.py
[2026-05-17T04:30:41.397+0000] {processor.py:830} INFO - Processing file /home/airflow/.local/lib/python3.8/site-packages/airflow/example_dags/tutorial_taskflow_api_virtualenv.py for tasks to queue
[2026-05-17T04:30:41.400+0000] {logging_mixin.py:188} INFO - [2026-05-17T04:30:41.399+0000] {dagbag.py:538} INFO - Filling up the DagBag from /home/airflow/.local/lib/python3.8/site-packages/airflow/example_dags/tutorial_taskflow_api_virtualenv.py
[2026-05-17T04:30:41.416+0000] {processor.py:840} INFO - DAG(s) 'tutorial_taskflow_api_virtualenv' retrieved from /home/airflow/.local/lib/python3.8/site-packages/airflow/example_dags/tutorial_taskflow_api_virtualenv.py
[2026-05-17T04:30:41.452+0000] {logging_mixin.py:188} INFO - [2026-05-17T04:30:41.452+0000] {dag.py:3036} INFO - Sync 1 DAGs
[2026-05-17T04:30:41.472+0000] {logging_mixin.py:188} INFO - [2026-05-17T04:30:41.472+0000] {dag.py:3823} INFO - Setting next_dagrun for tutorial_taskflow_api_virtualenv to None, run_after=None
[2026-05-17T04:30:41.502+0000] {processor.py:183} INFO - Processing /home/airflow/.local/lib/python3.8/site-packages/airflow/example_dags/tutorial_taskflow_api_virtualenv.py took 0.113 seconds
[2026-05-17T04:31:12.236+0000] {processor.py:161} INFO - Started process (PID=9357) to work on /home/airflow/.local/lib/python3.8/site-packages/airflow/example_dags/tutorial_taskflow_api_virtualenv.py
[2026-05-17T04:31:12.238+0000] {processor.py:830} INFO - Processing file /home/airflow/.local/lib/python3.8/site-packages/airflow/example_dags/tutorial_taskflow_api_virtualenv.py for tasks to queue
[2026-05-17T04:31:12.241+0000] {logging_mixin.py:188} INFO - [2026-05-17T04:31:12.241+0000] {dagbag.py:538} INFO - Filling up the DagBag from /home/airflow/.local/lib/python3.8/site-packages/airflow/example_dags/tutorial_taskflow_api_virtualenv.py
[2026-05-17T04:31:12.261+0000] {processor.py:840} INFO - DAG(s) 'tutorial_taskflow_api_virtualenv' retrieved from /home/airflow/.local/lib/python3.8/site-packages/airflow/example_dags/tutorial_taskflow_api_virtualenv.py
[2026-05-17T04:31:12.301+0000] {logging_mixin.py:188} INFO - [2026-05-17T04:31:12.301+0000] {dag.py:3036} INFO - Sync 1 DAGs
[2026-05-17T04:31:12.321+0000] {logging_mixin.py:188} INFO - [2026-05-17T04:31:12.321+0000] {dag.py:3823} INFO - Setting next_dagrun for tutorial_taskflow_api_virtualenv to None, run_after=None
[2026-05-17T04:31:12.352+0000] {processor.py:183} INFO - Processing /home/airflow/.local/lib/python3.8/site-packages/airflow/example_dags/tutorial_taskflow_api_virtualenv.py took 0.121 seconds
