[2026-05-16T02:44:15.935+0000] {processor.py:161} INFO - Started process (PID=71) to work on /home/airflow/.local/lib/python3.8/site-packages/airflow/example_dags/example_sensors.py
[2026-05-16T02:44:15.937+0000] {processor.py:830} INFO - Processing file /home/airflow/.local/lib/python3.8/site-packages/airflow/example_dags/example_sensors.py for tasks to queue
[2026-05-16T02:44:15.940+0000] {logging_mixin.py:188} INFO - [2026-05-16T02:44:15.939+0000] {dagbag.py:538} INFO - Filling up the DagBag from /home/airflow/.local/lib/python3.8/site-packages/airflow/example_dags/example_sensors.py
[2026-05-16T02:44:15.960+0000] {processor.py:840} INFO - DAG(s) 'example_sensors' retrieved from /home/airflow/.local/lib/python3.8/site-packages/airflow/example_dags/example_sensors.py
[2026-05-16T02:44:16.217+0000] {logging_mixin.py:188} INFO - [2026-05-16T02:44:16.217+0000] {dag.py:3036} INFO - Sync 1 DAGs
[2026-05-16T02:44:16.260+0000] {logging_mixin.py:188} INFO - [2026-05-16T02:44:16.260+0000] {dag.py:3823} INFO - Setting next_dagrun for example_sensors to None, run_after=None
[2026-05-16T02:44:16.316+0000] {processor.py:183} INFO - Processing /home/airflow/.local/lib/python3.8/site-packages/airflow/example_dags/example_sensors.py took 0.387 seconds
[2026-05-16T02:44:46.698+0000] {processor.py:161} INFO - Started process (PID=136) to work on /home/airflow/.local/lib/python3.8/site-packages/airflow/example_dags/example_sensors.py
[2026-05-16T02:44:46.699+0000] {processor.py:830} INFO - Processing file /home/airflow/.local/lib/python3.8/site-packages/airflow/example_dags/example_sensors.py for tasks to queue
[2026-05-16T02:44:46.702+0000] {logging_mixin.py:188} INFO - [2026-05-16T02:44:46.701+0000] {dagbag.py:538} INFO - Filling up the DagBag from /home/airflow/.local/lib/python3.8/site-packages/airflow/example_dags/example_sensors.py
[2026-05-16T02:44:46.719+0000] {processor.py:840} INFO - DAG(s) 'example_sensors' retrieved from /home/airflow/.local/lib/python3.8/site-packages/airflow/example_dags/example_sensors.py
[2026-05-16T02:44:46.775+0000] {logging_mixin.py:188} INFO - [2026-05-16T02:44:46.775+0000] {dag.py:3036} INFO - Sync 1 DAGs
[2026-05-16T02:44:46.801+0000] {logging_mixin.py:188} INFO - [2026-05-16T02:44:46.800+0000] {dag.py:3823} INFO - Setting next_dagrun for example_sensors to None, run_after=None
[2026-05-16T02:44:46.836+0000] {processor.py:183} INFO - Processing /home/airflow/.local/lib/python3.8/site-packages/airflow/example_dags/example_sensors.py took 0.145 seconds
[2026-05-16T02:45:17.004+0000] {processor.py:161} INFO - Started process (PID=201) to work on /home/airflow/.local/lib/python3.8/site-packages/airflow/example_dags/example_sensors.py
[2026-05-16T02:45:17.006+0000] {processor.py:830} INFO - Processing file /home/airflow/.local/lib/python3.8/site-packages/airflow/example_dags/example_sensors.py for tasks to queue
[2026-05-16T02:45:17.009+0000] {logging_mixin.py:188} INFO - [2026-05-16T02:45:17.008+0000] {dagbag.py:538} INFO - Filling up the DagBag from /home/airflow/.local/lib/python3.8/site-packages/airflow/example_dags/example_sensors.py
[2026-05-16T02:45:17.024+0000] {processor.py:840} INFO - DAG(s) 'example_sensors' retrieved from /home/airflow/.local/lib/python3.8/site-packages/airflow/example_dags/example_sensors.py
[2026-05-16T02:45:17.077+0000] {logging_mixin.py:188} INFO - [2026-05-16T02:45:17.076+0000] {dag.py:3036} INFO - Sync 1 DAGs
[2026-05-16T02:45:17.100+0000] {logging_mixin.py:188} INFO - [2026-05-16T02:45:17.099+0000] {dag.py:3823} INFO - Setting next_dagrun for example_sensors to None, run_after=None
[2026-05-16T02:45:17.134+0000] {processor.py:183} INFO - Processing /home/airflow/.local/lib/python3.8/site-packages/airflow/example_dags/example_sensors.py took 0.136 seconds
[2026-05-16T02:45:47.286+0000] {processor.py:161} INFO - Started process (PID=265) to work on /home/airflow/.local/lib/python3.8/site-packages/airflow/example_dags/example_sensors.py
[2026-05-16T02:45:47.288+0000] {processor.py:830} INFO - Processing file /home/airflow/.local/lib/python3.8/site-packages/airflow/example_dags/example_sensors.py for tasks to queue
[2026-05-16T02:45:47.290+0000] {logging_mixin.py:188} INFO - [2026-05-16T02:45:47.290+0000] {dagbag.py:538} INFO - Filling up the DagBag from /home/airflow/.local/lib/python3.8/site-packages/airflow/example_dags/example_sensors.py
[2026-05-16T02:45:47.305+0000] {processor.py:840} INFO - DAG(s) 'example_sensors' retrieved from /home/airflow/.local/lib/python3.8/site-packages/airflow/example_dags/example_sensors.py
[2026-05-16T02:45:47.357+0000] {logging_mixin.py:188} INFO - [2026-05-16T02:45:47.356+0000] {dag.py:3036} INFO - Sync 1 DAGs
[2026-05-16T02:45:47.391+0000] {logging_mixin.py:188} INFO - [2026-05-16T02:45:47.390+0000] {dag.py:3823} INFO - Setting next_dagrun for example_sensors to None, run_after=None
[2026-05-16T02:45:47.421+0000] {processor.py:183} INFO - Processing /home/airflow/.local/lib/python3.8/site-packages/airflow/example_dags/example_sensors.py took 0.141 seconds
[2026-05-16T02:46:17.717+0000] {processor.py:161} INFO - Started process (PID=330) to work on /home/airflow/.local/lib/python3.8/site-packages/airflow/example_dags/example_sensors.py
[2026-05-16T02:46:17.719+0000] {processor.py:830} INFO - Processing file /home/airflow/.local/lib/python3.8/site-packages/airflow/example_dags/example_sensors.py for tasks to queue
[2026-05-16T02:46:17.721+0000] {logging_mixin.py:188} INFO - [2026-05-16T02:46:17.721+0000] {dagbag.py:538} INFO - Filling up the DagBag from /home/airflow/.local/lib/python3.8/site-packages/airflow/example_dags/example_sensors.py
[2026-05-16T02:46:17.738+0000] {processor.py:840} INFO - DAG(s) 'example_sensors' retrieved from /home/airflow/.local/lib/python3.8/site-packages/airflow/example_dags/example_sensors.py
[2026-05-16T02:46:17.789+0000] {logging_mixin.py:188} INFO - [2026-05-16T02:46:17.788+0000] {dag.py:3036} INFO - Sync 1 DAGs
[2026-05-16T02:46:17.808+0000] {logging_mixin.py:188} INFO - [2026-05-16T02:46:17.808+0000] {dag.py:3823} INFO - Setting next_dagrun for example_sensors to None, run_after=None
[2026-05-16T02:46:17.839+0000] {processor.py:183} INFO - Processing /home/airflow/.local/lib/python3.8/site-packages/airflow/example_dags/example_sensors.py took 0.129 seconds
[2026-05-16T02:46:48.101+0000] {processor.py:161} INFO - Started process (PID=394) to work on /home/airflow/.local/lib/python3.8/site-packages/airflow/example_dags/example_sensors.py
[2026-05-16T02:46:48.103+0000] {processor.py:830} INFO - Processing file /home/airflow/.local/lib/python3.8/site-packages/airflow/example_dags/example_sensors.py for tasks to queue
[2026-05-16T02:46:48.105+0000] {logging_mixin.py:188} INFO - [2026-05-16T02:46:48.105+0000] {dagbag.py:538} INFO - Filling up the DagBag from /home/airflow/.local/lib/python3.8/site-packages/airflow/example_dags/example_sensors.py
[2026-05-16T02:46:48.120+0000] {processor.py:840} INFO - DAG(s) 'example_sensors' retrieved from /home/airflow/.local/lib/python3.8/site-packages/airflow/example_dags/example_sensors.py
[2026-05-16T02:46:48.168+0000] {logging_mixin.py:188} INFO - [2026-05-16T02:46:48.167+0000] {dag.py:3036} INFO - Sync 1 DAGs
[2026-05-16T02:46:48.189+0000] {logging_mixin.py:188} INFO - [2026-05-16T02:46:48.189+0000] {dag.py:3823} INFO - Setting next_dagrun for example_sensors to None, run_after=None
[2026-05-16T02:46:48.220+0000] {processor.py:183} INFO - Processing /home/airflow/.local/lib/python3.8/site-packages/airflow/example_dags/example_sensors.py took 0.124 seconds
[2026-05-16T02:47:18.623+0000] {processor.py:161} INFO - Started process (PID=459) to work on /home/airflow/.local/lib/python3.8/site-packages/airflow/example_dags/example_sensors.py
[2026-05-16T02:47:18.624+0000] {processor.py:830} INFO - Processing file /home/airflow/.local/lib/python3.8/site-packages/airflow/example_dags/example_sensors.py for tasks to queue
[2026-05-16T02:47:18.627+0000] {logging_mixin.py:188} INFO - [2026-05-16T02:47:18.626+0000] {dagbag.py:538} INFO - Filling up the DagBag from /home/airflow/.local/lib/python3.8/site-packages/airflow/example_dags/example_sensors.py
[2026-05-16T02:47:18.643+0000] {processor.py:840} INFO - DAG(s) 'example_sensors' retrieved from /home/airflow/.local/lib/python3.8/site-packages/airflow/example_dags/example_sensors.py
[2026-05-16T02:47:18.690+0000] {logging_mixin.py:188} INFO - [2026-05-16T02:47:18.690+0000] {dag.py:3036} INFO - Sync 1 DAGs
[2026-05-16T02:47:18.711+0000] {logging_mixin.py:188} INFO - [2026-05-16T02:47:18.711+0000] {dag.py:3823} INFO - Setting next_dagrun for example_sensors to None, run_after=None
[2026-05-16T02:47:18.742+0000] {processor.py:183} INFO - Processing /home/airflow/.local/lib/python3.8/site-packages/airflow/example_dags/example_sensors.py took 0.125 seconds
[2026-05-16T02:47:49.361+0000] {processor.py:161} INFO - Started process (PID=524) to work on /home/airflow/.local/lib/python3.8/site-packages/airflow/example_dags/example_sensors.py
[2026-05-16T02:47:49.363+0000] {processor.py:830} INFO - Processing file /home/airflow/.local/lib/python3.8/site-packages/airflow/example_dags/example_sensors.py for tasks to queue
[2026-05-16T02:47:49.366+0000] {logging_mixin.py:188} INFO - [2026-05-16T02:47:49.365+0000] {dagbag.py:538} INFO - Filling up the DagBag from /home/airflow/.local/lib/python3.8/site-packages/airflow/example_dags/example_sensors.py
[2026-05-16T02:47:49.381+0000] {processor.py:840} INFO - DAG(s) 'example_sensors' retrieved from /home/airflow/.local/lib/python3.8/site-packages/airflow/example_dags/example_sensors.py
[2026-05-16T02:47:49.431+0000] {logging_mixin.py:188} INFO - [2026-05-16T02:47:49.431+0000] {dag.py:3036} INFO - Sync 1 DAGs
[2026-05-16T02:47:49.451+0000] {logging_mixin.py:188} INFO - [2026-05-16T02:47:49.451+0000] {dag.py:3823} INFO - Setting next_dagrun for example_sensors to None, run_after=None
[2026-05-16T02:47:49.485+0000] {processor.py:183} INFO - Processing /home/airflow/.local/lib/python3.8/site-packages/airflow/example_dags/example_sensors.py took 0.128 seconds
[2026-05-16T02:48:19.693+0000] {processor.py:161} INFO - Started process (PID=590) to work on /home/airflow/.local/lib/python3.8/site-packages/airflow/example_dags/example_sensors.py
[2026-05-16T02:48:19.694+0000] {processor.py:830} INFO - Processing file /home/airflow/.local/lib/python3.8/site-packages/airflow/example_dags/example_sensors.py for tasks to queue
[2026-05-16T02:48:19.697+0000] {logging_mixin.py:188} INFO - [2026-05-16T02:48:19.697+0000] {dagbag.py:538} INFO - Filling up the DagBag from /home/airflow/.local/lib/python3.8/site-packages/airflow/example_dags/example_sensors.py
[2026-05-16T02:48:19.714+0000] {processor.py:840} INFO - DAG(s) 'example_sensors' retrieved from /home/airflow/.local/lib/python3.8/site-packages/airflow/example_dags/example_sensors.py
[2026-05-16T02:48:19.767+0000] {logging_mixin.py:188} INFO - [2026-05-16T02:48:19.766+0000] {dag.py:3036} INFO - Sync 1 DAGs
[2026-05-16T02:48:19.792+0000] {logging_mixin.py:188} INFO - [2026-05-16T02:48:19.791+0000] {dag.py:3823} INFO - Setting next_dagrun for example_sensors to None, run_after=None
[2026-05-16T02:48:19.827+0000] {processor.py:183} INFO - Processing /home/airflow/.local/lib/python3.8/site-packages/airflow/example_dags/example_sensors.py took 0.139 seconds
[2026-05-16T02:48:50.108+0000] {processor.py:161} INFO - Started process (PID=655) to work on /home/airflow/.local/lib/python3.8/site-packages/airflow/example_dags/example_sensors.py
[2026-05-16T02:48:50.110+0000] {processor.py:830} INFO - Processing file /home/airflow/.local/lib/python3.8/site-packages/airflow/example_dags/example_sensors.py for tasks to queue
[2026-05-16T02:48:50.113+0000] {logging_mixin.py:188} INFO - [2026-05-16T02:48:50.113+0000] {dagbag.py:538} INFO - Filling up the DagBag from /home/airflow/.local/lib/python3.8/site-packages/airflow/example_dags/example_sensors.py
[2026-05-16T02:48:50.131+0000] {processor.py:840} INFO - DAG(s) 'example_sensors' retrieved from /home/airflow/.local/lib/python3.8/site-packages/airflow/example_dags/example_sensors.py
[2026-05-16T02:48:50.185+0000] {logging_mixin.py:188} INFO - [2026-05-16T02:48:50.185+0000] {dag.py:3036} INFO - Sync 1 DAGs
[2026-05-16T02:48:50.209+0000] {logging_mixin.py:188} INFO - [2026-05-16T02:48:50.209+0000] {dag.py:3823} INFO - Setting next_dagrun for example_sensors to None, run_after=None
[2026-05-16T02:48:50.242+0000] {processor.py:183} INFO - Processing /home/airflow/.local/lib/python3.8/site-packages/airflow/example_dags/example_sensors.py took 0.139 seconds
[2026-05-16T02:49:20.552+0000] {processor.py:161} INFO - Started process (PID=719) to work on /home/airflow/.local/lib/python3.8/site-packages/airflow/example_dags/example_sensors.py
[2026-05-16T02:49:20.553+0000] {processor.py:830} INFO - Processing file /home/airflow/.local/lib/python3.8/site-packages/airflow/example_dags/example_sensors.py for tasks to queue
[2026-05-16T02:49:20.556+0000] {logging_mixin.py:188} INFO - [2026-05-16T02:49:20.555+0000] {dagbag.py:538} INFO - Filling up the DagBag from /home/airflow/.local/lib/python3.8/site-packages/airflow/example_dags/example_sensors.py
[2026-05-16T02:49:20.570+0000] {processor.py:840} INFO - DAG(s) 'example_sensors' retrieved from /home/airflow/.local/lib/python3.8/site-packages/airflow/example_dags/example_sensors.py
[2026-05-16T02:49:20.616+0000] {logging_mixin.py:188} INFO - [2026-05-16T02:49:20.615+0000] {dag.py:3036} INFO - Sync 1 DAGs
[2026-05-16T02:49:20.636+0000] {logging_mixin.py:188} INFO - [2026-05-16T02:49:20.636+0000] {dag.py:3823} INFO - Setting next_dagrun for example_sensors to None, run_after=None
[2026-05-16T02:49:20.665+0000] {processor.py:183} INFO - Processing /home/airflow/.local/lib/python3.8/site-packages/airflow/example_dags/example_sensors.py took 0.118 seconds
[2026-05-16T02:49:50.757+0000] {processor.py:161} INFO - Started process (PID=784) to work on /home/airflow/.local/lib/python3.8/site-packages/airflow/example_dags/example_sensors.py
[2026-05-16T02:49:50.759+0000] {processor.py:830} INFO - Processing file /home/airflow/.local/lib/python3.8/site-packages/airflow/example_dags/example_sensors.py for tasks to queue
[2026-05-16T02:49:50.761+0000] {logging_mixin.py:188} INFO - [2026-05-16T02:49:50.761+0000] {dagbag.py:538} INFO - Filling up the DagBag from /home/airflow/.local/lib/python3.8/site-packages/airflow/example_dags/example_sensors.py
[2026-05-16T02:49:50.776+0000] {processor.py:840} INFO - DAG(s) 'example_sensors' retrieved from /home/airflow/.local/lib/python3.8/site-packages/airflow/example_dags/example_sensors.py
[2026-05-16T02:49:50.827+0000] {logging_mixin.py:188} INFO - [2026-05-16T02:49:50.826+0000] {dag.py:3036} INFO - Sync 1 DAGs
[2026-05-16T02:49:50.848+0000] {logging_mixin.py:188} INFO - [2026-05-16T02:49:50.848+0000] {dag.py:3823} INFO - Setting next_dagrun for example_sensors to None, run_after=None
[2026-05-16T02:49:50.879+0000] {processor.py:183} INFO - Processing /home/airflow/.local/lib/python3.8/site-packages/airflow/example_dags/example_sensors.py took 0.127 seconds
[2026-05-16T02:50:21.114+0000] {processor.py:161} INFO - Started process (PID=854) to work on /home/airflow/.local/lib/python3.8/site-packages/airflow/example_dags/example_sensors.py
[2026-05-16T02:50:21.115+0000] {processor.py:830} INFO - Processing file /home/airflow/.local/lib/python3.8/site-packages/airflow/example_dags/example_sensors.py for tasks to queue
[2026-05-16T02:50:21.118+0000] {logging_mixin.py:188} INFO - [2026-05-16T02:50:21.117+0000] {dagbag.py:538} INFO - Filling up the DagBag from /home/airflow/.local/lib/python3.8/site-packages/airflow/example_dags/example_sensors.py
[2026-05-16T02:50:21.134+0000] {processor.py:840} INFO - DAG(s) 'example_sensors' retrieved from /home/airflow/.local/lib/python3.8/site-packages/airflow/example_dags/example_sensors.py
[2026-05-16T02:50:21.185+0000] {logging_mixin.py:188} INFO - [2026-05-16T02:50:21.185+0000] {dag.py:3036} INFO - Sync 1 DAGs
[2026-05-16T02:50:21.210+0000] {logging_mixin.py:188} INFO - [2026-05-16T02:50:21.209+0000] {dag.py:3823} INFO - Setting next_dagrun for example_sensors to None, run_after=None
[2026-05-16T02:50:21.242+0000] {processor.py:183} INFO - Processing /home/airflow/.local/lib/python3.8/site-packages/airflow/example_dags/example_sensors.py took 0.133 seconds
[2026-05-16T02:50:51.616+0000] {processor.py:161} INFO - Started process (PID=920) to work on /home/airflow/.local/lib/python3.8/site-packages/airflow/example_dags/example_sensors.py
[2026-05-16T02:50:51.618+0000] {processor.py:830} INFO - Processing file /home/airflow/.local/lib/python3.8/site-packages/airflow/example_dags/example_sensors.py for tasks to queue
[2026-05-16T02:50:51.621+0000] {logging_mixin.py:188} INFO - [2026-05-16T02:50:51.621+0000] {dagbag.py:538} INFO - Filling up the DagBag from /home/airflow/.local/lib/python3.8/site-packages/airflow/example_dags/example_sensors.py
[2026-05-16T02:50:51.639+0000] {processor.py:840} INFO - DAG(s) 'example_sensors' retrieved from /home/airflow/.local/lib/python3.8/site-packages/airflow/example_dags/example_sensors.py
[2026-05-16T02:50:51.696+0000] {logging_mixin.py:188} INFO - [2026-05-16T02:50:51.695+0000] {dag.py:3036} INFO - Sync 1 DAGs
[2026-05-16T02:50:51.721+0000] {logging_mixin.py:188} INFO - [2026-05-16T02:50:51.720+0000] {dag.py:3823} INFO - Setting next_dagrun for example_sensors to None, run_after=None
[2026-05-16T02:50:51.753+0000] {processor.py:183} INFO - Processing /home/airflow/.local/lib/python3.8/site-packages/airflow/example_dags/example_sensors.py took 0.142 seconds
[2026-05-16T02:51:22.722+0000] {processor.py:161} INFO - Started process (PID=984) to work on /home/airflow/.local/lib/python3.8/site-packages/airflow/example_dags/example_sensors.py
[2026-05-16T02:51:22.724+0000] {processor.py:830} INFO - Processing file /home/airflow/.local/lib/python3.8/site-packages/airflow/example_dags/example_sensors.py for tasks to queue
[2026-05-16T02:51:22.727+0000] {logging_mixin.py:188} INFO - [2026-05-16T02:51:22.726+0000] {dagbag.py:538} INFO - Filling up the DagBag from /home/airflow/.local/lib/python3.8/site-packages/airflow/example_dags/example_sensors.py
[2026-05-16T02:51:22.746+0000] {processor.py:840} INFO - DAG(s) 'example_sensors' retrieved from /home/airflow/.local/lib/python3.8/site-packages/airflow/example_dags/example_sensors.py
[2026-05-16T02:51:22.801+0000] {logging_mixin.py:188} INFO - [2026-05-16T02:51:22.800+0000] {dag.py:3036} INFO - Sync 1 DAGs
[2026-05-16T02:51:22.826+0000] {logging_mixin.py:188} INFO - [2026-05-16T02:51:22.825+0000] {dag.py:3823} INFO - Setting next_dagrun for example_sensors to None, run_after=None
[2026-05-16T02:51:22.855+0000] {processor.py:183} INFO - Processing /home/airflow/.local/lib/python3.8/site-packages/airflow/example_dags/example_sensors.py took 0.139 seconds
[2026-05-16T02:51:52.965+0000] {processor.py:161} INFO - Started process (PID=1049) to work on /home/airflow/.local/lib/python3.8/site-packages/airflow/example_dags/example_sensors.py
[2026-05-16T02:51:52.967+0000] {processor.py:830} INFO - Processing file /home/airflow/.local/lib/python3.8/site-packages/airflow/example_dags/example_sensors.py for tasks to queue
[2026-05-16T02:51:52.970+0000] {logging_mixin.py:188} INFO - [2026-05-16T02:51:52.970+0000] {dagbag.py:538} INFO - Filling up the DagBag from /home/airflow/.local/lib/python3.8/site-packages/airflow/example_dags/example_sensors.py
[2026-05-16T02:51:52.985+0000] {processor.py:840} INFO - DAG(s) 'example_sensors' retrieved from /home/airflow/.local/lib/python3.8/site-packages/airflow/example_dags/example_sensors.py
[2026-05-16T02:51:53.030+0000] {logging_mixin.py:188} INFO - [2026-05-16T02:51:53.030+0000] {dag.py:3036} INFO - Sync 1 DAGs
[2026-05-16T02:51:53.053+0000] {logging_mixin.py:188} INFO - [2026-05-16T02:51:53.052+0000] {dag.py:3823} INFO - Setting next_dagrun for example_sensors to None, run_after=None
[2026-05-16T02:51:53.085+0000] {processor.py:183} INFO - Processing /home/airflow/.local/lib/python3.8/site-packages/airflow/example_dags/example_sensors.py took 0.125 seconds
[2026-05-16T02:52:23.255+0000] {processor.py:161} INFO - Started process (PID=1114) to work on /home/airflow/.local/lib/python3.8/site-packages/airflow/example_dags/example_sensors.py
[2026-05-16T02:52:23.256+0000] {processor.py:830} INFO - Processing file /home/airflow/.local/lib/python3.8/site-packages/airflow/example_dags/example_sensors.py for tasks to queue
[2026-05-16T02:52:23.259+0000] {logging_mixin.py:188} INFO - [2026-05-16T02:52:23.258+0000] {dagbag.py:538} INFO - Filling up the DagBag from /home/airflow/.local/lib/python3.8/site-packages/airflow/example_dags/example_sensors.py
[2026-05-16T02:52:23.275+0000] {processor.py:840} INFO - DAG(s) 'example_sensors' retrieved from /home/airflow/.local/lib/python3.8/site-packages/airflow/example_dags/example_sensors.py
[2026-05-16T02:52:23.318+0000] {logging_mixin.py:188} INFO - [2026-05-16T02:52:23.318+0000] {dag.py:3036} INFO - Sync 1 DAGs
[2026-05-16T02:52:23.342+0000] {logging_mixin.py:188} INFO - [2026-05-16T02:52:23.341+0000] {dag.py:3823} INFO - Setting next_dagrun for example_sensors to None, run_after=None
[2026-05-16T02:52:23.370+0000] {processor.py:183} INFO - Processing /home/airflow/.local/lib/python3.8/site-packages/airflow/example_dags/example_sensors.py took 0.120 seconds
[2026-05-16T02:52:53.823+0000] {processor.py:161} INFO - Started process (PID=1180) to work on /home/airflow/.local/lib/python3.8/site-packages/airflow/example_dags/example_sensors.py
[2026-05-16T02:52:53.825+0000] {processor.py:830} INFO - Processing file /home/airflow/.local/lib/python3.8/site-packages/airflow/example_dags/example_sensors.py for tasks to queue
[2026-05-16T02:52:53.829+0000] {logging_mixin.py:188} INFO - [2026-05-16T02:52:53.828+0000] {dagbag.py:538} INFO - Filling up the DagBag from /home/airflow/.local/lib/python3.8/site-packages/airflow/example_dags/example_sensors.py
[2026-05-16T02:52:53.857+0000] {processor.py:840} INFO - DAG(s) 'example_sensors' retrieved from /home/airflow/.local/lib/python3.8/site-packages/airflow/example_dags/example_sensors.py
[2026-05-16T02:52:53.911+0000] {logging_mixin.py:188} INFO - [2026-05-16T02:52:53.911+0000] {dag.py:3036} INFO - Sync 1 DAGs
[2026-05-16T02:52:53.937+0000] {logging_mixin.py:188} INFO - [2026-05-16T02:52:53.937+0000] {dag.py:3823} INFO - Setting next_dagrun for example_sensors to None, run_after=None
[2026-05-16T02:52:53.972+0000] {processor.py:183} INFO - Processing /home/airflow/.local/lib/python3.8/site-packages/airflow/example_dags/example_sensors.py took 0.162 seconds
[2026-05-16T02:53:24.388+0000] {processor.py:161} INFO - Started process (PID=1245) to work on /home/airflow/.local/lib/python3.8/site-packages/airflow/example_dags/example_sensors.py
[2026-05-16T02:53:24.390+0000] {processor.py:830} INFO - Processing file /home/airflow/.local/lib/python3.8/site-packages/airflow/example_dags/example_sensors.py for tasks to queue
[2026-05-16T02:53:24.393+0000] {logging_mixin.py:188} INFO - [2026-05-16T02:53:24.393+0000] {dagbag.py:538} INFO - Filling up the DagBag from /home/airflow/.local/lib/python3.8/site-packages/airflow/example_dags/example_sensors.py
[2026-05-16T02:53:24.413+0000] {processor.py:840} INFO - DAG(s) 'example_sensors' retrieved from /home/airflow/.local/lib/python3.8/site-packages/airflow/example_dags/example_sensors.py
[2026-05-16T02:53:24.476+0000] {logging_mixin.py:188} INFO - [2026-05-16T02:53:24.476+0000] {dag.py:3036} INFO - Sync 1 DAGs
[2026-05-16T02:53:24.502+0000] {logging_mixin.py:188} INFO - [2026-05-16T02:53:24.501+0000] {dag.py:3823} INFO - Setting next_dagrun for example_sensors to None, run_after=None
[2026-05-16T02:53:24.536+0000] {processor.py:183} INFO - Processing /home/airflow/.local/lib/python3.8/site-packages/airflow/example_dags/example_sensors.py took 0.153 seconds
[2026-05-16T02:53:54.657+0000] {processor.py:161} INFO - Started process (PID=1309) to work on /home/airflow/.local/lib/python3.8/site-packages/airflow/example_dags/example_sensors.py
[2026-05-16T02:53:54.659+0000] {processor.py:830} INFO - Processing file /home/airflow/.local/lib/python3.8/site-packages/airflow/example_dags/example_sensors.py for tasks to queue
[2026-05-16T02:53:54.662+0000] {logging_mixin.py:188} INFO - [2026-05-16T02:53:54.661+0000] {dagbag.py:538} INFO - Filling up the DagBag from /home/airflow/.local/lib/python3.8/site-packages/airflow/example_dags/example_sensors.py
[2026-05-16T02:53:54.678+0000] {processor.py:840} INFO - DAG(s) 'example_sensors' retrieved from /home/airflow/.local/lib/python3.8/site-packages/airflow/example_dags/example_sensors.py
[2026-05-16T02:53:54.725+0000] {logging_mixin.py:188} INFO - [2026-05-16T02:53:54.725+0000] {dag.py:3036} INFO - Sync 1 DAGs
[2026-05-16T02:53:54.746+0000] {logging_mixin.py:188} INFO - [2026-05-16T02:53:54.746+0000] {dag.py:3823} INFO - Setting next_dagrun for example_sensors to None, run_after=None
[2026-05-16T02:53:54.774+0000] {processor.py:183} INFO - Processing /home/airflow/.local/lib/python3.8/site-packages/airflow/example_dags/example_sensors.py took 0.123 seconds
[2026-05-16T02:54:25.140+0000] {processor.py:161} INFO - Started process (PID=1374) to work on /home/airflow/.local/lib/python3.8/site-packages/airflow/example_dags/example_sensors.py
[2026-05-16T02:54:25.141+0000] {processor.py:830} INFO - Processing file /home/airflow/.local/lib/python3.8/site-packages/airflow/example_dags/example_sensors.py for tasks to queue
[2026-05-16T02:54:25.145+0000] {logging_mixin.py:188} INFO - [2026-05-16T02:54:25.144+0000] {dagbag.py:538} INFO - Filling up the DagBag from /home/airflow/.local/lib/python3.8/site-packages/airflow/example_dags/example_sensors.py
[2026-05-16T02:54:25.164+0000] {processor.py:840} INFO - DAG(s) 'example_sensors' retrieved from /home/airflow/.local/lib/python3.8/site-packages/airflow/example_dags/example_sensors.py
[2026-05-16T02:54:25.216+0000] {logging_mixin.py:188} INFO - [2026-05-16T02:54:25.216+0000] {dag.py:3036} INFO - Sync 1 DAGs
[2026-05-16T02:54:25.240+0000] {logging_mixin.py:188} INFO - [2026-05-16T02:54:25.239+0000] {dag.py:3823} INFO - Setting next_dagrun for example_sensors to None, run_after=None
[2026-05-16T02:54:25.277+0000] {processor.py:183} INFO - Processing /home/airflow/.local/lib/python3.8/site-packages/airflow/example_dags/example_sensors.py took 0.142 seconds
[2026-05-16T02:54:55.496+0000] {processor.py:161} INFO - Started process (PID=1439) to work on /home/airflow/.local/lib/python3.8/site-packages/airflow/example_dags/example_sensors.py
[2026-05-16T02:54:55.498+0000] {processor.py:830} INFO - Processing file /home/airflow/.local/lib/python3.8/site-packages/airflow/example_dags/example_sensors.py for tasks to queue
[2026-05-16T02:54:55.501+0000] {logging_mixin.py:188} INFO - [2026-05-16T02:54:55.501+0000] {dagbag.py:538} INFO - Filling up the DagBag from /home/airflow/.local/lib/python3.8/site-packages/airflow/example_dags/example_sensors.py
[2026-05-16T02:54:55.519+0000] {processor.py:840} INFO - DAG(s) 'example_sensors' retrieved from /home/airflow/.local/lib/python3.8/site-packages/airflow/example_dags/example_sensors.py
[2026-05-16T02:54:55.566+0000] {logging_mixin.py:188} INFO - [2026-05-16T02:54:55.566+0000] {dag.py:3036} INFO - Sync 1 DAGs
[2026-05-16T02:54:55.590+0000] {logging_mixin.py:188} INFO - [2026-05-16T02:54:55.589+0000] {dag.py:3823} INFO - Setting next_dagrun for example_sensors to None, run_after=None
[2026-05-16T02:54:55.622+0000] {processor.py:183} INFO - Processing /home/airflow/.local/lib/python3.8/site-packages/airflow/example_dags/example_sensors.py took 0.130 seconds
[2026-05-16T02:55:25.901+0000] {processor.py:161} INFO - Started process (PID=1505) to work on /home/airflow/.local/lib/python3.8/site-packages/airflow/example_dags/example_sensors.py
[2026-05-16T02:55:25.903+0000] {processor.py:830} INFO - Processing file /home/airflow/.local/lib/python3.8/site-packages/airflow/example_dags/example_sensors.py for tasks to queue
[2026-05-16T02:55:25.906+0000] {logging_mixin.py:188} INFO - [2026-05-16T02:55:25.905+0000] {dagbag.py:538} INFO - Filling up the DagBag from /home/airflow/.local/lib/python3.8/site-packages/airflow/example_dags/example_sensors.py
[2026-05-16T02:55:25.922+0000] {processor.py:840} INFO - DAG(s) 'example_sensors' retrieved from /home/airflow/.local/lib/python3.8/site-packages/airflow/example_dags/example_sensors.py
[2026-05-16T02:55:25.976+0000] {logging_mixin.py:188} INFO - [2026-05-16T02:55:25.975+0000] {dag.py:3036} INFO - Sync 1 DAGs
[2026-05-16T02:55:25.998+0000] {logging_mixin.py:188} INFO - [2026-05-16T02:55:25.997+0000] {dag.py:3823} INFO - Setting next_dagrun for example_sensors to None, run_after=None
[2026-05-16T02:55:26.029+0000] {processor.py:183} INFO - Processing /home/airflow/.local/lib/python3.8/site-packages/airflow/example_dags/example_sensors.py took 0.134 seconds
[2026-05-16T02:55:56.293+0000] {processor.py:161} INFO - Started process (PID=1571) to work on /home/airflow/.local/lib/python3.8/site-packages/airflow/example_dags/example_sensors.py
[2026-05-16T02:55:56.295+0000] {processor.py:830} INFO - Processing file /home/airflow/.local/lib/python3.8/site-packages/airflow/example_dags/example_sensors.py for tasks to queue
[2026-05-16T02:55:56.298+0000] {logging_mixin.py:188} INFO - [2026-05-16T02:55:56.297+0000] {dagbag.py:538} INFO - Filling up the DagBag from /home/airflow/.local/lib/python3.8/site-packages/airflow/example_dags/example_sensors.py
[2026-05-16T02:55:56.314+0000] {processor.py:840} INFO - DAG(s) 'example_sensors' retrieved from /home/airflow/.local/lib/python3.8/site-packages/airflow/example_dags/example_sensors.py
[2026-05-16T02:55:56.361+0000] {logging_mixin.py:188} INFO - [2026-05-16T02:55:56.360+0000] {dag.py:3036} INFO - Sync 1 DAGs
[2026-05-16T02:55:56.382+0000] {logging_mixin.py:188} INFO - [2026-05-16T02:55:56.382+0000] {dag.py:3823} INFO - Setting next_dagrun for example_sensors to None, run_after=None
[2026-05-16T02:55:56.413+0000] {processor.py:183} INFO - Processing /home/airflow/.local/lib/python3.8/site-packages/airflow/example_dags/example_sensors.py took 0.126 seconds
[2026-05-16T02:56:26.720+0000] {processor.py:161} INFO - Started process (PID=1635) to work on /home/airflow/.local/lib/python3.8/site-packages/airflow/example_dags/example_sensors.py
[2026-05-16T02:56:26.724+0000] {processor.py:830} INFO - Processing file /home/airflow/.local/lib/python3.8/site-packages/airflow/example_dags/example_sensors.py for tasks to queue
[2026-05-16T02:56:26.727+0000] {logging_mixin.py:188} INFO - [2026-05-16T02:56:26.727+0000] {dagbag.py:538} INFO - Filling up the DagBag from /home/airflow/.local/lib/python3.8/site-packages/airflow/example_dags/example_sensors.py
[2026-05-16T02:56:26.744+0000] {processor.py:840} INFO - DAG(s) 'example_sensors' retrieved from /home/airflow/.local/lib/python3.8/site-packages/airflow/example_dags/example_sensors.py
[2026-05-16T02:56:26.799+0000] {logging_mixin.py:188} INFO - [2026-05-16T02:56:26.798+0000] {dag.py:3036} INFO - Sync 1 DAGs
[2026-05-16T02:56:26.821+0000] {logging_mixin.py:188} INFO - [2026-05-16T02:56:26.821+0000] {dag.py:3823} INFO - Setting next_dagrun for example_sensors to None, run_after=None
[2026-05-16T02:56:26.857+0000] {processor.py:183} INFO - Processing /home/airflow/.local/lib/python3.8/site-packages/airflow/example_dags/example_sensors.py took 0.142 seconds
[2026-05-16T02:56:56.984+0000] {processor.py:161} INFO - Started process (PID=1708) to work on /home/airflow/.local/lib/python3.8/site-packages/airflow/example_dags/example_sensors.py
[2026-05-16T02:56:56.985+0000] {processor.py:830} INFO - Processing file /home/airflow/.local/lib/python3.8/site-packages/airflow/example_dags/example_sensors.py for tasks to queue
[2026-05-16T02:56:56.988+0000] {logging_mixin.py:188} INFO - [2026-05-16T02:56:56.988+0000] {dagbag.py:538} INFO - Filling up the DagBag from /home/airflow/.local/lib/python3.8/site-packages/airflow/example_dags/example_sensors.py
[2026-05-16T02:56:57.007+0000] {processor.py:840} INFO - DAG(s) 'example_sensors' retrieved from /home/airflow/.local/lib/python3.8/site-packages/airflow/example_dags/example_sensors.py
[2026-05-16T02:56:57.061+0000] {logging_mixin.py:188} INFO - [2026-05-16T02:56:57.060+0000] {dag.py:3036} INFO - Sync 1 DAGs
[2026-05-16T02:56:57.085+0000] {logging_mixin.py:188} INFO - [2026-05-16T02:56:57.085+0000] {dag.py:3823} INFO - Setting next_dagrun for example_sensors to None, run_after=None
[2026-05-16T02:56:57.128+0000] {processor.py:183} INFO - Processing /home/airflow/.local/lib/python3.8/site-packages/airflow/example_dags/example_sensors.py took 0.150 seconds
[2026-05-16T02:57:27.383+0000] {processor.py:161} INFO - Started process (PID=1775) to work on /home/airflow/.local/lib/python3.8/site-packages/airflow/example_dags/example_sensors.py
[2026-05-16T02:57:27.386+0000] {processor.py:830} INFO - Processing file /home/airflow/.local/lib/python3.8/site-packages/airflow/example_dags/example_sensors.py for tasks to queue
[2026-05-16T02:57:27.389+0000] {logging_mixin.py:188} INFO - [2026-05-16T02:57:27.388+0000] {dagbag.py:538} INFO - Filling up the DagBag from /home/airflow/.local/lib/python3.8/site-packages/airflow/example_dags/example_sensors.py
[2026-05-16T02:57:27.408+0000] {processor.py:840} INFO - DAG(s) 'example_sensors' retrieved from /home/airflow/.local/lib/python3.8/site-packages/airflow/example_dags/example_sensors.py
[2026-05-16T02:57:27.466+0000] {logging_mixin.py:188} INFO - [2026-05-16T02:57:27.466+0000] {dag.py:3036} INFO - Sync 1 DAGs
[2026-05-16T02:57:27.494+0000] {logging_mixin.py:188} INFO - [2026-05-16T02:57:27.494+0000] {dag.py:3823} INFO - Setting next_dagrun for example_sensors to None, run_after=None
[2026-05-16T02:57:27.562+0000] {processor.py:183} INFO - Processing /home/airflow/.local/lib/python3.8/site-packages/airflow/example_dags/example_sensors.py took 0.185 seconds
[2026-05-16T02:57:57.944+0000] {processor.py:161} INFO - Started process (PID=1841) to work on /home/airflow/.local/lib/python3.8/site-packages/airflow/example_dags/example_sensors.py
[2026-05-16T02:57:57.945+0000] {processor.py:830} INFO - Processing file /home/airflow/.local/lib/python3.8/site-packages/airflow/example_dags/example_sensors.py for tasks to queue
[2026-05-16T02:57:57.948+0000] {logging_mixin.py:188} INFO - [2026-05-16T02:57:57.947+0000] {dagbag.py:538} INFO - Filling up the DagBag from /home/airflow/.local/lib/python3.8/site-packages/airflow/example_dags/example_sensors.py
[2026-05-16T02:57:57.963+0000] {processor.py:840} INFO - DAG(s) 'example_sensors' retrieved from /home/airflow/.local/lib/python3.8/site-packages/airflow/example_dags/example_sensors.py
[2026-05-16T02:57:58.013+0000] {logging_mixin.py:188} INFO - [2026-05-16T02:57:58.013+0000] {dag.py:3036} INFO - Sync 1 DAGs
[2026-05-16T02:57:58.033+0000] {logging_mixin.py:188} INFO - [2026-05-16T02:57:58.033+0000] {dag.py:3823} INFO - Setting next_dagrun for example_sensors to None, run_after=None
[2026-05-16T02:57:58.065+0000] {processor.py:183} INFO - Processing /home/airflow/.local/lib/python3.8/site-packages/airflow/example_dags/example_sensors.py took 0.126 seconds
[2026-05-16T02:58:28.511+0000] {processor.py:161} INFO - Started process (PID=1904) to work on /home/airflow/.local/lib/python3.8/site-packages/airflow/example_dags/example_sensors.py
[2026-05-16T02:58:28.514+0000] {processor.py:830} INFO - Processing file /home/airflow/.local/lib/python3.8/site-packages/airflow/example_dags/example_sensors.py for tasks to queue
[2026-05-16T02:58:28.517+0000] {logging_mixin.py:188} INFO - [2026-05-16T02:58:28.517+0000] {dagbag.py:538} INFO - Filling up the DagBag from /home/airflow/.local/lib/python3.8/site-packages/airflow/example_dags/example_sensors.py
[2026-05-16T02:58:28.534+0000] {processor.py:840} INFO - DAG(s) 'example_sensors' retrieved from /home/airflow/.local/lib/python3.8/site-packages/airflow/example_dags/example_sensors.py
[2026-05-16T02:58:28.590+0000] {logging_mixin.py:188} INFO - [2026-05-16T02:58:28.589+0000] {dag.py:3036} INFO - Sync 1 DAGs
[2026-05-16T02:58:28.613+0000] {logging_mixin.py:188} INFO - [2026-05-16T02:58:28.613+0000] {dag.py:3823} INFO - Setting next_dagrun for example_sensors to None, run_after=None
[2026-05-16T02:58:28.643+0000] {processor.py:183} INFO - Processing /home/airflow/.local/lib/python3.8/site-packages/airflow/example_dags/example_sensors.py took 0.138 seconds
[2026-05-16T02:58:59.676+0000] {processor.py:161} INFO - Started process (PID=1969) to work on /home/airflow/.local/lib/python3.8/site-packages/airflow/example_dags/example_sensors.py
[2026-05-16T02:58:59.677+0000] {processor.py:830} INFO - Processing file /home/airflow/.local/lib/python3.8/site-packages/airflow/example_dags/example_sensors.py for tasks to queue
[2026-05-16T02:58:59.679+0000] {logging_mixin.py:188} INFO - [2026-05-16T02:58:59.679+0000] {dagbag.py:538} INFO - Filling up the DagBag from /home/airflow/.local/lib/python3.8/site-packages/airflow/example_dags/example_sensors.py
[2026-05-16T02:58:59.694+0000] {processor.py:840} INFO - DAG(s) 'example_sensors' retrieved from /home/airflow/.local/lib/python3.8/site-packages/airflow/example_dags/example_sensors.py
[2026-05-16T02:58:59.742+0000] {logging_mixin.py:188} INFO - [2026-05-16T02:58:59.741+0000] {dag.py:3036} INFO - Sync 1 DAGs
[2026-05-16T02:58:59.763+0000] {logging_mixin.py:188} INFO - [2026-05-16T02:58:59.763+0000] {dag.py:3823} INFO - Setting next_dagrun for example_sensors to None, run_after=None
[2026-05-16T02:58:59.794+0000] {processor.py:183} INFO - Processing /home/airflow/.local/lib/python3.8/site-packages/airflow/example_dags/example_sensors.py took 0.123 seconds
[2026-05-16T02:59:30.080+0000] {processor.py:161} INFO - Started process (PID=2033) to work on /home/airflow/.local/lib/python3.8/site-packages/airflow/example_dags/example_sensors.py
[2026-05-16T02:59:30.082+0000] {processor.py:830} INFO - Processing file /home/airflow/.local/lib/python3.8/site-packages/airflow/example_dags/example_sensors.py for tasks to queue
[2026-05-16T02:59:30.085+0000] {logging_mixin.py:188} INFO - [2026-05-16T02:59:30.084+0000] {dagbag.py:538} INFO - Filling up the DagBag from /home/airflow/.local/lib/python3.8/site-packages/airflow/example_dags/example_sensors.py
[2026-05-16T02:59:30.100+0000] {processor.py:840} INFO - DAG(s) 'example_sensors' retrieved from /home/airflow/.local/lib/python3.8/site-packages/airflow/example_dags/example_sensors.py
[2026-05-16T02:59:30.146+0000] {logging_mixin.py:188} INFO - [2026-05-16T02:59:30.145+0000] {dag.py:3036} INFO - Sync 1 DAGs
[2026-05-16T02:59:30.165+0000] {logging_mixin.py:188} INFO - [2026-05-16T02:59:30.164+0000] {dag.py:3823} INFO - Setting next_dagrun for example_sensors to None, run_after=None
[2026-05-16T02:59:30.193+0000] {processor.py:183} INFO - Processing /home/airflow/.local/lib/python3.8/site-packages/airflow/example_dags/example_sensors.py took 0.119 seconds
[2026-05-16T03:00:00.983+0000] {processor.py:161} INFO - Started process (PID=2098) to work on /home/airflow/.local/lib/python3.8/site-packages/airflow/example_dags/example_sensors.py
[2026-05-16T03:00:00.985+0000] {processor.py:830} INFO - Processing file /home/airflow/.local/lib/python3.8/site-packages/airflow/example_dags/example_sensors.py for tasks to queue
[2026-05-16T03:00:00.989+0000] {logging_mixin.py:188} INFO - [2026-05-16T03:00:00.988+0000] {dagbag.py:538} INFO - Filling up the DagBag from /home/airflow/.local/lib/python3.8/site-packages/airflow/example_dags/example_sensors.py
[2026-05-16T03:00:01.008+0000] {processor.py:840} INFO - DAG(s) 'example_sensors' retrieved from /home/airflow/.local/lib/python3.8/site-packages/airflow/example_dags/example_sensors.py
[2026-05-16T03:00:01.060+0000] {logging_mixin.py:188} INFO - [2026-05-16T03:00:01.059+0000] {dag.py:3036} INFO - Sync 1 DAGs
[2026-05-16T03:00:01.083+0000] {logging_mixin.py:188} INFO - [2026-05-16T03:00:01.083+0000] {dag.py:3823} INFO - Setting next_dagrun for example_sensors to None, run_after=None
[2026-05-16T03:00:01.122+0000] {processor.py:183} INFO - Processing /home/airflow/.local/lib/python3.8/site-packages/airflow/example_dags/example_sensors.py took 0.145 seconds
[2026-05-16T03:00:31.432+0000] {processor.py:161} INFO - Started process (PID=2163) to work on /home/airflow/.local/lib/python3.8/site-packages/airflow/example_dags/example_sensors.py
[2026-05-16T03:00:31.435+0000] {processor.py:830} INFO - Processing file /home/airflow/.local/lib/python3.8/site-packages/airflow/example_dags/example_sensors.py for tasks to queue
[2026-05-16T03:00:31.438+0000] {logging_mixin.py:188} INFO - [2026-05-16T03:00:31.437+0000] {dagbag.py:538} INFO - Filling up the DagBag from /home/airflow/.local/lib/python3.8/site-packages/airflow/example_dags/example_sensors.py
[2026-05-16T03:00:31.454+0000] {processor.py:840} INFO - DAG(s) 'example_sensors' retrieved from /home/airflow/.local/lib/python3.8/site-packages/airflow/example_dags/example_sensors.py
[2026-05-16T03:00:31.503+0000] {logging_mixin.py:188} INFO - [2026-05-16T03:00:31.502+0000] {dag.py:3036} INFO - Sync 1 DAGs
[2026-05-16T03:00:31.525+0000] {logging_mixin.py:188} INFO - [2026-05-16T03:00:31.525+0000] {dag.py:3823} INFO - Setting next_dagrun for example_sensors to None, run_after=None
[2026-05-16T03:00:31.561+0000] {processor.py:183} INFO - Processing /home/airflow/.local/lib/python3.8/site-packages/airflow/example_dags/example_sensors.py took 0.135 seconds
[2026-05-16T03:01:02.083+0000] {processor.py:161} INFO - Started process (PID=2228) to work on /home/airflow/.local/lib/python3.8/site-packages/airflow/example_dags/example_sensors.py
[2026-05-16T03:01:02.085+0000] {processor.py:830} INFO - Processing file /home/airflow/.local/lib/python3.8/site-packages/airflow/example_dags/example_sensors.py for tasks to queue
[2026-05-16T03:01:02.087+0000] {logging_mixin.py:188} INFO - [2026-05-16T03:01:02.087+0000] {dagbag.py:538} INFO - Filling up the DagBag from /home/airflow/.local/lib/python3.8/site-packages/airflow/example_dags/example_sensors.py
[2026-05-16T03:01:02.103+0000] {processor.py:840} INFO - DAG(s) 'example_sensors' retrieved from /home/airflow/.local/lib/python3.8/site-packages/airflow/example_dags/example_sensors.py
[2026-05-16T03:01:02.153+0000] {logging_mixin.py:188} INFO - [2026-05-16T03:01:02.152+0000] {dag.py:3036} INFO - Sync 1 DAGs
[2026-05-16T03:01:02.178+0000] {logging_mixin.py:188} INFO - [2026-05-16T03:01:02.177+0000] {dag.py:3823} INFO - Setting next_dagrun for example_sensors to None, run_after=None
[2026-05-16T03:01:02.220+0000] {processor.py:183} INFO - Processing /home/airflow/.local/lib/python3.8/site-packages/airflow/example_dags/example_sensors.py took 0.143 seconds
[2026-05-16T03:01:32.511+0000] {processor.py:161} INFO - Started process (PID=2293) to work on /home/airflow/.local/lib/python3.8/site-packages/airflow/example_dags/example_sensors.py
[2026-05-16T03:01:32.513+0000] {processor.py:830} INFO - Processing file /home/airflow/.local/lib/python3.8/site-packages/airflow/example_dags/example_sensors.py for tasks to queue
[2026-05-16T03:01:32.516+0000] {logging_mixin.py:188} INFO - [2026-05-16T03:01:32.516+0000] {dagbag.py:538} INFO - Filling up the DagBag from /home/airflow/.local/lib/python3.8/site-packages/airflow/example_dags/example_sensors.py
[2026-05-16T03:01:32.532+0000] {processor.py:840} INFO - DAG(s) 'example_sensors' retrieved from /home/airflow/.local/lib/python3.8/site-packages/airflow/example_dags/example_sensors.py
[2026-05-16T03:01:32.579+0000] {logging_mixin.py:188} INFO - [2026-05-16T03:01:32.578+0000] {dag.py:3036} INFO - Sync 1 DAGs
[2026-05-16T03:01:32.598+0000] {logging_mixin.py:188} INFO - [2026-05-16T03:01:32.598+0000] {dag.py:3823} INFO - Setting next_dagrun for example_sensors to None, run_after=None
[2026-05-16T03:01:32.628+0000] {processor.py:183} INFO - Processing /home/airflow/.local/lib/python3.8/site-packages/airflow/example_dags/example_sensors.py took 0.122 seconds
[2026-05-16T03:02:03.232+0000] {processor.py:161} INFO - Started process (PID=2359) to work on /home/airflow/.local/lib/python3.8/site-packages/airflow/example_dags/example_sensors.py
[2026-05-16T03:02:03.234+0000] {processor.py:830} INFO - Processing file /home/airflow/.local/lib/python3.8/site-packages/airflow/example_dags/example_sensors.py for tasks to queue
[2026-05-16T03:02:03.237+0000] {logging_mixin.py:188} INFO - [2026-05-16T03:02:03.236+0000] {dagbag.py:538} INFO - Filling up the DagBag from /home/airflow/.local/lib/python3.8/site-packages/airflow/example_dags/example_sensors.py
[2026-05-16T03:02:03.252+0000] {processor.py:840} INFO - DAG(s) 'example_sensors' retrieved from /home/airflow/.local/lib/python3.8/site-packages/airflow/example_dags/example_sensors.py
[2026-05-16T03:02:03.305+0000] {logging_mixin.py:188} INFO - [2026-05-16T03:02:03.304+0000] {dag.py:3036} INFO - Sync 1 DAGs
[2026-05-16T03:02:03.328+0000] {logging_mixin.py:188} INFO - [2026-05-16T03:02:03.328+0000] {dag.py:3823} INFO - Setting next_dagrun for example_sensors to None, run_after=None
[2026-05-16T03:02:03.362+0000] {processor.py:183} INFO - Processing /home/airflow/.local/lib/python3.8/site-packages/airflow/example_dags/example_sensors.py took 0.135 seconds
[2026-05-16T03:02:33.928+0000] {processor.py:161} INFO - Started process (PID=2433) to work on /home/airflow/.local/lib/python3.8/site-packages/airflow/example_dags/example_sensors.py
[2026-05-16T03:02:33.931+0000] {processor.py:830} INFO - Processing file /home/airflow/.local/lib/python3.8/site-packages/airflow/example_dags/example_sensors.py for tasks to queue
[2026-05-16T03:02:33.934+0000] {logging_mixin.py:188} INFO - [2026-05-16T03:02:33.934+0000] {dagbag.py:538} INFO - Filling up the DagBag from /home/airflow/.local/lib/python3.8/site-packages/airflow/example_dags/example_sensors.py
[2026-05-16T03:02:33.951+0000] {processor.py:840} INFO - DAG(s) 'example_sensors' retrieved from /home/airflow/.local/lib/python3.8/site-packages/airflow/example_dags/example_sensors.py
[2026-05-16T03:02:34.007+0000] {logging_mixin.py:188} INFO - [2026-05-16T03:02:34.007+0000] {dag.py:3036} INFO - Sync 1 DAGs
[2026-05-16T03:02:34.037+0000] {logging_mixin.py:188} INFO - [2026-05-16T03:02:34.037+0000] {dag.py:3823} INFO - Setting next_dagrun for example_sensors to None, run_after=None
[2026-05-16T03:02:34.077+0000] {processor.py:183} INFO - Processing /home/airflow/.local/lib/python3.8/site-packages/airflow/example_dags/example_sensors.py took 0.154 seconds
[2026-05-16T03:03:04.504+0000] {processor.py:161} INFO - Started process (PID=2498) to work on /home/airflow/.local/lib/python3.8/site-packages/airflow/example_dags/example_sensors.py
[2026-05-16T03:03:04.506+0000] {processor.py:830} INFO - Processing file /home/airflow/.local/lib/python3.8/site-packages/airflow/example_dags/example_sensors.py for tasks to queue
[2026-05-16T03:03:04.509+0000] {logging_mixin.py:188} INFO - [2026-05-16T03:03:04.509+0000] {dagbag.py:538} INFO - Filling up the DagBag from /home/airflow/.local/lib/python3.8/site-packages/airflow/example_dags/example_sensors.py
[2026-05-16T03:03:04.528+0000] {processor.py:840} INFO - DAG(s) 'example_sensors' retrieved from /home/airflow/.local/lib/python3.8/site-packages/airflow/example_dags/example_sensors.py
[2026-05-16T03:03:04.591+0000] {logging_mixin.py:188} INFO - [2026-05-16T03:03:04.590+0000] {dag.py:3036} INFO - Sync 1 DAGs
[2026-05-16T03:03:04.620+0000] {logging_mixin.py:188} INFO - [2026-05-16T03:03:04.620+0000] {dag.py:3823} INFO - Setting next_dagrun for example_sensors to None, run_after=None
[2026-05-16T03:03:04.663+0000] {processor.py:183} INFO - Processing /home/airflow/.local/lib/python3.8/site-packages/airflow/example_dags/example_sensors.py took 0.164 seconds
[2026-05-16T03:03:34.995+0000] {processor.py:161} INFO - Started process (PID=2563) to work on /home/airflow/.local/lib/python3.8/site-packages/airflow/example_dags/example_sensors.py
[2026-05-16T03:03:34.997+0000] {processor.py:830} INFO - Processing file /home/airflow/.local/lib/python3.8/site-packages/airflow/example_dags/example_sensors.py for tasks to queue
[2026-05-16T03:03:35.000+0000] {logging_mixin.py:188} INFO - [2026-05-16T03:03:35.000+0000] {dagbag.py:538} INFO - Filling up the DagBag from /home/airflow/.local/lib/python3.8/site-packages/airflow/example_dags/example_sensors.py
[2026-05-16T03:03:35.022+0000] {processor.py:840} INFO - DAG(s) 'example_sensors' retrieved from /home/airflow/.local/lib/python3.8/site-packages/airflow/example_dags/example_sensors.py
[2026-05-16T03:03:35.101+0000] {logging_mixin.py:188} INFO - [2026-05-16T03:03:35.101+0000] {dag.py:3036} INFO - Sync 1 DAGs
[2026-05-16T03:03:35.125+0000] {logging_mixin.py:188} INFO - [2026-05-16T03:03:35.124+0000] {dag.py:3823} INFO - Setting next_dagrun for example_sensors to None, run_after=None
[2026-05-16T03:03:35.158+0000] {processor.py:183} INFO - Processing /home/airflow/.local/lib/python3.8/site-packages/airflow/example_dags/example_sensors.py took 0.169 seconds
[2026-05-16T03:04:05.730+0000] {processor.py:161} INFO - Started process (PID=2628) to work on /home/airflow/.local/lib/python3.8/site-packages/airflow/example_dags/example_sensors.py
[2026-05-16T03:04:05.732+0000] {processor.py:830} INFO - Processing file /home/airflow/.local/lib/python3.8/site-packages/airflow/example_dags/example_sensors.py for tasks to queue
[2026-05-16T03:04:05.741+0000] {logging_mixin.py:188} INFO - [2026-05-16T03:04:05.740+0000] {dagbag.py:538} INFO - Filling up the DagBag from /home/airflow/.local/lib/python3.8/site-packages/airflow/example_dags/example_sensors.py
[2026-05-16T03:04:05.760+0000] {processor.py:840} INFO - DAG(s) 'example_sensors' retrieved from /home/airflow/.local/lib/python3.8/site-packages/airflow/example_dags/example_sensors.py
[2026-05-16T03:04:05.814+0000] {logging_mixin.py:188} INFO - [2026-05-16T03:04:05.814+0000] {dag.py:3036} INFO - Sync 1 DAGs
[2026-05-16T03:04:05.838+0000] {logging_mixin.py:188} INFO - [2026-05-16T03:04:05.837+0000] {dag.py:3823} INFO - Setting next_dagrun for example_sensors to None, run_after=None
[2026-05-16T03:04:05.871+0000] {processor.py:183} INFO - Processing /home/airflow/.local/lib/python3.8/site-packages/airflow/example_dags/example_sensors.py took 0.147 seconds
[2026-05-16T03:04:36.225+0000] {processor.py:161} INFO - Started process (PID=2693) to work on /home/airflow/.local/lib/python3.8/site-packages/airflow/example_dags/example_sensors.py
[2026-05-16T03:04:36.227+0000] {processor.py:830} INFO - Processing file /home/airflow/.local/lib/python3.8/site-packages/airflow/example_dags/example_sensors.py for tasks to queue
[2026-05-16T03:04:36.229+0000] {logging_mixin.py:188} INFO - [2026-05-16T03:04:36.229+0000] {dagbag.py:538} INFO - Filling up the DagBag from /home/airflow/.local/lib/python3.8/site-packages/airflow/example_dags/example_sensors.py
[2026-05-16T03:04:36.246+0000] {processor.py:840} INFO - DAG(s) 'example_sensors' retrieved from /home/airflow/.local/lib/python3.8/site-packages/airflow/example_dags/example_sensors.py
[2026-05-16T03:04:36.290+0000] {logging_mixin.py:188} INFO - [2026-05-16T03:04:36.290+0000] {dag.py:3036} INFO - Sync 1 DAGs
[2026-05-16T03:04:36.311+0000] {logging_mixin.py:188} INFO - [2026-05-16T03:04:36.311+0000] {dag.py:3823} INFO - Setting next_dagrun for example_sensors to None, run_after=None
[2026-05-16T03:04:36.340+0000] {processor.py:183} INFO - Processing /home/airflow/.local/lib/python3.8/site-packages/airflow/example_dags/example_sensors.py took 0.120 seconds
[2026-05-16T03:05:06.843+0000] {processor.py:161} INFO - Started process (PID=2759) to work on /home/airflow/.local/lib/python3.8/site-packages/airflow/example_dags/example_sensors.py
[2026-05-16T03:05:06.845+0000] {processor.py:830} INFO - Processing file /home/airflow/.local/lib/python3.8/site-packages/airflow/example_dags/example_sensors.py for tasks to queue
[2026-05-16T03:05:06.847+0000] {logging_mixin.py:188} INFO - [2026-05-16T03:05:06.847+0000] {dagbag.py:538} INFO - Filling up the DagBag from /home/airflow/.local/lib/python3.8/site-packages/airflow/example_dags/example_sensors.py
[2026-05-16T03:05:06.862+0000] {processor.py:840} INFO - DAG(s) 'example_sensors' retrieved from /home/airflow/.local/lib/python3.8/site-packages/airflow/example_dags/example_sensors.py
[2026-05-16T03:05:06.921+0000] {logging_mixin.py:188} INFO - [2026-05-16T03:05:06.921+0000] {dag.py:3036} INFO - Sync 1 DAGs
[2026-05-16T03:05:06.949+0000] {logging_mixin.py:188} INFO - [2026-05-16T03:05:06.949+0000] {dag.py:3823} INFO - Setting next_dagrun for example_sensors to None, run_after=None
[2026-05-16T03:05:06.991+0000] {processor.py:183} INFO - Processing /home/airflow/.local/lib/python3.8/site-packages/airflow/example_dags/example_sensors.py took 0.153 seconds
[2026-05-16T03:05:37.221+0000] {processor.py:161} INFO - Started process (PID=2824) to work on /home/airflow/.local/lib/python3.8/site-packages/airflow/example_dags/example_sensors.py
[2026-05-16T03:05:37.223+0000] {processor.py:830} INFO - Processing file /home/airflow/.local/lib/python3.8/site-packages/airflow/example_dags/example_sensors.py for tasks to queue
[2026-05-16T03:05:37.226+0000] {logging_mixin.py:188} INFO - [2026-05-16T03:05:37.226+0000] {dagbag.py:538} INFO - Filling up the DagBag from /home/airflow/.local/lib/python3.8/site-packages/airflow/example_dags/example_sensors.py
[2026-05-16T03:05:37.242+0000] {processor.py:840} INFO - DAG(s) 'example_sensors' retrieved from /home/airflow/.local/lib/python3.8/site-packages/airflow/example_dags/example_sensors.py
[2026-05-16T03:05:37.287+0000] {logging_mixin.py:188} INFO - [2026-05-16T03:05:37.287+0000] {dag.py:3036} INFO - Sync 1 DAGs
[2026-05-16T03:05:37.308+0000] {logging_mixin.py:188} INFO - [2026-05-16T03:05:37.308+0000] {dag.py:3823} INFO - Setting next_dagrun for example_sensors to None, run_after=None
[2026-05-16T03:05:37.338+0000] {processor.py:183} INFO - Processing /home/airflow/.local/lib/python3.8/site-packages/airflow/example_dags/example_sensors.py took 0.122 seconds
[2026-05-16T03:06:07.739+0000] {processor.py:161} INFO - Started process (PID=2890) to work on /home/airflow/.local/lib/python3.8/site-packages/airflow/example_dags/example_sensors.py
[2026-05-16T03:06:07.740+0000] {processor.py:830} INFO - Processing file /home/airflow/.local/lib/python3.8/site-packages/airflow/example_dags/example_sensors.py for tasks to queue
[2026-05-16T03:06:07.743+0000] {logging_mixin.py:188} INFO - [2026-05-16T03:06:07.743+0000] {dagbag.py:538} INFO - Filling up the DagBag from /home/airflow/.local/lib/python3.8/site-packages/airflow/example_dags/example_sensors.py
[2026-05-16T03:06:07.760+0000] {processor.py:840} INFO - DAG(s) 'example_sensors' retrieved from /home/airflow/.local/lib/python3.8/site-packages/airflow/example_dags/example_sensors.py
[2026-05-16T03:06:07.812+0000] {logging_mixin.py:188} INFO - [2026-05-16T03:06:07.811+0000] {dag.py:3036} INFO - Sync 1 DAGs
[2026-05-16T03:06:07.838+0000] {logging_mixin.py:188} INFO - [2026-05-16T03:06:07.837+0000] {dag.py:3823} INFO - Setting next_dagrun for example_sensors to None, run_after=None
[2026-05-16T03:06:07.872+0000] {processor.py:183} INFO - Processing /home/airflow/.local/lib/python3.8/site-packages/airflow/example_dags/example_sensors.py took 0.139 seconds
[2026-05-16T03:06:37.956+0000] {processor.py:161} INFO - Started process (PID=2955) to work on /home/airflow/.local/lib/python3.8/site-packages/airflow/example_dags/example_sensors.py
[2026-05-16T03:06:37.957+0000] {processor.py:830} INFO - Processing file /home/airflow/.local/lib/python3.8/site-packages/airflow/example_dags/example_sensors.py for tasks to queue
[2026-05-16T03:06:37.959+0000] {logging_mixin.py:188} INFO - [2026-05-16T03:06:37.959+0000] {dagbag.py:538} INFO - Filling up the DagBag from /home/airflow/.local/lib/python3.8/site-packages/airflow/example_dags/example_sensors.py
[2026-05-16T03:06:37.974+0000] {processor.py:840} INFO - DAG(s) 'example_sensors' retrieved from /home/airflow/.local/lib/python3.8/site-packages/airflow/example_dags/example_sensors.py
[2026-05-16T03:06:38.021+0000] {logging_mixin.py:188} INFO - [2026-05-16T03:06:38.021+0000] {dag.py:3036} INFO - Sync 1 DAGs
[2026-05-16T03:06:38.043+0000] {logging_mixin.py:188} INFO - [2026-05-16T03:06:38.043+0000] {dag.py:3823} INFO - Setting next_dagrun for example_sensors to None, run_after=None
[2026-05-16T03:06:38.075+0000] {processor.py:183} INFO - Processing /home/airflow/.local/lib/python3.8/site-packages/airflow/example_dags/example_sensors.py took 0.125 seconds
[2026-05-16T03:07:08.289+0000] {processor.py:161} INFO - Started process (PID=3020) to work on /home/airflow/.local/lib/python3.8/site-packages/airflow/example_dags/example_sensors.py
[2026-05-16T03:07:08.291+0000] {processor.py:830} INFO - Processing file /home/airflow/.local/lib/python3.8/site-packages/airflow/example_dags/example_sensors.py for tasks to queue
[2026-05-16T03:07:08.294+0000] {logging_mixin.py:188} INFO - [2026-05-16T03:07:08.293+0000] {dagbag.py:538} INFO - Filling up the DagBag from /home/airflow/.local/lib/python3.8/site-packages/airflow/example_dags/example_sensors.py
[2026-05-16T03:07:08.309+0000] {processor.py:840} INFO - DAG(s) 'example_sensors' retrieved from /home/airflow/.local/lib/python3.8/site-packages/airflow/example_dags/example_sensors.py
[2026-05-16T03:07:08.358+0000] {logging_mixin.py:188} INFO - [2026-05-16T03:07:08.357+0000] {dag.py:3036} INFO - Sync 1 DAGs
[2026-05-16T03:07:08.378+0000] {logging_mixin.py:188} INFO - [2026-05-16T03:07:08.378+0000] {dag.py:3823} INFO - Setting next_dagrun for example_sensors to None, run_after=None
[2026-05-16T03:07:08.413+0000] {processor.py:183} INFO - Processing /home/airflow/.local/lib/python3.8/site-packages/airflow/example_dags/example_sensors.py took 0.130 seconds
[2026-05-16T03:07:38.511+0000] {processor.py:161} INFO - Started process (PID=3085) to work on /home/airflow/.local/lib/python3.8/site-packages/airflow/example_dags/example_sensors.py
[2026-05-16T03:07:38.512+0000] {processor.py:830} INFO - Processing file /home/airflow/.local/lib/python3.8/site-packages/airflow/example_dags/example_sensors.py for tasks to queue
[2026-05-16T03:07:38.514+0000] {logging_mixin.py:188} INFO - [2026-05-16T03:07:38.514+0000] {dagbag.py:538} INFO - Filling up the DagBag from /home/airflow/.local/lib/python3.8/site-packages/airflow/example_dags/example_sensors.py
[2026-05-16T03:07:38.528+0000] {processor.py:840} INFO - DAG(s) 'example_sensors' retrieved from /home/airflow/.local/lib/python3.8/site-packages/airflow/example_dags/example_sensors.py
[2026-05-16T03:07:38.574+0000] {logging_mixin.py:188} INFO - [2026-05-16T03:07:38.573+0000] {dag.py:3036} INFO - Sync 1 DAGs
[2026-05-16T03:07:38.593+0000] {logging_mixin.py:188} INFO - [2026-05-16T03:07:38.593+0000] {dag.py:3823} INFO - Setting next_dagrun for example_sensors to None, run_after=None
[2026-05-16T03:07:38.620+0000] {processor.py:183} INFO - Processing /home/airflow/.local/lib/python3.8/site-packages/airflow/example_dags/example_sensors.py took 0.114 seconds
[2026-05-16T03:08:09.559+0000] {processor.py:161} INFO - Started process (PID=3150) to work on /home/airflow/.local/lib/python3.8/site-packages/airflow/example_dags/example_sensors.py
[2026-05-16T03:08:09.561+0000] {processor.py:830} INFO - Processing file /home/airflow/.local/lib/python3.8/site-packages/airflow/example_dags/example_sensors.py for tasks to queue
[2026-05-16T03:08:09.564+0000] {logging_mixin.py:188} INFO - [2026-05-16T03:08:09.563+0000] {dagbag.py:538} INFO - Filling up the DagBag from /home/airflow/.local/lib/python3.8/site-packages/airflow/example_dags/example_sensors.py
[2026-05-16T03:08:09.581+0000] {processor.py:840} INFO - DAG(s) 'example_sensors' retrieved from /home/airflow/.local/lib/python3.8/site-packages/airflow/example_dags/example_sensors.py
[2026-05-16T03:08:09.634+0000] {logging_mixin.py:188} INFO - [2026-05-16T03:08:09.634+0000] {dag.py:3036} INFO - Sync 1 DAGs
[2026-05-16T03:08:09.661+0000] {logging_mixin.py:188} INFO - [2026-05-16T03:08:09.660+0000] {dag.py:3823} INFO - Setting next_dagrun for example_sensors to None, run_after=None
[2026-05-16T03:08:09.698+0000] {processor.py:183} INFO - Processing /home/airflow/.local/lib/python3.8/site-packages/airflow/example_dags/example_sensors.py took 0.144 seconds
[2026-05-16T03:08:40.423+0000] {processor.py:161} INFO - Started process (PID=3216) to work on /home/airflow/.local/lib/python3.8/site-packages/airflow/example_dags/example_sensors.py
[2026-05-16T03:08:40.425+0000] {processor.py:830} INFO - Processing file /home/airflow/.local/lib/python3.8/site-packages/airflow/example_dags/example_sensors.py for tasks to queue
[2026-05-16T03:08:40.429+0000] {logging_mixin.py:188} INFO - [2026-05-16T03:08:40.428+0000] {dagbag.py:538} INFO - Filling up the DagBag from /home/airflow/.local/lib/python3.8/site-packages/airflow/example_dags/example_sensors.py
[2026-05-16T03:08:40.447+0000] {processor.py:840} INFO - DAG(s) 'example_sensors' retrieved from /home/airflow/.local/lib/python3.8/site-packages/airflow/example_dags/example_sensors.py
[2026-05-16T03:08:40.497+0000] {logging_mixin.py:188} INFO - [2026-05-16T03:08:40.496+0000] {dag.py:3036} INFO - Sync 1 DAGs
[2026-05-16T03:08:40.517+0000] {logging_mixin.py:188} INFO - [2026-05-16T03:08:40.517+0000] {dag.py:3823} INFO - Setting next_dagrun for example_sensors to None, run_after=None
[2026-05-16T03:08:40.549+0000] {processor.py:183} INFO - Processing /home/airflow/.local/lib/python3.8/site-packages/airflow/example_dags/example_sensors.py took 0.132 seconds
[2026-05-16T03:09:10.976+0000] {processor.py:161} INFO - Started process (PID=3288) to work on /home/airflow/.local/lib/python3.8/site-packages/airflow/example_dags/example_sensors.py
[2026-05-16T03:09:10.978+0000] {processor.py:830} INFO - Processing file /home/airflow/.local/lib/python3.8/site-packages/airflow/example_dags/example_sensors.py for tasks to queue
[2026-05-16T03:09:10.986+0000] {logging_mixin.py:188} INFO - [2026-05-16T03:09:10.984+0000] {dagbag.py:538} INFO - Filling up the DagBag from /home/airflow/.local/lib/python3.8/site-packages/airflow/example_dags/example_sensors.py
[2026-05-16T03:09:11.007+0000] {processor.py:840} INFO - DAG(s) 'example_sensors' retrieved from /home/airflow/.local/lib/python3.8/site-packages/airflow/example_dags/example_sensors.py
[2026-05-16T03:09:11.062+0000] {logging_mixin.py:188} INFO - [2026-05-16T03:09:11.061+0000] {dag.py:3036} INFO - Sync 1 DAGs
[2026-05-16T03:09:11.089+0000] {logging_mixin.py:188} INFO - [2026-05-16T03:09:11.088+0000] {dag.py:3823} INFO - Setting next_dagrun for example_sensors to None, run_after=None
[2026-05-16T03:09:11.126+0000] {processor.py:183} INFO - Processing /home/airflow/.local/lib/python3.8/site-packages/airflow/example_dags/example_sensors.py took 0.157 seconds
[2026-05-16T03:09:41.649+0000] {processor.py:161} INFO - Started process (PID=3354) to work on /home/airflow/.local/lib/python3.8/site-packages/airflow/example_dags/example_sensors.py
[2026-05-16T03:09:41.651+0000] {processor.py:830} INFO - Processing file /home/airflow/.local/lib/python3.8/site-packages/airflow/example_dags/example_sensors.py for tasks to queue
[2026-05-16T03:09:41.654+0000] {logging_mixin.py:188} INFO - [2026-05-16T03:09:41.653+0000] {dagbag.py:538} INFO - Filling up the DagBag from /home/airflow/.local/lib/python3.8/site-packages/airflow/example_dags/example_sensors.py
[2026-05-16T03:09:41.672+0000] {processor.py:840} INFO - DAG(s) 'example_sensors' retrieved from /home/airflow/.local/lib/python3.8/site-packages/airflow/example_dags/example_sensors.py
[2026-05-16T03:09:41.730+0000] {logging_mixin.py:188} INFO - [2026-05-16T03:09:41.729+0000] {dag.py:3036} INFO - Sync 1 DAGs
[2026-05-16T03:09:41.758+0000] {logging_mixin.py:188} INFO - [2026-05-16T03:09:41.758+0000] {dag.py:3823} INFO - Setting next_dagrun for example_sensors to None, run_after=None
[2026-05-16T03:09:41.793+0000] {processor.py:183} INFO - Processing /home/airflow/.local/lib/python3.8/site-packages/airflow/example_dags/example_sensors.py took 0.150 seconds
[2026-05-16T03:10:12.063+0000] {processor.py:161} INFO - Started process (PID=3420) to work on /home/airflow/.local/lib/python3.8/site-packages/airflow/example_dags/example_sensors.py
[2026-05-16T03:10:12.064+0000] {processor.py:830} INFO - Processing file /home/airflow/.local/lib/python3.8/site-packages/airflow/example_dags/example_sensors.py for tasks to queue
[2026-05-16T03:10:12.067+0000] {logging_mixin.py:188} INFO - [2026-05-16T03:10:12.067+0000] {dagbag.py:538} INFO - Filling up the DagBag from /home/airflow/.local/lib/python3.8/site-packages/airflow/example_dags/example_sensors.py
[2026-05-16T03:10:12.083+0000] {processor.py:840} INFO - DAG(s) 'example_sensors' retrieved from /home/airflow/.local/lib/python3.8/site-packages/airflow/example_dags/example_sensors.py
[2026-05-16T03:10:12.134+0000] {logging_mixin.py:188} INFO - [2026-05-16T03:10:12.133+0000] {dag.py:3036} INFO - Sync 1 DAGs
[2026-05-16T03:10:12.160+0000] {logging_mixin.py:188} INFO - [2026-05-16T03:10:12.160+0000] {dag.py:3823} INFO - Setting next_dagrun for example_sensors to None, run_after=None
[2026-05-16T03:10:12.197+0000] {processor.py:183} INFO - Processing /home/airflow/.local/lib/python3.8/site-packages/airflow/example_dags/example_sensors.py took 0.139 seconds
[2026-05-16T03:10:42.254+0000] {processor.py:161} INFO - Started process (PID=3485) to work on /home/airflow/.local/lib/python3.8/site-packages/airflow/example_dags/example_sensors.py
[2026-05-16T03:10:42.257+0000] {processor.py:830} INFO - Processing file /home/airflow/.local/lib/python3.8/site-packages/airflow/example_dags/example_sensors.py for tasks to queue
[2026-05-16T03:10:42.259+0000] {logging_mixin.py:188} INFO - [2026-05-16T03:10:42.259+0000] {dagbag.py:538} INFO - Filling up the DagBag from /home/airflow/.local/lib/python3.8/site-packages/airflow/example_dags/example_sensors.py
[2026-05-16T03:10:42.277+0000] {processor.py:840} INFO - DAG(s) 'example_sensors' retrieved from /home/airflow/.local/lib/python3.8/site-packages/airflow/example_dags/example_sensors.py
[2026-05-16T03:10:42.333+0000] {logging_mixin.py:188} INFO - [2026-05-16T03:10:42.332+0000] {dag.py:3036} INFO - Sync 1 DAGs
[2026-05-16T03:10:42.357+0000] {logging_mixin.py:188} INFO - [2026-05-16T03:10:42.357+0000] {dag.py:3823} INFO - Setting next_dagrun for example_sensors to None, run_after=None
[2026-05-16T03:10:42.389+0000] {processor.py:183} INFO - Processing /home/airflow/.local/lib/python3.8/site-packages/airflow/example_dags/example_sensors.py took 0.141 seconds
[2026-05-16T03:11:13.224+0000] {processor.py:161} INFO - Started process (PID=3550) to work on /home/airflow/.local/lib/python3.8/site-packages/airflow/example_dags/example_sensors.py
[2026-05-16T03:11:13.226+0000] {processor.py:830} INFO - Processing file /home/airflow/.local/lib/python3.8/site-packages/airflow/example_dags/example_sensors.py for tasks to queue
[2026-05-16T03:11:13.229+0000] {logging_mixin.py:188} INFO - [2026-05-16T03:11:13.229+0000] {dagbag.py:538} INFO - Filling up the DagBag from /home/airflow/.local/lib/python3.8/site-packages/airflow/example_dags/example_sensors.py
[2026-05-16T03:11:13.250+0000] {processor.py:840} INFO - DAG(s) 'example_sensors' retrieved from /home/airflow/.local/lib/python3.8/site-packages/airflow/example_dags/example_sensors.py
[2026-05-16T03:11:13.328+0000] {logging_mixin.py:188} INFO - [2026-05-16T03:11:13.328+0000] {dag.py:3036} INFO - Sync 1 DAGs
[2026-05-16T03:11:13.563+0000] {logging_mixin.py:188} INFO - [2026-05-16T03:11:13.563+0000] {dag.py:3823} INFO - Setting next_dagrun for example_sensors to None, run_after=None
[2026-05-16T03:11:13.602+0000] {processor.py:183} INFO - Processing /home/airflow/.local/lib/python3.8/site-packages/airflow/example_dags/example_sensors.py took 0.385 seconds
[2026-05-16T03:11:44.297+0000] {processor.py:161} INFO - Started process (PID=3615) to work on /home/airflow/.local/lib/python3.8/site-packages/airflow/example_dags/example_sensors.py
[2026-05-16T03:11:44.299+0000] {processor.py:830} INFO - Processing file /home/airflow/.local/lib/python3.8/site-packages/airflow/example_dags/example_sensors.py for tasks to queue
[2026-05-16T03:11:44.302+0000] {logging_mixin.py:188} INFO - [2026-05-16T03:11:44.301+0000] {dagbag.py:538} INFO - Filling up the DagBag from /home/airflow/.local/lib/python3.8/site-packages/airflow/example_dags/example_sensors.py
[2026-05-16T03:11:44.317+0000] {processor.py:840} INFO - DAG(s) 'example_sensors' retrieved from /home/airflow/.local/lib/python3.8/site-packages/airflow/example_dags/example_sensors.py
[2026-05-16T03:11:44.364+0000] {logging_mixin.py:188} INFO - [2026-05-16T03:11:44.363+0000] {dag.py:3036} INFO - Sync 1 DAGs
[2026-05-16T03:11:44.385+0000] {logging_mixin.py:188} INFO - [2026-05-16T03:11:44.384+0000] {dag.py:3823} INFO - Setting next_dagrun for example_sensors to None, run_after=None
[2026-05-16T03:11:44.419+0000] {processor.py:183} INFO - Processing /home/airflow/.local/lib/python3.8/site-packages/airflow/example_dags/example_sensors.py took 0.127 seconds
[2026-05-16T03:12:15.345+0000] {processor.py:161} INFO - Started process (PID=3681) to work on /home/airflow/.local/lib/python3.8/site-packages/airflow/example_dags/example_sensors.py
[2026-05-16T03:12:15.347+0000] {processor.py:830} INFO - Processing file /home/airflow/.local/lib/python3.8/site-packages/airflow/example_dags/example_sensors.py for tasks to queue
[2026-05-16T03:12:15.350+0000] {logging_mixin.py:188} INFO - [2026-05-16T03:12:15.349+0000] {dagbag.py:538} INFO - Filling up the DagBag from /home/airflow/.local/lib/python3.8/site-packages/airflow/example_dags/example_sensors.py
[2026-05-16T03:12:15.365+0000] {processor.py:840} INFO - DAG(s) 'example_sensors' retrieved from /home/airflow/.local/lib/python3.8/site-packages/airflow/example_dags/example_sensors.py
[2026-05-16T03:12:15.420+0000] {logging_mixin.py:188} INFO - [2026-05-16T03:12:15.420+0000] {dag.py:3036} INFO - Sync 1 DAGs
[2026-05-16T03:12:15.443+0000] {logging_mixin.py:188} INFO - [2026-05-16T03:12:15.443+0000] {dag.py:3823} INFO - Setting next_dagrun for example_sensors to None, run_after=None
[2026-05-16T03:12:15.475+0000] {processor.py:183} INFO - Processing /home/airflow/.local/lib/python3.8/site-packages/airflow/example_dags/example_sensors.py took 0.136 seconds
[2026-05-16T03:12:45.958+0000] {processor.py:161} INFO - Started process (PID=3746) to work on /home/airflow/.local/lib/python3.8/site-packages/airflow/example_dags/example_sensors.py
[2026-05-16T03:12:45.959+0000] {processor.py:830} INFO - Processing file /home/airflow/.local/lib/python3.8/site-packages/airflow/example_dags/example_sensors.py for tasks to queue
[2026-05-16T03:12:45.963+0000] {logging_mixin.py:188} INFO - [2026-05-16T03:12:45.962+0000] {dagbag.py:538} INFO - Filling up the DagBag from /home/airflow/.local/lib/python3.8/site-packages/airflow/example_dags/example_sensors.py
[2026-05-16T03:12:45.980+0000] {processor.py:840} INFO - DAG(s) 'example_sensors' retrieved from /home/airflow/.local/lib/python3.8/site-packages/airflow/example_dags/example_sensors.py
[2026-05-16T03:12:46.036+0000] {logging_mixin.py:188} INFO - [2026-05-16T03:12:46.035+0000] {dag.py:3036} INFO - Sync 1 DAGs
[2026-05-16T03:12:46.059+0000] {logging_mixin.py:188} INFO - [2026-05-16T03:12:46.059+0000] {dag.py:3823} INFO - Setting next_dagrun for example_sensors to None, run_after=None
[2026-05-16T03:12:46.094+0000] {processor.py:183} INFO - Processing /home/airflow/.local/lib/python3.8/site-packages/airflow/example_dags/example_sensors.py took 0.141 seconds
[2026-05-16T03:13:17.176+0000] {processor.py:161} INFO - Started process (PID=3811) to work on /home/airflow/.local/lib/python3.8/site-packages/airflow/example_dags/example_sensors.py
[2026-05-16T03:13:17.178+0000] {processor.py:830} INFO - Processing file /home/airflow/.local/lib/python3.8/site-packages/airflow/example_dags/example_sensors.py for tasks to queue
[2026-05-16T03:13:17.181+0000] {logging_mixin.py:188} INFO - [2026-05-16T03:13:17.180+0000] {dagbag.py:538} INFO - Filling up the DagBag from /home/airflow/.local/lib/python3.8/site-packages/airflow/example_dags/example_sensors.py
[2026-05-16T03:13:17.198+0000] {processor.py:840} INFO - DAG(s) 'example_sensors' retrieved from /home/airflow/.local/lib/python3.8/site-packages/airflow/example_dags/example_sensors.py
[2026-05-16T03:13:17.473+0000] {logging_mixin.py:188} INFO - [2026-05-16T03:13:17.473+0000] {dag.py:3036} INFO - Sync 1 DAGs
[2026-05-16T03:13:17.501+0000] {logging_mixin.py:188} INFO - [2026-05-16T03:13:17.501+0000] {dag.py:3823} INFO - Setting next_dagrun for example_sensors to None, run_after=None
[2026-05-16T03:13:17.541+0000] {processor.py:183} INFO - Processing /home/airflow/.local/lib/python3.8/site-packages/airflow/example_dags/example_sensors.py took 0.371 seconds
[2026-05-16T03:13:48.200+0000] {processor.py:161} INFO - Started process (PID=3877) to work on /home/airflow/.local/lib/python3.8/site-packages/airflow/example_dags/example_sensors.py
[2026-05-16T03:13:48.201+0000] {processor.py:830} INFO - Processing file /home/airflow/.local/lib/python3.8/site-packages/airflow/example_dags/example_sensors.py for tasks to queue
[2026-05-16T03:13:48.204+0000] {logging_mixin.py:188} INFO - [2026-05-16T03:13:48.203+0000] {dagbag.py:538} INFO - Filling up the DagBag from /home/airflow/.local/lib/python3.8/site-packages/airflow/example_dags/example_sensors.py
[2026-05-16T03:13:48.220+0000] {processor.py:840} INFO - DAG(s) 'example_sensors' retrieved from /home/airflow/.local/lib/python3.8/site-packages/airflow/example_dags/example_sensors.py
[2026-05-16T03:13:48.280+0000] {logging_mixin.py:188} INFO - [2026-05-16T03:13:48.280+0000] {dag.py:3036} INFO - Sync 1 DAGs
[2026-05-16T03:13:48.301+0000] {logging_mixin.py:188} INFO - [2026-05-16T03:13:48.301+0000] {dag.py:3823} INFO - Setting next_dagrun for example_sensors to None, run_after=None
[2026-05-16T03:13:48.334+0000] {processor.py:183} INFO - Processing /home/airflow/.local/lib/python3.8/site-packages/airflow/example_dags/example_sensors.py took 0.139 seconds
[2026-05-16T03:14:18.464+0000] {processor.py:161} INFO - Started process (PID=3942) to work on /home/airflow/.local/lib/python3.8/site-packages/airflow/example_dags/example_sensors.py
[2026-05-16T03:14:18.466+0000] {processor.py:830} INFO - Processing file /home/airflow/.local/lib/python3.8/site-packages/airflow/example_dags/example_sensors.py for tasks to queue
[2026-05-16T03:14:18.469+0000] {logging_mixin.py:188} INFO - [2026-05-16T03:14:18.469+0000] {dagbag.py:538} INFO - Filling up the DagBag from /home/airflow/.local/lib/python3.8/site-packages/airflow/example_dags/example_sensors.py
[2026-05-16T03:14:18.486+0000] {processor.py:840} INFO - DAG(s) 'example_sensors' retrieved from /home/airflow/.local/lib/python3.8/site-packages/airflow/example_dags/example_sensors.py
[2026-05-16T03:14:18.532+0000] {logging_mixin.py:188} INFO - [2026-05-16T03:14:18.532+0000] {dag.py:3036} INFO - Sync 1 DAGs
[2026-05-16T03:14:18.553+0000] {logging_mixin.py:188} INFO - [2026-05-16T03:14:18.553+0000] {dag.py:3823} INFO - Setting next_dagrun for example_sensors to None, run_after=None
[2026-05-16T03:14:18.588+0000] {processor.py:183} INFO - Processing /home/airflow/.local/lib/python3.8/site-packages/airflow/example_dags/example_sensors.py took 0.129 seconds
[2026-05-16T03:14:48.936+0000] {processor.py:161} INFO - Started process (PID=4006) to work on /home/airflow/.local/lib/python3.8/site-packages/airflow/example_dags/example_sensors.py
[2026-05-16T03:14:48.938+0000] {processor.py:830} INFO - Processing file /home/airflow/.local/lib/python3.8/site-packages/airflow/example_dags/example_sensors.py for tasks to queue
[2026-05-16T03:14:48.942+0000] {logging_mixin.py:188} INFO - [2026-05-16T03:14:48.941+0000] {dagbag.py:538} INFO - Filling up the DagBag from /home/airflow/.local/lib/python3.8/site-packages/airflow/example_dags/example_sensors.py
[2026-05-16T03:14:48.957+0000] {processor.py:840} INFO - DAG(s) 'example_sensors' retrieved from /home/airflow/.local/lib/python3.8/site-packages/airflow/example_dags/example_sensors.py
[2026-05-16T03:14:49.009+0000] {logging_mixin.py:188} INFO - [2026-05-16T03:14:49.009+0000] {dag.py:3036} INFO - Sync 1 DAGs
[2026-05-16T03:14:49.035+0000] {logging_mixin.py:188} INFO - [2026-05-16T03:14:49.035+0000] {dag.py:3823} INFO - Setting next_dagrun for example_sensors to None, run_after=None
[2026-05-16T03:14:49.070+0000] {processor.py:183} INFO - Processing /home/airflow/.local/lib/python3.8/site-packages/airflow/example_dags/example_sensors.py took 0.141 seconds
[2026-05-16T03:15:19.418+0000] {processor.py:161} INFO - Started process (PID=4078) to work on /home/airflow/.local/lib/python3.8/site-packages/airflow/example_dags/example_sensors.py
[2026-05-16T03:15:19.421+0000] {processor.py:830} INFO - Processing file /home/airflow/.local/lib/python3.8/site-packages/airflow/example_dags/example_sensors.py for tasks to queue
[2026-05-16T03:15:19.424+0000] {logging_mixin.py:188} INFO - [2026-05-16T03:15:19.424+0000] {dagbag.py:538} INFO - Filling up the DagBag from /home/airflow/.local/lib/python3.8/site-packages/airflow/example_dags/example_sensors.py
[2026-05-16T03:15:19.442+0000] {processor.py:840} INFO - DAG(s) 'example_sensors' retrieved from /home/airflow/.local/lib/python3.8/site-packages/airflow/example_dags/example_sensors.py
[2026-05-16T03:15:19.489+0000] {logging_mixin.py:188} INFO - [2026-05-16T03:15:19.489+0000] {dag.py:3036} INFO - Sync 1 DAGs
[2026-05-16T03:15:19.510+0000] {logging_mixin.py:188} INFO - [2026-05-16T03:15:19.510+0000] {dag.py:3823} INFO - Setting next_dagrun for example_sensors to None, run_after=None
[2026-05-16T03:15:19.544+0000] {processor.py:183} INFO - Processing /home/airflow/.local/lib/python3.8/site-packages/airflow/example_dags/example_sensors.py took 0.130 seconds
[2026-05-16T03:15:49.936+0000] {processor.py:161} INFO - Started process (PID=4144) to work on /home/airflow/.local/lib/python3.8/site-packages/airflow/example_dags/example_sensors.py
[2026-05-16T03:15:49.937+0000] {processor.py:830} INFO - Processing file /home/airflow/.local/lib/python3.8/site-packages/airflow/example_dags/example_sensors.py for tasks to queue
[2026-05-16T03:15:49.940+0000] {logging_mixin.py:188} INFO - [2026-05-16T03:15:49.939+0000] {dagbag.py:538} INFO - Filling up the DagBag from /home/airflow/.local/lib/python3.8/site-packages/airflow/example_dags/example_sensors.py
[2026-05-16T03:15:49.957+0000] {processor.py:840} INFO - DAG(s) 'example_sensors' retrieved from /home/airflow/.local/lib/python3.8/site-packages/airflow/example_dags/example_sensors.py
[2026-05-16T03:15:50.010+0000] {logging_mixin.py:188} INFO - [2026-05-16T03:15:50.009+0000] {dag.py:3036} INFO - Sync 1 DAGs
[2026-05-16T03:15:50.038+0000] {logging_mixin.py:188} INFO - [2026-05-16T03:15:50.037+0000] {dag.py:3823} INFO - Setting next_dagrun for example_sensors to None, run_after=None
[2026-05-16T03:15:50.075+0000] {processor.py:183} INFO - Processing /home/airflow/.local/lib/python3.8/site-packages/airflow/example_dags/example_sensors.py took 0.145 seconds
[2026-05-16T03:16:20.334+0000] {processor.py:161} INFO - Started process (PID=4208) to work on /home/airflow/.local/lib/python3.8/site-packages/airflow/example_dags/example_sensors.py
[2026-05-16T03:16:20.336+0000] {processor.py:830} INFO - Processing file /home/airflow/.local/lib/python3.8/site-packages/airflow/example_dags/example_sensors.py for tasks to queue
[2026-05-16T03:16:20.339+0000] {logging_mixin.py:188} INFO - [2026-05-16T03:16:20.339+0000] {dagbag.py:538} INFO - Filling up the DagBag from /home/airflow/.local/lib/python3.8/site-packages/airflow/example_dags/example_sensors.py
[2026-05-16T03:16:20.353+0000] {processor.py:840} INFO - DAG(s) 'example_sensors' retrieved from /home/airflow/.local/lib/python3.8/site-packages/airflow/example_dags/example_sensors.py
[2026-05-16T03:16:20.401+0000] {logging_mixin.py:188} INFO - [2026-05-16T03:16:20.400+0000] {dag.py:3036} INFO - Sync 1 DAGs
[2026-05-16T03:16:20.426+0000] {logging_mixin.py:188} INFO - [2026-05-16T03:16:20.425+0000] {dag.py:3823} INFO - Setting next_dagrun for example_sensors to None, run_after=None
[2026-05-16T03:16:20.459+0000] {processor.py:183} INFO - Processing /home/airflow/.local/lib/python3.8/site-packages/airflow/example_dags/example_sensors.py took 0.130 seconds
[2026-05-16T03:16:50.808+0000] {processor.py:161} INFO - Started process (PID=4273) to work on /home/airflow/.local/lib/python3.8/site-packages/airflow/example_dags/example_sensors.py
[2026-05-16T03:16:50.809+0000] {processor.py:830} INFO - Processing file /home/airflow/.local/lib/python3.8/site-packages/airflow/example_dags/example_sensors.py for tasks to queue
[2026-05-16T03:16:50.813+0000] {logging_mixin.py:188} INFO - [2026-05-16T03:16:50.812+0000] {dagbag.py:538} INFO - Filling up the DagBag from /home/airflow/.local/lib/python3.8/site-packages/airflow/example_dags/example_sensors.py
[2026-05-16T03:16:50.831+0000] {processor.py:840} INFO - DAG(s) 'example_sensors' retrieved from /home/airflow/.local/lib/python3.8/site-packages/airflow/example_dags/example_sensors.py
[2026-05-16T03:16:50.887+0000] {logging_mixin.py:188} INFO - [2026-05-16T03:16:50.886+0000] {dag.py:3036} INFO - Sync 1 DAGs
[2026-05-16T03:16:50.912+0000] {logging_mixin.py:188} INFO - [2026-05-16T03:16:50.912+0000] {dag.py:3823} INFO - Setting next_dagrun for example_sensors to None, run_after=None
[2026-05-16T03:16:50.950+0000] {processor.py:183} INFO - Processing /home/airflow/.local/lib/python3.8/site-packages/airflow/example_dags/example_sensors.py took 0.148 seconds
[2026-05-16T03:17:21.120+0000] {processor.py:161} INFO - Started process (PID=4338) to work on /home/airflow/.local/lib/python3.8/site-packages/airflow/example_dags/example_sensors.py
[2026-05-16T03:17:21.123+0000] {processor.py:830} INFO - Processing file /home/airflow/.local/lib/python3.8/site-packages/airflow/example_dags/example_sensors.py for tasks to queue
[2026-05-16T03:17:21.126+0000] {logging_mixin.py:188} INFO - [2026-05-16T03:17:21.125+0000] {dagbag.py:538} INFO - Filling up the DagBag from /home/airflow/.local/lib/python3.8/site-packages/airflow/example_dags/example_sensors.py
[2026-05-16T03:17:21.146+0000] {processor.py:840} INFO - DAG(s) 'example_sensors' retrieved from /home/airflow/.local/lib/python3.8/site-packages/airflow/example_dags/example_sensors.py
[2026-05-16T03:17:21.201+0000] {logging_mixin.py:188} INFO - [2026-05-16T03:17:21.200+0000] {dag.py:3036} INFO - Sync 1 DAGs
[2026-05-16T03:17:21.226+0000] {logging_mixin.py:188} INFO - [2026-05-16T03:17:21.225+0000] {dag.py:3823} INFO - Setting next_dagrun for example_sensors to None, run_after=None
[2026-05-16T03:17:21.263+0000] {processor.py:183} INFO - Processing /home/airflow/.local/lib/python3.8/site-packages/airflow/example_dags/example_sensors.py took 0.148 seconds
[2026-05-16T03:17:51.390+0000] {processor.py:161} INFO - Started process (PID=4403) to work on /home/airflow/.local/lib/python3.8/site-packages/airflow/example_dags/example_sensors.py
[2026-05-16T03:17:51.392+0000] {processor.py:830} INFO - Processing file /home/airflow/.local/lib/python3.8/site-packages/airflow/example_dags/example_sensors.py for tasks to queue
[2026-05-16T03:17:51.395+0000] {logging_mixin.py:188} INFO - [2026-05-16T03:17:51.394+0000] {dagbag.py:538} INFO - Filling up the DagBag from /home/airflow/.local/lib/python3.8/site-packages/airflow/example_dags/example_sensors.py
[2026-05-16T03:17:51.410+0000] {processor.py:840} INFO - DAG(s) 'example_sensors' retrieved from /home/airflow/.local/lib/python3.8/site-packages/airflow/example_dags/example_sensors.py
[2026-05-16T03:17:51.457+0000] {logging_mixin.py:188} INFO - [2026-05-16T03:17:51.457+0000] {dag.py:3036} INFO - Sync 1 DAGs
[2026-05-16T03:17:51.479+0000] {logging_mixin.py:188} INFO - [2026-05-16T03:17:51.479+0000] {dag.py:3823} INFO - Setting next_dagrun for example_sensors to None, run_after=None
[2026-05-16T03:17:51.513+0000] {processor.py:183} INFO - Processing /home/airflow/.local/lib/python3.8/site-packages/airflow/example_dags/example_sensors.py took 0.128 seconds
[2026-05-16T03:18:21.681+0000] {processor.py:161} INFO - Started process (PID=4468) to work on /home/airflow/.local/lib/python3.8/site-packages/airflow/example_dags/example_sensors.py
[2026-05-16T03:18:21.683+0000] {processor.py:830} INFO - Processing file /home/airflow/.local/lib/python3.8/site-packages/airflow/example_dags/example_sensors.py for tasks to queue
[2026-05-16T03:18:21.686+0000] {logging_mixin.py:188} INFO - [2026-05-16T03:18:21.685+0000] {dagbag.py:538} INFO - Filling up the DagBag from /home/airflow/.local/lib/python3.8/site-packages/airflow/example_dags/example_sensors.py
[2026-05-16T03:18:21.703+0000] {processor.py:840} INFO - DAG(s) 'example_sensors' retrieved from /home/airflow/.local/lib/python3.8/site-packages/airflow/example_dags/example_sensors.py
[2026-05-16T03:18:21.754+0000] {logging_mixin.py:188} INFO - [2026-05-16T03:18:21.753+0000] {dag.py:3036} INFO - Sync 1 DAGs
[2026-05-16T03:18:21.779+0000] {logging_mixin.py:188} INFO - [2026-05-16T03:18:21.778+0000] {dag.py:3823} INFO - Setting next_dagrun for example_sensors to None, run_after=None
[2026-05-16T03:18:21.812+0000] {processor.py:183} INFO - Processing /home/airflow/.local/lib/python3.8/site-packages/airflow/example_dags/example_sensors.py took 0.136 seconds
[2026-05-16T03:18:52.702+0000] {processor.py:161} INFO - Started process (PID=4533) to work on /home/airflow/.local/lib/python3.8/site-packages/airflow/example_dags/example_sensors.py
[2026-05-16T03:18:52.704+0000] {processor.py:830} INFO - Processing file /home/airflow/.local/lib/python3.8/site-packages/airflow/example_dags/example_sensors.py for tasks to queue
[2026-05-16T03:18:52.707+0000] {logging_mixin.py:188} INFO - [2026-05-16T03:18:52.707+0000] {dagbag.py:538} INFO - Filling up the DagBag from /home/airflow/.local/lib/python3.8/site-packages/airflow/example_dags/example_sensors.py
[2026-05-16T03:18:52.728+0000] {processor.py:840} INFO - DAG(s) 'example_sensors' retrieved from /home/airflow/.local/lib/python3.8/site-packages/airflow/example_dags/example_sensors.py
[2026-05-16T03:18:52.781+0000] {logging_mixin.py:188} INFO - [2026-05-16T03:18:52.780+0000] {dag.py:3036} INFO - Sync 1 DAGs
[2026-05-16T03:18:52.803+0000] {logging_mixin.py:188} INFO - [2026-05-16T03:18:52.803+0000] {dag.py:3823} INFO - Setting next_dagrun for example_sensors to None, run_after=None
[2026-05-16T03:18:52.854+0000] {processor.py:183} INFO - Processing /home/airflow/.local/lib/python3.8/site-packages/airflow/example_dags/example_sensors.py took 0.159 seconds
[2026-05-16T03:19:23.400+0000] {processor.py:161} INFO - Started process (PID=4598) to work on /home/airflow/.local/lib/python3.8/site-packages/airflow/example_dags/example_sensors.py
[2026-05-16T03:19:23.402+0000] {processor.py:830} INFO - Processing file /home/airflow/.local/lib/python3.8/site-packages/airflow/example_dags/example_sensors.py for tasks to queue
[2026-05-16T03:19:23.404+0000] {logging_mixin.py:188} INFO - [2026-05-16T03:19:23.404+0000] {dagbag.py:538} INFO - Filling up the DagBag from /home/airflow/.local/lib/python3.8/site-packages/airflow/example_dags/example_sensors.py
[2026-05-16T03:19:23.419+0000] {processor.py:840} INFO - DAG(s) 'example_sensors' retrieved from /home/airflow/.local/lib/python3.8/site-packages/airflow/example_dags/example_sensors.py
[2026-05-16T03:19:23.467+0000] {logging_mixin.py:188} INFO - [2026-05-16T03:19:23.467+0000] {dag.py:3036} INFO - Sync 1 DAGs
[2026-05-16T03:19:23.488+0000] {logging_mixin.py:188} INFO - [2026-05-16T03:19:23.487+0000] {dag.py:3823} INFO - Setting next_dagrun for example_sensors to None, run_after=None
[2026-05-16T03:19:23.531+0000] {processor.py:183} INFO - Processing /home/airflow/.local/lib/python3.8/site-packages/airflow/example_dags/example_sensors.py took 0.136 seconds
[2026-05-16T03:19:53.706+0000] {processor.py:161} INFO - Started process (PID=4663) to work on /home/airflow/.local/lib/python3.8/site-packages/airflow/example_dags/example_sensors.py
[2026-05-16T03:19:53.707+0000] {processor.py:830} INFO - Processing file /home/airflow/.local/lib/python3.8/site-packages/airflow/example_dags/example_sensors.py for tasks to queue
[2026-05-16T03:19:53.710+0000] {logging_mixin.py:188} INFO - [2026-05-16T03:19:53.709+0000] {dagbag.py:538} INFO - Filling up the DagBag from /home/airflow/.local/lib/python3.8/site-packages/airflow/example_dags/example_sensors.py
[2026-05-16T03:19:53.724+0000] {processor.py:840} INFO - DAG(s) 'example_sensors' retrieved from /home/airflow/.local/lib/python3.8/site-packages/airflow/example_dags/example_sensors.py
[2026-05-16T03:19:53.776+0000] {logging_mixin.py:188} INFO - [2026-05-16T03:19:53.775+0000] {dag.py:3036} INFO - Sync 1 DAGs
[2026-05-16T03:19:53.799+0000] {logging_mixin.py:188} INFO - [2026-05-16T03:19:53.799+0000] {dag.py:3823} INFO - Setting next_dagrun for example_sensors to None, run_after=None
[2026-05-16T03:19:53.831+0000] {processor.py:183} INFO - Processing /home/airflow/.local/lib/python3.8/site-packages/airflow/example_dags/example_sensors.py took 0.130 seconds
[2026-05-16T03:20:24.041+0000] {processor.py:161} INFO - Started process (PID=4727) to work on /home/airflow/.local/lib/python3.8/site-packages/airflow/example_dags/example_sensors.py
[2026-05-16T03:20:24.043+0000] {processor.py:830} INFO - Processing file /home/airflow/.local/lib/python3.8/site-packages/airflow/example_dags/example_sensors.py for tasks to queue
[2026-05-16T03:20:24.046+0000] {logging_mixin.py:188} INFO - [2026-05-16T03:20:24.045+0000] {dagbag.py:538} INFO - Filling up the DagBag from /home/airflow/.local/lib/python3.8/site-packages/airflow/example_dags/example_sensors.py
[2026-05-16T03:20:24.064+0000] {processor.py:840} INFO - DAG(s) 'example_sensors' retrieved from /home/airflow/.local/lib/python3.8/site-packages/airflow/example_dags/example_sensors.py
[2026-05-16T03:20:24.120+0000] {logging_mixin.py:188} INFO - [2026-05-16T03:20:24.119+0000] {dag.py:3036} INFO - Sync 1 DAGs
[2026-05-16T03:20:24.143+0000] {logging_mixin.py:188} INFO - [2026-05-16T03:20:24.143+0000] {dag.py:3823} INFO - Setting next_dagrun for example_sensors to None, run_after=None
[2026-05-16T03:20:24.179+0000] {processor.py:183} INFO - Processing /home/airflow/.local/lib/python3.8/site-packages/airflow/example_dags/example_sensors.py took 0.143 seconds
[2026-05-16T03:20:54.348+0000] {processor.py:161} INFO - Started process (PID=4792) to work on /home/airflow/.local/lib/python3.8/site-packages/airflow/example_dags/example_sensors.py
[2026-05-16T03:20:54.349+0000] {processor.py:830} INFO - Processing file /home/airflow/.local/lib/python3.8/site-packages/airflow/example_dags/example_sensors.py for tasks to queue
[2026-05-16T03:20:54.352+0000] {logging_mixin.py:188} INFO - [2026-05-16T03:20:54.352+0000] {dagbag.py:538} INFO - Filling up the DagBag from /home/airflow/.local/lib/python3.8/site-packages/airflow/example_dags/example_sensors.py
[2026-05-16T03:20:54.368+0000] {processor.py:840} INFO - DAG(s) 'example_sensors' retrieved from /home/airflow/.local/lib/python3.8/site-packages/airflow/example_dags/example_sensors.py
[2026-05-16T03:20:54.414+0000] {logging_mixin.py:188} INFO - [2026-05-16T03:20:54.414+0000] {dag.py:3036} INFO - Sync 1 DAGs
[2026-05-16T03:20:54.437+0000] {logging_mixin.py:188} INFO - [2026-05-16T03:20:54.437+0000] {dag.py:3823} INFO - Setting next_dagrun for example_sensors to None, run_after=None
[2026-05-16T03:20:54.471+0000] {processor.py:183} INFO - Processing /home/airflow/.local/lib/python3.8/site-packages/airflow/example_dags/example_sensors.py took 0.129 seconds
[2026-05-16T03:21:24.671+0000] {processor.py:161} INFO - Started process (PID=4857) to work on /home/airflow/.local/lib/python3.8/site-packages/airflow/example_dags/example_sensors.py
[2026-05-16T03:21:24.672+0000] {processor.py:830} INFO - Processing file /home/airflow/.local/lib/python3.8/site-packages/airflow/example_dags/example_sensors.py for tasks to queue
[2026-05-16T03:21:24.675+0000] {logging_mixin.py:188} INFO - [2026-05-16T03:21:24.675+0000] {dagbag.py:538} INFO - Filling up the DagBag from /home/airflow/.local/lib/python3.8/site-packages/airflow/example_dags/example_sensors.py
[2026-05-16T03:21:24.694+0000] {processor.py:840} INFO - DAG(s) 'example_sensors' retrieved from /home/airflow/.local/lib/python3.8/site-packages/airflow/example_dags/example_sensors.py
[2026-05-16T03:21:24.751+0000] {logging_mixin.py:188} INFO - [2026-05-16T03:21:24.751+0000] {dag.py:3036} INFO - Sync 1 DAGs
[2026-05-16T03:21:24.775+0000] {logging_mixin.py:188} INFO - [2026-05-16T03:21:24.775+0000] {dag.py:3823} INFO - Setting next_dagrun for example_sensors to None, run_after=None
[2026-05-16T03:21:24.812+0000] {processor.py:183} INFO - Processing /home/airflow/.local/lib/python3.8/site-packages/airflow/example_dags/example_sensors.py took 0.147 seconds
[2026-05-16T03:21:54.916+0000] {processor.py:161} INFO - Started process (PID=4922) to work on /home/airflow/.local/lib/python3.8/site-packages/airflow/example_dags/example_sensors.py
[2026-05-16T03:21:54.918+0000] {processor.py:830} INFO - Processing file /home/airflow/.local/lib/python3.8/site-packages/airflow/example_dags/example_sensors.py for tasks to queue
[2026-05-16T03:21:54.921+0000] {logging_mixin.py:188} INFO - [2026-05-16T03:21:54.920+0000] {dagbag.py:538} INFO - Filling up the DagBag from /home/airflow/.local/lib/python3.8/site-packages/airflow/example_dags/example_sensors.py
[2026-05-16T03:21:54.939+0000] {processor.py:840} INFO - DAG(s) 'example_sensors' retrieved from /home/airflow/.local/lib/python3.8/site-packages/airflow/example_dags/example_sensors.py
[2026-05-16T03:21:54.991+0000] {logging_mixin.py:188} INFO - [2026-05-16T03:21:54.991+0000] {dag.py:3036} INFO - Sync 1 DAGs
[2026-05-16T03:21:55.016+0000] {logging_mixin.py:188} INFO - [2026-05-16T03:21:55.015+0000] {dag.py:3823} INFO - Setting next_dagrun for example_sensors to None, run_after=None
[2026-05-16T03:21:55.050+0000] {processor.py:183} INFO - Processing /home/airflow/.local/lib/python3.8/site-packages/airflow/example_dags/example_sensors.py took 0.139 seconds
[2026-05-16T03:22:25.488+0000] {processor.py:161} INFO - Started process (PID=4987) to work on /home/airflow/.local/lib/python3.8/site-packages/airflow/example_dags/example_sensors.py
[2026-05-16T03:22:25.490+0000] {processor.py:830} INFO - Processing file /home/airflow/.local/lib/python3.8/site-packages/airflow/example_dags/example_sensors.py for tasks to queue
[2026-05-16T03:22:25.492+0000] {logging_mixin.py:188} INFO - [2026-05-16T03:22:25.492+0000] {dagbag.py:538} INFO - Filling up the DagBag from /home/airflow/.local/lib/python3.8/site-packages/airflow/example_dags/example_sensors.py
[2026-05-16T03:22:25.507+0000] {processor.py:840} INFO - DAG(s) 'example_sensors' retrieved from /home/airflow/.local/lib/python3.8/site-packages/airflow/example_dags/example_sensors.py
[2026-05-16T03:22:25.554+0000] {logging_mixin.py:188} INFO - [2026-05-16T03:22:25.554+0000] {dag.py:3036} INFO - Sync 1 DAGs
[2026-05-16T03:22:25.574+0000] {logging_mixin.py:188} INFO - [2026-05-16T03:22:25.574+0000] {dag.py:3823} INFO - Setting next_dagrun for example_sensors to None, run_after=None
[2026-05-16T03:22:25.601+0000] {processor.py:183} INFO - Processing /home/airflow/.local/lib/python3.8/site-packages/airflow/example_dags/example_sensors.py took 0.118 seconds
[2026-05-16T03:22:55.780+0000] {processor.py:161} INFO - Started process (PID=5058) to work on /home/airflow/.local/lib/python3.8/site-packages/airflow/example_dags/example_sensors.py
[2026-05-16T03:22:55.782+0000] {processor.py:830} INFO - Processing file /home/airflow/.local/lib/python3.8/site-packages/airflow/example_dags/example_sensors.py for tasks to queue
[2026-05-16T03:22:55.789+0000] {logging_mixin.py:188} INFO - [2026-05-16T03:22:55.789+0000] {dagbag.py:538} INFO - Filling up the DagBag from /home/airflow/.local/lib/python3.8/site-packages/airflow/example_dags/example_sensors.py
[2026-05-16T03:22:55.805+0000] {processor.py:840} INFO - DAG(s) 'example_sensors' retrieved from /home/airflow/.local/lib/python3.8/site-packages/airflow/example_dags/example_sensors.py
[2026-05-16T03:22:55.859+0000] {logging_mixin.py:188} INFO - [2026-05-16T03:22:55.859+0000] {dag.py:3036} INFO - Sync 1 DAGs
[2026-05-16T03:22:55.886+0000] {logging_mixin.py:188} INFO - [2026-05-16T03:22:55.885+0000] {dag.py:3823} INFO - Setting next_dagrun for example_sensors to None, run_after=None
[2026-05-16T03:22:55.920+0000] {processor.py:183} INFO - Processing /home/airflow/.local/lib/python3.8/site-packages/airflow/example_dags/example_sensors.py took 0.146 seconds
[2026-05-16T03:23:26.597+0000] {processor.py:161} INFO - Started process (PID=5126) to work on /home/airflow/.local/lib/python3.8/site-packages/airflow/example_dags/example_sensors.py
[2026-05-16T03:23:26.599+0000] {processor.py:830} INFO - Processing file /home/airflow/.local/lib/python3.8/site-packages/airflow/example_dags/example_sensors.py for tasks to queue
[2026-05-16T03:23:26.601+0000] {logging_mixin.py:188} INFO - [2026-05-16T03:23:26.601+0000] {dagbag.py:538} INFO - Filling up the DagBag from /home/airflow/.local/lib/python3.8/site-packages/airflow/example_dags/example_sensors.py
[2026-05-16T03:23:26.618+0000] {processor.py:840} INFO - DAG(s) 'example_sensors' retrieved from /home/airflow/.local/lib/python3.8/site-packages/airflow/example_dags/example_sensors.py
[2026-05-16T03:23:26.673+0000] {logging_mixin.py:188} INFO - [2026-05-16T03:23:26.673+0000] {dag.py:3036} INFO - Sync 1 DAGs
[2026-05-16T03:23:26.695+0000] {logging_mixin.py:188} INFO - [2026-05-16T03:23:26.695+0000] {dag.py:3823} INFO - Setting next_dagrun for example_sensors to None, run_after=None
[2026-05-16T03:23:26.731+0000] {processor.py:183} INFO - Processing /home/airflow/.local/lib/python3.8/site-packages/airflow/example_dags/example_sensors.py took 0.139 seconds
[2026-05-16T03:23:57.093+0000] {processor.py:161} INFO - Started process (PID=5192) to work on /home/airflow/.local/lib/python3.8/site-packages/airflow/example_dags/example_sensors.py
[2026-05-16T03:23:57.096+0000] {processor.py:830} INFO - Processing file /home/airflow/.local/lib/python3.8/site-packages/airflow/example_dags/example_sensors.py for tasks to queue
[2026-05-16T03:23:57.099+0000] {logging_mixin.py:188} INFO - [2026-05-16T03:23:57.099+0000] {dagbag.py:538} INFO - Filling up the DagBag from /home/airflow/.local/lib/python3.8/site-packages/airflow/example_dags/example_sensors.py
[2026-05-16T03:23:57.117+0000] {processor.py:840} INFO - DAG(s) 'example_sensors' retrieved from /home/airflow/.local/lib/python3.8/site-packages/airflow/example_dags/example_sensors.py
[2026-05-16T03:23:57.199+0000] {logging_mixin.py:188} INFO - [2026-05-16T03:23:57.198+0000] {dag.py:3036} INFO - Sync 1 DAGs
[2026-05-16T03:23:57.222+0000] {logging_mixin.py:188} INFO - [2026-05-16T03:23:57.221+0000] {dag.py:3823} INFO - Setting next_dagrun for example_sensors to None, run_after=None
[2026-05-16T03:23:57.259+0000] {processor.py:183} INFO - Processing /home/airflow/.local/lib/python3.8/site-packages/airflow/example_dags/example_sensors.py took 0.171 seconds
[2026-05-16T03:24:27.738+0000] {processor.py:161} INFO - Started process (PID=5258) to work on /home/airflow/.local/lib/python3.8/site-packages/airflow/example_dags/example_sensors.py
[2026-05-16T03:24:27.739+0000] {processor.py:830} INFO - Processing file /home/airflow/.local/lib/python3.8/site-packages/airflow/example_dags/example_sensors.py for tasks to queue
[2026-05-16T03:24:27.742+0000] {logging_mixin.py:188} INFO - [2026-05-16T03:24:27.741+0000] {dagbag.py:538} INFO - Filling up the DagBag from /home/airflow/.local/lib/python3.8/site-packages/airflow/example_dags/example_sensors.py
[2026-05-16T03:24:27.757+0000] {processor.py:840} INFO - DAG(s) 'example_sensors' retrieved from /home/airflow/.local/lib/python3.8/site-packages/airflow/example_dags/example_sensors.py
[2026-05-16T03:24:27.806+0000] {logging_mixin.py:188} INFO - [2026-05-16T03:24:27.806+0000] {dag.py:3036} INFO - Sync 1 DAGs
[2026-05-16T03:24:27.828+0000] {logging_mixin.py:188} INFO - [2026-05-16T03:24:27.827+0000] {dag.py:3823} INFO - Setting next_dagrun for example_sensors to None, run_after=None
[2026-05-16T03:24:27.858+0000] {processor.py:183} INFO - Processing /home/airflow/.local/lib/python3.8/site-packages/airflow/example_dags/example_sensors.py took 0.125 seconds
[2026-05-16T03:24:58.268+0000] {processor.py:161} INFO - Started process (PID=5324) to work on /home/airflow/.local/lib/python3.8/site-packages/airflow/example_dags/example_sensors.py
[2026-05-16T03:24:58.270+0000] {processor.py:830} INFO - Processing file /home/airflow/.local/lib/python3.8/site-packages/airflow/example_dags/example_sensors.py for tasks to queue
[2026-05-16T03:24:58.272+0000] {logging_mixin.py:188} INFO - [2026-05-16T03:24:58.272+0000] {dagbag.py:538} INFO - Filling up the DagBag from /home/airflow/.local/lib/python3.8/site-packages/airflow/example_dags/example_sensors.py
[2026-05-16T03:24:58.289+0000] {processor.py:840} INFO - DAG(s) 'example_sensors' retrieved from /home/airflow/.local/lib/python3.8/site-packages/airflow/example_dags/example_sensors.py
[2026-05-16T03:24:58.340+0000] {logging_mixin.py:188} INFO - [2026-05-16T03:24:58.339+0000] {dag.py:3036} INFO - Sync 1 DAGs
[2026-05-16T03:24:58.363+0000] {logging_mixin.py:188} INFO - [2026-05-16T03:24:58.362+0000] {dag.py:3823} INFO - Setting next_dagrun for example_sensors to None, run_after=None
[2026-05-16T03:24:58.399+0000] {processor.py:183} INFO - Processing /home/airflow/.local/lib/python3.8/site-packages/airflow/example_dags/example_sensors.py took 0.138 seconds
[2026-05-16T03:25:28.451+0000] {processor.py:161} INFO - Started process (PID=5389) to work on /home/airflow/.local/lib/python3.8/site-packages/airflow/example_dags/example_sensors.py
[2026-05-16T03:25:28.452+0000] {processor.py:830} INFO - Processing file /home/airflow/.local/lib/python3.8/site-packages/airflow/example_dags/example_sensors.py for tasks to queue
[2026-05-16T03:25:28.454+0000] {logging_mixin.py:188} INFO - [2026-05-16T03:25:28.454+0000] {dagbag.py:538} INFO - Filling up the DagBag from /home/airflow/.local/lib/python3.8/site-packages/airflow/example_dags/example_sensors.py
[2026-05-16T03:25:28.470+0000] {processor.py:840} INFO - DAG(s) 'example_sensors' retrieved from /home/airflow/.local/lib/python3.8/site-packages/airflow/example_dags/example_sensors.py
[2026-05-16T03:25:28.527+0000] {logging_mixin.py:188} INFO - [2026-05-16T03:25:28.527+0000] {dag.py:3036} INFO - Sync 1 DAGs
[2026-05-16T03:25:28.549+0000] {logging_mixin.py:188} INFO - [2026-05-16T03:25:28.549+0000] {dag.py:3823} INFO - Setting next_dagrun for example_sensors to None, run_after=None
[2026-05-16T03:25:28.583+0000] {processor.py:183} INFO - Processing /home/airflow/.local/lib/python3.8/site-packages/airflow/example_dags/example_sensors.py took 0.138 seconds
[2026-05-16T03:25:59.024+0000] {processor.py:161} INFO - Started process (PID=5449) to work on /home/airflow/.local/lib/python3.8/site-packages/airflow/example_dags/example_sensors.py
[2026-05-16T03:25:59.026+0000] {processor.py:830} INFO - Processing file /home/airflow/.local/lib/python3.8/site-packages/airflow/example_dags/example_sensors.py for tasks to queue
[2026-05-16T03:25:59.029+0000] {logging_mixin.py:188} INFO - [2026-05-16T03:25:59.029+0000] {dagbag.py:538} INFO - Filling up the DagBag from /home/airflow/.local/lib/python3.8/site-packages/airflow/example_dags/example_sensors.py
[2026-05-16T03:25:59.048+0000] {processor.py:840} INFO - DAG(s) 'example_sensors' retrieved from /home/airflow/.local/lib/python3.8/site-packages/airflow/example_dags/example_sensors.py
[2026-05-16T03:25:59.104+0000] {logging_mixin.py:188} INFO - [2026-05-16T03:25:59.104+0000] {dag.py:3036} INFO - Sync 1 DAGs
[2026-05-16T03:25:59.130+0000] {logging_mixin.py:188} INFO - [2026-05-16T03:25:59.130+0000] {dag.py:3823} INFO - Setting next_dagrun for example_sensors to None, run_after=None
[2026-05-16T03:25:59.166+0000] {processor.py:183} INFO - Processing /home/airflow/.local/lib/python3.8/site-packages/airflow/example_dags/example_sensors.py took 0.148 seconds
[2026-05-16T03:26:29.405+0000] {processor.py:161} INFO - Started process (PID=5514) to work on /home/airflow/.local/lib/python3.8/site-packages/airflow/example_dags/example_sensors.py
[2026-05-16T03:26:29.406+0000] {processor.py:830} INFO - Processing file /home/airflow/.local/lib/python3.8/site-packages/airflow/example_dags/example_sensors.py for tasks to queue
[2026-05-16T03:26:29.410+0000] {logging_mixin.py:188} INFO - [2026-05-16T03:26:29.409+0000] {dagbag.py:538} INFO - Filling up the DagBag from /home/airflow/.local/lib/python3.8/site-packages/airflow/example_dags/example_sensors.py
[2026-05-16T03:26:29.426+0000] {processor.py:840} INFO - DAG(s) 'example_sensors' retrieved from /home/airflow/.local/lib/python3.8/site-packages/airflow/example_dags/example_sensors.py
[2026-05-16T03:26:29.478+0000] {logging_mixin.py:188} INFO - [2026-05-16T03:26:29.477+0000] {dag.py:3036} INFO - Sync 1 DAGs
[2026-05-16T03:26:29.504+0000] {logging_mixin.py:188} INFO - [2026-05-16T03:26:29.504+0000] {dag.py:3823} INFO - Setting next_dagrun for example_sensors to None, run_after=None
[2026-05-16T03:26:29.539+0000] {processor.py:183} INFO - Processing /home/airflow/.local/lib/python3.8/site-packages/airflow/example_dags/example_sensors.py took 0.140 seconds
[2026-05-16T03:27:00.052+0000] {processor.py:161} INFO - Started process (PID=5579) to work on /home/airflow/.local/lib/python3.8/site-packages/airflow/example_dags/example_sensors.py
[2026-05-16T03:27:00.054+0000] {processor.py:830} INFO - Processing file /home/airflow/.local/lib/python3.8/site-packages/airflow/example_dags/example_sensors.py for tasks to queue
[2026-05-16T03:27:00.057+0000] {logging_mixin.py:188} INFO - [2026-05-16T03:27:00.057+0000] {dagbag.py:538} INFO - Filling up the DagBag from /home/airflow/.local/lib/python3.8/site-packages/airflow/example_dags/example_sensors.py
[2026-05-16T03:27:00.073+0000] {processor.py:840} INFO - DAG(s) 'example_sensors' retrieved from /home/airflow/.local/lib/python3.8/site-packages/airflow/example_dags/example_sensors.py
[2026-05-16T03:27:00.120+0000] {logging_mixin.py:188} INFO - [2026-05-16T03:27:00.120+0000] {dag.py:3036} INFO - Sync 1 DAGs
[2026-05-16T03:27:00.141+0000] {logging_mixin.py:188} INFO - [2026-05-16T03:27:00.141+0000] {dag.py:3823} INFO - Setting next_dagrun for example_sensors to None, run_after=None
[2026-05-16T03:27:00.172+0000] {processor.py:183} INFO - Processing /home/airflow/.local/lib/python3.8/site-packages/airflow/example_dags/example_sensors.py took 0.124 seconds
[2026-05-16T03:27:30.654+0000] {processor.py:161} INFO - Started process (PID=5644) to work on /home/airflow/.local/lib/python3.8/site-packages/airflow/example_dags/example_sensors.py
[2026-05-16T03:27:30.657+0000] {processor.py:830} INFO - Processing file /home/airflow/.local/lib/python3.8/site-packages/airflow/example_dags/example_sensors.py for tasks to queue
[2026-05-16T03:27:30.660+0000] {logging_mixin.py:188} INFO - [2026-05-16T03:27:30.659+0000] {dagbag.py:538} INFO - Filling up the DagBag from /home/airflow/.local/lib/python3.8/site-packages/airflow/example_dags/example_sensors.py
[2026-05-16T03:27:30.675+0000] {processor.py:840} INFO - DAG(s) 'example_sensors' retrieved from /home/airflow/.local/lib/python3.8/site-packages/airflow/example_dags/example_sensors.py
[2026-05-16T03:27:30.725+0000] {logging_mixin.py:188} INFO - [2026-05-16T03:27:30.725+0000] {dag.py:3036} INFO - Sync 1 DAGs
[2026-05-16T03:27:30.748+0000] {logging_mixin.py:188} INFO - [2026-05-16T03:27:30.747+0000] {dag.py:3823} INFO - Setting next_dagrun for example_sensors to None, run_after=None
[2026-05-16T03:27:30.779+0000] {processor.py:183} INFO - Processing /home/airflow/.local/lib/python3.8/site-packages/airflow/example_dags/example_sensors.py took 0.130 seconds
[2026-05-16T03:28:01.460+0000] {processor.py:161} INFO - Started process (PID=5709) to work on /home/airflow/.local/lib/python3.8/site-packages/airflow/example_dags/example_sensors.py
[2026-05-16T03:28:01.462+0000] {processor.py:830} INFO - Processing file /home/airflow/.local/lib/python3.8/site-packages/airflow/example_dags/example_sensors.py for tasks to queue
[2026-05-16T03:28:01.465+0000] {logging_mixin.py:188} INFO - [2026-05-16T03:28:01.465+0000] {dagbag.py:538} INFO - Filling up the DagBag from /home/airflow/.local/lib/python3.8/site-packages/airflow/example_dags/example_sensors.py
[2026-05-16T03:28:01.483+0000] {processor.py:840} INFO - DAG(s) 'example_sensors' retrieved from /home/airflow/.local/lib/python3.8/site-packages/airflow/example_dags/example_sensors.py
[2026-05-16T03:28:01.534+0000] {logging_mixin.py:188} INFO - [2026-05-16T03:28:01.533+0000] {dag.py:3036} INFO - Sync 1 DAGs
[2026-05-16T03:28:01.557+0000] {logging_mixin.py:188} INFO - [2026-05-16T03:28:01.556+0000] {dag.py:3823} INFO - Setting next_dagrun for example_sensors to None, run_after=None
[2026-05-16T03:28:01.594+0000] {processor.py:183} INFO - Processing /home/airflow/.local/lib/python3.8/site-packages/airflow/example_dags/example_sensors.py took 0.138 seconds
[2026-05-16T03:28:32.121+0000] {processor.py:161} INFO - Started process (PID=5781) to work on /home/airflow/.local/lib/python3.8/site-packages/airflow/example_dags/example_sensors.py
[2026-05-16T03:28:32.122+0000] {processor.py:830} INFO - Processing file /home/airflow/.local/lib/python3.8/site-packages/airflow/example_dags/example_sensors.py for tasks to queue
[2026-05-16T03:28:32.125+0000] {logging_mixin.py:188} INFO - [2026-05-16T03:28:32.124+0000] {dagbag.py:538} INFO - Filling up the DagBag from /home/airflow/.local/lib/python3.8/site-packages/airflow/example_dags/example_sensors.py
[2026-05-16T03:28:32.142+0000] {processor.py:840} INFO - DAG(s) 'example_sensors' retrieved from /home/airflow/.local/lib/python3.8/site-packages/airflow/example_dags/example_sensors.py
[2026-05-16T03:28:32.199+0000] {logging_mixin.py:188} INFO - [2026-05-16T03:28:32.198+0000] {dag.py:3036} INFO - Sync 1 DAGs
[2026-05-16T03:28:32.225+0000] {logging_mixin.py:188} INFO - [2026-05-16T03:28:32.224+0000] {dag.py:3823} INFO - Setting next_dagrun for example_sensors to None, run_after=None
[2026-05-16T03:28:32.260+0000] {processor.py:183} INFO - Processing /home/airflow/.local/lib/python3.8/site-packages/airflow/example_dags/example_sensors.py took 0.144 seconds
[2026-05-16T03:29:02.441+0000] {processor.py:161} INFO - Started process (PID=5844) to work on /home/airflow/.local/lib/python3.8/site-packages/airflow/example_dags/example_sensors.py
[2026-05-16T03:29:02.446+0000] {processor.py:830} INFO - Processing file /home/airflow/.local/lib/python3.8/site-packages/airflow/example_dags/example_sensors.py for tasks to queue
[2026-05-16T03:29:02.449+0000] {logging_mixin.py:188} INFO - [2026-05-16T03:29:02.448+0000] {dagbag.py:538} INFO - Filling up the DagBag from /home/airflow/.local/lib/python3.8/site-packages/airflow/example_dags/example_sensors.py
[2026-05-16T03:29:02.468+0000] {processor.py:840} INFO - DAG(s) 'example_sensors' retrieved from /home/airflow/.local/lib/python3.8/site-packages/airflow/example_dags/example_sensors.py
[2026-05-16T03:29:02.525+0000] {logging_mixin.py:188} INFO - [2026-05-16T03:29:02.524+0000] {dag.py:3036} INFO - Sync 1 DAGs
[2026-05-16T03:29:02.557+0000] {logging_mixin.py:188} INFO - [2026-05-16T03:29:02.557+0000] {dag.py:3823} INFO - Setting next_dagrun for example_sensors to None, run_after=None
[2026-05-16T03:29:02.592+0000] {processor.py:183} INFO - Processing /home/airflow/.local/lib/python3.8/site-packages/airflow/example_dags/example_sensors.py took 0.157 seconds
[2026-05-16T03:29:32.737+0000] {processor.py:161} INFO - Started process (PID=5909) to work on /home/airflow/.local/lib/python3.8/site-packages/airflow/example_dags/example_sensors.py
[2026-05-16T03:29:32.742+0000] {processor.py:830} INFO - Processing file /home/airflow/.local/lib/python3.8/site-packages/airflow/example_dags/example_sensors.py for tasks to queue
[2026-05-16T03:29:32.746+0000] {logging_mixin.py:188} INFO - [2026-05-16T03:29:32.746+0000] {dagbag.py:538} INFO - Filling up the DagBag from /home/airflow/.local/lib/python3.8/site-packages/airflow/example_dags/example_sensors.py
[2026-05-16T03:29:32.765+0000] {processor.py:840} INFO - DAG(s) 'example_sensors' retrieved from /home/airflow/.local/lib/python3.8/site-packages/airflow/example_dags/example_sensors.py
[2026-05-16T03:29:32.832+0000] {logging_mixin.py:188} INFO - [2026-05-16T03:29:32.831+0000] {dag.py:3036} INFO - Sync 1 DAGs
[2026-05-16T03:29:32.864+0000] {logging_mixin.py:188} INFO - [2026-05-16T03:29:32.863+0000] {dag.py:3823} INFO - Setting next_dagrun for example_sensors to None, run_after=None
[2026-05-16T03:29:32.928+0000] {processor.py:183} INFO - Processing /home/airflow/.local/lib/python3.8/site-packages/airflow/example_dags/example_sensors.py took 0.197 seconds
[2026-05-16T03:30:03.079+0000] {processor.py:161} INFO - Started process (PID=5973) to work on /home/airflow/.local/lib/python3.8/site-packages/airflow/example_dags/example_sensors.py
[2026-05-16T03:30:03.081+0000] {processor.py:830} INFO - Processing file /home/airflow/.local/lib/python3.8/site-packages/airflow/example_dags/example_sensors.py for tasks to queue
[2026-05-16T03:30:03.084+0000] {logging_mixin.py:188} INFO - [2026-05-16T03:30:03.083+0000] {dagbag.py:538} INFO - Filling up the DagBag from /home/airflow/.local/lib/python3.8/site-packages/airflow/example_dags/example_sensors.py
[2026-05-16T03:30:03.103+0000] {processor.py:840} INFO - DAG(s) 'example_sensors' retrieved from /home/airflow/.local/lib/python3.8/site-packages/airflow/example_dags/example_sensors.py
[2026-05-16T03:30:03.156+0000] {logging_mixin.py:188} INFO - [2026-05-16T03:30:03.156+0000] {dag.py:3036} INFO - Sync 1 DAGs
[2026-05-16T03:30:03.182+0000] {logging_mixin.py:188} INFO - [2026-05-16T03:30:03.182+0000] {dag.py:3823} INFO - Setting next_dagrun for example_sensors to None, run_after=None
[2026-05-16T03:30:03.217+0000] {processor.py:183} INFO - Processing /home/airflow/.local/lib/python3.8/site-packages/airflow/example_dags/example_sensors.py took 0.144 seconds
[2026-05-16T03:30:33.350+0000] {processor.py:161} INFO - Started process (PID=6038) to work on /home/airflow/.local/lib/python3.8/site-packages/airflow/example_dags/example_sensors.py
[2026-05-16T03:30:33.352+0000] {processor.py:830} INFO - Processing file /home/airflow/.local/lib/python3.8/site-packages/airflow/example_dags/example_sensors.py for tasks to queue
[2026-05-16T03:30:33.355+0000] {logging_mixin.py:188} INFO - [2026-05-16T03:30:33.354+0000] {dagbag.py:538} INFO - Filling up the DagBag from /home/airflow/.local/lib/python3.8/site-packages/airflow/example_dags/example_sensors.py
[2026-05-16T03:30:33.373+0000] {processor.py:840} INFO - DAG(s) 'example_sensors' retrieved from /home/airflow/.local/lib/python3.8/site-packages/airflow/example_dags/example_sensors.py
[2026-05-16T03:30:33.432+0000] {logging_mixin.py:188} INFO - [2026-05-16T03:30:33.432+0000] {dag.py:3036} INFO - Sync 1 DAGs
[2026-05-16T03:30:33.459+0000] {logging_mixin.py:188} INFO - [2026-05-16T03:30:33.459+0000] {dag.py:3823} INFO - Setting next_dagrun for example_sensors to None, run_after=None
[2026-05-16T03:30:33.494+0000] {processor.py:183} INFO - Processing /home/airflow/.local/lib/python3.8/site-packages/airflow/example_dags/example_sensors.py took 0.150 seconds
[2026-05-16T03:31:03.679+0000] {processor.py:161} INFO - Started process (PID=6103) to work on /home/airflow/.local/lib/python3.8/site-packages/airflow/example_dags/example_sensors.py
[2026-05-16T03:31:03.682+0000] {processor.py:830} INFO - Processing file /home/airflow/.local/lib/python3.8/site-packages/airflow/example_dags/example_sensors.py for tasks to queue
[2026-05-16T03:31:03.685+0000] {logging_mixin.py:188} INFO - [2026-05-16T03:31:03.684+0000] {dagbag.py:538} INFO - Filling up the DagBag from /home/airflow/.local/lib/python3.8/site-packages/airflow/example_dags/example_sensors.py
[2026-05-16T03:31:03.704+0000] {processor.py:840} INFO - DAG(s) 'example_sensors' retrieved from /home/airflow/.local/lib/python3.8/site-packages/airflow/example_dags/example_sensors.py
[2026-05-16T03:31:03.762+0000] {logging_mixin.py:188} INFO - [2026-05-16T03:31:03.761+0000] {dag.py:3036} INFO - Sync 1 DAGs
[2026-05-16T03:31:03.788+0000] {logging_mixin.py:188} INFO - [2026-05-16T03:31:03.788+0000] {dag.py:3823} INFO - Setting next_dagrun for example_sensors to None, run_after=None
[2026-05-16T03:31:03.824+0000] {processor.py:183} INFO - Processing /home/airflow/.local/lib/python3.8/site-packages/airflow/example_dags/example_sensors.py took 0.151 seconds
[2026-05-16T03:31:34.368+0000] {processor.py:161} INFO - Started process (PID=6167) to work on /home/airflow/.local/lib/python3.8/site-packages/airflow/example_dags/example_sensors.py
[2026-05-16T03:31:34.370+0000] {processor.py:830} INFO - Processing file /home/airflow/.local/lib/python3.8/site-packages/airflow/example_dags/example_sensors.py for tasks to queue
[2026-05-16T03:31:34.373+0000] {logging_mixin.py:188} INFO - [2026-05-16T03:31:34.372+0000] {dagbag.py:538} INFO - Filling up the DagBag from /home/airflow/.local/lib/python3.8/site-packages/airflow/example_dags/example_sensors.py
[2026-05-16T03:31:34.392+0000] {processor.py:840} INFO - DAG(s) 'example_sensors' retrieved from /home/airflow/.local/lib/python3.8/site-packages/airflow/example_dags/example_sensors.py
[2026-05-16T03:31:34.449+0000] {logging_mixin.py:188} INFO - [2026-05-16T03:31:34.448+0000] {dag.py:3036} INFO - Sync 1 DAGs
[2026-05-16T03:31:34.474+0000] {logging_mixin.py:188} INFO - [2026-05-16T03:31:34.474+0000] {dag.py:3823} INFO - Setting next_dagrun for example_sensors to None, run_after=None
[2026-05-16T03:31:34.511+0000] {processor.py:183} INFO - Processing /home/airflow/.local/lib/python3.8/site-packages/airflow/example_dags/example_sensors.py took 0.150 seconds
[2026-05-16T03:32:04.610+0000] {processor.py:161} INFO - Started process (PID=6233) to work on /home/airflow/.local/lib/python3.8/site-packages/airflow/example_dags/example_sensors.py
[2026-05-16T03:32:04.612+0000] {processor.py:830} INFO - Processing file /home/airflow/.local/lib/python3.8/site-packages/airflow/example_dags/example_sensors.py for tasks to queue
[2026-05-16T03:32:04.615+0000] {logging_mixin.py:188} INFO - [2026-05-16T03:32:04.614+0000] {dagbag.py:538} INFO - Filling up the DagBag from /home/airflow/.local/lib/python3.8/site-packages/airflow/example_dags/example_sensors.py
[2026-05-16T03:32:04.630+0000] {processor.py:840} INFO - DAG(s) 'example_sensors' retrieved from /home/airflow/.local/lib/python3.8/site-packages/airflow/example_dags/example_sensors.py
[2026-05-16T03:32:04.675+0000] {logging_mixin.py:188} INFO - [2026-05-16T03:32:04.675+0000] {dag.py:3036} INFO - Sync 1 DAGs
[2026-05-16T03:32:04.695+0000] {logging_mixin.py:188} INFO - [2026-05-16T03:32:04.694+0000] {dag.py:3823} INFO - Setting next_dagrun for example_sensors to None, run_after=None
[2026-05-16T03:32:04.724+0000] {processor.py:183} INFO - Processing /home/airflow/.local/lib/python3.8/site-packages/airflow/example_dags/example_sensors.py took 0.119 seconds
[2026-05-16T03:32:35.053+0000] {processor.py:161} INFO - Started process (PID=6298) to work on /home/airflow/.local/lib/python3.8/site-packages/airflow/example_dags/example_sensors.py
[2026-05-16T03:32:35.055+0000] {processor.py:830} INFO - Processing file /home/airflow/.local/lib/python3.8/site-packages/airflow/example_dags/example_sensors.py for tasks to queue
[2026-05-16T03:32:35.058+0000] {logging_mixin.py:188} INFO - [2026-05-16T03:32:35.057+0000] {dagbag.py:538} INFO - Filling up the DagBag from /home/airflow/.local/lib/python3.8/site-packages/airflow/example_dags/example_sensors.py
[2026-05-16T03:32:35.076+0000] {processor.py:840} INFO - DAG(s) 'example_sensors' retrieved from /home/airflow/.local/lib/python3.8/site-packages/airflow/example_dags/example_sensors.py
[2026-05-16T03:32:35.133+0000] {logging_mixin.py:188} INFO - [2026-05-16T03:32:35.132+0000] {dag.py:3036} INFO - Sync 1 DAGs
[2026-05-16T03:32:35.159+0000] {logging_mixin.py:188} INFO - [2026-05-16T03:32:35.159+0000] {dag.py:3823} INFO - Setting next_dagrun for example_sensors to None, run_after=None
[2026-05-16T03:32:35.193+0000] {processor.py:183} INFO - Processing /home/airflow/.local/lib/python3.8/site-packages/airflow/example_dags/example_sensors.py took 0.146 seconds
[2026-05-16T03:33:05.464+0000] {processor.py:161} INFO - Started process (PID=6363) to work on /home/airflow/.local/lib/python3.8/site-packages/airflow/example_dags/example_sensors.py
[2026-05-16T03:33:05.466+0000] {processor.py:830} INFO - Processing file /home/airflow/.local/lib/python3.8/site-packages/airflow/example_dags/example_sensors.py for tasks to queue
[2026-05-16T03:33:05.469+0000] {logging_mixin.py:188} INFO - [2026-05-16T03:33:05.469+0000] {dagbag.py:538} INFO - Filling up the DagBag from /home/airflow/.local/lib/python3.8/site-packages/airflow/example_dags/example_sensors.py
[2026-05-16T03:33:05.486+0000] {processor.py:840} INFO - DAG(s) 'example_sensors' retrieved from /home/airflow/.local/lib/python3.8/site-packages/airflow/example_dags/example_sensors.py
[2026-05-16T03:33:05.531+0000] {logging_mixin.py:188} INFO - [2026-05-16T03:33:05.531+0000] {dag.py:3036} INFO - Sync 1 DAGs
[2026-05-16T03:33:05.552+0000] {logging_mixin.py:188} INFO - [2026-05-16T03:33:05.552+0000] {dag.py:3823} INFO - Setting next_dagrun for example_sensors to None, run_after=None
[2026-05-16T03:33:05.586+0000] {processor.py:183} INFO - Processing /home/airflow/.local/lib/python3.8/site-packages/airflow/example_dags/example_sensors.py took 0.128 seconds
[2026-05-16T03:33:36.004+0000] {processor.py:161} INFO - Started process (PID=6428) to work on /home/airflow/.local/lib/python3.8/site-packages/airflow/example_dags/example_sensors.py
[2026-05-16T03:33:36.007+0000] {processor.py:830} INFO - Processing file /home/airflow/.local/lib/python3.8/site-packages/airflow/example_dags/example_sensors.py for tasks to queue
[2026-05-16T03:33:36.010+0000] {logging_mixin.py:188} INFO - [2026-05-16T03:33:36.009+0000] {dagbag.py:538} INFO - Filling up the DagBag from /home/airflow/.local/lib/python3.8/site-packages/airflow/example_dags/example_sensors.py
[2026-05-16T03:33:36.027+0000] {processor.py:840} INFO - DAG(s) 'example_sensors' retrieved from /home/airflow/.local/lib/python3.8/site-packages/airflow/example_dags/example_sensors.py
[2026-05-16T03:33:36.079+0000] {logging_mixin.py:188} INFO - [2026-05-16T03:33:36.078+0000] {dag.py:3036} INFO - Sync 1 DAGs
[2026-05-16T03:33:36.103+0000] {logging_mixin.py:188} INFO - [2026-05-16T03:33:36.103+0000] {dag.py:3823} INFO - Setting next_dagrun for example_sensors to None, run_after=None
[2026-05-16T03:33:36.136+0000] {processor.py:183} INFO - Processing /home/airflow/.local/lib/python3.8/site-packages/airflow/example_dags/example_sensors.py took 0.137 seconds
[2026-05-16T03:34:06.433+0000] {processor.py:161} INFO - Started process (PID=6493) to work on /home/airflow/.local/lib/python3.8/site-packages/airflow/example_dags/example_sensors.py
[2026-05-16T03:34:06.435+0000] {processor.py:830} INFO - Processing file /home/airflow/.local/lib/python3.8/site-packages/airflow/example_dags/example_sensors.py for tasks to queue
[2026-05-16T03:34:06.439+0000] {logging_mixin.py:188} INFO - [2026-05-16T03:34:06.438+0000] {dagbag.py:538} INFO - Filling up the DagBag from /home/airflow/.local/lib/python3.8/site-packages/airflow/example_dags/example_sensors.py
[2026-05-16T03:34:06.454+0000] {processor.py:840} INFO - DAG(s) 'example_sensors' retrieved from /home/airflow/.local/lib/python3.8/site-packages/airflow/example_dags/example_sensors.py
[2026-05-16T03:34:06.498+0000] {logging_mixin.py:188} INFO - [2026-05-16T03:34:06.498+0000] {dag.py:3036} INFO - Sync 1 DAGs
[2026-05-16T03:34:06.518+0000] {logging_mixin.py:188} INFO - [2026-05-16T03:34:06.518+0000] {dag.py:3823} INFO - Setting next_dagrun for example_sensors to None, run_after=None
[2026-05-16T03:34:06.546+0000] {processor.py:183} INFO - Processing /home/airflow/.local/lib/python3.8/site-packages/airflow/example_dags/example_sensors.py took 0.117 seconds
[2026-05-16T03:34:36.712+0000] {processor.py:161} INFO - Started process (PID=6559) to work on /home/airflow/.local/lib/python3.8/site-packages/airflow/example_dags/example_sensors.py
[2026-05-16T03:34:36.713+0000] {processor.py:830} INFO - Processing file /home/airflow/.local/lib/python3.8/site-packages/airflow/example_dags/example_sensors.py for tasks to queue
[2026-05-16T03:34:36.716+0000] {logging_mixin.py:188} INFO - [2026-05-16T03:34:36.715+0000] {dagbag.py:538} INFO - Filling up the DagBag from /home/airflow/.local/lib/python3.8/site-packages/airflow/example_dags/example_sensors.py
[2026-05-16T03:34:36.731+0000] {processor.py:840} INFO - DAG(s) 'example_sensors' retrieved from /home/airflow/.local/lib/python3.8/site-packages/airflow/example_dags/example_sensors.py
[2026-05-16T03:34:36.777+0000] {logging_mixin.py:188} INFO - [2026-05-16T03:34:36.777+0000] {dag.py:3036} INFO - Sync 1 DAGs
[2026-05-16T03:34:36.796+0000] {logging_mixin.py:188} INFO - [2026-05-16T03:34:36.796+0000] {dag.py:3823} INFO - Setting next_dagrun for example_sensors to None, run_after=None
[2026-05-16T03:34:36.826+0000] {processor.py:183} INFO - Processing /home/airflow/.local/lib/python3.8/site-packages/airflow/example_dags/example_sensors.py took 0.119 seconds
[2026-05-16T03:35:07.187+0000] {processor.py:161} INFO - Started process (PID=6625) to work on /home/airflow/.local/lib/python3.8/site-packages/airflow/example_dags/example_sensors.py
[2026-05-16T03:35:07.189+0000] {processor.py:830} INFO - Processing file /home/airflow/.local/lib/python3.8/site-packages/airflow/example_dags/example_sensors.py for tasks to queue
[2026-05-16T03:35:07.192+0000] {logging_mixin.py:188} INFO - [2026-05-16T03:35:07.192+0000] {dagbag.py:538} INFO - Filling up the DagBag from /home/airflow/.local/lib/python3.8/site-packages/airflow/example_dags/example_sensors.py
[2026-05-16T03:35:07.207+0000] {processor.py:840} INFO - DAG(s) 'example_sensors' retrieved from /home/airflow/.local/lib/python3.8/site-packages/airflow/example_dags/example_sensors.py
[2026-05-16T03:35:07.260+0000] {logging_mixin.py:188} INFO - [2026-05-16T03:35:07.259+0000] {dag.py:3036} INFO - Sync 1 DAGs
[2026-05-16T03:35:07.283+0000] {logging_mixin.py:188} INFO - [2026-05-16T03:35:07.282+0000] {dag.py:3823} INFO - Setting next_dagrun for example_sensors to None, run_after=None
[2026-05-16T03:35:07.314+0000] {processor.py:183} INFO - Processing /home/airflow/.local/lib/python3.8/site-packages/airflow/example_dags/example_sensors.py took 0.132 seconds
[2026-05-16T03:35:37.499+0000] {processor.py:161} INFO - Started process (PID=6689) to work on /home/airflow/.local/lib/python3.8/site-packages/airflow/example_dags/example_sensors.py
[2026-05-16T03:35:37.501+0000] {processor.py:830} INFO - Processing file /home/airflow/.local/lib/python3.8/site-packages/airflow/example_dags/example_sensors.py for tasks to queue
[2026-05-16T03:35:37.504+0000] {logging_mixin.py:188} INFO - [2026-05-16T03:35:37.503+0000] {dagbag.py:538} INFO - Filling up the DagBag from /home/airflow/.local/lib/python3.8/site-packages/airflow/example_dags/example_sensors.py
[2026-05-16T03:35:37.521+0000] {processor.py:840} INFO - DAG(s) 'example_sensors' retrieved from /home/airflow/.local/lib/python3.8/site-packages/airflow/example_dags/example_sensors.py
[2026-05-16T03:35:37.580+0000] {logging_mixin.py:188} INFO - [2026-05-16T03:35:37.580+0000] {dag.py:3036} INFO - Sync 1 DAGs
[2026-05-16T03:35:37.605+0000] {logging_mixin.py:188} INFO - [2026-05-16T03:35:37.604+0000] {dag.py:3823} INFO - Setting next_dagrun for example_sensors to None, run_after=None
[2026-05-16T03:35:37.638+0000] {processor.py:183} INFO - Processing /home/airflow/.local/lib/python3.8/site-packages/airflow/example_dags/example_sensors.py took 0.144 seconds
[2026-05-16T03:36:07.747+0000] {processor.py:161} INFO - Started process (PID=6754) to work on /home/airflow/.local/lib/python3.8/site-packages/airflow/example_dags/example_sensors.py
[2026-05-16T03:36:07.749+0000] {processor.py:830} INFO - Processing file /home/airflow/.local/lib/python3.8/site-packages/airflow/example_dags/example_sensors.py for tasks to queue
[2026-05-16T03:36:07.752+0000] {logging_mixin.py:188} INFO - [2026-05-16T03:36:07.751+0000] {dagbag.py:538} INFO - Filling up the DagBag from /home/airflow/.local/lib/python3.8/site-packages/airflow/example_dags/example_sensors.py
[2026-05-16T03:36:07.769+0000] {processor.py:840} INFO - DAG(s) 'example_sensors' retrieved from /home/airflow/.local/lib/python3.8/site-packages/airflow/example_dags/example_sensors.py
[2026-05-16T03:36:07.820+0000] {logging_mixin.py:188} INFO - [2026-05-16T03:36:07.820+0000] {dag.py:3036} INFO - Sync 1 DAGs
[2026-05-16T03:36:07.844+0000] {logging_mixin.py:188} INFO - [2026-05-16T03:36:07.844+0000] {dag.py:3823} INFO - Setting next_dagrun for example_sensors to None, run_after=None
[2026-05-16T03:36:07.876+0000] {processor.py:183} INFO - Processing /home/airflow/.local/lib/python3.8/site-packages/airflow/example_dags/example_sensors.py took 0.134 seconds
[2026-05-16T03:36:38.338+0000] {processor.py:161} INFO - Started process (PID=6819) to work on /home/airflow/.local/lib/python3.8/site-packages/airflow/example_dags/example_sensors.py
[2026-05-16T03:36:38.341+0000] {processor.py:830} INFO - Processing file /home/airflow/.local/lib/python3.8/site-packages/airflow/example_dags/example_sensors.py for tasks to queue
[2026-05-16T03:36:38.344+0000] {logging_mixin.py:188} INFO - [2026-05-16T03:36:38.343+0000] {dagbag.py:538} INFO - Filling up the DagBag from /home/airflow/.local/lib/python3.8/site-packages/airflow/example_dags/example_sensors.py
[2026-05-16T03:36:38.361+0000] {processor.py:840} INFO - DAG(s) 'example_sensors' retrieved from /home/airflow/.local/lib/python3.8/site-packages/airflow/example_dags/example_sensors.py
[2026-05-16T03:36:38.410+0000] {logging_mixin.py:188} INFO - [2026-05-16T03:36:38.410+0000] {dag.py:3036} INFO - Sync 1 DAGs
[2026-05-16T03:36:38.431+0000] {logging_mixin.py:188} INFO - [2026-05-16T03:36:38.431+0000] {dag.py:3823} INFO - Setting next_dagrun for example_sensors to None, run_after=None
[2026-05-16T03:36:38.464+0000] {processor.py:183} INFO - Processing /home/airflow/.local/lib/python3.8/site-packages/airflow/example_dags/example_sensors.py took 0.131 seconds
[2026-05-16T03:37:08.631+0000] {processor.py:161} INFO - Started process (PID=6890) to work on /home/airflow/.local/lib/python3.8/site-packages/airflow/example_dags/example_sensors.py
[2026-05-16T03:37:08.633+0000] {processor.py:830} INFO - Processing file /home/airflow/.local/lib/python3.8/site-packages/airflow/example_dags/example_sensors.py for tasks to queue
[2026-05-16T03:37:08.636+0000] {logging_mixin.py:188} INFO - [2026-05-16T03:37:08.636+0000] {dagbag.py:538} INFO - Filling up the DagBag from /home/airflow/.local/lib/python3.8/site-packages/airflow/example_dags/example_sensors.py
[2026-05-16T03:37:08.659+0000] {processor.py:840} INFO - DAG(s) 'example_sensors' retrieved from /home/airflow/.local/lib/python3.8/site-packages/airflow/example_dags/example_sensors.py
[2026-05-16T03:37:08.719+0000] {logging_mixin.py:188} INFO - [2026-05-16T03:37:08.719+0000] {dag.py:3036} INFO - Sync 1 DAGs
[2026-05-16T03:37:08.746+0000] {logging_mixin.py:188} INFO - [2026-05-16T03:37:08.745+0000] {dag.py:3823} INFO - Setting next_dagrun for example_sensors to None, run_after=None
[2026-05-16T03:37:08.782+0000] {processor.py:183} INFO - Processing /home/airflow/.local/lib/python3.8/site-packages/airflow/example_dags/example_sensors.py took 0.157 seconds
[2026-05-16T03:37:38.885+0000] {processor.py:161} INFO - Started process (PID=6956) to work on /home/airflow/.local/lib/python3.8/site-packages/airflow/example_dags/example_sensors.py
[2026-05-16T03:37:38.888+0000] {processor.py:830} INFO - Processing file /home/airflow/.local/lib/python3.8/site-packages/airflow/example_dags/example_sensors.py for tasks to queue
[2026-05-16T03:37:38.890+0000] {logging_mixin.py:188} INFO - [2026-05-16T03:37:38.890+0000] {dagbag.py:538} INFO - Filling up the DagBag from /home/airflow/.local/lib/python3.8/site-packages/airflow/example_dags/example_sensors.py
[2026-05-16T03:37:38.907+0000] {processor.py:840} INFO - DAG(s) 'example_sensors' retrieved from /home/airflow/.local/lib/python3.8/site-packages/airflow/example_dags/example_sensors.py
[2026-05-16T03:37:38.977+0000] {logging_mixin.py:188} INFO - [2026-05-16T03:37:38.976+0000] {dag.py:3036} INFO - Sync 1 DAGs
[2026-05-16T03:37:39.002+0000] {logging_mixin.py:188} INFO - [2026-05-16T03:37:39.002+0000] {dag.py:3823} INFO - Setting next_dagrun for example_sensors to None, run_after=None
[2026-05-16T03:37:39.036+0000] {processor.py:183} INFO - Processing /home/airflow/.local/lib/python3.8/site-packages/airflow/example_dags/example_sensors.py took 0.156 seconds
[2026-05-16T03:38:09.255+0000] {processor.py:161} INFO - Started process (PID=7020) to work on /home/airflow/.local/lib/python3.8/site-packages/airflow/example_dags/example_sensors.py
[2026-05-16T03:38:09.257+0000] {processor.py:830} INFO - Processing file /home/airflow/.local/lib/python3.8/site-packages/airflow/example_dags/example_sensors.py for tasks to queue
[2026-05-16T03:38:09.259+0000] {logging_mixin.py:188} INFO - [2026-05-16T03:38:09.259+0000] {dagbag.py:538} INFO - Filling up the DagBag from /home/airflow/.local/lib/python3.8/site-packages/airflow/example_dags/example_sensors.py
[2026-05-16T03:38:09.277+0000] {processor.py:840} INFO - DAG(s) 'example_sensors' retrieved from /home/airflow/.local/lib/python3.8/site-packages/airflow/example_dags/example_sensors.py
[2026-05-16T03:38:09.326+0000] {logging_mixin.py:188} INFO - [2026-05-16T03:38:09.325+0000] {dag.py:3036} INFO - Sync 1 DAGs
[2026-05-16T03:38:09.348+0000] {logging_mixin.py:188} INFO - [2026-05-16T03:38:09.347+0000] {dag.py:3823} INFO - Setting next_dagrun for example_sensors to None, run_after=None
[2026-05-16T03:38:09.380+0000] {processor.py:183} INFO - Processing /home/airflow/.local/lib/python3.8/site-packages/airflow/example_dags/example_sensors.py took 0.130 seconds
[2026-05-16T03:38:40.144+0000] {processor.py:161} INFO - Started process (PID=7085) to work on /home/airflow/.local/lib/python3.8/site-packages/airflow/example_dags/example_sensors.py
[2026-05-16T03:38:40.146+0000] {processor.py:830} INFO - Processing file /home/airflow/.local/lib/python3.8/site-packages/airflow/example_dags/example_sensors.py for tasks to queue
[2026-05-16T03:38:40.149+0000] {logging_mixin.py:188} INFO - [2026-05-16T03:38:40.148+0000] {dagbag.py:538} INFO - Filling up the DagBag from /home/airflow/.local/lib/python3.8/site-packages/airflow/example_dags/example_sensors.py
[2026-05-16T03:38:40.164+0000] {processor.py:840} INFO - DAG(s) 'example_sensors' retrieved from /home/airflow/.local/lib/python3.8/site-packages/airflow/example_dags/example_sensors.py
[2026-05-16T03:38:40.217+0000] {logging_mixin.py:188} INFO - [2026-05-16T03:38:40.216+0000] {dag.py:3036} INFO - Sync 1 DAGs
[2026-05-16T03:38:40.242+0000] {logging_mixin.py:188} INFO - [2026-05-16T03:38:40.242+0000] {dag.py:3823} INFO - Setting next_dagrun for example_sensors to None, run_after=None
[2026-05-16T03:38:40.276+0000] {processor.py:183} INFO - Processing /home/airflow/.local/lib/python3.8/site-packages/airflow/example_dags/example_sensors.py took 0.137 seconds
[2026-05-16T03:39:10.831+0000] {processor.py:161} INFO - Started process (PID=7149) to work on /home/airflow/.local/lib/python3.8/site-packages/airflow/example_dags/example_sensors.py
[2026-05-16T03:39:10.833+0000] {processor.py:830} INFO - Processing file /home/airflow/.local/lib/python3.8/site-packages/airflow/example_dags/example_sensors.py for tasks to queue
[2026-05-16T03:39:10.836+0000] {logging_mixin.py:188} INFO - [2026-05-16T03:39:10.836+0000] {dagbag.py:538} INFO - Filling up the DagBag from /home/airflow/.local/lib/python3.8/site-packages/airflow/example_dags/example_sensors.py
[2026-05-16T03:39:10.857+0000] {processor.py:840} INFO - DAG(s) 'example_sensors' retrieved from /home/airflow/.local/lib/python3.8/site-packages/airflow/example_dags/example_sensors.py
[2026-05-16T03:39:10.908+0000] {logging_mixin.py:188} INFO - [2026-05-16T03:39:10.908+0000] {dag.py:3036} INFO - Sync 1 DAGs
[2026-05-16T03:39:10.930+0000] {logging_mixin.py:188} INFO - [2026-05-16T03:39:10.930+0000] {dag.py:3823} INFO - Setting next_dagrun for example_sensors to None, run_after=None
[2026-05-16T03:39:10.960+0000] {processor.py:183} INFO - Processing /home/airflow/.local/lib/python3.8/site-packages/airflow/example_dags/example_sensors.py took 0.134 seconds
