[2026-05-16T02:44:12.227+0000] {processor.py:161} INFO - Started process (PID=62) to work on /home/airflow/.local/lib/python3.8/site-packages/airflow/example_dags/example_latest_only.py
[2026-05-16T02:44:12.237+0000] {processor.py:830} INFO - Processing file /home/airflow/.local/lib/python3.8/site-packages/airflow/example_dags/example_latest_only.py for tasks to queue
[2026-05-16T02:44:12.244+0000] {logging_mixin.py:188} INFO - [2026-05-16T02:44:12.243+0000] {dagbag.py:538} INFO - Filling up the DagBag from /home/airflow/.local/lib/python3.8/site-packages/airflow/example_dags/example_latest_only.py
[2026-05-16T02:44:12.277+0000] {processor.py:840} INFO - DAG(s) 'latest_only' retrieved from /home/airflow/.local/lib/python3.8/site-packages/airflow/example_dags/example_latest_only.py
[2026-05-16T02:44:12.587+0000] {logging_mixin.py:188} INFO - [2026-05-16T02:44:12.587+0000] {dag.py:3036} INFO - Sync 1 DAGs
[2026-05-16T02:44:12.631+0000] {logging_mixin.py:188} INFO - [2026-05-16T02:44:12.631+0000] {dag.py:3823} INFO - Setting next_dagrun for latest_only to 2026-05-15 20:00:00+00:00, run_after=2026-05-16 00:00:00+00:00
[2026-05-16T02:44:12.688+0000] {processor.py:183} INFO - Processing /home/airflow/.local/lib/python3.8/site-packages/airflow/example_dags/example_latest_only.py took 0.467 seconds
[2026-05-16T02:44:42.922+0000] {processor.py:161} INFO - Started process (PID=120) to work on /home/airflow/.local/lib/python3.8/site-packages/airflow/example_dags/example_latest_only.py
[2026-05-16T02:44:42.923+0000] {processor.py:830} INFO - Processing file /home/airflow/.local/lib/python3.8/site-packages/airflow/example_dags/example_latest_only.py for tasks to queue
[2026-05-16T02:44:42.928+0000] {logging_mixin.py:188} INFO - [2026-05-16T02:44:42.927+0000] {dagbag.py:538} INFO - Filling up the DagBag from /home/airflow/.local/lib/python3.8/site-packages/airflow/example_dags/example_latest_only.py
[2026-05-16T02:44:42.937+0000] {processor.py:840} INFO - DAG(s) 'latest_only' retrieved from /home/airflow/.local/lib/python3.8/site-packages/airflow/example_dags/example_latest_only.py
[2026-05-16T02:44:42.978+0000] {logging_mixin.py:188} INFO - [2026-05-16T02:44:42.978+0000] {dag.py:3036} INFO - Sync 1 DAGs
[2026-05-16T02:44:43.020+0000] {logging_mixin.py:188} INFO - [2026-05-16T02:44:43.019+0000] {dag.py:3823} INFO - Setting next_dagrun for latest_only to 2026-05-15 20:00:00+00:00, run_after=2026-05-16 00:00:00+00:00
[2026-05-16T02:44:43.054+0000] {processor.py:183} INFO - Processing /home/airflow/.local/lib/python3.8/site-packages/airflow/example_dags/example_latest_only.py took 0.136 seconds
[2026-05-16T02:45:13.222+0000] {processor.py:161} INFO - Started process (PID=185) to work on /home/airflow/.local/lib/python3.8/site-packages/airflow/example_dags/example_latest_only.py
[2026-05-16T02:45:13.224+0000] {processor.py:830} INFO - Processing file /home/airflow/.local/lib/python3.8/site-packages/airflow/example_dags/example_latest_only.py for tasks to queue
[2026-05-16T02:45:13.226+0000] {logging_mixin.py:188} INFO - [2026-05-16T02:45:13.226+0000] {dagbag.py:538} INFO - Filling up the DagBag from /home/airflow/.local/lib/python3.8/site-packages/airflow/example_dags/example_latest_only.py
[2026-05-16T02:45:13.235+0000] {processor.py:840} INFO - DAG(s) 'latest_only' retrieved from /home/airflow/.local/lib/python3.8/site-packages/airflow/example_dags/example_latest_only.py
[2026-05-16T02:45:13.278+0000] {logging_mixin.py:188} INFO - [2026-05-16T02:45:13.277+0000] {dag.py:3036} INFO - Sync 1 DAGs
[2026-05-16T02:45:13.323+0000] {logging_mixin.py:188} INFO - [2026-05-16T02:45:13.322+0000] {dag.py:3823} INFO - Setting next_dagrun for latest_only to 2026-05-15 20:00:00+00:00, run_after=2026-05-16 00:00:00+00:00
[2026-05-16T02:45:13.358+0000] {processor.py:183} INFO - Processing /home/airflow/.local/lib/python3.8/site-packages/airflow/example_dags/example_latest_only.py took 0.143 seconds
[2026-05-16T02:45:43.543+0000] {processor.py:161} INFO - Started process (PID=256) to work on /home/airflow/.local/lib/python3.8/site-packages/airflow/example_dags/example_latest_only.py
[2026-05-16T02:45:43.544+0000] {processor.py:830} INFO - Processing file /home/airflow/.local/lib/python3.8/site-packages/airflow/example_dags/example_latest_only.py for tasks to queue
[2026-05-16T02:45:43.547+0000] {logging_mixin.py:188} INFO - [2026-05-16T02:45:43.546+0000] {dagbag.py:538} INFO - Filling up the DagBag from /home/airflow/.local/lib/python3.8/site-packages/airflow/example_dags/example_latest_only.py
[2026-05-16T02:45:43.556+0000] {processor.py:840} INFO - DAG(s) 'latest_only' retrieved from /home/airflow/.local/lib/python3.8/site-packages/airflow/example_dags/example_latest_only.py
[2026-05-16T02:45:43.597+0000] {logging_mixin.py:188} INFO - [2026-05-16T02:45:43.597+0000] {dag.py:3036} INFO - Sync 1 DAGs
[2026-05-16T02:45:43.648+0000] {logging_mixin.py:188} INFO - [2026-05-16T02:45:43.648+0000] {dag.py:3823} INFO - Setting next_dagrun for latest_only to 2026-05-15 20:00:00+00:00, run_after=2026-05-16 00:00:00+00:00
[2026-05-16T02:45:43.689+0000] {processor.py:183} INFO - Processing /home/airflow/.local/lib/python3.8/site-packages/airflow/example_dags/example_latest_only.py took 0.153 seconds
[2026-05-16T02:46:14.004+0000] {processor.py:161} INFO - Started process (PID=322) to work on /home/airflow/.local/lib/python3.8/site-packages/airflow/example_dags/example_latest_only.py
[2026-05-16T02:46:14.006+0000] {processor.py:830} INFO - Processing file /home/airflow/.local/lib/python3.8/site-packages/airflow/example_dags/example_latest_only.py for tasks to queue
[2026-05-16T02:46:14.009+0000] {logging_mixin.py:188} INFO - [2026-05-16T02:46:14.008+0000] {dagbag.py:538} INFO - Filling up the DagBag from /home/airflow/.local/lib/python3.8/site-packages/airflow/example_dags/example_latest_only.py
[2026-05-16T02:46:14.017+0000] {processor.py:840} INFO - DAG(s) 'latest_only' retrieved from /home/airflow/.local/lib/python3.8/site-packages/airflow/example_dags/example_latest_only.py
[2026-05-16T02:46:14.059+0000] {logging_mixin.py:188} INFO - [2026-05-16T02:46:14.059+0000] {dag.py:3036} INFO - Sync 1 DAGs
[2026-05-16T02:46:14.115+0000] {logging_mixin.py:188} INFO - [2026-05-16T02:46:14.114+0000] {dag.py:3823} INFO - Setting next_dagrun for latest_only to 2026-05-15 20:00:00+00:00, run_after=2026-05-16 00:00:00+00:00
[2026-05-16T02:46:14.156+0000] {processor.py:183} INFO - Processing /home/airflow/.local/lib/python3.8/site-packages/airflow/example_dags/example_latest_only.py took 0.159 seconds
[2026-05-16T02:46:44.398+0000] {processor.py:161} INFO - Started process (PID=386) to work on /home/airflow/.local/lib/python3.8/site-packages/airflow/example_dags/example_latest_only.py
[2026-05-16T02:46:44.400+0000] {processor.py:830} INFO - Processing file /home/airflow/.local/lib/python3.8/site-packages/airflow/example_dags/example_latest_only.py for tasks to queue
[2026-05-16T02:46:44.404+0000] {logging_mixin.py:188} INFO - [2026-05-16T02:46:44.403+0000] {dagbag.py:538} INFO - Filling up the DagBag from /home/airflow/.local/lib/python3.8/site-packages/airflow/example_dags/example_latest_only.py
[2026-05-16T02:46:44.413+0000] {processor.py:840} INFO - DAG(s) 'latest_only' retrieved from /home/airflow/.local/lib/python3.8/site-packages/airflow/example_dags/example_latest_only.py
[2026-05-16T02:46:44.463+0000] {logging_mixin.py:188} INFO - [2026-05-16T02:46:44.463+0000] {dag.py:3036} INFO - Sync 1 DAGs
[2026-05-16T02:46:44.504+0000] {logging_mixin.py:188} INFO - [2026-05-16T02:46:44.504+0000] {dag.py:3823} INFO - Setting next_dagrun for latest_only to 2026-05-15 20:00:00+00:00, run_after=2026-05-16 00:00:00+00:00
[2026-05-16T02:46:44.534+0000] {processor.py:183} INFO - Processing /home/airflow/.local/lib/python3.8/site-packages/airflow/example_dags/example_latest_only.py took 0.147 seconds
[2026-05-16T02:47:14.715+0000] {processor.py:161} INFO - Started process (PID=450) to work on /home/airflow/.local/lib/python3.8/site-packages/airflow/example_dags/example_latest_only.py
[2026-05-16T02:47:14.718+0000] {processor.py:830} INFO - Processing file /home/airflow/.local/lib/python3.8/site-packages/airflow/example_dags/example_latest_only.py for tasks to queue
[2026-05-16T02:47:14.721+0000] {logging_mixin.py:188} INFO - [2026-05-16T02:47:14.720+0000] {dagbag.py:538} INFO - Filling up the DagBag from /home/airflow/.local/lib/python3.8/site-packages/airflow/example_dags/example_latest_only.py
[2026-05-16T02:47:14.730+0000] {processor.py:840} INFO - DAG(s) 'latest_only' retrieved from /home/airflow/.local/lib/python3.8/site-packages/airflow/example_dags/example_latest_only.py
[2026-05-16T02:47:14.775+0000] {logging_mixin.py:188} INFO - [2026-05-16T02:47:14.775+0000] {dag.py:3036} INFO - Sync 1 DAGs
[2026-05-16T02:47:14.815+0000] {logging_mixin.py:188} INFO - [2026-05-16T02:47:14.815+0000] {dag.py:3823} INFO - Setting next_dagrun for latest_only to 2026-05-15 20:00:00+00:00, run_after=2026-05-16 00:00:00+00:00
[2026-05-16T02:47:14.849+0000] {processor.py:183} INFO - Processing /home/airflow/.local/lib/python3.8/site-packages/airflow/example_dags/example_latest_only.py took 0.140 seconds
[2026-05-16T02:47:45.443+0000] {processor.py:161} INFO - Started process (PID=515) to work on /home/airflow/.local/lib/python3.8/site-packages/airflow/example_dags/example_latest_only.py
[2026-05-16T02:47:45.445+0000] {processor.py:830} INFO - Processing file /home/airflow/.local/lib/python3.8/site-packages/airflow/example_dags/example_latest_only.py for tasks to queue
[2026-05-16T02:47:45.447+0000] {logging_mixin.py:188} INFO - [2026-05-16T02:47:45.447+0000] {dagbag.py:538} INFO - Filling up the DagBag from /home/airflow/.local/lib/python3.8/site-packages/airflow/example_dags/example_latest_only.py
[2026-05-16T02:47:45.456+0000] {processor.py:840} INFO - DAG(s) 'latest_only' retrieved from /home/airflow/.local/lib/python3.8/site-packages/airflow/example_dags/example_latest_only.py
[2026-05-16T02:47:45.494+0000] {logging_mixin.py:188} INFO - [2026-05-16T02:47:45.494+0000] {dag.py:3036} INFO - Sync 1 DAGs
[2026-05-16T02:47:45.530+0000] {logging_mixin.py:188} INFO - [2026-05-16T02:47:45.530+0000] {dag.py:3823} INFO - Setting next_dagrun for latest_only to 2026-05-15 20:00:00+00:00, run_after=2026-05-16 00:00:00+00:00
[2026-05-16T02:47:45.562+0000] {processor.py:183} INFO - Processing /home/airflow/.local/lib/python3.8/site-packages/airflow/example_dags/example_latest_only.py took 0.125 seconds
[2026-05-16T02:48:16.000+0000] {processor.py:161} INFO - Started process (PID=581) to work on /home/airflow/.local/lib/python3.8/site-packages/airflow/example_dags/example_latest_only.py
[2026-05-16T02:48:16.002+0000] {processor.py:830} INFO - Processing file /home/airflow/.local/lib/python3.8/site-packages/airflow/example_dags/example_latest_only.py for tasks to queue
[2026-05-16T02:48:16.005+0000] {logging_mixin.py:188} INFO - [2026-05-16T02:48:16.005+0000] {dagbag.py:538} INFO - Filling up the DagBag from /home/airflow/.local/lib/python3.8/site-packages/airflow/example_dags/example_latest_only.py
[2026-05-16T02:48:16.012+0000] {processor.py:840} INFO - DAG(s) 'latest_only' retrieved from /home/airflow/.local/lib/python3.8/site-packages/airflow/example_dags/example_latest_only.py
[2026-05-16T02:48:16.054+0000] {logging_mixin.py:188} INFO - [2026-05-16T02:48:16.054+0000] {dag.py:3036} INFO - Sync 1 DAGs
[2026-05-16T02:48:16.091+0000] {logging_mixin.py:188} INFO - [2026-05-16T02:48:16.090+0000] {dag.py:3823} INFO - Setting next_dagrun for latest_only to 2026-05-15 20:00:00+00:00, run_after=2026-05-16 00:00:00+00:00
[2026-05-16T02:48:16.122+0000] {processor.py:183} INFO - Processing /home/airflow/.local/lib/python3.8/site-packages/airflow/example_dags/example_latest_only.py took 0.127 seconds
[2026-05-16T02:48:46.255+0000] {processor.py:161} INFO - Started process (PID=646) to work on /home/airflow/.local/lib/python3.8/site-packages/airflow/example_dags/example_latest_only.py
[2026-05-16T02:48:46.256+0000] {processor.py:830} INFO - Processing file /home/airflow/.local/lib/python3.8/site-packages/airflow/example_dags/example_latest_only.py for tasks to queue
[2026-05-16T02:48:46.259+0000] {logging_mixin.py:188} INFO - [2026-05-16T02:48:46.258+0000] {dagbag.py:538} INFO - Filling up the DagBag from /home/airflow/.local/lib/python3.8/site-packages/airflow/example_dags/example_latest_only.py
[2026-05-16T02:48:46.266+0000] {processor.py:840} INFO - DAG(s) 'latest_only' retrieved from /home/airflow/.local/lib/python3.8/site-packages/airflow/example_dags/example_latest_only.py
[2026-05-16T02:48:46.302+0000] {logging_mixin.py:188} INFO - [2026-05-16T02:48:46.301+0000] {dag.py:3036} INFO - Sync 1 DAGs
[2026-05-16T02:48:46.337+0000] {logging_mixin.py:188} INFO - [2026-05-16T02:48:46.337+0000] {dag.py:3823} INFO - Setting next_dagrun for latest_only to 2026-05-15 20:00:00+00:00, run_after=2026-05-16 00:00:00+00:00
[2026-05-16T02:48:46.365+0000] {processor.py:183} INFO - Processing /home/airflow/.local/lib/python3.8/site-packages/airflow/example_dags/example_latest_only.py took 0.115 seconds
[2026-05-16T02:49:16.686+0000] {processor.py:161} INFO - Started process (PID=710) to work on /home/airflow/.local/lib/python3.8/site-packages/airflow/example_dags/example_latest_only.py
[2026-05-16T02:49:16.689+0000] {processor.py:830} INFO - Processing file /home/airflow/.local/lib/python3.8/site-packages/airflow/example_dags/example_latest_only.py for tasks to queue
[2026-05-16T02:49:16.691+0000] {logging_mixin.py:188} INFO - [2026-05-16T02:49:16.691+0000] {dagbag.py:538} INFO - Filling up the DagBag from /home/airflow/.local/lib/python3.8/site-packages/airflow/example_dags/example_latest_only.py
[2026-05-16T02:49:16.699+0000] {processor.py:840} INFO - DAG(s) 'latest_only' retrieved from /home/airflow/.local/lib/python3.8/site-packages/airflow/example_dags/example_latest_only.py
[2026-05-16T02:49:16.736+0000] {logging_mixin.py:188} INFO - [2026-05-16T02:49:16.736+0000] {dag.py:3036} INFO - Sync 1 DAGs
[2026-05-16T02:49:16.774+0000] {logging_mixin.py:188} INFO - [2026-05-16T02:49:16.773+0000] {dag.py:3823} INFO - Setting next_dagrun for latest_only to 2026-05-15 20:00:00+00:00, run_after=2026-05-16 00:00:00+00:00
[2026-05-16T02:49:16.806+0000] {processor.py:183} INFO - Processing /home/airflow/.local/lib/python3.8/site-packages/airflow/example_dags/example_latest_only.py took 0.125 seconds
[2026-05-16T02:49:46.969+0000] {processor.py:161} INFO - Started process (PID=775) to work on /home/airflow/.local/lib/python3.8/site-packages/airflow/example_dags/example_latest_only.py
[2026-05-16T02:49:46.970+0000] {processor.py:830} INFO - Processing file /home/airflow/.local/lib/python3.8/site-packages/airflow/example_dags/example_latest_only.py for tasks to queue
[2026-05-16T02:49:46.973+0000] {logging_mixin.py:188} INFO - [2026-05-16T02:49:46.973+0000] {dagbag.py:538} INFO - Filling up the DagBag from /home/airflow/.local/lib/python3.8/site-packages/airflow/example_dags/example_latest_only.py
[2026-05-16T02:49:46.982+0000] {processor.py:840} INFO - DAG(s) 'latest_only' retrieved from /home/airflow/.local/lib/python3.8/site-packages/airflow/example_dags/example_latest_only.py
[2026-05-16T02:49:47.022+0000] {logging_mixin.py:188} INFO - [2026-05-16T02:49:47.022+0000] {dag.py:3036} INFO - Sync 1 DAGs
[2026-05-16T02:49:47.063+0000] {logging_mixin.py:188} INFO - [2026-05-16T02:49:47.063+0000] {dag.py:3823} INFO - Setting next_dagrun for latest_only to 2026-05-15 20:00:00+00:00, run_after=2026-05-16 00:00:00+00:00
[2026-05-16T02:49:47.096+0000] {processor.py:183} INFO - Processing /home/airflow/.local/lib/python3.8/site-packages/airflow/example_dags/example_latest_only.py took 0.134 seconds
[2026-05-16T02:50:17.263+0000] {processor.py:161} INFO - Started process (PID=838) to work on /home/airflow/.local/lib/python3.8/site-packages/airflow/example_dags/example_latest_only.py
[2026-05-16T02:50:17.265+0000] {processor.py:830} INFO - Processing file /home/airflow/.local/lib/python3.8/site-packages/airflow/example_dags/example_latest_only.py for tasks to queue
[2026-05-16T02:50:17.267+0000] {logging_mixin.py:188} INFO - [2026-05-16T02:50:17.267+0000] {dagbag.py:538} INFO - Filling up the DagBag from /home/airflow/.local/lib/python3.8/site-packages/airflow/example_dags/example_latest_only.py
[2026-05-16T02:50:17.274+0000] {processor.py:840} INFO - DAG(s) 'latest_only' retrieved from /home/airflow/.local/lib/python3.8/site-packages/airflow/example_dags/example_latest_only.py
[2026-05-16T02:50:17.310+0000] {logging_mixin.py:188} INFO - [2026-05-16T02:50:17.309+0000] {dag.py:3036} INFO - Sync 1 DAGs
[2026-05-16T02:50:17.346+0000] {logging_mixin.py:188} INFO - [2026-05-16T02:50:17.346+0000] {dag.py:3823} INFO - Setting next_dagrun for latest_only to 2026-05-15 20:00:00+00:00, run_after=2026-05-16 00:00:00+00:00
[2026-05-16T02:50:17.378+0000] {processor.py:183} INFO - Processing /home/airflow/.local/lib/python3.8/site-packages/airflow/example_dags/example_latest_only.py took 0.120 seconds
[2026-05-16T02:50:47.769+0000] {processor.py:161} INFO - Started process (PID=904) to work on /home/airflow/.local/lib/python3.8/site-packages/airflow/example_dags/example_latest_only.py
[2026-05-16T02:50:47.771+0000] {processor.py:830} INFO - Processing file /home/airflow/.local/lib/python3.8/site-packages/airflow/example_dags/example_latest_only.py for tasks to queue
[2026-05-16T02:50:47.773+0000] {logging_mixin.py:188} INFO - [2026-05-16T02:50:47.773+0000] {dagbag.py:538} INFO - Filling up the DagBag from /home/airflow/.local/lib/python3.8/site-packages/airflow/example_dags/example_latest_only.py
[2026-05-16T02:50:47.782+0000] {processor.py:840} INFO - DAG(s) 'latest_only' retrieved from /home/airflow/.local/lib/python3.8/site-packages/airflow/example_dags/example_latest_only.py
[2026-05-16T02:50:47.822+0000] {logging_mixin.py:188} INFO - [2026-05-16T02:50:47.821+0000] {dag.py:3036} INFO - Sync 1 DAGs
[2026-05-16T02:50:47.860+0000] {logging_mixin.py:188} INFO - [2026-05-16T02:50:47.859+0000] {dag.py:3823} INFO - Setting next_dagrun for latest_only to 2026-05-15 20:00:00+00:00, run_after=2026-05-16 00:00:00+00:00
[2026-05-16T02:50:47.886+0000] {processor.py:183} INFO - Processing /home/airflow/.local/lib/python3.8/site-packages/airflow/example_dags/example_latest_only.py took 0.122 seconds
[2026-05-16T02:51:18.006+0000] {processor.py:161} INFO - Started process (PID=967) to work on /home/airflow/.local/lib/python3.8/site-packages/airflow/example_dags/example_latest_only.py
[2026-05-16T02:51:18.008+0000] {processor.py:830} INFO - Processing file /home/airflow/.local/lib/python3.8/site-packages/airflow/example_dags/example_latest_only.py for tasks to queue
[2026-05-16T02:51:18.010+0000] {logging_mixin.py:188} INFO - [2026-05-16T02:51:18.010+0000] {dagbag.py:538} INFO - Filling up the DagBag from /home/airflow/.local/lib/python3.8/site-packages/airflow/example_dags/example_latest_only.py
[2026-05-16T02:51:18.018+0000] {processor.py:840} INFO - DAG(s) 'latest_only' retrieved from /home/airflow/.local/lib/python3.8/site-packages/airflow/example_dags/example_latest_only.py
[2026-05-16T02:51:18.054+0000] {logging_mixin.py:188} INFO - [2026-05-16T02:51:18.053+0000] {dag.py:3036} INFO - Sync 1 DAGs
[2026-05-16T02:51:18.091+0000] {logging_mixin.py:188} INFO - [2026-05-16T02:51:18.091+0000] {dag.py:3823} INFO - Setting next_dagrun for latest_only to 2026-05-15 20:00:00+00:00, run_after=2026-05-16 00:00:00+00:00
[2026-05-16T02:51:18.122+0000] {processor.py:183} INFO - Processing /home/airflow/.local/lib/python3.8/site-packages/airflow/example_dags/example_latest_only.py took 0.120 seconds
[2026-05-16T02:51:48.256+0000] {processor.py:161} INFO - Started process (PID=1032) to work on /home/airflow/.local/lib/python3.8/site-packages/airflow/example_dags/example_latest_only.py
[2026-05-16T02:51:48.257+0000] {processor.py:830} INFO - Processing file /home/airflow/.local/lib/python3.8/site-packages/airflow/example_dags/example_latest_only.py for tasks to queue
[2026-05-16T02:51:48.260+0000] {logging_mixin.py:188} INFO - [2026-05-16T02:51:48.260+0000] {dagbag.py:538} INFO - Filling up the DagBag from /home/airflow/.local/lib/python3.8/site-packages/airflow/example_dags/example_latest_only.py
[2026-05-16T02:51:48.268+0000] {processor.py:840} INFO - DAG(s) 'latest_only' retrieved from /home/airflow/.local/lib/python3.8/site-packages/airflow/example_dags/example_latest_only.py
[2026-05-16T02:51:48.305+0000] {logging_mixin.py:188} INFO - [2026-05-16T02:51:48.305+0000] {dag.py:3036} INFO - Sync 1 DAGs
[2026-05-16T02:51:48.343+0000] {logging_mixin.py:188} INFO - [2026-05-16T02:51:48.343+0000] {dag.py:3823} INFO - Setting next_dagrun for latest_only to 2026-05-15 20:00:00+00:00, run_after=2026-05-16 00:00:00+00:00
[2026-05-16T02:51:48.372+0000] {processor.py:183} INFO - Processing /home/airflow/.local/lib/python3.8/site-packages/airflow/example_dags/example_latest_only.py took 0.121 seconds
[2026-05-16T02:52:18.542+0000] {processor.py:161} INFO - Started process (PID=1105) to work on /home/airflow/.local/lib/python3.8/site-packages/airflow/example_dags/example_latest_only.py
[2026-05-16T02:52:18.544+0000] {processor.py:830} INFO - Processing file /home/airflow/.local/lib/python3.8/site-packages/airflow/example_dags/example_latest_only.py for tasks to queue
[2026-05-16T02:52:18.547+0000] {logging_mixin.py:188} INFO - [2026-05-16T02:52:18.546+0000] {dagbag.py:538} INFO - Filling up the DagBag from /home/airflow/.local/lib/python3.8/site-packages/airflow/example_dags/example_latest_only.py
[2026-05-16T02:52:18.556+0000] {processor.py:840} INFO - DAG(s) 'latest_only' retrieved from /home/airflow/.local/lib/python3.8/site-packages/airflow/example_dags/example_latest_only.py
[2026-05-16T02:52:18.597+0000] {logging_mixin.py:188} INFO - [2026-05-16T02:52:18.597+0000] {dag.py:3036} INFO - Sync 1 DAGs
[2026-05-16T02:52:18.637+0000] {logging_mixin.py:188} INFO - [2026-05-16T02:52:18.637+0000] {dag.py:3823} INFO - Setting next_dagrun for latest_only to 2026-05-15 20:00:00+00:00, run_after=2026-05-16 00:00:00+00:00
[2026-05-16T02:52:18.668+0000] {processor.py:183} INFO - Processing /home/airflow/.local/lib/python3.8/site-packages/airflow/example_dags/example_latest_only.py took 0.132 seconds
[2026-05-16T02:52:49.025+0000] {processor.py:161} INFO - Started process (PID=1171) to work on /home/airflow/.local/lib/python3.8/site-packages/airflow/example_dags/example_latest_only.py
[2026-05-16T02:52:49.027+0000] {processor.py:830} INFO - Processing file /home/airflow/.local/lib/python3.8/site-packages/airflow/example_dags/example_latest_only.py for tasks to queue
[2026-05-16T02:52:49.029+0000] {logging_mixin.py:188} INFO - [2026-05-16T02:52:49.029+0000] {dagbag.py:538} INFO - Filling up the DagBag from /home/airflow/.local/lib/python3.8/site-packages/airflow/example_dags/example_latest_only.py
[2026-05-16T02:52:49.038+0000] {processor.py:840} INFO - DAG(s) 'latest_only' retrieved from /home/airflow/.local/lib/python3.8/site-packages/airflow/example_dags/example_latest_only.py
[2026-05-16T02:52:49.076+0000] {logging_mixin.py:188} INFO - [2026-05-16T02:52:49.075+0000] {dag.py:3036} INFO - Sync 1 DAGs
[2026-05-16T02:52:49.116+0000] {logging_mixin.py:188} INFO - [2026-05-16T02:52:49.115+0000] {dag.py:3823} INFO - Setting next_dagrun for latest_only to 2026-05-15 20:00:00+00:00, run_after=2026-05-16 00:00:00+00:00
[2026-05-16T02:52:49.144+0000] {processor.py:183} INFO - Processing /home/airflow/.local/lib/python3.8/site-packages/airflow/example_dags/example_latest_only.py took 0.125 seconds
[2026-05-16T02:53:19.537+0000] {processor.py:161} INFO - Started process (PID=1236) to work on /home/airflow/.local/lib/python3.8/site-packages/airflow/example_dags/example_latest_only.py
[2026-05-16T02:53:19.540+0000] {processor.py:830} INFO - Processing file /home/airflow/.local/lib/python3.8/site-packages/airflow/example_dags/example_latest_only.py for tasks to queue
[2026-05-16T02:53:19.543+0000] {logging_mixin.py:188} INFO - [2026-05-16T02:53:19.542+0000] {dagbag.py:538} INFO - Filling up the DagBag from /home/airflow/.local/lib/python3.8/site-packages/airflow/example_dags/example_latest_only.py
[2026-05-16T02:53:19.552+0000] {processor.py:840} INFO - DAG(s) 'latest_only' retrieved from /home/airflow/.local/lib/python3.8/site-packages/airflow/example_dags/example_latest_only.py
[2026-05-16T02:53:19.602+0000] {logging_mixin.py:188} INFO - [2026-05-16T02:53:19.602+0000] {dag.py:3036} INFO - Sync 1 DAGs
[2026-05-16T02:53:19.648+0000] {logging_mixin.py:188} INFO - [2026-05-16T02:53:19.648+0000] {dag.py:3823} INFO - Setting next_dagrun for latest_only to 2026-05-15 20:00:00+00:00, run_after=2026-05-16 00:00:00+00:00
[2026-05-16T02:53:19.683+0000] {processor.py:183} INFO - Processing /home/airflow/.local/lib/python3.8/site-packages/airflow/example_dags/example_latest_only.py took 0.163 seconds
[2026-05-16T02:53:49.735+0000] {processor.py:161} INFO - Started process (PID=1300) to work on /home/airflow/.local/lib/python3.8/site-packages/airflow/example_dags/example_latest_only.py
[2026-05-16T02:53:49.737+0000] {processor.py:830} INFO - Processing file /home/airflow/.local/lib/python3.8/site-packages/airflow/example_dags/example_latest_only.py for tasks to queue
[2026-05-16T02:53:49.740+0000] {logging_mixin.py:188} INFO - [2026-05-16T02:53:49.739+0000] {dagbag.py:538} INFO - Filling up the DagBag from /home/airflow/.local/lib/python3.8/site-packages/airflow/example_dags/example_latest_only.py
[2026-05-16T02:53:49.749+0000] {processor.py:840} INFO - DAG(s) 'latest_only' retrieved from /home/airflow/.local/lib/python3.8/site-packages/airflow/example_dags/example_latest_only.py
[2026-05-16T02:53:49.789+0000] {logging_mixin.py:188} INFO - [2026-05-16T02:53:49.789+0000] {dag.py:3036} INFO - Sync 1 DAGs
[2026-05-16T02:53:49.833+0000] {logging_mixin.py:188} INFO - [2026-05-16T02:53:49.833+0000] {dag.py:3823} INFO - Setting next_dagrun for latest_only to 2026-05-15 20:00:00+00:00, run_after=2026-05-16 00:00:00+00:00
[2026-05-16T02:53:49.869+0000] {processor.py:183} INFO - Processing /home/airflow/.local/lib/python3.8/site-packages/airflow/example_dags/example_latest_only.py took 0.140 seconds
[2026-05-16T02:54:20.386+0000] {processor.py:161} INFO - Started process (PID=1365) to work on /home/airflow/.local/lib/python3.8/site-packages/airflow/example_dags/example_latest_only.py
[2026-05-16T02:54:20.388+0000] {processor.py:830} INFO - Processing file /home/airflow/.local/lib/python3.8/site-packages/airflow/example_dags/example_latest_only.py for tasks to queue
[2026-05-16T02:54:20.390+0000] {logging_mixin.py:188} INFO - [2026-05-16T02:54:20.390+0000] {dagbag.py:538} INFO - Filling up the DagBag from /home/airflow/.local/lib/python3.8/site-packages/airflow/example_dags/example_latest_only.py
[2026-05-16T02:54:20.399+0000] {processor.py:840} INFO - DAG(s) 'latest_only' retrieved from /home/airflow/.local/lib/python3.8/site-packages/airflow/example_dags/example_latest_only.py
[2026-05-16T02:54:20.437+0000] {logging_mixin.py:188} INFO - [2026-05-16T02:54:20.437+0000] {dag.py:3036} INFO - Sync 1 DAGs
[2026-05-16T02:54:20.474+0000] {logging_mixin.py:188} INFO - [2026-05-16T02:54:20.474+0000] {dag.py:3823} INFO - Setting next_dagrun for latest_only to 2026-05-15 20:00:00+00:00, run_after=2026-05-16 00:00:00+00:00
[2026-05-16T02:54:20.500+0000] {processor.py:183} INFO - Processing /home/airflow/.local/lib/python3.8/site-packages/airflow/example_dags/example_latest_only.py took 0.125 seconds
[2026-05-16T02:54:50.673+0000] {processor.py:161} INFO - Started process (PID=1430) to work on /home/airflow/.local/lib/python3.8/site-packages/airflow/example_dags/example_latest_only.py
[2026-05-16T02:54:50.675+0000] {processor.py:830} INFO - Processing file /home/airflow/.local/lib/python3.8/site-packages/airflow/example_dags/example_latest_only.py for tasks to queue
[2026-05-16T02:54:50.677+0000] {logging_mixin.py:188} INFO - [2026-05-16T02:54:50.677+0000] {dagbag.py:538} INFO - Filling up the DagBag from /home/airflow/.local/lib/python3.8/site-packages/airflow/example_dags/example_latest_only.py
[2026-05-16T02:54:50.685+0000] {processor.py:840} INFO - DAG(s) 'latest_only' retrieved from /home/airflow/.local/lib/python3.8/site-packages/airflow/example_dags/example_latest_only.py
[2026-05-16T02:54:50.723+0000] {logging_mixin.py:188} INFO - [2026-05-16T02:54:50.723+0000] {dag.py:3036} INFO - Sync 1 DAGs
[2026-05-16T02:54:50.760+0000] {logging_mixin.py:188} INFO - [2026-05-16T02:54:50.759+0000] {dag.py:3823} INFO - Setting next_dagrun for latest_only to 2026-05-15 20:00:00+00:00, run_after=2026-05-16 00:00:00+00:00
[2026-05-16T02:54:50.788+0000] {processor.py:183} INFO - Processing /home/airflow/.local/lib/python3.8/site-packages/airflow/example_dags/example_latest_only.py took 0.120 seconds
[2026-05-16T02:55:21.023+0000] {processor.py:161} INFO - Started process (PID=1496) to work on /home/airflow/.local/lib/python3.8/site-packages/airflow/example_dags/example_latest_only.py
[2026-05-16T02:55:21.025+0000] {processor.py:830} INFO - Processing file /home/airflow/.local/lib/python3.8/site-packages/airflow/example_dags/example_latest_only.py for tasks to queue
[2026-05-16T02:55:21.027+0000] {logging_mixin.py:188} INFO - [2026-05-16T02:55:21.027+0000] {dagbag.py:538} INFO - Filling up the DagBag from /home/airflow/.local/lib/python3.8/site-packages/airflow/example_dags/example_latest_only.py
[2026-05-16T02:55:21.034+0000] {processor.py:840} INFO - DAG(s) 'latest_only' retrieved from /home/airflow/.local/lib/python3.8/site-packages/airflow/example_dags/example_latest_only.py
[2026-05-16T02:55:21.077+0000] {logging_mixin.py:188} INFO - [2026-05-16T02:55:21.077+0000] {dag.py:3036} INFO - Sync 1 DAGs
[2026-05-16T02:55:21.117+0000] {logging_mixin.py:188} INFO - [2026-05-16T02:55:21.117+0000] {dag.py:3823} INFO - Setting next_dagrun for latest_only to 2026-05-15 20:00:00+00:00, run_after=2026-05-16 00:00:00+00:00
[2026-05-16T02:55:21.148+0000] {processor.py:183} INFO - Processing /home/airflow/.local/lib/python3.8/site-packages/airflow/example_dags/example_latest_only.py took 0.130 seconds
[2026-05-16T02:55:51.473+0000] {processor.py:161} INFO - Started process (PID=1562) to work on /home/airflow/.local/lib/python3.8/site-packages/airflow/example_dags/example_latest_only.py
[2026-05-16T02:55:51.475+0000] {processor.py:830} INFO - Processing file /home/airflow/.local/lib/python3.8/site-packages/airflow/example_dags/example_latest_only.py for tasks to queue
[2026-05-16T02:55:51.477+0000] {logging_mixin.py:188} INFO - [2026-05-16T02:55:51.477+0000] {dagbag.py:538} INFO - Filling up the DagBag from /home/airflow/.local/lib/python3.8/site-packages/airflow/example_dags/example_latest_only.py
[2026-05-16T02:55:51.484+0000] {processor.py:840} INFO - DAG(s) 'latest_only' retrieved from /home/airflow/.local/lib/python3.8/site-packages/airflow/example_dags/example_latest_only.py
[2026-05-16T02:55:51.522+0000] {logging_mixin.py:188} INFO - [2026-05-16T02:55:51.522+0000] {dag.py:3036} INFO - Sync 1 DAGs
[2026-05-16T02:55:51.562+0000] {logging_mixin.py:188} INFO - [2026-05-16T02:55:51.562+0000] {dag.py:3823} INFO - Setting next_dagrun for latest_only to 2026-05-15 20:00:00+00:00, run_after=2026-05-16 00:00:00+00:00
[2026-05-16T02:55:51.594+0000] {processor.py:183} INFO - Processing /home/airflow/.local/lib/python3.8/site-packages/airflow/example_dags/example_latest_only.py took 0.125 seconds
[2026-05-16T02:56:22.210+0000] {processor.py:161} INFO - Started process (PID=1624) to work on /home/airflow/.local/lib/python3.8/site-packages/airflow/example_dags/example_latest_only.py
[2026-05-16T02:56:22.212+0000] {processor.py:830} INFO - Processing file /home/airflow/.local/lib/python3.8/site-packages/airflow/example_dags/example_latest_only.py for tasks to queue
[2026-05-16T02:56:22.214+0000] {logging_mixin.py:188} INFO - [2026-05-16T02:56:22.214+0000] {dagbag.py:538} INFO - Filling up the DagBag from /home/airflow/.local/lib/python3.8/site-packages/airflow/example_dags/example_latest_only.py
[2026-05-16T02:56:22.222+0000] {processor.py:840} INFO - DAG(s) 'latest_only' retrieved from /home/airflow/.local/lib/python3.8/site-packages/airflow/example_dags/example_latest_only.py
[2026-05-16T02:56:22.265+0000] {logging_mixin.py:188} INFO - [2026-05-16T02:56:22.264+0000] {dag.py:3036} INFO - Sync 1 DAGs
[2026-05-16T02:56:22.301+0000] {logging_mixin.py:188} INFO - [2026-05-16T02:56:22.301+0000] {dag.py:3823} INFO - Setting next_dagrun for latest_only to 2026-05-15 20:00:00+00:00, run_after=2026-05-16 00:00:00+00:00
[2026-05-16T02:56:22.330+0000] {processor.py:183} INFO - Processing /home/airflow/.local/lib/python3.8/site-packages/airflow/example_dags/example_latest_only.py took 0.125 seconds
[2026-05-16T02:56:52.553+0000] {processor.py:161} INFO - Started process (PID=1690) to work on /home/airflow/.local/lib/python3.8/site-packages/airflow/example_dags/example_latest_only.py
[2026-05-16T02:56:52.554+0000] {processor.py:830} INFO - Processing file /home/airflow/.local/lib/python3.8/site-packages/airflow/example_dags/example_latest_only.py for tasks to queue
[2026-05-16T02:56:52.557+0000] {logging_mixin.py:188} INFO - [2026-05-16T02:56:52.557+0000] {dagbag.py:538} INFO - Filling up the DagBag from /home/airflow/.local/lib/python3.8/site-packages/airflow/example_dags/example_latest_only.py
[2026-05-16T02:56:52.565+0000] {processor.py:840} INFO - DAG(s) 'latest_only' retrieved from /home/airflow/.local/lib/python3.8/site-packages/airflow/example_dags/example_latest_only.py
[2026-05-16T02:56:52.607+0000] {logging_mixin.py:188} INFO - [2026-05-16T02:56:52.606+0000] {dag.py:3036} INFO - Sync 1 DAGs
[2026-05-16T02:56:52.643+0000] {logging_mixin.py:188} INFO - [2026-05-16T02:56:52.643+0000] {dag.py:3823} INFO - Setting next_dagrun for latest_only to 2026-05-15 20:00:00+00:00, run_after=2026-05-16 00:00:00+00:00
[2026-05-16T02:56:52.673+0000] {processor.py:183} INFO - Processing /home/airflow/.local/lib/python3.8/site-packages/airflow/example_dags/example_latest_only.py took 0.125 seconds
[2026-05-16T02:57:22.832+0000] {processor.py:161} INFO - Started process (PID=1755) to work on /home/airflow/.local/lib/python3.8/site-packages/airflow/example_dags/example_latest_only.py
[2026-05-16T02:57:22.834+0000] {processor.py:830} INFO - Processing file /home/airflow/.local/lib/python3.8/site-packages/airflow/example_dags/example_latest_only.py for tasks to queue
[2026-05-16T02:57:22.837+0000] {logging_mixin.py:188} INFO - [2026-05-16T02:57:22.837+0000] {dagbag.py:538} INFO - Filling up the DagBag from /home/airflow/.local/lib/python3.8/site-packages/airflow/example_dags/example_latest_only.py
[2026-05-16T02:57:22.845+0000] {processor.py:840} INFO - DAG(s) 'latest_only' retrieved from /home/airflow/.local/lib/python3.8/site-packages/airflow/example_dags/example_latest_only.py
[2026-05-16T02:57:22.886+0000] {logging_mixin.py:188} INFO - [2026-05-16T02:57:22.886+0000] {dag.py:3036} INFO - Sync 1 DAGs
[2026-05-16T02:57:22.925+0000] {logging_mixin.py:188} INFO - [2026-05-16T02:57:22.925+0000] {dag.py:3823} INFO - Setting next_dagrun for latest_only to 2026-05-15 20:00:00+00:00, run_after=2026-05-16 00:00:00+00:00
[2026-05-16T02:57:22.955+0000] {processor.py:183} INFO - Processing /home/airflow/.local/lib/python3.8/site-packages/airflow/example_dags/example_latest_only.py took 0.129 seconds
[2026-05-16T02:57:53.364+0000] {processor.py:161} INFO - Started process (PID=1821) to work on /home/airflow/.local/lib/python3.8/site-packages/airflow/example_dags/example_latest_only.py
[2026-05-16T02:57:53.366+0000] {processor.py:830} INFO - Processing file /home/airflow/.local/lib/python3.8/site-packages/airflow/example_dags/example_latest_only.py for tasks to queue
[2026-05-16T02:57:53.369+0000] {logging_mixin.py:188} INFO - [2026-05-16T02:57:53.368+0000] {dagbag.py:538} INFO - Filling up the DagBag from /home/airflow/.local/lib/python3.8/site-packages/airflow/example_dags/example_latest_only.py
[2026-05-16T02:57:53.380+0000] {processor.py:840} INFO - DAG(s) 'latest_only' retrieved from /home/airflow/.local/lib/python3.8/site-packages/airflow/example_dags/example_latest_only.py
[2026-05-16T02:57:53.426+0000] {logging_mixin.py:188} INFO - [2026-05-16T02:57:53.426+0000] {dag.py:3036} INFO - Sync 1 DAGs
[2026-05-16T02:57:53.471+0000] {logging_mixin.py:188} INFO - [2026-05-16T02:57:53.471+0000] {dag.py:3823} INFO - Setting next_dagrun for latest_only to 2026-05-15 20:00:00+00:00, run_after=2026-05-16 00:00:00+00:00
[2026-05-16T02:57:53.506+0000] {processor.py:183} INFO - Processing /home/airflow/.local/lib/python3.8/site-packages/airflow/example_dags/example_latest_only.py took 0.148 seconds
[2026-05-16T02:58:23.657+0000] {processor.py:161} INFO - Started process (PID=1887) to work on /home/airflow/.local/lib/python3.8/site-packages/airflow/example_dags/example_latest_only.py
[2026-05-16T02:58:23.660+0000] {processor.py:830} INFO - Processing file /home/airflow/.local/lib/python3.8/site-packages/airflow/example_dags/example_latest_only.py for tasks to queue
[2026-05-16T02:58:23.663+0000] {logging_mixin.py:188} INFO - [2026-05-16T02:58:23.662+0000] {dagbag.py:538} INFO - Filling up the DagBag from /home/airflow/.local/lib/python3.8/site-packages/airflow/example_dags/example_latest_only.py
[2026-05-16T02:58:23.671+0000] {processor.py:840} INFO - DAG(s) 'latest_only' retrieved from /home/airflow/.local/lib/python3.8/site-packages/airflow/example_dags/example_latest_only.py
[2026-05-16T02:58:23.709+0000] {logging_mixin.py:188} INFO - [2026-05-16T02:58:23.709+0000] {dag.py:3036} INFO - Sync 1 DAGs
[2026-05-16T02:58:23.752+0000] {logging_mixin.py:188} INFO - [2026-05-16T02:58:23.752+0000] {dag.py:3823} INFO - Setting next_dagrun for latest_only to 2026-05-15 20:00:00+00:00, run_after=2026-05-16 00:00:00+00:00
[2026-05-16T02:58:23.786+0000] {processor.py:183} INFO - Processing /home/airflow/.local/lib/python3.8/site-packages/airflow/example_dags/example_latest_only.py took 0.135 seconds
[2026-05-16T02:58:53.890+0000] {processor.py:161} INFO - Started process (PID=1959) to work on /home/airflow/.local/lib/python3.8/site-packages/airflow/example_dags/example_latest_only.py
[2026-05-16T02:58:53.891+0000] {processor.py:830} INFO - Processing file /home/airflow/.local/lib/python3.8/site-packages/airflow/example_dags/example_latest_only.py for tasks to queue
[2026-05-16T02:58:53.894+0000] {logging_mixin.py:188} INFO - [2026-05-16T02:58:53.894+0000] {dagbag.py:538} INFO - Filling up the DagBag from /home/airflow/.local/lib/python3.8/site-packages/airflow/example_dags/example_latest_only.py
[2026-05-16T02:58:53.902+0000] {processor.py:840} INFO - DAG(s) 'latest_only' retrieved from /home/airflow/.local/lib/python3.8/site-packages/airflow/example_dags/example_latest_only.py
[2026-05-16T02:58:53.943+0000] {logging_mixin.py:188} INFO - [2026-05-16T02:58:53.943+0000] {dag.py:3036} INFO - Sync 1 DAGs
[2026-05-16T02:58:53.987+0000] {logging_mixin.py:188} INFO - [2026-05-16T02:58:53.987+0000] {dag.py:3823} INFO - Setting next_dagrun for latest_only to 2026-05-15 20:00:00+00:00, run_after=2026-05-16 00:00:00+00:00
[2026-05-16T02:58:54.021+0000] {processor.py:183} INFO - Processing /home/airflow/.local/lib/python3.8/site-packages/airflow/example_dags/example_latest_only.py took 0.137 seconds
[2026-05-16T02:59:24.101+0000] {processor.py:161} INFO - Started process (PID=2023) to work on /home/airflow/.local/lib/python3.8/site-packages/airflow/example_dags/example_latest_only.py
[2026-05-16T02:59:24.103+0000] {processor.py:830} INFO - Processing file /home/airflow/.local/lib/python3.8/site-packages/airflow/example_dags/example_latest_only.py for tasks to queue
[2026-05-16T02:59:24.106+0000] {logging_mixin.py:188} INFO - [2026-05-16T02:59:24.106+0000] {dagbag.py:538} INFO - Filling up the DagBag from /home/airflow/.local/lib/python3.8/site-packages/airflow/example_dags/example_latest_only.py
[2026-05-16T02:59:24.115+0000] {processor.py:840} INFO - DAG(s) 'latest_only' retrieved from /home/airflow/.local/lib/python3.8/site-packages/airflow/example_dags/example_latest_only.py
[2026-05-16T02:59:24.158+0000] {logging_mixin.py:188} INFO - [2026-05-16T02:59:24.157+0000] {dag.py:3036} INFO - Sync 1 DAGs
[2026-05-16T02:59:24.206+0000] {logging_mixin.py:188} INFO - [2026-05-16T02:59:24.205+0000] {dag.py:3823} INFO - Setting next_dagrun for latest_only to 2026-05-15 20:00:00+00:00, run_after=2026-05-16 00:00:00+00:00
[2026-05-16T02:59:24.246+0000] {processor.py:183} INFO - Processing /home/airflow/.local/lib/python3.8/site-packages/airflow/example_dags/example_latest_only.py took 0.151 seconds
[2026-05-16T02:59:55.048+0000] {processor.py:161} INFO - Started process (PID=2089) to work on /home/airflow/.local/lib/python3.8/site-packages/airflow/example_dags/example_latest_only.py
[2026-05-16T02:59:55.050+0000] {processor.py:830} INFO - Processing file /home/airflow/.local/lib/python3.8/site-packages/airflow/example_dags/example_latest_only.py for tasks to queue
[2026-05-16T02:59:55.053+0000] {logging_mixin.py:188} INFO - [2026-05-16T02:59:55.052+0000] {dagbag.py:538} INFO - Filling up the DagBag from /home/airflow/.local/lib/python3.8/site-packages/airflow/example_dags/example_latest_only.py
[2026-05-16T02:59:55.061+0000] {processor.py:840} INFO - DAG(s) 'latest_only' retrieved from /home/airflow/.local/lib/python3.8/site-packages/airflow/example_dags/example_latest_only.py
[2026-05-16T02:59:55.111+0000] {logging_mixin.py:188} INFO - [2026-05-16T02:59:55.111+0000] {dag.py:3036} INFO - Sync 1 DAGs
[2026-05-16T02:59:55.158+0000] {logging_mixin.py:188} INFO - [2026-05-16T02:59:55.158+0000] {dag.py:3823} INFO - Setting next_dagrun for latest_only to 2026-05-15 20:00:00+00:00, run_after=2026-05-16 00:00:00+00:00
[2026-05-16T02:59:55.189+0000] {processor.py:183} INFO - Processing /home/airflow/.local/lib/python3.8/site-packages/airflow/example_dags/example_latest_only.py took 0.146 seconds
[2026-05-16T03:00:25.676+0000] {processor.py:161} INFO - Started process (PID=2154) to work on /home/airflow/.local/lib/python3.8/site-packages/airflow/example_dags/example_latest_only.py
[2026-05-16T03:00:25.679+0000] {processor.py:830} INFO - Processing file /home/airflow/.local/lib/python3.8/site-packages/airflow/example_dags/example_latest_only.py for tasks to queue
[2026-05-16T03:00:25.682+0000] {logging_mixin.py:188} INFO - [2026-05-16T03:00:25.682+0000] {dagbag.py:538} INFO - Filling up the DagBag from /home/airflow/.local/lib/python3.8/site-packages/airflow/example_dags/example_latest_only.py
[2026-05-16T03:00:25.692+0000] {processor.py:840} INFO - DAG(s) 'latest_only' retrieved from /home/airflow/.local/lib/python3.8/site-packages/airflow/example_dags/example_latest_only.py
[2026-05-16T03:00:25.739+0000] {logging_mixin.py:188} INFO - [2026-05-16T03:00:25.738+0000] {dag.py:3036} INFO - Sync 1 DAGs
[2026-05-16T03:00:25.782+0000] {logging_mixin.py:188} INFO - [2026-05-16T03:00:25.781+0000] {dag.py:3823} INFO - Setting next_dagrun for latest_only to 2026-05-15 20:00:00+00:00, run_after=2026-05-16 00:00:00+00:00
[2026-05-16T03:00:25.814+0000] {processor.py:183} INFO - Processing /home/airflow/.local/lib/python3.8/site-packages/airflow/example_dags/example_latest_only.py took 0.144 seconds
[2026-05-16T03:00:56.202+0000] {processor.py:161} INFO - Started process (PID=2219) to work on /home/airflow/.local/lib/python3.8/site-packages/airflow/example_dags/example_latest_only.py
[2026-05-16T03:00:56.203+0000] {processor.py:830} INFO - Processing file /home/airflow/.local/lib/python3.8/site-packages/airflow/example_dags/example_latest_only.py for tasks to queue
[2026-05-16T03:00:56.206+0000] {logging_mixin.py:188} INFO - [2026-05-16T03:00:56.206+0000] {dagbag.py:538} INFO - Filling up the DagBag from /home/airflow/.local/lib/python3.8/site-packages/airflow/example_dags/example_latest_only.py
[2026-05-16T03:00:56.215+0000] {processor.py:840} INFO - DAG(s) 'latest_only' retrieved from /home/airflow/.local/lib/python3.8/site-packages/airflow/example_dags/example_latest_only.py
[2026-05-16T03:00:56.256+0000] {logging_mixin.py:188} INFO - [2026-05-16T03:00:56.255+0000] {dag.py:3036} INFO - Sync 1 DAGs
[2026-05-16T03:00:56.295+0000] {logging_mixin.py:188} INFO - [2026-05-16T03:00:56.295+0000] {dag.py:3823} INFO - Setting next_dagrun for latest_only to 2026-05-15 20:00:00+00:00, run_after=2026-05-16 00:00:00+00:00
[2026-05-16T03:00:56.328+0000] {processor.py:183} INFO - Processing /home/airflow/.local/lib/python3.8/site-packages/airflow/example_dags/example_latest_only.py took 0.131 seconds
[2026-05-16T03:01:26.631+0000] {processor.py:161} INFO - Started process (PID=2284) to work on /home/airflow/.local/lib/python3.8/site-packages/airflow/example_dags/example_latest_only.py
[2026-05-16T03:01:26.633+0000] {processor.py:830} INFO - Processing file /home/airflow/.local/lib/python3.8/site-packages/airflow/example_dags/example_latest_only.py for tasks to queue
[2026-05-16T03:01:26.636+0000] {logging_mixin.py:188} INFO - [2026-05-16T03:01:26.636+0000] {dagbag.py:538} INFO - Filling up the DagBag from /home/airflow/.local/lib/python3.8/site-packages/airflow/example_dags/example_latest_only.py
[2026-05-16T03:01:26.645+0000] {processor.py:840} INFO - DAG(s) 'latest_only' retrieved from /home/airflow/.local/lib/python3.8/site-packages/airflow/example_dags/example_latest_only.py
[2026-05-16T03:01:26.684+0000] {logging_mixin.py:188} INFO - [2026-05-16T03:01:26.684+0000] {dag.py:3036} INFO - Sync 1 DAGs
[2026-05-16T03:01:26.724+0000] {logging_mixin.py:188} INFO - [2026-05-16T03:01:26.724+0000] {dag.py:3823} INFO - Setting next_dagrun for latest_only to 2026-05-15 20:00:00+00:00, run_after=2026-05-16 00:00:00+00:00
[2026-05-16T03:01:26.755+0000] {processor.py:183} INFO - Processing /home/airflow/.local/lib/python3.8/site-packages/airflow/example_dags/example_latest_only.py took 0.129 seconds
[2026-05-16T03:01:57.292+0000] {processor.py:161} INFO - Started process (PID=2350) to work on /home/airflow/.local/lib/python3.8/site-packages/airflow/example_dags/example_latest_only.py
[2026-05-16T03:01:57.295+0000] {processor.py:830} INFO - Processing file /home/airflow/.local/lib/python3.8/site-packages/airflow/example_dags/example_latest_only.py for tasks to queue
[2026-05-16T03:01:57.298+0000] {logging_mixin.py:188} INFO - [2026-05-16T03:01:57.298+0000] {dagbag.py:538} INFO - Filling up the DagBag from /home/airflow/.local/lib/python3.8/site-packages/airflow/example_dags/example_latest_only.py
[2026-05-16T03:01:57.306+0000] {processor.py:840} INFO - DAG(s) 'latest_only' retrieved from /home/airflow/.local/lib/python3.8/site-packages/airflow/example_dags/example_latest_only.py
[2026-05-16T03:01:57.344+0000] {logging_mixin.py:188} INFO - [2026-05-16T03:01:57.343+0000] {dag.py:3036} INFO - Sync 1 DAGs
[2026-05-16T03:01:57.387+0000] {logging_mixin.py:188} INFO - [2026-05-16T03:01:57.387+0000] {dag.py:3823} INFO - Setting next_dagrun for latest_only to 2026-05-15 20:00:00+00:00, run_after=2026-05-16 00:00:00+00:00
[2026-05-16T03:01:57.422+0000] {processor.py:183} INFO - Processing /home/airflow/.local/lib/python3.8/site-packages/airflow/example_dags/example_latest_only.py took 0.135 seconds
[2026-05-16T03:02:28.020+0000] {processor.py:161} INFO - Started process (PID=2415) to work on /home/airflow/.local/lib/python3.8/site-packages/airflow/example_dags/example_latest_only.py
[2026-05-16T03:02:28.021+0000] {processor.py:830} INFO - Processing file /home/airflow/.local/lib/python3.8/site-packages/airflow/example_dags/example_latest_only.py for tasks to queue
[2026-05-16T03:02:28.024+0000] {logging_mixin.py:188} INFO - [2026-05-16T03:02:28.023+0000] {dagbag.py:538} INFO - Filling up the DagBag from /home/airflow/.local/lib/python3.8/site-packages/airflow/example_dags/example_latest_only.py
[2026-05-16T03:02:28.032+0000] {processor.py:840} INFO - DAG(s) 'latest_only' retrieved from /home/airflow/.local/lib/python3.8/site-packages/airflow/example_dags/example_latest_only.py
[2026-05-16T03:02:28.069+0000] {logging_mixin.py:188} INFO - [2026-05-16T03:02:28.069+0000] {dag.py:3036} INFO - Sync 1 DAGs
[2026-05-16T03:02:28.116+0000] {logging_mixin.py:188} INFO - [2026-05-16T03:02:28.113+0000] {dag.py:3823} INFO - Setting next_dagrun for latest_only to 2026-05-15 20:00:00+00:00, run_after=2026-05-16 00:00:00+00:00
[2026-05-16T03:02:28.155+0000] {processor.py:183} INFO - Processing /home/airflow/.local/lib/python3.8/site-packages/airflow/example_dags/example_latest_only.py took 0.140 seconds
[2026-05-16T03:02:58.760+0000] {processor.py:161} INFO - Started process (PID=2481) to work on /home/airflow/.local/lib/python3.8/site-packages/airflow/example_dags/example_latest_only.py
[2026-05-16T03:02:58.763+0000] {processor.py:830} INFO - Processing file /home/airflow/.local/lib/python3.8/site-packages/airflow/example_dags/example_latest_only.py for tasks to queue
[2026-05-16T03:02:58.767+0000] {logging_mixin.py:188} INFO - [2026-05-16T03:02:58.766+0000] {dagbag.py:538} INFO - Filling up the DagBag from /home/airflow/.local/lib/python3.8/site-packages/airflow/example_dags/example_latest_only.py
[2026-05-16T03:02:58.776+0000] {processor.py:840} INFO - DAG(s) 'latest_only' retrieved from /home/airflow/.local/lib/python3.8/site-packages/airflow/example_dags/example_latest_only.py
[2026-05-16T03:02:58.818+0000] {logging_mixin.py:188} INFO - [2026-05-16T03:02:58.817+0000] {dag.py:3036} INFO - Sync 1 DAGs
[2026-05-16T03:02:58.858+0000] {logging_mixin.py:188} INFO - [2026-05-16T03:02:58.858+0000] {dag.py:3823} INFO - Setting next_dagrun for latest_only to 2026-05-15 20:00:00+00:00, run_after=2026-05-16 00:00:00+00:00
[2026-05-16T03:02:58.889+0000] {processor.py:183} INFO - Processing /home/airflow/.local/lib/python3.8/site-packages/airflow/example_dags/example_latest_only.py took 0.135 seconds
[2026-05-16T03:03:29.282+0000] {processor.py:161} INFO - Started process (PID=2546) to work on /home/airflow/.local/lib/python3.8/site-packages/airflow/example_dags/example_latest_only.py
[2026-05-16T03:03:29.283+0000] {processor.py:830} INFO - Processing file /home/airflow/.local/lib/python3.8/site-packages/airflow/example_dags/example_latest_only.py for tasks to queue
[2026-05-16T03:03:29.286+0000] {logging_mixin.py:188} INFO - [2026-05-16T03:03:29.285+0000] {dagbag.py:538} INFO - Filling up the DagBag from /home/airflow/.local/lib/python3.8/site-packages/airflow/example_dags/example_latest_only.py
[2026-05-16T03:03:29.293+0000] {processor.py:840} INFO - DAG(s) 'latest_only' retrieved from /home/airflow/.local/lib/python3.8/site-packages/airflow/example_dags/example_latest_only.py
[2026-05-16T03:03:29.330+0000] {logging_mixin.py:188} INFO - [2026-05-16T03:03:29.329+0000] {dag.py:3036} INFO - Sync 1 DAGs
[2026-05-16T03:03:29.368+0000] {logging_mixin.py:188} INFO - [2026-05-16T03:03:29.367+0000] {dag.py:3823} INFO - Setting next_dagrun for latest_only to 2026-05-15 20:00:00+00:00, run_after=2026-05-16 00:00:00+00:00
[2026-05-16T03:03:29.397+0000] {processor.py:183} INFO - Processing /home/airflow/.local/lib/python3.8/site-packages/airflow/example_dags/example_latest_only.py took 0.120 seconds
[2026-05-16T03:03:59.844+0000] {processor.py:161} INFO - Started process (PID=2611) to work on /home/airflow/.local/lib/python3.8/site-packages/airflow/example_dags/example_latest_only.py
[2026-05-16T03:03:59.846+0000] {processor.py:830} INFO - Processing file /home/airflow/.local/lib/python3.8/site-packages/airflow/example_dags/example_latest_only.py for tasks to queue
[2026-05-16T03:03:59.849+0000] {logging_mixin.py:188} INFO - [2026-05-16T03:03:59.848+0000] {dagbag.py:538} INFO - Filling up the DagBag from /home/airflow/.local/lib/python3.8/site-packages/airflow/example_dags/example_latest_only.py
[2026-05-16T03:03:59.857+0000] {processor.py:840} INFO - DAG(s) 'latest_only' retrieved from /home/airflow/.local/lib/python3.8/site-packages/airflow/example_dags/example_latest_only.py
[2026-05-16T03:03:59.895+0000] {logging_mixin.py:188} INFO - [2026-05-16T03:03:59.895+0000] {dag.py:3036} INFO - Sync 1 DAGs
[2026-05-16T03:03:59.933+0000] {logging_mixin.py:188} INFO - [2026-05-16T03:03:59.933+0000] {dag.py:3823} INFO - Setting next_dagrun for latest_only to 2026-05-15 20:00:00+00:00, run_after=2026-05-16 00:00:00+00:00
[2026-05-16T03:03:59.961+0000] {processor.py:183} INFO - Processing /home/airflow/.local/lib/python3.8/site-packages/airflow/example_dags/example_latest_only.py took 0.122 seconds
[2026-05-16T03:04:30.452+0000] {processor.py:161} INFO - Started process (PID=2683) to work on /home/airflow/.local/lib/python3.8/site-packages/airflow/example_dags/example_latest_only.py
[2026-05-16T03:04:30.453+0000] {processor.py:830} INFO - Processing file /home/airflow/.local/lib/python3.8/site-packages/airflow/example_dags/example_latest_only.py for tasks to queue
[2026-05-16T03:04:30.456+0000] {logging_mixin.py:188} INFO - [2026-05-16T03:04:30.455+0000] {dagbag.py:538} INFO - Filling up the DagBag from /home/airflow/.local/lib/python3.8/site-packages/airflow/example_dags/example_latest_only.py
[2026-05-16T03:04:30.464+0000] {processor.py:840} INFO - DAG(s) 'latest_only' retrieved from /home/airflow/.local/lib/python3.8/site-packages/airflow/example_dags/example_latest_only.py
[2026-05-16T03:04:30.503+0000] {logging_mixin.py:188} INFO - [2026-05-16T03:04:30.502+0000] {dag.py:3036} INFO - Sync 1 DAGs
[2026-05-16T03:04:30.546+0000] {logging_mixin.py:188} INFO - [2026-05-16T03:04:30.545+0000] {dag.py:3823} INFO - Setting next_dagrun for latest_only to 2026-05-15 20:00:00+00:00, run_after=2026-05-16 00:00:00+00:00
[2026-05-16T03:04:30.579+0000] {processor.py:183} INFO - Processing /home/airflow/.local/lib/python3.8/site-packages/airflow/example_dags/example_latest_only.py took 0.132 seconds
[2026-05-16T03:05:00.886+0000] {processor.py:161} INFO - Started process (PID=2750) to work on /home/airflow/.local/lib/python3.8/site-packages/airflow/example_dags/example_latest_only.py
[2026-05-16T03:05:00.888+0000] {processor.py:830} INFO - Processing file /home/airflow/.local/lib/python3.8/site-packages/airflow/example_dags/example_latest_only.py for tasks to queue
[2026-05-16T03:05:00.891+0000] {logging_mixin.py:188} INFO - [2026-05-16T03:05:00.890+0000] {dagbag.py:538} INFO - Filling up the DagBag from /home/airflow/.local/lib/python3.8/site-packages/airflow/example_dags/example_latest_only.py
[2026-05-16T03:05:00.900+0000] {processor.py:840} INFO - DAG(s) 'latest_only' retrieved from /home/airflow/.local/lib/python3.8/site-packages/airflow/example_dags/example_latest_only.py
[2026-05-16T03:05:00.948+0000] {logging_mixin.py:188} INFO - [2026-05-16T03:05:00.947+0000] {dag.py:3036} INFO - Sync 1 DAGs
[2026-05-16T03:05:00.990+0000] {logging_mixin.py:188} INFO - [2026-05-16T03:05:00.990+0000] {dag.py:3823} INFO - Setting next_dagrun for latest_only to 2026-05-15 20:00:00+00:00, run_after=2026-05-16 00:00:00+00:00
[2026-05-16T03:05:01.022+0000] {processor.py:183} INFO - Processing /home/airflow/.local/lib/python3.8/site-packages/airflow/example_dags/example_latest_only.py took 0.142 seconds
[2026-05-16T03:05:31.236+0000] {processor.py:161} INFO - Started process (PID=2815) to work on /home/airflow/.local/lib/python3.8/site-packages/airflow/example_dags/example_latest_only.py
[2026-05-16T03:05:31.238+0000] {processor.py:830} INFO - Processing file /home/airflow/.local/lib/python3.8/site-packages/airflow/example_dags/example_latest_only.py for tasks to queue
[2026-05-16T03:05:31.242+0000] {logging_mixin.py:188} INFO - [2026-05-16T03:05:31.241+0000] {dagbag.py:538} INFO - Filling up the DagBag from /home/airflow/.local/lib/python3.8/site-packages/airflow/example_dags/example_latest_only.py
[2026-05-16T03:05:31.251+0000] {processor.py:840} INFO - DAG(s) 'latest_only' retrieved from /home/airflow/.local/lib/python3.8/site-packages/airflow/example_dags/example_latest_only.py
[2026-05-16T03:05:31.292+0000] {logging_mixin.py:188} INFO - [2026-05-16T03:05:31.291+0000] {dag.py:3036} INFO - Sync 1 DAGs
[2026-05-16T03:05:31.337+0000] {logging_mixin.py:188} INFO - [2026-05-16T03:05:31.336+0000] {dag.py:3823} INFO - Setting next_dagrun for latest_only to 2026-05-15 20:00:00+00:00, run_after=2026-05-16 00:00:00+00:00
[2026-05-16T03:05:31.368+0000] {processor.py:183} INFO - Processing /home/airflow/.local/lib/python3.8/site-packages/airflow/example_dags/example_latest_only.py took 0.138 seconds
[2026-05-16T03:06:01.727+0000] {processor.py:161} INFO - Started process (PID=2881) to work on /home/airflow/.local/lib/python3.8/site-packages/airflow/example_dags/example_latest_only.py
[2026-05-16T03:06:01.729+0000] {processor.py:830} INFO - Processing file /home/airflow/.local/lib/python3.8/site-packages/airflow/example_dags/example_latest_only.py for tasks to queue
[2026-05-16T03:06:01.732+0000] {logging_mixin.py:188} INFO - [2026-05-16T03:06:01.731+0000] {dagbag.py:538} INFO - Filling up the DagBag from /home/airflow/.local/lib/python3.8/site-packages/airflow/example_dags/example_latest_only.py
[2026-05-16T03:06:01.740+0000] {processor.py:840} INFO - DAG(s) 'latest_only' retrieved from /home/airflow/.local/lib/python3.8/site-packages/airflow/example_dags/example_latest_only.py
[2026-05-16T03:06:01.785+0000] {logging_mixin.py:188} INFO - [2026-05-16T03:06:01.784+0000] {dag.py:3036} INFO - Sync 1 DAGs
[2026-05-16T03:06:01.830+0000] {logging_mixin.py:188} INFO - [2026-05-16T03:06:01.830+0000] {dag.py:3823} INFO - Setting next_dagrun for latest_only to 2026-05-15 20:00:00+00:00, run_after=2026-05-16 00:00:00+00:00
[2026-05-16T03:06:01.865+0000] {processor.py:183} INFO - Processing /home/airflow/.local/lib/python3.8/site-packages/airflow/example_dags/example_latest_only.py took 0.144 seconds
[2026-05-16T03:06:32.170+0000] {processor.py:161} INFO - Started process (PID=2946) to work on /home/airflow/.local/lib/python3.8/site-packages/airflow/example_dags/example_latest_only.py
[2026-05-16T03:06:32.172+0000] {processor.py:830} INFO - Processing file /home/airflow/.local/lib/python3.8/site-packages/airflow/example_dags/example_latest_only.py for tasks to queue
[2026-05-16T03:06:32.175+0000] {logging_mixin.py:188} INFO - [2026-05-16T03:06:32.174+0000] {dagbag.py:538} INFO - Filling up the DagBag from /home/airflow/.local/lib/python3.8/site-packages/airflow/example_dags/example_latest_only.py
[2026-05-16T03:06:32.184+0000] {processor.py:840} INFO - DAG(s) 'latest_only' retrieved from /home/airflow/.local/lib/python3.8/site-packages/airflow/example_dags/example_latest_only.py
[2026-05-16T03:06:32.225+0000] {logging_mixin.py:188} INFO - [2026-05-16T03:06:32.224+0000] {dag.py:3036} INFO - Sync 1 DAGs
[2026-05-16T03:06:32.271+0000] {logging_mixin.py:188} INFO - [2026-05-16T03:06:32.271+0000] {dag.py:3823} INFO - Setting next_dagrun for latest_only to 2026-05-15 20:00:00+00:00, run_after=2026-05-16 00:00:00+00:00
[2026-05-16T03:06:32.305+0000] {processor.py:183} INFO - Processing /home/airflow/.local/lib/python3.8/site-packages/airflow/example_dags/example_latest_only.py took 0.142 seconds
[2026-05-16T03:07:02.489+0000] {processor.py:161} INFO - Started process (PID=3011) to work on /home/airflow/.local/lib/python3.8/site-packages/airflow/example_dags/example_latest_only.py
[2026-05-16T03:07:02.491+0000] {processor.py:830} INFO - Processing file /home/airflow/.local/lib/python3.8/site-packages/airflow/example_dags/example_latest_only.py for tasks to queue
[2026-05-16T03:07:02.493+0000] {logging_mixin.py:188} INFO - [2026-05-16T03:07:02.493+0000] {dagbag.py:538} INFO - Filling up the DagBag from /home/airflow/.local/lib/python3.8/site-packages/airflow/example_dags/example_latest_only.py
[2026-05-16T03:07:02.501+0000] {processor.py:840} INFO - DAG(s) 'latest_only' retrieved from /home/airflow/.local/lib/python3.8/site-packages/airflow/example_dags/example_latest_only.py
[2026-05-16T03:07:02.545+0000] {logging_mixin.py:188} INFO - [2026-05-16T03:07:02.544+0000] {dag.py:3036} INFO - Sync 1 DAGs
[2026-05-16T03:07:02.586+0000] {logging_mixin.py:188} INFO - [2026-05-16T03:07:02.586+0000] {dag.py:3823} INFO - Setting next_dagrun for latest_only to 2026-05-15 20:00:00+00:00, run_after=2026-05-16 00:00:00+00:00
[2026-05-16T03:07:02.620+0000] {processor.py:183} INFO - Processing /home/airflow/.local/lib/python3.8/site-packages/airflow/example_dags/example_latest_only.py took 0.135 seconds
[2026-05-16T03:07:32.800+0000] {processor.py:161} INFO - Started process (PID=3076) to work on /home/airflow/.local/lib/python3.8/site-packages/airflow/example_dags/example_latest_only.py
[2026-05-16T03:07:32.802+0000] {processor.py:830} INFO - Processing file /home/airflow/.local/lib/python3.8/site-packages/airflow/example_dags/example_latest_only.py for tasks to queue
[2026-05-16T03:07:32.805+0000] {logging_mixin.py:188} INFO - [2026-05-16T03:07:32.804+0000] {dagbag.py:538} INFO - Filling up the DagBag from /home/airflow/.local/lib/python3.8/site-packages/airflow/example_dags/example_latest_only.py
[2026-05-16T03:07:32.813+0000] {processor.py:840} INFO - DAG(s) 'latest_only' retrieved from /home/airflow/.local/lib/python3.8/site-packages/airflow/example_dags/example_latest_only.py
[2026-05-16T03:07:32.850+0000] {logging_mixin.py:188} INFO - [2026-05-16T03:07:32.849+0000] {dag.py:3036} INFO - Sync 1 DAGs
[2026-05-16T03:07:32.886+0000] {logging_mixin.py:188} INFO - [2026-05-16T03:07:32.886+0000] {dag.py:3823} INFO - Setting next_dagrun for latest_only to 2026-05-15 20:00:00+00:00, run_after=2026-05-16 00:00:00+00:00
[2026-05-16T03:07:32.915+0000] {processor.py:183} INFO - Processing /home/airflow/.local/lib/python3.8/site-packages/airflow/example_dags/example_latest_only.py took 0.121 seconds
[2026-05-16T03:08:03.640+0000] {processor.py:161} INFO - Started process (PID=3141) to work on /home/airflow/.local/lib/python3.8/site-packages/airflow/example_dags/example_latest_only.py
[2026-05-16T03:08:03.643+0000] {processor.py:830} INFO - Processing file /home/airflow/.local/lib/python3.8/site-packages/airflow/example_dags/example_latest_only.py for tasks to queue
[2026-05-16T03:08:03.646+0000] {logging_mixin.py:188} INFO - [2026-05-16T03:08:03.646+0000] {dagbag.py:538} INFO - Filling up the DagBag from /home/airflow/.local/lib/python3.8/site-packages/airflow/example_dags/example_latest_only.py
[2026-05-16T03:08:03.654+0000] {processor.py:840} INFO - DAG(s) 'latest_only' retrieved from /home/airflow/.local/lib/python3.8/site-packages/airflow/example_dags/example_latest_only.py
[2026-05-16T03:08:03.691+0000] {logging_mixin.py:188} INFO - [2026-05-16T03:08:03.691+0000] {dag.py:3036} INFO - Sync 1 DAGs
[2026-05-16T03:08:03.735+0000] {logging_mixin.py:188} INFO - [2026-05-16T03:08:03.735+0000] {dag.py:3823} INFO - Setting next_dagrun for latest_only to 2026-05-15 20:00:00+00:00, run_after=2026-05-16 00:00:00+00:00
[2026-05-16T03:08:03.768+0000] {processor.py:183} INFO - Processing /home/airflow/.local/lib/python3.8/site-packages/airflow/example_dags/example_latest_only.py took 0.134 seconds
[2026-05-16T03:08:34.339+0000] {processor.py:161} INFO - Started process (PID=3207) to work on /home/airflow/.local/lib/python3.8/site-packages/airflow/example_dags/example_latest_only.py
[2026-05-16T03:08:34.341+0000] {processor.py:830} INFO - Processing file /home/airflow/.local/lib/python3.8/site-packages/airflow/example_dags/example_latest_only.py for tasks to queue
[2026-05-16T03:08:34.345+0000] {logging_mixin.py:188} INFO - [2026-05-16T03:08:34.344+0000] {dagbag.py:538} INFO - Filling up the DagBag from /home/airflow/.local/lib/python3.8/site-packages/airflow/example_dags/example_latest_only.py
[2026-05-16T03:08:34.352+0000] {processor.py:840} INFO - DAG(s) 'latest_only' retrieved from /home/airflow/.local/lib/python3.8/site-packages/airflow/example_dags/example_latest_only.py
[2026-05-16T03:08:34.385+0000] {logging_mixin.py:188} INFO - [2026-05-16T03:08:34.385+0000] {dag.py:3036} INFO - Sync 1 DAGs
[2026-05-16T03:08:34.420+0000] {logging_mixin.py:188} INFO - [2026-05-16T03:08:34.420+0000] {dag.py:3823} INFO - Setting next_dagrun for latest_only to 2026-05-15 20:00:00+00:00, run_after=2026-05-16 00:00:00+00:00
[2026-05-16T03:08:34.452+0000] {processor.py:183} INFO - Processing /home/airflow/.local/lib/python3.8/site-packages/airflow/example_dags/example_latest_only.py took 0.118 seconds
[2026-05-16T03:09:05.024+0000] {processor.py:161} INFO - Started process (PID=3272) to work on /home/airflow/.local/lib/python3.8/site-packages/airflow/example_dags/example_latest_only.py
[2026-05-16T03:09:05.025+0000] {processor.py:830} INFO - Processing file /home/airflow/.local/lib/python3.8/site-packages/airflow/example_dags/example_latest_only.py for tasks to queue
[2026-05-16T03:09:05.028+0000] {logging_mixin.py:188} INFO - [2026-05-16T03:09:05.027+0000] {dagbag.py:538} INFO - Filling up the DagBag from /home/airflow/.local/lib/python3.8/site-packages/airflow/example_dags/example_latest_only.py
[2026-05-16T03:09:05.036+0000] {processor.py:840} INFO - DAG(s) 'latest_only' retrieved from /home/airflow/.local/lib/python3.8/site-packages/airflow/example_dags/example_latest_only.py
[2026-05-16T03:09:05.081+0000] {logging_mixin.py:188} INFO - [2026-05-16T03:09:05.081+0000] {dag.py:3036} INFO - Sync 1 DAGs
[2026-05-16T03:09:05.129+0000] {logging_mixin.py:188} INFO - [2026-05-16T03:09:05.129+0000] {dag.py:3823} INFO - Setting next_dagrun for latest_only to 2026-05-15 20:00:00+00:00, run_after=2026-05-16 00:00:00+00:00
[2026-05-16T03:09:05.172+0000] {processor.py:183} INFO - Processing /home/airflow/.local/lib/python3.8/site-packages/airflow/example_dags/example_latest_only.py took 0.153 seconds
[2026-05-16T03:09:35.674+0000] {processor.py:161} INFO - Started process (PID=3338) to work on /home/airflow/.local/lib/python3.8/site-packages/airflow/example_dags/example_latest_only.py
[2026-05-16T03:09:35.677+0000] {processor.py:830} INFO - Processing file /home/airflow/.local/lib/python3.8/site-packages/airflow/example_dags/example_latest_only.py for tasks to queue
[2026-05-16T03:09:35.679+0000] {logging_mixin.py:188} INFO - [2026-05-16T03:09:35.679+0000] {dagbag.py:538} INFO - Filling up the DagBag from /home/airflow/.local/lib/python3.8/site-packages/airflow/example_dags/example_latest_only.py
[2026-05-16T03:09:35.687+0000] {processor.py:840} INFO - DAG(s) 'latest_only' retrieved from /home/airflow/.local/lib/python3.8/site-packages/airflow/example_dags/example_latest_only.py
[2026-05-16T03:09:35.724+0000] {logging_mixin.py:188} INFO - [2026-05-16T03:09:35.724+0000] {dag.py:3036} INFO - Sync 1 DAGs
[2026-05-16T03:09:35.767+0000] {logging_mixin.py:188} INFO - [2026-05-16T03:09:35.766+0000] {dag.py:3823} INFO - Setting next_dagrun for latest_only to 2026-05-15 20:00:00+00:00, run_after=2026-05-16 00:00:00+00:00
[2026-05-16T03:09:35.800+0000] {processor.py:183} INFO - Processing /home/airflow/.local/lib/python3.8/site-packages/airflow/example_dags/example_latest_only.py took 0.131 seconds
[2026-05-16T03:10:05.869+0000] {processor.py:161} INFO - Started process (PID=3403) to work on /home/airflow/.local/lib/python3.8/site-packages/airflow/example_dags/example_latest_only.py
[2026-05-16T03:10:05.870+0000] {processor.py:830} INFO - Processing file /home/airflow/.local/lib/python3.8/site-packages/airflow/example_dags/example_latest_only.py for tasks to queue
[2026-05-16T03:10:05.874+0000] {logging_mixin.py:188} INFO - [2026-05-16T03:10:05.873+0000] {dagbag.py:538} INFO - Filling up the DagBag from /home/airflow/.local/lib/python3.8/site-packages/airflow/example_dags/example_latest_only.py
[2026-05-16T03:10:05.882+0000] {processor.py:840} INFO - DAG(s) 'latest_only' retrieved from /home/airflow/.local/lib/python3.8/site-packages/airflow/example_dags/example_latest_only.py
[2026-05-16T03:10:05.918+0000] {logging_mixin.py:188} INFO - [2026-05-16T03:10:05.917+0000] {dag.py:3036} INFO - Sync 1 DAGs
[2026-05-16T03:10:05.954+0000] {logging_mixin.py:188} INFO - [2026-05-16T03:10:05.953+0000] {dag.py:3823} INFO - Setting next_dagrun for latest_only to 2026-05-15 20:00:00+00:00, run_after=2026-05-16 00:00:00+00:00
[2026-05-16T03:10:05.985+0000] {processor.py:183} INFO - Processing /home/airflow/.local/lib/python3.8/site-packages/airflow/example_dags/example_latest_only.py took 0.122 seconds
[2026-05-16T03:10:36.370+0000] {processor.py:161} INFO - Started process (PID=3468) to work on /home/airflow/.local/lib/python3.8/site-packages/airflow/example_dags/example_latest_only.py
[2026-05-16T03:10:36.372+0000] {processor.py:830} INFO - Processing file /home/airflow/.local/lib/python3.8/site-packages/airflow/example_dags/example_latest_only.py for tasks to queue
[2026-05-16T03:10:36.375+0000] {logging_mixin.py:188} INFO - [2026-05-16T03:10:36.375+0000] {dagbag.py:538} INFO - Filling up the DagBag from /home/airflow/.local/lib/python3.8/site-packages/airflow/example_dags/example_latest_only.py
[2026-05-16T03:10:36.384+0000] {processor.py:840} INFO - DAG(s) 'latest_only' retrieved from /home/airflow/.local/lib/python3.8/site-packages/airflow/example_dags/example_latest_only.py
[2026-05-16T03:10:36.425+0000] {logging_mixin.py:188} INFO - [2026-05-16T03:10:36.424+0000] {dag.py:3036} INFO - Sync 1 DAGs
[2026-05-16T03:10:36.469+0000] {logging_mixin.py:188} INFO - [2026-05-16T03:10:36.468+0000] {dag.py:3823} INFO - Setting next_dagrun for latest_only to 2026-05-15 20:00:00+00:00, run_after=2026-05-16 00:00:00+00:00
[2026-05-16T03:10:36.508+0000] {processor.py:183} INFO - Processing /home/airflow/.local/lib/python3.8/site-packages/airflow/example_dags/example_latest_only.py took 0.145 seconds
[2026-05-16T03:11:06.561+0000] {processor.py:161} INFO - Started process (PID=3532) to work on /home/airflow/.local/lib/python3.8/site-packages/airflow/example_dags/example_latest_only.py
[2026-05-16T03:11:06.563+0000] {processor.py:830} INFO - Processing file /home/airflow/.local/lib/python3.8/site-packages/airflow/example_dags/example_latest_only.py for tasks to queue
[2026-05-16T03:11:06.566+0000] {logging_mixin.py:188} INFO - [2026-05-16T03:11:06.565+0000] {dagbag.py:538} INFO - Filling up the DagBag from /home/airflow/.local/lib/python3.8/site-packages/airflow/example_dags/example_latest_only.py
[2026-05-16T03:11:06.575+0000] {processor.py:840} INFO - DAG(s) 'latest_only' retrieved from /home/airflow/.local/lib/python3.8/site-packages/airflow/example_dags/example_latest_only.py
[2026-05-16T03:11:06.617+0000] {logging_mixin.py:188} INFO - [2026-05-16T03:11:06.616+0000] {dag.py:3036} INFO - Sync 1 DAGs
[2026-05-16T03:11:06.670+0000] {logging_mixin.py:188} INFO - [2026-05-16T03:11:06.669+0000] {dag.py:3823} INFO - Setting next_dagrun for latest_only to 2026-05-15 20:00:00+00:00, run_after=2026-05-16 00:00:00+00:00
[2026-05-16T03:11:06.933+0000] {processor.py:183} INFO - Processing /home/airflow/.local/lib/python3.8/site-packages/airflow/example_dags/example_latest_only.py took 0.377 seconds
[2026-05-16T03:11:37.033+0000] {processor.py:161} INFO - Started process (PID=3597) to work on /home/airflow/.local/lib/python3.8/site-packages/airflow/example_dags/example_latest_only.py
[2026-05-16T03:11:37.035+0000] {processor.py:830} INFO - Processing file /home/airflow/.local/lib/python3.8/site-packages/airflow/example_dags/example_latest_only.py for tasks to queue
[2026-05-16T03:11:37.037+0000] {logging_mixin.py:188} INFO - [2026-05-16T03:11:37.037+0000] {dagbag.py:538} INFO - Filling up the DagBag from /home/airflow/.local/lib/python3.8/site-packages/airflow/example_dags/example_latest_only.py
[2026-05-16T03:11:37.045+0000] {processor.py:840} INFO - DAG(s) 'latest_only' retrieved from /home/airflow/.local/lib/python3.8/site-packages/airflow/example_dags/example_latest_only.py
[2026-05-16T03:11:37.082+0000] {logging_mixin.py:188} INFO - [2026-05-16T03:11:37.081+0000] {dag.py:3036} INFO - Sync 1 DAGs
[2026-05-16T03:11:37.119+0000] {logging_mixin.py:188} INFO - [2026-05-16T03:11:37.118+0000] {dag.py:3823} INFO - Setting next_dagrun for latest_only to 2026-05-15 20:00:00+00:00, run_after=2026-05-16 00:00:00+00:00
[2026-05-16T03:11:37.153+0000] {processor.py:183} INFO - Processing /home/airflow/.local/lib/python3.8/site-packages/airflow/example_dags/example_latest_only.py took 0.125 seconds
[2026-05-16T03:12:07.312+0000] {processor.py:161} INFO - Started process (PID=3663) to work on /home/airflow/.local/lib/python3.8/site-packages/airflow/example_dags/example_latest_only.py
[2026-05-16T03:12:07.314+0000] {processor.py:830} INFO - Processing file /home/airflow/.local/lib/python3.8/site-packages/airflow/example_dags/example_latest_only.py for tasks to queue
[2026-05-16T03:12:07.317+0000] {logging_mixin.py:188} INFO - [2026-05-16T03:12:07.317+0000] {dagbag.py:538} INFO - Filling up the DagBag from /home/airflow/.local/lib/python3.8/site-packages/airflow/example_dags/example_latest_only.py
[2026-05-16T03:12:07.326+0000] {processor.py:840} INFO - DAG(s) 'latest_only' retrieved from /home/airflow/.local/lib/python3.8/site-packages/airflow/example_dags/example_latest_only.py
[2026-05-16T03:12:07.363+0000] {logging_mixin.py:188} INFO - [2026-05-16T03:12:07.363+0000] {dag.py:3036} INFO - Sync 1 DAGs
[2026-05-16T03:12:07.406+0000] {logging_mixin.py:188} INFO - [2026-05-16T03:12:07.405+0000] {dag.py:3823} INFO - Setting next_dagrun for latest_only to 2026-05-15 20:00:00+00:00, run_after=2026-05-16 00:00:00+00:00
[2026-05-16T03:12:07.456+0000] {processor.py:183} INFO - Processing /home/airflow/.local/lib/python3.8/site-packages/airflow/example_dags/example_latest_only.py took 0.150 seconds
[2026-05-16T03:12:37.725+0000] {processor.py:161} INFO - Started process (PID=3734) to work on /home/airflow/.local/lib/python3.8/site-packages/airflow/example_dags/example_latest_only.py
[2026-05-16T03:12:37.727+0000] {processor.py:830} INFO - Processing file /home/airflow/.local/lib/python3.8/site-packages/airflow/example_dags/example_latest_only.py for tasks to queue
[2026-05-16T03:12:37.730+0000] {logging_mixin.py:188} INFO - [2026-05-16T03:12:37.729+0000] {dagbag.py:538} INFO - Filling up the DagBag from /home/airflow/.local/lib/python3.8/site-packages/airflow/example_dags/example_latest_only.py
[2026-05-16T03:12:37.742+0000] {processor.py:840} INFO - DAG(s) 'latest_only' retrieved from /home/airflow/.local/lib/python3.8/site-packages/airflow/example_dags/example_latest_only.py
[2026-05-16T03:12:37.987+0000] {logging_mixin.py:188} INFO - [2026-05-16T03:12:37.986+0000] {dag.py:3036} INFO - Sync 1 DAGs
[2026-05-16T03:12:38.028+0000] {logging_mixin.py:188} INFO - [2026-05-16T03:12:38.027+0000] {dag.py:3823} INFO - Setting next_dagrun for latest_only to 2026-05-15 20:00:00+00:00, run_after=2026-05-16 00:00:00+00:00
[2026-05-16T03:12:38.061+0000] {processor.py:183} INFO - Processing /home/airflow/.local/lib/python3.8/site-packages/airflow/example_dags/example_latest_only.py took 0.341 seconds
[2026-05-16T03:13:08.374+0000] {processor.py:161} INFO - Started process (PID=3801) to work on /home/airflow/.local/lib/python3.8/site-packages/airflow/example_dags/example_latest_only.py
[2026-05-16T03:13:08.376+0000] {processor.py:830} INFO - Processing file /home/airflow/.local/lib/python3.8/site-packages/airflow/example_dags/example_latest_only.py for tasks to queue
[2026-05-16T03:13:08.379+0000] {logging_mixin.py:188} INFO - [2026-05-16T03:13:08.378+0000] {dagbag.py:538} INFO - Filling up the DagBag from /home/airflow/.local/lib/python3.8/site-packages/airflow/example_dags/example_latest_only.py
[2026-05-16T03:13:08.387+0000] {processor.py:840} INFO - DAG(s) 'latest_only' retrieved from /home/airflow/.local/lib/python3.8/site-packages/airflow/example_dags/example_latest_only.py
[2026-05-16T03:13:08.426+0000] {logging_mixin.py:188} INFO - [2026-05-16T03:13:08.425+0000] {dag.py:3036} INFO - Sync 1 DAGs
[2026-05-16T03:13:08.659+0000] {logging_mixin.py:188} INFO - [2026-05-16T03:13:08.658+0000] {dag.py:3823} INFO - Setting next_dagrun for latest_only to 2026-05-15 20:00:00+00:00, run_after=2026-05-16 00:00:00+00:00
[2026-05-16T03:13:08.688+0000] {processor.py:183} INFO - Processing /home/airflow/.local/lib/python3.8/site-packages/airflow/example_dags/example_latest_only.py took 0.320 seconds
[2026-05-16T03:13:39.116+0000] {processor.py:161} INFO - Started process (PID=3866) to work on /home/airflow/.local/lib/python3.8/site-packages/airflow/example_dags/example_latest_only.py
[2026-05-16T03:13:39.117+0000] {processor.py:830} INFO - Processing file /home/airflow/.local/lib/python3.8/site-packages/airflow/example_dags/example_latest_only.py for tasks to queue
[2026-05-16T03:13:39.120+0000] {logging_mixin.py:188} INFO - [2026-05-16T03:13:39.120+0000] {dagbag.py:538} INFO - Filling up the DagBag from /home/airflow/.local/lib/python3.8/site-packages/airflow/example_dags/example_latest_only.py
[2026-05-16T03:13:39.129+0000] {processor.py:840} INFO - DAG(s) 'latest_only' retrieved from /home/airflow/.local/lib/python3.8/site-packages/airflow/example_dags/example_latest_only.py
[2026-05-16T03:13:39.171+0000] {logging_mixin.py:188} INFO - [2026-05-16T03:13:39.170+0000] {dag.py:3036} INFO - Sync 1 DAGs
[2026-05-16T03:13:39.216+0000] {logging_mixin.py:188} INFO - [2026-05-16T03:13:39.215+0000] {dag.py:3823} INFO - Setting next_dagrun for latest_only to 2026-05-15 20:00:00+00:00, run_after=2026-05-16 00:00:00+00:00
[2026-05-16T03:13:39.251+0000] {processor.py:183} INFO - Processing /home/airflow/.local/lib/python3.8/site-packages/airflow/example_dags/example_latest_only.py took 0.142 seconds
[2026-05-16T03:14:09.593+0000] {processor.py:161} INFO - Started process (PID=3931) to work on /home/airflow/.local/lib/python3.8/site-packages/airflow/example_dags/example_latest_only.py
[2026-05-16T03:14:09.594+0000] {processor.py:830} INFO - Processing file /home/airflow/.local/lib/python3.8/site-packages/airflow/example_dags/example_latest_only.py for tasks to queue
[2026-05-16T03:14:09.598+0000] {logging_mixin.py:188} INFO - [2026-05-16T03:14:09.598+0000] {dagbag.py:538} INFO - Filling up the DagBag from /home/airflow/.local/lib/python3.8/site-packages/airflow/example_dags/example_latest_only.py
[2026-05-16T03:14:09.606+0000] {processor.py:840} INFO - DAG(s) 'latest_only' retrieved from /home/airflow/.local/lib/python3.8/site-packages/airflow/example_dags/example_latest_only.py
[2026-05-16T03:14:09.645+0000] {logging_mixin.py:188} INFO - [2026-05-16T03:14:09.644+0000] {dag.py:3036} INFO - Sync 1 DAGs
[2026-05-16T03:14:09.689+0000] {logging_mixin.py:188} INFO - [2026-05-16T03:14:09.688+0000] {dag.py:3823} INFO - Setting next_dagrun for latest_only to 2026-05-15 20:00:00+00:00, run_after=2026-05-16 00:00:00+00:00
[2026-05-16T03:14:09.722+0000] {processor.py:183} INFO - Processing /home/airflow/.local/lib/python3.8/site-packages/airflow/example_dags/example_latest_only.py took 0.134 seconds
[2026-05-16T03:14:39.825+0000] {processor.py:161} INFO - Started process (PID=3995) to work on /home/airflow/.local/lib/python3.8/site-packages/airflow/example_dags/example_latest_only.py
[2026-05-16T03:14:39.827+0000] {processor.py:830} INFO - Processing file /home/airflow/.local/lib/python3.8/site-packages/airflow/example_dags/example_latest_only.py for tasks to queue
[2026-05-16T03:14:39.830+0000] {logging_mixin.py:188} INFO - [2026-05-16T03:14:39.830+0000] {dagbag.py:538} INFO - Filling up the DagBag from /home/airflow/.local/lib/python3.8/site-packages/airflow/example_dags/example_latest_only.py
[2026-05-16T03:14:39.838+0000] {processor.py:840} INFO - DAG(s) 'latest_only' retrieved from /home/airflow/.local/lib/python3.8/site-packages/airflow/example_dags/example_latest_only.py
[2026-05-16T03:14:39.876+0000] {logging_mixin.py:188} INFO - [2026-05-16T03:14:39.875+0000] {dag.py:3036} INFO - Sync 1 DAGs
[2026-05-16T03:14:39.919+0000] {logging_mixin.py:188} INFO - [2026-05-16T03:14:39.919+0000] {dag.py:3823} INFO - Setting next_dagrun for latest_only to 2026-05-15 20:00:00+00:00, run_after=2026-05-16 00:00:00+00:00
[2026-05-16T03:14:39.953+0000] {processor.py:183} INFO - Processing /home/airflow/.local/lib/python3.8/site-packages/airflow/example_dags/example_latest_only.py took 0.133 seconds
[2026-05-16T03:15:10.420+0000] {processor.py:161} INFO - Started process (PID=4059) to work on /home/airflow/.local/lib/python3.8/site-packages/airflow/example_dags/example_latest_only.py
[2026-05-16T03:15:10.421+0000] {processor.py:830} INFO - Processing file /home/airflow/.local/lib/python3.8/site-packages/airflow/example_dags/example_latest_only.py for tasks to queue
[2026-05-16T03:15:10.424+0000] {logging_mixin.py:188} INFO - [2026-05-16T03:15:10.424+0000] {dagbag.py:538} INFO - Filling up the DagBag from /home/airflow/.local/lib/python3.8/site-packages/airflow/example_dags/example_latest_only.py
[2026-05-16T03:15:10.433+0000] {processor.py:840} INFO - DAG(s) 'latest_only' retrieved from /home/airflow/.local/lib/python3.8/site-packages/airflow/example_dags/example_latest_only.py
[2026-05-16T03:15:10.475+0000] {logging_mixin.py:188} INFO - [2026-05-16T03:15:10.475+0000] {dag.py:3036} INFO - Sync 1 DAGs
[2026-05-16T03:15:10.521+0000] {logging_mixin.py:188} INFO - [2026-05-16T03:15:10.521+0000] {dag.py:3823} INFO - Setting next_dagrun for latest_only to 2026-05-15 20:00:00+00:00, run_after=2026-05-16 00:00:00+00:00
[2026-05-16T03:15:10.556+0000] {processor.py:183} INFO - Processing /home/airflow/.local/lib/python3.8/site-packages/airflow/example_dags/example_latest_only.py took 0.141 seconds
[2026-05-16T03:15:40.952+0000] {processor.py:161} INFO - Started process (PID=4125) to work on /home/airflow/.local/lib/python3.8/site-packages/airflow/example_dags/example_latest_only.py
[2026-05-16T03:15:40.955+0000] {processor.py:830} INFO - Processing file /home/airflow/.local/lib/python3.8/site-packages/airflow/example_dags/example_latest_only.py for tasks to queue
[2026-05-16T03:15:40.958+0000] {logging_mixin.py:188} INFO - [2026-05-16T03:15:40.957+0000] {dagbag.py:538} INFO - Filling up the DagBag from /home/airflow/.local/lib/python3.8/site-packages/airflow/example_dags/example_latest_only.py
[2026-05-16T03:15:40.967+0000] {processor.py:840} INFO - DAG(s) 'latest_only' retrieved from /home/airflow/.local/lib/python3.8/site-packages/airflow/example_dags/example_latest_only.py
[2026-05-16T03:15:41.007+0000] {logging_mixin.py:188} INFO - [2026-05-16T03:15:41.006+0000] {dag.py:3036} INFO - Sync 1 DAGs
[2026-05-16T03:15:41.052+0000] {logging_mixin.py:188} INFO - [2026-05-16T03:15:41.052+0000] {dag.py:3823} INFO - Setting next_dagrun for latest_only to 2026-05-15 20:00:00+00:00, run_after=2026-05-16 00:00:00+00:00
[2026-05-16T03:15:41.087+0000] {processor.py:183} INFO - Processing /home/airflow/.local/lib/python3.8/site-packages/airflow/example_dags/example_latest_only.py took 0.140 seconds
[2026-05-16T03:16:11.387+0000] {processor.py:161} INFO - Started process (PID=4189) to work on /home/airflow/.local/lib/python3.8/site-packages/airflow/example_dags/example_latest_only.py
[2026-05-16T03:16:11.388+0000] {processor.py:830} INFO - Processing file /home/airflow/.local/lib/python3.8/site-packages/airflow/example_dags/example_latest_only.py for tasks to queue
[2026-05-16T03:16:11.390+0000] {logging_mixin.py:188} INFO - [2026-05-16T03:16:11.390+0000] {dagbag.py:538} INFO - Filling up the DagBag from /home/airflow/.local/lib/python3.8/site-packages/airflow/example_dags/example_latest_only.py
[2026-05-16T03:16:11.398+0000] {processor.py:840} INFO - DAG(s) 'latest_only' retrieved from /home/airflow/.local/lib/python3.8/site-packages/airflow/example_dags/example_latest_only.py
[2026-05-16T03:16:11.438+0000] {logging_mixin.py:188} INFO - [2026-05-16T03:16:11.437+0000] {dag.py:3036} INFO - Sync 1 DAGs
[2026-05-16T03:16:11.481+0000] {logging_mixin.py:188} INFO - [2026-05-16T03:16:11.481+0000] {dag.py:3823} INFO - Setting next_dagrun for latest_only to 2026-05-15 20:00:00+00:00, run_after=2026-05-16 00:00:00+00:00
[2026-05-16T03:16:11.514+0000] {processor.py:183} INFO - Processing /home/airflow/.local/lib/python3.8/site-packages/airflow/example_dags/example_latest_only.py took 0.132 seconds
[2026-05-16T03:16:41.822+0000] {processor.py:161} INFO - Started process (PID=4254) to work on /home/airflow/.local/lib/python3.8/site-packages/airflow/example_dags/example_latest_only.py
[2026-05-16T03:16:41.824+0000] {processor.py:830} INFO - Processing file /home/airflow/.local/lib/python3.8/site-packages/airflow/example_dags/example_latest_only.py for tasks to queue
[2026-05-16T03:16:41.827+0000] {logging_mixin.py:188} INFO - [2026-05-16T03:16:41.827+0000] {dagbag.py:538} INFO - Filling up the DagBag from /home/airflow/.local/lib/python3.8/site-packages/airflow/example_dags/example_latest_only.py
[2026-05-16T03:16:41.835+0000] {processor.py:840} INFO - DAG(s) 'latest_only' retrieved from /home/airflow/.local/lib/python3.8/site-packages/airflow/example_dags/example_latest_only.py
[2026-05-16T03:16:41.872+0000] {logging_mixin.py:188} INFO - [2026-05-16T03:16:41.872+0000] {dag.py:3036} INFO - Sync 1 DAGs
[2026-05-16T03:16:41.908+0000] {logging_mixin.py:188} INFO - [2026-05-16T03:16:41.908+0000] {dag.py:3823} INFO - Setting next_dagrun for latest_only to 2026-05-15 20:00:00+00:00, run_after=2026-05-16 00:00:00+00:00
[2026-05-16T03:16:41.939+0000] {processor.py:183} INFO - Processing /home/airflow/.local/lib/python3.8/site-packages/airflow/example_dags/example_latest_only.py took 0.123 seconds
[2026-05-16T03:17:12.154+0000] {processor.py:161} INFO - Started process (PID=4319) to work on /home/airflow/.local/lib/python3.8/site-packages/airflow/example_dags/example_latest_only.py
[2026-05-16T03:17:12.155+0000] {processor.py:830} INFO - Processing file /home/airflow/.local/lib/python3.8/site-packages/airflow/example_dags/example_latest_only.py for tasks to queue
[2026-05-16T03:17:12.158+0000] {logging_mixin.py:188} INFO - [2026-05-16T03:17:12.157+0000] {dagbag.py:538} INFO - Filling up the DagBag from /home/airflow/.local/lib/python3.8/site-packages/airflow/example_dags/example_latest_only.py
[2026-05-16T03:17:12.166+0000] {processor.py:840} INFO - DAG(s) 'latest_only' retrieved from /home/airflow/.local/lib/python3.8/site-packages/airflow/example_dags/example_latest_only.py
[2026-05-16T03:17:12.205+0000] {logging_mixin.py:188} INFO - [2026-05-16T03:17:12.205+0000] {dag.py:3036} INFO - Sync 1 DAGs
[2026-05-16T03:17:12.247+0000] {logging_mixin.py:188} INFO - [2026-05-16T03:17:12.246+0000] {dag.py:3823} INFO - Setting next_dagrun for latest_only to 2026-05-15 20:00:00+00:00, run_after=2026-05-16 00:00:00+00:00
[2026-05-16T03:17:12.279+0000] {processor.py:183} INFO - Processing /home/airflow/.local/lib/python3.8/site-packages/airflow/example_dags/example_latest_only.py took 0.130 seconds
[2026-05-16T03:17:42.399+0000] {processor.py:161} INFO - Started process (PID=4382) to work on /home/airflow/.local/lib/python3.8/site-packages/airflow/example_dags/example_latest_only.py
[2026-05-16T03:17:42.401+0000] {processor.py:830} INFO - Processing file /home/airflow/.local/lib/python3.8/site-packages/airflow/example_dags/example_latest_only.py for tasks to queue
[2026-05-16T03:17:42.404+0000] {logging_mixin.py:188} INFO - [2026-05-16T03:17:42.404+0000] {dagbag.py:538} INFO - Filling up the DagBag from /home/airflow/.local/lib/python3.8/site-packages/airflow/example_dags/example_latest_only.py
[2026-05-16T03:17:42.413+0000] {processor.py:840} INFO - DAG(s) 'latest_only' retrieved from /home/airflow/.local/lib/python3.8/site-packages/airflow/example_dags/example_latest_only.py
[2026-05-16T03:17:42.447+0000] {logging_mixin.py:188} INFO - [2026-05-16T03:17:42.447+0000] {dag.py:3036} INFO - Sync 1 DAGs
[2026-05-16T03:17:42.486+0000] {logging_mixin.py:188} INFO - [2026-05-16T03:17:42.485+0000] {dag.py:3823} INFO - Setting next_dagrun for latest_only to 2026-05-15 20:00:00+00:00, run_after=2026-05-16 00:00:00+00:00
[2026-05-16T03:17:42.519+0000] {processor.py:183} INFO - Processing /home/airflow/.local/lib/python3.8/site-packages/airflow/example_dags/example_latest_only.py took 0.125 seconds
[2026-05-16T03:18:12.754+0000] {processor.py:161} INFO - Started process (PID=4447) to work on /home/airflow/.local/lib/python3.8/site-packages/airflow/example_dags/example_latest_only.py
[2026-05-16T03:18:12.756+0000] {processor.py:830} INFO - Processing file /home/airflow/.local/lib/python3.8/site-packages/airflow/example_dags/example_latest_only.py for tasks to queue
[2026-05-16T03:18:12.758+0000] {logging_mixin.py:188} INFO - [2026-05-16T03:18:12.758+0000] {dagbag.py:538} INFO - Filling up the DagBag from /home/airflow/.local/lib/python3.8/site-packages/airflow/example_dags/example_latest_only.py
[2026-05-16T03:18:12.766+0000] {processor.py:840} INFO - DAG(s) 'latest_only' retrieved from /home/airflow/.local/lib/python3.8/site-packages/airflow/example_dags/example_latest_only.py
[2026-05-16T03:18:12.804+0000] {logging_mixin.py:188} INFO - [2026-05-16T03:18:12.803+0000] {dag.py:3036} INFO - Sync 1 DAGs
[2026-05-16T03:18:12.847+0000] {logging_mixin.py:188} INFO - [2026-05-16T03:18:12.847+0000] {dag.py:3823} INFO - Setting next_dagrun for latest_only to 2026-05-15 20:00:00+00:00, run_after=2026-05-16 00:00:00+00:00
[2026-05-16T03:18:12.882+0000] {processor.py:183} INFO - Processing /home/airflow/.local/lib/python3.8/site-packages/airflow/example_dags/example_latest_only.py took 0.133 seconds
[2026-05-16T03:18:43.017+0000] {processor.py:161} INFO - Started process (PID=4519) to work on /home/airflow/.local/lib/python3.8/site-packages/airflow/example_dags/example_latest_only.py
[2026-05-16T03:18:43.020+0000] {processor.py:830} INFO - Processing file /home/airflow/.local/lib/python3.8/site-packages/airflow/example_dags/example_latest_only.py for tasks to queue
[2026-05-16T03:18:43.022+0000] {logging_mixin.py:188} INFO - [2026-05-16T03:18:43.022+0000] {dagbag.py:538} INFO - Filling up the DagBag from /home/airflow/.local/lib/python3.8/site-packages/airflow/example_dags/example_latest_only.py
[2026-05-16T03:18:43.030+0000] {processor.py:840} INFO - DAG(s) 'latest_only' retrieved from /home/airflow/.local/lib/python3.8/site-packages/airflow/example_dags/example_latest_only.py
[2026-05-16T03:18:43.065+0000] {logging_mixin.py:188} INFO - [2026-05-16T03:18:43.064+0000] {dag.py:3036} INFO - Sync 1 DAGs
[2026-05-16T03:18:43.104+0000] {logging_mixin.py:188} INFO - [2026-05-16T03:18:43.103+0000] {dag.py:3823} INFO - Setting next_dagrun for latest_only to 2026-05-15 20:00:00+00:00, run_after=2026-05-16 00:00:00+00:00
[2026-05-16T03:18:43.139+0000] {processor.py:183} INFO - Processing /home/airflow/.local/lib/python3.8/site-packages/airflow/example_dags/example_latest_only.py took 0.126 seconds
[2026-05-16T03:19:13.809+0000] {processor.py:161} INFO - Started process (PID=4585) to work on /home/airflow/.local/lib/python3.8/site-packages/airflow/example_dags/example_latest_only.py
[2026-05-16T03:19:13.811+0000] {processor.py:830} INFO - Processing file /home/airflow/.local/lib/python3.8/site-packages/airflow/example_dags/example_latest_only.py for tasks to queue
[2026-05-16T03:19:13.814+0000] {logging_mixin.py:188} INFO - [2026-05-16T03:19:13.813+0000] {dagbag.py:538} INFO - Filling up the DagBag from /home/airflow/.local/lib/python3.8/site-packages/airflow/example_dags/example_latest_only.py
[2026-05-16T03:19:13.823+0000] {processor.py:840} INFO - DAG(s) 'latest_only' retrieved from /home/airflow/.local/lib/python3.8/site-packages/airflow/example_dags/example_latest_only.py
[2026-05-16T03:19:13.863+0000] {logging_mixin.py:188} INFO - [2026-05-16T03:19:13.863+0000] {dag.py:3036} INFO - Sync 1 DAGs
[2026-05-16T03:19:13.908+0000] {logging_mixin.py:188} INFO - [2026-05-16T03:19:13.908+0000] {dag.py:3823} INFO - Setting next_dagrun for latest_only to 2026-05-15 20:00:00+00:00, run_after=2026-05-16 00:00:00+00:00
[2026-05-16T03:19:13.942+0000] {processor.py:183} INFO - Processing /home/airflow/.local/lib/python3.8/site-packages/airflow/example_dags/example_latest_only.py took 0.137 seconds
[2026-05-16T03:19:44.105+0000] {processor.py:161} INFO - Started process (PID=4650) to work on /home/airflow/.local/lib/python3.8/site-packages/airflow/example_dags/example_latest_only.py
[2026-05-16T03:19:44.107+0000] {processor.py:830} INFO - Processing file /home/airflow/.local/lib/python3.8/site-packages/airflow/example_dags/example_latest_only.py for tasks to queue
[2026-05-16T03:19:44.110+0000] {logging_mixin.py:188} INFO - [2026-05-16T03:19:44.110+0000] {dagbag.py:538} INFO - Filling up the DagBag from /home/airflow/.local/lib/python3.8/site-packages/airflow/example_dags/example_latest_only.py
[2026-05-16T03:19:44.120+0000] {processor.py:840} INFO - DAG(s) 'latest_only' retrieved from /home/airflow/.local/lib/python3.8/site-packages/airflow/example_dags/example_latest_only.py
[2026-05-16T03:19:44.161+0000] {logging_mixin.py:188} INFO - [2026-05-16T03:19:44.160+0000] {dag.py:3036} INFO - Sync 1 DAGs
[2026-05-16T03:19:44.207+0000] {logging_mixin.py:188} INFO - [2026-05-16T03:19:44.207+0000] {dag.py:3823} INFO - Setting next_dagrun for latest_only to 2026-05-15 20:00:00+00:00, run_after=2026-05-16 00:00:00+00:00
[2026-05-16T03:19:44.243+0000] {processor.py:183} INFO - Processing /home/airflow/.local/lib/python3.8/site-packages/airflow/example_dags/example_latest_only.py took 0.144 seconds
[2026-05-16T03:20:14.362+0000] {processor.py:161} INFO - Started process (PID=4714) to work on /home/airflow/.local/lib/python3.8/site-packages/airflow/example_dags/example_latest_only.py
[2026-05-16T03:20:14.364+0000] {processor.py:830} INFO - Processing file /home/airflow/.local/lib/python3.8/site-packages/airflow/example_dags/example_latest_only.py for tasks to queue
[2026-05-16T03:20:14.367+0000] {logging_mixin.py:188} INFO - [2026-05-16T03:20:14.366+0000] {dagbag.py:538} INFO - Filling up the DagBag from /home/airflow/.local/lib/python3.8/site-packages/airflow/example_dags/example_latest_only.py
[2026-05-16T03:20:14.381+0000] {processor.py:840} INFO - DAG(s) 'latest_only' retrieved from /home/airflow/.local/lib/python3.8/site-packages/airflow/example_dags/example_latest_only.py
[2026-05-16T03:20:14.422+0000] {logging_mixin.py:188} INFO - [2026-05-16T03:20:14.421+0000] {dag.py:3036} INFO - Sync 1 DAGs
[2026-05-16T03:20:14.467+0000] {logging_mixin.py:188} INFO - [2026-05-16T03:20:14.466+0000] {dag.py:3823} INFO - Setting next_dagrun for latest_only to 2026-05-15 20:00:00+00:00, run_after=2026-05-16 00:00:00+00:00
[2026-05-16T03:20:14.503+0000] {processor.py:183} INFO - Processing /home/airflow/.local/lib/python3.8/site-packages/airflow/example_dags/example_latest_only.py took 0.146 seconds
[2026-05-16T03:20:44.695+0000] {processor.py:161} INFO - Started process (PID=4779) to work on /home/airflow/.local/lib/python3.8/site-packages/airflow/example_dags/example_latest_only.py
[2026-05-16T03:20:44.700+0000] {processor.py:830} INFO - Processing file /home/airflow/.local/lib/python3.8/site-packages/airflow/example_dags/example_latest_only.py for tasks to queue
[2026-05-16T03:20:44.703+0000] {logging_mixin.py:188} INFO - [2026-05-16T03:20:44.702+0000] {dagbag.py:538} INFO - Filling up the DagBag from /home/airflow/.local/lib/python3.8/site-packages/airflow/example_dags/example_latest_only.py
[2026-05-16T03:20:44.713+0000] {processor.py:840} INFO - DAG(s) 'latest_only' retrieved from /home/airflow/.local/lib/python3.8/site-packages/airflow/example_dags/example_latest_only.py
[2026-05-16T03:20:44.755+0000] {logging_mixin.py:188} INFO - [2026-05-16T03:20:44.754+0000] {dag.py:3036} INFO - Sync 1 DAGs
[2026-05-16T03:20:44.800+0000] {logging_mixin.py:188} INFO - [2026-05-16T03:20:44.800+0000] {dag.py:3823} INFO - Setting next_dagrun for latest_only to 2026-05-15 20:00:00+00:00, run_after=2026-05-16 00:00:00+00:00
[2026-05-16T03:20:44.835+0000] {processor.py:183} INFO - Processing /home/airflow/.local/lib/python3.8/site-packages/airflow/example_dags/example_latest_only.py took 0.152 seconds
[2026-05-16T03:21:15.053+0000] {processor.py:161} INFO - Started process (PID=4844) to work on /home/airflow/.local/lib/python3.8/site-packages/airflow/example_dags/example_latest_only.py
[2026-05-16T03:21:15.055+0000] {processor.py:830} INFO - Processing file /home/airflow/.local/lib/python3.8/site-packages/airflow/example_dags/example_latest_only.py for tasks to queue
[2026-05-16T03:21:15.058+0000] {logging_mixin.py:188} INFO - [2026-05-16T03:21:15.058+0000] {dagbag.py:538} INFO - Filling up the DagBag from /home/airflow/.local/lib/python3.8/site-packages/airflow/example_dags/example_latest_only.py
[2026-05-16T03:21:15.067+0000] {processor.py:840} INFO - DAG(s) 'latest_only' retrieved from /home/airflow/.local/lib/python3.8/site-packages/airflow/example_dags/example_latest_only.py
[2026-05-16T03:21:15.108+0000] {logging_mixin.py:188} INFO - [2026-05-16T03:21:15.108+0000] {dag.py:3036} INFO - Sync 1 DAGs
[2026-05-16T03:21:15.149+0000] {logging_mixin.py:188} INFO - [2026-05-16T03:21:15.149+0000] {dag.py:3823} INFO - Setting next_dagrun for latest_only to 2026-05-15 20:00:00+00:00, run_after=2026-05-16 00:00:00+00:00
[2026-05-16T03:21:15.183+0000] {processor.py:183} INFO - Processing /home/airflow/.local/lib/python3.8/site-packages/airflow/example_dags/example_latest_only.py took 0.135 seconds
[2026-05-16T03:21:45.553+0000] {processor.py:161} INFO - Started process (PID=4909) to work on /home/airflow/.local/lib/python3.8/site-packages/airflow/example_dags/example_latest_only.py
[2026-05-16T03:21:45.554+0000] {processor.py:830} INFO - Processing file /home/airflow/.local/lib/python3.8/site-packages/airflow/example_dags/example_latest_only.py for tasks to queue
[2026-05-16T03:21:45.557+0000] {logging_mixin.py:188} INFO - [2026-05-16T03:21:45.557+0000] {dagbag.py:538} INFO - Filling up the DagBag from /home/airflow/.local/lib/python3.8/site-packages/airflow/example_dags/example_latest_only.py
[2026-05-16T03:21:45.566+0000] {processor.py:840} INFO - DAG(s) 'latest_only' retrieved from /home/airflow/.local/lib/python3.8/site-packages/airflow/example_dags/example_latest_only.py
[2026-05-16T03:21:45.606+0000] {logging_mixin.py:188} INFO - [2026-05-16T03:21:45.605+0000] {dag.py:3036} INFO - Sync 1 DAGs
[2026-05-16T03:21:45.651+0000] {logging_mixin.py:188} INFO - [2026-05-16T03:21:45.651+0000] {dag.py:3823} INFO - Setting next_dagrun for latest_only to 2026-05-15 20:00:00+00:00, run_after=2026-05-16 00:00:00+00:00
[2026-05-16T03:21:45.685+0000] {processor.py:183} INFO - Processing /home/airflow/.local/lib/python3.8/site-packages/airflow/example_dags/example_latest_only.py took 0.138 seconds
[2026-05-16T03:22:16.128+0000] {processor.py:161} INFO - Started process (PID=4974) to work on /home/airflow/.local/lib/python3.8/site-packages/airflow/example_dags/example_latest_only.py
[2026-05-16T03:22:16.129+0000] {processor.py:830} INFO - Processing file /home/airflow/.local/lib/python3.8/site-packages/airflow/example_dags/example_latest_only.py for tasks to queue
[2026-05-16T03:22:16.132+0000] {logging_mixin.py:188} INFO - [2026-05-16T03:22:16.131+0000] {dagbag.py:538} INFO - Filling up the DagBag from /home/airflow/.local/lib/python3.8/site-packages/airflow/example_dags/example_latest_only.py
[2026-05-16T03:22:16.139+0000] {processor.py:840} INFO - DAG(s) 'latest_only' retrieved from /home/airflow/.local/lib/python3.8/site-packages/airflow/example_dags/example_latest_only.py
[2026-05-16T03:22:16.177+0000] {logging_mixin.py:188} INFO - [2026-05-16T03:22:16.176+0000] {dag.py:3036} INFO - Sync 1 DAGs
[2026-05-16T03:22:16.219+0000] {logging_mixin.py:188} INFO - [2026-05-16T03:22:16.218+0000] {dag.py:3823} INFO - Setting next_dagrun for latest_only to 2026-05-15 20:00:00+00:00, run_after=2026-05-16 00:00:00+00:00
[2026-05-16T03:22:16.253+0000] {processor.py:183} INFO - Processing /home/airflow/.local/lib/python3.8/site-packages/airflow/example_dags/example_latest_only.py took 0.131 seconds
[2026-05-16T03:22:46.888+0000] {processor.py:161} INFO - Started process (PID=5038) to work on /home/airflow/.local/lib/python3.8/site-packages/airflow/example_dags/example_latest_only.py
[2026-05-16T03:22:46.890+0000] {processor.py:830} INFO - Processing file /home/airflow/.local/lib/python3.8/site-packages/airflow/example_dags/example_latest_only.py for tasks to queue
[2026-05-16T03:22:46.892+0000] {logging_mixin.py:188} INFO - [2026-05-16T03:22:46.892+0000] {dagbag.py:538} INFO - Filling up the DagBag from /home/airflow/.local/lib/python3.8/site-packages/airflow/example_dags/example_latest_only.py
[2026-05-16T03:22:46.900+0000] {processor.py:840} INFO - DAG(s) 'latest_only' retrieved from /home/airflow/.local/lib/python3.8/site-packages/airflow/example_dags/example_latest_only.py
[2026-05-16T03:22:46.937+0000] {logging_mixin.py:188} INFO - [2026-05-16T03:22:46.936+0000] {dag.py:3036} INFO - Sync 1 DAGs
[2026-05-16T03:22:46.977+0000] {logging_mixin.py:188} INFO - [2026-05-16T03:22:46.976+0000] {dag.py:3823} INFO - Setting next_dagrun for latest_only to 2026-05-15 20:00:00+00:00, run_after=2026-05-16 00:00:00+00:00
[2026-05-16T03:22:47.008+0000] {processor.py:183} INFO - Processing /home/airflow/.local/lib/python3.8/site-packages/airflow/example_dags/example_latest_only.py took 0.125 seconds
[2026-05-16T03:23:17.213+0000] {processor.py:161} INFO - Started process (PID=5104) to work on /home/airflow/.local/lib/python3.8/site-packages/airflow/example_dags/example_latest_only.py
[2026-05-16T03:23:17.216+0000] {processor.py:830} INFO - Processing file /home/airflow/.local/lib/python3.8/site-packages/airflow/example_dags/example_latest_only.py for tasks to queue
[2026-05-16T03:23:17.218+0000] {logging_mixin.py:188} INFO - [2026-05-16T03:23:17.218+0000] {dagbag.py:538} INFO - Filling up the DagBag from /home/airflow/.local/lib/python3.8/site-packages/airflow/example_dags/example_latest_only.py
[2026-05-16T03:23:17.226+0000] {processor.py:840} INFO - DAG(s) 'latest_only' retrieved from /home/airflow/.local/lib/python3.8/site-packages/airflow/example_dags/example_latest_only.py
[2026-05-16T03:23:17.265+0000] {logging_mixin.py:188} INFO - [2026-05-16T03:23:17.265+0000] {dag.py:3036} INFO - Sync 1 DAGs
[2026-05-16T03:23:17.306+0000] {logging_mixin.py:188} INFO - [2026-05-16T03:23:17.306+0000] {dag.py:3823} INFO - Setting next_dagrun for latest_only to 2026-05-15 20:00:00+00:00, run_after=2026-05-16 00:00:00+00:00
[2026-05-16T03:23:17.339+0000] {processor.py:183} INFO - Processing /home/airflow/.local/lib/python3.8/site-packages/airflow/example_dags/example_latest_only.py took 0.131 seconds
[2026-05-16T03:23:47.563+0000] {processor.py:161} INFO - Started process (PID=5170) to work on /home/airflow/.local/lib/python3.8/site-packages/airflow/example_dags/example_latest_only.py
[2026-05-16T03:23:47.566+0000] {processor.py:830} INFO - Processing file /home/airflow/.local/lib/python3.8/site-packages/airflow/example_dags/example_latest_only.py for tasks to queue
[2026-05-16T03:23:47.568+0000] {logging_mixin.py:188} INFO - [2026-05-16T03:23:47.568+0000] {dagbag.py:538} INFO - Filling up the DagBag from /home/airflow/.local/lib/python3.8/site-packages/airflow/example_dags/example_latest_only.py
[2026-05-16T03:23:47.576+0000] {processor.py:840} INFO - DAG(s) 'latest_only' retrieved from /home/airflow/.local/lib/python3.8/site-packages/airflow/example_dags/example_latest_only.py
[2026-05-16T03:23:47.615+0000] {logging_mixin.py:188} INFO - [2026-05-16T03:23:47.614+0000] {dag.py:3036} INFO - Sync 1 DAGs
[2026-05-16T03:23:47.662+0000] {logging_mixin.py:188} INFO - [2026-05-16T03:23:47.662+0000] {dag.py:3823} INFO - Setting next_dagrun for latest_only to 2026-05-15 20:00:00+00:00, run_after=2026-05-16 00:00:00+00:00
[2026-05-16T03:23:47.695+0000] {processor.py:183} INFO - Processing /home/airflow/.local/lib/python3.8/site-packages/airflow/example_dags/example_latest_only.py took 0.137 seconds
[2026-05-16T03:24:18.394+0000] {processor.py:161} INFO - Started process (PID=5236) to work on /home/airflow/.local/lib/python3.8/site-packages/airflow/example_dags/example_latest_only.py
[2026-05-16T03:24:18.395+0000] {processor.py:830} INFO - Processing file /home/airflow/.local/lib/python3.8/site-packages/airflow/example_dags/example_latest_only.py for tasks to queue
[2026-05-16T03:24:18.398+0000] {logging_mixin.py:188} INFO - [2026-05-16T03:24:18.398+0000] {dagbag.py:538} INFO - Filling up the DagBag from /home/airflow/.local/lib/python3.8/site-packages/airflow/example_dags/example_latest_only.py
[2026-05-16T03:24:18.406+0000] {processor.py:840} INFO - DAG(s) 'latest_only' retrieved from /home/airflow/.local/lib/python3.8/site-packages/airflow/example_dags/example_latest_only.py
[2026-05-16T03:24:18.438+0000] {logging_mixin.py:188} INFO - [2026-05-16T03:24:18.438+0000] {dag.py:3036} INFO - Sync 1 DAGs
[2026-05-16T03:24:18.476+0000] {logging_mixin.py:188} INFO - [2026-05-16T03:24:18.475+0000] {dag.py:3823} INFO - Setting next_dagrun for latest_only to 2026-05-15 20:00:00+00:00, run_after=2026-05-16 00:00:00+00:00
[2026-05-16T03:24:18.508+0000] {processor.py:183} INFO - Processing /home/airflow/.local/lib/python3.8/site-packages/airflow/example_dags/example_latest_only.py took 0.120 seconds
[2026-05-16T03:24:48.978+0000] {processor.py:161} INFO - Started process (PID=5303) to work on /home/airflow/.local/lib/python3.8/site-packages/airflow/example_dags/example_latest_only.py
[2026-05-16T03:24:48.980+0000] {processor.py:830} INFO - Processing file /home/airflow/.local/lib/python3.8/site-packages/airflow/example_dags/example_latest_only.py for tasks to queue
[2026-05-16T03:24:48.983+0000] {logging_mixin.py:188} INFO - [2026-05-16T03:24:48.982+0000] {dagbag.py:538} INFO - Filling up the DagBag from /home/airflow/.local/lib/python3.8/site-packages/airflow/example_dags/example_latest_only.py
[2026-05-16T03:24:48.991+0000] {processor.py:840} INFO - DAG(s) 'latest_only' retrieved from /home/airflow/.local/lib/python3.8/site-packages/airflow/example_dags/example_latest_only.py
[2026-05-16T03:24:49.028+0000] {logging_mixin.py:188} INFO - [2026-05-16T03:24:49.028+0000] {dag.py:3036} INFO - Sync 1 DAGs
[2026-05-16T03:24:49.067+0000] {logging_mixin.py:188} INFO - [2026-05-16T03:24:49.067+0000] {dag.py:3823} INFO - Setting next_dagrun for latest_only to 2026-05-15 20:00:00+00:00, run_after=2026-05-16 00:00:00+00:00
[2026-05-16T03:24:49.095+0000] {processor.py:183} INFO - Processing /home/airflow/.local/lib/python3.8/site-packages/airflow/example_dags/example_latest_only.py took 0.122 seconds
[2026-05-16T03:25:19.765+0000] {processor.py:161} INFO - Started process (PID=5368) to work on /home/airflow/.local/lib/python3.8/site-packages/airflow/example_dags/example_latest_only.py
[2026-05-16T03:25:19.766+0000] {processor.py:830} INFO - Processing file /home/airflow/.local/lib/python3.8/site-packages/airflow/example_dags/example_latest_only.py for tasks to queue
[2026-05-16T03:25:19.770+0000] {logging_mixin.py:188} INFO - [2026-05-16T03:25:19.769+0000] {dagbag.py:538} INFO - Filling up the DagBag from /home/airflow/.local/lib/python3.8/site-packages/airflow/example_dags/example_latest_only.py
[2026-05-16T03:25:19.779+0000] {processor.py:840} INFO - DAG(s) 'latest_only' retrieved from /home/airflow/.local/lib/python3.8/site-packages/airflow/example_dags/example_latest_only.py
[2026-05-16T03:25:19.816+0000] {logging_mixin.py:188} INFO - [2026-05-16T03:25:19.815+0000] {dag.py:3036} INFO - Sync 1 DAGs
[2026-05-16T03:25:19.858+0000] {logging_mixin.py:188} INFO - [2026-05-16T03:25:19.858+0000] {dag.py:3823} INFO - Setting next_dagrun for latest_only to 2026-05-15 20:00:00+00:00, run_after=2026-05-16 00:00:00+00:00
[2026-05-16T03:25:19.902+0000] {processor.py:183} INFO - Processing /home/airflow/.local/lib/python3.8/site-packages/airflow/example_dags/example_latest_only.py took 0.142 seconds
[2026-05-16T03:25:50.001+0000] {processor.py:161} INFO - Started process (PID=5438) to work on /home/airflow/.local/lib/python3.8/site-packages/airflow/example_dags/example_latest_only.py
[2026-05-16T03:25:50.003+0000] {processor.py:830} INFO - Processing file /home/airflow/.local/lib/python3.8/site-packages/airflow/example_dags/example_latest_only.py for tasks to queue
[2026-05-16T03:25:50.006+0000] {logging_mixin.py:188} INFO - [2026-05-16T03:25:50.006+0000] {dagbag.py:538} INFO - Filling up the DagBag from /home/airflow/.local/lib/python3.8/site-packages/airflow/example_dags/example_latest_only.py
[2026-05-16T03:25:50.015+0000] {processor.py:840} INFO - DAG(s) 'latest_only' retrieved from /home/airflow/.local/lib/python3.8/site-packages/airflow/example_dags/example_latest_only.py
[2026-05-16T03:25:50.052+0000] {logging_mixin.py:188} INFO - [2026-05-16T03:25:50.052+0000] {dag.py:3036} INFO - Sync 1 DAGs
[2026-05-16T03:25:50.094+0000] {logging_mixin.py:188} INFO - [2026-05-16T03:25:50.094+0000] {dag.py:3823} INFO - Setting next_dagrun for latest_only to 2026-05-15 20:00:00+00:00, run_after=2026-05-16 00:00:00+00:00
[2026-05-16T03:25:50.127+0000] {processor.py:183} INFO - Processing /home/airflow/.local/lib/python3.8/site-packages/airflow/example_dags/example_latest_only.py took 0.133 seconds
[2026-05-16T03:26:20.248+0000] {processor.py:161} INFO - Started process (PID=5504) to work on /home/airflow/.local/lib/python3.8/site-packages/airflow/example_dags/example_latest_only.py
[2026-05-16T03:26:20.250+0000] {processor.py:830} INFO - Processing file /home/airflow/.local/lib/python3.8/site-packages/airflow/example_dags/example_latest_only.py for tasks to queue
[2026-05-16T03:26:20.253+0000] {logging_mixin.py:188} INFO - [2026-05-16T03:26:20.252+0000] {dagbag.py:538} INFO - Filling up the DagBag from /home/airflow/.local/lib/python3.8/site-packages/airflow/example_dags/example_latest_only.py
[2026-05-16T03:26:20.263+0000] {processor.py:840} INFO - DAG(s) 'latest_only' retrieved from /home/airflow/.local/lib/python3.8/site-packages/airflow/example_dags/example_latest_only.py
[2026-05-16T03:26:20.304+0000] {logging_mixin.py:188} INFO - [2026-05-16T03:26:20.303+0000] {dag.py:3036} INFO - Sync 1 DAGs
[2026-05-16T03:26:20.345+0000] {logging_mixin.py:188} INFO - [2026-05-16T03:26:20.345+0000] {dag.py:3823} INFO - Setting next_dagrun for latest_only to 2026-05-15 20:00:00+00:00, run_after=2026-05-16 00:00:00+00:00
[2026-05-16T03:26:20.380+0000] {processor.py:183} INFO - Processing /home/airflow/.local/lib/python3.8/site-packages/airflow/example_dags/example_latest_only.py took 0.138 seconds
[2026-05-16T03:26:51.068+0000] {processor.py:161} INFO - Started process (PID=5569) to work on /home/airflow/.local/lib/python3.8/site-packages/airflow/example_dags/example_latest_only.py
[2026-05-16T03:26:51.070+0000] {processor.py:830} INFO - Processing file /home/airflow/.local/lib/python3.8/site-packages/airflow/example_dags/example_latest_only.py for tasks to queue
[2026-05-16T03:26:51.073+0000] {logging_mixin.py:188} INFO - [2026-05-16T03:26:51.072+0000] {dagbag.py:538} INFO - Filling up the DagBag from /home/airflow/.local/lib/python3.8/site-packages/airflow/example_dags/example_latest_only.py
[2026-05-16T03:26:51.082+0000] {processor.py:840} INFO - DAG(s) 'latest_only' retrieved from /home/airflow/.local/lib/python3.8/site-packages/airflow/example_dags/example_latest_only.py
[2026-05-16T03:26:51.123+0000] {logging_mixin.py:188} INFO - [2026-05-16T03:26:51.122+0000] {dag.py:3036} INFO - Sync 1 DAGs
[2026-05-16T03:26:51.168+0000] {logging_mixin.py:188} INFO - [2026-05-16T03:26:51.167+0000] {dag.py:3823} INFO - Setting next_dagrun for latest_only to 2026-05-15 20:00:00+00:00, run_after=2026-05-16 00:00:00+00:00
[2026-05-16T03:26:51.202+0000] {processor.py:183} INFO - Processing /home/airflow/.local/lib/python3.8/site-packages/airflow/example_dags/example_latest_only.py took 0.140 seconds
[2026-05-16T03:27:21.725+0000] {processor.py:161} INFO - Started process (PID=5634) to work on /home/airflow/.local/lib/python3.8/site-packages/airflow/example_dags/example_latest_only.py
[2026-05-16T03:27:21.728+0000] {processor.py:830} INFO - Processing file /home/airflow/.local/lib/python3.8/site-packages/airflow/example_dags/example_latest_only.py for tasks to queue
[2026-05-16T03:27:21.733+0000] {logging_mixin.py:188} INFO - [2026-05-16T03:27:21.732+0000] {dagbag.py:538} INFO - Filling up the DagBag from /home/airflow/.local/lib/python3.8/site-packages/airflow/example_dags/example_latest_only.py
[2026-05-16T03:27:21.746+0000] {processor.py:840} INFO - DAG(s) 'latest_only' retrieved from /home/airflow/.local/lib/python3.8/site-packages/airflow/example_dags/example_latest_only.py
[2026-05-16T03:27:21.815+0000] {logging_mixin.py:188} INFO - [2026-05-16T03:27:21.814+0000] {dag.py:3036} INFO - Sync 1 DAGs
[2026-05-16T03:27:21.861+0000] {logging_mixin.py:188} INFO - [2026-05-16T03:27:21.860+0000] {dag.py:3823} INFO - Setting next_dagrun for latest_only to 2026-05-15 20:00:00+00:00, run_after=2026-05-16 00:00:00+00:00
[2026-05-16T03:27:21.914+0000] {processor.py:183} INFO - Processing /home/airflow/.local/lib/python3.8/site-packages/airflow/example_dags/example_latest_only.py took 0.194 seconds
[2026-05-16T03:27:52.681+0000] {processor.py:161} INFO - Started process (PID=5699) to work on /home/airflow/.local/lib/python3.8/site-packages/airflow/example_dags/example_latest_only.py
[2026-05-16T03:27:52.683+0000] {processor.py:830} INFO - Processing file /home/airflow/.local/lib/python3.8/site-packages/airflow/example_dags/example_latest_only.py for tasks to queue
[2026-05-16T03:27:52.685+0000] {logging_mixin.py:188} INFO - [2026-05-16T03:27:52.685+0000] {dagbag.py:538} INFO - Filling up the DagBag from /home/airflow/.local/lib/python3.8/site-packages/airflow/example_dags/example_latest_only.py
[2026-05-16T03:27:52.693+0000] {processor.py:840} INFO - DAG(s) 'latest_only' retrieved from /home/airflow/.local/lib/python3.8/site-packages/airflow/example_dags/example_latest_only.py
[2026-05-16T03:27:52.729+0000] {logging_mixin.py:188} INFO - [2026-05-16T03:27:52.729+0000] {dag.py:3036} INFO - Sync 1 DAGs
[2026-05-16T03:27:52.772+0000] {logging_mixin.py:188} INFO - [2026-05-16T03:27:52.771+0000] {dag.py:3823} INFO - Setting next_dagrun for latest_only to 2026-05-15 20:00:00+00:00, run_after=2026-05-16 00:00:00+00:00
[2026-05-16T03:27:52.804+0000] {processor.py:183} INFO - Processing /home/airflow/.local/lib/python3.8/site-packages/airflow/example_dags/example_latest_only.py took 0.128 seconds
[2026-05-16T03:28:23.232+0000] {processor.py:161} INFO - Started process (PID=5763) to work on /home/airflow/.local/lib/python3.8/site-packages/airflow/example_dags/example_latest_only.py
[2026-05-16T03:28:23.233+0000] {processor.py:830} INFO - Processing file /home/airflow/.local/lib/python3.8/site-packages/airflow/example_dags/example_latest_only.py for tasks to queue
[2026-05-16T03:28:23.236+0000] {logging_mixin.py:188} INFO - [2026-05-16T03:28:23.235+0000] {dagbag.py:538} INFO - Filling up the DagBag from /home/airflow/.local/lib/python3.8/site-packages/airflow/example_dags/example_latest_only.py
[2026-05-16T03:28:23.244+0000] {processor.py:840} INFO - DAG(s) 'latest_only' retrieved from /home/airflow/.local/lib/python3.8/site-packages/airflow/example_dags/example_latest_only.py
[2026-05-16T03:28:23.281+0000] {logging_mixin.py:188} INFO - [2026-05-16T03:28:23.281+0000] {dag.py:3036} INFO - Sync 1 DAGs
[2026-05-16T03:28:23.322+0000] {logging_mixin.py:188} INFO - [2026-05-16T03:28:23.321+0000] {dag.py:3823} INFO - Setting next_dagrun for latest_only to 2026-05-15 20:00:00+00:00, run_after=2026-05-16 00:00:00+00:00
[2026-05-16T03:28:23.354+0000] {processor.py:183} INFO - Processing /home/airflow/.local/lib/python3.8/site-packages/airflow/example_dags/example_latest_only.py took 0.127 seconds
[2026-05-16T03:28:53.549+0000] {processor.py:161} INFO - Started process (PID=5827) to work on /home/airflow/.local/lib/python3.8/site-packages/airflow/example_dags/example_latest_only.py
[2026-05-16T03:28:53.552+0000] {processor.py:830} INFO - Processing file /home/airflow/.local/lib/python3.8/site-packages/airflow/example_dags/example_latest_only.py for tasks to queue
[2026-05-16T03:28:53.554+0000] {logging_mixin.py:188} INFO - [2026-05-16T03:28:53.554+0000] {dagbag.py:538} INFO - Filling up the DagBag from /home/airflow/.local/lib/python3.8/site-packages/airflow/example_dags/example_latest_only.py
[2026-05-16T03:28:53.562+0000] {processor.py:840} INFO - DAG(s) 'latest_only' retrieved from /home/airflow/.local/lib/python3.8/site-packages/airflow/example_dags/example_latest_only.py
[2026-05-16T03:28:53.601+0000] {logging_mixin.py:188} INFO - [2026-05-16T03:28:53.601+0000] {dag.py:3036} INFO - Sync 1 DAGs
[2026-05-16T03:28:53.643+0000] {logging_mixin.py:188} INFO - [2026-05-16T03:28:53.643+0000] {dag.py:3823} INFO - Setting next_dagrun for latest_only to 2026-05-15 20:00:00+00:00, run_after=2026-05-16 00:00:00+00:00
[2026-05-16T03:28:53.679+0000] {processor.py:183} INFO - Processing /home/airflow/.local/lib/python3.8/site-packages/airflow/example_dags/example_latest_only.py took 0.135 seconds
[2026-05-16T03:29:24.399+0000] {processor.py:161} INFO - Started process (PID=5891) to work on /home/airflow/.local/lib/python3.8/site-packages/airflow/example_dags/example_latest_only.py
[2026-05-16T03:29:24.402+0000] {processor.py:830} INFO - Processing file /home/airflow/.local/lib/python3.8/site-packages/airflow/example_dags/example_latest_only.py for tasks to queue
[2026-05-16T03:29:24.405+0000] {logging_mixin.py:188} INFO - [2026-05-16T03:29:24.404+0000] {dagbag.py:538} INFO - Filling up the DagBag from /home/airflow/.local/lib/python3.8/site-packages/airflow/example_dags/example_latest_only.py
[2026-05-16T03:29:24.414+0000] {processor.py:840} INFO - DAG(s) 'latest_only' retrieved from /home/airflow/.local/lib/python3.8/site-packages/airflow/example_dags/example_latest_only.py
[2026-05-16T03:29:24.454+0000] {logging_mixin.py:188} INFO - [2026-05-16T03:29:24.454+0000] {dag.py:3036} INFO - Sync 1 DAGs
[2026-05-16T03:29:24.499+0000] {logging_mixin.py:188} INFO - [2026-05-16T03:29:24.499+0000] {dag.py:3823} INFO - Setting next_dagrun for latest_only to 2026-05-15 20:00:00+00:00, run_after=2026-05-16 00:00:00+00:00
[2026-05-16T03:29:24.532+0000] {processor.py:183} INFO - Processing /home/airflow/.local/lib/python3.8/site-packages/airflow/example_dags/example_latest_only.py took 0.138 seconds
[2026-05-16T03:29:54.718+0000] {processor.py:161} INFO - Started process (PID=5956) to work on /home/airflow/.local/lib/python3.8/site-packages/airflow/example_dags/example_latest_only.py
[2026-05-16T03:29:54.719+0000] {processor.py:830} INFO - Processing file /home/airflow/.local/lib/python3.8/site-packages/airflow/example_dags/example_latest_only.py for tasks to queue
[2026-05-16T03:29:54.722+0000] {logging_mixin.py:188} INFO - [2026-05-16T03:29:54.721+0000] {dagbag.py:538} INFO - Filling up the DagBag from /home/airflow/.local/lib/python3.8/site-packages/airflow/example_dags/example_latest_only.py
[2026-05-16T03:29:54.730+0000] {processor.py:840} INFO - DAG(s) 'latest_only' retrieved from /home/airflow/.local/lib/python3.8/site-packages/airflow/example_dags/example_latest_only.py
[2026-05-16T03:29:54.765+0000] {logging_mixin.py:188} INFO - [2026-05-16T03:29:54.765+0000] {dag.py:3036} INFO - Sync 1 DAGs
[2026-05-16T03:29:54.807+0000] {logging_mixin.py:188} INFO - [2026-05-16T03:29:54.807+0000] {dag.py:3823} INFO - Setting next_dagrun for latest_only to 2026-05-15 20:00:00+00:00, run_after=2026-05-16 00:00:00+00:00
[2026-05-16T03:29:54.840+0000] {processor.py:183} INFO - Processing /home/airflow/.local/lib/python3.8/site-packages/airflow/example_dags/example_latest_only.py took 0.127 seconds
[2026-05-16T03:30:25.344+0000] {processor.py:161} INFO - Started process (PID=6019) to work on /home/airflow/.local/lib/python3.8/site-packages/airflow/example_dags/example_latest_only.py
[2026-05-16T03:30:25.346+0000] {processor.py:830} INFO - Processing file /home/airflow/.local/lib/python3.8/site-packages/airflow/example_dags/example_latest_only.py for tasks to queue
[2026-05-16T03:30:25.348+0000] {logging_mixin.py:188} INFO - [2026-05-16T03:30:25.348+0000] {dagbag.py:538} INFO - Filling up the DagBag from /home/airflow/.local/lib/python3.8/site-packages/airflow/example_dags/example_latest_only.py
[2026-05-16T03:30:25.356+0000] {processor.py:840} INFO - DAG(s) 'latest_only' retrieved from /home/airflow/.local/lib/python3.8/site-packages/airflow/example_dags/example_latest_only.py
[2026-05-16T03:30:25.391+0000] {logging_mixin.py:188} INFO - [2026-05-16T03:30:25.391+0000] {dag.py:3036} INFO - Sync 1 DAGs
[2026-05-16T03:30:25.429+0000] {logging_mixin.py:188} INFO - [2026-05-16T03:30:25.429+0000] {dag.py:3823} INFO - Setting next_dagrun for latest_only to 2026-05-15 20:00:00+00:00, run_after=2026-05-16 00:00:00+00:00
[2026-05-16T03:30:25.461+0000] {processor.py:183} INFO - Processing /home/airflow/.local/lib/python3.8/site-packages/airflow/example_dags/example_latest_only.py took 0.121 seconds
[2026-05-16T03:30:55.693+0000] {processor.py:161} INFO - Started process (PID=6085) to work on /home/airflow/.local/lib/python3.8/site-packages/airflow/example_dags/example_latest_only.py
[2026-05-16T03:30:55.695+0000] {processor.py:830} INFO - Processing file /home/airflow/.local/lib/python3.8/site-packages/airflow/example_dags/example_latest_only.py for tasks to queue
[2026-05-16T03:30:55.698+0000] {logging_mixin.py:188} INFO - [2026-05-16T03:30:55.698+0000] {dagbag.py:538} INFO - Filling up the DagBag from /home/airflow/.local/lib/python3.8/site-packages/airflow/example_dags/example_latest_only.py
[2026-05-16T03:30:55.708+0000] {processor.py:840} INFO - DAG(s) 'latest_only' retrieved from /home/airflow/.local/lib/python3.8/site-packages/airflow/example_dags/example_latest_only.py
[2026-05-16T03:30:55.748+0000] {logging_mixin.py:188} INFO - [2026-05-16T03:30:55.748+0000] {dag.py:3036} INFO - Sync 1 DAGs
[2026-05-16T03:30:55.794+0000] {logging_mixin.py:188} INFO - [2026-05-16T03:30:55.794+0000] {dag.py:3823} INFO - Setting next_dagrun for latest_only to 2026-05-15 20:00:00+00:00, run_after=2026-05-16 00:00:00+00:00
[2026-05-16T03:30:55.830+0000] {processor.py:183} INFO - Processing /home/airflow/.local/lib/python3.8/site-packages/airflow/example_dags/example_latest_only.py took 0.142 seconds
[2026-05-16T03:31:26.263+0000] {processor.py:161} INFO - Started process (PID=6149) to work on /home/airflow/.local/lib/python3.8/site-packages/airflow/example_dags/example_latest_only.py
[2026-05-16T03:31:26.266+0000] {processor.py:830} INFO - Processing file /home/airflow/.local/lib/python3.8/site-packages/airflow/example_dags/example_latest_only.py for tasks to queue
[2026-05-16T03:31:26.269+0000] {logging_mixin.py:188} INFO - [2026-05-16T03:31:26.268+0000] {dagbag.py:538} INFO - Filling up the DagBag from /home/airflow/.local/lib/python3.8/site-packages/airflow/example_dags/example_latest_only.py
[2026-05-16T03:31:26.278+0000] {processor.py:840} INFO - DAG(s) 'latest_only' retrieved from /home/airflow/.local/lib/python3.8/site-packages/airflow/example_dags/example_latest_only.py
[2026-05-16T03:31:26.321+0000] {logging_mixin.py:188} INFO - [2026-05-16T03:31:26.320+0000] {dag.py:3036} INFO - Sync 1 DAGs
[2026-05-16T03:31:26.365+0000] {logging_mixin.py:188} INFO - [2026-05-16T03:31:26.364+0000] {dag.py:3823} INFO - Setting next_dagrun for latest_only to 2026-05-15 20:00:00+00:00, run_after=2026-05-16 00:00:00+00:00
[2026-05-16T03:31:26.402+0000] {processor.py:183} INFO - Processing /home/airflow/.local/lib/python3.8/site-packages/airflow/example_dags/example_latest_only.py took 0.145 seconds
[2026-05-16T03:31:56.544+0000] {processor.py:161} INFO - Started process (PID=6215) to work on /home/airflow/.local/lib/python3.8/site-packages/airflow/example_dags/example_latest_only.py
[2026-05-16T03:31:56.546+0000] {processor.py:830} INFO - Processing file /home/airflow/.local/lib/python3.8/site-packages/airflow/example_dags/example_latest_only.py for tasks to queue
[2026-05-16T03:31:56.549+0000] {logging_mixin.py:188} INFO - [2026-05-16T03:31:56.548+0000] {dagbag.py:538} INFO - Filling up the DagBag from /home/airflow/.local/lib/python3.8/site-packages/airflow/example_dags/example_latest_only.py
[2026-05-16T03:31:56.557+0000] {processor.py:840} INFO - DAG(s) 'latest_only' retrieved from /home/airflow/.local/lib/python3.8/site-packages/airflow/example_dags/example_latest_only.py
[2026-05-16T03:31:56.594+0000] {logging_mixin.py:188} INFO - [2026-05-16T03:31:56.594+0000] {dag.py:3036} INFO - Sync 1 DAGs
[2026-05-16T03:31:56.637+0000] {logging_mixin.py:188} INFO - [2026-05-16T03:31:56.636+0000] {dag.py:3823} INFO - Setting next_dagrun for latest_only to 2026-05-15 20:00:00+00:00, run_after=2026-05-16 00:00:00+00:00
[2026-05-16T03:31:56.670+0000] {processor.py:183} INFO - Processing /home/airflow/.local/lib/python3.8/site-packages/airflow/example_dags/example_latest_only.py took 0.131 seconds
[2026-05-16T03:32:26.944+0000] {processor.py:161} INFO - Started process (PID=6280) to work on /home/airflow/.local/lib/python3.8/site-packages/airflow/example_dags/example_latest_only.py
[2026-05-16T03:32:26.946+0000] {processor.py:830} INFO - Processing file /home/airflow/.local/lib/python3.8/site-packages/airflow/example_dags/example_latest_only.py for tasks to queue
[2026-05-16T03:32:26.949+0000] {logging_mixin.py:188} INFO - [2026-05-16T03:32:26.949+0000] {dagbag.py:538} INFO - Filling up the DagBag from /home/airflow/.local/lib/python3.8/site-packages/airflow/example_dags/example_latest_only.py
[2026-05-16T03:32:26.958+0000] {processor.py:840} INFO - DAG(s) 'latest_only' retrieved from /home/airflow/.local/lib/python3.8/site-packages/airflow/example_dags/example_latest_only.py
[2026-05-16T03:32:26.999+0000] {logging_mixin.py:188} INFO - [2026-05-16T03:32:26.999+0000] {dag.py:3036} INFO - Sync 1 DAGs
[2026-05-16T03:32:27.046+0000] {logging_mixin.py:188} INFO - [2026-05-16T03:32:27.046+0000] {dag.py:3823} INFO - Setting next_dagrun for latest_only to 2026-05-15 20:00:00+00:00, run_after=2026-05-16 00:00:00+00:00
[2026-05-16T03:32:27.078+0000] {processor.py:183} INFO - Processing /home/airflow/.local/lib/python3.8/site-packages/airflow/example_dags/example_latest_only.py took 0.139 seconds
[2026-05-16T03:32:57.151+0000] {processor.py:161} INFO - Started process (PID=6345) to work on /home/airflow/.local/lib/python3.8/site-packages/airflow/example_dags/example_latest_only.py
[2026-05-16T03:32:57.154+0000] {processor.py:830} INFO - Processing file /home/airflow/.local/lib/python3.8/site-packages/airflow/example_dags/example_latest_only.py for tasks to queue
[2026-05-16T03:32:57.157+0000] {logging_mixin.py:188} INFO - [2026-05-16T03:32:57.156+0000] {dagbag.py:538} INFO - Filling up the DagBag from /home/airflow/.local/lib/python3.8/site-packages/airflow/example_dags/example_latest_only.py
[2026-05-16T03:32:57.165+0000] {processor.py:840} INFO - DAG(s) 'latest_only' retrieved from /home/airflow/.local/lib/python3.8/site-packages/airflow/example_dags/example_latest_only.py
[2026-05-16T03:32:57.207+0000] {logging_mixin.py:188} INFO - [2026-05-16T03:32:57.206+0000] {dag.py:3036} INFO - Sync 1 DAGs
[2026-05-16T03:32:57.253+0000] {logging_mixin.py:188} INFO - [2026-05-16T03:32:57.252+0000] {dag.py:3823} INFO - Setting next_dagrun for latest_only to 2026-05-15 20:00:00+00:00, run_after=2026-05-16 00:00:00+00:00
[2026-05-16T03:32:57.295+0000] {processor.py:183} INFO - Processing /home/airflow/.local/lib/python3.8/site-packages/airflow/example_dags/example_latest_only.py took 0.149 seconds
[2026-05-16T03:33:27.809+0000] {processor.py:161} INFO - Started process (PID=6410) to work on /home/airflow/.local/lib/python3.8/site-packages/airflow/example_dags/example_latest_only.py
[2026-05-16T03:33:27.816+0000] {processor.py:830} INFO - Processing file /home/airflow/.local/lib/python3.8/site-packages/airflow/example_dags/example_latest_only.py for tasks to queue
[2026-05-16T03:33:27.821+0000] {logging_mixin.py:188} INFO - [2026-05-16T03:33:27.818+0000] {dagbag.py:538} INFO - Filling up the DagBag from /home/airflow/.local/lib/python3.8/site-packages/airflow/example_dags/example_latest_only.py
[2026-05-16T03:33:27.830+0000] {processor.py:840} INFO - DAG(s) 'latest_only' retrieved from /home/airflow/.local/lib/python3.8/site-packages/airflow/example_dags/example_latest_only.py
[2026-05-16T03:33:27.881+0000] {logging_mixin.py:188} INFO - [2026-05-16T03:33:27.881+0000] {dag.py:3036} INFO - Sync 1 DAGs
[2026-05-16T03:33:27.937+0000] {logging_mixin.py:188} INFO - [2026-05-16T03:33:27.937+0000] {dag.py:3823} INFO - Setting next_dagrun for latest_only to 2026-05-15 20:00:00+00:00, run_after=2026-05-16 00:00:00+00:00
[2026-05-16T03:33:27.987+0000] {processor.py:183} INFO - Processing /home/airflow/.local/lib/python3.8/site-packages/airflow/example_dags/example_latest_only.py took 0.183 seconds
[2026-05-16T03:33:58.412+0000] {processor.py:161} INFO - Started process (PID=6482) to work on /home/airflow/.local/lib/python3.8/site-packages/airflow/example_dags/example_latest_only.py
[2026-05-16T03:33:58.415+0000] {processor.py:830} INFO - Processing file /home/airflow/.local/lib/python3.8/site-packages/airflow/example_dags/example_latest_only.py for tasks to queue
[2026-05-16T03:33:58.419+0000] {logging_mixin.py:188} INFO - [2026-05-16T03:33:58.418+0000] {dagbag.py:538} INFO - Filling up the DagBag from /home/airflow/.local/lib/python3.8/site-packages/airflow/example_dags/example_latest_only.py
[2026-05-16T03:33:58.428+0000] {processor.py:840} INFO - DAG(s) 'latest_only' retrieved from /home/airflow/.local/lib/python3.8/site-packages/airflow/example_dags/example_latest_only.py
[2026-05-16T03:33:58.491+0000] {logging_mixin.py:188} INFO - [2026-05-16T03:33:58.490+0000] {dag.py:3036} INFO - Sync 1 DAGs
[2026-05-16T03:33:58.552+0000] {logging_mixin.py:188} INFO - [2026-05-16T03:33:58.552+0000] {dag.py:3823} INFO - Setting next_dagrun for latest_only to 2026-05-15 20:00:00+00:00, run_after=2026-05-16 00:00:00+00:00
[2026-05-16T03:33:58.596+0000] {processor.py:183} INFO - Processing /home/airflow/.local/lib/python3.8/site-packages/airflow/example_dags/example_latest_only.py took 0.197 seconds
[2026-05-16T03:34:28.663+0000] {processor.py:161} INFO - Started process (PID=6549) to work on /home/airflow/.local/lib/python3.8/site-packages/airflow/example_dags/example_latest_only.py
[2026-05-16T03:34:28.665+0000] {processor.py:830} INFO - Processing file /home/airflow/.local/lib/python3.8/site-packages/airflow/example_dags/example_latest_only.py for tasks to queue
[2026-05-16T03:34:28.668+0000] {logging_mixin.py:188} INFO - [2026-05-16T03:34:28.667+0000] {dagbag.py:538} INFO - Filling up the DagBag from /home/airflow/.local/lib/python3.8/site-packages/airflow/example_dags/example_latest_only.py
[2026-05-16T03:34:28.676+0000] {processor.py:840} INFO - DAG(s) 'latest_only' retrieved from /home/airflow/.local/lib/python3.8/site-packages/airflow/example_dags/example_latest_only.py
[2026-05-16T03:34:28.712+0000] {logging_mixin.py:188} INFO - [2026-05-16T03:34:28.712+0000] {dag.py:3036} INFO - Sync 1 DAGs
[2026-05-16T03:34:28.752+0000] {logging_mixin.py:188} INFO - [2026-05-16T03:34:28.752+0000] {dag.py:3823} INFO - Setting next_dagrun for latest_only to 2026-05-15 20:00:00+00:00, run_after=2026-05-16 00:00:00+00:00
[2026-05-16T03:34:28.787+0000] {processor.py:183} INFO - Processing /home/airflow/.local/lib/python3.8/site-packages/airflow/example_dags/example_latest_only.py took 0.132 seconds
[2026-05-16T03:34:59.013+0000] {processor.py:161} INFO - Started process (PID=6615) to work on /home/airflow/.local/lib/python3.8/site-packages/airflow/example_dags/example_latest_only.py
[2026-05-16T03:34:59.015+0000] {processor.py:830} INFO - Processing file /home/airflow/.local/lib/python3.8/site-packages/airflow/example_dags/example_latest_only.py for tasks to queue
[2026-05-16T03:34:59.018+0000] {logging_mixin.py:188} INFO - [2026-05-16T03:34:59.018+0000] {dagbag.py:538} INFO - Filling up the DagBag from /home/airflow/.local/lib/python3.8/site-packages/airflow/example_dags/example_latest_only.py
[2026-05-16T03:34:59.028+0000] {processor.py:840} INFO - DAG(s) 'latest_only' retrieved from /home/airflow/.local/lib/python3.8/site-packages/airflow/example_dags/example_latest_only.py
[2026-05-16T03:34:59.068+0000] {logging_mixin.py:188} INFO - [2026-05-16T03:34:59.068+0000] {dag.py:3036} INFO - Sync 1 DAGs
[2026-05-16T03:34:59.110+0000] {logging_mixin.py:188} INFO - [2026-05-16T03:34:59.110+0000] {dag.py:3823} INFO - Setting next_dagrun for latest_only to 2026-05-15 20:00:00+00:00, run_after=2026-05-16 00:00:00+00:00
[2026-05-16T03:34:59.145+0000] {processor.py:183} INFO - Processing /home/airflow/.local/lib/python3.8/site-packages/airflow/example_dags/example_latest_only.py took 0.137 seconds
[2026-05-16T03:35:29.353+0000] {processor.py:161} INFO - Started process (PID=6679) to work on /home/airflow/.local/lib/python3.8/site-packages/airflow/example_dags/example_latest_only.py
[2026-05-16T03:35:29.355+0000] {processor.py:830} INFO - Processing file /home/airflow/.local/lib/python3.8/site-packages/airflow/example_dags/example_latest_only.py for tasks to queue
[2026-05-16T03:35:29.358+0000] {logging_mixin.py:188} INFO - [2026-05-16T03:35:29.357+0000] {dagbag.py:538} INFO - Filling up the DagBag from /home/airflow/.local/lib/python3.8/site-packages/airflow/example_dags/example_latest_only.py
[2026-05-16T03:35:29.367+0000] {processor.py:840} INFO - DAG(s) 'latest_only' retrieved from /home/airflow/.local/lib/python3.8/site-packages/airflow/example_dags/example_latest_only.py
[2026-05-16T03:35:29.408+0000] {logging_mixin.py:188} INFO - [2026-05-16T03:35:29.407+0000] {dag.py:3036} INFO - Sync 1 DAGs
[2026-05-16T03:35:29.453+0000] {logging_mixin.py:188} INFO - [2026-05-16T03:35:29.453+0000] {dag.py:3823} INFO - Setting next_dagrun for latest_only to 2026-05-15 20:00:00+00:00, run_after=2026-05-16 00:00:00+00:00
[2026-05-16T03:35:29.490+0000] {processor.py:183} INFO - Processing /home/airflow/.local/lib/python3.8/site-packages/airflow/example_dags/example_latest_only.py took 0.143 seconds
[2026-05-16T03:35:59.582+0000] {processor.py:161} INFO - Started process (PID=6744) to work on /home/airflow/.local/lib/python3.8/site-packages/airflow/example_dags/example_latest_only.py
[2026-05-16T03:35:59.584+0000] {processor.py:830} INFO - Processing file /home/airflow/.local/lib/python3.8/site-packages/airflow/example_dags/example_latest_only.py for tasks to queue
[2026-05-16T03:35:59.588+0000] {logging_mixin.py:188} INFO - [2026-05-16T03:35:59.587+0000] {dagbag.py:538} INFO - Filling up the DagBag from /home/airflow/.local/lib/python3.8/site-packages/airflow/example_dags/example_latest_only.py
[2026-05-16T03:35:59.596+0000] {processor.py:840} INFO - DAG(s) 'latest_only' retrieved from /home/airflow/.local/lib/python3.8/site-packages/airflow/example_dags/example_latest_only.py
[2026-05-16T03:35:59.637+0000] {logging_mixin.py:188} INFO - [2026-05-16T03:35:59.636+0000] {dag.py:3036} INFO - Sync 1 DAGs
[2026-05-16T03:35:59.680+0000] {logging_mixin.py:188} INFO - [2026-05-16T03:35:59.679+0000] {dag.py:3823} INFO - Setting next_dagrun for latest_only to 2026-05-15 20:00:00+00:00, run_after=2026-05-16 00:00:00+00:00
[2026-05-16T03:35:59.711+0000] {processor.py:183} INFO - Processing /home/airflow/.local/lib/python3.8/site-packages/airflow/example_dags/example_latest_only.py took 0.136 seconds
[2026-05-16T03:36:30.077+0000] {processor.py:161} INFO - Started process (PID=6809) to work on /home/airflow/.local/lib/python3.8/site-packages/airflow/example_dags/example_latest_only.py
[2026-05-16T03:36:30.078+0000] {processor.py:830} INFO - Processing file /home/airflow/.local/lib/python3.8/site-packages/airflow/example_dags/example_latest_only.py for tasks to queue
[2026-05-16T03:36:30.081+0000] {logging_mixin.py:188} INFO - [2026-05-16T03:36:30.081+0000] {dagbag.py:538} INFO - Filling up the DagBag from /home/airflow/.local/lib/python3.8/site-packages/airflow/example_dags/example_latest_only.py
[2026-05-16T03:36:30.089+0000] {processor.py:840} INFO - DAG(s) 'latest_only' retrieved from /home/airflow/.local/lib/python3.8/site-packages/airflow/example_dags/example_latest_only.py
[2026-05-16T03:36:30.126+0000] {logging_mixin.py:188} INFO - [2026-05-16T03:36:30.125+0000] {dag.py:3036} INFO - Sync 1 DAGs
[2026-05-16T03:36:30.169+0000] {logging_mixin.py:188} INFO - [2026-05-16T03:36:30.169+0000] {dag.py:3823} INFO - Setting next_dagrun for latest_only to 2026-05-15 20:00:00+00:00, run_after=2026-05-16 00:00:00+00:00
[2026-05-16T03:36:30.202+0000] {processor.py:183} INFO - Processing /home/airflow/.local/lib/python3.8/site-packages/airflow/example_dags/example_latest_only.py took 0.130 seconds
[2026-05-16T03:37:00.648+0000] {processor.py:161} INFO - Started process (PID=6873) to work on /home/airflow/.local/lib/python3.8/site-packages/airflow/example_dags/example_latest_only.py
[2026-05-16T03:37:00.649+0000] {processor.py:830} INFO - Processing file /home/airflow/.local/lib/python3.8/site-packages/airflow/example_dags/example_latest_only.py for tasks to queue
[2026-05-16T03:37:00.652+0000] {logging_mixin.py:188} INFO - [2026-05-16T03:37:00.652+0000] {dagbag.py:538} INFO - Filling up the DagBag from /home/airflow/.local/lib/python3.8/site-packages/airflow/example_dags/example_latest_only.py
[2026-05-16T03:37:00.660+0000] {processor.py:840} INFO - DAG(s) 'latest_only' retrieved from /home/airflow/.local/lib/python3.8/site-packages/airflow/example_dags/example_latest_only.py
[2026-05-16T03:37:00.698+0000] {logging_mixin.py:188} INFO - [2026-05-16T03:37:00.697+0000] {dag.py:3036} INFO - Sync 1 DAGs
[2026-05-16T03:37:00.743+0000] {logging_mixin.py:188} INFO - [2026-05-16T03:37:00.743+0000] {dag.py:3823} INFO - Setting next_dagrun for latest_only to 2026-05-15 20:00:00+00:00, run_after=2026-05-16 00:00:00+00:00
[2026-05-16T03:37:00.775+0000] {processor.py:183} INFO - Processing /home/airflow/.local/lib/python3.8/site-packages/airflow/example_dags/example_latest_only.py took 0.133 seconds
[2026-05-16T03:37:30.912+0000] {processor.py:161} INFO - Started process (PID=6938) to work on /home/airflow/.local/lib/python3.8/site-packages/airflow/example_dags/example_latest_only.py
[2026-05-16T03:37:30.914+0000] {processor.py:830} INFO - Processing file /home/airflow/.local/lib/python3.8/site-packages/airflow/example_dags/example_latest_only.py for tasks to queue
[2026-05-16T03:37:30.917+0000] {logging_mixin.py:188} INFO - [2026-05-16T03:37:30.917+0000] {dagbag.py:538} INFO - Filling up the DagBag from /home/airflow/.local/lib/python3.8/site-packages/airflow/example_dags/example_latest_only.py
[2026-05-16T03:37:30.926+0000] {processor.py:840} INFO - DAG(s) 'latest_only' retrieved from /home/airflow/.local/lib/python3.8/site-packages/airflow/example_dags/example_latest_only.py
[2026-05-16T03:37:30.971+0000] {logging_mixin.py:188} INFO - [2026-05-16T03:37:30.970+0000] {dag.py:3036} INFO - Sync 1 DAGs
[2026-05-16T03:37:31.017+0000] {logging_mixin.py:188} INFO - [2026-05-16T03:37:31.016+0000] {dag.py:3823} INFO - Setting next_dagrun for latest_only to 2026-05-15 20:00:00+00:00, run_after=2026-05-16 00:00:00+00:00
[2026-05-16T03:37:31.051+0000] {processor.py:183} INFO - Processing /home/airflow/.local/lib/python3.8/site-packages/airflow/example_dags/example_latest_only.py took 0.146 seconds
[2026-05-16T03:38:01.149+0000] {processor.py:161} INFO - Started process (PID=7002) to work on /home/airflow/.local/lib/python3.8/site-packages/airflow/example_dags/example_latest_only.py
[2026-05-16T03:38:01.151+0000] {processor.py:830} INFO - Processing file /home/airflow/.local/lib/python3.8/site-packages/airflow/example_dags/example_latest_only.py for tasks to queue
[2026-05-16T03:38:01.156+0000] {logging_mixin.py:188} INFO - [2026-05-16T03:38:01.156+0000] {dagbag.py:538} INFO - Filling up the DagBag from /home/airflow/.local/lib/python3.8/site-packages/airflow/example_dags/example_latest_only.py
[2026-05-16T03:38:01.168+0000] {processor.py:840} INFO - DAG(s) 'latest_only' retrieved from /home/airflow/.local/lib/python3.8/site-packages/airflow/example_dags/example_latest_only.py
[2026-05-16T03:38:01.223+0000] {logging_mixin.py:188} INFO - [2026-05-16T03:38:01.222+0000] {dag.py:3036} INFO - Sync 1 DAGs
[2026-05-16T03:38:01.276+0000] {logging_mixin.py:188} INFO - [2026-05-16T03:38:01.276+0000] {dag.py:3823} INFO - Setting next_dagrun for latest_only to 2026-05-15 20:00:00+00:00, run_after=2026-05-16 00:00:00+00:00
[2026-05-16T03:38:01.310+0000] {processor.py:183} INFO - Processing /home/airflow/.local/lib/python3.8/site-packages/airflow/example_dags/example_latest_only.py took 0.167 seconds
[2026-05-16T03:38:32.100+0000] {processor.py:161} INFO - Started process (PID=7067) to work on /home/airflow/.local/lib/python3.8/site-packages/airflow/example_dags/example_latest_only.py
[2026-05-16T03:38:32.102+0000] {processor.py:830} INFO - Processing file /home/airflow/.local/lib/python3.8/site-packages/airflow/example_dags/example_latest_only.py for tasks to queue
[2026-05-16T03:38:32.106+0000] {logging_mixin.py:188} INFO - [2026-05-16T03:38:32.105+0000] {dagbag.py:538} INFO - Filling up the DagBag from /home/airflow/.local/lib/python3.8/site-packages/airflow/example_dags/example_latest_only.py
[2026-05-16T03:38:32.113+0000] {processor.py:840} INFO - DAG(s) 'latest_only' retrieved from /home/airflow/.local/lib/python3.8/site-packages/airflow/example_dags/example_latest_only.py
[2026-05-16T03:38:32.148+0000] {logging_mixin.py:188} INFO - [2026-05-16T03:38:32.148+0000] {dag.py:3036} INFO - Sync 1 DAGs
[2026-05-16T03:38:32.184+0000] {logging_mixin.py:188} INFO - [2026-05-16T03:38:32.184+0000] {dag.py:3823} INFO - Setting next_dagrun for latest_only to 2026-05-15 20:00:00+00:00, run_after=2026-05-16 00:00:00+00:00
[2026-05-16T03:38:32.213+0000] {processor.py:183} INFO - Processing /home/airflow/.local/lib/python3.8/site-packages/airflow/example_dags/example_latest_only.py took 0.118 seconds
[2026-05-16T03:39:02.853+0000] {processor.py:161} INFO - Started process (PID=7132) to work on /home/airflow/.local/lib/python3.8/site-packages/airflow/example_dags/example_latest_only.py
[2026-05-16T03:39:02.854+0000] {processor.py:830} INFO - Processing file /home/airflow/.local/lib/python3.8/site-packages/airflow/example_dags/example_latest_only.py for tasks to queue
[2026-05-16T03:39:02.858+0000] {logging_mixin.py:188} INFO - [2026-05-16T03:39:02.857+0000] {dagbag.py:538} INFO - Filling up the DagBag from /home/airflow/.local/lib/python3.8/site-packages/airflow/example_dags/example_latest_only.py
[2026-05-16T03:39:02.866+0000] {processor.py:840} INFO - DAG(s) 'latest_only' retrieved from /home/airflow/.local/lib/python3.8/site-packages/airflow/example_dags/example_latest_only.py
[2026-05-16T03:39:02.904+0000] {logging_mixin.py:188} INFO - [2026-05-16T03:39:02.903+0000] {dag.py:3036} INFO - Sync 1 DAGs
[2026-05-16T03:39:02.947+0000] {logging_mixin.py:188} INFO - [2026-05-16T03:39:02.946+0000] {dag.py:3823} INFO - Setting next_dagrun for latest_only to 2026-05-15 20:00:00+00:00, run_after=2026-05-16 00:00:00+00:00
[2026-05-16T03:39:02.978+0000] {processor.py:183} INFO - Processing /home/airflow/.local/lib/python3.8/site-packages/airflow/example_dags/example_latest_only.py took 0.131 seconds
[2026-05-16T03:39:33.521+0000] {processor.py:161} INFO - Started process (PID=7204) to work on /home/airflow/.local/lib/python3.8/site-packages/airflow/example_dags/example_latest_only.py
[2026-05-16T03:39:33.523+0000] {processor.py:830} INFO - Processing file /home/airflow/.local/lib/python3.8/site-packages/airflow/example_dags/example_latest_only.py for tasks to queue
[2026-05-16T03:39:33.527+0000] {logging_mixin.py:188} INFO - [2026-05-16T03:39:33.526+0000] {dagbag.py:538} INFO - Filling up the DagBag from /home/airflow/.local/lib/python3.8/site-packages/airflow/example_dags/example_latest_only.py
[2026-05-16T03:39:33.535+0000] {processor.py:840} INFO - DAG(s) 'latest_only' retrieved from /home/airflow/.local/lib/python3.8/site-packages/airflow/example_dags/example_latest_only.py
[2026-05-16T03:39:33.572+0000] {logging_mixin.py:188} INFO - [2026-05-16T03:39:33.571+0000] {dag.py:3036} INFO - Sync 1 DAGs
[2026-05-16T03:39:33.612+0000] {logging_mixin.py:188} INFO - [2026-05-16T03:39:33.612+0000] {dag.py:3823} INFO - Setting next_dagrun for latest_only to 2026-05-15 20:00:00+00:00, run_after=2026-05-16 00:00:00+00:00
[2026-05-16T03:39:33.649+0000] {processor.py:183} INFO - Processing /home/airflow/.local/lib/python3.8/site-packages/airflow/example_dags/example_latest_only.py took 0.134 seconds
