[2026-05-16T02:44:18.466+0000] {processor.py:161} INFO - Started process (PID=80) to work on /home/airflow/.local/lib/python3.8/site-packages/airflow/example_dags/example_short_circuit_decorator.py
[2026-05-16T02:44:18.468+0000] {processor.py:830} INFO - Processing file /home/airflow/.local/lib/python3.8/site-packages/airflow/example_dags/example_short_circuit_decorator.py for tasks to queue
[2026-05-16T02:44:18.472+0000] {logging_mixin.py:188} INFO - [2026-05-16T02:44:18.471+0000] {dagbag.py:538} INFO - Filling up the DagBag from /home/airflow/.local/lib/python3.8/site-packages/airflow/example_dags/example_short_circuit_decorator.py
[2026-05-16T02:44:18.503+0000] {processor.py:840} INFO - DAG(s) 'example_short_circuit_decorator' retrieved from /home/airflow/.local/lib/python3.8/site-packages/airflow/example_dags/example_short_circuit_decorator.py
[2026-05-16T02:44:18.779+0000] {logging_mixin.py:188} INFO - [2026-05-16T02:44:18.779+0000] {dag.py:3036} INFO - Sync 1 DAGs
[2026-05-16T02:44:18.818+0000] {logging_mixin.py:188} INFO - [2026-05-16T02:44:18.817+0000] {dag.py:3823} INFO - Setting next_dagrun for example_short_circuit_decorator to 2026-05-15 00:00:00+00:00, run_after=2026-05-16 00:00:00+00:00
[2026-05-16T02:44:18.857+0000] {processor.py:183} INFO - Processing /home/airflow/.local/lib/python3.8/site-packages/airflow/example_dags/example_short_circuit_decorator.py took 0.405 seconds
[2026-05-16T02:44:49.304+0000] {processor.py:161} INFO - Started process (PID=146) to work on /home/airflow/.local/lib/python3.8/site-packages/airflow/example_dags/example_short_circuit_decorator.py
[2026-05-16T02:44:49.306+0000] {processor.py:830} INFO - Processing file /home/airflow/.local/lib/python3.8/site-packages/airflow/example_dags/example_short_circuit_decorator.py for tasks to queue
[2026-05-16T02:44:49.308+0000] {logging_mixin.py:188} INFO - [2026-05-16T02:44:49.308+0000] {dagbag.py:538} INFO - Filling up the DagBag from /home/airflow/.local/lib/python3.8/site-packages/airflow/example_dags/example_short_circuit_decorator.py
[2026-05-16T02:44:49.325+0000] {processor.py:840} INFO - DAG(s) 'example_short_circuit_decorator' retrieved from /home/airflow/.local/lib/python3.8/site-packages/airflow/example_dags/example_short_circuit_decorator.py
[2026-05-16T02:44:49.369+0000] {logging_mixin.py:188} INFO - [2026-05-16T02:44:49.369+0000] {dag.py:3036} INFO - Sync 1 DAGs
[2026-05-16T02:44:49.412+0000] {logging_mixin.py:188} INFO - [2026-05-16T02:44:49.412+0000] {dag.py:3823} INFO - Setting next_dagrun for example_short_circuit_decorator to 2026-05-15 00:00:00+00:00, run_after=2026-05-16 00:00:00+00:00
[2026-05-16T02:44:49.444+0000] {processor.py:183} INFO - Processing /home/airflow/.local/lib/python3.8/site-packages/airflow/example_dags/example_short_circuit_decorator.py took 0.145 seconds
[2026-05-16T02:45:19.948+0000] {processor.py:161} INFO - Started process (PID=211) to work on /home/airflow/.local/lib/python3.8/site-packages/airflow/example_dags/example_short_circuit_decorator.py
[2026-05-16T02:45:19.950+0000] {processor.py:830} INFO - Processing file /home/airflow/.local/lib/python3.8/site-packages/airflow/example_dags/example_short_circuit_decorator.py for tasks to queue
[2026-05-16T02:45:19.954+0000] {logging_mixin.py:188} INFO - [2026-05-16T02:45:19.953+0000] {dagbag.py:538} INFO - Filling up the DagBag from /home/airflow/.local/lib/python3.8/site-packages/airflow/example_dags/example_short_circuit_decorator.py
[2026-05-16T02:45:19.970+0000] {processor.py:840} INFO - DAG(s) 'example_short_circuit_decorator' retrieved from /home/airflow/.local/lib/python3.8/site-packages/airflow/example_dags/example_short_circuit_decorator.py
[2026-05-16T02:45:20.014+0000] {logging_mixin.py:188} INFO - [2026-05-16T02:45:20.014+0000] {dag.py:3036} INFO - Sync 1 DAGs
[2026-05-16T02:45:20.057+0000] {logging_mixin.py:188} INFO - [2026-05-16T02:45:20.056+0000] {dag.py:3823} INFO - Setting next_dagrun for example_short_circuit_decorator to 2026-05-15 00:00:00+00:00, run_after=2026-05-16 00:00:00+00:00
[2026-05-16T02:45:20.093+0000] {processor.py:183} INFO - Processing /home/airflow/.local/lib/python3.8/site-packages/airflow/example_dags/example_short_circuit_decorator.py took 0.150 seconds
[2026-05-16T02:45:50.315+0000] {processor.py:161} INFO - Started process (PID=275) to work on /home/airflow/.local/lib/python3.8/site-packages/airflow/example_dags/example_short_circuit_decorator.py
[2026-05-16T02:45:50.317+0000] {processor.py:830} INFO - Processing file /home/airflow/.local/lib/python3.8/site-packages/airflow/example_dags/example_short_circuit_decorator.py for tasks to queue
[2026-05-16T02:45:50.319+0000] {logging_mixin.py:188} INFO - [2026-05-16T02:45:50.319+0000] {dagbag.py:538} INFO - Filling up the DagBag from /home/airflow/.local/lib/python3.8/site-packages/airflow/example_dags/example_short_circuit_decorator.py
[2026-05-16T02:45:50.335+0000] {processor.py:840} INFO - DAG(s) 'example_short_circuit_decorator' retrieved from /home/airflow/.local/lib/python3.8/site-packages/airflow/example_dags/example_short_circuit_decorator.py
[2026-05-16T02:45:50.378+0000] {logging_mixin.py:188} INFO - [2026-05-16T02:45:50.378+0000] {dag.py:3036} INFO - Sync 1 DAGs
[2026-05-16T02:45:50.415+0000] {logging_mixin.py:188} INFO - [2026-05-16T02:45:50.414+0000] {dag.py:3823} INFO - Setting next_dagrun for example_short_circuit_decorator to 2026-05-15 00:00:00+00:00, run_after=2026-05-16 00:00:00+00:00
[2026-05-16T02:45:50.444+0000] {processor.py:183} INFO - Processing /home/airflow/.local/lib/python3.8/site-packages/airflow/example_dags/example_short_circuit_decorator.py took 0.134 seconds
[2026-05-16T02:46:20.678+0000] {processor.py:161} INFO - Started process (PID=340) to work on /home/airflow/.local/lib/python3.8/site-packages/airflow/example_dags/example_short_circuit_decorator.py
[2026-05-16T02:46:20.680+0000] {processor.py:830} INFO - Processing file /home/airflow/.local/lib/python3.8/site-packages/airflow/example_dags/example_short_circuit_decorator.py for tasks to queue
[2026-05-16T02:46:20.683+0000] {logging_mixin.py:188} INFO - [2026-05-16T02:46:20.682+0000] {dagbag.py:538} INFO - Filling up the DagBag from /home/airflow/.local/lib/python3.8/site-packages/airflow/example_dags/example_short_circuit_decorator.py
[2026-05-16T02:46:20.698+0000] {processor.py:840} INFO - DAG(s) 'example_short_circuit_decorator' retrieved from /home/airflow/.local/lib/python3.8/site-packages/airflow/example_dags/example_short_circuit_decorator.py
[2026-05-16T02:46:20.743+0000] {logging_mixin.py:188} INFO - [2026-05-16T02:46:20.743+0000] {dag.py:3036} INFO - Sync 1 DAGs
[2026-05-16T02:46:20.780+0000] {logging_mixin.py:188} INFO - [2026-05-16T02:46:20.780+0000] {dag.py:3823} INFO - Setting next_dagrun for example_short_circuit_decorator to 2026-05-15 00:00:00+00:00, run_after=2026-05-16 00:00:00+00:00
[2026-05-16T02:46:20.812+0000] {processor.py:183} INFO - Processing /home/airflow/.local/lib/python3.8/site-packages/airflow/example_dags/example_short_circuit_decorator.py took 0.139 seconds
[2026-05-16T02:46:51.043+0000] {processor.py:161} INFO - Started process (PID=404) to work on /home/airflow/.local/lib/python3.8/site-packages/airflow/example_dags/example_short_circuit_decorator.py
[2026-05-16T02:46:51.044+0000] {processor.py:830} INFO - Processing file /home/airflow/.local/lib/python3.8/site-packages/airflow/example_dags/example_short_circuit_decorator.py for tasks to queue
[2026-05-16T02:46:51.047+0000] {logging_mixin.py:188} INFO - [2026-05-16T02:46:51.046+0000] {dagbag.py:538} INFO - Filling up the DagBag from /home/airflow/.local/lib/python3.8/site-packages/airflow/example_dags/example_short_circuit_decorator.py
[2026-05-16T02:46:51.062+0000] {processor.py:840} INFO - DAG(s) 'example_short_circuit_decorator' retrieved from /home/airflow/.local/lib/python3.8/site-packages/airflow/example_dags/example_short_circuit_decorator.py
[2026-05-16T02:46:51.106+0000] {logging_mixin.py:188} INFO - [2026-05-16T02:46:51.105+0000] {dag.py:3036} INFO - Sync 1 DAGs
[2026-05-16T02:46:51.145+0000] {logging_mixin.py:188} INFO - [2026-05-16T02:46:51.145+0000] {dag.py:3823} INFO - Setting next_dagrun for example_short_circuit_decorator to 2026-05-15 00:00:00+00:00, run_after=2026-05-16 00:00:00+00:00
[2026-05-16T02:46:51.180+0000] {processor.py:183} INFO - Processing /home/airflow/.local/lib/python3.8/site-packages/airflow/example_dags/example_short_circuit_decorator.py took 0.142 seconds
[2026-05-16T02:47:21.413+0000] {processor.py:161} INFO - Started process (PID=468) to work on /home/airflow/.local/lib/python3.8/site-packages/airflow/example_dags/example_short_circuit_decorator.py
[2026-05-16T02:47:21.415+0000] {processor.py:830} INFO - Processing file /home/airflow/.local/lib/python3.8/site-packages/airflow/example_dags/example_short_circuit_decorator.py for tasks to queue
[2026-05-16T02:47:21.418+0000] {logging_mixin.py:188} INFO - [2026-05-16T02:47:21.417+0000] {dagbag.py:538} INFO - Filling up the DagBag from /home/airflow/.local/lib/python3.8/site-packages/airflow/example_dags/example_short_circuit_decorator.py
[2026-05-16T02:47:21.434+0000] {processor.py:840} INFO - DAG(s) 'example_short_circuit_decorator' retrieved from /home/airflow/.local/lib/python3.8/site-packages/airflow/example_dags/example_short_circuit_decorator.py
[2026-05-16T02:47:21.476+0000] {logging_mixin.py:188} INFO - [2026-05-16T02:47:21.475+0000] {dag.py:3036} INFO - Sync 1 DAGs
[2026-05-16T02:47:21.517+0000] {logging_mixin.py:188} INFO - [2026-05-16T02:47:21.517+0000] {dag.py:3823} INFO - Setting next_dagrun for example_short_circuit_decorator to 2026-05-15 00:00:00+00:00, run_after=2026-05-16 00:00:00+00:00
[2026-05-16T02:47:21.560+0000] {processor.py:183} INFO - Processing /home/airflow/.local/lib/python3.8/site-packages/airflow/example_dags/example_short_circuit_decorator.py took 0.152 seconds
[2026-05-16T02:47:52.220+0000] {processor.py:161} INFO - Started process (PID=533) to work on /home/airflow/.local/lib/python3.8/site-packages/airflow/example_dags/example_short_circuit_decorator.py
[2026-05-16T02:47:52.222+0000] {processor.py:830} INFO - Processing file /home/airflow/.local/lib/python3.8/site-packages/airflow/example_dags/example_short_circuit_decorator.py for tasks to queue
[2026-05-16T02:47:52.224+0000] {logging_mixin.py:188} INFO - [2026-05-16T02:47:52.224+0000] {dagbag.py:538} INFO - Filling up the DagBag from /home/airflow/.local/lib/python3.8/site-packages/airflow/example_dags/example_short_circuit_decorator.py
[2026-05-16T02:47:52.240+0000] {processor.py:840} INFO - DAG(s) 'example_short_circuit_decorator' retrieved from /home/airflow/.local/lib/python3.8/site-packages/airflow/example_dags/example_short_circuit_decorator.py
[2026-05-16T02:47:52.282+0000] {logging_mixin.py:188} INFO - [2026-05-16T02:47:52.282+0000] {dag.py:3036} INFO - Sync 1 DAGs
[2026-05-16T02:47:52.320+0000] {logging_mixin.py:188} INFO - [2026-05-16T02:47:52.319+0000] {dag.py:3823} INFO - Setting next_dagrun for example_short_circuit_decorator to 2026-05-15 00:00:00+00:00, run_after=2026-05-16 00:00:00+00:00
[2026-05-16T02:47:52.353+0000] {processor.py:183} INFO - Processing /home/airflow/.local/lib/python3.8/site-packages/airflow/example_dags/example_short_circuit_decorator.py took 0.141 seconds
[2026-05-16T02:48:22.584+0000] {processor.py:161} INFO - Started process (PID=599) to work on /home/airflow/.local/lib/python3.8/site-packages/airflow/example_dags/example_short_circuit_decorator.py
[2026-05-16T02:48:22.586+0000] {processor.py:830} INFO - Processing file /home/airflow/.local/lib/python3.8/site-packages/airflow/example_dags/example_short_circuit_decorator.py for tasks to queue
[2026-05-16T02:48:22.589+0000] {logging_mixin.py:188} INFO - [2026-05-16T02:48:22.589+0000] {dagbag.py:538} INFO - Filling up the DagBag from /home/airflow/.local/lib/python3.8/site-packages/airflow/example_dags/example_short_circuit_decorator.py
[2026-05-16T02:48:22.606+0000] {processor.py:840} INFO - DAG(s) 'example_short_circuit_decorator' retrieved from /home/airflow/.local/lib/python3.8/site-packages/airflow/example_dags/example_short_circuit_decorator.py
[2026-05-16T02:48:22.652+0000] {logging_mixin.py:188} INFO - [2026-05-16T02:48:22.651+0000] {dag.py:3036} INFO - Sync 1 DAGs
[2026-05-16T02:48:22.692+0000] {logging_mixin.py:188} INFO - [2026-05-16T02:48:22.691+0000] {dag.py:3823} INFO - Setting next_dagrun for example_short_circuit_decorator to 2026-05-15 00:00:00+00:00, run_after=2026-05-16 00:00:00+00:00
[2026-05-16T02:48:22.723+0000] {processor.py:183} INFO - Processing /home/airflow/.local/lib/python3.8/site-packages/airflow/example_dags/example_short_circuit_decorator.py took 0.145 seconds
[2026-05-16T02:48:53.031+0000] {processor.py:161} INFO - Started process (PID=664) to work on /home/airflow/.local/lib/python3.8/site-packages/airflow/example_dags/example_short_circuit_decorator.py
[2026-05-16T02:48:53.033+0000] {processor.py:830} INFO - Processing file /home/airflow/.local/lib/python3.8/site-packages/airflow/example_dags/example_short_circuit_decorator.py for tasks to queue
[2026-05-16T02:48:53.035+0000] {logging_mixin.py:188} INFO - [2026-05-16T02:48:53.035+0000] {dagbag.py:538} INFO - Filling up the DagBag from /home/airflow/.local/lib/python3.8/site-packages/airflow/example_dags/example_short_circuit_decorator.py
[2026-05-16T02:48:53.050+0000] {processor.py:840} INFO - DAG(s) 'example_short_circuit_decorator' retrieved from /home/airflow/.local/lib/python3.8/site-packages/airflow/example_dags/example_short_circuit_decorator.py
[2026-05-16T02:48:53.091+0000] {logging_mixin.py:188} INFO - [2026-05-16T02:48:53.090+0000] {dag.py:3036} INFO - Sync 1 DAGs
[2026-05-16T02:48:53.131+0000] {logging_mixin.py:188} INFO - [2026-05-16T02:48:53.130+0000] {dag.py:3823} INFO - Setting next_dagrun for example_short_circuit_decorator to 2026-05-15 00:00:00+00:00, run_after=2026-05-16 00:00:00+00:00
[2026-05-16T02:48:53.160+0000] {processor.py:183} INFO - Processing /home/airflow/.local/lib/python3.8/site-packages/airflow/example_dags/example_short_circuit_decorator.py took 0.134 seconds
[2026-05-16T02:49:23.342+0000] {processor.py:161} INFO - Started process (PID=734) to work on /home/airflow/.local/lib/python3.8/site-packages/airflow/example_dags/example_short_circuit_decorator.py
[2026-05-16T02:49:23.344+0000] {processor.py:830} INFO - Processing file /home/airflow/.local/lib/python3.8/site-packages/airflow/example_dags/example_short_circuit_decorator.py for tasks to queue
[2026-05-16T02:49:23.350+0000] {logging_mixin.py:188} INFO - [2026-05-16T02:49:23.349+0000] {dagbag.py:538} INFO - Filling up the DagBag from /home/airflow/.local/lib/python3.8/site-packages/airflow/example_dags/example_short_circuit_decorator.py
[2026-05-16T02:49:23.369+0000] {processor.py:840} INFO - DAG(s) 'example_short_circuit_decorator' retrieved from /home/airflow/.local/lib/python3.8/site-packages/airflow/example_dags/example_short_circuit_decorator.py
[2026-05-16T02:49:23.421+0000] {logging_mixin.py:188} INFO - [2026-05-16T02:49:23.420+0000] {dag.py:3036} INFO - Sync 1 DAGs
[2026-05-16T02:49:23.464+0000] {logging_mixin.py:188} INFO - [2026-05-16T02:49:23.464+0000] {dag.py:3823} INFO - Setting next_dagrun for example_short_circuit_decorator to 2026-05-15 00:00:00+00:00, run_after=2026-05-16 00:00:00+00:00
[2026-05-16T02:49:23.498+0000] {processor.py:183} INFO - Processing /home/airflow/.local/lib/python3.8/site-packages/airflow/example_dags/example_short_circuit_decorator.py took 0.162 seconds
[2026-05-16T02:49:53.578+0000] {processor.py:161} INFO - Started process (PID=800) to work on /home/airflow/.local/lib/python3.8/site-packages/airflow/example_dags/example_short_circuit_decorator.py
[2026-05-16T02:49:53.579+0000] {processor.py:830} INFO - Processing file /home/airflow/.local/lib/python3.8/site-packages/airflow/example_dags/example_short_circuit_decorator.py for tasks to queue
[2026-05-16T02:49:53.581+0000] {logging_mixin.py:188} INFO - [2026-05-16T02:49:53.581+0000] {dagbag.py:538} INFO - Filling up the DagBag from /home/airflow/.local/lib/python3.8/site-packages/airflow/example_dags/example_short_circuit_decorator.py
[2026-05-16T02:49:53.597+0000] {processor.py:840} INFO - DAG(s) 'example_short_circuit_decorator' retrieved from /home/airflow/.local/lib/python3.8/site-packages/airflow/example_dags/example_short_circuit_decorator.py
[2026-05-16T02:49:53.640+0000] {logging_mixin.py:188} INFO - [2026-05-16T02:49:53.640+0000] {dag.py:3036} INFO - Sync 1 DAGs
[2026-05-16T02:49:53.680+0000] {logging_mixin.py:188} INFO - [2026-05-16T02:49:53.679+0000] {dag.py:3823} INFO - Setting next_dagrun for example_short_circuit_decorator to 2026-05-15 00:00:00+00:00, run_after=2026-05-16 00:00:00+00:00
[2026-05-16T02:49:53.710+0000] {processor.py:183} INFO - Processing /home/airflow/.local/lib/python3.8/site-packages/airflow/example_dags/example_short_circuit_decorator.py took 0.137 seconds
[2026-05-16T02:50:23.947+0000] {processor.py:161} INFO - Started process (PID=864) to work on /home/airflow/.local/lib/python3.8/site-packages/airflow/example_dags/example_short_circuit_decorator.py
[2026-05-16T02:50:23.949+0000] {processor.py:830} INFO - Processing file /home/airflow/.local/lib/python3.8/site-packages/airflow/example_dags/example_short_circuit_decorator.py for tasks to queue
[2026-05-16T02:50:23.951+0000] {logging_mixin.py:188} INFO - [2026-05-16T02:50:23.951+0000] {dagbag.py:538} INFO - Filling up the DagBag from /home/airflow/.local/lib/python3.8/site-packages/airflow/example_dags/example_short_circuit_decorator.py
[2026-05-16T02:50:23.967+0000] {processor.py:840} INFO - DAG(s) 'example_short_circuit_decorator' retrieved from /home/airflow/.local/lib/python3.8/site-packages/airflow/example_dags/example_short_circuit_decorator.py
[2026-05-16T02:50:24.008+0000] {logging_mixin.py:188} INFO - [2026-05-16T02:50:24.008+0000] {dag.py:3036} INFO - Sync 1 DAGs
[2026-05-16T02:50:24.043+0000] {logging_mixin.py:188} INFO - [2026-05-16T02:50:24.042+0000] {dag.py:3823} INFO - Setting next_dagrun for example_short_circuit_decorator to 2026-05-15 00:00:00+00:00, run_after=2026-05-16 00:00:00+00:00
[2026-05-16T02:50:24.072+0000] {processor.py:183} INFO - Processing /home/airflow/.local/lib/python3.8/site-packages/airflow/example_dags/example_short_circuit_decorator.py took 0.129 seconds
[2026-05-16T02:50:54.458+0000] {processor.py:161} INFO - Started process (PID=929) to work on /home/airflow/.local/lib/python3.8/site-packages/airflow/example_dags/example_short_circuit_decorator.py
[2026-05-16T02:50:54.460+0000] {processor.py:830} INFO - Processing file /home/airflow/.local/lib/python3.8/site-packages/airflow/example_dags/example_short_circuit_decorator.py for tasks to queue
[2026-05-16T02:50:54.463+0000] {logging_mixin.py:188} INFO - [2026-05-16T02:50:54.462+0000] {dagbag.py:538} INFO - Filling up the DagBag from /home/airflow/.local/lib/python3.8/site-packages/airflow/example_dags/example_short_circuit_decorator.py
[2026-05-16T02:50:54.479+0000] {processor.py:840} INFO - DAG(s) 'example_short_circuit_decorator' retrieved from /home/airflow/.local/lib/python3.8/site-packages/airflow/example_dags/example_short_circuit_decorator.py
[2026-05-16T02:50:54.533+0000] {logging_mixin.py:188} INFO - [2026-05-16T02:50:54.533+0000] {dag.py:3036} INFO - Sync 1 DAGs
[2026-05-16T02:50:54.582+0000] {logging_mixin.py:188} INFO - [2026-05-16T02:50:54.582+0000] {dag.py:3823} INFO - Setting next_dagrun for example_short_circuit_decorator to 2026-05-15 00:00:00+00:00, run_after=2026-05-16 00:00:00+00:00
[2026-05-16T02:50:54.615+0000] {processor.py:183} INFO - Processing /home/airflow/.local/lib/python3.8/site-packages/airflow/example_dags/example_short_circuit_decorator.py took 0.162 seconds
[2026-05-16T02:51:24.941+0000] {processor.py:161} INFO - Started process (PID=993) to work on /home/airflow/.local/lib/python3.8/site-packages/airflow/example_dags/example_short_circuit_decorator.py
[2026-05-16T02:51:24.943+0000] {processor.py:830} INFO - Processing file /home/airflow/.local/lib/python3.8/site-packages/airflow/example_dags/example_short_circuit_decorator.py for tasks to queue
[2026-05-16T02:51:24.946+0000] {logging_mixin.py:188} INFO - [2026-05-16T02:51:24.945+0000] {dagbag.py:538} INFO - Filling up the DagBag from /home/airflow/.local/lib/python3.8/site-packages/airflow/example_dags/example_short_circuit_decorator.py
[2026-05-16T02:51:24.963+0000] {processor.py:840} INFO - DAG(s) 'example_short_circuit_decorator' retrieved from /home/airflow/.local/lib/python3.8/site-packages/airflow/example_dags/example_short_circuit_decorator.py
[2026-05-16T02:51:25.015+0000] {logging_mixin.py:188} INFO - [2026-05-16T02:51:25.015+0000] {dag.py:3036} INFO - Sync 1 DAGs
[2026-05-16T02:51:25.060+0000] {logging_mixin.py:188} INFO - [2026-05-16T02:51:25.059+0000] {dag.py:3823} INFO - Setting next_dagrun for example_short_circuit_decorator to 2026-05-15 00:00:00+00:00, run_after=2026-05-16 00:00:00+00:00
[2026-05-16T02:51:25.094+0000] {processor.py:183} INFO - Processing /home/airflow/.local/lib/python3.8/site-packages/airflow/example_dags/example_short_circuit_decorator.py took 0.158 seconds
[2026-05-16T02:51:55.893+0000] {processor.py:161} INFO - Started process (PID=1058) to work on /home/airflow/.local/lib/python3.8/site-packages/airflow/example_dags/example_short_circuit_decorator.py
[2026-05-16T02:51:55.895+0000] {processor.py:830} INFO - Processing file /home/airflow/.local/lib/python3.8/site-packages/airflow/example_dags/example_short_circuit_decorator.py for tasks to queue
[2026-05-16T02:51:55.898+0000] {logging_mixin.py:188} INFO - [2026-05-16T02:51:55.897+0000] {dagbag.py:538} INFO - Filling up the DagBag from /home/airflow/.local/lib/python3.8/site-packages/airflow/example_dags/example_short_circuit_decorator.py
[2026-05-16T02:51:55.912+0000] {processor.py:840} INFO - DAG(s) 'example_short_circuit_decorator' retrieved from /home/airflow/.local/lib/python3.8/site-packages/airflow/example_dags/example_short_circuit_decorator.py
[2026-05-16T02:51:55.956+0000] {logging_mixin.py:188} INFO - [2026-05-16T02:51:55.956+0000] {dag.py:3036} INFO - Sync 1 DAGs
[2026-05-16T02:51:55.995+0000] {logging_mixin.py:188} INFO - [2026-05-16T02:51:55.994+0000] {dag.py:3823} INFO - Setting next_dagrun for example_short_circuit_decorator to 2026-05-15 00:00:00+00:00, run_after=2026-05-16 00:00:00+00:00
[2026-05-16T02:51:56.026+0000] {processor.py:183} INFO - Processing /home/airflow/.local/lib/python3.8/site-packages/airflow/example_dags/example_short_circuit_decorator.py took 0.138 seconds
[2026-05-16T02:52:26.198+0000] {processor.py:161} INFO - Started process (PID=1123) to work on /home/airflow/.local/lib/python3.8/site-packages/airflow/example_dags/example_short_circuit_decorator.py
[2026-05-16T02:52:26.199+0000] {processor.py:830} INFO - Processing file /home/airflow/.local/lib/python3.8/site-packages/airflow/example_dags/example_short_circuit_decorator.py for tasks to queue
[2026-05-16T02:52:26.202+0000] {logging_mixin.py:188} INFO - [2026-05-16T02:52:26.201+0000] {dagbag.py:538} INFO - Filling up the DagBag from /home/airflow/.local/lib/python3.8/site-packages/airflow/example_dags/example_short_circuit_decorator.py
[2026-05-16T02:52:26.218+0000] {processor.py:840} INFO - DAG(s) 'example_short_circuit_decorator' retrieved from /home/airflow/.local/lib/python3.8/site-packages/airflow/example_dags/example_short_circuit_decorator.py
[2026-05-16T02:52:26.264+0000] {logging_mixin.py:188} INFO - [2026-05-16T02:52:26.264+0000] {dag.py:3036} INFO - Sync 1 DAGs
[2026-05-16T02:52:26.300+0000] {logging_mixin.py:188} INFO - [2026-05-16T02:52:26.300+0000] {dag.py:3823} INFO - Setting next_dagrun for example_short_circuit_decorator to 2026-05-15 00:00:00+00:00, run_after=2026-05-16 00:00:00+00:00
[2026-05-16T02:52:26.333+0000] {processor.py:183} INFO - Processing /home/airflow/.local/lib/python3.8/site-packages/airflow/example_dags/example_short_circuit_decorator.py took 0.140 seconds
[2026-05-16T02:52:56.673+0000] {processor.py:161} INFO - Started process (PID=1189) to work on /home/airflow/.local/lib/python3.8/site-packages/airflow/example_dags/example_short_circuit_decorator.py
[2026-05-16T02:52:56.675+0000] {processor.py:830} INFO - Processing file /home/airflow/.local/lib/python3.8/site-packages/airflow/example_dags/example_short_circuit_decorator.py for tasks to queue
[2026-05-16T02:52:56.678+0000] {logging_mixin.py:188} INFO - [2026-05-16T02:52:56.677+0000] {dagbag.py:538} INFO - Filling up the DagBag from /home/airflow/.local/lib/python3.8/site-packages/airflow/example_dags/example_short_circuit_decorator.py
[2026-05-16T02:52:56.693+0000] {processor.py:840} INFO - DAG(s) 'example_short_circuit_decorator' retrieved from /home/airflow/.local/lib/python3.8/site-packages/airflow/example_dags/example_short_circuit_decorator.py
[2026-05-16T02:52:56.736+0000] {logging_mixin.py:188} INFO - [2026-05-16T02:52:56.735+0000] {dag.py:3036} INFO - Sync 1 DAGs
[2026-05-16T02:52:56.777+0000] {logging_mixin.py:188} INFO - [2026-05-16T02:52:56.776+0000] {dag.py:3823} INFO - Setting next_dagrun for example_short_circuit_decorator to 2026-05-15 00:00:00+00:00, run_after=2026-05-16 00:00:00+00:00
[2026-05-16T02:52:56.808+0000] {processor.py:183} INFO - Processing /home/airflow/.local/lib/python3.8/site-packages/airflow/example_dags/example_short_circuit_decorator.py took 0.141 seconds
[2026-05-16T02:53:27.187+0000] {processor.py:161} INFO - Started process (PID=1254) to work on /home/airflow/.local/lib/python3.8/site-packages/airflow/example_dags/example_short_circuit_decorator.py
[2026-05-16T02:53:27.189+0000] {processor.py:830} INFO - Processing file /home/airflow/.local/lib/python3.8/site-packages/airflow/example_dags/example_short_circuit_decorator.py for tasks to queue
[2026-05-16T02:53:27.191+0000] {logging_mixin.py:188} INFO - [2026-05-16T02:53:27.191+0000] {dagbag.py:538} INFO - Filling up the DagBag from /home/airflow/.local/lib/python3.8/site-packages/airflow/example_dags/example_short_circuit_decorator.py
[2026-05-16T02:53:27.206+0000] {processor.py:840} INFO - DAG(s) 'example_short_circuit_decorator' retrieved from /home/airflow/.local/lib/python3.8/site-packages/airflow/example_dags/example_short_circuit_decorator.py
[2026-05-16T02:53:27.248+0000] {logging_mixin.py:188} INFO - [2026-05-16T02:53:27.248+0000] {dag.py:3036} INFO - Sync 1 DAGs
[2026-05-16T02:53:27.289+0000] {logging_mixin.py:188} INFO - [2026-05-16T02:53:27.289+0000] {dag.py:3823} INFO - Setting next_dagrun for example_short_circuit_decorator to 2026-05-15 00:00:00+00:00, run_after=2026-05-16 00:00:00+00:00
[2026-05-16T02:53:27.323+0000] {processor.py:183} INFO - Processing /home/airflow/.local/lib/python3.8/site-packages/airflow/example_dags/example_short_circuit_decorator.py took 0.143 seconds
[2026-05-16T02:53:57.384+0000] {processor.py:161} INFO - Started process (PID=1318) to work on /home/airflow/.local/lib/python3.8/site-packages/airflow/example_dags/example_short_circuit_decorator.py
[2026-05-16T02:53:57.386+0000] {processor.py:830} INFO - Processing file /home/airflow/.local/lib/python3.8/site-packages/airflow/example_dags/example_short_circuit_decorator.py for tasks to queue
[2026-05-16T02:53:57.388+0000] {logging_mixin.py:188} INFO - [2026-05-16T02:53:57.388+0000] {dagbag.py:538} INFO - Filling up the DagBag from /home/airflow/.local/lib/python3.8/site-packages/airflow/example_dags/example_short_circuit_decorator.py
[2026-05-16T02:53:57.403+0000] {processor.py:840} INFO - DAG(s) 'example_short_circuit_decorator' retrieved from /home/airflow/.local/lib/python3.8/site-packages/airflow/example_dags/example_short_circuit_decorator.py
[2026-05-16T02:53:57.450+0000] {logging_mixin.py:188} INFO - [2026-05-16T02:53:57.450+0000] {dag.py:3036} INFO - Sync 1 DAGs
[2026-05-16T02:53:57.493+0000] {logging_mixin.py:188} INFO - [2026-05-16T02:53:57.493+0000] {dag.py:3823} INFO - Setting next_dagrun for example_short_circuit_decorator to 2026-05-15 00:00:00+00:00, run_after=2026-05-16 00:00:00+00:00
[2026-05-16T02:53:57.526+0000] {processor.py:183} INFO - Processing /home/airflow/.local/lib/python3.8/site-packages/airflow/example_dags/example_short_circuit_decorator.py took 0.146 seconds
[2026-05-16T02:54:27.922+0000] {processor.py:161} INFO - Started process (PID=1383) to work on /home/airflow/.local/lib/python3.8/site-packages/airflow/example_dags/example_short_circuit_decorator.py
[2026-05-16T02:54:27.925+0000] {processor.py:830} INFO - Processing file /home/airflow/.local/lib/python3.8/site-packages/airflow/example_dags/example_short_circuit_decorator.py for tasks to queue
[2026-05-16T02:54:27.929+0000] {logging_mixin.py:188} INFO - [2026-05-16T02:54:27.929+0000] {dagbag.py:538} INFO - Filling up the DagBag from /home/airflow/.local/lib/python3.8/site-packages/airflow/example_dags/example_short_circuit_decorator.py
[2026-05-16T02:54:27.945+0000] {processor.py:840} INFO - DAG(s) 'example_short_circuit_decorator' retrieved from /home/airflow/.local/lib/python3.8/site-packages/airflow/example_dags/example_short_circuit_decorator.py
[2026-05-16T02:54:27.990+0000] {logging_mixin.py:188} INFO - [2026-05-16T02:54:27.989+0000] {dag.py:3036} INFO - Sync 1 DAGs
[2026-05-16T02:54:28.025+0000] {logging_mixin.py:188} INFO - [2026-05-16T02:54:28.025+0000] {dag.py:3823} INFO - Setting next_dagrun for example_short_circuit_decorator to 2026-05-15 00:00:00+00:00, run_after=2026-05-16 00:00:00+00:00
[2026-05-16T02:54:28.057+0000] {processor.py:183} INFO - Processing /home/airflow/.local/lib/python3.8/site-packages/airflow/example_dags/example_short_circuit_decorator.py took 0.140 seconds
[2026-05-16T02:54:58.374+0000] {processor.py:161} INFO - Started process (PID=1455) to work on /home/airflow/.local/lib/python3.8/site-packages/airflow/example_dags/example_short_circuit_decorator.py
[2026-05-16T02:54:58.376+0000] {processor.py:830} INFO - Processing file /home/airflow/.local/lib/python3.8/site-packages/airflow/example_dags/example_short_circuit_decorator.py for tasks to queue
[2026-05-16T02:54:58.378+0000] {logging_mixin.py:188} INFO - [2026-05-16T02:54:58.377+0000] {dagbag.py:538} INFO - Filling up the DagBag from /home/airflow/.local/lib/python3.8/site-packages/airflow/example_dags/example_short_circuit_decorator.py
[2026-05-16T02:54:58.392+0000] {processor.py:840} INFO - DAG(s) 'example_short_circuit_decorator' retrieved from /home/airflow/.local/lib/python3.8/site-packages/airflow/example_dags/example_short_circuit_decorator.py
[2026-05-16T02:54:58.434+0000] {logging_mixin.py:188} INFO - [2026-05-16T02:54:58.433+0000] {dag.py:3036} INFO - Sync 1 DAGs
[2026-05-16T02:54:58.469+0000] {logging_mixin.py:188} INFO - [2026-05-16T02:54:58.469+0000] {dag.py:3823} INFO - Setting next_dagrun for example_short_circuit_decorator to 2026-05-15 00:00:00+00:00, run_after=2026-05-16 00:00:00+00:00
[2026-05-16T02:54:58.498+0000] {processor.py:183} INFO - Processing /home/airflow/.local/lib/python3.8/site-packages/airflow/example_dags/example_short_circuit_decorator.py took 0.129 seconds
[2026-05-16T02:55:28.680+0000] {processor.py:161} INFO - Started process (PID=1522) to work on /home/airflow/.local/lib/python3.8/site-packages/airflow/example_dags/example_short_circuit_decorator.py
[2026-05-16T02:55:28.682+0000] {processor.py:830} INFO - Processing file /home/airflow/.local/lib/python3.8/site-packages/airflow/example_dags/example_short_circuit_decorator.py for tasks to queue
[2026-05-16T02:55:28.685+0000] {logging_mixin.py:188} INFO - [2026-05-16T02:55:28.684+0000] {dagbag.py:538} INFO - Filling up the DagBag from /home/airflow/.local/lib/python3.8/site-packages/airflow/example_dags/example_short_circuit_decorator.py
[2026-05-16T02:55:28.699+0000] {processor.py:840} INFO - DAG(s) 'example_short_circuit_decorator' retrieved from /home/airflow/.local/lib/python3.8/site-packages/airflow/example_dags/example_short_circuit_decorator.py
[2026-05-16T02:55:28.746+0000] {logging_mixin.py:188} INFO - [2026-05-16T02:55:28.745+0000] {dag.py:3036} INFO - Sync 1 DAGs
[2026-05-16T02:55:28.789+0000] {logging_mixin.py:188} INFO - [2026-05-16T02:55:28.789+0000] {dag.py:3823} INFO - Setting next_dagrun for example_short_circuit_decorator to 2026-05-15 00:00:00+00:00, run_after=2026-05-16 00:00:00+00:00
[2026-05-16T02:55:28.831+0000] {processor.py:183} INFO - Processing /home/airflow/.local/lib/python3.8/site-packages/airflow/example_dags/example_short_circuit_decorator.py took 0.157 seconds
[2026-05-16T02:55:59.169+0000] {processor.py:161} INFO - Started process (PID=1587) to work on /home/airflow/.local/lib/python3.8/site-packages/airflow/example_dags/example_short_circuit_decorator.py
[2026-05-16T02:55:59.170+0000] {processor.py:830} INFO - Processing file /home/airflow/.local/lib/python3.8/site-packages/airflow/example_dags/example_short_circuit_decorator.py for tasks to queue
[2026-05-16T02:55:59.173+0000] {logging_mixin.py:188} INFO - [2026-05-16T02:55:59.173+0000] {dagbag.py:538} INFO - Filling up the DagBag from /home/airflow/.local/lib/python3.8/site-packages/airflow/example_dags/example_short_circuit_decorator.py
[2026-05-16T02:55:59.192+0000] {processor.py:840} INFO - DAG(s) 'example_short_circuit_decorator' retrieved from /home/airflow/.local/lib/python3.8/site-packages/airflow/example_dags/example_short_circuit_decorator.py
[2026-05-16T02:55:59.246+0000] {logging_mixin.py:188} INFO - [2026-05-16T02:55:59.245+0000] {dag.py:3036} INFO - Sync 1 DAGs
[2026-05-16T02:55:59.292+0000] {logging_mixin.py:188} INFO - [2026-05-16T02:55:59.292+0000] {dag.py:3823} INFO - Setting next_dagrun for example_short_circuit_decorator to 2026-05-15 00:00:00+00:00, run_after=2026-05-16 00:00:00+00:00
[2026-05-16T02:55:59.342+0000] {processor.py:183} INFO - Processing /home/airflow/.local/lib/python3.8/site-packages/airflow/example_dags/example_short_circuit_decorator.py took 0.179 seconds
[2026-05-16T02:56:29.665+0000] {processor.py:161} INFO - Started process (PID=1652) to work on /home/airflow/.local/lib/python3.8/site-packages/airflow/example_dags/example_short_circuit_decorator.py
[2026-05-16T02:56:29.667+0000] {processor.py:830} INFO - Processing file /home/airflow/.local/lib/python3.8/site-packages/airflow/example_dags/example_short_circuit_decorator.py for tasks to queue
[2026-05-16T02:56:29.670+0000] {logging_mixin.py:188} INFO - [2026-05-16T02:56:29.669+0000] {dagbag.py:538} INFO - Filling up the DagBag from /home/airflow/.local/lib/python3.8/site-packages/airflow/example_dags/example_short_circuit_decorator.py
[2026-05-16T02:56:29.693+0000] {processor.py:840} INFO - DAG(s) 'example_short_circuit_decorator' retrieved from /home/airflow/.local/lib/python3.8/site-packages/airflow/example_dags/example_short_circuit_decorator.py
[2026-05-16T02:56:29.743+0000] {logging_mixin.py:188} INFO - [2026-05-16T02:56:29.742+0000] {dag.py:3036} INFO - Sync 1 DAGs
[2026-05-16T02:56:29.787+0000] {logging_mixin.py:188} INFO - [2026-05-16T02:56:29.787+0000] {dag.py:3823} INFO - Setting next_dagrun for example_short_circuit_decorator to 2026-05-15 00:00:00+00:00, run_after=2026-05-16 00:00:00+00:00
[2026-05-16T02:56:29.822+0000] {processor.py:183} INFO - Processing /home/airflow/.local/lib/python3.8/site-packages/airflow/example_dags/example_short_circuit_decorator.py took 0.163 seconds
[2026-05-16T02:57:00.091+0000] {processor.py:161} INFO - Started process (PID=1718) to work on /home/airflow/.local/lib/python3.8/site-packages/airflow/example_dags/example_short_circuit_decorator.py
[2026-05-16T02:57:00.093+0000] {processor.py:830} INFO - Processing file /home/airflow/.local/lib/python3.8/site-packages/airflow/example_dags/example_short_circuit_decorator.py for tasks to queue
[2026-05-16T02:57:00.096+0000] {logging_mixin.py:188} INFO - [2026-05-16T02:57:00.095+0000] {dagbag.py:538} INFO - Filling up the DagBag from /home/airflow/.local/lib/python3.8/site-packages/airflow/example_dags/example_short_circuit_decorator.py
[2026-05-16T02:57:00.114+0000] {processor.py:840} INFO - DAG(s) 'example_short_circuit_decorator' retrieved from /home/airflow/.local/lib/python3.8/site-packages/airflow/example_dags/example_short_circuit_decorator.py
[2026-05-16T02:57:00.164+0000] {logging_mixin.py:188} INFO - [2026-05-16T02:57:00.164+0000] {dag.py:3036} INFO - Sync 1 DAGs
[2026-05-16T02:57:00.201+0000] {logging_mixin.py:188} INFO - [2026-05-16T02:57:00.201+0000] {dag.py:3823} INFO - Setting next_dagrun for example_short_circuit_decorator to 2026-05-15 00:00:00+00:00, run_after=2026-05-16 00:00:00+00:00
[2026-05-16T02:57:00.230+0000] {processor.py:183} INFO - Processing /home/airflow/.local/lib/python3.8/site-packages/airflow/example_dags/example_short_circuit_decorator.py took 0.145 seconds
[2026-05-16T02:57:30.390+0000] {processor.py:161} INFO - Started process (PID=1784) to work on /home/airflow/.local/lib/python3.8/site-packages/airflow/example_dags/example_short_circuit_decorator.py
[2026-05-16T02:57:30.392+0000] {processor.py:830} INFO - Processing file /home/airflow/.local/lib/python3.8/site-packages/airflow/example_dags/example_short_circuit_decorator.py for tasks to queue
[2026-05-16T02:57:30.395+0000] {logging_mixin.py:188} INFO - [2026-05-16T02:57:30.395+0000] {dagbag.py:538} INFO - Filling up the DagBag from /home/airflow/.local/lib/python3.8/site-packages/airflow/example_dags/example_short_circuit_decorator.py
[2026-05-16T02:57:30.410+0000] {processor.py:840} INFO - DAG(s) 'example_short_circuit_decorator' retrieved from /home/airflow/.local/lib/python3.8/site-packages/airflow/example_dags/example_short_circuit_decorator.py
[2026-05-16T02:57:30.467+0000] {logging_mixin.py:188} INFO - [2026-05-16T02:57:30.466+0000] {dag.py:3036} INFO - Sync 1 DAGs
[2026-05-16T02:57:30.515+0000] {logging_mixin.py:188} INFO - [2026-05-16T02:57:30.514+0000] {dag.py:3823} INFO - Setting next_dagrun for example_short_circuit_decorator to 2026-05-15 00:00:00+00:00, run_after=2026-05-16 00:00:00+00:00
[2026-05-16T02:57:30.547+0000] {processor.py:183} INFO - Processing /home/airflow/.local/lib/python3.8/site-packages/airflow/example_dags/example_short_circuit_decorator.py took 0.162 seconds
[2026-05-16T02:58:00.744+0000] {processor.py:161} INFO - Started process (PID=1850) to work on /home/airflow/.local/lib/python3.8/site-packages/airflow/example_dags/example_short_circuit_decorator.py
[2026-05-16T02:58:00.745+0000] {processor.py:830} INFO - Processing file /home/airflow/.local/lib/python3.8/site-packages/airflow/example_dags/example_short_circuit_decorator.py for tasks to queue
[2026-05-16T02:58:00.748+0000] {logging_mixin.py:188} INFO - [2026-05-16T02:58:00.747+0000] {dagbag.py:538} INFO - Filling up the DagBag from /home/airflow/.local/lib/python3.8/site-packages/airflow/example_dags/example_short_circuit_decorator.py
[2026-05-16T02:58:00.762+0000] {processor.py:840} INFO - DAG(s) 'example_short_circuit_decorator' retrieved from /home/airflow/.local/lib/python3.8/site-packages/airflow/example_dags/example_short_circuit_decorator.py
[2026-05-16T02:58:00.808+0000] {logging_mixin.py:188} INFO - [2026-05-16T02:58:00.808+0000] {dag.py:3036} INFO - Sync 1 DAGs
[2026-05-16T02:58:00.849+0000] {logging_mixin.py:188} INFO - [2026-05-16T02:58:00.849+0000] {dag.py:3823} INFO - Setting next_dagrun for example_short_circuit_decorator to 2026-05-15 00:00:00+00:00, run_after=2026-05-16 00:00:00+00:00
[2026-05-16T02:58:00.883+0000] {processor.py:183} INFO - Processing /home/airflow/.local/lib/python3.8/site-packages/airflow/example_dags/example_short_circuit_decorator.py took 0.144 seconds
[2026-05-16T02:58:31.096+0000] {processor.py:161} INFO - Started process (PID=1915) to work on /home/airflow/.local/lib/python3.8/site-packages/airflow/example_dags/example_short_circuit_decorator.py
[2026-05-16T02:58:31.098+0000] {processor.py:830} INFO - Processing file /home/airflow/.local/lib/python3.8/site-packages/airflow/example_dags/example_short_circuit_decorator.py for tasks to queue
[2026-05-16T02:58:31.101+0000] {logging_mixin.py:188} INFO - [2026-05-16T02:58:31.100+0000] {dagbag.py:538} INFO - Filling up the DagBag from /home/airflow/.local/lib/python3.8/site-packages/airflow/example_dags/example_short_circuit_decorator.py
[2026-05-16T02:58:31.118+0000] {processor.py:840} INFO - DAG(s) 'example_short_circuit_decorator' retrieved from /home/airflow/.local/lib/python3.8/site-packages/airflow/example_dags/example_short_circuit_decorator.py
[2026-05-16T02:58:31.161+0000] {logging_mixin.py:188} INFO - [2026-05-16T02:58:31.160+0000] {dag.py:3036} INFO - Sync 1 DAGs
[2026-05-16T02:58:31.199+0000] {logging_mixin.py:188} INFO - [2026-05-16T02:58:31.199+0000] {dag.py:3823} INFO - Setting next_dagrun for example_short_circuit_decorator to 2026-05-15 00:00:00+00:00, run_after=2026-05-16 00:00:00+00:00
[2026-05-16T02:58:31.226+0000] {processor.py:183} INFO - Processing /home/airflow/.local/lib/python3.8/site-packages/airflow/example_dags/example_short_circuit_decorator.py took 0.135 seconds
[2026-05-16T02:59:01.899+0000] {processor.py:161} INFO - Started process (PID=1980) to work on /home/airflow/.local/lib/python3.8/site-packages/airflow/example_dags/example_short_circuit_decorator.py
[2026-05-16T02:59:01.902+0000] {processor.py:830} INFO - Processing file /home/airflow/.local/lib/python3.8/site-packages/airflow/example_dags/example_short_circuit_decorator.py for tasks to queue
[2026-05-16T02:59:01.905+0000] {logging_mixin.py:188} INFO - [2026-05-16T02:59:01.905+0000] {dagbag.py:538} INFO - Filling up the DagBag from /home/airflow/.local/lib/python3.8/site-packages/airflow/example_dags/example_short_circuit_decorator.py
[2026-05-16T02:59:01.920+0000] {processor.py:840} INFO - DAG(s) 'example_short_circuit_decorator' retrieved from /home/airflow/.local/lib/python3.8/site-packages/airflow/example_dags/example_short_circuit_decorator.py
[2026-05-16T02:59:01.963+0000] {logging_mixin.py:188} INFO - [2026-05-16T02:59:01.963+0000] {dag.py:3036} INFO - Sync 1 DAGs
[2026-05-16T02:59:02.001+0000] {logging_mixin.py:188} INFO - [2026-05-16T02:59:02.000+0000] {dag.py:3823} INFO - Setting next_dagrun for example_short_circuit_decorator to 2026-05-15 00:00:00+00:00, run_after=2026-05-16 00:00:00+00:00
[2026-05-16T02:59:02.030+0000] {processor.py:183} INFO - Processing /home/airflow/.local/lib/python3.8/site-packages/airflow/example_dags/example_short_circuit_decorator.py took 0.136 seconds
[2026-05-16T02:59:32.684+0000] {processor.py:161} INFO - Started process (PID=2044) to work on /home/airflow/.local/lib/python3.8/site-packages/airflow/example_dags/example_short_circuit_decorator.py
[2026-05-16T02:59:32.686+0000] {processor.py:830} INFO - Processing file /home/airflow/.local/lib/python3.8/site-packages/airflow/example_dags/example_short_circuit_decorator.py for tasks to queue
[2026-05-16T02:59:32.688+0000] {logging_mixin.py:188} INFO - [2026-05-16T02:59:32.688+0000] {dagbag.py:538} INFO - Filling up the DagBag from /home/airflow/.local/lib/python3.8/site-packages/airflow/example_dags/example_short_circuit_decorator.py
[2026-05-16T02:59:32.705+0000] {processor.py:840} INFO - DAG(s) 'example_short_circuit_decorator' retrieved from /home/airflow/.local/lib/python3.8/site-packages/airflow/example_dags/example_short_circuit_decorator.py
[2026-05-16T02:59:32.752+0000] {logging_mixin.py:188} INFO - [2026-05-16T02:59:32.751+0000] {dag.py:3036} INFO - Sync 1 DAGs
[2026-05-16T02:59:32.796+0000] {logging_mixin.py:188} INFO - [2026-05-16T02:59:32.796+0000] {dag.py:3823} INFO - Setting next_dagrun for example_short_circuit_decorator to 2026-05-15 00:00:00+00:00, run_after=2026-05-16 00:00:00+00:00
[2026-05-16T02:59:32.832+0000] {processor.py:183} INFO - Processing /home/airflow/.local/lib/python3.8/site-packages/airflow/example_dags/example_short_circuit_decorator.py took 0.153 seconds
[2026-05-16T03:00:03.484+0000] {processor.py:161} INFO - Started process (PID=2109) to work on /home/airflow/.local/lib/python3.8/site-packages/airflow/example_dags/example_short_circuit_decorator.py
[2026-05-16T03:00:03.487+0000] {processor.py:830} INFO - Processing file /home/airflow/.local/lib/python3.8/site-packages/airflow/example_dags/example_short_circuit_decorator.py for tasks to queue
[2026-05-16T03:00:03.490+0000] {logging_mixin.py:188} INFO - [2026-05-16T03:00:03.490+0000] {dagbag.py:538} INFO - Filling up the DagBag from /home/airflow/.local/lib/python3.8/site-packages/airflow/example_dags/example_short_circuit_decorator.py
[2026-05-16T03:00:03.506+0000] {processor.py:840} INFO - DAG(s) 'example_short_circuit_decorator' retrieved from /home/airflow/.local/lib/python3.8/site-packages/airflow/example_dags/example_short_circuit_decorator.py
[2026-05-16T03:00:03.552+0000] {logging_mixin.py:188} INFO - [2026-05-16T03:00:03.551+0000] {dag.py:3036} INFO - Sync 1 DAGs
[2026-05-16T03:00:03.593+0000] {logging_mixin.py:188} INFO - [2026-05-16T03:00:03.592+0000] {dag.py:3823} INFO - Setting next_dagrun for example_short_circuit_decorator to 2026-05-15 00:00:00+00:00, run_after=2026-05-16 00:00:00+00:00
[2026-05-16T03:00:03.624+0000] {processor.py:183} INFO - Processing /home/airflow/.local/lib/python3.8/site-packages/airflow/example_dags/example_short_circuit_decorator.py took 0.147 seconds
[2026-05-16T03:00:33.998+0000] {processor.py:161} INFO - Started process (PID=2174) to work on /home/airflow/.local/lib/python3.8/site-packages/airflow/example_dags/example_short_circuit_decorator.py
[2026-05-16T03:00:34.000+0000] {processor.py:830} INFO - Processing file /home/airflow/.local/lib/python3.8/site-packages/airflow/example_dags/example_short_circuit_decorator.py for tasks to queue
[2026-05-16T03:00:34.004+0000] {logging_mixin.py:188} INFO - [2026-05-16T03:00:34.004+0000] {dagbag.py:538} INFO - Filling up the DagBag from /home/airflow/.local/lib/python3.8/site-packages/airflow/example_dags/example_short_circuit_decorator.py
[2026-05-16T03:00:34.021+0000] {processor.py:840} INFO - DAG(s) 'example_short_circuit_decorator' retrieved from /home/airflow/.local/lib/python3.8/site-packages/airflow/example_dags/example_short_circuit_decorator.py
[2026-05-16T03:00:34.068+0000] {logging_mixin.py:188} INFO - [2026-05-16T03:00:34.068+0000] {dag.py:3036} INFO - Sync 1 DAGs
[2026-05-16T03:00:34.108+0000] {logging_mixin.py:188} INFO - [2026-05-16T03:00:34.108+0000] {dag.py:3823} INFO - Setting next_dagrun for example_short_circuit_decorator to 2026-05-15 00:00:00+00:00, run_after=2026-05-16 00:00:00+00:00
[2026-05-16T03:00:34.143+0000] {processor.py:183} INFO - Processing /home/airflow/.local/lib/python3.8/site-packages/airflow/example_dags/example_short_circuit_decorator.py took 0.151 seconds
[2026-05-16T03:01:04.404+0000] {processor.py:161} INFO - Started process (PID=2239) to work on /home/airflow/.local/lib/python3.8/site-packages/airflow/example_dags/example_short_circuit_decorator.py
[2026-05-16T03:01:04.405+0000] {processor.py:830} INFO - Processing file /home/airflow/.local/lib/python3.8/site-packages/airflow/example_dags/example_short_circuit_decorator.py for tasks to queue
[2026-05-16T03:01:04.408+0000] {logging_mixin.py:188} INFO - [2026-05-16T03:01:04.408+0000] {dagbag.py:538} INFO - Filling up the DagBag from /home/airflow/.local/lib/python3.8/site-packages/airflow/example_dags/example_short_circuit_decorator.py
[2026-05-16T03:01:04.422+0000] {processor.py:840} INFO - DAG(s) 'example_short_circuit_decorator' retrieved from /home/airflow/.local/lib/python3.8/site-packages/airflow/example_dags/example_short_circuit_decorator.py
[2026-05-16T03:01:04.472+0000] {logging_mixin.py:188} INFO - [2026-05-16T03:01:04.471+0000] {dag.py:3036} INFO - Sync 1 DAGs
[2026-05-16T03:01:04.514+0000] {logging_mixin.py:188} INFO - [2026-05-16T03:01:04.513+0000] {dag.py:3823} INFO - Setting next_dagrun for example_short_circuit_decorator to 2026-05-15 00:00:00+00:00, run_after=2026-05-16 00:00:00+00:00
[2026-05-16T03:01:04.547+0000] {processor.py:183} INFO - Processing /home/airflow/.local/lib/python3.8/site-packages/airflow/example_dags/example_short_circuit_decorator.py took 0.148 seconds
[2026-05-16T03:01:34.600+0000] {processor.py:161} INFO - Started process (PID=2310) to work on /home/airflow/.local/lib/python3.8/site-packages/airflow/example_dags/example_short_circuit_decorator.py
[2026-05-16T03:01:34.602+0000] {processor.py:830} INFO - Processing file /home/airflow/.local/lib/python3.8/site-packages/airflow/example_dags/example_short_circuit_decorator.py for tasks to queue
[2026-05-16T03:01:34.605+0000] {logging_mixin.py:188} INFO - [2026-05-16T03:01:34.604+0000] {dagbag.py:538} INFO - Filling up the DagBag from /home/airflow/.local/lib/python3.8/site-packages/airflow/example_dags/example_short_circuit_decorator.py
[2026-05-16T03:01:34.621+0000] {processor.py:840} INFO - DAG(s) 'example_short_circuit_decorator' retrieved from /home/airflow/.local/lib/python3.8/site-packages/airflow/example_dags/example_short_circuit_decorator.py
[2026-05-16T03:01:34.669+0000] {logging_mixin.py:188} INFO - [2026-05-16T03:01:34.668+0000] {dag.py:3036} INFO - Sync 1 DAGs
[2026-05-16T03:01:34.709+0000] {logging_mixin.py:188} INFO - [2026-05-16T03:01:34.708+0000] {dag.py:3823} INFO - Setting next_dagrun for example_short_circuit_decorator to 2026-05-15 00:00:00+00:00, run_after=2026-05-16 00:00:00+00:00
[2026-05-16T03:01:34.744+0000] {processor.py:183} INFO - Processing /home/airflow/.local/lib/python3.8/site-packages/airflow/example_dags/example_short_circuit_decorator.py took 0.148 seconds
[2026-05-16T03:02:05.122+0000] {processor.py:161} INFO - Started process (PID=2376) to work on /home/airflow/.local/lib/python3.8/site-packages/airflow/example_dags/example_short_circuit_decorator.py
[2026-05-16T03:02:05.124+0000] {processor.py:830} INFO - Processing file /home/airflow/.local/lib/python3.8/site-packages/airflow/example_dags/example_short_circuit_decorator.py for tasks to queue
[2026-05-16T03:02:05.127+0000] {logging_mixin.py:188} INFO - [2026-05-16T03:02:05.127+0000] {dagbag.py:538} INFO - Filling up the DagBag from /home/airflow/.local/lib/python3.8/site-packages/airflow/example_dags/example_short_circuit_decorator.py
[2026-05-16T03:02:05.146+0000] {processor.py:840} INFO - DAG(s) 'example_short_circuit_decorator' retrieved from /home/airflow/.local/lib/python3.8/site-packages/airflow/example_dags/example_short_circuit_decorator.py
[2026-05-16T03:02:05.198+0000] {logging_mixin.py:188} INFO - [2026-05-16T03:02:05.198+0000] {dag.py:3036} INFO - Sync 1 DAGs
[2026-05-16T03:02:05.237+0000] {logging_mixin.py:188} INFO - [2026-05-16T03:02:05.236+0000] {dag.py:3823} INFO - Setting next_dagrun for example_short_circuit_decorator to 2026-05-15 00:00:00+00:00, run_after=2026-05-16 00:00:00+00:00
[2026-05-16T03:02:05.268+0000] {processor.py:183} INFO - Processing /home/airflow/.local/lib/python3.8/site-packages/airflow/example_dags/example_short_circuit_decorator.py took 0.152 seconds
[2026-05-16T03:02:35.793+0000] {processor.py:161} INFO - Started process (PID=2442) to work on /home/airflow/.local/lib/python3.8/site-packages/airflow/example_dags/example_short_circuit_decorator.py
[2026-05-16T03:02:35.794+0000] {processor.py:830} INFO - Processing file /home/airflow/.local/lib/python3.8/site-packages/airflow/example_dags/example_short_circuit_decorator.py for tasks to queue
[2026-05-16T03:02:35.797+0000] {logging_mixin.py:188} INFO - [2026-05-16T03:02:35.797+0000] {dagbag.py:538} INFO - Filling up the DagBag from /home/airflow/.local/lib/python3.8/site-packages/airflow/example_dags/example_short_circuit_decorator.py
[2026-05-16T03:02:35.815+0000] {processor.py:840} INFO - DAG(s) 'example_short_circuit_decorator' retrieved from /home/airflow/.local/lib/python3.8/site-packages/airflow/example_dags/example_short_circuit_decorator.py
[2026-05-16T03:02:35.859+0000] {logging_mixin.py:188} INFO - [2026-05-16T03:02:35.858+0000] {dag.py:3036} INFO - Sync 1 DAGs
[2026-05-16T03:02:35.896+0000] {logging_mixin.py:188} INFO - [2026-05-16T03:02:35.896+0000] {dag.py:3823} INFO - Setting next_dagrun for example_short_circuit_decorator to 2026-05-15 00:00:00+00:00, run_after=2026-05-16 00:00:00+00:00
[2026-05-16T03:02:35.929+0000] {processor.py:183} INFO - Processing /home/airflow/.local/lib/python3.8/site-packages/airflow/example_dags/example_short_circuit_decorator.py took 0.142 seconds
[2026-05-16T03:03:06.531+0000] {processor.py:161} INFO - Started process (PID=2507) to work on /home/airflow/.local/lib/python3.8/site-packages/airflow/example_dags/example_short_circuit_decorator.py
[2026-05-16T03:03:06.534+0000] {processor.py:830} INFO - Processing file /home/airflow/.local/lib/python3.8/site-packages/airflow/example_dags/example_short_circuit_decorator.py for tasks to queue
[2026-05-16T03:03:06.537+0000] {logging_mixin.py:188} INFO - [2026-05-16T03:03:06.536+0000] {dagbag.py:538} INFO - Filling up the DagBag from /home/airflow/.local/lib/python3.8/site-packages/airflow/example_dags/example_short_circuit_decorator.py
[2026-05-16T03:03:06.555+0000] {processor.py:840} INFO - DAG(s) 'example_short_circuit_decorator' retrieved from /home/airflow/.local/lib/python3.8/site-packages/airflow/example_dags/example_short_circuit_decorator.py
[2026-05-16T03:03:06.602+0000] {logging_mixin.py:188} INFO - [2026-05-16T03:03:06.601+0000] {dag.py:3036} INFO - Sync 1 DAGs
[2026-05-16T03:03:06.647+0000] {logging_mixin.py:188} INFO - [2026-05-16T03:03:06.646+0000] {dag.py:3823} INFO - Setting next_dagrun for example_short_circuit_decorator to 2026-05-15 00:00:00+00:00, run_after=2026-05-16 00:00:00+00:00
[2026-05-16T03:03:06.694+0000] {processor.py:183} INFO - Processing /home/airflow/.local/lib/python3.8/site-packages/airflow/example_dags/example_short_circuit_decorator.py took 0.168 seconds
[2026-05-16T03:03:36.901+0000] {processor.py:161} INFO - Started process (PID=2572) to work on /home/airflow/.local/lib/python3.8/site-packages/airflow/example_dags/example_short_circuit_decorator.py
[2026-05-16T03:03:36.902+0000] {processor.py:830} INFO - Processing file /home/airflow/.local/lib/python3.8/site-packages/airflow/example_dags/example_short_circuit_decorator.py for tasks to queue
[2026-05-16T03:03:36.905+0000] {logging_mixin.py:188} INFO - [2026-05-16T03:03:36.904+0000] {dagbag.py:538} INFO - Filling up the DagBag from /home/airflow/.local/lib/python3.8/site-packages/airflow/example_dags/example_short_circuit_decorator.py
[2026-05-16T03:03:36.923+0000] {processor.py:840} INFO - DAG(s) 'example_short_circuit_decorator' retrieved from /home/airflow/.local/lib/python3.8/site-packages/airflow/example_dags/example_short_circuit_decorator.py
[2026-05-16T03:03:36.980+0000] {logging_mixin.py:188} INFO - [2026-05-16T03:03:36.978+0000] {dag.py:3036} INFO - Sync 1 DAGs
[2026-05-16T03:03:37.022+0000] {logging_mixin.py:188} INFO - [2026-05-16T03:03:37.021+0000] {dag.py:3823} INFO - Setting next_dagrun for example_short_circuit_decorator to 2026-05-15 00:00:00+00:00, run_after=2026-05-16 00:00:00+00:00
[2026-05-16T03:03:37.056+0000] {processor.py:183} INFO - Processing /home/airflow/.local/lib/python3.8/site-packages/airflow/example_dags/example_short_circuit_decorator.py took 0.162 seconds
[2026-05-16T03:04:07.619+0000] {processor.py:161} INFO - Started process (PID=2637) to work on /home/airflow/.local/lib/python3.8/site-packages/airflow/example_dags/example_short_circuit_decorator.py
[2026-05-16T03:04:07.621+0000] {processor.py:830} INFO - Processing file /home/airflow/.local/lib/python3.8/site-packages/airflow/example_dags/example_short_circuit_decorator.py for tasks to queue
[2026-05-16T03:04:07.624+0000] {logging_mixin.py:188} INFO - [2026-05-16T03:04:07.623+0000] {dagbag.py:538} INFO - Filling up the DagBag from /home/airflow/.local/lib/python3.8/site-packages/airflow/example_dags/example_short_circuit_decorator.py
[2026-05-16T03:04:07.642+0000] {processor.py:840} INFO - DAG(s) 'example_short_circuit_decorator' retrieved from /home/airflow/.local/lib/python3.8/site-packages/airflow/example_dags/example_short_circuit_decorator.py
[2026-05-16T03:04:07.691+0000] {logging_mixin.py:188} INFO - [2026-05-16T03:04:07.691+0000] {dag.py:3036} INFO - Sync 1 DAGs
[2026-05-16T03:04:07.734+0000] {logging_mixin.py:188} INFO - [2026-05-16T03:04:07.733+0000] {dag.py:3823} INFO - Setting next_dagrun for example_short_circuit_decorator to 2026-05-15 00:00:00+00:00, run_after=2026-05-16 00:00:00+00:00
[2026-05-16T03:04:07.769+0000] {processor.py:183} INFO - Processing /home/airflow/.local/lib/python3.8/site-packages/airflow/example_dags/example_short_circuit_decorator.py took 0.156 seconds
[2026-05-16T03:04:38.217+0000] {processor.py:161} INFO - Started process (PID=2702) to work on /home/airflow/.local/lib/python3.8/site-packages/airflow/example_dags/example_short_circuit_decorator.py
[2026-05-16T03:04:38.219+0000] {processor.py:830} INFO - Processing file /home/airflow/.local/lib/python3.8/site-packages/airflow/example_dags/example_short_circuit_decorator.py for tasks to queue
[2026-05-16T03:04:38.222+0000] {logging_mixin.py:188} INFO - [2026-05-16T03:04:38.221+0000] {dagbag.py:538} INFO - Filling up the DagBag from /home/airflow/.local/lib/python3.8/site-packages/airflow/example_dags/example_short_circuit_decorator.py
[2026-05-16T03:04:38.240+0000] {processor.py:840} INFO - DAG(s) 'example_short_circuit_decorator' retrieved from /home/airflow/.local/lib/python3.8/site-packages/airflow/example_dags/example_short_circuit_decorator.py
[2026-05-16T03:04:38.298+0000] {logging_mixin.py:188} INFO - [2026-05-16T03:04:38.298+0000] {dag.py:3036} INFO - Sync 1 DAGs
[2026-05-16T03:04:38.348+0000] {logging_mixin.py:188} INFO - [2026-05-16T03:04:38.348+0000] {dag.py:3823} INFO - Setting next_dagrun for example_short_circuit_decorator to 2026-05-15 00:00:00+00:00, run_after=2026-05-16 00:00:00+00:00
[2026-05-16T03:04:38.395+0000] {processor.py:183} INFO - Processing /home/airflow/.local/lib/python3.8/site-packages/airflow/example_dags/example_short_circuit_decorator.py took 0.183 seconds
[2026-05-16T03:05:08.816+0000] {processor.py:161} INFO - Started process (PID=2768) to work on /home/airflow/.local/lib/python3.8/site-packages/airflow/example_dags/example_short_circuit_decorator.py
[2026-05-16T03:05:08.818+0000] {processor.py:830} INFO - Processing file /home/airflow/.local/lib/python3.8/site-packages/airflow/example_dags/example_short_circuit_decorator.py for tasks to queue
[2026-05-16T03:05:08.821+0000] {logging_mixin.py:188} INFO - [2026-05-16T03:05:08.820+0000] {dagbag.py:538} INFO - Filling up the DagBag from /home/airflow/.local/lib/python3.8/site-packages/airflow/example_dags/example_short_circuit_decorator.py
[2026-05-16T03:05:08.837+0000] {processor.py:840} INFO - DAG(s) 'example_short_circuit_decorator' retrieved from /home/airflow/.local/lib/python3.8/site-packages/airflow/example_dags/example_short_circuit_decorator.py
[2026-05-16T03:05:08.877+0000] {logging_mixin.py:188} INFO - [2026-05-16T03:05:08.876+0000] {dag.py:3036} INFO - Sync 1 DAGs
[2026-05-16T03:05:08.915+0000] {logging_mixin.py:188} INFO - [2026-05-16T03:05:08.914+0000] {dag.py:3823} INFO - Setting next_dagrun for example_short_circuit_decorator to 2026-05-15 00:00:00+00:00, run_after=2026-05-16 00:00:00+00:00
[2026-05-16T03:05:08.945+0000] {processor.py:183} INFO - Processing /home/airflow/.local/lib/python3.8/site-packages/airflow/example_dags/example_short_circuit_decorator.py took 0.134 seconds
[2026-05-16T03:05:39.166+0000] {processor.py:161} INFO - Started process (PID=2833) to work on /home/airflow/.local/lib/python3.8/site-packages/airflow/example_dags/example_short_circuit_decorator.py
[2026-05-16T03:05:39.168+0000] {processor.py:830} INFO - Processing file /home/airflow/.local/lib/python3.8/site-packages/airflow/example_dags/example_short_circuit_decorator.py for tasks to queue
[2026-05-16T03:05:39.171+0000] {logging_mixin.py:188} INFO - [2026-05-16T03:05:39.171+0000] {dagbag.py:538} INFO - Filling up the DagBag from /home/airflow/.local/lib/python3.8/site-packages/airflow/example_dags/example_short_circuit_decorator.py
[2026-05-16T03:05:39.186+0000] {processor.py:840} INFO - DAG(s) 'example_short_circuit_decorator' retrieved from /home/airflow/.local/lib/python3.8/site-packages/airflow/example_dags/example_short_circuit_decorator.py
[2026-05-16T03:05:39.231+0000] {logging_mixin.py:188} INFO - [2026-05-16T03:05:39.231+0000] {dag.py:3036} INFO - Sync 1 DAGs
[2026-05-16T03:05:39.272+0000] {logging_mixin.py:188} INFO - [2026-05-16T03:05:39.272+0000] {dag.py:3823} INFO - Setting next_dagrun for example_short_circuit_decorator to 2026-05-15 00:00:00+00:00, run_after=2026-05-16 00:00:00+00:00
[2026-05-16T03:05:39.306+0000] {processor.py:183} INFO - Processing /home/airflow/.local/lib/python3.8/site-packages/airflow/example_dags/example_short_circuit_decorator.py took 0.145 seconds
[2026-05-16T03:06:09.736+0000] {processor.py:161} INFO - Started process (PID=2899) to work on /home/airflow/.local/lib/python3.8/site-packages/airflow/example_dags/example_short_circuit_decorator.py
[2026-05-16T03:06:09.737+0000] {processor.py:830} INFO - Processing file /home/airflow/.local/lib/python3.8/site-packages/airflow/example_dags/example_short_circuit_decorator.py for tasks to queue
[2026-05-16T03:06:09.740+0000] {logging_mixin.py:188} INFO - [2026-05-16T03:06:09.739+0000] {dagbag.py:538} INFO - Filling up the DagBag from /home/airflow/.local/lib/python3.8/site-packages/airflow/example_dags/example_short_circuit_decorator.py
[2026-05-16T03:06:09.757+0000] {processor.py:840} INFO - DAG(s) 'example_short_circuit_decorator' retrieved from /home/airflow/.local/lib/python3.8/site-packages/airflow/example_dags/example_short_circuit_decorator.py
[2026-05-16T03:06:09.799+0000] {logging_mixin.py:188} INFO - [2026-05-16T03:06:09.798+0000] {dag.py:3036} INFO - Sync 1 DAGs
[2026-05-16T03:06:09.837+0000] {logging_mixin.py:188} INFO - [2026-05-16T03:06:09.836+0000] {dag.py:3823} INFO - Setting next_dagrun for example_short_circuit_decorator to 2026-05-15 00:00:00+00:00, run_after=2026-05-16 00:00:00+00:00
[2026-05-16T03:06:09.867+0000] {processor.py:183} INFO - Processing /home/airflow/.local/lib/python3.8/site-packages/airflow/example_dags/example_short_circuit_decorator.py took 0.136 seconds
[2026-05-16T03:06:40.040+0000] {processor.py:161} INFO - Started process (PID=2964) to work on /home/airflow/.local/lib/python3.8/site-packages/airflow/example_dags/example_short_circuit_decorator.py
[2026-05-16T03:06:40.042+0000] {processor.py:830} INFO - Processing file /home/airflow/.local/lib/python3.8/site-packages/airflow/example_dags/example_short_circuit_decorator.py for tasks to queue
[2026-05-16T03:06:40.045+0000] {logging_mixin.py:188} INFO - [2026-05-16T03:06:40.044+0000] {dagbag.py:538} INFO - Filling up the DagBag from /home/airflow/.local/lib/python3.8/site-packages/airflow/example_dags/example_short_circuit_decorator.py
[2026-05-16T03:06:40.062+0000] {processor.py:840} INFO - DAG(s) 'example_short_circuit_decorator' retrieved from /home/airflow/.local/lib/python3.8/site-packages/airflow/example_dags/example_short_circuit_decorator.py
[2026-05-16T03:06:40.104+0000] {logging_mixin.py:188} INFO - [2026-05-16T03:06:40.104+0000] {dag.py:3036} INFO - Sync 1 DAGs
[2026-05-16T03:06:40.141+0000] {logging_mixin.py:188} INFO - [2026-05-16T03:06:40.141+0000] {dag.py:3823} INFO - Setting next_dagrun for example_short_circuit_decorator to 2026-05-15 00:00:00+00:00, run_after=2026-05-16 00:00:00+00:00
[2026-05-16T03:06:40.169+0000] {processor.py:183} INFO - Processing /home/airflow/.local/lib/python3.8/site-packages/airflow/example_dags/example_short_circuit_decorator.py took 0.135 seconds
[2026-05-16T03:07:10.431+0000] {processor.py:161} INFO - Started process (PID=3029) to work on /home/airflow/.local/lib/python3.8/site-packages/airflow/example_dags/example_short_circuit_decorator.py
[2026-05-16T03:07:10.433+0000] {processor.py:830} INFO - Processing file /home/airflow/.local/lib/python3.8/site-packages/airflow/example_dags/example_short_circuit_decorator.py for tasks to queue
[2026-05-16T03:07:10.436+0000] {logging_mixin.py:188} INFO - [2026-05-16T03:07:10.435+0000] {dagbag.py:538} INFO - Filling up the DagBag from /home/airflow/.local/lib/python3.8/site-packages/airflow/example_dags/example_short_circuit_decorator.py
[2026-05-16T03:07:10.453+0000] {processor.py:840} INFO - DAG(s) 'example_short_circuit_decorator' retrieved from /home/airflow/.local/lib/python3.8/site-packages/airflow/example_dags/example_short_circuit_decorator.py
[2026-05-16T03:07:10.496+0000] {logging_mixin.py:188} INFO - [2026-05-16T03:07:10.496+0000] {dag.py:3036} INFO - Sync 1 DAGs
[2026-05-16T03:07:10.534+0000] {logging_mixin.py:188} INFO - [2026-05-16T03:07:10.534+0000] {dag.py:3823} INFO - Setting next_dagrun for example_short_circuit_decorator to 2026-05-15 00:00:00+00:00, run_after=2026-05-16 00:00:00+00:00
[2026-05-16T03:07:10.568+0000] {processor.py:183} INFO - Processing /home/airflow/.local/lib/python3.8/site-packages/airflow/example_dags/example_short_circuit_decorator.py took 0.142 seconds
[2026-05-16T03:07:41.410+0000] {processor.py:161} INFO - Started process (PID=3101) to work on /home/airflow/.local/lib/python3.8/site-packages/airflow/example_dags/example_short_circuit_decorator.py
[2026-05-16T03:07:41.412+0000] {processor.py:830} INFO - Processing file /home/airflow/.local/lib/python3.8/site-packages/airflow/example_dags/example_short_circuit_decorator.py for tasks to queue
[2026-05-16T03:07:41.415+0000] {logging_mixin.py:188} INFO - [2026-05-16T03:07:41.414+0000] {dagbag.py:538} INFO - Filling up the DagBag from /home/airflow/.local/lib/python3.8/site-packages/airflow/example_dags/example_short_circuit_decorator.py
[2026-05-16T03:07:41.432+0000] {processor.py:840} INFO - DAG(s) 'example_short_circuit_decorator' retrieved from /home/airflow/.local/lib/python3.8/site-packages/airflow/example_dags/example_short_circuit_decorator.py
[2026-05-16T03:07:41.481+0000] {logging_mixin.py:188} INFO - [2026-05-16T03:07:41.480+0000] {dag.py:3036} INFO - Sync 1 DAGs
[2026-05-16T03:07:41.522+0000] {logging_mixin.py:188} INFO - [2026-05-16T03:07:41.521+0000] {dag.py:3823} INFO - Setting next_dagrun for example_short_circuit_decorator to 2026-05-15 00:00:00+00:00, run_after=2026-05-16 00:00:00+00:00
[2026-05-16T03:07:41.556+0000] {processor.py:183} INFO - Processing /home/airflow/.local/lib/python3.8/site-packages/airflow/example_dags/example_short_circuit_decorator.py took 0.151 seconds
[2026-05-16T03:08:12.521+0000] {processor.py:161} INFO - Started process (PID=3167) to work on /home/airflow/.local/lib/python3.8/site-packages/airflow/example_dags/example_short_circuit_decorator.py
[2026-05-16T03:08:12.523+0000] {processor.py:830} INFO - Processing file /home/airflow/.local/lib/python3.8/site-packages/airflow/example_dags/example_short_circuit_decorator.py for tasks to queue
[2026-05-16T03:08:12.527+0000] {logging_mixin.py:188} INFO - [2026-05-16T03:08:12.526+0000] {dagbag.py:538} INFO - Filling up the DagBag from /home/airflow/.local/lib/python3.8/site-packages/airflow/example_dags/example_short_circuit_decorator.py
[2026-05-16T03:08:12.546+0000] {processor.py:840} INFO - DAG(s) 'example_short_circuit_decorator' retrieved from /home/airflow/.local/lib/python3.8/site-packages/airflow/example_dags/example_short_circuit_decorator.py
[2026-05-16T03:08:12.598+0000] {logging_mixin.py:188} INFO - [2026-05-16T03:08:12.598+0000] {dag.py:3036} INFO - Sync 1 DAGs
[2026-05-16T03:08:12.643+0000] {logging_mixin.py:188} INFO - [2026-05-16T03:08:12.642+0000] {dag.py:3823} INFO - Setting next_dagrun for example_short_circuit_decorator to 2026-05-15 00:00:00+00:00, run_after=2026-05-16 00:00:00+00:00
[2026-05-16T03:08:12.687+0000] {processor.py:183} INFO - Processing /home/airflow/.local/lib/python3.8/site-packages/airflow/example_dags/example_short_circuit_decorator.py took 0.171 seconds
[2026-05-16T03:08:43.245+0000] {processor.py:161} INFO - Started process (PID=3233) to work on /home/airflow/.local/lib/python3.8/site-packages/airflow/example_dags/example_short_circuit_decorator.py
[2026-05-16T03:08:43.248+0000] {processor.py:830} INFO - Processing file /home/airflow/.local/lib/python3.8/site-packages/airflow/example_dags/example_short_circuit_decorator.py for tasks to queue
[2026-05-16T03:08:43.251+0000] {logging_mixin.py:188} INFO - [2026-05-16T03:08:43.250+0000] {dagbag.py:538} INFO - Filling up the DagBag from /home/airflow/.local/lib/python3.8/site-packages/airflow/example_dags/example_short_circuit_decorator.py
[2026-05-16T03:08:43.280+0000] {processor.py:840} INFO - DAG(s) 'example_short_circuit_decorator' retrieved from /home/airflow/.local/lib/python3.8/site-packages/airflow/example_dags/example_short_circuit_decorator.py
[2026-05-16T03:08:43.329+0000] {logging_mixin.py:188} INFO - [2026-05-16T03:08:43.329+0000] {dag.py:3036} INFO - Sync 1 DAGs
[2026-05-16T03:08:43.373+0000] {logging_mixin.py:188} INFO - [2026-05-16T03:08:43.372+0000] {dag.py:3823} INFO - Setting next_dagrun for example_short_circuit_decorator to 2026-05-15 00:00:00+00:00, run_after=2026-05-16 00:00:00+00:00
[2026-05-16T03:08:43.408+0000] {processor.py:183} INFO - Processing /home/airflow/.local/lib/python3.8/site-packages/airflow/example_dags/example_short_circuit_decorator.py took 0.173 seconds
[2026-05-16T03:09:13.489+0000] {processor.py:161} INFO - Started process (PID=3297) to work on /home/airflow/.local/lib/python3.8/site-packages/airflow/example_dags/example_short_circuit_decorator.py
[2026-05-16T03:09:13.491+0000] {processor.py:830} INFO - Processing file /home/airflow/.local/lib/python3.8/site-packages/airflow/example_dags/example_short_circuit_decorator.py for tasks to queue
[2026-05-16T03:09:13.494+0000] {logging_mixin.py:188} INFO - [2026-05-16T03:09:13.493+0000] {dagbag.py:538} INFO - Filling up the DagBag from /home/airflow/.local/lib/python3.8/site-packages/airflow/example_dags/example_short_circuit_decorator.py
[2026-05-16T03:09:13.519+0000] {processor.py:840} INFO - DAG(s) 'example_short_circuit_decorator' retrieved from /home/airflow/.local/lib/python3.8/site-packages/airflow/example_dags/example_short_circuit_decorator.py
[2026-05-16T03:09:13.587+0000] {logging_mixin.py:188} INFO - [2026-05-16T03:09:13.587+0000] {dag.py:3036} INFO - Sync 1 DAGs
[2026-05-16T03:09:13.633+0000] {logging_mixin.py:188} INFO - [2026-05-16T03:09:13.633+0000] {dag.py:3823} INFO - Setting next_dagrun for example_short_circuit_decorator to 2026-05-15 00:00:00+00:00, run_after=2026-05-16 00:00:00+00:00
[2026-05-16T03:09:13.880+0000] {processor.py:183} INFO - Processing /home/airflow/.local/lib/python3.8/site-packages/airflow/example_dags/example_short_circuit_decorator.py took 0.397 seconds
[2026-05-16T03:09:44.687+0000] {processor.py:161} INFO - Started process (PID=3364) to work on /home/airflow/.local/lib/python3.8/site-packages/airflow/example_dags/example_short_circuit_decorator.py
[2026-05-16T03:09:44.689+0000] {processor.py:830} INFO - Processing file /home/airflow/.local/lib/python3.8/site-packages/airflow/example_dags/example_short_circuit_decorator.py for tasks to queue
[2026-05-16T03:09:44.692+0000] {logging_mixin.py:188} INFO - [2026-05-16T03:09:44.692+0000] {dagbag.py:538} INFO - Filling up the DagBag from /home/airflow/.local/lib/python3.8/site-packages/airflow/example_dags/example_short_circuit_decorator.py
[2026-05-16T03:09:44.712+0000] {processor.py:840} INFO - DAG(s) 'example_short_circuit_decorator' retrieved from /home/airflow/.local/lib/python3.8/site-packages/airflow/example_dags/example_short_circuit_decorator.py
[2026-05-16T03:09:44.764+0000] {logging_mixin.py:188} INFO - [2026-05-16T03:09:44.763+0000] {dag.py:3036} INFO - Sync 1 DAGs
[2026-05-16T03:09:44.801+0000] {logging_mixin.py:188} INFO - [2026-05-16T03:09:44.801+0000] {dag.py:3823} INFO - Setting next_dagrun for example_short_circuit_decorator to 2026-05-15 00:00:00+00:00, run_after=2026-05-16 00:00:00+00:00
[2026-05-16T03:09:44.832+0000] {processor.py:183} INFO - Processing /home/airflow/.local/lib/python3.8/site-packages/airflow/example_dags/example_short_circuit_decorator.py took 0.151 seconds
[2026-05-16T03:10:14.878+0000] {processor.py:161} INFO - Started process (PID=3428) to work on /home/airflow/.local/lib/python3.8/site-packages/airflow/example_dags/example_short_circuit_decorator.py
[2026-05-16T03:10:14.880+0000] {processor.py:830} INFO - Processing file /home/airflow/.local/lib/python3.8/site-packages/airflow/example_dags/example_short_circuit_decorator.py for tasks to queue
[2026-05-16T03:10:14.882+0000] {logging_mixin.py:188} INFO - [2026-05-16T03:10:14.882+0000] {dagbag.py:538} INFO - Filling up the DagBag from /home/airflow/.local/lib/python3.8/site-packages/airflow/example_dags/example_short_circuit_decorator.py
[2026-05-16T03:10:14.899+0000] {processor.py:840} INFO - DAG(s) 'example_short_circuit_decorator' retrieved from /home/airflow/.local/lib/python3.8/site-packages/airflow/example_dags/example_short_circuit_decorator.py
[2026-05-16T03:10:14.949+0000] {logging_mixin.py:188} INFO - [2026-05-16T03:10:14.948+0000] {dag.py:3036} INFO - Sync 1 DAGs
[2026-05-16T03:10:14.993+0000] {logging_mixin.py:188} INFO - [2026-05-16T03:10:14.993+0000] {dag.py:3823} INFO - Setting next_dagrun for example_short_circuit_decorator to 2026-05-15 00:00:00+00:00, run_after=2026-05-16 00:00:00+00:00
[2026-05-16T03:10:15.026+0000] {processor.py:183} INFO - Processing /home/airflow/.local/lib/python3.8/site-packages/airflow/example_dags/example_short_circuit_decorator.py took 0.153 seconds
[2026-05-16T03:10:45.191+0000] {processor.py:161} INFO - Started process (PID=3493) to work on /home/airflow/.local/lib/python3.8/site-packages/airflow/example_dags/example_short_circuit_decorator.py
[2026-05-16T03:10:45.193+0000] {processor.py:830} INFO - Processing file /home/airflow/.local/lib/python3.8/site-packages/airflow/example_dags/example_short_circuit_decorator.py for tasks to queue
[2026-05-16T03:10:45.196+0000] {logging_mixin.py:188} INFO - [2026-05-16T03:10:45.196+0000] {dagbag.py:538} INFO - Filling up the DagBag from /home/airflow/.local/lib/python3.8/site-packages/airflow/example_dags/example_short_circuit_decorator.py
[2026-05-16T03:10:45.212+0000] {processor.py:840} INFO - DAG(s) 'example_short_circuit_decorator' retrieved from /home/airflow/.local/lib/python3.8/site-packages/airflow/example_dags/example_short_circuit_decorator.py
[2026-05-16T03:10:45.254+0000] {logging_mixin.py:188} INFO - [2026-05-16T03:10:45.254+0000] {dag.py:3036} INFO - Sync 1 DAGs
[2026-05-16T03:10:45.290+0000] {logging_mixin.py:188} INFO - [2026-05-16T03:10:45.289+0000] {dag.py:3823} INFO - Setting next_dagrun for example_short_circuit_decorator to 2026-05-15 00:00:00+00:00, run_after=2026-05-16 00:00:00+00:00
[2026-05-16T03:10:45.321+0000] {processor.py:183} INFO - Processing /home/airflow/.local/lib/python3.8/site-packages/airflow/example_dags/example_short_circuit_decorator.py took 0.134 seconds
[2026-05-16T03:11:16.053+0000] {processor.py:161} INFO - Started process (PID=3558) to work on /home/airflow/.local/lib/python3.8/site-packages/airflow/example_dags/example_short_circuit_decorator.py
[2026-05-16T03:11:16.055+0000] {processor.py:830} INFO - Processing file /home/airflow/.local/lib/python3.8/site-packages/airflow/example_dags/example_short_circuit_decorator.py for tasks to queue
[2026-05-16T03:11:16.058+0000] {logging_mixin.py:188} INFO - [2026-05-16T03:11:16.057+0000] {dagbag.py:538} INFO - Filling up the DagBag from /home/airflow/.local/lib/python3.8/site-packages/airflow/example_dags/example_short_circuit_decorator.py
[2026-05-16T03:11:16.074+0000] {processor.py:840} INFO - DAG(s) 'example_short_circuit_decorator' retrieved from /home/airflow/.local/lib/python3.8/site-packages/airflow/example_dags/example_short_circuit_decorator.py
[2026-05-16T03:11:16.117+0000] {logging_mixin.py:188} INFO - [2026-05-16T03:11:16.117+0000] {dag.py:3036} INFO - Sync 1 DAGs
[2026-05-16T03:11:16.335+0000] {logging_mixin.py:188} INFO - [2026-05-16T03:11:16.334+0000] {dag.py:3823} INFO - Setting next_dagrun for example_short_circuit_decorator to 2026-05-15 00:00:00+00:00, run_after=2026-05-16 00:00:00+00:00
[2026-05-16T03:11:16.366+0000] {processor.py:183} INFO - Processing /home/airflow/.local/lib/python3.8/site-packages/airflow/example_dags/example_short_circuit_decorator.py took 0.317 seconds
[2026-05-16T03:11:46.699+0000] {processor.py:161} INFO - Started process (PID=3623) to work on /home/airflow/.local/lib/python3.8/site-packages/airflow/example_dags/example_short_circuit_decorator.py
[2026-05-16T03:11:46.701+0000] {processor.py:830} INFO - Processing file /home/airflow/.local/lib/python3.8/site-packages/airflow/example_dags/example_short_circuit_decorator.py for tasks to queue
[2026-05-16T03:11:46.703+0000] {logging_mixin.py:188} INFO - [2026-05-16T03:11:46.703+0000] {dagbag.py:538} INFO - Filling up the DagBag from /home/airflow/.local/lib/python3.8/site-packages/airflow/example_dags/example_short_circuit_decorator.py
[2026-05-16T03:11:46.718+0000] {processor.py:840} INFO - DAG(s) 'example_short_circuit_decorator' retrieved from /home/airflow/.local/lib/python3.8/site-packages/airflow/example_dags/example_short_circuit_decorator.py
[2026-05-16T03:11:46.761+0000] {logging_mixin.py:188} INFO - [2026-05-16T03:11:46.761+0000] {dag.py:3036} INFO - Sync 1 DAGs
[2026-05-16T03:11:46.985+0000] {logging_mixin.py:188} INFO - [2026-05-16T03:11:46.985+0000] {dag.py:3823} INFO - Setting next_dagrun for example_short_circuit_decorator to 2026-05-15 00:00:00+00:00, run_after=2026-05-16 00:00:00+00:00
[2026-05-16T03:11:47.014+0000] {processor.py:183} INFO - Processing /home/airflow/.local/lib/python3.8/site-packages/airflow/example_dags/example_short_circuit_decorator.py took 0.321 seconds
[2026-05-16T03:12:17.354+0000] {processor.py:161} INFO - Started process (PID=3689) to work on /home/airflow/.local/lib/python3.8/site-packages/airflow/example_dags/example_short_circuit_decorator.py
[2026-05-16T03:12:17.356+0000] {processor.py:830} INFO - Processing file /home/airflow/.local/lib/python3.8/site-packages/airflow/example_dags/example_short_circuit_decorator.py for tasks to queue
[2026-05-16T03:12:17.359+0000] {logging_mixin.py:188} INFO - [2026-05-16T03:12:17.359+0000] {dagbag.py:538} INFO - Filling up the DagBag from /home/airflow/.local/lib/python3.8/site-packages/airflow/example_dags/example_short_circuit_decorator.py
[2026-05-16T03:12:17.374+0000] {processor.py:840} INFO - DAG(s) 'example_short_circuit_decorator' retrieved from /home/airflow/.local/lib/python3.8/site-packages/airflow/example_dags/example_short_circuit_decorator.py
[2026-05-16T03:12:17.419+0000] {logging_mixin.py:188} INFO - [2026-05-16T03:12:17.419+0000] {dag.py:3036} INFO - Sync 1 DAGs
[2026-05-16T03:12:17.457+0000] {logging_mixin.py:188} INFO - [2026-05-16T03:12:17.457+0000] {dag.py:3823} INFO - Setting next_dagrun for example_short_circuit_decorator to 2026-05-15 00:00:00+00:00, run_after=2026-05-16 00:00:00+00:00
[2026-05-16T03:12:17.489+0000] {processor.py:183} INFO - Processing /home/airflow/.local/lib/python3.8/site-packages/airflow/example_dags/example_short_circuit_decorator.py took 0.139 seconds
[2026-05-16T03:12:47.740+0000] {processor.py:161} INFO - Started process (PID=3754) to work on /home/airflow/.local/lib/python3.8/site-packages/airflow/example_dags/example_short_circuit_decorator.py
[2026-05-16T03:12:47.741+0000] {processor.py:830} INFO - Processing file /home/airflow/.local/lib/python3.8/site-packages/airflow/example_dags/example_short_circuit_decorator.py for tasks to queue
[2026-05-16T03:12:47.744+0000] {logging_mixin.py:188} INFO - [2026-05-16T03:12:47.743+0000] {dagbag.py:538} INFO - Filling up the DagBag from /home/airflow/.local/lib/python3.8/site-packages/airflow/example_dags/example_short_circuit_decorator.py
[2026-05-16T03:12:47.759+0000] {processor.py:840} INFO - DAG(s) 'example_short_circuit_decorator' retrieved from /home/airflow/.local/lib/python3.8/site-packages/airflow/example_dags/example_short_circuit_decorator.py
[2026-05-16T03:12:47.805+0000] {logging_mixin.py:188} INFO - [2026-05-16T03:12:47.805+0000] {dag.py:3036} INFO - Sync 1 DAGs
[2026-05-16T03:12:47.844+0000] {logging_mixin.py:188} INFO - [2026-05-16T03:12:47.844+0000] {dag.py:3823} INFO - Setting next_dagrun for example_short_circuit_decorator to 2026-05-15 00:00:00+00:00, run_after=2026-05-16 00:00:00+00:00
[2026-05-16T03:12:47.875+0000] {processor.py:183} INFO - Processing /home/airflow/.local/lib/python3.8/site-packages/airflow/example_dags/example_short_circuit_decorator.py took 0.140 seconds
[2026-05-16T03:13:19.213+0000] {processor.py:161} INFO - Started process (PID=3819) to work on /home/airflow/.local/lib/python3.8/site-packages/airflow/example_dags/example_short_circuit_decorator.py
[2026-05-16T03:13:19.215+0000] {processor.py:830} INFO - Processing file /home/airflow/.local/lib/python3.8/site-packages/airflow/example_dags/example_short_circuit_decorator.py for tasks to queue
[2026-05-16T03:13:19.218+0000] {logging_mixin.py:188} INFO - [2026-05-16T03:13:19.217+0000] {dagbag.py:538} INFO - Filling up the DagBag from /home/airflow/.local/lib/python3.8/site-packages/airflow/example_dags/example_short_circuit_decorator.py
[2026-05-16T03:13:19.236+0000] {processor.py:840} INFO - DAG(s) 'example_short_circuit_decorator' retrieved from /home/airflow/.local/lib/python3.8/site-packages/airflow/example_dags/example_short_circuit_decorator.py
[2026-05-16T03:13:19.492+0000] {logging_mixin.py:188} INFO - [2026-05-16T03:13:19.491+0000] {dag.py:3036} INFO - Sync 1 DAGs
[2026-05-16T03:13:19.530+0000] {logging_mixin.py:188} INFO - [2026-05-16T03:13:19.530+0000] {dag.py:3823} INFO - Setting next_dagrun for example_short_circuit_decorator to 2026-05-15 00:00:00+00:00, run_after=2026-05-16 00:00:00+00:00
[2026-05-16T03:13:19.562+0000] {processor.py:183} INFO - Processing /home/airflow/.local/lib/python3.8/site-packages/airflow/example_dags/example_short_circuit_decorator.py took 0.354 seconds
[2026-05-16T03:13:49.980+0000] {processor.py:161} INFO - Started process (PID=3885) to work on /home/airflow/.local/lib/python3.8/site-packages/airflow/example_dags/example_short_circuit_decorator.py
[2026-05-16T03:13:49.982+0000] {processor.py:830} INFO - Processing file /home/airflow/.local/lib/python3.8/site-packages/airflow/example_dags/example_short_circuit_decorator.py for tasks to queue
[2026-05-16T03:13:49.986+0000] {logging_mixin.py:188} INFO - [2026-05-16T03:13:49.985+0000] {dagbag.py:538} INFO - Filling up the DagBag from /home/airflow/.local/lib/python3.8/site-packages/airflow/example_dags/example_short_circuit_decorator.py
[2026-05-16T03:13:50.006+0000] {processor.py:840} INFO - DAG(s) 'example_short_circuit_decorator' retrieved from /home/airflow/.local/lib/python3.8/site-packages/airflow/example_dags/example_short_circuit_decorator.py
[2026-05-16T03:13:50.050+0000] {logging_mixin.py:188} INFO - [2026-05-16T03:13:50.050+0000] {dag.py:3036} INFO - Sync 1 DAGs
[2026-05-16T03:13:50.085+0000] {logging_mixin.py:188} INFO - [2026-05-16T03:13:50.085+0000] {dag.py:3823} INFO - Setting next_dagrun for example_short_circuit_decorator to 2026-05-15 00:00:00+00:00, run_after=2026-05-16 00:00:00+00:00
[2026-05-16T03:13:50.113+0000] {processor.py:183} INFO - Processing /home/airflow/.local/lib/python3.8/site-packages/airflow/example_dags/example_short_circuit_decorator.py took 0.140 seconds
[2026-05-16T03:14:20.181+0000] {processor.py:161} INFO - Started process (PID=3950) to work on /home/airflow/.local/lib/python3.8/site-packages/airflow/example_dags/example_short_circuit_decorator.py
[2026-05-16T03:14:20.184+0000] {processor.py:830} INFO - Processing file /home/airflow/.local/lib/python3.8/site-packages/airflow/example_dags/example_short_circuit_decorator.py for tasks to queue
[2026-05-16T03:14:20.186+0000] {logging_mixin.py:188} INFO - [2026-05-16T03:14:20.185+0000] {dagbag.py:538} INFO - Filling up the DagBag from /home/airflow/.local/lib/python3.8/site-packages/airflow/example_dags/example_short_circuit_decorator.py
[2026-05-16T03:14:20.201+0000] {processor.py:840} INFO - DAG(s) 'example_short_circuit_decorator' retrieved from /home/airflow/.local/lib/python3.8/site-packages/airflow/example_dags/example_short_circuit_decorator.py
[2026-05-16T03:14:20.245+0000] {logging_mixin.py:188} INFO - [2026-05-16T03:14:20.244+0000] {dag.py:3036} INFO - Sync 1 DAGs
[2026-05-16T03:14:20.284+0000] {logging_mixin.py:188} INFO - [2026-05-16T03:14:20.284+0000] {dag.py:3823} INFO - Setting next_dagrun for example_short_circuit_decorator to 2026-05-15 00:00:00+00:00, run_after=2026-05-16 00:00:00+00:00
[2026-05-16T03:14:20.318+0000] {processor.py:183} INFO - Processing /home/airflow/.local/lib/python3.8/site-packages/airflow/example_dags/example_short_circuit_decorator.py took 0.142 seconds
[2026-05-16T03:14:50.583+0000] {processor.py:161} INFO - Started process (PID=4022) to work on /home/airflow/.local/lib/python3.8/site-packages/airflow/example_dags/example_short_circuit_decorator.py
[2026-05-16T03:14:50.585+0000] {processor.py:830} INFO - Processing file /home/airflow/.local/lib/python3.8/site-packages/airflow/example_dags/example_short_circuit_decorator.py for tasks to queue
[2026-05-16T03:14:50.588+0000] {logging_mixin.py:188} INFO - [2026-05-16T03:14:50.588+0000] {dagbag.py:538} INFO - Filling up the DagBag from /home/airflow/.local/lib/python3.8/site-packages/airflow/example_dags/example_short_circuit_decorator.py
[2026-05-16T03:14:50.607+0000] {processor.py:840} INFO - DAG(s) 'example_short_circuit_decorator' retrieved from /home/airflow/.local/lib/python3.8/site-packages/airflow/example_dags/example_short_circuit_decorator.py
[2026-05-16T03:14:50.657+0000] {logging_mixin.py:188} INFO - [2026-05-16T03:14:50.657+0000] {dag.py:3036} INFO - Sync 1 DAGs
[2026-05-16T03:14:50.701+0000] {logging_mixin.py:188} INFO - [2026-05-16T03:14:50.701+0000] {dag.py:3823} INFO - Setting next_dagrun for example_short_circuit_decorator to 2026-05-15 00:00:00+00:00, run_after=2026-05-16 00:00:00+00:00
[2026-05-16T03:14:50.738+0000] {processor.py:183} INFO - Processing /home/airflow/.local/lib/python3.8/site-packages/airflow/example_dags/example_short_circuit_decorator.py took 0.161 seconds
[2026-05-16T03:15:21.228+0000] {processor.py:161} INFO - Started process (PID=4087) to work on /home/airflow/.local/lib/python3.8/site-packages/airflow/example_dags/example_short_circuit_decorator.py
[2026-05-16T03:15:21.230+0000] {processor.py:830} INFO - Processing file /home/airflow/.local/lib/python3.8/site-packages/airflow/example_dags/example_short_circuit_decorator.py for tasks to queue
[2026-05-16T03:15:21.233+0000] {logging_mixin.py:188} INFO - [2026-05-16T03:15:21.232+0000] {dagbag.py:538} INFO - Filling up the DagBag from /home/airflow/.local/lib/python3.8/site-packages/airflow/example_dags/example_short_circuit_decorator.py
[2026-05-16T03:15:21.250+0000] {processor.py:840} INFO - DAG(s) 'example_short_circuit_decorator' retrieved from /home/airflow/.local/lib/python3.8/site-packages/airflow/example_dags/example_short_circuit_decorator.py
[2026-05-16T03:15:21.303+0000] {logging_mixin.py:188} INFO - [2026-05-16T03:15:21.303+0000] {dag.py:3036} INFO - Sync 1 DAGs
[2026-05-16T03:15:21.350+0000] {logging_mixin.py:188} INFO - [2026-05-16T03:15:21.349+0000] {dag.py:3823} INFO - Setting next_dagrun for example_short_circuit_decorator to 2026-05-15 00:00:00+00:00, run_after=2026-05-16 00:00:00+00:00
[2026-05-16T03:15:21.384+0000] {processor.py:183} INFO - Processing /home/airflow/.local/lib/python3.8/site-packages/airflow/example_dags/example_short_circuit_decorator.py took 0.162 seconds
[2026-05-16T03:15:51.591+0000] {processor.py:161} INFO - Started process (PID=4152) to work on /home/airflow/.local/lib/python3.8/site-packages/airflow/example_dags/example_short_circuit_decorator.py
[2026-05-16T03:15:51.592+0000] {processor.py:830} INFO - Processing file /home/airflow/.local/lib/python3.8/site-packages/airflow/example_dags/example_short_circuit_decorator.py for tasks to queue
[2026-05-16T03:15:51.595+0000] {logging_mixin.py:188} INFO - [2026-05-16T03:15:51.594+0000] {dagbag.py:538} INFO - Filling up the DagBag from /home/airflow/.local/lib/python3.8/site-packages/airflow/example_dags/example_short_circuit_decorator.py
[2026-05-16T03:15:51.613+0000] {processor.py:840} INFO - DAG(s) 'example_short_circuit_decorator' retrieved from /home/airflow/.local/lib/python3.8/site-packages/airflow/example_dags/example_short_circuit_decorator.py
[2026-05-16T03:15:51.663+0000] {logging_mixin.py:188} INFO - [2026-05-16T03:15:51.663+0000] {dag.py:3036} INFO - Sync 1 DAGs
[2026-05-16T03:15:51.707+0000] {logging_mixin.py:188} INFO - [2026-05-16T03:15:51.707+0000] {dag.py:3823} INFO - Setting next_dagrun for example_short_circuit_decorator to 2026-05-15 00:00:00+00:00, run_after=2026-05-16 00:00:00+00:00
[2026-05-16T03:15:51.744+0000] {processor.py:183} INFO - Processing /home/airflow/.local/lib/python3.8/site-packages/airflow/example_dags/example_short_circuit_decorator.py took 0.158 seconds
[2026-05-16T03:16:22.029+0000] {processor.py:161} INFO - Started process (PID=4216) to work on /home/airflow/.local/lib/python3.8/site-packages/airflow/example_dags/example_short_circuit_decorator.py
[2026-05-16T03:16:22.032+0000] {processor.py:830} INFO - Processing file /home/airflow/.local/lib/python3.8/site-packages/airflow/example_dags/example_short_circuit_decorator.py for tasks to queue
[2026-05-16T03:16:22.035+0000] {logging_mixin.py:188} INFO - [2026-05-16T03:16:22.034+0000] {dagbag.py:538} INFO - Filling up the DagBag from /home/airflow/.local/lib/python3.8/site-packages/airflow/example_dags/example_short_circuit_decorator.py
[2026-05-16T03:16:22.053+0000] {processor.py:840} INFO - DAG(s) 'example_short_circuit_decorator' retrieved from /home/airflow/.local/lib/python3.8/site-packages/airflow/example_dags/example_short_circuit_decorator.py
[2026-05-16T03:16:22.105+0000] {logging_mixin.py:188} INFO - [2026-05-16T03:16:22.104+0000] {dag.py:3036} INFO - Sync 1 DAGs
[2026-05-16T03:16:22.151+0000] {logging_mixin.py:188} INFO - [2026-05-16T03:16:22.150+0000] {dag.py:3823} INFO - Setting next_dagrun for example_short_circuit_decorator to 2026-05-15 00:00:00+00:00, run_after=2026-05-16 00:00:00+00:00
[2026-05-16T03:16:22.185+0000] {processor.py:183} INFO - Processing /home/airflow/.local/lib/python3.8/site-packages/airflow/example_dags/example_short_circuit_decorator.py took 0.162 seconds
[2026-05-16T03:16:52.654+0000] {processor.py:161} INFO - Started process (PID=4281) to work on /home/airflow/.local/lib/python3.8/site-packages/airflow/example_dags/example_short_circuit_decorator.py
[2026-05-16T03:16:52.656+0000] {processor.py:830} INFO - Processing file /home/airflow/.local/lib/python3.8/site-packages/airflow/example_dags/example_short_circuit_decorator.py for tasks to queue
[2026-05-16T03:16:52.658+0000] {logging_mixin.py:188} INFO - [2026-05-16T03:16:52.658+0000] {dagbag.py:538} INFO - Filling up the DagBag from /home/airflow/.local/lib/python3.8/site-packages/airflow/example_dags/example_short_circuit_decorator.py
[2026-05-16T03:16:52.675+0000] {processor.py:840} INFO - DAG(s) 'example_short_circuit_decorator' retrieved from /home/airflow/.local/lib/python3.8/site-packages/airflow/example_dags/example_short_circuit_decorator.py
[2026-05-16T03:16:52.720+0000] {logging_mixin.py:188} INFO - [2026-05-16T03:16:52.720+0000] {dag.py:3036} INFO - Sync 1 DAGs
[2026-05-16T03:16:52.760+0000] {logging_mixin.py:188} INFO - [2026-05-16T03:16:52.760+0000] {dag.py:3823} INFO - Setting next_dagrun for example_short_circuit_decorator to 2026-05-15 00:00:00+00:00, run_after=2026-05-16 00:00:00+00:00
[2026-05-16T03:16:52.791+0000] {processor.py:183} INFO - Processing /home/airflow/.local/lib/python3.8/site-packages/airflow/example_dags/example_short_circuit_decorator.py took 0.143 seconds
[2026-05-16T03:17:23.097+0000] {processor.py:161} INFO - Started process (PID=4346) to work on /home/airflow/.local/lib/python3.8/site-packages/airflow/example_dags/example_short_circuit_decorator.py
[2026-05-16T03:17:23.100+0000] {processor.py:830} INFO - Processing file /home/airflow/.local/lib/python3.8/site-packages/airflow/example_dags/example_short_circuit_decorator.py for tasks to queue
[2026-05-16T03:17:23.103+0000] {logging_mixin.py:188} INFO - [2026-05-16T03:17:23.102+0000] {dagbag.py:538} INFO - Filling up the DagBag from /home/airflow/.local/lib/python3.8/site-packages/airflow/example_dags/example_short_circuit_decorator.py
[2026-05-16T03:17:23.119+0000] {processor.py:840} INFO - DAG(s) 'example_short_circuit_decorator' retrieved from /home/airflow/.local/lib/python3.8/site-packages/airflow/example_dags/example_short_circuit_decorator.py
[2026-05-16T03:17:23.169+0000] {logging_mixin.py:188} INFO - [2026-05-16T03:17:23.168+0000] {dag.py:3036} INFO - Sync 1 DAGs
[2026-05-16T03:17:23.212+0000] {logging_mixin.py:188} INFO - [2026-05-16T03:17:23.212+0000] {dag.py:3823} INFO - Setting next_dagrun for example_short_circuit_decorator to 2026-05-15 00:00:00+00:00, run_after=2026-05-16 00:00:00+00:00
[2026-05-16T03:17:23.250+0000] {processor.py:183} INFO - Processing /home/airflow/.local/lib/python3.8/site-packages/airflow/example_dags/example_short_circuit_decorator.py took 0.158 seconds
[2026-05-16T03:17:53.336+0000] {processor.py:161} INFO - Started process (PID=4411) to work on /home/airflow/.local/lib/python3.8/site-packages/airflow/example_dags/example_short_circuit_decorator.py
[2026-05-16T03:17:53.337+0000] {processor.py:830} INFO - Processing file /home/airflow/.local/lib/python3.8/site-packages/airflow/example_dags/example_short_circuit_decorator.py for tasks to queue
[2026-05-16T03:17:53.340+0000] {logging_mixin.py:188} INFO - [2026-05-16T03:17:53.339+0000] {dagbag.py:538} INFO - Filling up the DagBag from /home/airflow/.local/lib/python3.8/site-packages/airflow/example_dags/example_short_circuit_decorator.py
[2026-05-16T03:17:53.356+0000] {processor.py:840} INFO - DAG(s) 'example_short_circuit_decorator' retrieved from /home/airflow/.local/lib/python3.8/site-packages/airflow/example_dags/example_short_circuit_decorator.py
[2026-05-16T03:17:53.400+0000] {logging_mixin.py:188} INFO - [2026-05-16T03:17:53.399+0000] {dag.py:3036} INFO - Sync 1 DAGs
[2026-05-16T03:17:53.435+0000] {logging_mixin.py:188} INFO - [2026-05-16T03:17:53.434+0000] {dag.py:3823} INFO - Setting next_dagrun for example_short_circuit_decorator to 2026-05-15 00:00:00+00:00, run_after=2026-05-16 00:00:00+00:00
[2026-05-16T03:17:53.463+0000] {processor.py:183} INFO - Processing /home/airflow/.local/lib/python3.8/site-packages/airflow/example_dags/example_short_circuit_decorator.py took 0.132 seconds
[2026-05-16T03:18:23.613+0000] {processor.py:161} INFO - Started process (PID=4476) to work on /home/airflow/.local/lib/python3.8/site-packages/airflow/example_dags/example_short_circuit_decorator.py
[2026-05-16T03:18:23.615+0000] {processor.py:830} INFO - Processing file /home/airflow/.local/lib/python3.8/site-packages/airflow/example_dags/example_short_circuit_decorator.py for tasks to queue
[2026-05-16T03:18:23.618+0000] {logging_mixin.py:188} INFO - [2026-05-16T03:18:23.617+0000] {dagbag.py:538} INFO - Filling up the DagBag from /home/airflow/.local/lib/python3.8/site-packages/airflow/example_dags/example_short_circuit_decorator.py
[2026-05-16T03:18:23.632+0000] {processor.py:840} INFO - DAG(s) 'example_short_circuit_decorator' retrieved from /home/airflow/.local/lib/python3.8/site-packages/airflow/example_dags/example_short_circuit_decorator.py
[2026-05-16T03:18:23.679+0000] {logging_mixin.py:188} INFO - [2026-05-16T03:18:23.679+0000] {dag.py:3036} INFO - Sync 1 DAGs
[2026-05-16T03:18:23.720+0000] {logging_mixin.py:188} INFO - [2026-05-16T03:18:23.720+0000] {dag.py:3823} INFO - Setting next_dagrun for example_short_circuit_decorator to 2026-05-15 00:00:00+00:00, run_after=2026-05-16 00:00:00+00:00
[2026-05-16T03:18:23.749+0000] {processor.py:183} INFO - Processing /home/airflow/.local/lib/python3.8/site-packages/airflow/example_dags/example_short_circuit_decorator.py took 0.142 seconds
[2026-05-16T03:18:54.737+0000] {processor.py:161} INFO - Started process (PID=4541) to work on /home/airflow/.local/lib/python3.8/site-packages/airflow/example_dags/example_short_circuit_decorator.py
[2026-05-16T03:18:54.738+0000] {processor.py:830} INFO - Processing file /home/airflow/.local/lib/python3.8/site-packages/airflow/example_dags/example_short_circuit_decorator.py for tasks to queue
[2026-05-16T03:18:54.741+0000] {logging_mixin.py:188} INFO - [2026-05-16T03:18:54.741+0000] {dagbag.py:538} INFO - Filling up the DagBag from /home/airflow/.local/lib/python3.8/site-packages/airflow/example_dags/example_short_circuit_decorator.py
[2026-05-16T03:18:54.758+0000] {processor.py:840} INFO - DAG(s) 'example_short_circuit_decorator' retrieved from /home/airflow/.local/lib/python3.8/site-packages/airflow/example_dags/example_short_circuit_decorator.py
[2026-05-16T03:18:54.812+0000] {logging_mixin.py:188} INFO - [2026-05-16T03:18:54.812+0000] {dag.py:3036} INFO - Sync 1 DAGs
[2026-05-16T03:18:54.854+0000] {logging_mixin.py:188} INFO - [2026-05-16T03:18:54.853+0000] {dag.py:3823} INFO - Setting next_dagrun for example_short_circuit_decorator to 2026-05-15 00:00:00+00:00, run_after=2026-05-16 00:00:00+00:00
[2026-05-16T03:18:54.890+0000] {processor.py:183} INFO - Processing /home/airflow/.local/lib/python3.8/site-packages/airflow/example_dags/example_short_circuit_decorator.py took 0.157 seconds
[2026-05-16T03:19:25.140+0000] {processor.py:161} INFO - Started process (PID=4606) to work on /home/airflow/.local/lib/python3.8/site-packages/airflow/example_dags/example_short_circuit_decorator.py
[2026-05-16T03:19:25.142+0000] {processor.py:830} INFO - Processing file /home/airflow/.local/lib/python3.8/site-packages/airflow/example_dags/example_short_circuit_decorator.py for tasks to queue
[2026-05-16T03:19:25.145+0000] {logging_mixin.py:188} INFO - [2026-05-16T03:19:25.145+0000] {dagbag.py:538} INFO - Filling up the DagBag from /home/airflow/.local/lib/python3.8/site-packages/airflow/example_dags/example_short_circuit_decorator.py
[2026-05-16T03:19:25.161+0000] {processor.py:840} INFO - DAG(s) 'example_short_circuit_decorator' retrieved from /home/airflow/.local/lib/python3.8/site-packages/airflow/example_dags/example_short_circuit_decorator.py
[2026-05-16T03:19:25.208+0000] {logging_mixin.py:188} INFO - [2026-05-16T03:19:25.208+0000] {dag.py:3036} INFO - Sync 1 DAGs
[2026-05-16T03:19:25.250+0000] {logging_mixin.py:188} INFO - [2026-05-16T03:19:25.250+0000] {dag.py:3823} INFO - Setting next_dagrun for example_short_circuit_decorator to 2026-05-15 00:00:00+00:00, run_after=2026-05-16 00:00:00+00:00
[2026-05-16T03:19:25.283+0000] {processor.py:183} INFO - Processing /home/airflow/.local/lib/python3.8/site-packages/airflow/example_dags/example_short_circuit_decorator.py took 0.148 seconds
[2026-05-16T03:19:55.429+0000] {processor.py:161} INFO - Started process (PID=4671) to work on /home/airflow/.local/lib/python3.8/site-packages/airflow/example_dags/example_short_circuit_decorator.py
[2026-05-16T03:19:55.431+0000] {processor.py:830} INFO - Processing file /home/airflow/.local/lib/python3.8/site-packages/airflow/example_dags/example_short_circuit_decorator.py for tasks to queue
[2026-05-16T03:19:55.434+0000] {logging_mixin.py:188} INFO - [2026-05-16T03:19:55.433+0000] {dagbag.py:538} INFO - Filling up the DagBag from /home/airflow/.local/lib/python3.8/site-packages/airflow/example_dags/example_short_circuit_decorator.py
[2026-05-16T03:19:55.449+0000] {processor.py:840} INFO - DAG(s) 'example_short_circuit_decorator' retrieved from /home/airflow/.local/lib/python3.8/site-packages/airflow/example_dags/example_short_circuit_decorator.py
[2026-05-16T03:19:55.494+0000] {logging_mixin.py:188} INFO - [2026-05-16T03:19:55.494+0000] {dag.py:3036} INFO - Sync 1 DAGs
[2026-05-16T03:19:55.531+0000] {logging_mixin.py:188} INFO - [2026-05-16T03:19:55.531+0000] {dag.py:3823} INFO - Setting next_dagrun for example_short_circuit_decorator to 2026-05-15 00:00:00+00:00, run_after=2026-05-16 00:00:00+00:00
[2026-05-16T03:19:55.561+0000] {processor.py:183} INFO - Processing /home/airflow/.local/lib/python3.8/site-packages/airflow/example_dags/example_short_circuit_decorator.py took 0.136 seconds
[2026-05-16T03:20:25.800+0000] {processor.py:161} INFO - Started process (PID=4735) to work on /home/airflow/.local/lib/python3.8/site-packages/airflow/example_dags/example_short_circuit_decorator.py
[2026-05-16T03:20:25.802+0000] {processor.py:830} INFO - Processing file /home/airflow/.local/lib/python3.8/site-packages/airflow/example_dags/example_short_circuit_decorator.py for tasks to queue
[2026-05-16T03:20:25.805+0000] {logging_mixin.py:188} INFO - [2026-05-16T03:20:25.804+0000] {dagbag.py:538} INFO - Filling up the DagBag from /home/airflow/.local/lib/python3.8/site-packages/airflow/example_dags/example_short_circuit_decorator.py
[2026-05-16T03:20:25.820+0000] {processor.py:840} INFO - DAG(s) 'example_short_circuit_decorator' retrieved from /home/airflow/.local/lib/python3.8/site-packages/airflow/example_dags/example_short_circuit_decorator.py
[2026-05-16T03:20:25.867+0000] {logging_mixin.py:188} INFO - [2026-05-16T03:20:25.866+0000] {dag.py:3036} INFO - Sync 1 DAGs
[2026-05-16T03:20:25.908+0000] {logging_mixin.py:188} INFO - [2026-05-16T03:20:25.908+0000] {dag.py:3823} INFO - Setting next_dagrun for example_short_circuit_decorator to 2026-05-15 00:00:00+00:00, run_after=2026-05-16 00:00:00+00:00
[2026-05-16T03:20:25.944+0000] {processor.py:183} INFO - Processing /home/airflow/.local/lib/python3.8/site-packages/airflow/example_dags/example_short_circuit_decorator.py took 0.150 seconds
[2026-05-16T03:20:56.105+0000] {processor.py:161} INFO - Started process (PID=4800) to work on /home/airflow/.local/lib/python3.8/site-packages/airflow/example_dags/example_short_circuit_decorator.py
[2026-05-16T03:20:56.106+0000] {processor.py:830} INFO - Processing file /home/airflow/.local/lib/python3.8/site-packages/airflow/example_dags/example_short_circuit_decorator.py for tasks to queue
[2026-05-16T03:20:56.109+0000] {logging_mixin.py:188} INFO - [2026-05-16T03:20:56.109+0000] {dagbag.py:538} INFO - Filling up the DagBag from /home/airflow/.local/lib/python3.8/site-packages/airflow/example_dags/example_short_circuit_decorator.py
[2026-05-16T03:20:56.125+0000] {processor.py:840} INFO - DAG(s) 'example_short_circuit_decorator' retrieved from /home/airflow/.local/lib/python3.8/site-packages/airflow/example_dags/example_short_circuit_decorator.py
[2026-05-16T03:20:56.170+0000] {logging_mixin.py:188} INFO - [2026-05-16T03:20:56.169+0000] {dag.py:3036} INFO - Sync 1 DAGs
[2026-05-16T03:20:56.207+0000] {logging_mixin.py:188} INFO - [2026-05-16T03:20:56.206+0000] {dag.py:3823} INFO - Setting next_dagrun for example_short_circuit_decorator to 2026-05-15 00:00:00+00:00, run_after=2026-05-16 00:00:00+00:00
[2026-05-16T03:20:56.239+0000] {processor.py:183} INFO - Processing /home/airflow/.local/lib/python3.8/site-packages/airflow/example_dags/example_short_circuit_decorator.py took 0.140 seconds
[2026-05-16T03:21:26.357+0000] {processor.py:161} INFO - Started process (PID=4865) to work on /home/airflow/.local/lib/python3.8/site-packages/airflow/example_dags/example_short_circuit_decorator.py
[2026-05-16T03:21:26.359+0000] {processor.py:830} INFO - Processing file /home/airflow/.local/lib/python3.8/site-packages/airflow/example_dags/example_short_circuit_decorator.py for tasks to queue
[2026-05-16T03:21:26.362+0000] {logging_mixin.py:188} INFO - [2026-05-16T03:21:26.362+0000] {dagbag.py:538} INFO - Filling up the DagBag from /home/airflow/.local/lib/python3.8/site-packages/airflow/example_dags/example_short_circuit_decorator.py
[2026-05-16T03:21:26.381+0000] {processor.py:840} INFO - DAG(s) 'example_short_circuit_decorator' retrieved from /home/airflow/.local/lib/python3.8/site-packages/airflow/example_dags/example_short_circuit_decorator.py
[2026-05-16T03:21:26.448+0000] {logging_mixin.py:188} INFO - [2026-05-16T03:21:26.447+0000] {dag.py:3036} INFO - Sync 1 DAGs
[2026-05-16T03:21:26.497+0000] {logging_mixin.py:188} INFO - [2026-05-16T03:21:26.496+0000] {dag.py:3823} INFO - Setting next_dagrun for example_short_circuit_decorator to 2026-05-15 00:00:00+00:00, run_after=2026-05-16 00:00:00+00:00
[2026-05-16T03:21:26.526+0000] {processor.py:183} INFO - Processing /home/airflow/.local/lib/python3.8/site-packages/airflow/example_dags/example_short_circuit_decorator.py took 0.176 seconds
[2026-05-16T03:21:56.620+0000] {processor.py:161} INFO - Started process (PID=4937) to work on /home/airflow/.local/lib/python3.8/site-packages/airflow/example_dags/example_short_circuit_decorator.py
[2026-05-16T03:21:56.622+0000] {processor.py:830} INFO - Processing file /home/airflow/.local/lib/python3.8/site-packages/airflow/example_dags/example_short_circuit_decorator.py for tasks to queue
[2026-05-16T03:21:56.625+0000] {logging_mixin.py:188} INFO - [2026-05-16T03:21:56.624+0000] {dagbag.py:538} INFO - Filling up the DagBag from /home/airflow/.local/lib/python3.8/site-packages/airflow/example_dags/example_short_circuit_decorator.py
[2026-05-16T03:21:56.644+0000] {processor.py:840} INFO - DAG(s) 'example_short_circuit_decorator' retrieved from /home/airflow/.local/lib/python3.8/site-packages/airflow/example_dags/example_short_circuit_decorator.py
[2026-05-16T03:21:56.695+0000] {logging_mixin.py:188} INFO - [2026-05-16T03:21:56.695+0000] {dag.py:3036} INFO - Sync 1 DAGs
[2026-05-16T03:21:56.739+0000] {logging_mixin.py:188} INFO - [2026-05-16T03:21:56.739+0000] {dag.py:3823} INFO - Setting next_dagrun for example_short_circuit_decorator to 2026-05-15 00:00:00+00:00, run_after=2026-05-16 00:00:00+00:00
[2026-05-16T03:21:56.789+0000] {processor.py:183} INFO - Processing /home/airflow/.local/lib/python3.8/site-packages/airflow/example_dags/example_short_circuit_decorator.py took 0.175 seconds
[2026-05-16T03:22:27.154+0000] {processor.py:161} INFO - Started process (PID=5002) to work on /home/airflow/.local/lib/python3.8/site-packages/airflow/example_dags/example_short_circuit_decorator.py
[2026-05-16T03:22:27.156+0000] {processor.py:830} INFO - Processing file /home/airflow/.local/lib/python3.8/site-packages/airflow/example_dags/example_short_circuit_decorator.py for tasks to queue
[2026-05-16T03:22:27.159+0000] {logging_mixin.py:188} INFO - [2026-05-16T03:22:27.158+0000] {dagbag.py:538} INFO - Filling up the DagBag from /home/airflow/.local/lib/python3.8/site-packages/airflow/example_dags/example_short_circuit_decorator.py
[2026-05-16T03:22:27.176+0000] {processor.py:840} INFO - DAG(s) 'example_short_circuit_decorator' retrieved from /home/airflow/.local/lib/python3.8/site-packages/airflow/example_dags/example_short_circuit_decorator.py
[2026-05-16T03:22:27.221+0000] {logging_mixin.py:188} INFO - [2026-05-16T03:22:27.221+0000] {dag.py:3036} INFO - Sync 1 DAGs
[2026-05-16T03:22:27.264+0000] {logging_mixin.py:188} INFO - [2026-05-16T03:22:27.264+0000] {dag.py:3823} INFO - Setting next_dagrun for example_short_circuit_decorator to 2026-05-15 00:00:00+00:00, run_after=2026-05-16 00:00:00+00:00
[2026-05-16T03:22:27.297+0000] {processor.py:183} INFO - Processing /home/airflow/.local/lib/python3.8/site-packages/airflow/example_dags/example_short_circuit_decorator.py took 0.149 seconds
[2026-05-16T03:22:57.581+0000] {processor.py:161} INFO - Started process (PID=5067) to work on /home/airflow/.local/lib/python3.8/site-packages/airflow/example_dags/example_short_circuit_decorator.py
[2026-05-16T03:22:57.583+0000] {processor.py:830} INFO - Processing file /home/airflow/.local/lib/python3.8/site-packages/airflow/example_dags/example_short_circuit_decorator.py for tasks to queue
[2026-05-16T03:22:57.585+0000] {logging_mixin.py:188} INFO - [2026-05-16T03:22:57.585+0000] {dagbag.py:538} INFO - Filling up the DagBag from /home/airflow/.local/lib/python3.8/site-packages/airflow/example_dags/example_short_circuit_decorator.py
[2026-05-16T03:22:57.601+0000] {processor.py:840} INFO - DAG(s) 'example_short_circuit_decorator' retrieved from /home/airflow/.local/lib/python3.8/site-packages/airflow/example_dags/example_short_circuit_decorator.py
[2026-05-16T03:22:57.647+0000] {logging_mixin.py:188} INFO - [2026-05-16T03:22:57.647+0000] {dag.py:3036} INFO - Sync 1 DAGs
[2026-05-16T03:22:57.684+0000] {logging_mixin.py:188} INFO - [2026-05-16T03:22:57.683+0000] {dag.py:3823} INFO - Setting next_dagrun for example_short_circuit_decorator to 2026-05-15 00:00:00+00:00, run_after=2026-05-16 00:00:00+00:00
[2026-05-16T03:22:57.712+0000] {processor.py:183} INFO - Processing /home/airflow/.local/lib/python3.8/site-packages/airflow/example_dags/example_short_circuit_decorator.py took 0.135 seconds
[2026-05-16T03:23:28.303+0000] {processor.py:161} INFO - Started process (PID=5134) to work on /home/airflow/.local/lib/python3.8/site-packages/airflow/example_dags/example_short_circuit_decorator.py
[2026-05-16T03:23:28.305+0000] {processor.py:830} INFO - Processing file /home/airflow/.local/lib/python3.8/site-packages/airflow/example_dags/example_short_circuit_decorator.py for tasks to queue
[2026-05-16T03:23:28.308+0000] {logging_mixin.py:188} INFO - [2026-05-16T03:23:28.307+0000] {dagbag.py:538} INFO - Filling up the DagBag from /home/airflow/.local/lib/python3.8/site-packages/airflow/example_dags/example_short_circuit_decorator.py
[2026-05-16T03:23:28.323+0000] {processor.py:840} INFO - DAG(s) 'example_short_circuit_decorator' retrieved from /home/airflow/.local/lib/python3.8/site-packages/airflow/example_dags/example_short_circuit_decorator.py
[2026-05-16T03:23:28.368+0000] {logging_mixin.py:188} INFO - [2026-05-16T03:23:28.367+0000] {dag.py:3036} INFO - Sync 1 DAGs
[2026-05-16T03:23:28.414+0000] {logging_mixin.py:188} INFO - [2026-05-16T03:23:28.414+0000] {dag.py:3823} INFO - Setting next_dagrun for example_short_circuit_decorator to 2026-05-15 00:00:00+00:00, run_after=2026-05-16 00:00:00+00:00
[2026-05-16T03:23:28.459+0000] {processor.py:183} INFO - Processing /home/airflow/.local/lib/python3.8/site-packages/airflow/example_dags/example_short_circuit_decorator.py took 0.161 seconds
[2026-05-16T03:23:58.874+0000] {processor.py:161} INFO - Started process (PID=5200) to work on /home/airflow/.local/lib/python3.8/site-packages/airflow/example_dags/example_short_circuit_decorator.py
[2026-05-16T03:23:58.876+0000] {processor.py:830} INFO - Processing file /home/airflow/.local/lib/python3.8/site-packages/airflow/example_dags/example_short_circuit_decorator.py for tasks to queue
[2026-05-16T03:23:58.879+0000] {logging_mixin.py:188} INFO - [2026-05-16T03:23:58.878+0000] {dagbag.py:538} INFO - Filling up the DagBag from /home/airflow/.local/lib/python3.8/site-packages/airflow/example_dags/example_short_circuit_decorator.py
[2026-05-16T03:23:58.893+0000] {processor.py:840} INFO - DAG(s) 'example_short_circuit_decorator' retrieved from /home/airflow/.local/lib/python3.8/site-packages/airflow/example_dags/example_short_circuit_decorator.py
[2026-05-16T03:23:58.933+0000] {logging_mixin.py:188} INFO - [2026-05-16T03:23:58.933+0000] {dag.py:3036} INFO - Sync 1 DAGs
[2026-05-16T03:23:58.967+0000] {logging_mixin.py:188} INFO - [2026-05-16T03:23:58.966+0000] {dag.py:3823} INFO - Setting next_dagrun for example_short_circuit_decorator to 2026-05-15 00:00:00+00:00, run_after=2026-05-16 00:00:00+00:00
[2026-05-16T03:23:58.995+0000] {processor.py:183} INFO - Processing /home/airflow/.local/lib/python3.8/site-packages/airflow/example_dags/example_short_circuit_decorator.py took 0.126 seconds
[2026-05-16T03:24:29.484+0000] {processor.py:161} INFO - Started process (PID=5266) to work on /home/airflow/.local/lib/python3.8/site-packages/airflow/example_dags/example_short_circuit_decorator.py
[2026-05-16T03:24:29.485+0000] {processor.py:830} INFO - Processing file /home/airflow/.local/lib/python3.8/site-packages/airflow/example_dags/example_short_circuit_decorator.py for tasks to queue
[2026-05-16T03:24:29.488+0000] {logging_mixin.py:188} INFO - [2026-05-16T03:24:29.488+0000] {dagbag.py:538} INFO - Filling up the DagBag from /home/airflow/.local/lib/python3.8/site-packages/airflow/example_dags/example_short_circuit_decorator.py
[2026-05-16T03:24:29.505+0000] {processor.py:840} INFO - DAG(s) 'example_short_circuit_decorator' retrieved from /home/airflow/.local/lib/python3.8/site-packages/airflow/example_dags/example_short_circuit_decorator.py
[2026-05-16T03:24:29.550+0000] {logging_mixin.py:188} INFO - [2026-05-16T03:24:29.550+0000] {dag.py:3036} INFO - Sync 1 DAGs
[2026-05-16T03:24:29.588+0000] {logging_mixin.py:188} INFO - [2026-05-16T03:24:29.587+0000] {dag.py:3823} INFO - Setting next_dagrun for example_short_circuit_decorator to 2026-05-15 00:00:00+00:00, run_after=2026-05-16 00:00:00+00:00
[2026-05-16T03:24:29.621+0000] {processor.py:183} INFO - Processing /home/airflow/.local/lib/python3.8/site-packages/airflow/example_dags/example_short_circuit_decorator.py took 0.142 seconds
[2026-05-16T03:25:00.101+0000] {processor.py:161} INFO - Started process (PID=5332) to work on /home/airflow/.local/lib/python3.8/site-packages/airflow/example_dags/example_short_circuit_decorator.py
[2026-05-16T03:25:00.103+0000] {processor.py:830} INFO - Processing file /home/airflow/.local/lib/python3.8/site-packages/airflow/example_dags/example_short_circuit_decorator.py for tasks to queue
[2026-05-16T03:25:00.106+0000] {logging_mixin.py:188} INFO - [2026-05-16T03:25:00.106+0000] {dagbag.py:538} INFO - Filling up the DagBag from /home/airflow/.local/lib/python3.8/site-packages/airflow/example_dags/example_short_circuit_decorator.py
[2026-05-16T03:25:00.122+0000] {processor.py:840} INFO - DAG(s) 'example_short_circuit_decorator' retrieved from /home/airflow/.local/lib/python3.8/site-packages/airflow/example_dags/example_short_circuit_decorator.py
[2026-05-16T03:25:00.169+0000] {logging_mixin.py:188} INFO - [2026-05-16T03:25:00.168+0000] {dag.py:3036} INFO - Sync 1 DAGs
[2026-05-16T03:25:00.212+0000] {logging_mixin.py:188} INFO - [2026-05-16T03:25:00.212+0000] {dag.py:3823} INFO - Setting next_dagrun for example_short_circuit_decorator to 2026-05-15 00:00:00+00:00, run_after=2026-05-16 00:00:00+00:00
[2026-05-16T03:25:00.247+0000] {processor.py:183} INFO - Processing /home/airflow/.local/lib/python3.8/site-packages/airflow/example_dags/example_short_circuit_decorator.py took 0.152 seconds
[2026-05-16T03:25:30.453+0000] {processor.py:161} INFO - Started process (PID=5397) to work on /home/airflow/.local/lib/python3.8/site-packages/airflow/example_dags/example_short_circuit_decorator.py
[2026-05-16T03:25:30.455+0000] {processor.py:830} INFO - Processing file /home/airflow/.local/lib/python3.8/site-packages/airflow/example_dags/example_short_circuit_decorator.py for tasks to queue
[2026-05-16T03:25:30.458+0000] {logging_mixin.py:188} INFO - [2026-05-16T03:25:30.457+0000] {dagbag.py:538} INFO - Filling up the DagBag from /home/airflow/.local/lib/python3.8/site-packages/airflow/example_dags/example_short_circuit_decorator.py
[2026-05-16T03:25:30.476+0000] {processor.py:840} INFO - DAG(s) 'example_short_circuit_decorator' retrieved from /home/airflow/.local/lib/python3.8/site-packages/airflow/example_dags/example_short_circuit_decorator.py
[2026-05-16T03:25:30.527+0000] {logging_mixin.py:188} INFO - [2026-05-16T03:25:30.527+0000] {dag.py:3036} INFO - Sync 1 DAGs
[2026-05-16T03:25:30.568+0000] {logging_mixin.py:188} INFO - [2026-05-16T03:25:30.568+0000] {dag.py:3823} INFO - Setting next_dagrun for example_short_circuit_decorator to 2026-05-15 00:00:00+00:00, run_after=2026-05-16 00:00:00+00:00
[2026-05-16T03:25:30.601+0000] {processor.py:183} INFO - Processing /home/airflow/.local/lib/python3.8/site-packages/airflow/example_dags/example_short_circuit_decorator.py took 0.154 seconds
[2026-05-16T03:26:00.874+0000] {processor.py:161} INFO - Started process (PID=5460) to work on /home/airflow/.local/lib/python3.8/site-packages/airflow/example_dags/example_short_circuit_decorator.py
[2026-05-16T03:26:00.875+0000] {processor.py:830} INFO - Processing file /home/airflow/.local/lib/python3.8/site-packages/airflow/example_dags/example_short_circuit_decorator.py for tasks to queue
[2026-05-16T03:26:00.878+0000] {logging_mixin.py:188} INFO - [2026-05-16T03:26:00.877+0000] {dagbag.py:538} INFO - Filling up the DagBag from /home/airflow/.local/lib/python3.8/site-packages/airflow/example_dags/example_short_circuit_decorator.py
[2026-05-16T03:26:00.895+0000] {processor.py:840} INFO - DAG(s) 'example_short_circuit_decorator' retrieved from /home/airflow/.local/lib/python3.8/site-packages/airflow/example_dags/example_short_circuit_decorator.py
[2026-05-16T03:26:00.943+0000] {logging_mixin.py:188} INFO - [2026-05-16T03:26:00.943+0000] {dag.py:3036} INFO - Sync 1 DAGs
[2026-05-16T03:26:00.983+0000] {logging_mixin.py:188} INFO - [2026-05-16T03:26:00.983+0000] {dag.py:3823} INFO - Setting next_dagrun for example_short_circuit_decorator to 2026-05-15 00:00:00+00:00, run_after=2026-05-16 00:00:00+00:00
[2026-05-16T03:26:01.015+0000] {processor.py:183} INFO - Processing /home/airflow/.local/lib/python3.8/site-packages/airflow/example_dags/example_short_circuit_decorator.py took 0.147 seconds
[2026-05-16T03:26:31.645+0000] {processor.py:161} INFO - Started process (PID=5525) to work on /home/airflow/.local/lib/python3.8/site-packages/airflow/example_dags/example_short_circuit_decorator.py
[2026-05-16T03:26:31.646+0000] {processor.py:830} INFO - Processing file /home/airflow/.local/lib/python3.8/site-packages/airflow/example_dags/example_short_circuit_decorator.py for tasks to queue
[2026-05-16T03:26:31.649+0000] {logging_mixin.py:188} INFO - [2026-05-16T03:26:31.648+0000] {dagbag.py:538} INFO - Filling up the DagBag from /home/airflow/.local/lib/python3.8/site-packages/airflow/example_dags/example_short_circuit_decorator.py
[2026-05-16T03:26:31.666+0000] {processor.py:840} INFO - DAG(s) 'example_short_circuit_decorator' retrieved from /home/airflow/.local/lib/python3.8/site-packages/airflow/example_dags/example_short_circuit_decorator.py
[2026-05-16T03:26:31.714+0000] {logging_mixin.py:188} INFO - [2026-05-16T03:26:31.713+0000] {dag.py:3036} INFO - Sync 1 DAGs
[2026-05-16T03:26:31.754+0000] {logging_mixin.py:188} INFO - [2026-05-16T03:26:31.753+0000] {dag.py:3823} INFO - Setting next_dagrun for example_short_circuit_decorator to 2026-05-15 00:00:00+00:00, run_after=2026-05-16 00:00:00+00:00
[2026-05-16T03:26:31.785+0000] {processor.py:183} INFO - Processing /home/airflow/.local/lib/python3.8/site-packages/airflow/example_dags/example_short_circuit_decorator.py took 0.146 seconds
[2026-05-16T03:27:02.214+0000] {processor.py:161} INFO - Started process (PID=5590) to work on /home/airflow/.local/lib/python3.8/site-packages/airflow/example_dags/example_short_circuit_decorator.py
[2026-05-16T03:27:02.216+0000] {processor.py:830} INFO - Processing file /home/airflow/.local/lib/python3.8/site-packages/airflow/example_dags/example_short_circuit_decorator.py for tasks to queue
[2026-05-16T03:27:02.219+0000] {logging_mixin.py:188} INFO - [2026-05-16T03:27:02.218+0000] {dagbag.py:538} INFO - Filling up the DagBag from /home/airflow/.local/lib/python3.8/site-packages/airflow/example_dags/example_short_circuit_decorator.py
[2026-05-16T03:27:02.234+0000] {processor.py:840} INFO - DAG(s) 'example_short_circuit_decorator' retrieved from /home/airflow/.local/lib/python3.8/site-packages/airflow/example_dags/example_short_circuit_decorator.py
[2026-05-16T03:27:02.276+0000] {logging_mixin.py:188} INFO - [2026-05-16T03:27:02.276+0000] {dag.py:3036} INFO - Sync 1 DAGs
[2026-05-16T03:27:02.315+0000] {logging_mixin.py:188} INFO - [2026-05-16T03:27:02.315+0000] {dag.py:3823} INFO - Setting next_dagrun for example_short_circuit_decorator to 2026-05-15 00:00:00+00:00, run_after=2026-05-16 00:00:00+00:00
[2026-05-16T03:27:02.348+0000] {processor.py:183} INFO - Processing /home/airflow/.local/lib/python3.8/site-packages/airflow/example_dags/example_short_circuit_decorator.py took 0.140 seconds
[2026-05-16T03:27:32.859+0000] {processor.py:161} INFO - Started process (PID=5661) to work on /home/airflow/.local/lib/python3.8/site-packages/airflow/example_dags/example_short_circuit_decorator.py
[2026-05-16T03:27:32.862+0000] {processor.py:830} INFO - Processing file /home/airflow/.local/lib/python3.8/site-packages/airflow/example_dags/example_short_circuit_decorator.py for tasks to queue
[2026-05-16T03:27:32.865+0000] {logging_mixin.py:188} INFO - [2026-05-16T03:27:32.864+0000] {dagbag.py:538} INFO - Filling up the DagBag from /home/airflow/.local/lib/python3.8/site-packages/airflow/example_dags/example_short_circuit_decorator.py
[2026-05-16T03:27:32.884+0000] {processor.py:840} INFO - DAG(s) 'example_short_circuit_decorator' retrieved from /home/airflow/.local/lib/python3.8/site-packages/airflow/example_dags/example_short_circuit_decorator.py
[2026-05-16T03:27:32.940+0000] {logging_mixin.py:188} INFO - [2026-05-16T03:27:32.940+0000] {dag.py:3036} INFO - Sync 1 DAGs
[2026-05-16T03:27:32.986+0000] {logging_mixin.py:188} INFO - [2026-05-16T03:27:32.985+0000] {dag.py:3823} INFO - Setting next_dagrun for example_short_circuit_decorator to 2026-05-15 00:00:00+00:00, run_after=2026-05-16 00:00:00+00:00
[2026-05-16T03:27:33.023+0000] {processor.py:183} INFO - Processing /home/airflow/.local/lib/python3.8/site-packages/airflow/example_dags/example_short_circuit_decorator.py took 0.170 seconds
[2026-05-16T03:28:03.518+0000] {processor.py:161} INFO - Started process (PID=5726) to work on /home/airflow/.local/lib/python3.8/site-packages/airflow/example_dags/example_short_circuit_decorator.py
[2026-05-16T03:28:03.520+0000] {processor.py:830} INFO - Processing file /home/airflow/.local/lib/python3.8/site-packages/airflow/example_dags/example_short_circuit_decorator.py for tasks to queue
[2026-05-16T03:28:03.525+0000] {logging_mixin.py:188} INFO - [2026-05-16T03:28:03.524+0000] {dagbag.py:538} INFO - Filling up the DagBag from /home/airflow/.local/lib/python3.8/site-packages/airflow/example_dags/example_short_circuit_decorator.py
[2026-05-16T03:28:03.545+0000] {processor.py:840} INFO - DAG(s) 'example_short_circuit_decorator' retrieved from /home/airflow/.local/lib/python3.8/site-packages/airflow/example_dags/example_short_circuit_decorator.py
[2026-05-16T03:28:03.597+0000] {logging_mixin.py:188} INFO - [2026-05-16T03:28:03.596+0000] {dag.py:3036} INFO - Sync 1 DAGs
[2026-05-16T03:28:03.647+0000] {logging_mixin.py:188} INFO - [2026-05-16T03:28:03.646+0000] {dag.py:3823} INFO - Setting next_dagrun for example_short_circuit_decorator to 2026-05-15 00:00:00+00:00, run_after=2026-05-16 00:00:00+00:00
[2026-05-16T03:28:03.682+0000] {processor.py:183} INFO - Processing /home/airflow/.local/lib/python3.8/site-packages/airflow/example_dags/example_short_circuit_decorator.py took 0.181 seconds
[2026-05-16T03:28:34.149+0000] {processor.py:161} INFO - Started process (PID=5789) to work on /home/airflow/.local/lib/python3.8/site-packages/airflow/example_dags/example_short_circuit_decorator.py
[2026-05-16T03:28:34.150+0000] {processor.py:830} INFO - Processing file /home/airflow/.local/lib/python3.8/site-packages/airflow/example_dags/example_short_circuit_decorator.py for tasks to queue
[2026-05-16T03:28:34.153+0000] {logging_mixin.py:188} INFO - [2026-05-16T03:28:34.153+0000] {dagbag.py:538} INFO - Filling up the DagBag from /home/airflow/.local/lib/python3.8/site-packages/airflow/example_dags/example_short_circuit_decorator.py
[2026-05-16T03:28:34.171+0000] {processor.py:840} INFO - DAG(s) 'example_short_circuit_decorator' retrieved from /home/airflow/.local/lib/python3.8/site-packages/airflow/example_dags/example_short_circuit_decorator.py
[2026-05-16T03:28:34.219+0000] {logging_mixin.py:188} INFO - [2026-05-16T03:28:34.219+0000] {dag.py:3036} INFO - Sync 1 DAGs
[2026-05-16T03:28:34.280+0000] {logging_mixin.py:188} INFO - [2026-05-16T03:28:34.279+0000] {dag.py:3823} INFO - Setting next_dagrun for example_short_circuit_decorator to 2026-05-15 00:00:00+00:00, run_after=2026-05-16 00:00:00+00:00
[2026-05-16T03:28:34.364+0000] {processor.py:183} INFO - Processing /home/airflow/.local/lib/python3.8/site-packages/airflow/example_dags/example_short_circuit_decorator.py took 0.221 seconds
[2026-05-16T03:29:04.535+0000] {processor.py:161} INFO - Started process (PID=5852) to work on /home/airflow/.local/lib/python3.8/site-packages/airflow/example_dags/example_short_circuit_decorator.py
[2026-05-16T03:29:04.538+0000] {processor.py:830} INFO - Processing file /home/airflow/.local/lib/python3.8/site-packages/airflow/example_dags/example_short_circuit_decorator.py for tasks to queue
[2026-05-16T03:29:04.541+0000] {logging_mixin.py:188} INFO - [2026-05-16T03:29:04.541+0000] {dagbag.py:538} INFO - Filling up the DagBag from /home/airflow/.local/lib/python3.8/site-packages/airflow/example_dags/example_short_circuit_decorator.py
[2026-05-16T03:29:04.560+0000] {processor.py:840} INFO - DAG(s) 'example_short_circuit_decorator' retrieved from /home/airflow/.local/lib/python3.8/site-packages/airflow/example_dags/example_short_circuit_decorator.py
[2026-05-16T03:29:04.609+0000] {logging_mixin.py:188} INFO - [2026-05-16T03:29:04.609+0000] {dag.py:3036} INFO - Sync 1 DAGs
[2026-05-16T03:29:04.654+0000] {logging_mixin.py:188} INFO - [2026-05-16T03:29:04.653+0000] {dag.py:3823} INFO - Setting next_dagrun for example_short_circuit_decorator to 2026-05-15 00:00:00+00:00, run_after=2026-05-16 00:00:00+00:00
[2026-05-16T03:29:04.690+0000] {processor.py:183} INFO - Processing /home/airflow/.local/lib/python3.8/site-packages/airflow/example_dags/example_short_circuit_decorator.py took 0.165 seconds
[2026-05-16T03:29:35.020+0000] {processor.py:161} INFO - Started process (PID=5917) to work on /home/airflow/.local/lib/python3.8/site-packages/airflow/example_dags/example_short_circuit_decorator.py
[2026-05-16T03:29:35.023+0000] {processor.py:830} INFO - Processing file /home/airflow/.local/lib/python3.8/site-packages/airflow/example_dags/example_short_circuit_decorator.py for tasks to queue
[2026-05-16T03:29:35.028+0000] {logging_mixin.py:188} INFO - [2026-05-16T03:29:35.027+0000] {dagbag.py:538} INFO - Filling up the DagBag from /home/airflow/.local/lib/python3.8/site-packages/airflow/example_dags/example_short_circuit_decorator.py
[2026-05-16T03:29:35.063+0000] {processor.py:840} INFO - DAG(s) 'example_short_circuit_decorator' retrieved from /home/airflow/.local/lib/python3.8/site-packages/airflow/example_dags/example_short_circuit_decorator.py
[2026-05-16T03:29:35.160+0000] {logging_mixin.py:188} INFO - [2026-05-16T03:29:35.159+0000] {dag.py:3036} INFO - Sync 1 DAGs
[2026-05-16T03:29:35.230+0000] {logging_mixin.py:188} INFO - [2026-05-16T03:29:35.229+0000] {dag.py:3823} INFO - Setting next_dagrun for example_short_circuit_decorator to 2026-05-15 00:00:00+00:00, run_after=2026-05-16 00:00:00+00:00
[2026-05-16T03:29:35.277+0000] {processor.py:183} INFO - Processing /home/airflow/.local/lib/python3.8/site-packages/airflow/example_dags/example_short_circuit_decorator.py took 0.264 seconds
[2026-05-16T03:30:05.373+0000] {processor.py:161} INFO - Started process (PID=5981) to work on /home/airflow/.local/lib/python3.8/site-packages/airflow/example_dags/example_short_circuit_decorator.py
[2026-05-16T03:30:05.375+0000] {processor.py:830} INFO - Processing file /home/airflow/.local/lib/python3.8/site-packages/airflow/example_dags/example_short_circuit_decorator.py for tasks to queue
[2026-05-16T03:30:05.378+0000] {logging_mixin.py:188} INFO - [2026-05-16T03:30:05.378+0000] {dagbag.py:538} INFO - Filling up the DagBag from /home/airflow/.local/lib/python3.8/site-packages/airflow/example_dags/example_short_circuit_decorator.py
[2026-05-16T03:30:05.394+0000] {processor.py:840} INFO - DAG(s) 'example_short_circuit_decorator' retrieved from /home/airflow/.local/lib/python3.8/site-packages/airflow/example_dags/example_short_circuit_decorator.py
[2026-05-16T03:30:05.449+0000] {logging_mixin.py:188} INFO - [2026-05-16T03:30:05.448+0000] {dag.py:3036} INFO - Sync 1 DAGs
[2026-05-16T03:30:05.510+0000] {logging_mixin.py:188} INFO - [2026-05-16T03:30:05.510+0000] {dag.py:3823} INFO - Setting next_dagrun for example_short_circuit_decorator to 2026-05-15 00:00:00+00:00, run_after=2026-05-16 00:00:00+00:00
[2026-05-16T03:30:05.549+0000] {processor.py:183} INFO - Processing /home/airflow/.local/lib/python3.8/site-packages/airflow/example_dags/example_short_circuit_decorator.py took 0.182 seconds
[2026-05-16T03:30:35.656+0000] {processor.py:161} INFO - Started process (PID=6046) to work on /home/airflow/.local/lib/python3.8/site-packages/airflow/example_dags/example_short_circuit_decorator.py
[2026-05-16T03:30:35.658+0000] {processor.py:830} INFO - Processing file /home/airflow/.local/lib/python3.8/site-packages/airflow/example_dags/example_short_circuit_decorator.py for tasks to queue
[2026-05-16T03:30:35.661+0000] {logging_mixin.py:188} INFO - [2026-05-16T03:30:35.660+0000] {dagbag.py:538} INFO - Filling up the DagBag from /home/airflow/.local/lib/python3.8/site-packages/airflow/example_dags/example_short_circuit_decorator.py
[2026-05-16T03:30:35.675+0000] {processor.py:840} INFO - DAG(s) 'example_short_circuit_decorator' retrieved from /home/airflow/.local/lib/python3.8/site-packages/airflow/example_dags/example_short_circuit_decorator.py
[2026-05-16T03:30:35.714+0000] {logging_mixin.py:188} INFO - [2026-05-16T03:30:35.714+0000] {dag.py:3036} INFO - Sync 1 DAGs
[2026-05-16T03:30:35.750+0000] {logging_mixin.py:188} INFO - [2026-05-16T03:30:35.749+0000] {dag.py:3823} INFO - Setting next_dagrun for example_short_circuit_decorator to 2026-05-15 00:00:00+00:00, run_after=2026-05-16 00:00:00+00:00
[2026-05-16T03:30:35.779+0000] {processor.py:183} INFO - Processing /home/airflow/.local/lib/python3.8/site-packages/airflow/example_dags/example_short_circuit_decorator.py took 0.129 seconds
[2026-05-16T03:31:05.947+0000] {processor.py:161} INFO - Started process (PID=6111) to work on /home/airflow/.local/lib/python3.8/site-packages/airflow/example_dags/example_short_circuit_decorator.py
[2026-05-16T03:31:05.949+0000] {processor.py:830} INFO - Processing file /home/airflow/.local/lib/python3.8/site-packages/airflow/example_dags/example_short_circuit_decorator.py for tasks to queue
[2026-05-16T03:31:05.951+0000] {logging_mixin.py:188} INFO - [2026-05-16T03:31:05.951+0000] {dagbag.py:538} INFO - Filling up the DagBag from /home/airflow/.local/lib/python3.8/site-packages/airflow/example_dags/example_short_circuit_decorator.py
[2026-05-16T03:31:05.966+0000] {processor.py:840} INFO - DAG(s) 'example_short_circuit_decorator' retrieved from /home/airflow/.local/lib/python3.8/site-packages/airflow/example_dags/example_short_circuit_decorator.py
[2026-05-16T03:31:06.012+0000] {logging_mixin.py:188} INFO - [2026-05-16T03:31:06.012+0000] {dag.py:3036} INFO - Sync 1 DAGs
[2026-05-16T03:31:06.050+0000] {logging_mixin.py:188} INFO - [2026-05-16T03:31:06.049+0000] {dag.py:3823} INFO - Setting next_dagrun for example_short_circuit_decorator to 2026-05-15 00:00:00+00:00, run_after=2026-05-16 00:00:00+00:00
[2026-05-16T03:31:06.078+0000] {processor.py:183} INFO - Processing /home/airflow/.local/lib/python3.8/site-packages/airflow/example_dags/example_short_circuit_decorator.py took 0.138 seconds
[2026-05-16T03:31:36.129+0000] {processor.py:161} INFO - Started process (PID=6175) to work on /home/airflow/.local/lib/python3.8/site-packages/airflow/example_dags/example_short_circuit_decorator.py
[2026-05-16T03:31:36.131+0000] {processor.py:830} INFO - Processing file /home/airflow/.local/lib/python3.8/site-packages/airflow/example_dags/example_short_circuit_decorator.py for tasks to queue
[2026-05-16T03:31:36.134+0000] {logging_mixin.py:188} INFO - [2026-05-16T03:31:36.134+0000] {dagbag.py:538} INFO - Filling up the DagBag from /home/airflow/.local/lib/python3.8/site-packages/airflow/example_dags/example_short_circuit_decorator.py
[2026-05-16T03:31:36.152+0000] {processor.py:840} INFO - DAG(s) 'example_short_circuit_decorator' retrieved from /home/airflow/.local/lib/python3.8/site-packages/airflow/example_dags/example_short_circuit_decorator.py
[2026-05-16T03:31:36.200+0000] {logging_mixin.py:188} INFO - [2026-05-16T03:31:36.200+0000] {dag.py:3036} INFO - Sync 1 DAGs
[2026-05-16T03:31:36.238+0000] {logging_mixin.py:188} INFO - [2026-05-16T03:31:36.238+0000] {dag.py:3823} INFO - Setting next_dagrun for example_short_circuit_decorator to 2026-05-15 00:00:00+00:00, run_after=2026-05-16 00:00:00+00:00
[2026-05-16T03:31:36.269+0000] {processor.py:183} INFO - Processing /home/airflow/.local/lib/python3.8/site-packages/airflow/example_dags/example_short_circuit_decorator.py took 0.148 seconds
[2026-05-16T03:32:06.308+0000] {processor.py:161} INFO - Started process (PID=6241) to work on /home/airflow/.local/lib/python3.8/site-packages/airflow/example_dags/example_short_circuit_decorator.py
[2026-05-16T03:32:06.310+0000] {processor.py:830} INFO - Processing file /home/airflow/.local/lib/python3.8/site-packages/airflow/example_dags/example_short_circuit_decorator.py for tasks to queue
[2026-05-16T03:32:06.313+0000] {logging_mixin.py:188} INFO - [2026-05-16T03:32:06.312+0000] {dagbag.py:538} INFO - Filling up the DagBag from /home/airflow/.local/lib/python3.8/site-packages/airflow/example_dags/example_short_circuit_decorator.py
[2026-05-16T03:32:06.327+0000] {processor.py:840} INFO - DAG(s) 'example_short_circuit_decorator' retrieved from /home/airflow/.local/lib/python3.8/site-packages/airflow/example_dags/example_short_circuit_decorator.py
[2026-05-16T03:32:06.372+0000] {logging_mixin.py:188} INFO - [2026-05-16T03:32:06.372+0000] {dag.py:3036} INFO - Sync 1 DAGs
[2026-05-16T03:32:06.414+0000] {logging_mixin.py:188} INFO - [2026-05-16T03:32:06.414+0000] {dag.py:3823} INFO - Setting next_dagrun for example_short_circuit_decorator to 2026-05-15 00:00:00+00:00, run_after=2026-05-16 00:00:00+00:00
[2026-05-16T03:32:06.444+0000] {processor.py:183} INFO - Processing /home/airflow/.local/lib/python3.8/site-packages/airflow/example_dags/example_short_circuit_decorator.py took 0.142 seconds
[2026-05-16T03:32:36.834+0000] {processor.py:161} INFO - Started process (PID=6306) to work on /home/airflow/.local/lib/python3.8/site-packages/airflow/example_dags/example_short_circuit_decorator.py
[2026-05-16T03:32:36.836+0000] {processor.py:830} INFO - Processing file /home/airflow/.local/lib/python3.8/site-packages/airflow/example_dags/example_short_circuit_decorator.py for tasks to queue
[2026-05-16T03:32:36.838+0000] {logging_mixin.py:188} INFO - [2026-05-16T03:32:36.838+0000] {dagbag.py:538} INFO - Filling up the DagBag from /home/airflow/.local/lib/python3.8/site-packages/airflow/example_dags/example_short_circuit_decorator.py
[2026-05-16T03:32:36.852+0000] {processor.py:840} INFO - DAG(s) 'example_short_circuit_decorator' retrieved from /home/airflow/.local/lib/python3.8/site-packages/airflow/example_dags/example_short_circuit_decorator.py
[2026-05-16T03:32:36.893+0000] {logging_mixin.py:188} INFO - [2026-05-16T03:32:36.893+0000] {dag.py:3036} INFO - Sync 1 DAGs
[2026-05-16T03:32:36.929+0000] {logging_mixin.py:188} INFO - [2026-05-16T03:32:36.929+0000] {dag.py:3823} INFO - Setting next_dagrun for example_short_circuit_decorator to 2026-05-15 00:00:00+00:00, run_after=2026-05-16 00:00:00+00:00
[2026-05-16T03:32:36.961+0000] {processor.py:183} INFO - Processing /home/airflow/.local/lib/python3.8/site-packages/airflow/example_dags/example_short_circuit_decorator.py took 0.132 seconds
[2026-05-16T03:33:07.316+0000] {processor.py:161} INFO - Started process (PID=6371) to work on /home/airflow/.local/lib/python3.8/site-packages/airflow/example_dags/example_short_circuit_decorator.py
[2026-05-16T03:33:07.318+0000] {processor.py:830} INFO - Processing file /home/airflow/.local/lib/python3.8/site-packages/airflow/example_dags/example_short_circuit_decorator.py for tasks to queue
[2026-05-16T03:33:07.321+0000] {logging_mixin.py:188} INFO - [2026-05-16T03:33:07.320+0000] {dagbag.py:538} INFO - Filling up the DagBag from /home/airflow/.local/lib/python3.8/site-packages/airflow/example_dags/example_short_circuit_decorator.py
[2026-05-16T03:33:07.335+0000] {processor.py:840} INFO - DAG(s) 'example_short_circuit_decorator' retrieved from /home/airflow/.local/lib/python3.8/site-packages/airflow/example_dags/example_short_circuit_decorator.py
[2026-05-16T03:33:07.378+0000] {logging_mixin.py:188} INFO - [2026-05-16T03:33:07.377+0000] {dag.py:3036} INFO - Sync 1 DAGs
[2026-05-16T03:33:07.417+0000] {logging_mixin.py:188} INFO - [2026-05-16T03:33:07.416+0000] {dag.py:3823} INFO - Setting next_dagrun for example_short_circuit_decorator to 2026-05-15 00:00:00+00:00, run_after=2026-05-16 00:00:00+00:00
[2026-05-16T03:33:07.449+0000] {processor.py:183} INFO - Processing /home/airflow/.local/lib/python3.8/site-packages/airflow/example_dags/example_short_circuit_decorator.py took 0.137 seconds
[2026-05-16T03:33:37.898+0000] {processor.py:161} INFO - Started process (PID=6436) to work on /home/airflow/.local/lib/python3.8/site-packages/airflow/example_dags/example_short_circuit_decorator.py
[2026-05-16T03:33:37.900+0000] {processor.py:830} INFO - Processing file /home/airflow/.local/lib/python3.8/site-packages/airflow/example_dags/example_short_circuit_decorator.py for tasks to queue
[2026-05-16T03:33:37.905+0000] {logging_mixin.py:188} INFO - [2026-05-16T03:33:37.904+0000] {dagbag.py:538} INFO - Filling up the DagBag from /home/airflow/.local/lib/python3.8/site-packages/airflow/example_dags/example_short_circuit_decorator.py
[2026-05-16T03:33:37.924+0000] {processor.py:840} INFO - DAG(s) 'example_short_circuit_decorator' retrieved from /home/airflow/.local/lib/python3.8/site-packages/airflow/example_dags/example_short_circuit_decorator.py
[2026-05-16T03:33:37.977+0000] {logging_mixin.py:188} INFO - [2026-05-16T03:33:37.977+0000] {dag.py:3036} INFO - Sync 1 DAGs
[2026-05-16T03:33:38.027+0000] {logging_mixin.py:188} INFO - [2026-05-16T03:33:38.026+0000] {dag.py:3823} INFO - Setting next_dagrun for example_short_circuit_decorator to 2026-05-15 00:00:00+00:00, run_after=2026-05-16 00:00:00+00:00
[2026-05-16T03:33:38.064+0000] {processor.py:183} INFO - Processing /home/airflow/.local/lib/python3.8/site-packages/airflow/example_dags/example_short_circuit_decorator.py took 0.172 seconds
[2026-05-16T03:34:08.166+0000] {processor.py:161} INFO - Started process (PID=6501) to work on /home/airflow/.local/lib/python3.8/site-packages/airflow/example_dags/example_short_circuit_decorator.py
[2026-05-16T03:34:08.168+0000] {processor.py:830} INFO - Processing file /home/airflow/.local/lib/python3.8/site-packages/airflow/example_dags/example_short_circuit_decorator.py for tasks to queue
[2026-05-16T03:34:08.170+0000] {logging_mixin.py:188} INFO - [2026-05-16T03:34:08.170+0000] {dagbag.py:538} INFO - Filling up the DagBag from /home/airflow/.local/lib/python3.8/site-packages/airflow/example_dags/example_short_circuit_decorator.py
[2026-05-16T03:34:08.187+0000] {processor.py:840} INFO - DAG(s) 'example_short_circuit_decorator' retrieved from /home/airflow/.local/lib/python3.8/site-packages/airflow/example_dags/example_short_circuit_decorator.py
[2026-05-16T03:34:08.229+0000] {logging_mixin.py:188} INFO - [2026-05-16T03:34:08.228+0000] {dag.py:3036} INFO - Sync 1 DAGs
[2026-05-16T03:34:08.265+0000] {logging_mixin.py:188} INFO - [2026-05-16T03:34:08.264+0000] {dag.py:3823} INFO - Setting next_dagrun for example_short_circuit_decorator to 2026-05-15 00:00:00+00:00, run_after=2026-05-16 00:00:00+00:00
[2026-05-16T03:34:08.294+0000] {processor.py:183} INFO - Processing /home/airflow/.local/lib/python3.8/site-packages/airflow/example_dags/example_short_circuit_decorator.py took 0.134 seconds
[2026-05-16T03:34:38.473+0000] {processor.py:161} INFO - Started process (PID=6567) to work on /home/airflow/.local/lib/python3.8/site-packages/airflow/example_dags/example_short_circuit_decorator.py
[2026-05-16T03:34:38.474+0000] {processor.py:830} INFO - Processing file /home/airflow/.local/lib/python3.8/site-packages/airflow/example_dags/example_short_circuit_decorator.py for tasks to queue
[2026-05-16T03:34:38.477+0000] {logging_mixin.py:188} INFO - [2026-05-16T03:34:38.477+0000] {dagbag.py:538} INFO - Filling up the DagBag from /home/airflow/.local/lib/python3.8/site-packages/airflow/example_dags/example_short_circuit_decorator.py
[2026-05-16T03:34:38.497+0000] {processor.py:840} INFO - DAG(s) 'example_short_circuit_decorator' retrieved from /home/airflow/.local/lib/python3.8/site-packages/airflow/example_dags/example_short_circuit_decorator.py
[2026-05-16T03:34:38.540+0000] {logging_mixin.py:188} INFO - [2026-05-16T03:34:38.539+0000] {dag.py:3036} INFO - Sync 1 DAGs
[2026-05-16T03:34:38.576+0000] {logging_mixin.py:188} INFO - [2026-05-16T03:34:38.575+0000] {dag.py:3823} INFO - Setting next_dagrun for example_short_circuit_decorator to 2026-05-15 00:00:00+00:00, run_after=2026-05-16 00:00:00+00:00
[2026-05-16T03:34:38.605+0000] {processor.py:183} INFO - Processing /home/airflow/.local/lib/python3.8/site-packages/airflow/example_dags/example_short_circuit_decorator.py took 0.139 seconds
[2026-05-16T03:35:09.145+0000] {processor.py:161} INFO - Started process (PID=6633) to work on /home/airflow/.local/lib/python3.8/site-packages/airflow/example_dags/example_short_circuit_decorator.py
[2026-05-16T03:35:09.147+0000] {processor.py:830} INFO - Processing file /home/airflow/.local/lib/python3.8/site-packages/airflow/example_dags/example_short_circuit_decorator.py for tasks to queue
[2026-05-16T03:35:09.149+0000] {logging_mixin.py:188} INFO - [2026-05-16T03:35:09.149+0000] {dagbag.py:538} INFO - Filling up the DagBag from /home/airflow/.local/lib/python3.8/site-packages/airflow/example_dags/example_short_circuit_decorator.py
[2026-05-16T03:35:09.164+0000] {processor.py:840} INFO - DAG(s) 'example_short_circuit_decorator' retrieved from /home/airflow/.local/lib/python3.8/site-packages/airflow/example_dags/example_short_circuit_decorator.py
[2026-05-16T03:35:09.214+0000] {logging_mixin.py:188} INFO - [2026-05-16T03:35:09.213+0000] {dag.py:3036} INFO - Sync 1 DAGs
[2026-05-16T03:35:09.250+0000] {logging_mixin.py:188} INFO - [2026-05-16T03:35:09.249+0000] {dag.py:3823} INFO - Setting next_dagrun for example_short_circuit_decorator to 2026-05-15 00:00:00+00:00, run_after=2026-05-16 00:00:00+00:00
[2026-05-16T03:35:09.284+0000] {processor.py:183} INFO - Processing /home/airflow/.local/lib/python3.8/site-packages/airflow/example_dags/example_short_circuit_decorator.py took 0.143 seconds
[2026-05-16T03:35:39.423+0000] {processor.py:161} INFO - Started process (PID=6697) to work on /home/airflow/.local/lib/python3.8/site-packages/airflow/example_dags/example_short_circuit_decorator.py
[2026-05-16T03:35:39.424+0000] {processor.py:830} INFO - Processing file /home/airflow/.local/lib/python3.8/site-packages/airflow/example_dags/example_short_circuit_decorator.py for tasks to queue
[2026-05-16T03:35:39.427+0000] {logging_mixin.py:188} INFO - [2026-05-16T03:35:39.427+0000] {dagbag.py:538} INFO - Filling up the DagBag from /home/airflow/.local/lib/python3.8/site-packages/airflow/example_dags/example_short_circuit_decorator.py
[2026-05-16T03:35:39.441+0000] {processor.py:840} INFO - DAG(s) 'example_short_circuit_decorator' retrieved from /home/airflow/.local/lib/python3.8/site-packages/airflow/example_dags/example_short_circuit_decorator.py
[2026-05-16T03:35:39.482+0000] {logging_mixin.py:188} INFO - [2026-05-16T03:35:39.481+0000] {dag.py:3036} INFO - Sync 1 DAGs
[2026-05-16T03:35:39.518+0000] {logging_mixin.py:188} INFO - [2026-05-16T03:35:39.517+0000] {dag.py:3823} INFO - Setting next_dagrun for example_short_circuit_decorator to 2026-05-15 00:00:00+00:00, run_after=2026-05-16 00:00:00+00:00
[2026-05-16T03:35:39.548+0000] {processor.py:183} INFO - Processing /home/airflow/.local/lib/python3.8/site-packages/airflow/example_dags/example_short_circuit_decorator.py took 0.130 seconds
[2026-05-16T03:36:09.668+0000] {processor.py:161} INFO - Started process (PID=6762) to work on /home/airflow/.local/lib/python3.8/site-packages/airflow/example_dags/example_short_circuit_decorator.py
[2026-05-16T03:36:09.670+0000] {processor.py:830} INFO - Processing file /home/airflow/.local/lib/python3.8/site-packages/airflow/example_dags/example_short_circuit_decorator.py for tasks to queue
[2026-05-16T03:36:09.673+0000] {logging_mixin.py:188} INFO - [2026-05-16T03:36:09.672+0000] {dagbag.py:538} INFO - Filling up the DagBag from /home/airflow/.local/lib/python3.8/site-packages/airflow/example_dags/example_short_circuit_decorator.py
[2026-05-16T03:36:09.688+0000] {processor.py:840} INFO - DAG(s) 'example_short_circuit_decorator' retrieved from /home/airflow/.local/lib/python3.8/site-packages/airflow/example_dags/example_short_circuit_decorator.py
[2026-05-16T03:36:09.736+0000] {logging_mixin.py:188} INFO - [2026-05-16T03:36:09.735+0000] {dag.py:3036} INFO - Sync 1 DAGs
[2026-05-16T03:36:09.778+0000] {logging_mixin.py:188} INFO - [2026-05-16T03:36:09.777+0000] {dag.py:3823} INFO - Setting next_dagrun for example_short_circuit_decorator to 2026-05-15 00:00:00+00:00, run_after=2026-05-16 00:00:00+00:00
[2026-05-16T03:36:09.816+0000] {processor.py:183} INFO - Processing /home/airflow/.local/lib/python3.8/site-packages/airflow/example_dags/example_short_circuit_decorator.py took 0.154 seconds
[2026-05-16T03:36:40.193+0000] {processor.py:161} INFO - Started process (PID=6834) to work on /home/airflow/.local/lib/python3.8/site-packages/airflow/example_dags/example_short_circuit_decorator.py
[2026-05-16T03:36:40.195+0000] {processor.py:830} INFO - Processing file /home/airflow/.local/lib/python3.8/site-packages/airflow/example_dags/example_short_circuit_decorator.py for tasks to queue
[2026-05-16T03:36:40.198+0000] {logging_mixin.py:188} INFO - [2026-05-16T03:36:40.198+0000] {dagbag.py:538} INFO - Filling up the DagBag from /home/airflow/.local/lib/python3.8/site-packages/airflow/example_dags/example_short_circuit_decorator.py
[2026-05-16T03:36:40.213+0000] {processor.py:840} INFO - DAG(s) 'example_short_circuit_decorator' retrieved from /home/airflow/.local/lib/python3.8/site-packages/airflow/example_dags/example_short_circuit_decorator.py
[2026-05-16T03:36:40.261+0000] {logging_mixin.py:188} INFO - [2026-05-16T03:36:40.261+0000] {dag.py:3036} INFO - Sync 1 DAGs
[2026-05-16T03:36:40.307+0000] {logging_mixin.py:188} INFO - [2026-05-16T03:36:40.307+0000] {dag.py:3823} INFO - Setting next_dagrun for example_short_circuit_decorator to 2026-05-15 00:00:00+00:00, run_after=2026-05-16 00:00:00+00:00
[2026-05-16T03:36:40.341+0000] {processor.py:183} INFO - Processing /home/airflow/.local/lib/python3.8/site-packages/airflow/example_dags/example_short_circuit_decorator.py took 0.154 seconds
[2026-05-16T03:37:10.508+0000] {processor.py:161} INFO - Started process (PID=6899) to work on /home/airflow/.local/lib/python3.8/site-packages/airflow/example_dags/example_short_circuit_decorator.py
[2026-05-16T03:37:10.509+0000] {processor.py:830} INFO - Processing file /home/airflow/.local/lib/python3.8/site-packages/airflow/example_dags/example_short_circuit_decorator.py for tasks to queue
[2026-05-16T03:37:10.512+0000] {logging_mixin.py:188} INFO - [2026-05-16T03:37:10.511+0000] {dagbag.py:538} INFO - Filling up the DagBag from /home/airflow/.local/lib/python3.8/site-packages/airflow/example_dags/example_short_circuit_decorator.py
[2026-05-16T03:37:10.528+0000] {processor.py:840} INFO - DAG(s) 'example_short_circuit_decorator' retrieved from /home/airflow/.local/lib/python3.8/site-packages/airflow/example_dags/example_short_circuit_decorator.py
[2026-05-16T03:37:10.572+0000] {logging_mixin.py:188} INFO - [2026-05-16T03:37:10.572+0000] {dag.py:3036} INFO - Sync 1 DAGs
[2026-05-16T03:37:10.612+0000] {logging_mixin.py:188} INFO - [2026-05-16T03:37:10.612+0000] {dag.py:3823} INFO - Setting next_dagrun for example_short_circuit_decorator to 2026-05-15 00:00:00+00:00, run_after=2026-05-16 00:00:00+00:00
[2026-05-16T03:37:10.647+0000] {processor.py:183} INFO - Processing /home/airflow/.local/lib/python3.8/site-packages/airflow/example_dags/example_short_circuit_decorator.py took 0.145 seconds
[2026-05-16T03:37:40.887+0000] {processor.py:161} INFO - Started process (PID=6964) to work on /home/airflow/.local/lib/python3.8/site-packages/airflow/example_dags/example_short_circuit_decorator.py
[2026-05-16T03:37:40.889+0000] {processor.py:830} INFO - Processing file /home/airflow/.local/lib/python3.8/site-packages/airflow/example_dags/example_short_circuit_decorator.py for tasks to queue
[2026-05-16T03:37:40.892+0000] {logging_mixin.py:188} INFO - [2026-05-16T03:37:40.892+0000] {dagbag.py:538} INFO - Filling up the DagBag from /home/airflow/.local/lib/python3.8/site-packages/airflow/example_dags/example_short_circuit_decorator.py
[2026-05-16T03:37:40.911+0000] {processor.py:840} INFO - DAG(s) 'example_short_circuit_decorator' retrieved from /home/airflow/.local/lib/python3.8/site-packages/airflow/example_dags/example_short_circuit_decorator.py
[2026-05-16T03:37:40.959+0000] {logging_mixin.py:188} INFO - [2026-05-16T03:37:40.958+0000] {dag.py:3036} INFO - Sync 1 DAGs
[2026-05-16T03:37:40.998+0000] {logging_mixin.py:188} INFO - [2026-05-16T03:37:40.998+0000] {dag.py:3823} INFO - Setting next_dagrun for example_short_circuit_decorator to 2026-05-15 00:00:00+00:00, run_after=2026-05-16 00:00:00+00:00
[2026-05-16T03:37:41.035+0000] {processor.py:183} INFO - Processing /home/airflow/.local/lib/python3.8/site-packages/airflow/example_dags/example_short_circuit_decorator.py took 0.154 seconds
[2026-05-16T03:38:11.226+0000] {processor.py:161} INFO - Started process (PID=7028) to work on /home/airflow/.local/lib/python3.8/site-packages/airflow/example_dags/example_short_circuit_decorator.py
[2026-05-16T03:38:11.228+0000] {processor.py:830} INFO - Processing file /home/airflow/.local/lib/python3.8/site-packages/airflow/example_dags/example_short_circuit_decorator.py for tasks to queue
[2026-05-16T03:38:11.230+0000] {logging_mixin.py:188} INFO - [2026-05-16T03:38:11.230+0000] {dagbag.py:538} INFO - Filling up the DagBag from /home/airflow/.local/lib/python3.8/site-packages/airflow/example_dags/example_short_circuit_decorator.py
[2026-05-16T03:38:11.246+0000] {processor.py:840} INFO - DAG(s) 'example_short_circuit_decorator' retrieved from /home/airflow/.local/lib/python3.8/site-packages/airflow/example_dags/example_short_circuit_decorator.py
[2026-05-16T03:38:11.289+0000] {logging_mixin.py:188} INFO - [2026-05-16T03:38:11.289+0000] {dag.py:3036} INFO - Sync 1 DAGs
[2026-05-16T03:38:11.329+0000] {logging_mixin.py:188} INFO - [2026-05-16T03:38:11.329+0000] {dag.py:3823} INFO - Setting next_dagrun for example_short_circuit_decorator to 2026-05-15 00:00:00+00:00, run_after=2026-05-16 00:00:00+00:00
[2026-05-16T03:38:11.360+0000] {processor.py:183} INFO - Processing /home/airflow/.local/lib/python3.8/site-packages/airflow/example_dags/example_short_circuit_decorator.py took 0.140 seconds
[2026-05-16T03:38:41.929+0000] {processor.py:161} INFO - Started process (PID=7093) to work on /home/airflow/.local/lib/python3.8/site-packages/airflow/example_dags/example_short_circuit_decorator.py
[2026-05-16T03:38:41.931+0000] {processor.py:830} INFO - Processing file /home/airflow/.local/lib/python3.8/site-packages/airflow/example_dags/example_short_circuit_decorator.py for tasks to queue
[2026-05-16T03:38:41.935+0000] {logging_mixin.py:188} INFO - [2026-05-16T03:38:41.934+0000] {dagbag.py:538} INFO - Filling up the DagBag from /home/airflow/.local/lib/python3.8/site-packages/airflow/example_dags/example_short_circuit_decorator.py
[2026-05-16T03:38:41.954+0000] {processor.py:840} INFO - DAG(s) 'example_short_circuit_decorator' retrieved from /home/airflow/.local/lib/python3.8/site-packages/airflow/example_dags/example_short_circuit_decorator.py
[2026-05-16T03:38:42.007+0000] {logging_mixin.py:188} INFO - [2026-05-16T03:38:42.006+0000] {dag.py:3036} INFO - Sync 1 DAGs
[2026-05-16T03:38:42.048+0000] {logging_mixin.py:188} INFO - [2026-05-16T03:38:42.048+0000] {dag.py:3823} INFO - Setting next_dagrun for example_short_circuit_decorator to 2026-05-15 00:00:00+00:00, run_after=2026-05-16 00:00:00+00:00
[2026-05-16T03:38:42.081+0000] {processor.py:183} INFO - Processing /home/airflow/.local/lib/python3.8/site-packages/airflow/example_dags/example_short_circuit_decorator.py took 0.159 seconds
[2026-05-16T03:39:12.832+0000] {processor.py:161} INFO - Started process (PID=7157) to work on /home/airflow/.local/lib/python3.8/site-packages/airflow/example_dags/example_short_circuit_decorator.py
[2026-05-16T03:39:12.833+0000] {processor.py:830} INFO - Processing file /home/airflow/.local/lib/python3.8/site-packages/airflow/example_dags/example_short_circuit_decorator.py for tasks to queue
[2026-05-16T03:39:12.836+0000] {logging_mixin.py:188} INFO - [2026-05-16T03:39:12.835+0000] {dagbag.py:538} INFO - Filling up the DagBag from /home/airflow/.local/lib/python3.8/site-packages/airflow/example_dags/example_short_circuit_decorator.py
[2026-05-16T03:39:12.851+0000] {processor.py:840} INFO - DAG(s) 'example_short_circuit_decorator' retrieved from /home/airflow/.local/lib/python3.8/site-packages/airflow/example_dags/example_short_circuit_decorator.py
[2026-05-16T03:39:12.893+0000] {logging_mixin.py:188} INFO - [2026-05-16T03:39:12.893+0000] {dag.py:3036} INFO - Sync 1 DAGs
[2026-05-16T03:39:12.928+0000] {logging_mixin.py:188} INFO - [2026-05-16T03:39:12.928+0000] {dag.py:3823} INFO - Setting next_dagrun for example_short_circuit_decorator to 2026-05-15 00:00:00+00:00, run_after=2026-05-16 00:00:00+00:00
[2026-05-16T03:39:12.955+0000] {processor.py:183} INFO - Processing /home/airflow/.local/lib/python3.8/site-packages/airflow/example_dags/example_short_circuit_decorator.py took 0.129 seconds
