[2026-05-16T02:44:19.114+0000] {processor.py:161} INFO - Started process (PID=83) to work on /home/airflow/.local/lib/python3.8/site-packages/airflow/example_dags/example_kubernetes_executor.py
[2026-05-16T02:44:19.116+0000] {processor.py:830} INFO - Processing file /home/airflow/.local/lib/python3.8/site-packages/airflow/example_dags/example_kubernetes_executor.py for tasks to queue
[2026-05-16T02:44:19.119+0000] {logging_mixin.py:188} INFO - [2026-05-16T02:44:19.118+0000] {dagbag.py:538} INFO - Filling up the DagBag from /home/airflow/.local/lib/python3.8/site-packages/airflow/example_dags/example_kubernetes_executor.py
[2026-05-16T02:44:19.152+0000] {processor.py:840} INFO - DAG(s) 'example_kubernetes_executor' retrieved from /home/airflow/.local/lib/python3.8/site-packages/airflow/example_dags/example_kubernetes_executor.py
[2026-05-16T02:44:19.388+0000] {logging_mixin.py:188} INFO - [2026-05-16T02:44:19.387+0000] {dag.py:3036} INFO - Sync 1 DAGs
[2026-05-16T02:44:19.409+0000] {logging_mixin.py:188} INFO - [2026-05-16T02:44:19.409+0000] {dag.py:3823} INFO - Setting next_dagrun for example_kubernetes_executor to None, run_after=None
[2026-05-16T02:44:19.442+0000] {processor.py:183} INFO - Processing /home/airflow/.local/lib/python3.8/site-packages/airflow/example_dags/example_kubernetes_executor.py took 0.334 seconds
[2026-05-16T02:44:49.682+0000] {processor.py:161} INFO - Started process (PID=149) to work on /home/airflow/.local/lib/python3.8/site-packages/airflow/example_dags/example_kubernetes_executor.py
[2026-05-16T02:44:49.684+0000] {processor.py:830} INFO - Processing file /home/airflow/.local/lib/python3.8/site-packages/airflow/example_dags/example_kubernetes_executor.py for tasks to queue
[2026-05-16T02:44:49.686+0000] {logging_mixin.py:188} INFO - [2026-05-16T02:44:49.686+0000] {dagbag.py:538} INFO - Filling up the DagBag from /home/airflow/.local/lib/python3.8/site-packages/airflow/example_dags/example_kubernetes_executor.py
[2026-05-16T02:44:49.712+0000] {processor.py:840} INFO - DAG(s) 'example_kubernetes_executor' retrieved from /home/airflow/.local/lib/python3.8/site-packages/airflow/example_dags/example_kubernetes_executor.py
[2026-05-16T02:44:49.790+0000] {logging_mixin.py:188} INFO - [2026-05-16T02:44:49.789+0000] {dag.py:3036} INFO - Sync 1 DAGs
[2026-05-16T02:44:49.811+0000] {logging_mixin.py:188} INFO - [2026-05-16T02:44:49.810+0000] {dag.py:3823} INFO - Setting next_dagrun for example_kubernetes_executor to None, run_after=None
[2026-05-16T02:44:49.844+0000] {processor.py:183} INFO - Processing /home/airflow/.local/lib/python3.8/site-packages/airflow/example_dags/example_kubernetes_executor.py took 0.168 seconds
[2026-05-16T02:45:20.335+0000] {processor.py:161} INFO - Started process (PID=214) to work on /home/airflow/.local/lib/python3.8/site-packages/airflow/example_dags/example_kubernetes_executor.py
[2026-05-16T02:45:20.337+0000] {processor.py:830} INFO - Processing file /home/airflow/.local/lib/python3.8/site-packages/airflow/example_dags/example_kubernetes_executor.py for tasks to queue
[2026-05-16T02:45:20.340+0000] {logging_mixin.py:188} INFO - [2026-05-16T02:45:20.340+0000] {dagbag.py:538} INFO - Filling up the DagBag from /home/airflow/.local/lib/python3.8/site-packages/airflow/example_dags/example_kubernetes_executor.py
[2026-05-16T02:45:20.370+0000] {processor.py:840} INFO - DAG(s) 'example_kubernetes_executor' retrieved from /home/airflow/.local/lib/python3.8/site-packages/airflow/example_dags/example_kubernetes_executor.py
[2026-05-16T02:45:20.437+0000] {logging_mixin.py:188} INFO - [2026-05-16T02:45:20.436+0000] {dag.py:3036} INFO - Sync 1 DAGs
[2026-05-16T02:45:20.457+0000] {logging_mixin.py:188} INFO - [2026-05-16T02:45:20.457+0000] {dag.py:3823} INFO - Setting next_dagrun for example_kubernetes_executor to None, run_after=None
[2026-05-16T02:45:20.488+0000] {processor.py:183} INFO - Processing /home/airflow/.local/lib/python3.8/site-packages/airflow/example_dags/example_kubernetes_executor.py took 0.158 seconds
[2026-05-16T02:45:50.675+0000] {processor.py:161} INFO - Started process (PID=278) to work on /home/airflow/.local/lib/python3.8/site-packages/airflow/example_dags/example_kubernetes_executor.py
[2026-05-16T02:45:50.676+0000] {processor.py:830} INFO - Processing file /home/airflow/.local/lib/python3.8/site-packages/airflow/example_dags/example_kubernetes_executor.py for tasks to queue
[2026-05-16T02:45:50.679+0000] {logging_mixin.py:188} INFO - [2026-05-16T02:45:50.678+0000] {dagbag.py:538} INFO - Filling up the DagBag from /home/airflow/.local/lib/python3.8/site-packages/airflow/example_dags/example_kubernetes_executor.py
[2026-05-16T02:45:50.706+0000] {processor.py:840} INFO - DAG(s) 'example_kubernetes_executor' retrieved from /home/airflow/.local/lib/python3.8/site-packages/airflow/example_dags/example_kubernetes_executor.py
[2026-05-16T02:45:50.785+0000] {logging_mixin.py:188} INFO - [2026-05-16T02:45:50.785+0000] {dag.py:3036} INFO - Sync 1 DAGs
[2026-05-16T02:45:50.806+0000] {logging_mixin.py:188} INFO - [2026-05-16T02:45:50.805+0000] {dag.py:3823} INFO - Setting next_dagrun for example_kubernetes_executor to None, run_after=None
[2026-05-16T02:45:50.840+0000] {processor.py:183} INFO - Processing /home/airflow/.local/lib/python3.8/site-packages/airflow/example_dags/example_kubernetes_executor.py took 0.171 seconds
[2026-05-16T02:46:21.025+0000] {processor.py:161} INFO - Started process (PID=343) to work on /home/airflow/.local/lib/python3.8/site-packages/airflow/example_dags/example_kubernetes_executor.py
[2026-05-16T02:46:21.027+0000] {processor.py:830} INFO - Processing file /home/airflow/.local/lib/python3.8/site-packages/airflow/example_dags/example_kubernetes_executor.py for tasks to queue
[2026-05-16T02:46:21.030+0000] {logging_mixin.py:188} INFO - [2026-05-16T02:46:21.030+0000] {dagbag.py:538} INFO - Filling up the DagBag from /home/airflow/.local/lib/python3.8/site-packages/airflow/example_dags/example_kubernetes_executor.py
[2026-05-16T02:46:21.057+0000] {processor.py:840} INFO - DAG(s) 'example_kubernetes_executor' retrieved from /home/airflow/.local/lib/python3.8/site-packages/airflow/example_dags/example_kubernetes_executor.py
[2026-05-16T02:46:21.134+0000] {logging_mixin.py:188} INFO - [2026-05-16T02:46:21.134+0000] {dag.py:3036} INFO - Sync 1 DAGs
[2026-05-16T02:46:21.160+0000] {logging_mixin.py:188} INFO - [2026-05-16T02:46:21.160+0000] {dag.py:3823} INFO - Setting next_dagrun for example_kubernetes_executor to None, run_after=None
[2026-05-16T02:46:21.197+0000] {processor.py:183} INFO - Processing /home/airflow/.local/lib/python3.8/site-packages/airflow/example_dags/example_kubernetes_executor.py took 0.177 seconds
[2026-05-16T02:46:52.244+0000] {processor.py:161} INFO - Started process (PID=407) to work on /home/airflow/.local/lib/python3.8/site-packages/airflow/example_dags/example_kubernetes_executor.py
[2026-05-16T02:46:52.245+0000] {processor.py:830} INFO - Processing file /home/airflow/.local/lib/python3.8/site-packages/airflow/example_dags/example_kubernetes_executor.py for tasks to queue
[2026-05-16T02:46:52.247+0000] {logging_mixin.py:188} INFO - [2026-05-16T02:46:52.247+0000] {dagbag.py:538} INFO - Filling up the DagBag from /home/airflow/.local/lib/python3.8/site-packages/airflow/example_dags/example_kubernetes_executor.py
[2026-05-16T02:46:52.272+0000] {processor.py:840} INFO - DAG(s) 'example_kubernetes_executor' retrieved from /home/airflow/.local/lib/python3.8/site-packages/airflow/example_dags/example_kubernetes_executor.py
[2026-05-16T02:46:52.338+0000] {logging_mixin.py:188} INFO - [2026-05-16T02:46:52.337+0000] {dag.py:3036} INFO - Sync 1 DAGs
[2026-05-16T02:46:52.358+0000] {logging_mixin.py:188} INFO - [2026-05-16T02:46:52.358+0000] {dag.py:3823} INFO - Setting next_dagrun for example_kubernetes_executor to None, run_after=None
[2026-05-16T02:46:52.389+0000] {processor.py:183} INFO - Processing /home/airflow/.local/lib/python3.8/site-packages/airflow/example_dags/example_kubernetes_executor.py took 0.150 seconds
[2026-05-16T02:47:22.634+0000] {processor.py:161} INFO - Started process (PID=471) to work on /home/airflow/.local/lib/python3.8/site-packages/airflow/example_dags/example_kubernetes_executor.py
[2026-05-16T02:47:22.637+0000] {processor.py:830} INFO - Processing file /home/airflow/.local/lib/python3.8/site-packages/airflow/example_dags/example_kubernetes_executor.py for tasks to queue
[2026-05-16T02:47:22.640+0000] {logging_mixin.py:188} INFO - [2026-05-16T02:47:22.639+0000] {dagbag.py:538} INFO - Filling up the DagBag from /home/airflow/.local/lib/python3.8/site-packages/airflow/example_dags/example_kubernetes_executor.py
[2026-05-16T02:47:22.666+0000] {processor.py:840} INFO - DAG(s) 'example_kubernetes_executor' retrieved from /home/airflow/.local/lib/python3.8/site-packages/airflow/example_dags/example_kubernetes_executor.py
[2026-05-16T02:47:22.736+0000] {logging_mixin.py:188} INFO - [2026-05-16T02:47:22.735+0000] {dag.py:3036} INFO - Sync 1 DAGs
[2026-05-16T02:47:22.757+0000] {logging_mixin.py:188} INFO - [2026-05-16T02:47:22.757+0000] {dag.py:3823} INFO - Setting next_dagrun for example_kubernetes_executor to None, run_after=None
[2026-05-16T02:47:22.790+0000] {processor.py:183} INFO - Processing /home/airflow/.local/lib/python3.8/site-packages/airflow/example_dags/example_kubernetes_executor.py took 0.162 seconds
[2026-05-16T02:47:53.428+0000] {processor.py:161} INFO - Started process (PID=536) to work on /home/airflow/.local/lib/python3.8/site-packages/airflow/example_dags/example_kubernetes_executor.py
[2026-05-16T02:47:53.429+0000] {processor.py:830} INFO - Processing file /home/airflow/.local/lib/python3.8/site-packages/airflow/example_dags/example_kubernetes_executor.py for tasks to queue
[2026-05-16T02:47:53.432+0000] {logging_mixin.py:188} INFO - [2026-05-16T02:47:53.432+0000] {dagbag.py:538} INFO - Filling up the DagBag from /home/airflow/.local/lib/python3.8/site-packages/airflow/example_dags/example_kubernetes_executor.py
[2026-05-16T02:47:53.461+0000] {processor.py:840} INFO - DAG(s) 'example_kubernetes_executor' retrieved from /home/airflow/.local/lib/python3.8/site-packages/airflow/example_dags/example_kubernetes_executor.py
[2026-05-16T02:47:53.547+0000] {logging_mixin.py:188} INFO - [2026-05-16T02:47:53.547+0000] {dag.py:3036} INFO - Sync 1 DAGs
[2026-05-16T02:47:53.572+0000] {logging_mixin.py:188} INFO - [2026-05-16T02:47:53.572+0000] {dag.py:3823} INFO - Setting next_dagrun for example_kubernetes_executor to None, run_after=None
[2026-05-16T02:47:53.606+0000] {processor.py:183} INFO - Processing /home/airflow/.local/lib/python3.8/site-packages/airflow/example_dags/example_kubernetes_executor.py took 0.185 seconds
[2026-05-16T02:48:23.808+0000] {processor.py:161} INFO - Started process (PID=602) to work on /home/airflow/.local/lib/python3.8/site-packages/airflow/example_dags/example_kubernetes_executor.py
[2026-05-16T02:48:23.811+0000] {processor.py:830} INFO - Processing file /home/airflow/.local/lib/python3.8/site-packages/airflow/example_dags/example_kubernetes_executor.py for tasks to queue
[2026-05-16T02:48:23.814+0000] {logging_mixin.py:188} INFO - [2026-05-16T02:48:23.813+0000] {dagbag.py:538} INFO - Filling up the DagBag from /home/airflow/.local/lib/python3.8/site-packages/airflow/example_dags/example_kubernetes_executor.py
[2026-05-16T02:48:23.858+0000] {processor.py:840} INFO - DAG(s) 'example_kubernetes_executor' retrieved from /home/airflow/.local/lib/python3.8/site-packages/airflow/example_dags/example_kubernetes_executor.py
[2026-05-16T02:48:23.964+0000] {logging_mixin.py:188} INFO - [2026-05-16T02:48:23.964+0000] {dag.py:3036} INFO - Sync 1 DAGs
[2026-05-16T02:48:23.987+0000] {logging_mixin.py:188} INFO - [2026-05-16T02:48:23.987+0000] {dag.py:3823} INFO - Setting next_dagrun for example_kubernetes_executor to None, run_after=None
[2026-05-16T02:48:24.029+0000] {processor.py:183} INFO - Processing /home/airflow/.local/lib/python3.8/site-packages/airflow/example_dags/example_kubernetes_executor.py took 0.234 seconds
[2026-05-16T02:48:54.212+0000] {processor.py:161} INFO - Started process (PID=673) to work on /home/airflow/.local/lib/python3.8/site-packages/airflow/example_dags/example_kubernetes_executor.py
[2026-05-16T02:48:54.213+0000] {processor.py:830} INFO - Processing file /home/airflow/.local/lib/python3.8/site-packages/airflow/example_dags/example_kubernetes_executor.py for tasks to queue
[2026-05-16T02:48:54.216+0000] {logging_mixin.py:188} INFO - [2026-05-16T02:48:54.216+0000] {dagbag.py:538} INFO - Filling up the DagBag from /home/airflow/.local/lib/python3.8/site-packages/airflow/example_dags/example_kubernetes_executor.py
[2026-05-16T02:48:54.246+0000] {processor.py:840} INFO - DAG(s) 'example_kubernetes_executor' retrieved from /home/airflow/.local/lib/python3.8/site-packages/airflow/example_dags/example_kubernetes_executor.py
[2026-05-16T02:48:54.331+0000] {logging_mixin.py:188} INFO - [2026-05-16T02:48:54.331+0000] {dag.py:3036} INFO - Sync 1 DAGs
[2026-05-16T02:48:54.356+0000] {logging_mixin.py:188} INFO - [2026-05-16T02:48:54.355+0000] {dag.py:3823} INFO - Setting next_dagrun for example_kubernetes_executor to None, run_after=None
[2026-05-16T02:48:54.389+0000] {processor.py:183} INFO - Processing /home/airflow/.local/lib/python3.8/site-packages/airflow/example_dags/example_kubernetes_executor.py took 0.183 seconds
[2026-05-16T02:49:24.536+0000] {processor.py:161} INFO - Started process (PID=738) to work on /home/airflow/.local/lib/python3.8/site-packages/airflow/example_dags/example_kubernetes_executor.py
[2026-05-16T02:49:24.538+0000] {processor.py:830} INFO - Processing file /home/airflow/.local/lib/python3.8/site-packages/airflow/example_dags/example_kubernetes_executor.py for tasks to queue
[2026-05-16T02:49:24.541+0000] {logging_mixin.py:188} INFO - [2026-05-16T02:49:24.540+0000] {dagbag.py:538} INFO - Filling up the DagBag from /home/airflow/.local/lib/python3.8/site-packages/airflow/example_dags/example_kubernetes_executor.py
[2026-05-16T02:49:24.569+0000] {processor.py:840} INFO - DAG(s) 'example_kubernetes_executor' retrieved from /home/airflow/.local/lib/python3.8/site-packages/airflow/example_dags/example_kubernetes_executor.py
[2026-05-16T02:49:24.646+0000] {logging_mixin.py:188} INFO - [2026-05-16T02:49:24.646+0000] {dag.py:3036} INFO - Sync 1 DAGs
[2026-05-16T02:49:24.670+0000] {logging_mixin.py:188} INFO - [2026-05-16T02:49:24.670+0000] {dag.py:3823} INFO - Setting next_dagrun for example_kubernetes_executor to None, run_after=None
[2026-05-16T02:49:24.703+0000] {processor.py:183} INFO - Processing /home/airflow/.local/lib/python3.8/site-packages/airflow/example_dags/example_kubernetes_executor.py took 0.173 seconds
[2026-05-16T02:49:54.778+0000] {processor.py:161} INFO - Started process (PID=803) to work on /home/airflow/.local/lib/python3.8/site-packages/airflow/example_dags/example_kubernetes_executor.py
[2026-05-16T02:49:54.779+0000] {processor.py:830} INFO - Processing file /home/airflow/.local/lib/python3.8/site-packages/airflow/example_dags/example_kubernetes_executor.py for tasks to queue
[2026-05-16T02:49:54.782+0000] {logging_mixin.py:188} INFO - [2026-05-16T02:49:54.782+0000] {dagbag.py:538} INFO - Filling up the DagBag from /home/airflow/.local/lib/python3.8/site-packages/airflow/example_dags/example_kubernetes_executor.py
[2026-05-16T02:49:54.810+0000] {processor.py:840} INFO - DAG(s) 'example_kubernetes_executor' retrieved from /home/airflow/.local/lib/python3.8/site-packages/airflow/example_dags/example_kubernetes_executor.py
[2026-05-16T02:49:54.888+0000] {logging_mixin.py:188} INFO - [2026-05-16T02:49:54.888+0000] {dag.py:3036} INFO - Sync 1 DAGs
[2026-05-16T02:49:54.913+0000] {logging_mixin.py:188} INFO - [2026-05-16T02:49:54.913+0000] {dag.py:3823} INFO - Setting next_dagrun for example_kubernetes_executor to None, run_after=None
[2026-05-16T02:49:54.949+0000] {processor.py:183} INFO - Processing /home/airflow/.local/lib/python3.8/site-packages/airflow/example_dags/example_kubernetes_executor.py took 0.177 seconds
[2026-05-16T02:50:25.153+0000] {processor.py:161} INFO - Started process (PID=867) to work on /home/airflow/.local/lib/python3.8/site-packages/airflow/example_dags/example_kubernetes_executor.py
[2026-05-16T02:50:25.155+0000] {processor.py:830} INFO - Processing file /home/airflow/.local/lib/python3.8/site-packages/airflow/example_dags/example_kubernetes_executor.py for tasks to queue
[2026-05-16T02:50:25.159+0000] {logging_mixin.py:188} INFO - [2026-05-16T02:50:25.158+0000] {dagbag.py:538} INFO - Filling up the DagBag from /home/airflow/.local/lib/python3.8/site-packages/airflow/example_dags/example_kubernetes_executor.py
[2026-05-16T02:50:25.199+0000] {processor.py:840} INFO - DAG(s) 'example_kubernetes_executor' retrieved from /home/airflow/.local/lib/python3.8/site-packages/airflow/example_dags/example_kubernetes_executor.py
[2026-05-16T02:50:25.314+0000] {logging_mixin.py:188} INFO - [2026-05-16T02:50:25.314+0000] {dag.py:3036} INFO - Sync 1 DAGs
[2026-05-16T02:50:25.352+0000] {logging_mixin.py:188} INFO - [2026-05-16T02:50:25.352+0000] {dag.py:3823} INFO - Setting next_dagrun for example_kubernetes_executor to None, run_after=None
[2026-05-16T02:50:25.396+0000] {processor.py:183} INFO - Processing /home/airflow/.local/lib/python3.8/site-packages/airflow/example_dags/example_kubernetes_executor.py took 0.258 seconds
[2026-05-16T02:50:55.680+0000] {processor.py:161} INFO - Started process (PID=932) to work on /home/airflow/.local/lib/python3.8/site-packages/airflow/example_dags/example_kubernetes_executor.py
[2026-05-16T02:50:55.681+0000] {processor.py:830} INFO - Processing file /home/airflow/.local/lib/python3.8/site-packages/airflow/example_dags/example_kubernetes_executor.py for tasks to queue
[2026-05-16T02:50:55.684+0000] {logging_mixin.py:188} INFO - [2026-05-16T02:50:55.684+0000] {dagbag.py:538} INFO - Filling up the DagBag from /home/airflow/.local/lib/python3.8/site-packages/airflow/example_dags/example_kubernetes_executor.py
[2026-05-16T02:50:55.711+0000] {processor.py:840} INFO - DAG(s) 'example_kubernetes_executor' retrieved from /home/airflow/.local/lib/python3.8/site-packages/airflow/example_dags/example_kubernetes_executor.py
[2026-05-16T02:50:55.786+0000] {logging_mixin.py:188} INFO - [2026-05-16T02:50:55.786+0000] {dag.py:3036} INFO - Sync 1 DAGs
[2026-05-16T02:50:55.810+0000] {logging_mixin.py:188} INFO - [2026-05-16T02:50:55.809+0000] {dag.py:3823} INFO - Setting next_dagrun for example_kubernetes_executor to None, run_after=None
[2026-05-16T02:50:55.841+0000] {processor.py:183} INFO - Processing /home/airflow/.local/lib/python3.8/site-packages/airflow/example_dags/example_kubernetes_executor.py took 0.167 seconds
[2026-05-16T02:51:26.162+0000] {processor.py:161} INFO - Started process (PID=996) to work on /home/airflow/.local/lib/python3.8/site-packages/airflow/example_dags/example_kubernetes_executor.py
[2026-05-16T02:51:26.164+0000] {processor.py:830} INFO - Processing file /home/airflow/.local/lib/python3.8/site-packages/airflow/example_dags/example_kubernetes_executor.py for tasks to queue
[2026-05-16T02:51:26.168+0000] {logging_mixin.py:188} INFO - [2026-05-16T02:51:26.167+0000] {dagbag.py:538} INFO - Filling up the DagBag from /home/airflow/.local/lib/python3.8/site-packages/airflow/example_dags/example_kubernetes_executor.py
[2026-05-16T02:51:26.198+0000] {processor.py:840} INFO - DAG(s) 'example_kubernetes_executor' retrieved from /home/airflow/.local/lib/python3.8/site-packages/airflow/example_dags/example_kubernetes_executor.py
[2026-05-16T02:51:26.283+0000] {logging_mixin.py:188} INFO - [2026-05-16T02:51:26.282+0000] {dag.py:3036} INFO - Sync 1 DAGs
[2026-05-16T02:51:26.316+0000] {logging_mixin.py:188} INFO - [2026-05-16T02:51:26.315+0000] {dag.py:3823} INFO - Setting next_dagrun for example_kubernetes_executor to None, run_after=None
[2026-05-16T02:51:26.356+0000] {processor.py:183} INFO - Processing /home/airflow/.local/lib/python3.8/site-packages/airflow/example_dags/example_kubernetes_executor.py took 0.200 seconds
[2026-05-16T02:51:57.099+0000] {processor.py:161} INFO - Started process (PID=1061) to work on /home/airflow/.local/lib/python3.8/site-packages/airflow/example_dags/example_kubernetes_executor.py
[2026-05-16T02:51:57.101+0000] {processor.py:830} INFO - Processing file /home/airflow/.local/lib/python3.8/site-packages/airflow/example_dags/example_kubernetes_executor.py for tasks to queue
[2026-05-16T02:51:57.103+0000] {logging_mixin.py:188} INFO - [2026-05-16T02:51:57.103+0000] {dagbag.py:538} INFO - Filling up the DagBag from /home/airflow/.local/lib/python3.8/site-packages/airflow/example_dags/example_kubernetes_executor.py
[2026-05-16T02:51:57.130+0000] {processor.py:840} INFO - DAG(s) 'example_kubernetes_executor' retrieved from /home/airflow/.local/lib/python3.8/site-packages/airflow/example_dags/example_kubernetes_executor.py
[2026-05-16T02:51:57.229+0000] {logging_mixin.py:188} INFO - [2026-05-16T02:51:57.229+0000] {dag.py:3036} INFO - Sync 1 DAGs
[2026-05-16T02:51:57.264+0000] {logging_mixin.py:188} INFO - [2026-05-16T02:51:57.264+0000] {dag.py:3823} INFO - Setting next_dagrun for example_kubernetes_executor to None, run_after=None
[2026-05-16T02:51:57.301+0000] {processor.py:183} INFO - Processing /home/airflow/.local/lib/python3.8/site-packages/airflow/example_dags/example_kubernetes_executor.py took 0.208 seconds
[2026-05-16T02:52:27.375+0000] {processor.py:161} INFO - Started process (PID=1125) to work on /home/airflow/.local/lib/python3.8/site-packages/airflow/example_dags/example_kubernetes_executor.py
[2026-05-16T02:52:27.377+0000] {processor.py:830} INFO - Processing file /home/airflow/.local/lib/python3.8/site-packages/airflow/example_dags/example_kubernetes_executor.py for tasks to queue
[2026-05-16T02:52:27.380+0000] {logging_mixin.py:188} INFO - [2026-05-16T02:52:27.379+0000] {dagbag.py:538} INFO - Filling up the DagBag from /home/airflow/.local/lib/python3.8/site-packages/airflow/example_dags/example_kubernetes_executor.py
[2026-05-16T02:52:27.402+0000] {processor.py:840} INFO - DAG(s) 'example_kubernetes_executor' retrieved from /home/airflow/.local/lib/python3.8/site-packages/airflow/example_dags/example_kubernetes_executor.py
[2026-05-16T02:52:27.465+0000] {logging_mixin.py:188} INFO - [2026-05-16T02:52:27.465+0000] {dag.py:3036} INFO - Sync 1 DAGs
[2026-05-16T02:52:27.487+0000] {logging_mixin.py:188} INFO - [2026-05-16T02:52:27.486+0000] {dag.py:3823} INFO - Setting next_dagrun for example_kubernetes_executor to None, run_after=None
[2026-05-16T02:52:27.515+0000] {processor.py:183} INFO - Processing /home/airflow/.local/lib/python3.8/site-packages/airflow/example_dags/example_kubernetes_executor.py took 0.144 seconds
[2026-05-16T02:52:57.712+0000] {processor.py:161} INFO - Started process (PID=1191) to work on /home/airflow/.local/lib/python3.8/site-packages/airflow/example_dags/example_kubernetes_executor.py
[2026-05-16T02:52:57.713+0000] {processor.py:830} INFO - Processing file /home/airflow/.local/lib/python3.8/site-packages/airflow/example_dags/example_kubernetes_executor.py for tasks to queue
[2026-05-16T02:52:57.716+0000] {logging_mixin.py:188} INFO - [2026-05-16T02:52:57.715+0000] {dagbag.py:538} INFO - Filling up the DagBag from /home/airflow/.local/lib/python3.8/site-packages/airflow/example_dags/example_kubernetes_executor.py
[2026-05-16T02:52:57.740+0000] {processor.py:840} INFO - DAG(s) 'example_kubernetes_executor' retrieved from /home/airflow/.local/lib/python3.8/site-packages/airflow/example_dags/example_kubernetes_executor.py
[2026-05-16T02:52:57.803+0000] {logging_mixin.py:188} INFO - [2026-05-16T02:52:57.802+0000] {dag.py:3036} INFO - Sync 1 DAGs
[2026-05-16T02:52:57.822+0000] {logging_mixin.py:188} INFO - [2026-05-16T02:52:57.822+0000] {dag.py:3823} INFO - Setting next_dagrun for example_kubernetes_executor to None, run_after=None
[2026-05-16T02:52:57.852+0000] {processor.py:183} INFO - Processing /home/airflow/.local/lib/python3.8/site-packages/airflow/example_dags/example_kubernetes_executor.py took 0.145 seconds
[2026-05-16T02:53:28.238+0000] {processor.py:161} INFO - Started process (PID=1257) to work on /home/airflow/.local/lib/python3.8/site-packages/airflow/example_dags/example_kubernetes_executor.py
[2026-05-16T02:53:28.240+0000] {processor.py:830} INFO - Processing file /home/airflow/.local/lib/python3.8/site-packages/airflow/example_dags/example_kubernetes_executor.py for tasks to queue
[2026-05-16T02:53:28.242+0000] {logging_mixin.py:188} INFO - [2026-05-16T02:53:28.242+0000] {dagbag.py:538} INFO - Filling up the DagBag from /home/airflow/.local/lib/python3.8/site-packages/airflow/example_dags/example_kubernetes_executor.py
[2026-05-16T02:53:28.267+0000] {processor.py:840} INFO - DAG(s) 'example_kubernetes_executor' retrieved from /home/airflow/.local/lib/python3.8/site-packages/airflow/example_dags/example_kubernetes_executor.py
[2026-05-16T02:53:28.337+0000] {logging_mixin.py:188} INFO - [2026-05-16T02:53:28.336+0000] {dag.py:3036} INFO - Sync 1 DAGs
[2026-05-16T02:53:28.358+0000] {logging_mixin.py:188} INFO - [2026-05-16T02:53:28.358+0000] {dag.py:3823} INFO - Setting next_dagrun for example_kubernetes_executor to None, run_after=None
[2026-05-16T02:53:28.390+0000] {processor.py:183} INFO - Processing /home/airflow/.local/lib/python3.8/site-packages/airflow/example_dags/example_kubernetes_executor.py took 0.157 seconds
[2026-05-16T02:53:58.579+0000] {processor.py:161} INFO - Started process (PID=1321) to work on /home/airflow/.local/lib/python3.8/site-packages/airflow/example_dags/example_kubernetes_executor.py
[2026-05-16T02:53:58.580+0000] {processor.py:830} INFO - Processing file /home/airflow/.local/lib/python3.8/site-packages/airflow/example_dags/example_kubernetes_executor.py for tasks to queue
[2026-05-16T02:53:58.583+0000] {logging_mixin.py:188} INFO - [2026-05-16T02:53:58.582+0000] {dagbag.py:538} INFO - Filling up the DagBag from /home/airflow/.local/lib/python3.8/site-packages/airflow/example_dags/example_kubernetes_executor.py
[2026-05-16T02:53:58.608+0000] {processor.py:840} INFO - DAG(s) 'example_kubernetes_executor' retrieved from /home/airflow/.local/lib/python3.8/site-packages/airflow/example_dags/example_kubernetes_executor.py
[2026-05-16T02:53:58.679+0000] {logging_mixin.py:188} INFO - [2026-05-16T02:53:58.678+0000] {dag.py:3036} INFO - Sync 1 DAGs
[2026-05-16T02:53:58.703+0000] {logging_mixin.py:188} INFO - [2026-05-16T02:53:58.703+0000] {dag.py:3823} INFO - Setting next_dagrun for example_kubernetes_executor to None, run_after=None
[2026-05-16T02:53:58.737+0000] {processor.py:183} INFO - Processing /home/airflow/.local/lib/python3.8/site-packages/airflow/example_dags/example_kubernetes_executor.py took 0.164 seconds
[2026-05-16T02:54:28.978+0000] {processor.py:161} INFO - Started process (PID=1393) to work on /home/airflow/.local/lib/python3.8/site-packages/airflow/example_dags/example_kubernetes_executor.py
[2026-05-16T02:54:28.981+0000] {processor.py:830} INFO - Processing file /home/airflow/.local/lib/python3.8/site-packages/airflow/example_dags/example_kubernetes_executor.py for tasks to queue
[2026-05-16T02:54:28.984+0000] {logging_mixin.py:188} INFO - [2026-05-16T02:54:28.983+0000] {dagbag.py:538} INFO - Filling up the DagBag from /home/airflow/.local/lib/python3.8/site-packages/airflow/example_dags/example_kubernetes_executor.py
[2026-05-16T02:54:29.010+0000] {processor.py:840} INFO - DAG(s) 'example_kubernetes_executor' retrieved from /home/airflow/.local/lib/python3.8/site-packages/airflow/example_dags/example_kubernetes_executor.py
[2026-05-16T02:54:29.077+0000] {logging_mixin.py:188} INFO - [2026-05-16T02:54:29.076+0000] {dag.py:3036} INFO - Sync 1 DAGs
[2026-05-16T02:54:29.101+0000] {logging_mixin.py:188} INFO - [2026-05-16T02:54:29.101+0000] {dag.py:3823} INFO - Setting next_dagrun for example_kubernetes_executor to None, run_after=None
[2026-05-16T02:54:29.132+0000] {processor.py:183} INFO - Processing /home/airflow/.local/lib/python3.8/site-packages/airflow/example_dags/example_kubernetes_executor.py took 0.159 seconds
[2026-05-16T02:54:59.585+0000] {processor.py:161} INFO - Started process (PID=1459) to work on /home/airflow/.local/lib/python3.8/site-packages/airflow/example_dags/example_kubernetes_executor.py
[2026-05-16T02:54:59.587+0000] {processor.py:830} INFO - Processing file /home/airflow/.local/lib/python3.8/site-packages/airflow/example_dags/example_kubernetes_executor.py for tasks to queue
[2026-05-16T02:54:59.590+0000] {logging_mixin.py:188} INFO - [2026-05-16T02:54:59.590+0000] {dagbag.py:538} INFO - Filling up the DagBag from /home/airflow/.local/lib/python3.8/site-packages/airflow/example_dags/example_kubernetes_executor.py
[2026-05-16T02:54:59.621+0000] {processor.py:840} INFO - DAG(s) 'example_kubernetes_executor' retrieved from /home/airflow/.local/lib/python3.8/site-packages/airflow/example_dags/example_kubernetes_executor.py
[2026-05-16T02:54:59.709+0000] {logging_mixin.py:188} INFO - [2026-05-16T02:54:59.708+0000] {dag.py:3036} INFO - Sync 1 DAGs
[2026-05-16T02:54:59.735+0000] {logging_mixin.py:188} INFO - [2026-05-16T02:54:59.735+0000] {dag.py:3823} INFO - Setting next_dagrun for example_kubernetes_executor to None, run_after=None
[2026-05-16T02:54:59.771+0000] {processor.py:183} INFO - Processing /home/airflow/.local/lib/python3.8/site-packages/airflow/example_dags/example_kubernetes_executor.py took 0.192 seconds
[2026-05-16T02:55:29.914+0000] {processor.py:161} INFO - Started process (PID=1526) to work on /home/airflow/.local/lib/python3.8/site-packages/airflow/example_dags/example_kubernetes_executor.py
[2026-05-16T02:55:29.916+0000] {processor.py:830} INFO - Processing file /home/airflow/.local/lib/python3.8/site-packages/airflow/example_dags/example_kubernetes_executor.py for tasks to queue
[2026-05-16T02:55:29.919+0000] {logging_mixin.py:188} INFO - [2026-05-16T02:55:29.919+0000] {dagbag.py:538} INFO - Filling up the DagBag from /home/airflow/.local/lib/python3.8/site-packages/airflow/example_dags/example_kubernetes_executor.py
[2026-05-16T02:55:29.949+0000] {processor.py:840} INFO - DAG(s) 'example_kubernetes_executor' retrieved from /home/airflow/.local/lib/python3.8/site-packages/airflow/example_dags/example_kubernetes_executor.py
[2026-05-16T02:55:30.027+0000] {logging_mixin.py:188} INFO - [2026-05-16T02:55:30.027+0000] {dag.py:3036} INFO - Sync 1 DAGs
[2026-05-16T02:55:30.061+0000] {logging_mixin.py:188} INFO - [2026-05-16T02:55:30.060+0000] {dag.py:3823} INFO - Setting next_dagrun for example_kubernetes_executor to None, run_after=None
[2026-05-16T02:55:30.094+0000] {processor.py:183} INFO - Processing /home/airflow/.local/lib/python3.8/site-packages/airflow/example_dags/example_kubernetes_executor.py took 0.186 seconds
[2026-05-16T02:56:00.228+0000] {processor.py:161} INFO - Started process (PID=1590) to work on /home/airflow/.local/lib/python3.8/site-packages/airflow/example_dags/example_kubernetes_executor.py
[2026-05-16T02:56:00.230+0000] {processor.py:830} INFO - Processing file /home/airflow/.local/lib/python3.8/site-packages/airflow/example_dags/example_kubernetes_executor.py for tasks to queue
[2026-05-16T02:56:00.233+0000] {logging_mixin.py:188} INFO - [2026-05-16T02:56:00.232+0000] {dagbag.py:538} INFO - Filling up the DagBag from /home/airflow/.local/lib/python3.8/site-packages/airflow/example_dags/example_kubernetes_executor.py
[2026-05-16T02:56:00.263+0000] {processor.py:840} INFO - DAG(s) 'example_kubernetes_executor' retrieved from /home/airflow/.local/lib/python3.8/site-packages/airflow/example_dags/example_kubernetes_executor.py
[2026-05-16T02:56:00.343+0000] {logging_mixin.py:188} INFO - [2026-05-16T02:56:00.343+0000] {dag.py:3036} INFO - Sync 1 DAGs
[2026-05-16T02:56:00.369+0000] {logging_mixin.py:188} INFO - [2026-05-16T02:56:00.369+0000] {dag.py:3823} INFO - Setting next_dagrun for example_kubernetes_executor to None, run_after=None
[2026-05-16T02:56:00.411+0000] {processor.py:183} INFO - Processing /home/airflow/.local/lib/python3.8/site-packages/airflow/example_dags/example_kubernetes_executor.py took 0.189 seconds
[2026-05-16T02:56:30.926+0000] {processor.py:161} INFO - Started process (PID=1655) to work on /home/airflow/.local/lib/python3.8/site-packages/airflow/example_dags/example_kubernetes_executor.py
[2026-05-16T02:56:30.930+0000] {processor.py:830} INFO - Processing file /home/airflow/.local/lib/python3.8/site-packages/airflow/example_dags/example_kubernetes_executor.py for tasks to queue
[2026-05-16T02:56:30.934+0000] {logging_mixin.py:188} INFO - [2026-05-16T02:56:30.933+0000] {dagbag.py:538} INFO - Filling up the DagBag from /home/airflow/.local/lib/python3.8/site-packages/airflow/example_dags/example_kubernetes_executor.py
[2026-05-16T02:56:30.967+0000] {processor.py:840} INFO - DAG(s) 'example_kubernetes_executor' retrieved from /home/airflow/.local/lib/python3.8/site-packages/airflow/example_dags/example_kubernetes_executor.py
[2026-05-16T02:56:31.088+0000] {logging_mixin.py:188} INFO - [2026-05-16T02:56:31.087+0000] {dag.py:3036} INFO - Sync 1 DAGs
[2026-05-16T02:56:31.114+0000] {logging_mixin.py:188} INFO - [2026-05-16T02:56:31.114+0000] {dag.py:3823} INFO - Setting next_dagrun for example_kubernetes_executor to None, run_after=None
[2026-05-16T02:56:31.151+0000] {processor.py:183} INFO - Processing /home/airflow/.local/lib/python3.8/site-packages/airflow/example_dags/example_kubernetes_executor.py took 0.238 seconds
[2026-05-16T02:57:01.306+0000] {processor.py:161} INFO - Started process (PID=1721) to work on /home/airflow/.local/lib/python3.8/site-packages/airflow/example_dags/example_kubernetes_executor.py
[2026-05-16T02:57:01.308+0000] {processor.py:830} INFO - Processing file /home/airflow/.local/lib/python3.8/site-packages/airflow/example_dags/example_kubernetes_executor.py for tasks to queue
[2026-05-16T02:57:01.311+0000] {logging_mixin.py:188} INFO - [2026-05-16T02:57:01.310+0000] {dagbag.py:538} INFO - Filling up the DagBag from /home/airflow/.local/lib/python3.8/site-packages/airflow/example_dags/example_kubernetes_executor.py
[2026-05-16T02:57:01.337+0000] {processor.py:840} INFO - DAG(s) 'example_kubernetes_executor' retrieved from /home/airflow/.local/lib/python3.8/site-packages/airflow/example_dags/example_kubernetes_executor.py
[2026-05-16T02:57:01.408+0000] {logging_mixin.py:188} INFO - [2026-05-16T02:57:01.408+0000] {dag.py:3036} INFO - Sync 1 DAGs
[2026-05-16T02:57:01.431+0000] {logging_mixin.py:188} INFO - [2026-05-16T02:57:01.430+0000] {dag.py:3823} INFO - Setting next_dagrun for example_kubernetes_executor to None, run_after=None
[2026-05-16T02:57:01.463+0000] {processor.py:183} INFO - Processing /home/airflow/.local/lib/python3.8/site-packages/airflow/example_dags/example_kubernetes_executor.py took 0.163 seconds
[2026-05-16T02:57:31.608+0000] {processor.py:161} INFO - Started process (PID=1787) to work on /home/airflow/.local/lib/python3.8/site-packages/airflow/example_dags/example_kubernetes_executor.py
[2026-05-16T02:57:31.611+0000] {processor.py:830} INFO - Processing file /home/airflow/.local/lib/python3.8/site-packages/airflow/example_dags/example_kubernetes_executor.py for tasks to queue
[2026-05-16T02:57:31.614+0000] {logging_mixin.py:188} INFO - [2026-05-16T02:57:31.613+0000] {dagbag.py:538} INFO - Filling up the DagBag from /home/airflow/.local/lib/python3.8/site-packages/airflow/example_dags/example_kubernetes_executor.py
[2026-05-16T02:57:31.640+0000] {processor.py:840} INFO - DAG(s) 'example_kubernetes_executor' retrieved from /home/airflow/.local/lib/python3.8/site-packages/airflow/example_dags/example_kubernetes_executor.py
[2026-05-16T02:57:31.715+0000] {logging_mixin.py:188} INFO - [2026-05-16T02:57:31.714+0000] {dag.py:3036} INFO - Sync 1 DAGs
[2026-05-16T02:57:31.736+0000] {logging_mixin.py:188} INFO - [2026-05-16T02:57:31.735+0000] {dag.py:3823} INFO - Setting next_dagrun for example_kubernetes_executor to None, run_after=None
[2026-05-16T02:57:31.768+0000] {processor.py:183} INFO - Processing /home/airflow/.local/lib/python3.8/site-packages/airflow/example_dags/example_kubernetes_executor.py took 0.165 seconds
[2026-05-16T02:58:01.943+0000] {processor.py:161} INFO - Started process (PID=1853) to work on /home/airflow/.local/lib/python3.8/site-packages/airflow/example_dags/example_kubernetes_executor.py
[2026-05-16T02:58:01.945+0000] {processor.py:830} INFO - Processing file /home/airflow/.local/lib/python3.8/site-packages/airflow/example_dags/example_kubernetes_executor.py for tasks to queue
[2026-05-16T02:58:01.947+0000] {logging_mixin.py:188} INFO - [2026-05-16T02:58:01.947+0000] {dagbag.py:538} INFO - Filling up the DagBag from /home/airflow/.local/lib/python3.8/site-packages/airflow/example_dags/example_kubernetes_executor.py
[2026-05-16T02:58:01.971+0000] {processor.py:840} INFO - DAG(s) 'example_kubernetes_executor' retrieved from /home/airflow/.local/lib/python3.8/site-packages/airflow/example_dags/example_kubernetes_executor.py
[2026-05-16T02:58:02.034+0000] {logging_mixin.py:188} INFO - [2026-05-16T02:58:02.034+0000] {dag.py:3036} INFO - Sync 1 DAGs
[2026-05-16T02:58:02.056+0000] {logging_mixin.py:188} INFO - [2026-05-16T02:58:02.055+0000] {dag.py:3823} INFO - Setting next_dagrun for example_kubernetes_executor to None, run_after=None
[2026-05-16T02:58:02.090+0000] {processor.py:183} INFO - Processing /home/airflow/.local/lib/python3.8/site-packages/airflow/example_dags/example_kubernetes_executor.py took 0.153 seconds
[2026-05-16T02:58:32.290+0000] {processor.py:161} INFO - Started process (PID=1918) to work on /home/airflow/.local/lib/python3.8/site-packages/airflow/example_dags/example_kubernetes_executor.py
[2026-05-16T02:58:32.292+0000] {processor.py:830} INFO - Processing file /home/airflow/.local/lib/python3.8/site-packages/airflow/example_dags/example_kubernetes_executor.py for tasks to queue
[2026-05-16T02:58:32.294+0000] {logging_mixin.py:188} INFO - [2026-05-16T02:58:32.294+0000] {dagbag.py:538} INFO - Filling up the DagBag from /home/airflow/.local/lib/python3.8/site-packages/airflow/example_dags/example_kubernetes_executor.py
[2026-05-16T02:58:32.318+0000] {processor.py:840} INFO - DAG(s) 'example_kubernetes_executor' retrieved from /home/airflow/.local/lib/python3.8/site-packages/airflow/example_dags/example_kubernetes_executor.py
[2026-05-16T02:58:32.382+0000] {logging_mixin.py:188} INFO - [2026-05-16T02:58:32.382+0000] {dag.py:3036} INFO - Sync 1 DAGs
[2026-05-16T02:58:32.407+0000] {logging_mixin.py:188} INFO - [2026-05-16T02:58:32.406+0000] {dag.py:3823} INFO - Setting next_dagrun for example_kubernetes_executor to None, run_after=None
[2026-05-16T02:58:32.439+0000] {processor.py:183} INFO - Processing /home/airflow/.local/lib/python3.8/site-packages/airflow/example_dags/example_kubernetes_executor.py took 0.154 seconds
[2026-05-16T02:59:02.956+0000] {processor.py:161} INFO - Started process (PID=1983) to work on /home/airflow/.local/lib/python3.8/site-packages/airflow/example_dags/example_kubernetes_executor.py
[2026-05-16T02:59:02.957+0000] {processor.py:830} INFO - Processing file /home/airflow/.local/lib/python3.8/site-packages/airflow/example_dags/example_kubernetes_executor.py for tasks to queue
[2026-05-16T02:59:02.960+0000] {logging_mixin.py:188} INFO - [2026-05-16T02:59:02.960+0000] {dagbag.py:538} INFO - Filling up the DagBag from /home/airflow/.local/lib/python3.8/site-packages/airflow/example_dags/example_kubernetes_executor.py
[2026-05-16T02:59:02.985+0000] {processor.py:840} INFO - DAG(s) 'example_kubernetes_executor' retrieved from /home/airflow/.local/lib/python3.8/site-packages/airflow/example_dags/example_kubernetes_executor.py
[2026-05-16T02:59:03.050+0000] {logging_mixin.py:188} INFO - [2026-05-16T02:59:03.050+0000] {dag.py:3036} INFO - Sync 1 DAGs
[2026-05-16T02:59:03.073+0000] {logging_mixin.py:188} INFO - [2026-05-16T02:59:03.072+0000] {dag.py:3823} INFO - Setting next_dagrun for example_kubernetes_executor to None, run_after=None
[2026-05-16T02:59:03.108+0000] {processor.py:183} INFO - Processing /home/airflow/.local/lib/python3.8/site-packages/airflow/example_dags/example_kubernetes_executor.py took 0.158 seconds
[2026-05-16T02:59:33.740+0000] {processor.py:161} INFO - Started process (PID=2047) to work on /home/airflow/.local/lib/python3.8/site-packages/airflow/example_dags/example_kubernetes_executor.py
[2026-05-16T02:59:33.743+0000] {processor.py:830} INFO - Processing file /home/airflow/.local/lib/python3.8/site-packages/airflow/example_dags/example_kubernetes_executor.py for tasks to queue
[2026-05-16T02:59:33.746+0000] {logging_mixin.py:188} INFO - [2026-05-16T02:59:33.745+0000] {dagbag.py:538} INFO - Filling up the DagBag from /home/airflow/.local/lib/python3.8/site-packages/airflow/example_dags/example_kubernetes_executor.py
[2026-05-16T02:59:33.776+0000] {processor.py:840} INFO - DAG(s) 'example_kubernetes_executor' retrieved from /home/airflow/.local/lib/python3.8/site-packages/airflow/example_dags/example_kubernetes_executor.py
[2026-05-16T02:59:33.850+0000] {logging_mixin.py:188} INFO - [2026-05-16T02:59:33.850+0000] {dag.py:3036} INFO - Sync 1 DAGs
[2026-05-16T02:59:33.873+0000] {logging_mixin.py:188} INFO - [2026-05-16T02:59:33.872+0000] {dag.py:3823} INFO - Setting next_dagrun for example_kubernetes_executor to None, run_after=None
[2026-05-16T02:59:33.906+0000] {processor.py:183} INFO - Processing /home/airflow/.local/lib/python3.8/site-packages/airflow/example_dags/example_kubernetes_executor.py took 0.172 seconds
[2026-05-16T03:00:04.701+0000] {processor.py:161} INFO - Started process (PID=2112) to work on /home/airflow/.local/lib/python3.8/site-packages/airflow/example_dags/example_kubernetes_executor.py
[2026-05-16T03:00:04.703+0000] {processor.py:830} INFO - Processing file /home/airflow/.local/lib/python3.8/site-packages/airflow/example_dags/example_kubernetes_executor.py for tasks to queue
[2026-05-16T03:00:04.706+0000] {logging_mixin.py:188} INFO - [2026-05-16T03:00:04.706+0000] {dagbag.py:538} INFO - Filling up the DagBag from /home/airflow/.local/lib/python3.8/site-packages/airflow/example_dags/example_kubernetes_executor.py
[2026-05-16T03:00:04.741+0000] {processor.py:840} INFO - DAG(s) 'example_kubernetes_executor' retrieved from /home/airflow/.local/lib/python3.8/site-packages/airflow/example_dags/example_kubernetes_executor.py
[2026-05-16T03:00:04.894+0000] {logging_mixin.py:188} INFO - [2026-05-16T03:00:04.893+0000] {dag.py:3036} INFO - Sync 1 DAGs
[2026-05-16T03:00:04.935+0000] {logging_mixin.py:188} INFO - [2026-05-16T03:00:04.934+0000] {dag.py:3823} INFO - Setting next_dagrun for example_kubernetes_executor to None, run_after=None
[2026-05-16T03:00:04.982+0000] {processor.py:183} INFO - Processing /home/airflow/.local/lib/python3.8/site-packages/airflow/example_dags/example_kubernetes_executor.py took 0.288 seconds
[2026-05-16T03:00:35.208+0000] {processor.py:161} INFO - Started process (PID=2177) to work on /home/airflow/.local/lib/python3.8/site-packages/airflow/example_dags/example_kubernetes_executor.py
[2026-05-16T03:00:35.210+0000] {processor.py:830} INFO - Processing file /home/airflow/.local/lib/python3.8/site-packages/airflow/example_dags/example_kubernetes_executor.py for tasks to queue
[2026-05-16T03:00:35.213+0000] {logging_mixin.py:188} INFO - [2026-05-16T03:00:35.213+0000] {dagbag.py:538} INFO - Filling up the DagBag from /home/airflow/.local/lib/python3.8/site-packages/airflow/example_dags/example_kubernetes_executor.py
[2026-05-16T03:00:35.240+0000] {processor.py:840} INFO - DAG(s) 'example_kubernetes_executor' retrieved from /home/airflow/.local/lib/python3.8/site-packages/airflow/example_dags/example_kubernetes_executor.py
[2026-05-16T03:00:35.312+0000] {logging_mixin.py:188} INFO - [2026-05-16T03:00:35.312+0000] {dag.py:3036} INFO - Sync 1 DAGs
[2026-05-16T03:00:35.338+0000] {logging_mixin.py:188} INFO - [2026-05-16T03:00:35.337+0000] {dag.py:3823} INFO - Setting next_dagrun for example_kubernetes_executor to None, run_after=None
[2026-05-16T03:00:35.371+0000] {processor.py:183} INFO - Processing /home/airflow/.local/lib/python3.8/site-packages/airflow/example_dags/example_kubernetes_executor.py took 0.169 seconds
[2026-05-16T03:01:05.676+0000] {processor.py:161} INFO - Started process (PID=2249) to work on /home/airflow/.local/lib/python3.8/site-packages/airflow/example_dags/example_kubernetes_executor.py
[2026-05-16T03:01:05.678+0000] {processor.py:830} INFO - Processing file /home/airflow/.local/lib/python3.8/site-packages/airflow/example_dags/example_kubernetes_executor.py for tasks to queue
[2026-05-16T03:01:05.681+0000] {logging_mixin.py:188} INFO - [2026-05-16T03:01:05.681+0000] {dagbag.py:538} INFO - Filling up the DagBag from /home/airflow/.local/lib/python3.8/site-packages/airflow/example_dags/example_kubernetes_executor.py
[2026-05-16T03:01:05.710+0000] {processor.py:840} INFO - DAG(s) 'example_kubernetes_executor' retrieved from /home/airflow/.local/lib/python3.8/site-packages/airflow/example_dags/example_kubernetes_executor.py
[2026-05-16T03:01:05.789+0000] {logging_mixin.py:188} INFO - [2026-05-16T03:01:05.789+0000] {dag.py:3036} INFO - Sync 1 DAGs
[2026-05-16T03:01:05.815+0000] {logging_mixin.py:188} INFO - [2026-05-16T03:01:05.814+0000] {dag.py:3823} INFO - Setting next_dagrun for example_kubernetes_executor to None, run_after=None
[2026-05-16T03:01:05.852+0000] {processor.py:183} INFO - Processing /home/airflow/.local/lib/python3.8/site-packages/airflow/example_dags/example_kubernetes_executor.py took 0.182 seconds
[2026-05-16T03:01:35.979+0000] {processor.py:161} INFO - Started process (PID=2316) to work on /home/airflow/.local/lib/python3.8/site-packages/airflow/example_dags/example_kubernetes_executor.py
[2026-05-16T03:01:35.981+0000] {processor.py:830} INFO - Processing file /home/airflow/.local/lib/python3.8/site-packages/airflow/example_dags/example_kubernetes_executor.py for tasks to queue
[2026-05-16T03:01:35.985+0000] {logging_mixin.py:188} INFO - [2026-05-16T03:01:35.984+0000] {dagbag.py:538} INFO - Filling up the DagBag from /home/airflow/.local/lib/python3.8/site-packages/airflow/example_dags/example_kubernetes_executor.py
[2026-05-16T03:01:36.015+0000] {processor.py:840} INFO - DAG(s) 'example_kubernetes_executor' retrieved from /home/airflow/.local/lib/python3.8/site-packages/airflow/example_dags/example_kubernetes_executor.py
[2026-05-16T03:01:36.094+0000] {logging_mixin.py:188} INFO - [2026-05-16T03:01:36.094+0000] {dag.py:3036} INFO - Sync 1 DAGs
[2026-05-16T03:01:36.120+0000] {logging_mixin.py:188} INFO - [2026-05-16T03:01:36.119+0000] {dag.py:3823} INFO - Setting next_dagrun for example_kubernetes_executor to None, run_after=None
[2026-05-16T03:01:36.155+0000] {processor.py:183} INFO - Processing /home/airflow/.local/lib/python3.8/site-packages/airflow/example_dags/example_kubernetes_executor.py took 0.182 seconds
[2026-05-16T03:02:06.334+0000] {processor.py:161} INFO - Started process (PID=2379) to work on /home/airflow/.local/lib/python3.8/site-packages/airflow/example_dags/example_kubernetes_executor.py
[2026-05-16T03:02:06.337+0000] {processor.py:830} INFO - Processing file /home/airflow/.local/lib/python3.8/site-packages/airflow/example_dags/example_kubernetes_executor.py for tasks to queue
[2026-05-16T03:02:06.340+0000] {logging_mixin.py:188} INFO - [2026-05-16T03:02:06.339+0000] {dagbag.py:538} INFO - Filling up the DagBag from /home/airflow/.local/lib/python3.8/site-packages/airflow/example_dags/example_kubernetes_executor.py
[2026-05-16T03:02:06.369+0000] {processor.py:840} INFO - DAG(s) 'example_kubernetes_executor' retrieved from /home/airflow/.local/lib/python3.8/site-packages/airflow/example_dags/example_kubernetes_executor.py
[2026-05-16T03:02:06.448+0000] {logging_mixin.py:188} INFO - [2026-05-16T03:02:06.447+0000] {dag.py:3036} INFO - Sync 1 DAGs
[2026-05-16T03:02:06.472+0000] {logging_mixin.py:188} INFO - [2026-05-16T03:02:06.471+0000] {dag.py:3823} INFO - Setting next_dagrun for example_kubernetes_executor to None, run_after=None
[2026-05-16T03:02:06.506+0000] {processor.py:183} INFO - Processing /home/airflow/.local/lib/python3.8/site-packages/airflow/example_dags/example_kubernetes_executor.py took 0.178 seconds
[2026-05-16T03:02:36.997+0000] {processor.py:161} INFO - Started process (PID=2445) to work on /home/airflow/.local/lib/python3.8/site-packages/airflow/example_dags/example_kubernetes_executor.py
[2026-05-16T03:02:36.999+0000] {processor.py:830} INFO - Processing file /home/airflow/.local/lib/python3.8/site-packages/airflow/example_dags/example_kubernetes_executor.py for tasks to queue
[2026-05-16T03:02:37.002+0000] {logging_mixin.py:188} INFO - [2026-05-16T03:02:37.001+0000] {dagbag.py:538} INFO - Filling up the DagBag from /home/airflow/.local/lib/python3.8/site-packages/airflow/example_dags/example_kubernetes_executor.py
[2026-05-16T03:02:37.032+0000] {processor.py:840} INFO - DAG(s) 'example_kubernetes_executor' retrieved from /home/airflow/.local/lib/python3.8/site-packages/airflow/example_dags/example_kubernetes_executor.py
[2026-05-16T03:02:37.115+0000] {logging_mixin.py:188} INFO - [2026-05-16T03:02:37.114+0000] {dag.py:3036} INFO - Sync 1 DAGs
[2026-05-16T03:02:37.140+0000] {logging_mixin.py:188} INFO - [2026-05-16T03:02:37.139+0000] {dag.py:3823} INFO - Setting next_dagrun for example_kubernetes_executor to None, run_after=None
[2026-05-16T03:02:37.174+0000] {processor.py:183} INFO - Processing /home/airflow/.local/lib/python3.8/site-packages/airflow/example_dags/example_kubernetes_executor.py took 0.183 seconds
[2026-05-16T03:03:07.760+0000] {processor.py:161} INFO - Started process (PID=2510) to work on /home/airflow/.local/lib/python3.8/site-packages/airflow/example_dags/example_kubernetes_executor.py
[2026-05-16T03:03:07.762+0000] {processor.py:830} INFO - Processing file /home/airflow/.local/lib/python3.8/site-packages/airflow/example_dags/example_kubernetes_executor.py for tasks to queue
[2026-05-16T03:03:07.764+0000] {logging_mixin.py:188} INFO - [2026-05-16T03:03:07.764+0000] {dagbag.py:538} INFO - Filling up the DagBag from /home/airflow/.local/lib/python3.8/site-packages/airflow/example_dags/example_kubernetes_executor.py
[2026-05-16T03:03:07.790+0000] {processor.py:840} INFO - DAG(s) 'example_kubernetes_executor' retrieved from /home/airflow/.local/lib/python3.8/site-packages/airflow/example_dags/example_kubernetes_executor.py
[2026-05-16T03:03:07.857+0000] {logging_mixin.py:188} INFO - [2026-05-16T03:03:07.857+0000] {dag.py:3036} INFO - Sync 1 DAGs
[2026-05-16T03:03:07.881+0000] {logging_mixin.py:188} INFO - [2026-05-16T03:03:07.880+0000] {dag.py:3823} INFO - Setting next_dagrun for example_kubernetes_executor to None, run_after=None
[2026-05-16T03:03:07.914+0000] {processor.py:183} INFO - Processing /home/airflow/.local/lib/python3.8/site-packages/airflow/example_dags/example_kubernetes_executor.py took 0.160 seconds
[2026-05-16T03:03:38.124+0000] {processor.py:161} INFO - Started process (PID=2575) to work on /home/airflow/.local/lib/python3.8/site-packages/airflow/example_dags/example_kubernetes_executor.py
[2026-05-16T03:03:38.126+0000] {processor.py:830} INFO - Processing file /home/airflow/.local/lib/python3.8/site-packages/airflow/example_dags/example_kubernetes_executor.py for tasks to queue
[2026-05-16T03:03:38.129+0000] {logging_mixin.py:188} INFO - [2026-05-16T03:03:38.128+0000] {dagbag.py:538} INFO - Filling up the DagBag from /home/airflow/.local/lib/python3.8/site-packages/airflow/example_dags/example_kubernetes_executor.py
[2026-05-16T03:03:38.159+0000] {processor.py:840} INFO - DAG(s) 'example_kubernetes_executor' retrieved from /home/airflow/.local/lib/python3.8/site-packages/airflow/example_dags/example_kubernetes_executor.py
[2026-05-16T03:03:38.238+0000] {logging_mixin.py:188} INFO - [2026-05-16T03:03:38.238+0000] {dag.py:3036} INFO - Sync 1 DAGs
[2026-05-16T03:03:38.264+0000] {logging_mixin.py:188} INFO - [2026-05-16T03:03:38.263+0000] {dag.py:3823} INFO - Setting next_dagrun for example_kubernetes_executor to None, run_after=None
[2026-05-16T03:03:38.301+0000] {processor.py:183} INFO - Processing /home/airflow/.local/lib/python3.8/site-packages/airflow/example_dags/example_kubernetes_executor.py took 0.183 seconds
[2026-05-16T03:04:08.834+0000] {processor.py:161} INFO - Started process (PID=2640) to work on /home/airflow/.local/lib/python3.8/site-packages/airflow/example_dags/example_kubernetes_executor.py
[2026-05-16T03:04:08.836+0000] {processor.py:830} INFO - Processing file /home/airflow/.local/lib/python3.8/site-packages/airflow/example_dags/example_kubernetes_executor.py for tasks to queue
[2026-05-16T03:04:08.839+0000] {logging_mixin.py:188} INFO - [2026-05-16T03:04:08.838+0000] {dagbag.py:538} INFO - Filling up the DagBag from /home/airflow/.local/lib/python3.8/site-packages/airflow/example_dags/example_kubernetes_executor.py
[2026-05-16T03:04:08.864+0000] {processor.py:840} INFO - DAG(s) 'example_kubernetes_executor' retrieved from /home/airflow/.local/lib/python3.8/site-packages/airflow/example_dags/example_kubernetes_executor.py
[2026-05-16T03:04:08.929+0000] {logging_mixin.py:188} INFO - [2026-05-16T03:04:08.928+0000] {dag.py:3036} INFO - Sync 1 DAGs
[2026-05-16T03:04:08.950+0000] {logging_mixin.py:188} INFO - [2026-05-16T03:04:08.950+0000] {dag.py:3823} INFO - Setting next_dagrun for example_kubernetes_executor to None, run_after=None
[2026-05-16T03:04:08.985+0000] {processor.py:183} INFO - Processing /home/airflow/.local/lib/python3.8/site-packages/airflow/example_dags/example_kubernetes_executor.py took 0.156 seconds
[2026-05-16T03:04:39.462+0000] {processor.py:161} INFO - Started process (PID=2705) to work on /home/airflow/.local/lib/python3.8/site-packages/airflow/example_dags/example_kubernetes_executor.py
[2026-05-16T03:04:39.464+0000] {processor.py:830} INFO - Processing file /home/airflow/.local/lib/python3.8/site-packages/airflow/example_dags/example_kubernetes_executor.py for tasks to queue
[2026-05-16T03:04:39.466+0000] {logging_mixin.py:188} INFO - [2026-05-16T03:04:39.466+0000] {dagbag.py:538} INFO - Filling up the DagBag from /home/airflow/.local/lib/python3.8/site-packages/airflow/example_dags/example_kubernetes_executor.py
[2026-05-16T03:04:39.494+0000] {processor.py:840} INFO - DAG(s) 'example_kubernetes_executor' retrieved from /home/airflow/.local/lib/python3.8/site-packages/airflow/example_dags/example_kubernetes_executor.py
[2026-05-16T03:04:39.561+0000] {logging_mixin.py:188} INFO - [2026-05-16T03:04:39.561+0000] {dag.py:3036} INFO - Sync 1 DAGs
[2026-05-16T03:04:39.582+0000] {logging_mixin.py:188} INFO - [2026-05-16T03:04:39.581+0000] {dag.py:3823} INFO - Setting next_dagrun for example_kubernetes_executor to None, run_after=None
[2026-05-16T03:04:39.613+0000] {processor.py:183} INFO - Processing /home/airflow/.local/lib/python3.8/site-packages/airflow/example_dags/example_kubernetes_executor.py took 0.155 seconds
[2026-05-16T03:05:10.006+0000] {processor.py:161} INFO - Started process (PID=2771) to work on /home/airflow/.local/lib/python3.8/site-packages/airflow/example_dags/example_kubernetes_executor.py
[2026-05-16T03:05:10.009+0000] {processor.py:830} INFO - Processing file /home/airflow/.local/lib/python3.8/site-packages/airflow/example_dags/example_kubernetes_executor.py for tasks to queue
[2026-05-16T03:05:10.012+0000] {logging_mixin.py:188} INFO - [2026-05-16T03:05:10.012+0000] {dagbag.py:538} INFO - Filling up the DagBag from /home/airflow/.local/lib/python3.8/site-packages/airflow/example_dags/example_kubernetes_executor.py
[2026-05-16T03:05:10.040+0000] {processor.py:840} INFO - DAG(s) 'example_kubernetes_executor' retrieved from /home/airflow/.local/lib/python3.8/site-packages/airflow/example_dags/example_kubernetes_executor.py
[2026-05-16T03:05:10.118+0000] {logging_mixin.py:188} INFO - [2026-05-16T03:05:10.118+0000] {dag.py:3036} INFO - Sync 1 DAGs
[2026-05-16T03:05:10.142+0000] {logging_mixin.py:188} INFO - [2026-05-16T03:05:10.142+0000] {dag.py:3823} INFO - Setting next_dagrun for example_kubernetes_executor to None, run_after=None
[2026-05-16T03:05:10.174+0000] {processor.py:183} INFO - Processing /home/airflow/.local/lib/python3.8/site-packages/airflow/example_dags/example_kubernetes_executor.py took 0.172 seconds
[2026-05-16T03:05:40.367+0000] {processor.py:161} INFO - Started process (PID=2836) to work on /home/airflow/.local/lib/python3.8/site-packages/airflow/example_dags/example_kubernetes_executor.py
[2026-05-16T03:05:40.369+0000] {processor.py:830} INFO - Processing file /home/airflow/.local/lib/python3.8/site-packages/airflow/example_dags/example_kubernetes_executor.py for tasks to queue
[2026-05-16T03:05:40.371+0000] {logging_mixin.py:188} INFO - [2026-05-16T03:05:40.371+0000] {dagbag.py:538} INFO - Filling up the DagBag from /home/airflow/.local/lib/python3.8/site-packages/airflow/example_dags/example_kubernetes_executor.py
[2026-05-16T03:05:40.396+0000] {processor.py:840} INFO - DAG(s) 'example_kubernetes_executor' retrieved from /home/airflow/.local/lib/python3.8/site-packages/airflow/example_dags/example_kubernetes_executor.py
[2026-05-16T03:05:40.462+0000] {logging_mixin.py:188} INFO - [2026-05-16T03:05:40.461+0000] {dag.py:3036} INFO - Sync 1 DAGs
[2026-05-16T03:05:40.483+0000] {logging_mixin.py:188} INFO - [2026-05-16T03:05:40.483+0000] {dag.py:3823} INFO - Setting next_dagrun for example_kubernetes_executor to None, run_after=None
[2026-05-16T03:05:40.511+0000] {processor.py:183} INFO - Processing /home/airflow/.local/lib/python3.8/site-packages/airflow/example_dags/example_kubernetes_executor.py took 0.150 seconds
[2026-05-16T03:06:10.931+0000] {processor.py:161} INFO - Started process (PID=2902) to work on /home/airflow/.local/lib/python3.8/site-packages/airflow/example_dags/example_kubernetes_executor.py
[2026-05-16T03:06:10.933+0000] {processor.py:830} INFO - Processing file /home/airflow/.local/lib/python3.8/site-packages/airflow/example_dags/example_kubernetes_executor.py for tasks to queue
[2026-05-16T03:06:10.935+0000] {logging_mixin.py:188} INFO - [2026-05-16T03:06:10.935+0000] {dagbag.py:538} INFO - Filling up the DagBag from /home/airflow/.local/lib/python3.8/site-packages/airflow/example_dags/example_kubernetes_executor.py
[2026-05-16T03:06:10.961+0000] {processor.py:840} INFO - DAG(s) 'example_kubernetes_executor' retrieved from /home/airflow/.local/lib/python3.8/site-packages/airflow/example_dags/example_kubernetes_executor.py
[2026-05-16T03:06:11.028+0000] {logging_mixin.py:188} INFO - [2026-05-16T03:06:11.028+0000] {dag.py:3036} INFO - Sync 1 DAGs
[2026-05-16T03:06:11.052+0000] {logging_mixin.py:188} INFO - [2026-05-16T03:06:11.051+0000] {dag.py:3823} INFO - Setting next_dagrun for example_kubernetes_executor to None, run_after=None
[2026-05-16T03:06:11.083+0000] {processor.py:183} INFO - Processing /home/airflow/.local/lib/python3.8/site-packages/airflow/example_dags/example_kubernetes_executor.py took 0.158 seconds
[2026-05-16T03:06:41.231+0000] {processor.py:161} INFO - Started process (PID=2967) to work on /home/airflow/.local/lib/python3.8/site-packages/airflow/example_dags/example_kubernetes_executor.py
[2026-05-16T03:06:41.233+0000] {processor.py:830} INFO - Processing file /home/airflow/.local/lib/python3.8/site-packages/airflow/example_dags/example_kubernetes_executor.py for tasks to queue
[2026-05-16T03:06:41.236+0000] {logging_mixin.py:188} INFO - [2026-05-16T03:06:41.235+0000] {dagbag.py:538} INFO - Filling up the DagBag from /home/airflow/.local/lib/python3.8/site-packages/airflow/example_dags/example_kubernetes_executor.py
[2026-05-16T03:06:41.263+0000] {processor.py:840} INFO - DAG(s) 'example_kubernetes_executor' retrieved from /home/airflow/.local/lib/python3.8/site-packages/airflow/example_dags/example_kubernetes_executor.py
[2026-05-16T03:06:41.329+0000] {logging_mixin.py:188} INFO - [2026-05-16T03:06:41.328+0000] {dag.py:3036} INFO - Sync 1 DAGs
[2026-05-16T03:06:41.353+0000] {logging_mixin.py:188} INFO - [2026-05-16T03:06:41.352+0000] {dag.py:3823} INFO - Setting next_dagrun for example_kubernetes_executor to None, run_after=None
[2026-05-16T03:06:41.386+0000] {processor.py:183} INFO - Processing /home/airflow/.local/lib/python3.8/site-packages/airflow/example_dags/example_kubernetes_executor.py took 0.161 seconds
[2026-05-16T03:07:11.629+0000] {processor.py:161} INFO - Started process (PID=3032) to work on /home/airflow/.local/lib/python3.8/site-packages/airflow/example_dags/example_kubernetes_executor.py
[2026-05-16T03:07:11.630+0000] {processor.py:830} INFO - Processing file /home/airflow/.local/lib/python3.8/site-packages/airflow/example_dags/example_kubernetes_executor.py for tasks to queue
[2026-05-16T03:07:11.633+0000] {logging_mixin.py:188} INFO - [2026-05-16T03:07:11.632+0000] {dagbag.py:538} INFO - Filling up the DagBag from /home/airflow/.local/lib/python3.8/site-packages/airflow/example_dags/example_kubernetes_executor.py
[2026-05-16T03:07:11.660+0000] {processor.py:840} INFO - DAG(s) 'example_kubernetes_executor' retrieved from /home/airflow/.local/lib/python3.8/site-packages/airflow/example_dags/example_kubernetes_executor.py
[2026-05-16T03:07:11.726+0000] {logging_mixin.py:188} INFO - [2026-05-16T03:07:11.726+0000] {dag.py:3036} INFO - Sync 1 DAGs
[2026-05-16T03:07:11.756+0000] {logging_mixin.py:188} INFO - [2026-05-16T03:07:11.756+0000] {dag.py:3823} INFO - Setting next_dagrun for example_kubernetes_executor to None, run_after=None
[2026-05-16T03:07:11.791+0000] {processor.py:183} INFO - Processing /home/airflow/.local/lib/python3.8/site-packages/airflow/example_dags/example_kubernetes_executor.py took 0.169 seconds
[2026-05-16T03:07:42.695+0000] {processor.py:161} INFO - Started process (PID=3105) to work on /home/airflow/.local/lib/python3.8/site-packages/airflow/example_dags/example_kubernetes_executor.py
[2026-05-16T03:07:42.697+0000] {processor.py:830} INFO - Processing file /home/airflow/.local/lib/python3.8/site-packages/airflow/example_dags/example_kubernetes_executor.py for tasks to queue
[2026-05-16T03:07:42.701+0000] {logging_mixin.py:188} INFO - [2026-05-16T03:07:42.700+0000] {dagbag.py:538} INFO - Filling up the DagBag from /home/airflow/.local/lib/python3.8/site-packages/airflow/example_dags/example_kubernetes_executor.py
[2026-05-16T03:07:42.739+0000] {processor.py:840} INFO - DAG(s) 'example_kubernetes_executor' retrieved from /home/airflow/.local/lib/python3.8/site-packages/airflow/example_dags/example_kubernetes_executor.py
[2026-05-16T03:07:42.817+0000] {logging_mixin.py:188} INFO - [2026-05-16T03:07:42.817+0000] {dag.py:3036} INFO - Sync 1 DAGs
[2026-05-16T03:07:42.840+0000] {logging_mixin.py:188} INFO - [2026-05-16T03:07:42.840+0000] {dag.py:3823} INFO - Setting next_dagrun for example_kubernetes_executor to None, run_after=None
[2026-05-16T03:07:42.873+0000] {processor.py:183} INFO - Processing /home/airflow/.local/lib/python3.8/site-packages/airflow/example_dags/example_kubernetes_executor.py took 0.184 seconds
[2026-05-16T03:08:12.987+0000] {processor.py:161} INFO - Started process (PID=3170) to work on /home/airflow/.local/lib/python3.8/site-packages/airflow/example_dags/example_kubernetes_executor.py
[2026-05-16T03:08:12.989+0000] {processor.py:830} INFO - Processing file /home/airflow/.local/lib/python3.8/site-packages/airflow/example_dags/example_kubernetes_executor.py for tasks to queue
[2026-05-16T03:08:12.993+0000] {logging_mixin.py:188} INFO - [2026-05-16T03:08:12.992+0000] {dagbag.py:538} INFO - Filling up the DagBag from /home/airflow/.local/lib/python3.8/site-packages/airflow/example_dags/example_kubernetes_executor.py
[2026-05-16T03:08:13.021+0000] {processor.py:840} INFO - DAG(s) 'example_kubernetes_executor' retrieved from /home/airflow/.local/lib/python3.8/site-packages/airflow/example_dags/example_kubernetes_executor.py
[2026-05-16T03:08:13.101+0000] {logging_mixin.py:188} INFO - [2026-05-16T03:08:13.101+0000] {dag.py:3036} INFO - Sync 1 DAGs
[2026-05-16T03:08:13.126+0000] {logging_mixin.py:188} INFO - [2026-05-16T03:08:13.125+0000] {dag.py:3823} INFO - Setting next_dagrun for example_kubernetes_executor to None, run_after=None
[2026-05-16T03:08:13.159+0000] {processor.py:183} INFO - Processing /home/airflow/.local/lib/python3.8/site-packages/airflow/example_dags/example_kubernetes_executor.py took 0.178 seconds
[2026-05-16T03:08:43.725+0000] {processor.py:161} INFO - Started process (PID=3236) to work on /home/airflow/.local/lib/python3.8/site-packages/airflow/example_dags/example_kubernetes_executor.py
[2026-05-16T03:08:43.737+0000] {processor.py:830} INFO - Processing file /home/airflow/.local/lib/python3.8/site-packages/airflow/example_dags/example_kubernetes_executor.py for tasks to queue
[2026-05-16T03:08:43.743+0000] {logging_mixin.py:188} INFO - [2026-05-16T03:08:43.743+0000] {dagbag.py:538} INFO - Filling up the DagBag from /home/airflow/.local/lib/python3.8/site-packages/airflow/example_dags/example_kubernetes_executor.py
[2026-05-16T03:08:43.793+0000] {processor.py:840} INFO - DAG(s) 'example_kubernetes_executor' retrieved from /home/airflow/.local/lib/python3.8/site-packages/airflow/example_dags/example_kubernetes_executor.py
[2026-05-16T03:08:43.888+0000] {logging_mixin.py:188} INFO - [2026-05-16T03:08:43.888+0000] {dag.py:3036} INFO - Sync 1 DAGs
[2026-05-16T03:08:43.914+0000] {logging_mixin.py:188} INFO - [2026-05-16T03:08:43.913+0000] {dag.py:3823} INFO - Setting next_dagrun for example_kubernetes_executor to None, run_after=None
[2026-05-16T03:08:43.949+0000] {processor.py:183} INFO - Processing /home/airflow/.local/lib/python3.8/site-packages/airflow/example_dags/example_kubernetes_executor.py took 0.229 seconds
[2026-05-16T03:09:14.544+0000] {processor.py:161} INFO - Started process (PID=3301) to work on /home/airflow/.local/lib/python3.8/site-packages/airflow/example_dags/example_kubernetes_executor.py
[2026-05-16T03:09:14.545+0000] {processor.py:830} INFO - Processing file /home/airflow/.local/lib/python3.8/site-packages/airflow/example_dags/example_kubernetes_executor.py for tasks to queue
[2026-05-16T03:09:14.549+0000] {logging_mixin.py:188} INFO - [2026-05-16T03:09:14.548+0000] {dagbag.py:538} INFO - Filling up the DagBag from /home/airflow/.local/lib/python3.8/site-packages/airflow/example_dags/example_kubernetes_executor.py
[2026-05-16T03:09:14.579+0000] {processor.py:840} INFO - DAG(s) 'example_kubernetes_executor' retrieved from /home/airflow/.local/lib/python3.8/site-packages/airflow/example_dags/example_kubernetes_executor.py
[2026-05-16T03:09:14.647+0000] {logging_mixin.py:188} INFO - [2026-05-16T03:09:14.647+0000] {dag.py:3036} INFO - Sync 1 DAGs
[2026-05-16T03:09:14.670+0000] {logging_mixin.py:188} INFO - [2026-05-16T03:09:14.670+0000] {dag.py:3823} INFO - Setting next_dagrun for example_kubernetes_executor to None, run_after=None
[2026-05-16T03:09:14.703+0000] {processor.py:183} INFO - Processing /home/airflow/.local/lib/python3.8/site-packages/airflow/example_dags/example_kubernetes_executor.py took 0.198 seconds
[2026-05-16T03:09:45.126+0000] {processor.py:161} INFO - Started process (PID=3367) to work on /home/airflow/.local/lib/python3.8/site-packages/airflow/example_dags/example_kubernetes_executor.py
[2026-05-16T03:09:45.129+0000] {processor.py:830} INFO - Processing file /home/airflow/.local/lib/python3.8/site-packages/airflow/example_dags/example_kubernetes_executor.py for tasks to queue
[2026-05-16T03:09:45.131+0000] {logging_mixin.py:188} INFO - [2026-05-16T03:09:45.131+0000] {dagbag.py:538} INFO - Filling up the DagBag from /home/airflow/.local/lib/python3.8/site-packages/airflow/example_dags/example_kubernetes_executor.py
[2026-05-16T03:09:45.155+0000] {processor.py:840} INFO - DAG(s) 'example_kubernetes_executor' retrieved from /home/airflow/.local/lib/python3.8/site-packages/airflow/example_dags/example_kubernetes_executor.py
[2026-05-16T03:09:45.235+0000] {logging_mixin.py:188} INFO - [2026-05-16T03:09:45.233+0000] {dag.py:3036} INFO - Sync 1 DAGs
[2026-05-16T03:09:45.260+0000] {logging_mixin.py:188} INFO - [2026-05-16T03:09:45.260+0000] {dag.py:3823} INFO - Setting next_dagrun for example_kubernetes_executor to None, run_after=None
[2026-05-16T03:09:45.301+0000] {processor.py:183} INFO - Processing /home/airflow/.local/lib/python3.8/site-packages/airflow/example_dags/example_kubernetes_executor.py took 0.179 seconds
[2026-05-16T03:10:16.336+0000] {processor.py:161} INFO - Started process (PID=3432) to work on /home/airflow/.local/lib/python3.8/site-packages/airflow/example_dags/example_kubernetes_executor.py
[2026-05-16T03:10:16.337+0000] {processor.py:830} INFO - Processing file /home/airflow/.local/lib/python3.8/site-packages/airflow/example_dags/example_kubernetes_executor.py for tasks to queue
[2026-05-16T03:10:16.341+0000] {logging_mixin.py:188} INFO - [2026-05-16T03:10:16.340+0000] {dagbag.py:538} INFO - Filling up the DagBag from /home/airflow/.local/lib/python3.8/site-packages/airflow/example_dags/example_kubernetes_executor.py
[2026-05-16T03:10:16.364+0000] {processor.py:840} INFO - DAG(s) 'example_kubernetes_executor' retrieved from /home/airflow/.local/lib/python3.8/site-packages/airflow/example_dags/example_kubernetes_executor.py
[2026-05-16T03:10:16.436+0000] {logging_mixin.py:188} INFO - [2026-05-16T03:10:16.436+0000] {dag.py:3036} INFO - Sync 1 DAGs
[2026-05-16T03:10:16.457+0000] {logging_mixin.py:188} INFO - [2026-05-16T03:10:16.457+0000] {dag.py:3823} INFO - Setting next_dagrun for example_kubernetes_executor to None, run_after=None
[2026-05-16T03:10:16.490+0000] {processor.py:183} INFO - Processing /home/airflow/.local/lib/python3.8/site-packages/airflow/example_dags/example_kubernetes_executor.py took 0.161 seconds
[2026-05-16T03:10:46.619+0000] {processor.py:161} INFO - Started process (PID=3497) to work on /home/airflow/.local/lib/python3.8/site-packages/airflow/example_dags/example_kubernetes_executor.py
[2026-05-16T03:10:46.621+0000] {processor.py:830} INFO - Processing file /home/airflow/.local/lib/python3.8/site-packages/airflow/example_dags/example_kubernetes_executor.py for tasks to queue
[2026-05-16T03:10:46.624+0000] {logging_mixin.py:188} INFO - [2026-05-16T03:10:46.624+0000] {dagbag.py:538} INFO - Filling up the DagBag from /home/airflow/.local/lib/python3.8/site-packages/airflow/example_dags/example_kubernetes_executor.py
[2026-05-16T03:10:46.655+0000] {processor.py:840} INFO - DAG(s) 'example_kubernetes_executor' retrieved from /home/airflow/.local/lib/python3.8/site-packages/airflow/example_dags/example_kubernetes_executor.py
[2026-05-16T03:10:46.725+0000] {logging_mixin.py:188} INFO - [2026-05-16T03:10:46.725+0000] {dag.py:3036} INFO - Sync 1 DAGs
[2026-05-16T03:10:46.747+0000] {logging_mixin.py:188} INFO - [2026-05-16T03:10:46.747+0000] {dag.py:3823} INFO - Setting next_dagrun for example_kubernetes_executor to None, run_after=None
[2026-05-16T03:10:46.787+0000] {processor.py:183} INFO - Processing /home/airflow/.local/lib/python3.8/site-packages/airflow/example_dags/example_kubernetes_executor.py took 0.174 seconds
[2026-05-16T03:11:17.594+0000] {processor.py:161} INFO - Started process (PID=3562) to work on /home/airflow/.local/lib/python3.8/site-packages/airflow/example_dags/example_kubernetes_executor.py
[2026-05-16T03:11:17.595+0000] {processor.py:830} INFO - Processing file /home/airflow/.local/lib/python3.8/site-packages/airflow/example_dags/example_kubernetes_executor.py for tasks to queue
[2026-05-16T03:11:17.598+0000] {logging_mixin.py:188} INFO - [2026-05-16T03:11:17.597+0000] {dagbag.py:538} INFO - Filling up the DagBag from /home/airflow/.local/lib/python3.8/site-packages/airflow/example_dags/example_kubernetes_executor.py
[2026-05-16T03:11:17.626+0000] {processor.py:840} INFO - DAG(s) 'example_kubernetes_executor' retrieved from /home/airflow/.local/lib/python3.8/site-packages/airflow/example_dags/example_kubernetes_executor.py
[2026-05-16T03:11:17.717+0000] {logging_mixin.py:188} INFO - [2026-05-16T03:11:17.716+0000] {dag.py:3036} INFO - Sync 1 DAGs
[2026-05-16T03:11:17.741+0000] {logging_mixin.py:188} INFO - [2026-05-16T03:11:17.741+0000] {dag.py:3823} INFO - Setting next_dagrun for example_kubernetes_executor to None, run_after=None
[2026-05-16T03:11:17.782+0000] {processor.py:183} INFO - Processing /home/airflow/.local/lib/python3.8/site-packages/airflow/example_dags/example_kubernetes_executor.py took 0.194 seconds
[2026-05-16T03:11:48.572+0000] {processor.py:161} INFO - Started process (PID=3627) to work on /home/airflow/.local/lib/python3.8/site-packages/airflow/example_dags/example_kubernetes_executor.py
[2026-05-16T03:11:48.576+0000] {processor.py:830} INFO - Processing file /home/airflow/.local/lib/python3.8/site-packages/airflow/example_dags/example_kubernetes_executor.py for tasks to queue
[2026-05-16T03:11:48.579+0000] {logging_mixin.py:188} INFO - [2026-05-16T03:11:48.578+0000] {dagbag.py:538} INFO - Filling up the DagBag from /home/airflow/.local/lib/python3.8/site-packages/airflow/example_dags/example_kubernetes_executor.py
[2026-05-16T03:11:48.610+0000] {processor.py:840} INFO - DAG(s) 'example_kubernetes_executor' retrieved from /home/airflow/.local/lib/python3.8/site-packages/airflow/example_dags/example_kubernetes_executor.py
[2026-05-16T03:11:48.701+0000] {logging_mixin.py:188} INFO - [2026-05-16T03:11:48.700+0000] {dag.py:3036} INFO - Sync 1 DAGs
[2026-05-16T03:11:48.947+0000] {logging_mixin.py:188} INFO - [2026-05-16T03:11:48.946+0000] {dag.py:3823} INFO - Setting next_dagrun for example_kubernetes_executor to None, run_after=None
[2026-05-16T03:11:48.982+0000] {processor.py:183} INFO - Processing /home/airflow/.local/lib/python3.8/site-packages/airflow/example_dags/example_kubernetes_executor.py took 0.418 seconds
[2026-05-16T03:12:19.400+0000] {processor.py:161} INFO - Started process (PID=3693) to work on /home/airflow/.local/lib/python3.8/site-packages/airflow/example_dags/example_kubernetes_executor.py
[2026-05-16T03:12:19.413+0000] {processor.py:830} INFO - Processing file /home/airflow/.local/lib/python3.8/site-packages/airflow/example_dags/example_kubernetes_executor.py for tasks to queue
[2026-05-16T03:12:19.417+0000] {logging_mixin.py:188} INFO - [2026-05-16T03:12:19.417+0000] {dagbag.py:538} INFO - Filling up the DagBag from /home/airflow/.local/lib/python3.8/site-packages/airflow/example_dags/example_kubernetes_executor.py
[2026-05-16T03:12:19.452+0000] {processor.py:840} INFO - DAG(s) 'example_kubernetes_executor' retrieved from /home/airflow/.local/lib/python3.8/site-packages/airflow/example_dags/example_kubernetes_executor.py
[2026-05-16T03:12:19.529+0000] {logging_mixin.py:188} INFO - [2026-05-16T03:12:19.529+0000] {dag.py:3036} INFO - Sync 1 DAGs
[2026-05-16T03:12:19.758+0000] {logging_mixin.py:188} INFO - [2026-05-16T03:12:19.758+0000] {dag.py:3823} INFO - Setting next_dagrun for example_kubernetes_executor to None, run_after=None
[2026-05-16T03:12:19.791+0000] {processor.py:183} INFO - Processing /home/airflow/.local/lib/python3.8/site-packages/airflow/example_dags/example_kubernetes_executor.py took 0.397 seconds
[2026-05-16T03:12:50.010+0000] {processor.py:161} INFO - Started process (PID=3758) to work on /home/airflow/.local/lib/python3.8/site-packages/airflow/example_dags/example_kubernetes_executor.py
[2026-05-16T03:12:50.012+0000] {processor.py:830} INFO - Processing file /home/airflow/.local/lib/python3.8/site-packages/airflow/example_dags/example_kubernetes_executor.py for tasks to queue
[2026-05-16T03:12:50.014+0000] {logging_mixin.py:188} INFO - [2026-05-16T03:12:50.014+0000] {dagbag.py:538} INFO - Filling up the DagBag from /home/airflow/.local/lib/python3.8/site-packages/airflow/example_dags/example_kubernetes_executor.py
[2026-05-16T03:12:50.038+0000] {processor.py:840} INFO - DAG(s) 'example_kubernetes_executor' retrieved from /home/airflow/.local/lib/python3.8/site-packages/airflow/example_dags/example_kubernetes_executor.py
[2026-05-16T03:12:50.110+0000] {logging_mixin.py:188} INFO - [2026-05-16T03:12:50.109+0000] {dag.py:3036} INFO - Sync 1 DAGs
[2026-05-16T03:12:50.139+0000] {logging_mixin.py:188} INFO - [2026-05-16T03:12:50.138+0000] {dag.py:3823} INFO - Setting next_dagrun for example_kubernetes_executor to None, run_after=None
[2026-05-16T03:12:50.193+0000] {processor.py:183} INFO - Processing /home/airflow/.local/lib/python3.8/site-packages/airflow/example_dags/example_kubernetes_executor.py took 0.188 seconds
[2026-05-16T03:13:21.032+0000] {processor.py:161} INFO - Started process (PID=3823) to work on /home/airflow/.local/lib/python3.8/site-packages/airflow/example_dags/example_kubernetes_executor.py
[2026-05-16T03:13:21.035+0000] {processor.py:830} INFO - Processing file /home/airflow/.local/lib/python3.8/site-packages/airflow/example_dags/example_kubernetes_executor.py for tasks to queue
[2026-05-16T03:13:21.038+0000] {logging_mixin.py:188} INFO - [2026-05-16T03:13:21.038+0000] {dagbag.py:538} INFO - Filling up the DagBag from /home/airflow/.local/lib/python3.8/site-packages/airflow/example_dags/example_kubernetes_executor.py
[2026-05-16T03:13:21.252+0000] {processor.py:840} INFO - DAG(s) 'example_kubernetes_executor' retrieved from /home/airflow/.local/lib/python3.8/site-packages/airflow/example_dags/example_kubernetes_executor.py
[2026-05-16T03:13:21.315+0000] {logging_mixin.py:188} INFO - [2026-05-16T03:13:21.315+0000] {dag.py:3036} INFO - Sync 1 DAGs
[2026-05-16T03:13:21.337+0000] {logging_mixin.py:188} INFO - [2026-05-16T03:13:21.336+0000] {dag.py:3823} INFO - Setting next_dagrun for example_kubernetes_executor to None, run_after=None
[2026-05-16T03:13:21.371+0000] {processor.py:183} INFO - Processing /home/airflow/.local/lib/python3.8/site-packages/airflow/example_dags/example_kubernetes_executor.py took 0.344 seconds
[2026-05-16T03:13:51.422+0000] {processor.py:161} INFO - Started process (PID=3896) to work on /home/airflow/.local/lib/python3.8/site-packages/airflow/example_dags/example_kubernetes_executor.py
[2026-05-16T03:13:51.423+0000] {processor.py:830} INFO - Processing file /home/airflow/.local/lib/python3.8/site-packages/airflow/example_dags/example_kubernetes_executor.py for tasks to queue
[2026-05-16T03:13:51.426+0000] {logging_mixin.py:188} INFO - [2026-05-16T03:13:51.425+0000] {dagbag.py:538} INFO - Filling up the DagBag from /home/airflow/.local/lib/python3.8/site-packages/airflow/example_dags/example_kubernetes_executor.py
[2026-05-16T03:13:51.449+0000] {processor.py:840} INFO - DAG(s) 'example_kubernetes_executor' retrieved from /home/airflow/.local/lib/python3.8/site-packages/airflow/example_dags/example_kubernetes_executor.py
[2026-05-16T03:13:51.528+0000] {logging_mixin.py:188} INFO - [2026-05-16T03:13:51.528+0000] {dag.py:3036} INFO - Sync 1 DAGs
[2026-05-16T03:13:51.553+0000] {logging_mixin.py:188} INFO - [2026-05-16T03:13:51.553+0000] {dag.py:3823} INFO - Setting next_dagrun for example_kubernetes_executor to None, run_after=None
[2026-05-16T03:13:51.588+0000] {processor.py:183} INFO - Processing /home/airflow/.local/lib/python3.8/site-packages/airflow/example_dags/example_kubernetes_executor.py took 0.171 seconds
[2026-05-16T03:14:21.769+0000] {processor.py:161} INFO - Started process (PID=3962) to work on /home/airflow/.local/lib/python3.8/site-packages/airflow/example_dags/example_kubernetes_executor.py
[2026-05-16T03:14:21.771+0000] {processor.py:830} INFO - Processing file /home/airflow/.local/lib/python3.8/site-packages/airflow/example_dags/example_kubernetes_executor.py for tasks to queue
[2026-05-16T03:14:21.774+0000] {logging_mixin.py:188} INFO - [2026-05-16T03:14:21.773+0000] {dagbag.py:538} INFO - Filling up the DagBag from /home/airflow/.local/lib/python3.8/site-packages/airflow/example_dags/example_kubernetes_executor.py
[2026-05-16T03:14:21.799+0000] {processor.py:840} INFO - DAG(s) 'example_kubernetes_executor' retrieved from /home/airflow/.local/lib/python3.8/site-packages/airflow/example_dags/example_kubernetes_executor.py
[2026-05-16T03:14:21.867+0000] {logging_mixin.py:188} INFO - [2026-05-16T03:14:21.867+0000] {dag.py:3036} INFO - Sync 1 DAGs
[2026-05-16T03:14:21.887+0000] {logging_mixin.py:188} INFO - [2026-05-16T03:14:21.886+0000] {dag.py:3823} INFO - Setting next_dagrun for example_kubernetes_executor to None, run_after=None
[2026-05-16T03:14:21.915+0000] {processor.py:183} INFO - Processing /home/airflow/.local/lib/python3.8/site-packages/airflow/example_dags/example_kubernetes_executor.py took 0.151 seconds
[2026-05-16T03:14:52.029+0000] {processor.py:161} INFO - Started process (PID=4026) to work on /home/airflow/.local/lib/python3.8/site-packages/airflow/example_dags/example_kubernetes_executor.py
[2026-05-16T03:14:52.030+0000] {processor.py:830} INFO - Processing file /home/airflow/.local/lib/python3.8/site-packages/airflow/example_dags/example_kubernetes_executor.py for tasks to queue
[2026-05-16T03:14:52.033+0000] {logging_mixin.py:188} INFO - [2026-05-16T03:14:52.032+0000] {dagbag.py:538} INFO - Filling up the DagBag from /home/airflow/.local/lib/python3.8/site-packages/airflow/example_dags/example_kubernetes_executor.py
[2026-05-16T03:14:52.058+0000] {processor.py:840} INFO - DAG(s) 'example_kubernetes_executor' retrieved from /home/airflow/.local/lib/python3.8/site-packages/airflow/example_dags/example_kubernetes_executor.py
[2026-05-16T03:14:52.141+0000] {logging_mixin.py:188} INFO - [2026-05-16T03:14:52.141+0000] {dag.py:3036} INFO - Sync 1 DAGs
[2026-05-16T03:14:52.168+0000] {logging_mixin.py:188} INFO - [2026-05-16T03:14:52.168+0000] {dag.py:3823} INFO - Setting next_dagrun for example_kubernetes_executor to None, run_after=None
[2026-05-16T03:14:52.212+0000] {processor.py:183} INFO - Processing /home/airflow/.local/lib/python3.8/site-packages/airflow/example_dags/example_kubernetes_executor.py took 0.189 seconds
[2026-05-16T03:15:22.689+0000] {processor.py:161} INFO - Started process (PID=4091) to work on /home/airflow/.local/lib/python3.8/site-packages/airflow/example_dags/example_kubernetes_executor.py
[2026-05-16T03:15:22.691+0000] {processor.py:830} INFO - Processing file /home/airflow/.local/lib/python3.8/site-packages/airflow/example_dags/example_kubernetes_executor.py for tasks to queue
[2026-05-16T03:15:22.694+0000] {logging_mixin.py:188} INFO - [2026-05-16T03:15:22.693+0000] {dagbag.py:538} INFO - Filling up the DagBag from /home/airflow/.local/lib/python3.8/site-packages/airflow/example_dags/example_kubernetes_executor.py
[2026-05-16T03:15:22.722+0000] {processor.py:840} INFO - DAG(s) 'example_kubernetes_executor' retrieved from /home/airflow/.local/lib/python3.8/site-packages/airflow/example_dags/example_kubernetes_executor.py
[2026-05-16T03:15:22.794+0000] {logging_mixin.py:188} INFO - [2026-05-16T03:15:22.793+0000] {dag.py:3036} INFO - Sync 1 DAGs
[2026-05-16T03:15:22.814+0000] {logging_mixin.py:188} INFO - [2026-05-16T03:15:22.814+0000] {dag.py:3823} INFO - Setting next_dagrun for example_kubernetes_executor to None, run_after=None
[2026-05-16T03:15:22.849+0000] {processor.py:183} INFO - Processing /home/airflow/.local/lib/python3.8/site-packages/airflow/example_dags/example_kubernetes_executor.py took 0.166 seconds
[2026-05-16T03:15:53.039+0000] {processor.py:161} INFO - Started process (PID=4156) to work on /home/airflow/.local/lib/python3.8/site-packages/airflow/example_dags/example_kubernetes_executor.py
[2026-05-16T03:15:53.040+0000] {processor.py:830} INFO - Processing file /home/airflow/.local/lib/python3.8/site-packages/airflow/example_dags/example_kubernetes_executor.py for tasks to queue
[2026-05-16T03:15:53.043+0000] {logging_mixin.py:188} INFO - [2026-05-16T03:15:53.043+0000] {dagbag.py:538} INFO - Filling up the DagBag from /home/airflow/.local/lib/python3.8/site-packages/airflow/example_dags/example_kubernetes_executor.py
[2026-05-16T03:15:53.075+0000] {processor.py:840} INFO - DAG(s) 'example_kubernetes_executor' retrieved from /home/airflow/.local/lib/python3.8/site-packages/airflow/example_dags/example_kubernetes_executor.py
[2026-05-16T03:15:53.148+0000] {logging_mixin.py:188} INFO - [2026-05-16T03:15:53.148+0000] {dag.py:3036} INFO - Sync 1 DAGs
[2026-05-16T03:15:53.169+0000] {logging_mixin.py:188} INFO - [2026-05-16T03:15:53.168+0000] {dag.py:3823} INFO - Setting next_dagrun for example_kubernetes_executor to None, run_after=None
[2026-05-16T03:15:53.197+0000] {processor.py:183} INFO - Processing /home/airflow/.local/lib/python3.8/site-packages/airflow/example_dags/example_kubernetes_executor.py took 0.165 seconds
[2026-05-16T03:16:23.465+0000] {processor.py:161} INFO - Started process (PID=4220) to work on /home/airflow/.local/lib/python3.8/site-packages/airflow/example_dags/example_kubernetes_executor.py
[2026-05-16T03:16:23.467+0000] {processor.py:830} INFO - Processing file /home/airflow/.local/lib/python3.8/site-packages/airflow/example_dags/example_kubernetes_executor.py for tasks to queue
[2026-05-16T03:16:23.469+0000] {logging_mixin.py:188} INFO - [2026-05-16T03:16:23.469+0000] {dagbag.py:538} INFO - Filling up the DagBag from /home/airflow/.local/lib/python3.8/site-packages/airflow/example_dags/example_kubernetes_executor.py
[2026-05-16T03:16:23.494+0000] {processor.py:840} INFO - DAG(s) 'example_kubernetes_executor' retrieved from /home/airflow/.local/lib/python3.8/site-packages/airflow/example_dags/example_kubernetes_executor.py
[2026-05-16T03:16:23.564+0000] {logging_mixin.py:188} INFO - [2026-05-16T03:16:23.563+0000] {dag.py:3036} INFO - Sync 1 DAGs
[2026-05-16T03:16:23.585+0000] {logging_mixin.py:188} INFO - [2026-05-16T03:16:23.584+0000] {dag.py:3823} INFO - Setting next_dagrun for example_kubernetes_executor to None, run_after=None
[2026-05-16T03:16:23.613+0000] {processor.py:183} INFO - Processing /home/airflow/.local/lib/python3.8/site-packages/airflow/example_dags/example_kubernetes_executor.py took 0.154 seconds
[2026-05-16T03:16:54.115+0000] {processor.py:161} INFO - Started process (PID=4285) to work on /home/airflow/.local/lib/python3.8/site-packages/airflow/example_dags/example_kubernetes_executor.py
[2026-05-16T03:16:54.117+0000] {processor.py:830} INFO - Processing file /home/airflow/.local/lib/python3.8/site-packages/airflow/example_dags/example_kubernetes_executor.py for tasks to queue
[2026-05-16T03:16:54.120+0000] {logging_mixin.py:188} INFO - [2026-05-16T03:16:54.119+0000] {dagbag.py:538} INFO - Filling up the DagBag from /home/airflow/.local/lib/python3.8/site-packages/airflow/example_dags/example_kubernetes_executor.py
[2026-05-16T03:16:54.142+0000] {processor.py:840} INFO - DAG(s) 'example_kubernetes_executor' retrieved from /home/airflow/.local/lib/python3.8/site-packages/airflow/example_dags/example_kubernetes_executor.py
[2026-05-16T03:16:54.210+0000] {logging_mixin.py:188} INFO - [2026-05-16T03:16:54.210+0000] {dag.py:3036} INFO - Sync 1 DAGs
[2026-05-16T03:16:54.231+0000] {logging_mixin.py:188} INFO - [2026-05-16T03:16:54.230+0000] {dag.py:3823} INFO - Setting next_dagrun for example_kubernetes_executor to None, run_after=None
[2026-05-16T03:16:54.265+0000] {processor.py:183} INFO - Processing /home/airflow/.local/lib/python3.8/site-packages/airflow/example_dags/example_kubernetes_executor.py took 0.154 seconds
[2026-05-16T03:17:24.513+0000] {processor.py:161} INFO - Started process (PID=4350) to work on /home/airflow/.local/lib/python3.8/site-packages/airflow/example_dags/example_kubernetes_executor.py
[2026-05-16T03:17:24.515+0000] {processor.py:830} INFO - Processing file /home/airflow/.local/lib/python3.8/site-packages/airflow/example_dags/example_kubernetes_executor.py for tasks to queue
[2026-05-16T03:17:24.517+0000] {logging_mixin.py:188} INFO - [2026-05-16T03:17:24.517+0000] {dagbag.py:538} INFO - Filling up the DagBag from /home/airflow/.local/lib/python3.8/site-packages/airflow/example_dags/example_kubernetes_executor.py
[2026-05-16T03:17:24.540+0000] {processor.py:840} INFO - DAG(s) 'example_kubernetes_executor' retrieved from /home/airflow/.local/lib/python3.8/site-packages/airflow/example_dags/example_kubernetes_executor.py
[2026-05-16T03:17:24.605+0000] {logging_mixin.py:188} INFO - [2026-05-16T03:17:24.605+0000] {dag.py:3036} INFO - Sync 1 DAGs
[2026-05-16T03:17:24.626+0000] {logging_mixin.py:188} INFO - [2026-05-16T03:17:24.626+0000] {dag.py:3823} INFO - Setting next_dagrun for example_kubernetes_executor to None, run_after=None
[2026-05-16T03:17:24.656+0000] {processor.py:183} INFO - Processing /home/airflow/.local/lib/python3.8/site-packages/airflow/example_dags/example_kubernetes_executor.py took 0.148 seconds
[2026-05-16T03:17:54.749+0000] {processor.py:161} INFO - Started process (PID=4415) to work on /home/airflow/.local/lib/python3.8/site-packages/airflow/example_dags/example_kubernetes_executor.py
[2026-05-16T03:17:54.751+0000] {processor.py:830} INFO - Processing file /home/airflow/.local/lib/python3.8/site-packages/airflow/example_dags/example_kubernetes_executor.py for tasks to queue
[2026-05-16T03:17:54.755+0000] {logging_mixin.py:188} INFO - [2026-05-16T03:17:54.755+0000] {dagbag.py:538} INFO - Filling up the DagBag from /home/airflow/.local/lib/python3.8/site-packages/airflow/example_dags/example_kubernetes_executor.py
[2026-05-16T03:17:54.780+0000] {processor.py:840} INFO - DAG(s) 'example_kubernetes_executor' retrieved from /home/airflow/.local/lib/python3.8/site-packages/airflow/example_dags/example_kubernetes_executor.py
[2026-05-16T03:17:54.856+0000] {logging_mixin.py:188} INFO - [2026-05-16T03:17:54.856+0000] {dag.py:3036} INFO - Sync 1 DAGs
[2026-05-16T03:17:54.880+0000] {logging_mixin.py:188} INFO - [2026-05-16T03:17:54.880+0000] {dag.py:3823} INFO - Setting next_dagrun for example_kubernetes_executor to None, run_after=None
[2026-05-16T03:17:54.915+0000] {processor.py:183} INFO - Processing /home/airflow/.local/lib/python3.8/site-packages/airflow/example_dags/example_kubernetes_executor.py took 0.172 seconds
[2026-05-16T03:18:25.044+0000] {processor.py:161} INFO - Started process (PID=4480) to work on /home/airflow/.local/lib/python3.8/site-packages/airflow/example_dags/example_kubernetes_executor.py
[2026-05-16T03:18:25.046+0000] {processor.py:830} INFO - Processing file /home/airflow/.local/lib/python3.8/site-packages/airflow/example_dags/example_kubernetes_executor.py for tasks to queue
[2026-05-16T03:18:25.049+0000] {logging_mixin.py:188} INFO - [2026-05-16T03:18:25.048+0000] {dagbag.py:538} INFO - Filling up the DagBag from /home/airflow/.local/lib/python3.8/site-packages/airflow/example_dags/example_kubernetes_executor.py
[2026-05-16T03:18:25.071+0000] {processor.py:840} INFO - DAG(s) 'example_kubernetes_executor' retrieved from /home/airflow/.local/lib/python3.8/site-packages/airflow/example_dags/example_kubernetes_executor.py
[2026-05-16T03:18:25.147+0000] {logging_mixin.py:188} INFO - [2026-05-16T03:18:25.147+0000] {dag.py:3036} INFO - Sync 1 DAGs
[2026-05-16T03:18:25.169+0000] {logging_mixin.py:188} INFO - [2026-05-16T03:18:25.169+0000] {dag.py:3823} INFO - Setting next_dagrun for example_kubernetes_executor to None, run_after=None
[2026-05-16T03:18:25.207+0000] {processor.py:183} INFO - Processing /home/airflow/.local/lib/python3.8/site-packages/airflow/example_dags/example_kubernetes_executor.py took 0.167 seconds
[2026-05-16T03:18:55.394+0000] {processor.py:161} INFO - Started process (PID=4545) to work on /home/airflow/.local/lib/python3.8/site-packages/airflow/example_dags/example_kubernetes_executor.py
[2026-05-16T03:18:55.396+0000] {processor.py:830} INFO - Processing file /home/airflow/.local/lib/python3.8/site-packages/airflow/example_dags/example_kubernetes_executor.py for tasks to queue
[2026-05-16T03:18:55.399+0000] {logging_mixin.py:188} INFO - [2026-05-16T03:18:55.398+0000] {dagbag.py:538} INFO - Filling up the DagBag from /home/airflow/.local/lib/python3.8/site-packages/airflow/example_dags/example_kubernetes_executor.py
[2026-05-16T03:18:55.424+0000] {processor.py:840} INFO - DAG(s) 'example_kubernetes_executor' retrieved from /home/airflow/.local/lib/python3.8/site-packages/airflow/example_dags/example_kubernetes_executor.py
[2026-05-16T03:18:55.502+0000] {logging_mixin.py:188} INFO - [2026-05-16T03:18:55.501+0000] {dag.py:3036} INFO - Sync 1 DAGs
[2026-05-16T03:18:55.523+0000] {logging_mixin.py:188} INFO - [2026-05-16T03:18:55.523+0000] {dag.py:3823} INFO - Setting next_dagrun for example_kubernetes_executor to None, run_after=None
[2026-05-16T03:18:55.560+0000] {processor.py:183} INFO - Processing /home/airflow/.local/lib/python3.8/site-packages/airflow/example_dags/example_kubernetes_executor.py took 0.170 seconds
[2026-05-16T03:19:25.746+0000] {processor.py:161} INFO - Started process (PID=4610) to work on /home/airflow/.local/lib/python3.8/site-packages/airflow/example_dags/example_kubernetes_executor.py
[2026-05-16T03:19:25.748+0000] {processor.py:830} INFO - Processing file /home/airflow/.local/lib/python3.8/site-packages/airflow/example_dags/example_kubernetes_executor.py for tasks to queue
[2026-05-16T03:19:25.751+0000] {logging_mixin.py:188} INFO - [2026-05-16T03:19:25.750+0000] {dagbag.py:538} INFO - Filling up the DagBag from /home/airflow/.local/lib/python3.8/site-packages/airflow/example_dags/example_kubernetes_executor.py
[2026-05-16T03:19:25.777+0000] {processor.py:840} INFO - DAG(s) 'example_kubernetes_executor' retrieved from /home/airflow/.local/lib/python3.8/site-packages/airflow/example_dags/example_kubernetes_executor.py
[2026-05-16T03:19:25.839+0000] {logging_mixin.py:188} INFO - [2026-05-16T03:19:25.839+0000] {dag.py:3036} INFO - Sync 1 DAGs
[2026-05-16T03:19:25.861+0000] {logging_mixin.py:188} INFO - [2026-05-16T03:19:25.861+0000] {dag.py:3823} INFO - Setting next_dagrun for example_kubernetes_executor to None, run_after=None
[2026-05-16T03:19:25.893+0000] {processor.py:183} INFO - Processing /home/airflow/.local/lib/python3.8/site-packages/airflow/example_dags/example_kubernetes_executor.py took 0.152 seconds
[2026-05-16T03:19:56.002+0000] {processor.py:161} INFO - Started process (PID=4675) to work on /home/airflow/.local/lib/python3.8/site-packages/airflow/example_dags/example_kubernetes_executor.py
[2026-05-16T03:19:56.004+0000] {processor.py:830} INFO - Processing file /home/airflow/.local/lib/python3.8/site-packages/airflow/example_dags/example_kubernetes_executor.py for tasks to queue
[2026-05-16T03:19:56.007+0000] {logging_mixin.py:188} INFO - [2026-05-16T03:19:56.007+0000] {dagbag.py:538} INFO - Filling up the DagBag from /home/airflow/.local/lib/python3.8/site-packages/airflow/example_dags/example_kubernetes_executor.py
[2026-05-16T03:19:56.033+0000] {processor.py:840} INFO - DAG(s) 'example_kubernetes_executor' retrieved from /home/airflow/.local/lib/python3.8/site-packages/airflow/example_dags/example_kubernetes_executor.py
[2026-05-16T03:19:56.106+0000] {logging_mixin.py:188} INFO - [2026-05-16T03:19:56.105+0000] {dag.py:3036} INFO - Sync 1 DAGs
[2026-05-16T03:19:56.132+0000] {logging_mixin.py:188} INFO - [2026-05-16T03:19:56.132+0000] {dag.py:3823} INFO - Setting next_dagrun for example_kubernetes_executor to None, run_after=None
[2026-05-16T03:19:56.167+0000] {processor.py:183} INFO - Processing /home/airflow/.local/lib/python3.8/site-packages/airflow/example_dags/example_kubernetes_executor.py took 0.170 seconds
[2026-05-16T03:20:26.414+0000] {processor.py:161} INFO - Started process (PID=4739) to work on /home/airflow/.local/lib/python3.8/site-packages/airflow/example_dags/example_kubernetes_executor.py
[2026-05-16T03:20:26.416+0000] {processor.py:830} INFO - Processing file /home/airflow/.local/lib/python3.8/site-packages/airflow/example_dags/example_kubernetes_executor.py for tasks to queue
[2026-05-16T03:20:26.419+0000] {logging_mixin.py:188} INFO - [2026-05-16T03:20:26.419+0000] {dagbag.py:538} INFO - Filling up the DagBag from /home/airflow/.local/lib/python3.8/site-packages/airflow/example_dags/example_kubernetes_executor.py
[2026-05-16T03:20:26.450+0000] {processor.py:840} INFO - DAG(s) 'example_kubernetes_executor' retrieved from /home/airflow/.local/lib/python3.8/site-packages/airflow/example_dags/example_kubernetes_executor.py
[2026-05-16T03:20:26.523+0000] {logging_mixin.py:188} INFO - [2026-05-16T03:20:26.523+0000] {dag.py:3036} INFO - Sync 1 DAGs
[2026-05-16T03:20:26.546+0000] {logging_mixin.py:188} INFO - [2026-05-16T03:20:26.545+0000] {dag.py:3823} INFO - Setting next_dagrun for example_kubernetes_executor to None, run_after=None
[2026-05-16T03:20:26.576+0000] {processor.py:183} INFO - Processing /home/airflow/.local/lib/python3.8/site-packages/airflow/example_dags/example_kubernetes_executor.py took 0.168 seconds
[2026-05-16T03:20:56.713+0000] {processor.py:161} INFO - Started process (PID=4804) to work on /home/airflow/.local/lib/python3.8/site-packages/airflow/example_dags/example_kubernetes_executor.py
[2026-05-16T03:20:56.715+0000] {processor.py:830} INFO - Processing file /home/airflow/.local/lib/python3.8/site-packages/airflow/example_dags/example_kubernetes_executor.py for tasks to queue
[2026-05-16T03:20:56.717+0000] {logging_mixin.py:188} INFO - [2026-05-16T03:20:56.717+0000] {dagbag.py:538} INFO - Filling up the DagBag from /home/airflow/.local/lib/python3.8/site-packages/airflow/example_dags/example_kubernetes_executor.py
[2026-05-16T03:20:56.740+0000] {processor.py:840} INFO - DAG(s) 'example_kubernetes_executor' retrieved from /home/airflow/.local/lib/python3.8/site-packages/airflow/example_dags/example_kubernetes_executor.py
[2026-05-16T03:20:56.806+0000] {logging_mixin.py:188} INFO - [2026-05-16T03:20:56.805+0000] {dag.py:3036} INFO - Sync 1 DAGs
[2026-05-16T03:20:56.826+0000] {logging_mixin.py:188} INFO - [2026-05-16T03:20:56.825+0000] {dag.py:3823} INFO - Setting next_dagrun for example_kubernetes_executor to None, run_after=None
[2026-05-16T03:20:56.857+0000] {processor.py:183} INFO - Processing /home/airflow/.local/lib/python3.8/site-packages/airflow/example_dags/example_kubernetes_executor.py took 0.149 seconds
[2026-05-16T03:21:27.125+0000] {processor.py:161} INFO - Started process (PID=4876) to work on /home/airflow/.local/lib/python3.8/site-packages/airflow/example_dags/example_kubernetes_executor.py
[2026-05-16T03:21:27.127+0000] {processor.py:830} INFO - Processing file /home/airflow/.local/lib/python3.8/site-packages/airflow/example_dags/example_kubernetes_executor.py for tasks to queue
[2026-05-16T03:21:27.130+0000] {logging_mixin.py:188} INFO - [2026-05-16T03:21:27.129+0000] {dagbag.py:538} INFO - Filling up the DagBag from /home/airflow/.local/lib/python3.8/site-packages/airflow/example_dags/example_kubernetes_executor.py
[2026-05-16T03:21:27.160+0000] {processor.py:840} INFO - DAG(s) 'example_kubernetes_executor' retrieved from /home/airflow/.local/lib/python3.8/site-packages/airflow/example_dags/example_kubernetes_executor.py
[2026-05-16T03:21:27.252+0000] {logging_mixin.py:188} INFO - [2026-05-16T03:21:27.251+0000] {dag.py:3036} INFO - Sync 1 DAGs
[2026-05-16T03:21:27.277+0000] {logging_mixin.py:188} INFO - [2026-05-16T03:21:27.277+0000] {dag.py:3823} INFO - Setting next_dagrun for example_kubernetes_executor to None, run_after=None
[2026-05-16T03:21:27.314+0000] {processor.py:183} INFO - Processing /home/airflow/.local/lib/python3.8/site-packages/airflow/example_dags/example_kubernetes_executor.py took 0.195 seconds
[2026-05-16T03:21:57.997+0000] {processor.py:161} INFO - Started process (PID=4942) to work on /home/airflow/.local/lib/python3.8/site-packages/airflow/example_dags/example_kubernetes_executor.py
[2026-05-16T03:21:57.998+0000] {processor.py:830} INFO - Processing file /home/airflow/.local/lib/python3.8/site-packages/airflow/example_dags/example_kubernetes_executor.py for tasks to queue
[2026-05-16T03:21:58.001+0000] {logging_mixin.py:188} INFO - [2026-05-16T03:21:58.001+0000] {dagbag.py:538} INFO - Filling up the DagBag from /home/airflow/.local/lib/python3.8/site-packages/airflow/example_dags/example_kubernetes_executor.py
[2026-05-16T03:21:58.027+0000] {processor.py:840} INFO - DAG(s) 'example_kubernetes_executor' retrieved from /home/airflow/.local/lib/python3.8/site-packages/airflow/example_dags/example_kubernetes_executor.py
[2026-05-16T03:21:58.105+0000] {logging_mixin.py:188} INFO - [2026-05-16T03:21:58.104+0000] {dag.py:3036} INFO - Sync 1 DAGs
[2026-05-16T03:21:58.132+0000] {logging_mixin.py:188} INFO - [2026-05-16T03:21:58.131+0000] {dag.py:3823} INFO - Setting next_dagrun for example_kubernetes_executor to None, run_after=None
[2026-05-16T03:21:58.168+0000] {processor.py:183} INFO - Processing /home/airflow/.local/lib/python3.8/site-packages/airflow/example_dags/example_kubernetes_executor.py took 0.177 seconds
[2026-05-16T03:22:28.503+0000] {processor.py:161} INFO - Started process (PID=5006) to work on /home/airflow/.local/lib/python3.8/site-packages/airflow/example_dags/example_kubernetes_executor.py
[2026-05-16T03:22:28.505+0000] {processor.py:830} INFO - Processing file /home/airflow/.local/lib/python3.8/site-packages/airflow/example_dags/example_kubernetes_executor.py for tasks to queue
[2026-05-16T03:22:28.509+0000] {logging_mixin.py:188} INFO - [2026-05-16T03:22:28.508+0000] {dagbag.py:538} INFO - Filling up the DagBag from /home/airflow/.local/lib/python3.8/site-packages/airflow/example_dags/example_kubernetes_executor.py
[2026-05-16T03:22:28.539+0000] {processor.py:840} INFO - DAG(s) 'example_kubernetes_executor' retrieved from /home/airflow/.local/lib/python3.8/site-packages/airflow/example_dags/example_kubernetes_executor.py
[2026-05-16T03:22:28.619+0000] {logging_mixin.py:188} INFO - [2026-05-16T03:22:28.618+0000] {dag.py:3036} INFO - Sync 1 DAGs
[2026-05-16T03:22:28.643+0000] {logging_mixin.py:188} INFO - [2026-05-16T03:22:28.642+0000] {dag.py:3823} INFO - Setting next_dagrun for example_kubernetes_executor to None, run_after=None
[2026-05-16T03:22:28.678+0000] {processor.py:183} INFO - Processing /home/airflow/.local/lib/python3.8/site-packages/airflow/example_dags/example_kubernetes_executor.py took 0.182 seconds
[2026-05-16T03:22:58.940+0000] {processor.py:161} INFO - Started process (PID=5071) to work on /home/airflow/.local/lib/python3.8/site-packages/airflow/example_dags/example_kubernetes_executor.py
[2026-05-16T03:22:58.943+0000] {processor.py:830} INFO - Processing file /home/airflow/.local/lib/python3.8/site-packages/airflow/example_dags/example_kubernetes_executor.py for tasks to queue
[2026-05-16T03:22:58.946+0000] {logging_mixin.py:188} INFO - [2026-05-16T03:22:58.945+0000] {dagbag.py:538} INFO - Filling up the DagBag from /home/airflow/.local/lib/python3.8/site-packages/airflow/example_dags/example_kubernetes_executor.py
[2026-05-16T03:22:58.976+0000] {processor.py:840} INFO - DAG(s) 'example_kubernetes_executor' retrieved from /home/airflow/.local/lib/python3.8/site-packages/airflow/example_dags/example_kubernetes_executor.py
[2026-05-16T03:22:59.050+0000] {logging_mixin.py:188} INFO - [2026-05-16T03:22:59.050+0000] {dag.py:3036} INFO - Sync 1 DAGs
[2026-05-16T03:22:59.071+0000] {logging_mixin.py:188} INFO - [2026-05-16T03:22:59.071+0000] {dag.py:3823} INFO - Setting next_dagrun for example_kubernetes_executor to None, run_after=None
[2026-05-16T03:22:59.115+0000] {processor.py:183} INFO - Processing /home/airflow/.local/lib/python3.8/site-packages/airflow/example_dags/example_kubernetes_executor.py took 0.182 seconds
[2026-05-16T03:23:29.588+0000] {processor.py:161} INFO - Started process (PID=5138) to work on /home/airflow/.local/lib/python3.8/site-packages/airflow/example_dags/example_kubernetes_executor.py
[2026-05-16T03:23:29.591+0000] {processor.py:830} INFO - Processing file /home/airflow/.local/lib/python3.8/site-packages/airflow/example_dags/example_kubernetes_executor.py for tasks to queue
[2026-05-16T03:23:29.594+0000] {logging_mixin.py:188} INFO - [2026-05-16T03:23:29.593+0000] {dagbag.py:538} INFO - Filling up the DagBag from /home/airflow/.local/lib/python3.8/site-packages/airflow/example_dags/example_kubernetes_executor.py
[2026-05-16T03:23:29.624+0000] {processor.py:840} INFO - DAG(s) 'example_kubernetes_executor' retrieved from /home/airflow/.local/lib/python3.8/site-packages/airflow/example_dags/example_kubernetes_executor.py
[2026-05-16T03:23:29.690+0000] {logging_mixin.py:188} INFO - [2026-05-16T03:23:29.690+0000] {dag.py:3036} INFO - Sync 1 DAGs
[2026-05-16T03:23:29.709+0000] {logging_mixin.py:188} INFO - [2026-05-16T03:23:29.709+0000] {dag.py:3823} INFO - Setting next_dagrun for example_kubernetes_executor to None, run_after=None
[2026-05-16T03:23:29.737+0000] {processor.py:183} INFO - Processing /home/airflow/.local/lib/python3.8/site-packages/airflow/example_dags/example_kubernetes_executor.py took 0.155 seconds
[2026-05-16T03:24:00.207+0000] {processor.py:161} INFO - Started process (PID=5204) to work on /home/airflow/.local/lib/python3.8/site-packages/airflow/example_dags/example_kubernetes_executor.py
[2026-05-16T03:24:00.209+0000] {processor.py:830} INFO - Processing file /home/airflow/.local/lib/python3.8/site-packages/airflow/example_dags/example_kubernetes_executor.py for tasks to queue
[2026-05-16T03:24:00.211+0000] {logging_mixin.py:188} INFO - [2026-05-16T03:24:00.211+0000] {dagbag.py:538} INFO - Filling up the DagBag from /home/airflow/.local/lib/python3.8/site-packages/airflow/example_dags/example_kubernetes_executor.py
[2026-05-16T03:24:00.236+0000] {processor.py:840} INFO - DAG(s) 'example_kubernetes_executor' retrieved from /home/airflow/.local/lib/python3.8/site-packages/airflow/example_dags/example_kubernetes_executor.py
[2026-05-16T03:24:00.304+0000] {logging_mixin.py:188} INFO - [2026-05-16T03:24:00.303+0000] {dag.py:3036} INFO - Sync 1 DAGs
[2026-05-16T03:24:00.323+0000] {logging_mixin.py:188} INFO - [2026-05-16T03:24:00.323+0000] {dag.py:3823} INFO - Setting next_dagrun for example_kubernetes_executor to None, run_after=None
[2026-05-16T03:24:00.354+0000] {processor.py:183} INFO - Processing /home/airflow/.local/lib/python3.8/site-packages/airflow/example_dags/example_kubernetes_executor.py took 0.153 seconds
[2026-05-16T03:24:30.841+0000] {processor.py:161} INFO - Started process (PID=5270) to work on /home/airflow/.local/lib/python3.8/site-packages/airflow/example_dags/example_kubernetes_executor.py
[2026-05-16T03:24:30.843+0000] {processor.py:830} INFO - Processing file /home/airflow/.local/lib/python3.8/site-packages/airflow/example_dags/example_kubernetes_executor.py for tasks to queue
[2026-05-16T03:24:30.846+0000] {logging_mixin.py:188} INFO - [2026-05-16T03:24:30.845+0000] {dagbag.py:538} INFO - Filling up the DagBag from /home/airflow/.local/lib/python3.8/site-packages/airflow/example_dags/example_kubernetes_executor.py
[2026-05-16T03:24:30.874+0000] {processor.py:840} INFO - DAG(s) 'example_kubernetes_executor' retrieved from /home/airflow/.local/lib/python3.8/site-packages/airflow/example_dags/example_kubernetes_executor.py
[2026-05-16T03:24:30.954+0000] {logging_mixin.py:188} INFO - [2026-05-16T03:24:30.953+0000] {dag.py:3036} INFO - Sync 1 DAGs
[2026-05-16T03:24:30.977+0000] {logging_mixin.py:188} INFO - [2026-05-16T03:24:30.977+0000] {dag.py:3823} INFO - Setting next_dagrun for example_kubernetes_executor to None, run_after=None
[2026-05-16T03:24:31.010+0000] {processor.py:183} INFO - Processing /home/airflow/.local/lib/python3.8/site-packages/airflow/example_dags/example_kubernetes_executor.py took 0.175 seconds
[2026-05-16T03:25:01.454+0000] {processor.py:161} INFO - Started process (PID=5336) to work on /home/airflow/.local/lib/python3.8/site-packages/airflow/example_dags/example_kubernetes_executor.py
[2026-05-16T03:25:01.456+0000] {processor.py:830} INFO - Processing file /home/airflow/.local/lib/python3.8/site-packages/airflow/example_dags/example_kubernetes_executor.py for tasks to queue
[2026-05-16T03:25:01.459+0000] {logging_mixin.py:188} INFO - [2026-05-16T03:25:01.459+0000] {dagbag.py:538} INFO - Filling up the DagBag from /home/airflow/.local/lib/python3.8/site-packages/airflow/example_dags/example_kubernetes_executor.py
[2026-05-16T03:25:01.490+0000] {processor.py:840} INFO - DAG(s) 'example_kubernetes_executor' retrieved from /home/airflow/.local/lib/python3.8/site-packages/airflow/example_dags/example_kubernetes_executor.py
[2026-05-16T03:25:01.573+0000] {logging_mixin.py:188} INFO - [2026-05-16T03:25:01.573+0000] {dag.py:3036} INFO - Sync 1 DAGs
[2026-05-16T03:25:01.598+0000] {logging_mixin.py:188} INFO - [2026-05-16T03:25:01.597+0000] {dag.py:3823} INFO - Setting next_dagrun for example_kubernetes_executor to None, run_after=None
[2026-05-16T03:25:01.638+0000] {processor.py:183} INFO - Processing /home/airflow/.local/lib/python3.8/site-packages/airflow/example_dags/example_kubernetes_executor.py took 0.189 seconds
[2026-05-16T03:25:31.802+0000] {processor.py:161} INFO - Started process (PID=5401) to work on /home/airflow/.local/lib/python3.8/site-packages/airflow/example_dags/example_kubernetes_executor.py
[2026-05-16T03:25:31.804+0000] {processor.py:830} INFO - Processing file /home/airflow/.local/lib/python3.8/site-packages/airflow/example_dags/example_kubernetes_executor.py for tasks to queue
[2026-05-16T03:25:31.808+0000] {logging_mixin.py:188} INFO - [2026-05-16T03:25:31.807+0000] {dagbag.py:538} INFO - Filling up the DagBag from /home/airflow/.local/lib/python3.8/site-packages/airflow/example_dags/example_kubernetes_executor.py
[2026-05-16T03:25:31.834+0000] {processor.py:840} INFO - DAG(s) 'example_kubernetes_executor' retrieved from /home/airflow/.local/lib/python3.8/site-packages/airflow/example_dags/example_kubernetes_executor.py
[2026-05-16T03:25:31.907+0000] {logging_mixin.py:188} INFO - [2026-05-16T03:25:31.906+0000] {dag.py:3036} INFO - Sync 1 DAGs
[2026-05-16T03:25:31.928+0000] {logging_mixin.py:188} INFO - [2026-05-16T03:25:31.928+0000] {dag.py:3823} INFO - Setting next_dagrun for example_kubernetes_executor to None, run_after=None
[2026-05-16T03:25:31.964+0000] {processor.py:183} INFO - Processing /home/airflow/.local/lib/python3.8/site-packages/airflow/example_dags/example_kubernetes_executor.py took 0.167 seconds
[2026-05-16T03:26:02.106+0000] {processor.py:161} INFO - Started process (PID=5464) to work on /home/airflow/.local/lib/python3.8/site-packages/airflow/example_dags/example_kubernetes_executor.py
[2026-05-16T03:26:02.107+0000] {processor.py:830} INFO - Processing file /home/airflow/.local/lib/python3.8/site-packages/airflow/example_dags/example_kubernetes_executor.py for tasks to queue
[2026-05-16T03:26:02.110+0000] {logging_mixin.py:188} INFO - [2026-05-16T03:26:02.110+0000] {dagbag.py:538} INFO - Filling up the DagBag from /home/airflow/.local/lib/python3.8/site-packages/airflow/example_dags/example_kubernetes_executor.py
[2026-05-16T03:26:02.136+0000] {processor.py:840} INFO - DAG(s) 'example_kubernetes_executor' retrieved from /home/airflow/.local/lib/python3.8/site-packages/airflow/example_dags/example_kubernetes_executor.py
[2026-05-16T03:26:02.217+0000] {logging_mixin.py:188} INFO - [2026-05-16T03:26:02.217+0000] {dag.py:3036} INFO - Sync 1 DAGs
[2026-05-16T03:26:02.242+0000] {logging_mixin.py:188} INFO - [2026-05-16T03:26:02.242+0000] {dag.py:3823} INFO - Setting next_dagrun for example_kubernetes_executor to None, run_after=None
[2026-05-16T03:26:02.279+0000] {processor.py:183} INFO - Processing /home/airflow/.local/lib/python3.8/site-packages/airflow/example_dags/example_kubernetes_executor.py took 0.178 seconds
[2026-05-16T03:26:32.949+0000] {processor.py:161} INFO - Started process (PID=5529) to work on /home/airflow/.local/lib/python3.8/site-packages/airflow/example_dags/example_kubernetes_executor.py
[2026-05-16T03:26:32.952+0000] {processor.py:830} INFO - Processing file /home/airflow/.local/lib/python3.8/site-packages/airflow/example_dags/example_kubernetes_executor.py for tasks to queue
[2026-05-16T03:26:32.955+0000] {logging_mixin.py:188} INFO - [2026-05-16T03:26:32.954+0000] {dagbag.py:538} INFO - Filling up the DagBag from /home/airflow/.local/lib/python3.8/site-packages/airflow/example_dags/example_kubernetes_executor.py
[2026-05-16T03:26:32.982+0000] {processor.py:840} INFO - DAG(s) 'example_kubernetes_executor' retrieved from /home/airflow/.local/lib/python3.8/site-packages/airflow/example_dags/example_kubernetes_executor.py
[2026-05-16T03:26:33.051+0000] {logging_mixin.py:188} INFO - [2026-05-16T03:26:33.050+0000] {dag.py:3036} INFO - Sync 1 DAGs
[2026-05-16T03:26:33.073+0000] {logging_mixin.py:188} INFO - [2026-05-16T03:26:33.073+0000] {dag.py:3823} INFO - Setting next_dagrun for example_kubernetes_executor to None, run_after=None
[2026-05-16T03:26:33.104+0000] {processor.py:183} INFO - Processing /home/airflow/.local/lib/python3.8/site-packages/airflow/example_dags/example_kubernetes_executor.py took 0.161 seconds
[2026-05-16T03:27:03.480+0000] {processor.py:161} INFO - Started process (PID=5602) to work on /home/airflow/.local/lib/python3.8/site-packages/airflow/example_dags/example_kubernetes_executor.py
[2026-05-16T03:27:03.482+0000] {processor.py:830} INFO - Processing file /home/airflow/.local/lib/python3.8/site-packages/airflow/example_dags/example_kubernetes_executor.py for tasks to queue
[2026-05-16T03:27:03.486+0000] {logging_mixin.py:188} INFO - [2026-05-16T03:27:03.485+0000] {dagbag.py:538} INFO - Filling up the DagBag from /home/airflow/.local/lib/python3.8/site-packages/airflow/example_dags/example_kubernetes_executor.py
[2026-05-16T03:27:03.515+0000] {processor.py:840} INFO - DAG(s) 'example_kubernetes_executor' retrieved from /home/airflow/.local/lib/python3.8/site-packages/airflow/example_dags/example_kubernetes_executor.py
[2026-05-16T03:27:03.602+0000] {logging_mixin.py:188} INFO - [2026-05-16T03:27:03.601+0000] {dag.py:3036} INFO - Sync 1 DAGs
[2026-05-16T03:27:03.627+0000] {logging_mixin.py:188} INFO - [2026-05-16T03:27:03.627+0000] {dag.py:3823} INFO - Setting next_dagrun for example_kubernetes_executor to None, run_after=None
[2026-05-16T03:27:03.662+0000] {processor.py:183} INFO - Processing /home/airflow/.local/lib/python3.8/site-packages/airflow/example_dags/example_kubernetes_executor.py took 0.189 seconds
[2026-05-16T03:27:34.159+0000] {processor.py:161} INFO - Started process (PID=5666) to work on /home/airflow/.local/lib/python3.8/site-packages/airflow/example_dags/example_kubernetes_executor.py
[2026-05-16T03:27:34.161+0000] {processor.py:830} INFO - Processing file /home/airflow/.local/lib/python3.8/site-packages/airflow/example_dags/example_kubernetes_executor.py for tasks to queue
[2026-05-16T03:27:34.164+0000] {logging_mixin.py:188} INFO - [2026-05-16T03:27:34.164+0000] {dagbag.py:538} INFO - Filling up the DagBag from /home/airflow/.local/lib/python3.8/site-packages/airflow/example_dags/example_kubernetes_executor.py
[2026-05-16T03:27:34.195+0000] {processor.py:840} INFO - DAG(s) 'example_kubernetes_executor' retrieved from /home/airflow/.local/lib/python3.8/site-packages/airflow/example_dags/example_kubernetes_executor.py
[2026-05-16T03:27:34.285+0000] {logging_mixin.py:188} INFO - [2026-05-16T03:27:34.284+0000] {dag.py:3036} INFO - Sync 1 DAGs
[2026-05-16T03:27:34.312+0000] {logging_mixin.py:188} INFO - [2026-05-16T03:27:34.312+0000] {dag.py:3823} INFO - Setting next_dagrun for example_kubernetes_executor to None, run_after=None
[2026-05-16T03:27:34.351+0000] {processor.py:183} INFO - Processing /home/airflow/.local/lib/python3.8/site-packages/airflow/example_dags/example_kubernetes_executor.py took 0.199 seconds
[2026-05-16T03:28:04.938+0000] {processor.py:161} INFO - Started process (PID=5732) to work on /home/airflow/.local/lib/python3.8/site-packages/airflow/example_dags/example_kubernetes_executor.py
[2026-05-16T03:28:04.941+0000] {processor.py:830} INFO - Processing file /home/airflow/.local/lib/python3.8/site-packages/airflow/example_dags/example_kubernetes_executor.py for tasks to queue
[2026-05-16T03:28:04.944+0000] {logging_mixin.py:188} INFO - [2026-05-16T03:28:04.943+0000] {dagbag.py:538} INFO - Filling up the DagBag from /home/airflow/.local/lib/python3.8/site-packages/airflow/example_dags/example_kubernetes_executor.py
[2026-05-16T03:28:04.973+0000] {processor.py:840} INFO - DAG(s) 'example_kubernetes_executor' retrieved from /home/airflow/.local/lib/python3.8/site-packages/airflow/example_dags/example_kubernetes_executor.py
[2026-05-16T03:28:05.051+0000] {logging_mixin.py:188} INFO - [2026-05-16T03:28:05.051+0000] {dag.py:3036} INFO - Sync 1 DAGs
[2026-05-16T03:28:05.075+0000] {logging_mixin.py:188} INFO - [2026-05-16T03:28:05.074+0000] {dag.py:3823} INFO - Setting next_dagrun for example_kubernetes_executor to None, run_after=None
[2026-05-16T03:28:05.109+0000] {processor.py:183} INFO - Processing /home/airflow/.local/lib/python3.8/site-packages/airflow/example_dags/example_kubernetes_executor.py took 0.178 seconds
[2026-05-16T03:28:35.335+0000] {processor.py:161} INFO - Started process (PID=5796) to work on /home/airflow/.local/lib/python3.8/site-packages/airflow/example_dags/example_kubernetes_executor.py
[2026-05-16T03:28:35.336+0000] {processor.py:830} INFO - Processing file /home/airflow/.local/lib/python3.8/site-packages/airflow/example_dags/example_kubernetes_executor.py for tasks to queue
[2026-05-16T03:28:35.339+0000] {logging_mixin.py:188} INFO - [2026-05-16T03:28:35.339+0000] {dagbag.py:538} INFO - Filling up the DagBag from /home/airflow/.local/lib/python3.8/site-packages/airflow/example_dags/example_kubernetes_executor.py
[2026-05-16T03:28:35.369+0000] {processor.py:840} INFO - DAG(s) 'example_kubernetes_executor' retrieved from /home/airflow/.local/lib/python3.8/site-packages/airflow/example_dags/example_kubernetes_executor.py
[2026-05-16T03:28:35.453+0000] {logging_mixin.py:188} INFO - [2026-05-16T03:28:35.452+0000] {dag.py:3036} INFO - Sync 1 DAGs
[2026-05-16T03:28:35.477+0000] {logging_mixin.py:188} INFO - [2026-05-16T03:28:35.476+0000] {dag.py:3823} INFO - Setting next_dagrun for example_kubernetes_executor to None, run_after=None
[2026-05-16T03:28:35.511+0000] {processor.py:183} INFO - Processing /home/airflow/.local/lib/python3.8/site-packages/airflow/example_dags/example_kubernetes_executor.py took 0.183 seconds
[2026-05-16T03:29:06.008+0000] {processor.py:161} INFO - Started process (PID=5859) to work on /home/airflow/.local/lib/python3.8/site-packages/airflow/example_dags/example_kubernetes_executor.py
[2026-05-16T03:29:06.011+0000] {processor.py:830} INFO - Processing file /home/airflow/.local/lib/python3.8/site-packages/airflow/example_dags/example_kubernetes_executor.py for tasks to queue
[2026-05-16T03:29:06.014+0000] {logging_mixin.py:188} INFO - [2026-05-16T03:29:06.013+0000] {dagbag.py:538} INFO - Filling up the DagBag from /home/airflow/.local/lib/python3.8/site-packages/airflow/example_dags/example_kubernetes_executor.py
[2026-05-16T03:29:06.044+0000] {processor.py:840} INFO - DAG(s) 'example_kubernetes_executor' retrieved from /home/airflow/.local/lib/python3.8/site-packages/airflow/example_dags/example_kubernetes_executor.py
[2026-05-16T03:29:06.128+0000] {logging_mixin.py:188} INFO - [2026-05-16T03:29:06.128+0000] {dag.py:3036} INFO - Sync 1 DAGs
[2026-05-16T03:29:06.153+0000] {logging_mixin.py:188} INFO - [2026-05-16T03:29:06.153+0000] {dag.py:3823} INFO - Setting next_dagrun for example_kubernetes_executor to None, run_after=None
[2026-05-16T03:29:06.189+0000] {processor.py:183} INFO - Processing /home/airflow/.local/lib/python3.8/site-packages/airflow/example_dags/example_kubernetes_executor.py took 0.187 seconds
[2026-05-16T03:29:36.296+0000] {processor.py:161} INFO - Started process (PID=5922) to work on /home/airflow/.local/lib/python3.8/site-packages/airflow/example_dags/example_kubernetes_executor.py
[2026-05-16T03:29:36.298+0000] {processor.py:830} INFO - Processing file /home/airflow/.local/lib/python3.8/site-packages/airflow/example_dags/example_kubernetes_executor.py for tasks to queue
[2026-05-16T03:29:36.301+0000] {logging_mixin.py:188} INFO - [2026-05-16T03:29:36.301+0000] {dagbag.py:538} INFO - Filling up the DagBag from /home/airflow/.local/lib/python3.8/site-packages/airflow/example_dags/example_kubernetes_executor.py
[2026-05-16T03:29:36.330+0000] {processor.py:840} INFO - DAG(s) 'example_kubernetes_executor' retrieved from /home/airflow/.local/lib/python3.8/site-packages/airflow/example_dags/example_kubernetes_executor.py
[2026-05-16T03:29:36.409+0000] {logging_mixin.py:188} INFO - [2026-05-16T03:29:36.408+0000] {dag.py:3036} INFO - Sync 1 DAGs
[2026-05-16T03:29:36.433+0000] {logging_mixin.py:188} INFO - [2026-05-16T03:29:36.433+0000] {dag.py:3823} INFO - Setting next_dagrun for example_kubernetes_executor to None, run_after=None
[2026-05-16T03:29:36.469+0000] {processor.py:183} INFO - Processing /home/airflow/.local/lib/python3.8/site-packages/airflow/example_dags/example_kubernetes_executor.py took 0.180 seconds
[2026-05-16T03:30:06.926+0000] {processor.py:161} INFO - Started process (PID=5986) to work on /home/airflow/.local/lib/python3.8/site-packages/airflow/example_dags/example_kubernetes_executor.py
[2026-05-16T03:30:06.927+0000] {processor.py:830} INFO - Processing file /home/airflow/.local/lib/python3.8/site-packages/airflow/example_dags/example_kubernetes_executor.py for tasks to queue
[2026-05-16T03:30:06.931+0000] {logging_mixin.py:188} INFO - [2026-05-16T03:30:06.930+0000] {dagbag.py:538} INFO - Filling up the DagBag from /home/airflow/.local/lib/python3.8/site-packages/airflow/example_dags/example_kubernetes_executor.py
[2026-05-16T03:30:06.965+0000] {processor.py:840} INFO - DAG(s) 'example_kubernetes_executor' retrieved from /home/airflow/.local/lib/python3.8/site-packages/airflow/example_dags/example_kubernetes_executor.py
[2026-05-16T03:30:07.047+0000] {logging_mixin.py:188} INFO - [2026-05-16T03:30:07.047+0000] {dag.py:3036} INFO - Sync 1 DAGs
[2026-05-16T03:30:07.067+0000] {logging_mixin.py:188} INFO - [2026-05-16T03:30:07.067+0000] {dag.py:3823} INFO - Setting next_dagrun for example_kubernetes_executor to None, run_after=None
[2026-05-16T03:30:07.104+0000] {processor.py:183} INFO - Processing /home/airflow/.local/lib/python3.8/site-packages/airflow/example_dags/example_kubernetes_executor.py took 0.200 seconds
[2026-05-16T03:30:37.867+0000] {processor.py:161} INFO - Started process (PID=6050) to work on /home/airflow/.local/lib/python3.8/site-packages/airflow/example_dags/example_kubernetes_executor.py
[2026-05-16T03:30:37.869+0000] {processor.py:830} INFO - Processing file /home/airflow/.local/lib/python3.8/site-packages/airflow/example_dags/example_kubernetes_executor.py for tasks to queue
[2026-05-16T03:30:37.872+0000] {logging_mixin.py:188} INFO - [2026-05-16T03:30:37.871+0000] {dagbag.py:538} INFO - Filling up the DagBag from /home/airflow/.local/lib/python3.8/site-packages/airflow/example_dags/example_kubernetes_executor.py
[2026-05-16T03:30:37.897+0000] {processor.py:840} INFO - DAG(s) 'example_kubernetes_executor' retrieved from /home/airflow/.local/lib/python3.8/site-packages/airflow/example_dags/example_kubernetes_executor.py
[2026-05-16T03:30:37.964+0000] {logging_mixin.py:188} INFO - [2026-05-16T03:30:37.964+0000] {dag.py:3036} INFO - Sync 1 DAGs
[2026-05-16T03:30:37.985+0000] {logging_mixin.py:188} INFO - [2026-05-16T03:30:37.985+0000] {dag.py:3823} INFO - Setting next_dagrun for example_kubernetes_executor to None, run_after=None
[2026-05-16T03:30:38.018+0000] {processor.py:183} INFO - Processing /home/airflow/.local/lib/python3.8/site-packages/airflow/example_dags/example_kubernetes_executor.py took 0.156 seconds
[2026-05-16T03:31:08.140+0000] {processor.py:161} INFO - Started process (PID=6115) to work on /home/airflow/.local/lib/python3.8/site-packages/airflow/example_dags/example_kubernetes_executor.py
[2026-05-16T03:31:08.142+0000] {processor.py:830} INFO - Processing file /home/airflow/.local/lib/python3.8/site-packages/airflow/example_dags/example_kubernetes_executor.py for tasks to queue
[2026-05-16T03:31:08.145+0000] {logging_mixin.py:188} INFO - [2026-05-16T03:31:08.144+0000] {dagbag.py:538} INFO - Filling up the DagBag from /home/airflow/.local/lib/python3.8/site-packages/airflow/example_dags/example_kubernetes_executor.py
[2026-05-16T03:31:08.171+0000] {processor.py:840} INFO - DAG(s) 'example_kubernetes_executor' retrieved from /home/airflow/.local/lib/python3.8/site-packages/airflow/example_dags/example_kubernetes_executor.py
[2026-05-16T03:31:08.242+0000] {logging_mixin.py:188} INFO - [2026-05-16T03:31:08.242+0000] {dag.py:3036} INFO - Sync 1 DAGs
[2026-05-16T03:31:08.263+0000] {logging_mixin.py:188} INFO - [2026-05-16T03:31:08.263+0000] {dag.py:3823} INFO - Setting next_dagrun for example_kubernetes_executor to None, run_after=None
[2026-05-16T03:31:08.301+0000] {processor.py:183} INFO - Processing /home/airflow/.local/lib/python3.8/site-packages/airflow/example_dags/example_kubernetes_executor.py took 0.166 seconds
[2026-05-16T03:31:38.392+0000] {processor.py:161} INFO - Started process (PID=6179) to work on /home/airflow/.local/lib/python3.8/site-packages/airflow/example_dags/example_kubernetes_executor.py
[2026-05-16T03:31:38.395+0000] {processor.py:830} INFO - Processing file /home/airflow/.local/lib/python3.8/site-packages/airflow/example_dags/example_kubernetes_executor.py for tasks to queue
[2026-05-16T03:31:38.397+0000] {logging_mixin.py:188} INFO - [2026-05-16T03:31:38.397+0000] {dagbag.py:538} INFO - Filling up the DagBag from /home/airflow/.local/lib/python3.8/site-packages/airflow/example_dags/example_kubernetes_executor.py
[2026-05-16T03:31:38.422+0000] {processor.py:840} INFO - DAG(s) 'example_kubernetes_executor' retrieved from /home/airflow/.local/lib/python3.8/site-packages/airflow/example_dags/example_kubernetes_executor.py
[2026-05-16T03:31:38.498+0000] {logging_mixin.py:188} INFO - [2026-05-16T03:31:38.497+0000] {dag.py:3036} INFO - Sync 1 DAGs
[2026-05-16T03:31:38.520+0000] {logging_mixin.py:188} INFO - [2026-05-16T03:31:38.520+0000] {dag.py:3823} INFO - Setting next_dagrun for example_kubernetes_executor to None, run_after=None
[2026-05-16T03:31:38.568+0000] {processor.py:183} INFO - Processing /home/airflow/.local/lib/python3.8/site-packages/airflow/example_dags/example_kubernetes_executor.py took 0.181 seconds
[2026-05-16T03:32:08.628+0000] {processor.py:161} INFO - Started process (PID=6244) to work on /home/airflow/.local/lib/python3.8/site-packages/airflow/example_dags/example_kubernetes_executor.py
[2026-05-16T03:32:08.630+0000] {processor.py:830} INFO - Processing file /home/airflow/.local/lib/python3.8/site-packages/airflow/example_dags/example_kubernetes_executor.py for tasks to queue
[2026-05-16T03:32:08.632+0000] {logging_mixin.py:188} INFO - [2026-05-16T03:32:08.632+0000] {dagbag.py:538} INFO - Filling up the DagBag from /home/airflow/.local/lib/python3.8/site-packages/airflow/example_dags/example_kubernetes_executor.py
[2026-05-16T03:32:08.656+0000] {processor.py:840} INFO - DAG(s) 'example_kubernetes_executor' retrieved from /home/airflow/.local/lib/python3.8/site-packages/airflow/example_dags/example_kubernetes_executor.py
[2026-05-16T03:32:08.732+0000] {logging_mixin.py:188} INFO - [2026-05-16T03:32:08.732+0000] {dag.py:3036} INFO - Sync 1 DAGs
[2026-05-16T03:32:08.757+0000] {logging_mixin.py:188} INFO - [2026-05-16T03:32:08.756+0000] {dag.py:3823} INFO - Setting next_dagrun for example_kubernetes_executor to None, run_after=None
[2026-05-16T03:32:08.791+0000] {processor.py:183} INFO - Processing /home/airflow/.local/lib/python3.8/site-packages/airflow/example_dags/example_kubernetes_executor.py took 0.169 seconds
[2026-05-16T03:32:39.048+0000] {processor.py:161} INFO - Started process (PID=6310) to work on /home/airflow/.local/lib/python3.8/site-packages/airflow/example_dags/example_kubernetes_executor.py
[2026-05-16T03:32:39.050+0000] {processor.py:830} INFO - Processing file /home/airflow/.local/lib/python3.8/site-packages/airflow/example_dags/example_kubernetes_executor.py for tasks to queue
[2026-05-16T03:32:39.052+0000] {logging_mixin.py:188} INFO - [2026-05-16T03:32:39.052+0000] {dagbag.py:538} INFO - Filling up the DagBag from /home/airflow/.local/lib/python3.8/site-packages/airflow/example_dags/example_kubernetes_executor.py
[2026-05-16T03:32:39.078+0000] {processor.py:840} INFO - DAG(s) 'example_kubernetes_executor' retrieved from /home/airflow/.local/lib/python3.8/site-packages/airflow/example_dags/example_kubernetes_executor.py
[2026-05-16T03:32:39.144+0000] {logging_mixin.py:188} INFO - [2026-05-16T03:32:39.143+0000] {dag.py:3036} INFO - Sync 1 DAGs
[2026-05-16T03:32:39.163+0000] {logging_mixin.py:188} INFO - [2026-05-16T03:32:39.163+0000] {dag.py:3823} INFO - Setting next_dagrun for example_kubernetes_executor to None, run_after=None
[2026-05-16T03:32:39.194+0000] {processor.py:183} INFO - Processing /home/airflow/.local/lib/python3.8/site-packages/airflow/example_dags/example_kubernetes_executor.py took 0.152 seconds
[2026-05-16T03:33:09.605+0000] {processor.py:161} INFO - Started process (PID=6375) to work on /home/airflow/.local/lib/python3.8/site-packages/airflow/example_dags/example_kubernetes_executor.py
[2026-05-16T03:33:09.611+0000] {processor.py:830} INFO - Processing file /home/airflow/.local/lib/python3.8/site-packages/airflow/example_dags/example_kubernetes_executor.py for tasks to queue
[2026-05-16T03:33:09.614+0000] {logging_mixin.py:188} INFO - [2026-05-16T03:33:09.613+0000] {dagbag.py:538} INFO - Filling up the DagBag from /home/airflow/.local/lib/python3.8/site-packages/airflow/example_dags/example_kubernetes_executor.py
[2026-05-16T03:33:09.676+0000] {processor.py:840} INFO - DAG(s) 'example_kubernetes_executor' retrieved from /home/airflow/.local/lib/python3.8/site-packages/airflow/example_dags/example_kubernetes_executor.py
[2026-05-16T03:33:09.796+0000] {logging_mixin.py:188} INFO - [2026-05-16T03:33:09.796+0000] {dag.py:3036} INFO - Sync 1 DAGs
[2026-05-16T03:33:09.826+0000] {logging_mixin.py:188} INFO - [2026-05-16T03:33:09.826+0000] {dag.py:3823} INFO - Setting next_dagrun for example_kubernetes_executor to None, run_after=None
[2026-05-16T03:33:09.883+0000] {processor.py:183} INFO - Processing /home/airflow/.local/lib/python3.8/site-packages/airflow/example_dags/example_kubernetes_executor.py took 0.287 seconds
[2026-05-16T03:33:40.257+0000] {processor.py:161} INFO - Started process (PID=6440) to work on /home/airflow/.local/lib/python3.8/site-packages/airflow/example_dags/example_kubernetes_executor.py
[2026-05-16T03:33:40.263+0000] {processor.py:830} INFO - Processing file /home/airflow/.local/lib/python3.8/site-packages/airflow/example_dags/example_kubernetes_executor.py for tasks to queue
[2026-05-16T03:33:40.266+0000] {logging_mixin.py:188} INFO - [2026-05-16T03:33:40.266+0000] {dagbag.py:538} INFO - Filling up the DagBag from /home/airflow/.local/lib/python3.8/site-packages/airflow/example_dags/example_kubernetes_executor.py
[2026-05-16T03:33:40.327+0000] {processor.py:840} INFO - DAG(s) 'example_kubernetes_executor' retrieved from /home/airflow/.local/lib/python3.8/site-packages/airflow/example_dags/example_kubernetes_executor.py
[2026-05-16T03:33:40.479+0000] {logging_mixin.py:188} INFO - [2026-05-16T03:33:40.478+0000] {dag.py:3036} INFO - Sync 1 DAGs
[2026-05-16T03:33:40.505+0000] {logging_mixin.py:188} INFO - [2026-05-16T03:33:40.504+0000] {dag.py:3823} INFO - Setting next_dagrun for example_kubernetes_executor to None, run_after=None
[2026-05-16T03:33:40.590+0000] {processor.py:183} INFO - Processing /home/airflow/.local/lib/python3.8/site-packages/airflow/example_dags/example_kubernetes_executor.py took 0.351 seconds
[2026-05-16T03:34:11.540+0000] {processor.py:161} INFO - Started process (PID=6505) to work on /home/airflow/.local/lib/python3.8/site-packages/airflow/example_dags/example_kubernetes_executor.py
[2026-05-16T03:34:11.543+0000] {processor.py:830} INFO - Processing file /home/airflow/.local/lib/python3.8/site-packages/airflow/example_dags/example_kubernetes_executor.py for tasks to queue
[2026-05-16T03:34:11.546+0000] {logging_mixin.py:188} INFO - [2026-05-16T03:34:11.545+0000] {dagbag.py:538} INFO - Filling up the DagBag from /home/airflow/.local/lib/python3.8/site-packages/airflow/example_dags/example_kubernetes_executor.py
[2026-05-16T03:34:11.574+0000] {processor.py:840} INFO - DAG(s) 'example_kubernetes_executor' retrieved from /home/airflow/.local/lib/python3.8/site-packages/airflow/example_dags/example_kubernetes_executor.py
[2026-05-16T03:34:11.652+0000] {logging_mixin.py:188} INFO - [2026-05-16T03:34:11.651+0000] {dag.py:3036} INFO - Sync 1 DAGs
[2026-05-16T03:34:11.674+0000] {logging_mixin.py:188} INFO - [2026-05-16T03:34:11.673+0000] {dag.py:3823} INFO - Setting next_dagrun for example_kubernetes_executor to None, run_after=None
[2026-05-16T03:34:11.704+0000] {processor.py:183} INFO - Processing /home/airflow/.local/lib/python3.8/site-packages/airflow/example_dags/example_kubernetes_executor.py took 0.170 seconds
[2026-05-16T03:34:41.890+0000] {processor.py:161} INFO - Started process (PID=6578) to work on /home/airflow/.local/lib/python3.8/site-packages/airflow/example_dags/example_kubernetes_executor.py
[2026-05-16T03:34:41.891+0000] {processor.py:830} INFO - Processing file /home/airflow/.local/lib/python3.8/site-packages/airflow/example_dags/example_kubernetes_executor.py for tasks to queue
[2026-05-16T03:34:41.894+0000] {logging_mixin.py:188} INFO - [2026-05-16T03:34:41.894+0000] {dagbag.py:538} INFO - Filling up the DagBag from /home/airflow/.local/lib/python3.8/site-packages/airflow/example_dags/example_kubernetes_executor.py
[2026-05-16T03:34:41.923+0000] {processor.py:840} INFO - DAG(s) 'example_kubernetes_executor' retrieved from /home/airflow/.local/lib/python3.8/site-packages/airflow/example_dags/example_kubernetes_executor.py
[2026-05-16T03:34:42.006+0000] {logging_mixin.py:188} INFO - [2026-05-16T03:34:42.006+0000] {dag.py:3036} INFO - Sync 1 DAGs
[2026-05-16T03:34:42.037+0000] {logging_mixin.py:188} INFO - [2026-05-16T03:34:42.037+0000] {dag.py:3823} INFO - Setting next_dagrun for example_kubernetes_executor to None, run_after=None
[2026-05-16T03:34:42.069+0000] {processor.py:183} INFO - Processing /home/airflow/.local/lib/python3.8/site-packages/airflow/example_dags/example_kubernetes_executor.py took 0.185 seconds
[2026-05-16T03:35:12.362+0000] {processor.py:161} INFO - Started process (PID=6644) to work on /home/airflow/.local/lib/python3.8/site-packages/airflow/example_dags/example_kubernetes_executor.py
[2026-05-16T03:35:12.364+0000] {processor.py:830} INFO - Processing file /home/airflow/.local/lib/python3.8/site-packages/airflow/example_dags/example_kubernetes_executor.py for tasks to queue
[2026-05-16T03:35:12.367+0000] {logging_mixin.py:188} INFO - [2026-05-16T03:35:12.367+0000] {dagbag.py:538} INFO - Filling up the DagBag from /home/airflow/.local/lib/python3.8/site-packages/airflow/example_dags/example_kubernetes_executor.py
[2026-05-16T03:35:12.394+0000] {processor.py:840} INFO - DAG(s) 'example_kubernetes_executor' retrieved from /home/airflow/.local/lib/python3.8/site-packages/airflow/example_dags/example_kubernetes_executor.py
[2026-05-16T03:35:12.480+0000] {logging_mixin.py:188} INFO - [2026-05-16T03:35:12.480+0000] {dag.py:3036} INFO - Sync 1 DAGs
[2026-05-16T03:35:12.507+0000] {logging_mixin.py:188} INFO - [2026-05-16T03:35:12.506+0000] {dag.py:3823} INFO - Setting next_dagrun for example_kubernetes_executor to None, run_after=None
[2026-05-16T03:35:12.557+0000] {processor.py:183} INFO - Processing /home/airflow/.local/lib/python3.8/site-packages/airflow/example_dags/example_kubernetes_executor.py took 0.201 seconds
[2026-05-16T03:35:42.656+0000] {processor.py:161} INFO - Started process (PID=6709) to work on /home/airflow/.local/lib/python3.8/site-packages/airflow/example_dags/example_kubernetes_executor.py
[2026-05-16T03:35:42.657+0000] {processor.py:830} INFO - Processing file /home/airflow/.local/lib/python3.8/site-packages/airflow/example_dags/example_kubernetes_executor.py for tasks to queue
[2026-05-16T03:35:42.660+0000] {logging_mixin.py:188} INFO - [2026-05-16T03:35:42.660+0000] {dagbag.py:538} INFO - Filling up the DagBag from /home/airflow/.local/lib/python3.8/site-packages/airflow/example_dags/example_kubernetes_executor.py
[2026-05-16T03:35:42.686+0000] {processor.py:840} INFO - DAG(s) 'example_kubernetes_executor' retrieved from /home/airflow/.local/lib/python3.8/site-packages/airflow/example_dags/example_kubernetes_executor.py
[2026-05-16T03:35:42.768+0000] {logging_mixin.py:188} INFO - [2026-05-16T03:35:42.767+0000] {dag.py:3036} INFO - Sync 1 DAGs
[2026-05-16T03:35:42.792+0000] {logging_mixin.py:188} INFO - [2026-05-16T03:35:42.791+0000] {dag.py:3823} INFO - Setting next_dagrun for example_kubernetes_executor to None, run_after=None
[2026-05-16T03:35:42.826+0000] {processor.py:183} INFO - Processing /home/airflow/.local/lib/python3.8/site-packages/airflow/example_dags/example_kubernetes_executor.py took 0.176 seconds
[2026-05-16T03:36:12.888+0000] {processor.py:161} INFO - Started process (PID=6774) to work on /home/airflow/.local/lib/python3.8/site-packages/airflow/example_dags/example_kubernetes_executor.py
[2026-05-16T03:36:12.890+0000] {processor.py:830} INFO - Processing file /home/airflow/.local/lib/python3.8/site-packages/airflow/example_dags/example_kubernetes_executor.py for tasks to queue
[2026-05-16T03:36:12.892+0000] {logging_mixin.py:188} INFO - [2026-05-16T03:36:12.892+0000] {dagbag.py:538} INFO - Filling up the DagBag from /home/airflow/.local/lib/python3.8/site-packages/airflow/example_dags/example_kubernetes_executor.py
[2026-05-16T03:36:12.915+0000] {processor.py:840} INFO - DAG(s) 'example_kubernetes_executor' retrieved from /home/airflow/.local/lib/python3.8/site-packages/airflow/example_dags/example_kubernetes_executor.py
[2026-05-16T03:36:12.993+0000] {logging_mixin.py:188} INFO - [2026-05-16T03:36:12.993+0000] {dag.py:3036} INFO - Sync 1 DAGs
[2026-05-16T03:36:13.016+0000] {logging_mixin.py:188} INFO - [2026-05-16T03:36:13.015+0000] {dag.py:3823} INFO - Setting next_dagrun for example_kubernetes_executor to None, run_after=None
[2026-05-16T03:36:13.053+0000] {processor.py:183} INFO - Processing /home/airflow/.local/lib/python3.8/site-packages/airflow/example_dags/example_kubernetes_executor.py took 0.170 seconds
[2026-05-16T03:36:43.470+0000] {processor.py:161} INFO - Started process (PID=6838) to work on /home/airflow/.local/lib/python3.8/site-packages/airflow/example_dags/example_kubernetes_executor.py
[2026-05-16T03:36:43.473+0000] {processor.py:830} INFO - Processing file /home/airflow/.local/lib/python3.8/site-packages/airflow/example_dags/example_kubernetes_executor.py for tasks to queue
[2026-05-16T03:36:43.479+0000] {logging_mixin.py:188} INFO - [2026-05-16T03:36:43.479+0000] {dagbag.py:538} INFO - Filling up the DagBag from /home/airflow/.local/lib/python3.8/site-packages/airflow/example_dags/example_kubernetes_executor.py
[2026-05-16T03:36:43.536+0000] {processor.py:840} INFO - DAG(s) 'example_kubernetes_executor' retrieved from /home/airflow/.local/lib/python3.8/site-packages/airflow/example_dags/example_kubernetes_executor.py
[2026-05-16T03:36:43.617+0000] {logging_mixin.py:188} INFO - [2026-05-16T03:36:43.616+0000] {dag.py:3036} INFO - Sync 1 DAGs
[2026-05-16T03:36:43.642+0000] {logging_mixin.py:188} INFO - [2026-05-16T03:36:43.641+0000] {dag.py:3823} INFO - Setting next_dagrun for example_kubernetes_executor to None, run_after=None
[2026-05-16T03:36:43.683+0000] {processor.py:183} INFO - Processing /home/airflow/.local/lib/python3.8/site-packages/airflow/example_dags/example_kubernetes_executor.py took 0.231 seconds
[2026-05-16T03:37:13.861+0000] {processor.py:161} INFO - Started process (PID=6903) to work on /home/airflow/.local/lib/python3.8/site-packages/airflow/example_dags/example_kubernetes_executor.py
[2026-05-16T03:37:13.863+0000] {processor.py:830} INFO - Processing file /home/airflow/.local/lib/python3.8/site-packages/airflow/example_dags/example_kubernetes_executor.py for tasks to queue
[2026-05-16T03:37:13.866+0000] {logging_mixin.py:188} INFO - [2026-05-16T03:37:13.866+0000] {dagbag.py:538} INFO - Filling up the DagBag from /home/airflow/.local/lib/python3.8/site-packages/airflow/example_dags/example_kubernetes_executor.py
[2026-05-16T03:37:13.897+0000] {processor.py:840} INFO - DAG(s) 'example_kubernetes_executor' retrieved from /home/airflow/.local/lib/python3.8/site-packages/airflow/example_dags/example_kubernetes_executor.py
[2026-05-16T03:37:13.984+0000] {logging_mixin.py:188} INFO - [2026-05-16T03:37:13.983+0000] {dag.py:3036} INFO - Sync 1 DAGs
[2026-05-16T03:37:14.007+0000] {logging_mixin.py:188} INFO - [2026-05-16T03:37:14.007+0000] {dag.py:3823} INFO - Setting next_dagrun for example_kubernetes_executor to None, run_after=None
[2026-05-16T03:37:14.044+0000] {processor.py:183} INFO - Processing /home/airflow/.local/lib/python3.8/site-packages/airflow/example_dags/example_kubernetes_executor.py took 0.189 seconds
[2026-05-16T03:37:44.285+0000] {processor.py:161} INFO - Started process (PID=6968) to work on /home/airflow/.local/lib/python3.8/site-packages/airflow/example_dags/example_kubernetes_executor.py
[2026-05-16T03:37:44.286+0000] {processor.py:830} INFO - Processing file /home/airflow/.local/lib/python3.8/site-packages/airflow/example_dags/example_kubernetes_executor.py for tasks to queue
[2026-05-16T03:37:44.289+0000] {logging_mixin.py:188} INFO - [2026-05-16T03:37:44.289+0000] {dagbag.py:538} INFO - Filling up the DagBag from /home/airflow/.local/lib/python3.8/site-packages/airflow/example_dags/example_kubernetes_executor.py
[2026-05-16T03:37:44.321+0000] {processor.py:840} INFO - DAG(s) 'example_kubernetes_executor' retrieved from /home/airflow/.local/lib/python3.8/site-packages/airflow/example_dags/example_kubernetes_executor.py
[2026-05-16T03:37:44.402+0000] {logging_mixin.py:188} INFO - [2026-05-16T03:37:44.402+0000] {dag.py:3036} INFO - Sync 1 DAGs
[2026-05-16T03:37:44.428+0000] {logging_mixin.py:188} INFO - [2026-05-16T03:37:44.428+0000] {dag.py:3823} INFO - Setting next_dagrun for example_kubernetes_executor to None, run_after=None
[2026-05-16T03:37:44.464+0000] {processor.py:183} INFO - Processing /home/airflow/.local/lib/python3.8/site-packages/airflow/example_dags/example_kubernetes_executor.py took 0.185 seconds
[2026-05-16T03:38:14.625+0000] {processor.py:161} INFO - Started process (PID=7032) to work on /home/airflow/.local/lib/python3.8/site-packages/airflow/example_dags/example_kubernetes_executor.py
[2026-05-16T03:38:14.628+0000] {processor.py:830} INFO - Processing file /home/airflow/.local/lib/python3.8/site-packages/airflow/example_dags/example_kubernetes_executor.py for tasks to queue
[2026-05-16T03:38:14.631+0000] {logging_mixin.py:188} INFO - [2026-05-16T03:38:14.630+0000] {dagbag.py:538} INFO - Filling up the DagBag from /home/airflow/.local/lib/python3.8/site-packages/airflow/example_dags/example_kubernetes_executor.py
[2026-05-16T03:38:14.660+0000] {processor.py:840} INFO - DAG(s) 'example_kubernetes_executor' retrieved from /home/airflow/.local/lib/python3.8/site-packages/airflow/example_dags/example_kubernetes_executor.py
[2026-05-16T03:38:14.735+0000] {logging_mixin.py:188} INFO - [2026-05-16T03:38:14.734+0000] {dag.py:3036} INFO - Sync 1 DAGs
[2026-05-16T03:38:14.759+0000] {logging_mixin.py:188} INFO - [2026-05-16T03:38:14.758+0000] {dag.py:3823} INFO - Setting next_dagrun for example_kubernetes_executor to None, run_after=None
[2026-05-16T03:38:14.792+0000] {processor.py:183} INFO - Processing /home/airflow/.local/lib/python3.8/site-packages/airflow/example_dags/example_kubernetes_executor.py took 0.173 seconds
[2026-05-16T03:38:45.272+0000] {processor.py:161} INFO - Started process (PID=7097) to work on /home/airflow/.local/lib/python3.8/site-packages/airflow/example_dags/example_kubernetes_executor.py
[2026-05-16T03:38:45.274+0000] {processor.py:830} INFO - Processing file /home/airflow/.local/lib/python3.8/site-packages/airflow/example_dags/example_kubernetes_executor.py for tasks to queue
[2026-05-16T03:38:45.277+0000] {logging_mixin.py:188} INFO - [2026-05-16T03:38:45.276+0000] {dagbag.py:538} INFO - Filling up the DagBag from /home/airflow/.local/lib/python3.8/site-packages/airflow/example_dags/example_kubernetes_executor.py
[2026-05-16T03:38:45.302+0000] {processor.py:840} INFO - DAG(s) 'example_kubernetes_executor' retrieved from /home/airflow/.local/lib/python3.8/site-packages/airflow/example_dags/example_kubernetes_executor.py
[2026-05-16T03:38:45.370+0000] {logging_mixin.py:188} INFO - [2026-05-16T03:38:45.369+0000] {dag.py:3036} INFO - Sync 1 DAGs
[2026-05-16T03:38:45.390+0000] {logging_mixin.py:188} INFO - [2026-05-16T03:38:45.389+0000] {dag.py:3823} INFO - Setting next_dagrun for example_kubernetes_executor to None, run_after=None
[2026-05-16T03:38:45.423+0000] {processor.py:183} INFO - Processing /home/airflow/.local/lib/python3.8/site-packages/airflow/example_dags/example_kubernetes_executor.py took 0.156 seconds
[2026-05-16T03:39:16.043+0000] {processor.py:161} INFO - Started process (PID=7161) to work on /home/airflow/.local/lib/python3.8/site-packages/airflow/example_dags/example_kubernetes_executor.py
[2026-05-16T03:39:16.045+0000] {processor.py:830} INFO - Processing file /home/airflow/.local/lib/python3.8/site-packages/airflow/example_dags/example_kubernetes_executor.py for tasks to queue
[2026-05-16T03:39:16.048+0000] {logging_mixin.py:188} INFO - [2026-05-16T03:39:16.048+0000] {dagbag.py:538} INFO - Filling up the DagBag from /home/airflow/.local/lib/python3.8/site-packages/airflow/example_dags/example_kubernetes_executor.py
[2026-05-16T03:39:16.073+0000] {processor.py:840} INFO - DAG(s) 'example_kubernetes_executor' retrieved from /home/airflow/.local/lib/python3.8/site-packages/airflow/example_dags/example_kubernetes_executor.py
[2026-05-16T03:39:16.146+0000] {logging_mixin.py:188} INFO - [2026-05-16T03:39:16.146+0000] {dag.py:3036} INFO - Sync 1 DAGs
[2026-05-16T03:39:16.170+0000] {logging_mixin.py:188} INFO - [2026-05-16T03:39:16.170+0000] {dag.py:3823} INFO - Setting next_dagrun for example_kubernetes_executor to None, run_after=None
[2026-05-16T03:39:16.201+0000] {processor.py:183} INFO - Processing /home/airflow/.local/lib/python3.8/site-packages/airflow/example_dags/example_kubernetes_executor.py took 0.165 seconds
