[2026-05-16T02:44:10.182+0000] {processor.py:161} INFO - Started process (PID=56) to work on /home/airflow/.local/lib/python3.8/site-packages/airflow/example_dags/example_xcom.py
[2026-05-16T02:44:10.191+0000] {processor.py:830} INFO - Processing file /home/airflow/.local/lib/python3.8/site-packages/airflow/example_dags/example_xcom.py for tasks to queue
[2026-05-16T02:44:10.194+0000] {logging_mixin.py:188} INFO - [2026-05-16T02:44:10.194+0000] {dagbag.py:538} INFO - Filling up the DagBag from /home/airflow/.local/lib/python3.8/site-packages/airflow/example_dags/example_xcom.py
[2026-05-16T02:44:10.226+0000] {processor.py:840} INFO - DAG(s) 'example_xcom' retrieved from /home/airflow/.local/lib/python3.8/site-packages/airflow/example_dags/example_xcom.py
[2026-05-16T02:44:10.718+0000] {logging_mixin.py:188} INFO - [2026-05-16T02:44:10.717+0000] {dag.py:3036} INFO - Sync 1 DAGs
[2026-05-16T02:44:10.786+0000] {logging_mixin.py:188} INFO - [2026-05-16T02:44:10.785+0000] {dag.py:3823} INFO - Setting next_dagrun for example_xcom to 2021-01-01 00:00:00+00:00, run_after=2021-01-01 00:00:00+00:00
[2026-05-16T02:44:10.852+0000] {processor.py:183} INFO - Processing /home/airflow/.local/lib/python3.8/site-packages/airflow/example_dags/example_xcom.py took 0.684 seconds
[2026-05-16T02:44:41.436+0000] {processor.py:161} INFO - Started process (PID=115) to work on /home/airflow/.local/lib/python3.8/site-packages/airflow/example_dags/example_xcom.py
[2026-05-16T02:44:41.438+0000] {processor.py:830} INFO - Processing file /home/airflow/.local/lib/python3.8/site-packages/airflow/example_dags/example_xcom.py for tasks to queue
[2026-05-16T02:44:41.441+0000] {logging_mixin.py:188} INFO - [2026-05-16T02:44:41.440+0000] {dagbag.py:538} INFO - Filling up the DagBag from /home/airflow/.local/lib/python3.8/site-packages/airflow/example_dags/example_xcom.py
[2026-05-16T02:44:41.453+0000] {processor.py:840} INFO - DAG(s) 'example_xcom' retrieved from /home/airflow/.local/lib/python3.8/site-packages/airflow/example_dags/example_xcom.py
[2026-05-16T02:44:41.494+0000] {logging_mixin.py:188} INFO - [2026-05-16T02:44:41.494+0000] {dag.py:3036} INFO - Sync 1 DAGs
[2026-05-16T02:44:41.531+0000] {logging_mixin.py:188} INFO - [2026-05-16T02:44:41.530+0000] {dag.py:3823} INFO - Setting next_dagrun for example_xcom to 2021-01-01 00:00:00+00:00, run_after=2021-01-01 00:00:00+00:00
[2026-05-16T02:44:41.559+0000] {processor.py:183} INFO - Processing /home/airflow/.local/lib/python3.8/site-packages/airflow/example_dags/example_xcom.py took 0.128 seconds
[2026-05-16T02:45:11.737+0000] {processor.py:161} INFO - Started process (PID=180) to work on /home/airflow/.local/lib/python3.8/site-packages/airflow/example_dags/example_xcom.py
[2026-05-16T02:45:11.738+0000] {processor.py:830} INFO - Processing file /home/airflow/.local/lib/python3.8/site-packages/airflow/example_dags/example_xcom.py for tasks to queue
[2026-05-16T02:45:11.741+0000] {logging_mixin.py:188} INFO - [2026-05-16T02:45:11.741+0000] {dagbag.py:538} INFO - Filling up the DagBag from /home/airflow/.local/lib/python3.8/site-packages/airflow/example_dags/example_xcom.py
[2026-05-16T02:45:11.754+0000] {processor.py:840} INFO - DAG(s) 'example_xcom' retrieved from /home/airflow/.local/lib/python3.8/site-packages/airflow/example_dags/example_xcom.py
[2026-05-16T02:45:11.795+0000] {logging_mixin.py:188} INFO - [2026-05-16T02:45:11.795+0000] {dag.py:3036} INFO - Sync 1 DAGs
[2026-05-16T02:45:11.837+0000] {logging_mixin.py:188} INFO - [2026-05-16T02:45:11.837+0000] {dag.py:3823} INFO - Setting next_dagrun for example_xcom to 2021-01-01 00:00:00+00:00, run_after=2021-01-01 00:00:00+00:00
[2026-05-16T02:45:11.869+0000] {processor.py:183} INFO - Processing /home/airflow/.local/lib/python3.8/site-packages/airflow/example_dags/example_xcom.py took 0.137 seconds
[2026-05-16T02:45:42.016+0000] {processor.py:161} INFO - Started process (PID=245) to work on /home/airflow/.local/lib/python3.8/site-packages/airflow/example_dags/example_xcom.py
[2026-05-16T02:45:42.018+0000] {processor.py:830} INFO - Processing file /home/airflow/.local/lib/python3.8/site-packages/airflow/example_dags/example_xcom.py for tasks to queue
[2026-05-16T02:45:42.021+0000] {logging_mixin.py:188} INFO - [2026-05-16T02:45:42.020+0000] {dagbag.py:538} INFO - Filling up the DagBag from /home/airflow/.local/lib/python3.8/site-packages/airflow/example_dags/example_xcom.py
[2026-05-16T02:45:42.035+0000] {processor.py:840} INFO - DAG(s) 'example_xcom' retrieved from /home/airflow/.local/lib/python3.8/site-packages/airflow/example_dags/example_xcom.py
[2026-05-16T02:45:42.086+0000] {logging_mixin.py:188} INFO - [2026-05-16T02:45:42.086+0000] {dag.py:3036} INFO - Sync 1 DAGs
[2026-05-16T02:45:42.131+0000] {logging_mixin.py:188} INFO - [2026-05-16T02:45:42.130+0000] {dag.py:3823} INFO - Setting next_dagrun for example_xcom to 2021-01-01 00:00:00+00:00, run_after=2021-01-01 00:00:00+00:00
[2026-05-16T02:45:42.168+0000] {processor.py:183} INFO - Processing /home/airflow/.local/lib/python3.8/site-packages/airflow/example_dags/example_xcom.py took 0.158 seconds
[2026-05-16T02:46:12.450+0000] {processor.py:161} INFO - Started process (PID=309) to work on /home/airflow/.local/lib/python3.8/site-packages/airflow/example_dags/example_xcom.py
[2026-05-16T02:46:12.451+0000] {processor.py:830} INFO - Processing file /home/airflow/.local/lib/python3.8/site-packages/airflow/example_dags/example_xcom.py for tasks to queue
[2026-05-16T02:46:12.454+0000] {logging_mixin.py:188} INFO - [2026-05-16T02:46:12.454+0000] {dagbag.py:538} INFO - Filling up the DagBag from /home/airflow/.local/lib/python3.8/site-packages/airflow/example_dags/example_xcom.py
[2026-05-16T02:46:12.468+0000] {processor.py:840} INFO - DAG(s) 'example_xcom' retrieved from /home/airflow/.local/lib/python3.8/site-packages/airflow/example_dags/example_xcom.py
[2026-05-16T02:46:12.517+0000] {logging_mixin.py:188} INFO - [2026-05-16T02:46:12.516+0000] {dag.py:3036} INFO - Sync 1 DAGs
[2026-05-16T02:46:12.564+0000] {logging_mixin.py:188} INFO - [2026-05-16T02:46:12.563+0000] {dag.py:3823} INFO - Setting next_dagrun for example_xcom to 2021-01-01 00:00:00+00:00, run_after=2021-01-01 00:00:00+00:00
[2026-05-16T02:46:12.611+0000] {processor.py:183} INFO - Processing /home/airflow/.local/lib/python3.8/site-packages/airflow/example_dags/example_xcom.py took 0.167 seconds
[2026-05-16T02:46:42.898+0000] {processor.py:161} INFO - Started process (PID=381) to work on /home/airflow/.local/lib/python3.8/site-packages/airflow/example_dags/example_xcom.py
[2026-05-16T02:46:42.902+0000] {processor.py:830} INFO - Processing file /home/airflow/.local/lib/python3.8/site-packages/airflow/example_dags/example_xcom.py for tasks to queue
[2026-05-16T02:46:42.907+0000] {logging_mixin.py:188} INFO - [2026-05-16T02:46:42.907+0000] {dagbag.py:538} INFO - Filling up the DagBag from /home/airflow/.local/lib/python3.8/site-packages/airflow/example_dags/example_xcom.py
[2026-05-16T02:46:42.932+0000] {processor.py:840} INFO - DAG(s) 'example_xcom' retrieved from /home/airflow/.local/lib/python3.8/site-packages/airflow/example_dags/example_xcom.py
[2026-05-16T02:46:42.992+0000] {logging_mixin.py:188} INFO - [2026-05-16T02:46:42.991+0000] {dag.py:3036} INFO - Sync 1 DAGs
[2026-05-16T02:46:43.037+0000] {logging_mixin.py:188} INFO - [2026-05-16T02:46:43.037+0000] {dag.py:3823} INFO - Setting next_dagrun for example_xcom to 2021-01-01 00:00:00+00:00, run_after=2021-01-01 00:00:00+00:00
[2026-05-16T02:46:43.072+0000] {processor.py:183} INFO - Processing /home/airflow/.local/lib/python3.8/site-packages/airflow/example_dags/example_xcom.py took 0.180 seconds
[2026-05-16T02:47:13.217+0000] {processor.py:161} INFO - Started process (PID=445) to work on /home/airflow/.local/lib/python3.8/site-packages/airflow/example_dags/example_xcom.py
[2026-05-16T02:47:13.219+0000] {processor.py:830} INFO - Processing file /home/airflow/.local/lib/python3.8/site-packages/airflow/example_dags/example_xcom.py for tasks to queue
[2026-05-16T02:47:13.223+0000] {logging_mixin.py:188} INFO - [2026-05-16T02:47:13.222+0000] {dagbag.py:538} INFO - Filling up the DagBag from /home/airflow/.local/lib/python3.8/site-packages/airflow/example_dags/example_xcom.py
[2026-05-16T02:47:13.237+0000] {processor.py:840} INFO - DAG(s) 'example_xcom' retrieved from /home/airflow/.local/lib/python3.8/site-packages/airflow/example_dags/example_xcom.py
[2026-05-16T02:47:13.282+0000] {logging_mixin.py:188} INFO - [2026-05-16T02:47:13.282+0000] {dag.py:3036} INFO - Sync 1 DAGs
[2026-05-16T02:47:13.324+0000] {logging_mixin.py:188} INFO - [2026-05-16T02:47:13.324+0000] {dag.py:3823} INFO - Setting next_dagrun for example_xcom to 2021-01-01 00:00:00+00:00, run_after=2021-01-01 00:00:00+00:00
[2026-05-16T02:47:13.360+0000] {processor.py:183} INFO - Processing /home/airflow/.local/lib/python3.8/site-packages/airflow/example_dags/example_xcom.py took 0.149 seconds
[2026-05-16T02:47:43.947+0000] {processor.py:161} INFO - Started process (PID=510) to work on /home/airflow/.local/lib/python3.8/site-packages/airflow/example_dags/example_xcom.py
[2026-05-16T02:47:43.949+0000] {processor.py:830} INFO - Processing file /home/airflow/.local/lib/python3.8/site-packages/airflow/example_dags/example_xcom.py for tasks to queue
[2026-05-16T02:47:43.953+0000] {logging_mixin.py:188} INFO - [2026-05-16T02:47:43.952+0000] {dagbag.py:538} INFO - Filling up the DagBag from /home/airflow/.local/lib/python3.8/site-packages/airflow/example_dags/example_xcom.py
[2026-05-16T02:47:43.966+0000] {processor.py:840} INFO - DAG(s) 'example_xcom' retrieved from /home/airflow/.local/lib/python3.8/site-packages/airflow/example_dags/example_xcom.py
[2026-05-16T02:47:44.011+0000] {logging_mixin.py:188} INFO - [2026-05-16T02:47:44.010+0000] {dag.py:3036} INFO - Sync 1 DAGs
[2026-05-16T02:47:44.057+0000] {logging_mixin.py:188} INFO - [2026-05-16T02:47:44.056+0000] {dag.py:3823} INFO - Setting next_dagrun for example_xcom to 2021-01-01 00:00:00+00:00, run_after=2021-01-01 00:00:00+00:00
[2026-05-16T02:47:44.092+0000] {processor.py:183} INFO - Processing /home/airflow/.local/lib/python3.8/site-packages/airflow/example_dags/example_xcom.py took 0.150 seconds
[2026-05-16T02:48:14.499+0000] {processor.py:161} INFO - Started process (PID=576) to work on /home/airflow/.local/lib/python3.8/site-packages/airflow/example_dags/example_xcom.py
[2026-05-16T02:48:14.500+0000] {processor.py:830} INFO - Processing file /home/airflow/.local/lib/python3.8/site-packages/airflow/example_dags/example_xcom.py for tasks to queue
[2026-05-16T02:48:14.503+0000] {logging_mixin.py:188} INFO - [2026-05-16T02:48:14.503+0000] {dagbag.py:538} INFO - Filling up the DagBag from /home/airflow/.local/lib/python3.8/site-packages/airflow/example_dags/example_xcom.py
[2026-05-16T02:48:14.515+0000] {processor.py:840} INFO - DAG(s) 'example_xcom' retrieved from /home/airflow/.local/lib/python3.8/site-packages/airflow/example_dags/example_xcom.py
[2026-05-16T02:48:14.554+0000] {logging_mixin.py:188} INFO - [2026-05-16T02:48:14.554+0000] {dag.py:3036} INFO - Sync 1 DAGs
[2026-05-16T02:48:14.594+0000] {logging_mixin.py:188} INFO - [2026-05-16T02:48:14.593+0000] {dag.py:3823} INFO - Setting next_dagrun for example_xcom to 2021-01-01 00:00:00+00:00, run_after=2021-01-01 00:00:00+00:00
[2026-05-16T02:48:14.636+0000] {processor.py:183} INFO - Processing /home/airflow/.local/lib/python3.8/site-packages/airflow/example_dags/example_xcom.py took 0.143 seconds
[2026-05-16T02:48:44.794+0000] {processor.py:161} INFO - Started process (PID=641) to work on /home/airflow/.local/lib/python3.8/site-packages/airflow/example_dags/example_xcom.py
[2026-05-16T02:48:44.797+0000] {processor.py:830} INFO - Processing file /home/airflow/.local/lib/python3.8/site-packages/airflow/example_dags/example_xcom.py for tasks to queue
[2026-05-16T02:48:44.799+0000] {logging_mixin.py:188} INFO - [2026-05-16T02:48:44.799+0000] {dagbag.py:538} INFO - Filling up the DagBag from /home/airflow/.local/lib/python3.8/site-packages/airflow/example_dags/example_xcom.py
[2026-05-16T02:48:44.810+0000] {processor.py:840} INFO - DAG(s) 'example_xcom' retrieved from /home/airflow/.local/lib/python3.8/site-packages/airflow/example_dags/example_xcom.py
[2026-05-16T02:48:44.853+0000] {logging_mixin.py:188} INFO - [2026-05-16T02:48:44.852+0000] {dag.py:3036} INFO - Sync 1 DAGs
[2026-05-16T02:48:44.894+0000] {logging_mixin.py:188} INFO - [2026-05-16T02:48:44.894+0000] {dag.py:3823} INFO - Setting next_dagrun for example_xcom to 2021-01-01 00:00:00+00:00, run_after=2021-01-01 00:00:00+00:00
[2026-05-16T02:48:44.927+0000] {processor.py:183} INFO - Processing /home/airflow/.local/lib/python3.8/site-packages/airflow/example_dags/example_xcom.py took 0.138 seconds
[2026-05-16T02:49:15.220+0000] {processor.py:161} INFO - Started process (PID=705) to work on /home/airflow/.local/lib/python3.8/site-packages/airflow/example_dags/example_xcom.py
[2026-05-16T02:49:15.221+0000] {processor.py:830} INFO - Processing file /home/airflow/.local/lib/python3.8/site-packages/airflow/example_dags/example_xcom.py for tasks to queue
[2026-05-16T02:49:15.224+0000] {logging_mixin.py:188} INFO - [2026-05-16T02:49:15.223+0000] {dagbag.py:538} INFO - Filling up the DagBag from /home/airflow/.local/lib/python3.8/site-packages/airflow/example_dags/example_xcom.py
[2026-05-16T02:49:15.236+0000] {processor.py:840} INFO - DAG(s) 'example_xcom' retrieved from /home/airflow/.local/lib/python3.8/site-packages/airflow/example_dags/example_xcom.py
[2026-05-16T02:49:15.271+0000] {logging_mixin.py:188} INFO - [2026-05-16T02:49:15.271+0000] {dag.py:3036} INFO - Sync 1 DAGs
[2026-05-16T02:49:15.311+0000] {logging_mixin.py:188} INFO - [2026-05-16T02:49:15.310+0000] {dag.py:3823} INFO - Setting next_dagrun for example_xcom to 2021-01-01 00:00:00+00:00, run_after=2021-01-01 00:00:00+00:00
[2026-05-16T02:49:15.342+0000] {processor.py:183} INFO - Processing /home/airflow/.local/lib/python3.8/site-packages/airflow/example_dags/example_xcom.py took 0.127 seconds
[2026-05-16T02:49:45.471+0000] {processor.py:161} INFO - Started process (PID=770) to work on /home/airflow/.local/lib/python3.8/site-packages/airflow/example_dags/example_xcom.py
[2026-05-16T02:49:45.473+0000] {processor.py:830} INFO - Processing file /home/airflow/.local/lib/python3.8/site-packages/airflow/example_dags/example_xcom.py for tasks to queue
[2026-05-16T02:49:45.476+0000] {logging_mixin.py:188} INFO - [2026-05-16T02:49:45.476+0000] {dagbag.py:538} INFO - Filling up the DagBag from /home/airflow/.local/lib/python3.8/site-packages/airflow/example_dags/example_xcom.py
[2026-05-16T02:49:45.489+0000] {processor.py:840} INFO - DAG(s) 'example_xcom' retrieved from /home/airflow/.local/lib/python3.8/site-packages/airflow/example_dags/example_xcom.py
[2026-05-16T02:49:45.533+0000] {logging_mixin.py:188} INFO - [2026-05-16T02:49:45.532+0000] {dag.py:3036} INFO - Sync 1 DAGs
[2026-05-16T02:49:45.575+0000] {logging_mixin.py:188} INFO - [2026-05-16T02:49:45.575+0000] {dag.py:3823} INFO - Setting next_dagrun for example_xcom to 2021-01-01 00:00:00+00:00, run_after=2021-01-01 00:00:00+00:00
[2026-05-16T02:49:45.610+0000] {processor.py:183} INFO - Processing /home/airflow/.local/lib/python3.8/site-packages/airflow/example_dags/example_xcom.py took 0.145 seconds
[2026-05-16T02:50:15.749+0000] {processor.py:161} INFO - Started process (PID=833) to work on /home/airflow/.local/lib/python3.8/site-packages/airflow/example_dags/example_xcom.py
[2026-05-16T02:50:15.750+0000] {processor.py:830} INFO - Processing file /home/airflow/.local/lib/python3.8/site-packages/airflow/example_dags/example_xcom.py for tasks to queue
[2026-05-16T02:50:15.757+0000] {logging_mixin.py:188} INFO - [2026-05-16T02:50:15.757+0000] {dagbag.py:538} INFO - Filling up the DagBag from /home/airflow/.local/lib/python3.8/site-packages/airflow/example_dags/example_xcom.py
[2026-05-16T02:50:15.772+0000] {processor.py:840} INFO - DAG(s) 'example_xcom' retrieved from /home/airflow/.local/lib/python3.8/site-packages/airflow/example_dags/example_xcom.py
[2026-05-16T02:50:15.815+0000] {logging_mixin.py:188} INFO - [2026-05-16T02:50:15.815+0000] {dag.py:3036} INFO - Sync 1 DAGs
[2026-05-16T02:50:15.857+0000] {logging_mixin.py:188} INFO - [2026-05-16T02:50:15.856+0000] {dag.py:3823} INFO - Setting next_dagrun for example_xcom to 2021-01-01 00:00:00+00:00, run_after=2021-01-01 00:00:00+00:00
[2026-05-16T02:50:15.895+0000] {processor.py:183} INFO - Processing /home/airflow/.local/lib/python3.8/site-packages/airflow/example_dags/example_xcom.py took 0.152 seconds
[2026-05-16T02:50:46.293+0000] {processor.py:161} INFO - Started process (PID=899) to work on /home/airflow/.local/lib/python3.8/site-packages/airflow/example_dags/example_xcom.py
[2026-05-16T02:50:46.295+0000] {processor.py:830} INFO - Processing file /home/airflow/.local/lib/python3.8/site-packages/airflow/example_dags/example_xcom.py for tasks to queue
[2026-05-16T02:50:46.298+0000] {logging_mixin.py:188} INFO - [2026-05-16T02:50:46.297+0000] {dagbag.py:538} INFO - Filling up the DagBag from /home/airflow/.local/lib/python3.8/site-packages/airflow/example_dags/example_xcom.py
[2026-05-16T02:50:46.311+0000] {processor.py:840} INFO - DAG(s) 'example_xcom' retrieved from /home/airflow/.local/lib/python3.8/site-packages/airflow/example_dags/example_xcom.py
[2026-05-16T02:50:46.347+0000] {logging_mixin.py:188} INFO - [2026-05-16T02:50:46.346+0000] {dag.py:3036} INFO - Sync 1 DAGs
[2026-05-16T02:50:46.384+0000] {logging_mixin.py:188} INFO - [2026-05-16T02:50:46.383+0000] {dag.py:3823} INFO - Setting next_dagrun for example_xcom to 2021-01-01 00:00:00+00:00, run_after=2021-01-01 00:00:00+00:00
[2026-05-16T02:50:46.414+0000] {processor.py:183} INFO - Processing /home/airflow/.local/lib/python3.8/site-packages/airflow/example_dags/example_xcom.py took 0.127 seconds
[2026-05-16T02:51:16.567+0000] {processor.py:161} INFO - Started process (PID=962) to work on /home/airflow/.local/lib/python3.8/site-packages/airflow/example_dags/example_xcom.py
[2026-05-16T02:51:16.568+0000] {processor.py:830} INFO - Processing file /home/airflow/.local/lib/python3.8/site-packages/airflow/example_dags/example_xcom.py for tasks to queue
[2026-05-16T02:51:16.571+0000] {logging_mixin.py:188} INFO - [2026-05-16T02:51:16.570+0000] {dagbag.py:538} INFO - Filling up the DagBag from /home/airflow/.local/lib/python3.8/site-packages/airflow/example_dags/example_xcom.py
[2026-05-16T02:51:16.582+0000] {processor.py:840} INFO - DAG(s) 'example_xcom' retrieved from /home/airflow/.local/lib/python3.8/site-packages/airflow/example_dags/example_xcom.py
[2026-05-16T02:51:16.618+0000] {logging_mixin.py:188} INFO - [2026-05-16T02:51:16.618+0000] {dag.py:3036} INFO - Sync 1 DAGs
[2026-05-16T02:51:16.657+0000] {logging_mixin.py:188} INFO - [2026-05-16T02:51:16.656+0000] {dag.py:3823} INFO - Setting next_dagrun for example_xcom to 2021-01-01 00:00:00+00:00, run_after=2021-01-01 00:00:00+00:00
[2026-05-16T02:51:16.687+0000] {processor.py:183} INFO - Processing /home/airflow/.local/lib/python3.8/site-packages/airflow/example_dags/example_xcom.py took 0.126 seconds
[2026-05-16T02:51:46.786+0000] {processor.py:161} INFO - Started process (PID=1027) to work on /home/airflow/.local/lib/python3.8/site-packages/airflow/example_dags/example_xcom.py
[2026-05-16T02:51:46.788+0000] {processor.py:830} INFO - Processing file /home/airflow/.local/lib/python3.8/site-packages/airflow/example_dags/example_xcom.py for tasks to queue
[2026-05-16T02:51:46.791+0000] {logging_mixin.py:188} INFO - [2026-05-16T02:51:46.790+0000] {dagbag.py:538} INFO - Filling up the DagBag from /home/airflow/.local/lib/python3.8/site-packages/airflow/example_dags/example_xcom.py
[2026-05-16T02:51:46.802+0000] {processor.py:840} INFO - DAG(s) 'example_xcom' retrieved from /home/airflow/.local/lib/python3.8/site-packages/airflow/example_dags/example_xcom.py
[2026-05-16T02:51:46.844+0000] {logging_mixin.py:188} INFO - [2026-05-16T02:51:46.843+0000] {dag.py:3036} INFO - Sync 1 DAGs
[2026-05-16T02:51:46.907+0000] {logging_mixin.py:188} INFO - [2026-05-16T02:51:46.907+0000] {dag.py:3823} INFO - Setting next_dagrun for example_xcom to 2021-01-01 00:00:00+00:00, run_after=2021-01-01 00:00:00+00:00
[2026-05-16T02:51:46.943+0000] {processor.py:183} INFO - Processing /home/airflow/.local/lib/python3.8/site-packages/airflow/example_dags/example_xcom.py took 0.162 seconds
[2026-05-16T02:52:17.075+0000] {processor.py:161} INFO - Started process (PID=1092) to work on /home/airflow/.local/lib/python3.8/site-packages/airflow/example_dags/example_xcom.py
[2026-05-16T02:52:17.077+0000] {processor.py:830} INFO - Processing file /home/airflow/.local/lib/python3.8/site-packages/airflow/example_dags/example_xcom.py for tasks to queue
[2026-05-16T02:52:17.080+0000] {logging_mixin.py:188} INFO - [2026-05-16T02:52:17.079+0000] {dagbag.py:538} INFO - Filling up the DagBag from /home/airflow/.local/lib/python3.8/site-packages/airflow/example_dags/example_xcom.py
[2026-05-16T02:52:17.093+0000] {processor.py:840} INFO - DAG(s) 'example_xcom' retrieved from /home/airflow/.local/lib/python3.8/site-packages/airflow/example_dags/example_xcom.py
[2026-05-16T02:52:17.129+0000] {logging_mixin.py:188} INFO - [2026-05-16T02:52:17.128+0000] {dag.py:3036} INFO - Sync 1 DAGs
[2026-05-16T02:52:17.165+0000] {logging_mixin.py:188} INFO - [2026-05-16T02:52:17.165+0000] {dag.py:3823} INFO - Setting next_dagrun for example_xcom to 2021-01-01 00:00:00+00:00, run_after=2021-01-01 00:00:00+00:00
[2026-05-16T02:52:17.196+0000] {processor.py:183} INFO - Processing /home/airflow/.local/lib/python3.8/site-packages/airflow/example_dags/example_xcom.py took 0.126 seconds
[2026-05-16T02:52:47.540+0000] {processor.py:161} INFO - Started process (PID=1166) to work on /home/airflow/.local/lib/python3.8/site-packages/airflow/example_dags/example_xcom.py
[2026-05-16T02:52:47.543+0000] {processor.py:830} INFO - Processing file /home/airflow/.local/lib/python3.8/site-packages/airflow/example_dags/example_xcom.py for tasks to queue
[2026-05-16T02:52:47.546+0000] {logging_mixin.py:188} INFO - [2026-05-16T02:52:47.545+0000] {dagbag.py:538} INFO - Filling up the DagBag from /home/airflow/.local/lib/python3.8/site-packages/airflow/example_dags/example_xcom.py
[2026-05-16T02:52:47.558+0000] {processor.py:840} INFO - DAG(s) 'example_xcom' retrieved from /home/airflow/.local/lib/python3.8/site-packages/airflow/example_dags/example_xcom.py
[2026-05-16T02:52:47.600+0000] {logging_mixin.py:188} INFO - [2026-05-16T02:52:47.600+0000] {dag.py:3036} INFO - Sync 1 DAGs
[2026-05-16T02:52:47.643+0000] {logging_mixin.py:188} INFO - [2026-05-16T02:52:47.642+0000] {dag.py:3823} INFO - Setting next_dagrun for example_xcom to 2021-01-01 00:00:00+00:00, run_after=2021-01-01 00:00:00+00:00
[2026-05-16T02:52:47.672+0000] {processor.py:183} INFO - Processing /home/airflow/.local/lib/python3.8/site-packages/airflow/example_dags/example_xcom.py took 0.137 seconds
[2026-05-16T02:53:17.907+0000] {processor.py:161} INFO - Started process (PID=1231) to work on /home/airflow/.local/lib/python3.8/site-packages/airflow/example_dags/example_xcom.py
[2026-05-16T02:53:17.909+0000] {processor.py:830} INFO - Processing file /home/airflow/.local/lib/python3.8/site-packages/airflow/example_dags/example_xcom.py for tasks to queue
[2026-05-16T02:53:17.912+0000] {logging_mixin.py:188} INFO - [2026-05-16T02:53:17.912+0000] {dagbag.py:538} INFO - Filling up the DagBag from /home/airflow/.local/lib/python3.8/site-packages/airflow/example_dags/example_xcom.py
[2026-05-16T02:53:17.926+0000] {processor.py:840} INFO - DAG(s) 'example_xcom' retrieved from /home/airflow/.local/lib/python3.8/site-packages/airflow/example_dags/example_xcom.py
[2026-05-16T02:53:17.975+0000] {logging_mixin.py:188} INFO - [2026-05-16T02:53:17.974+0000] {dag.py:3036} INFO - Sync 1 DAGs
[2026-05-16T02:53:18.014+0000] {logging_mixin.py:188} INFO - [2026-05-16T02:53:18.014+0000] {dag.py:3823} INFO - Setting next_dagrun for example_xcom to 2021-01-01 00:00:00+00:00, run_after=2021-01-01 00:00:00+00:00
[2026-05-16T02:53:18.049+0000] {processor.py:183} INFO - Processing /home/airflow/.local/lib/python3.8/site-packages/airflow/example_dags/example_xcom.py took 0.149 seconds
[2026-05-16T02:53:48.227+0000] {processor.py:161} INFO - Started process (PID=1295) to work on /home/airflow/.local/lib/python3.8/site-packages/airflow/example_dags/example_xcom.py
[2026-05-16T02:53:48.228+0000] {processor.py:830} INFO - Processing file /home/airflow/.local/lib/python3.8/site-packages/airflow/example_dags/example_xcom.py for tasks to queue
[2026-05-16T02:53:48.232+0000] {logging_mixin.py:188} INFO - [2026-05-16T02:53:48.231+0000] {dagbag.py:538} INFO - Filling up the DagBag from /home/airflow/.local/lib/python3.8/site-packages/airflow/example_dags/example_xcom.py
[2026-05-16T02:53:48.247+0000] {processor.py:840} INFO - DAG(s) 'example_xcom' retrieved from /home/airflow/.local/lib/python3.8/site-packages/airflow/example_dags/example_xcom.py
[2026-05-16T02:53:48.291+0000] {logging_mixin.py:188} INFO - [2026-05-16T02:53:48.291+0000] {dag.py:3036} INFO - Sync 1 DAGs
[2026-05-16T02:53:48.336+0000] {logging_mixin.py:188} INFO - [2026-05-16T02:53:48.335+0000] {dag.py:3823} INFO - Setting next_dagrun for example_xcom to 2021-01-01 00:00:00+00:00, run_after=2021-01-01 00:00:00+00:00
[2026-05-16T02:53:48.372+0000] {processor.py:183} INFO - Processing /home/airflow/.local/lib/python3.8/site-packages/airflow/example_dags/example_xcom.py took 0.155 seconds
[2026-05-16T02:54:18.859+0000] {processor.py:161} INFO - Started process (PID=1360) to work on /home/airflow/.local/lib/python3.8/site-packages/airflow/example_dags/example_xcom.py
[2026-05-16T02:54:18.862+0000] {processor.py:830} INFO - Processing file /home/airflow/.local/lib/python3.8/site-packages/airflow/example_dags/example_xcom.py for tasks to queue
[2026-05-16T02:54:18.865+0000] {logging_mixin.py:188} INFO - [2026-05-16T02:54:18.864+0000] {dagbag.py:538} INFO - Filling up the DagBag from /home/airflow/.local/lib/python3.8/site-packages/airflow/example_dags/example_xcom.py
[2026-05-16T02:54:18.878+0000] {processor.py:840} INFO - DAG(s) 'example_xcom' retrieved from /home/airflow/.local/lib/python3.8/site-packages/airflow/example_dags/example_xcom.py
[2026-05-16T02:54:18.922+0000] {logging_mixin.py:188} INFO - [2026-05-16T02:54:18.922+0000] {dag.py:3036} INFO - Sync 1 DAGs
[2026-05-16T02:54:18.965+0000] {logging_mixin.py:188} INFO - [2026-05-16T02:54:18.964+0000] {dag.py:3823} INFO - Setting next_dagrun for example_xcom to 2021-01-01 00:00:00+00:00, run_after=2021-01-01 00:00:00+00:00
[2026-05-16T02:54:18.997+0000] {processor.py:183} INFO - Processing /home/airflow/.local/lib/python3.8/site-packages/airflow/example_dags/example_xcom.py took 0.146 seconds
[2026-05-16T02:54:49.194+0000] {processor.py:161} INFO - Started process (PID=1425) to work on /home/airflow/.local/lib/python3.8/site-packages/airflow/example_dags/example_xcom.py
[2026-05-16T02:54:49.196+0000] {processor.py:830} INFO - Processing file /home/airflow/.local/lib/python3.8/site-packages/airflow/example_dags/example_xcom.py for tasks to queue
[2026-05-16T02:54:49.199+0000] {logging_mixin.py:188} INFO - [2026-05-16T02:54:49.198+0000] {dagbag.py:538} INFO - Filling up the DagBag from /home/airflow/.local/lib/python3.8/site-packages/airflow/example_dags/example_xcom.py
[2026-05-16T02:54:49.213+0000] {processor.py:840} INFO - DAG(s) 'example_xcom' retrieved from /home/airflow/.local/lib/python3.8/site-packages/airflow/example_dags/example_xcom.py
[2026-05-16T02:54:49.275+0000] {logging_mixin.py:188} INFO - [2026-05-16T02:54:49.275+0000] {dag.py:3036} INFO - Sync 1 DAGs
[2026-05-16T02:54:49.323+0000] {logging_mixin.py:188} INFO - [2026-05-16T02:54:49.322+0000] {dag.py:3823} INFO - Setting next_dagrun for example_xcom to 2021-01-01 00:00:00+00:00, run_after=2021-01-01 00:00:00+00:00
[2026-05-16T02:54:49.367+0000] {processor.py:183} INFO - Processing /home/airflow/.local/lib/python3.8/site-packages/airflow/example_dags/example_xcom.py took 0.181 seconds
[2026-05-16T02:55:19.546+0000] {processor.py:161} INFO - Started process (PID=1491) to work on /home/airflow/.local/lib/python3.8/site-packages/airflow/example_dags/example_xcom.py
[2026-05-16T02:55:19.548+0000] {processor.py:830} INFO - Processing file /home/airflow/.local/lib/python3.8/site-packages/airflow/example_dags/example_xcom.py for tasks to queue
[2026-05-16T02:55:19.551+0000] {logging_mixin.py:188} INFO - [2026-05-16T02:55:19.550+0000] {dagbag.py:538} INFO - Filling up the DagBag from /home/airflow/.local/lib/python3.8/site-packages/airflow/example_dags/example_xcom.py
[2026-05-16T02:55:19.564+0000] {processor.py:840} INFO - DAG(s) 'example_xcom' retrieved from /home/airflow/.local/lib/python3.8/site-packages/airflow/example_dags/example_xcom.py
[2026-05-16T02:55:19.608+0000] {logging_mixin.py:188} INFO - [2026-05-16T02:55:19.607+0000] {dag.py:3036} INFO - Sync 1 DAGs
[2026-05-16T02:55:19.649+0000] {logging_mixin.py:188} INFO - [2026-05-16T02:55:19.649+0000] {dag.py:3823} INFO - Setting next_dagrun for example_xcom to 2021-01-01 00:00:00+00:00, run_after=2021-01-01 00:00:00+00:00
[2026-05-16T02:55:19.681+0000] {processor.py:183} INFO - Processing /home/airflow/.local/lib/python3.8/site-packages/airflow/example_dags/example_xcom.py took 0.140 seconds
[2026-05-16T02:55:50.382+0000] {processor.py:161} INFO - Started process (PID=1555) to work on /home/airflow/.local/lib/python3.8/site-packages/airflow/example_dags/example_xcom.py
[2026-05-16T02:55:50.384+0000] {processor.py:830} INFO - Processing file /home/airflow/.local/lib/python3.8/site-packages/airflow/example_dags/example_xcom.py for tasks to queue
[2026-05-16T02:55:50.386+0000] {logging_mixin.py:188} INFO - [2026-05-16T02:55:50.386+0000] {dagbag.py:538} INFO - Filling up the DagBag from /home/airflow/.local/lib/python3.8/site-packages/airflow/example_dags/example_xcom.py
[2026-05-16T02:55:50.398+0000] {processor.py:840} INFO - DAG(s) 'example_xcom' retrieved from /home/airflow/.local/lib/python3.8/site-packages/airflow/example_dags/example_xcom.py
[2026-05-16T02:55:50.438+0000] {logging_mixin.py:188} INFO - [2026-05-16T02:55:50.438+0000] {dag.py:3036} INFO - Sync 1 DAGs
[2026-05-16T02:55:50.475+0000] {logging_mixin.py:188} INFO - [2026-05-16T02:55:50.475+0000] {dag.py:3823} INFO - Setting next_dagrun for example_xcom to 2021-01-01 00:00:00+00:00, run_after=2021-01-01 00:00:00+00:00
[2026-05-16T02:55:50.506+0000] {processor.py:183} INFO - Processing /home/airflow/.local/lib/python3.8/site-packages/airflow/example_dags/example_xcom.py took 0.129 seconds
[2026-05-16T02:56:20.742+0000] {processor.py:161} INFO - Started process (PID=1619) to work on /home/airflow/.local/lib/python3.8/site-packages/airflow/example_dags/example_xcom.py
[2026-05-16T02:56:20.744+0000] {processor.py:830} INFO - Processing file /home/airflow/.local/lib/python3.8/site-packages/airflow/example_dags/example_xcom.py for tasks to queue
[2026-05-16T02:56:20.747+0000] {logging_mixin.py:188} INFO - [2026-05-16T02:56:20.747+0000] {dagbag.py:538} INFO - Filling up the DagBag from /home/airflow/.local/lib/python3.8/site-packages/airflow/example_dags/example_xcom.py
[2026-05-16T02:56:20.760+0000] {processor.py:840} INFO - DAG(s) 'example_xcom' retrieved from /home/airflow/.local/lib/python3.8/site-packages/airflow/example_dags/example_xcom.py
[2026-05-16T02:56:20.804+0000] {logging_mixin.py:188} INFO - [2026-05-16T02:56:20.804+0000] {dag.py:3036} INFO - Sync 1 DAGs
[2026-05-16T02:56:20.845+0000] {logging_mixin.py:188} INFO - [2026-05-16T02:56:20.844+0000] {dag.py:3823} INFO - Setting next_dagrun for example_xcom to 2021-01-01 00:00:00+00:00, run_after=2021-01-01 00:00:00+00:00
[2026-05-16T02:56:20.875+0000] {processor.py:183} INFO - Processing /home/airflow/.local/lib/python3.8/site-packages/airflow/example_dags/example_xcom.py took 0.138 seconds
[2026-05-16T02:56:51.085+0000] {processor.py:161} INFO - Started process (PID=1685) to work on /home/airflow/.local/lib/python3.8/site-packages/airflow/example_dags/example_xcom.py
[2026-05-16T02:56:51.087+0000] {processor.py:830} INFO - Processing file /home/airflow/.local/lib/python3.8/site-packages/airflow/example_dags/example_xcom.py for tasks to queue
[2026-05-16T02:56:51.089+0000] {logging_mixin.py:188} INFO - [2026-05-16T02:56:51.089+0000] {dagbag.py:538} INFO - Filling up the DagBag from /home/airflow/.local/lib/python3.8/site-packages/airflow/example_dags/example_xcom.py
[2026-05-16T02:56:51.102+0000] {processor.py:840} INFO - DAG(s) 'example_xcom' retrieved from /home/airflow/.local/lib/python3.8/site-packages/airflow/example_dags/example_xcom.py
[2026-05-16T02:56:51.139+0000] {logging_mixin.py:188} INFO - [2026-05-16T02:56:51.139+0000] {dag.py:3036} INFO - Sync 1 DAGs
[2026-05-16T02:56:51.176+0000] {logging_mixin.py:188} INFO - [2026-05-16T02:56:51.176+0000] {dag.py:3823} INFO - Setting next_dagrun for example_xcom to 2021-01-01 00:00:00+00:00, run_after=2021-01-01 00:00:00+00:00
[2026-05-16T02:56:51.208+0000] {processor.py:183} INFO - Processing /home/airflow/.local/lib/python3.8/site-packages/airflow/example_dags/example_xcom.py took 0.128 seconds
[2026-05-16T02:57:21.385+0000] {processor.py:161} INFO - Started process (PID=1750) to work on /home/airflow/.local/lib/python3.8/site-packages/airflow/example_dags/example_xcom.py
[2026-05-16T02:57:21.387+0000] {processor.py:830} INFO - Processing file /home/airflow/.local/lib/python3.8/site-packages/airflow/example_dags/example_xcom.py for tasks to queue
[2026-05-16T02:57:21.390+0000] {logging_mixin.py:188} INFO - [2026-05-16T02:57:21.389+0000] {dagbag.py:538} INFO - Filling up the DagBag from /home/airflow/.local/lib/python3.8/site-packages/airflow/example_dags/example_xcom.py
[2026-05-16T02:57:21.401+0000] {processor.py:840} INFO - DAG(s) 'example_xcom' retrieved from /home/airflow/.local/lib/python3.8/site-packages/airflow/example_dags/example_xcom.py
[2026-05-16T02:57:21.438+0000] {logging_mixin.py:188} INFO - [2026-05-16T02:57:21.437+0000] {dag.py:3036} INFO - Sync 1 DAGs
[2026-05-16T02:57:21.478+0000] {logging_mixin.py:188} INFO - [2026-05-16T02:57:21.477+0000] {dag.py:3823} INFO - Setting next_dagrun for example_xcom to 2021-01-01 00:00:00+00:00, run_after=2021-01-01 00:00:00+00:00
[2026-05-16T02:57:21.510+0000] {processor.py:183} INFO - Processing /home/airflow/.local/lib/python3.8/site-packages/airflow/example_dags/example_xcom.py took 0.131 seconds
[2026-05-16T02:57:51.914+0000] {processor.py:161} INFO - Started process (PID=1816) to work on /home/airflow/.local/lib/python3.8/site-packages/airflow/example_dags/example_xcom.py
[2026-05-16T02:57:51.916+0000] {processor.py:830} INFO - Processing file /home/airflow/.local/lib/python3.8/site-packages/airflow/example_dags/example_xcom.py for tasks to queue
[2026-05-16T02:57:51.918+0000] {logging_mixin.py:188} INFO - [2026-05-16T02:57:51.917+0000] {dagbag.py:538} INFO - Filling up the DagBag from /home/airflow/.local/lib/python3.8/site-packages/airflow/example_dags/example_xcom.py
[2026-05-16T02:57:51.930+0000] {processor.py:840} INFO - DAG(s) 'example_xcom' retrieved from /home/airflow/.local/lib/python3.8/site-packages/airflow/example_dags/example_xcom.py
[2026-05-16T02:57:51.971+0000] {logging_mixin.py:188} INFO - [2026-05-16T02:57:51.970+0000] {dag.py:3036} INFO - Sync 1 DAGs
[2026-05-16T02:57:52.006+0000] {logging_mixin.py:188} INFO - [2026-05-16T02:57:52.006+0000] {dag.py:3823} INFO - Setting next_dagrun for example_xcom to 2021-01-01 00:00:00+00:00, run_after=2021-01-01 00:00:00+00:00
[2026-05-16T02:57:52.038+0000] {processor.py:183} INFO - Processing /home/airflow/.local/lib/python3.8/site-packages/airflow/example_dags/example_xcom.py took 0.128 seconds
[2026-05-16T02:58:22.136+0000] {processor.py:161} INFO - Started process (PID=1882) to work on /home/airflow/.local/lib/python3.8/site-packages/airflow/example_dags/example_xcom.py
[2026-05-16T02:58:22.138+0000] {processor.py:830} INFO - Processing file /home/airflow/.local/lib/python3.8/site-packages/airflow/example_dags/example_xcom.py for tasks to queue
[2026-05-16T02:58:22.141+0000] {logging_mixin.py:188} INFO - [2026-05-16T02:58:22.140+0000] {dagbag.py:538} INFO - Filling up the DagBag from /home/airflow/.local/lib/python3.8/site-packages/airflow/example_dags/example_xcom.py
[2026-05-16T02:58:22.156+0000] {processor.py:840} INFO - DAG(s) 'example_xcom' retrieved from /home/airflow/.local/lib/python3.8/site-packages/airflow/example_dags/example_xcom.py
[2026-05-16T02:58:22.210+0000] {logging_mixin.py:188} INFO - [2026-05-16T02:58:22.209+0000] {dag.py:3036} INFO - Sync 1 DAGs
[2026-05-16T02:58:22.255+0000] {logging_mixin.py:188} INFO - [2026-05-16T02:58:22.254+0000] {dag.py:3823} INFO - Setting next_dagrun for example_xcom to 2021-01-01 00:00:00+00:00, run_after=2021-01-01 00:00:00+00:00
[2026-05-16T02:58:22.286+0000] {processor.py:183} INFO - Processing /home/airflow/.local/lib/python3.8/site-packages/airflow/example_dags/example_xcom.py took 0.157 seconds
[2026-05-16T02:58:52.390+0000] {processor.py:161} INFO - Started process (PID=1947) to work on /home/airflow/.local/lib/python3.8/site-packages/airflow/example_dags/example_xcom.py
[2026-05-16T02:58:52.399+0000] {processor.py:830} INFO - Processing file /home/airflow/.local/lib/python3.8/site-packages/airflow/example_dags/example_xcom.py for tasks to queue
[2026-05-16T02:58:52.402+0000] {logging_mixin.py:188} INFO - [2026-05-16T02:58:52.402+0000] {dagbag.py:538} INFO - Filling up the DagBag from /home/airflow/.local/lib/python3.8/site-packages/airflow/example_dags/example_xcom.py
[2026-05-16T02:58:52.417+0000] {processor.py:840} INFO - DAG(s) 'example_xcom' retrieved from /home/airflow/.local/lib/python3.8/site-packages/airflow/example_dags/example_xcom.py
[2026-05-16T02:58:52.464+0000] {logging_mixin.py:188} INFO - [2026-05-16T02:58:52.464+0000] {dag.py:3036} INFO - Sync 1 DAGs
[2026-05-16T02:58:52.507+0000] {logging_mixin.py:188} INFO - [2026-05-16T02:58:52.507+0000] {dag.py:3823} INFO - Setting next_dagrun for example_xcom to 2021-01-01 00:00:00+00:00, run_after=2021-01-01 00:00:00+00:00
[2026-05-16T02:58:52.536+0000] {processor.py:183} INFO - Processing /home/airflow/.local/lib/python3.8/site-packages/airflow/example_dags/example_xcom.py took 0.151 seconds
[2026-05-16T02:59:22.760+0000] {processor.py:161} INFO - Started process (PID=2018) to work on /home/airflow/.local/lib/python3.8/site-packages/airflow/example_dags/example_xcom.py
[2026-05-16T02:59:22.762+0000] {processor.py:830} INFO - Processing file /home/airflow/.local/lib/python3.8/site-packages/airflow/example_dags/example_xcom.py for tasks to queue
[2026-05-16T02:59:22.765+0000] {logging_mixin.py:188} INFO - [2026-05-16T02:59:22.764+0000] {dagbag.py:538} INFO - Filling up the DagBag from /home/airflow/.local/lib/python3.8/site-packages/airflow/example_dags/example_xcom.py
[2026-05-16T02:59:22.779+0000] {processor.py:840} INFO - DAG(s) 'example_xcom' retrieved from /home/airflow/.local/lib/python3.8/site-packages/airflow/example_dags/example_xcom.py
[2026-05-16T02:59:22.822+0000] {logging_mixin.py:188} INFO - [2026-05-16T02:59:22.822+0000] {dag.py:3036} INFO - Sync 1 DAGs
[2026-05-16T02:59:22.862+0000] {logging_mixin.py:188} INFO - [2026-05-16T02:59:22.861+0000] {dag.py:3823} INFO - Setting next_dagrun for example_xcom to 2021-01-01 00:00:00+00:00, run_after=2021-01-01 00:00:00+00:00
[2026-05-16T02:59:22.897+0000] {processor.py:183} INFO - Processing /home/airflow/.local/lib/python3.8/site-packages/airflow/example_dags/example_xcom.py took 0.142 seconds
[2026-05-16T02:59:53.571+0000] {processor.py:161} INFO - Started process (PID=2084) to work on /home/airflow/.local/lib/python3.8/site-packages/airflow/example_dags/example_xcom.py
[2026-05-16T02:59:53.573+0000] {processor.py:830} INFO - Processing file /home/airflow/.local/lib/python3.8/site-packages/airflow/example_dags/example_xcom.py for tasks to queue
[2026-05-16T02:59:53.576+0000] {logging_mixin.py:188} INFO - [2026-05-16T02:59:53.576+0000] {dagbag.py:538} INFO - Filling up the DagBag from /home/airflow/.local/lib/python3.8/site-packages/airflow/example_dags/example_xcom.py
[2026-05-16T02:59:53.590+0000] {processor.py:840} INFO - DAG(s) 'example_xcom' retrieved from /home/airflow/.local/lib/python3.8/site-packages/airflow/example_dags/example_xcom.py
[2026-05-16T02:59:53.635+0000] {logging_mixin.py:188} INFO - [2026-05-16T02:59:53.634+0000] {dag.py:3036} INFO - Sync 1 DAGs
[2026-05-16T02:59:53.677+0000] {logging_mixin.py:188} INFO - [2026-05-16T02:59:53.677+0000] {dag.py:3823} INFO - Setting next_dagrun for example_xcom to 2021-01-01 00:00:00+00:00, run_after=2021-01-01 00:00:00+00:00
[2026-05-16T02:59:53.717+0000] {processor.py:183} INFO - Processing /home/airflow/.local/lib/python3.8/site-packages/airflow/example_dags/example_xcom.py took 0.152 seconds
[2026-05-16T03:00:24.274+0000] {processor.py:161} INFO - Started process (PID=2149) to work on /home/airflow/.local/lib/python3.8/site-packages/airflow/example_dags/example_xcom.py
[2026-05-16T03:00:24.276+0000] {processor.py:830} INFO - Processing file /home/airflow/.local/lib/python3.8/site-packages/airflow/example_dags/example_xcom.py for tasks to queue
[2026-05-16T03:00:24.280+0000] {logging_mixin.py:188} INFO - [2026-05-16T03:00:24.279+0000] {dagbag.py:538} INFO - Filling up the DagBag from /home/airflow/.local/lib/python3.8/site-packages/airflow/example_dags/example_xcom.py
[2026-05-16T03:00:24.293+0000] {processor.py:840} INFO - DAG(s) 'example_xcom' retrieved from /home/airflow/.local/lib/python3.8/site-packages/airflow/example_dags/example_xcom.py
[2026-05-16T03:00:24.331+0000] {logging_mixin.py:188} INFO - [2026-05-16T03:00:24.331+0000] {dag.py:3036} INFO - Sync 1 DAGs
[2026-05-16T03:00:24.377+0000] {logging_mixin.py:188} INFO - [2026-05-16T03:00:24.377+0000] {dag.py:3823} INFO - Setting next_dagrun for example_xcom to 2021-01-01 00:00:00+00:00, run_after=2021-01-01 00:00:00+00:00
[2026-05-16T03:00:24.429+0000] {processor.py:183} INFO - Processing /home/airflow/.local/lib/python3.8/site-packages/airflow/example_dags/example_xcom.py took 0.161 seconds
[2026-05-16T03:00:54.733+0000] {processor.py:161} INFO - Started process (PID=2214) to work on /home/airflow/.local/lib/python3.8/site-packages/airflow/example_dags/example_xcom.py
[2026-05-16T03:00:54.734+0000] {processor.py:830} INFO - Processing file /home/airflow/.local/lib/python3.8/site-packages/airflow/example_dags/example_xcom.py for tasks to queue
[2026-05-16T03:00:54.737+0000] {logging_mixin.py:188} INFO - [2026-05-16T03:00:54.737+0000] {dagbag.py:538} INFO - Filling up the DagBag from /home/airflow/.local/lib/python3.8/site-packages/airflow/example_dags/example_xcom.py
[2026-05-16T03:00:54.752+0000] {processor.py:840} INFO - DAG(s) 'example_xcom' retrieved from /home/airflow/.local/lib/python3.8/site-packages/airflow/example_dags/example_xcom.py
[2026-05-16T03:00:54.794+0000] {logging_mixin.py:188} INFO - [2026-05-16T03:00:54.793+0000] {dag.py:3036} INFO - Sync 1 DAGs
[2026-05-16T03:00:54.835+0000] {logging_mixin.py:188} INFO - [2026-05-16T03:00:54.835+0000] {dag.py:3823} INFO - Setting next_dagrun for example_xcom to 2021-01-01 00:00:00+00:00, run_after=2021-01-01 00:00:00+00:00
[2026-05-16T03:00:54.865+0000] {processor.py:183} INFO - Processing /home/airflow/.local/lib/python3.8/site-packages/airflow/example_dags/example_xcom.py took 0.138 seconds
[2026-05-16T03:01:25.180+0000] {processor.py:161} INFO - Started process (PID=2279) to work on /home/airflow/.local/lib/python3.8/site-packages/airflow/example_dags/example_xcom.py
[2026-05-16T03:01:25.181+0000] {processor.py:830} INFO - Processing file /home/airflow/.local/lib/python3.8/site-packages/airflow/example_dags/example_xcom.py for tasks to queue
[2026-05-16T03:01:25.184+0000] {logging_mixin.py:188} INFO - [2026-05-16T03:01:25.183+0000] {dagbag.py:538} INFO - Filling up the DagBag from /home/airflow/.local/lib/python3.8/site-packages/airflow/example_dags/example_xcom.py
[2026-05-16T03:01:25.195+0000] {processor.py:840} INFO - DAG(s) 'example_xcom' retrieved from /home/airflow/.local/lib/python3.8/site-packages/airflow/example_dags/example_xcom.py
[2026-05-16T03:01:25.236+0000] {logging_mixin.py:188} INFO - [2026-05-16T03:01:25.236+0000] {dag.py:3036} INFO - Sync 1 DAGs
[2026-05-16T03:01:25.275+0000] {logging_mixin.py:188} INFO - [2026-05-16T03:01:25.275+0000] {dag.py:3823} INFO - Setting next_dagrun for example_xcom to 2021-01-01 00:00:00+00:00, run_after=2021-01-01 00:00:00+00:00
[2026-05-16T03:01:25.305+0000] {processor.py:183} INFO - Processing /home/airflow/.local/lib/python3.8/site-packages/airflow/example_dags/example_xcom.py took 0.130 seconds
[2026-05-16T03:01:55.802+0000] {processor.py:161} INFO - Started process (PID=2345) to work on /home/airflow/.local/lib/python3.8/site-packages/airflow/example_dags/example_xcom.py
[2026-05-16T03:01:55.805+0000] {processor.py:830} INFO - Processing file /home/airflow/.local/lib/python3.8/site-packages/airflow/example_dags/example_xcom.py for tasks to queue
[2026-05-16T03:01:55.807+0000] {logging_mixin.py:188} INFO - [2026-05-16T03:01:55.807+0000] {dagbag.py:538} INFO - Filling up the DagBag from /home/airflow/.local/lib/python3.8/site-packages/airflow/example_dags/example_xcom.py
[2026-05-16T03:01:55.821+0000] {processor.py:840} INFO - DAG(s) 'example_xcom' retrieved from /home/airflow/.local/lib/python3.8/site-packages/airflow/example_dags/example_xcom.py
[2026-05-16T03:01:55.860+0000] {logging_mixin.py:188} INFO - [2026-05-16T03:01:55.859+0000] {dag.py:3036} INFO - Sync 1 DAGs
[2026-05-16T03:01:55.902+0000] {logging_mixin.py:188} INFO - [2026-05-16T03:01:55.901+0000] {dag.py:3823} INFO - Setting next_dagrun for example_xcom to 2021-01-01 00:00:00+00:00, run_after=2021-01-01 00:00:00+00:00
[2026-05-16T03:01:55.947+0000] {processor.py:183} INFO - Processing /home/airflow/.local/lib/python3.8/site-packages/airflow/example_dags/example_xcom.py took 0.149 seconds
[2026-05-16T03:02:26.541+0000] {processor.py:161} INFO - Started process (PID=2410) to work on /home/airflow/.local/lib/python3.8/site-packages/airflow/example_dags/example_xcom.py
[2026-05-16T03:02:26.542+0000] {processor.py:830} INFO - Processing file /home/airflow/.local/lib/python3.8/site-packages/airflow/example_dags/example_xcom.py for tasks to queue
[2026-05-16T03:02:26.545+0000] {logging_mixin.py:188} INFO - [2026-05-16T03:02:26.545+0000] {dagbag.py:538} INFO - Filling up the DagBag from /home/airflow/.local/lib/python3.8/site-packages/airflow/example_dags/example_xcom.py
[2026-05-16T03:02:26.559+0000] {processor.py:840} INFO - DAG(s) 'example_xcom' retrieved from /home/airflow/.local/lib/python3.8/site-packages/airflow/example_dags/example_xcom.py
[2026-05-16T03:02:26.602+0000] {logging_mixin.py:188} INFO - [2026-05-16T03:02:26.602+0000] {dag.py:3036} INFO - Sync 1 DAGs
[2026-05-16T03:02:26.642+0000] {logging_mixin.py:188} INFO - [2026-05-16T03:02:26.641+0000] {dag.py:3823} INFO - Setting next_dagrun for example_xcom to 2021-01-01 00:00:00+00:00, run_after=2021-01-01 00:00:00+00:00
[2026-05-16T03:02:26.675+0000] {processor.py:183} INFO - Processing /home/airflow/.local/lib/python3.8/site-packages/airflow/example_dags/example_xcom.py took 0.141 seconds
[2026-05-16T03:02:57.242+0000] {processor.py:161} INFO - Started process (PID=2476) to work on /home/airflow/.local/lib/python3.8/site-packages/airflow/example_dags/example_xcom.py
[2026-05-16T03:02:57.244+0000] {processor.py:830} INFO - Processing file /home/airflow/.local/lib/python3.8/site-packages/airflow/example_dags/example_xcom.py for tasks to queue
[2026-05-16T03:02:57.247+0000] {logging_mixin.py:188} INFO - [2026-05-16T03:02:57.247+0000] {dagbag.py:538} INFO - Filling up the DagBag from /home/airflow/.local/lib/python3.8/site-packages/airflow/example_dags/example_xcom.py
[2026-05-16T03:02:57.262+0000] {processor.py:840} INFO - DAG(s) 'example_xcom' retrieved from /home/airflow/.local/lib/python3.8/site-packages/airflow/example_dags/example_xcom.py
[2026-05-16T03:02:57.306+0000] {logging_mixin.py:188} INFO - [2026-05-16T03:02:57.305+0000] {dag.py:3036} INFO - Sync 1 DAGs
[2026-05-16T03:02:57.359+0000] {logging_mixin.py:188} INFO - [2026-05-16T03:02:57.358+0000] {dag.py:3823} INFO - Setting next_dagrun for example_xcom to 2021-01-01 00:00:00+00:00, run_after=2021-01-01 00:00:00+00:00
[2026-05-16T03:02:57.396+0000] {processor.py:183} INFO - Processing /home/airflow/.local/lib/python3.8/site-packages/airflow/example_dags/example_xcom.py took 0.160 seconds
[2026-05-16T03:03:27.816+0000] {processor.py:161} INFO - Started process (PID=2541) to work on /home/airflow/.local/lib/python3.8/site-packages/airflow/example_dags/example_xcom.py
[2026-05-16T03:03:27.817+0000] {processor.py:830} INFO - Processing file /home/airflow/.local/lib/python3.8/site-packages/airflow/example_dags/example_xcom.py for tasks to queue
[2026-05-16T03:03:27.820+0000] {logging_mixin.py:188} INFO - [2026-05-16T03:03:27.819+0000] {dagbag.py:538} INFO - Filling up the DagBag from /home/airflow/.local/lib/python3.8/site-packages/airflow/example_dags/example_xcom.py
[2026-05-16T03:03:27.833+0000] {processor.py:840} INFO - DAG(s) 'example_xcom' retrieved from /home/airflow/.local/lib/python3.8/site-packages/airflow/example_dags/example_xcom.py
[2026-05-16T03:03:27.873+0000] {logging_mixin.py:188} INFO - [2026-05-16T03:03:27.872+0000] {dag.py:3036} INFO - Sync 1 DAGs
[2026-05-16T03:03:27.912+0000] {logging_mixin.py:188} INFO - [2026-05-16T03:03:27.911+0000] {dag.py:3823} INFO - Setting next_dagrun for example_xcom to 2021-01-01 00:00:00+00:00, run_after=2021-01-01 00:00:00+00:00
[2026-05-16T03:03:27.944+0000] {processor.py:183} INFO - Processing /home/airflow/.local/lib/python3.8/site-packages/airflow/example_dags/example_xcom.py took 0.133 seconds
[2026-05-16T03:03:58.377+0000] {processor.py:161} INFO - Started process (PID=2606) to work on /home/airflow/.local/lib/python3.8/site-packages/airflow/example_dags/example_xcom.py
[2026-05-16T03:03:58.380+0000] {processor.py:830} INFO - Processing file /home/airflow/.local/lib/python3.8/site-packages/airflow/example_dags/example_xcom.py for tasks to queue
[2026-05-16T03:03:58.382+0000] {logging_mixin.py:188} INFO - [2026-05-16T03:03:58.382+0000] {dagbag.py:538} INFO - Filling up the DagBag from /home/airflow/.local/lib/python3.8/site-packages/airflow/example_dags/example_xcom.py
[2026-05-16T03:03:58.396+0000] {processor.py:840} INFO - DAG(s) 'example_xcom' retrieved from /home/airflow/.local/lib/python3.8/site-packages/airflow/example_dags/example_xcom.py
[2026-05-16T03:03:58.439+0000] {logging_mixin.py:188} INFO - [2026-05-16T03:03:58.439+0000] {dag.py:3036} INFO - Sync 1 DAGs
[2026-05-16T03:03:58.478+0000] {logging_mixin.py:188} INFO - [2026-05-16T03:03:58.478+0000] {dag.py:3823} INFO - Setting next_dagrun for example_xcom to 2021-01-01 00:00:00+00:00, run_after=2021-01-01 00:00:00+00:00
[2026-05-16T03:03:58.510+0000] {processor.py:183} INFO - Processing /home/airflow/.local/lib/python3.8/site-packages/airflow/example_dags/example_xcom.py took 0.138 seconds
[2026-05-16T03:04:28.993+0000] {processor.py:161} INFO - Started process (PID=2671) to work on /home/airflow/.local/lib/python3.8/site-packages/airflow/example_dags/example_xcom.py
[2026-05-16T03:04:28.994+0000] {processor.py:830} INFO - Processing file /home/airflow/.local/lib/python3.8/site-packages/airflow/example_dags/example_xcom.py for tasks to queue
[2026-05-16T03:04:28.997+0000] {logging_mixin.py:188} INFO - [2026-05-16T03:04:28.997+0000] {dagbag.py:538} INFO - Filling up the DagBag from /home/airflow/.local/lib/python3.8/site-packages/airflow/example_dags/example_xcom.py
[2026-05-16T03:04:29.010+0000] {processor.py:840} INFO - DAG(s) 'example_xcom' retrieved from /home/airflow/.local/lib/python3.8/site-packages/airflow/example_dags/example_xcom.py
[2026-05-16T03:04:29.053+0000] {logging_mixin.py:188} INFO - [2026-05-16T03:04:29.053+0000] {dag.py:3036} INFO - Sync 1 DAGs
[2026-05-16T03:04:29.095+0000] {logging_mixin.py:188} INFO - [2026-05-16T03:04:29.095+0000] {dag.py:3823} INFO - Setting next_dagrun for example_xcom to 2021-01-01 00:00:00+00:00, run_after=2021-01-01 00:00:00+00:00
[2026-05-16T03:04:29.129+0000] {processor.py:183} INFO - Processing /home/airflow/.local/lib/python3.8/site-packages/airflow/example_dags/example_xcom.py took 0.141 seconds
[2026-05-16T03:04:59.378+0000] {processor.py:161} INFO - Started process (PID=2737) to work on /home/airflow/.local/lib/python3.8/site-packages/airflow/example_dags/example_xcom.py
[2026-05-16T03:04:59.380+0000] {processor.py:830} INFO - Processing file /home/airflow/.local/lib/python3.8/site-packages/airflow/example_dags/example_xcom.py for tasks to queue
[2026-05-16T03:04:59.383+0000] {logging_mixin.py:188} INFO - [2026-05-16T03:04:59.382+0000] {dagbag.py:538} INFO - Filling up the DagBag from /home/airflow/.local/lib/python3.8/site-packages/airflow/example_dags/example_xcom.py
[2026-05-16T03:04:59.397+0000] {processor.py:840} INFO - DAG(s) 'example_xcom' retrieved from /home/airflow/.local/lib/python3.8/site-packages/airflow/example_dags/example_xcom.py
[2026-05-16T03:04:59.446+0000] {logging_mixin.py:188} INFO - [2026-05-16T03:04:59.446+0000] {dag.py:3036} INFO - Sync 1 DAGs
[2026-05-16T03:04:59.490+0000] {logging_mixin.py:188} INFO - [2026-05-16T03:04:59.490+0000] {dag.py:3823} INFO - Setting next_dagrun for example_xcom to 2021-01-01 00:00:00+00:00, run_after=2021-01-01 00:00:00+00:00
[2026-05-16T03:04:59.527+0000] {processor.py:183} INFO - Processing /home/airflow/.local/lib/python3.8/site-packages/airflow/example_dags/example_xcom.py took 0.154 seconds
[2026-05-16T03:05:29.728+0000] {processor.py:161} INFO - Started process (PID=2810) to work on /home/airflow/.local/lib/python3.8/site-packages/airflow/example_dags/example_xcom.py
[2026-05-16T03:05:29.730+0000] {processor.py:830} INFO - Processing file /home/airflow/.local/lib/python3.8/site-packages/airflow/example_dags/example_xcom.py for tasks to queue
[2026-05-16T03:05:29.733+0000] {logging_mixin.py:188} INFO - [2026-05-16T03:05:29.732+0000] {dagbag.py:538} INFO - Filling up the DagBag from /home/airflow/.local/lib/python3.8/site-packages/airflow/example_dags/example_xcom.py
[2026-05-16T03:05:29.748+0000] {processor.py:840} INFO - DAG(s) 'example_xcom' retrieved from /home/airflow/.local/lib/python3.8/site-packages/airflow/example_dags/example_xcom.py
[2026-05-16T03:05:29.794+0000] {logging_mixin.py:188} INFO - [2026-05-16T03:05:29.793+0000] {dag.py:3036} INFO - Sync 1 DAGs
[2026-05-16T03:05:29.838+0000] {logging_mixin.py:188} INFO - [2026-05-16T03:05:29.838+0000] {dag.py:3823} INFO - Setting next_dagrun for example_xcom to 2021-01-01 00:00:00+00:00, run_after=2021-01-01 00:00:00+00:00
[2026-05-16T03:05:29.873+0000] {processor.py:183} INFO - Processing /home/airflow/.local/lib/python3.8/site-packages/airflow/example_dags/example_xcom.py took 0.151 seconds
[2026-05-16T03:06:00.210+0000] {processor.py:161} INFO - Started process (PID=2876) to work on /home/airflow/.local/lib/python3.8/site-packages/airflow/example_dags/example_xcom.py
[2026-05-16T03:06:00.212+0000] {processor.py:830} INFO - Processing file /home/airflow/.local/lib/python3.8/site-packages/airflow/example_dags/example_xcom.py for tasks to queue
[2026-05-16T03:06:00.215+0000] {logging_mixin.py:188} INFO - [2026-05-16T03:06:00.214+0000] {dagbag.py:538} INFO - Filling up the DagBag from /home/airflow/.local/lib/python3.8/site-packages/airflow/example_dags/example_xcom.py
[2026-05-16T03:06:00.229+0000] {processor.py:840} INFO - DAG(s) 'example_xcom' retrieved from /home/airflow/.local/lib/python3.8/site-packages/airflow/example_dags/example_xcom.py
[2026-05-16T03:06:00.274+0000] {logging_mixin.py:188} INFO - [2026-05-16T03:06:00.274+0000] {dag.py:3036} INFO - Sync 1 DAGs
[2026-05-16T03:06:00.318+0000] {logging_mixin.py:188} INFO - [2026-05-16T03:06:00.317+0000] {dag.py:3823} INFO - Setting next_dagrun for example_xcom to 2021-01-01 00:00:00+00:00, run_after=2021-01-01 00:00:00+00:00
[2026-05-16T03:06:00.351+0000] {processor.py:183} INFO - Processing /home/airflow/.local/lib/python3.8/site-packages/airflow/example_dags/example_xcom.py took 0.146 seconds
[2026-05-16T03:06:30.561+0000] {processor.py:161} INFO - Started process (PID=2941) to work on /home/airflow/.local/lib/python3.8/site-packages/airflow/example_dags/example_xcom.py
[2026-05-16T03:06:30.563+0000] {processor.py:830} INFO - Processing file /home/airflow/.local/lib/python3.8/site-packages/airflow/example_dags/example_xcom.py for tasks to queue
[2026-05-16T03:06:30.566+0000] {logging_mixin.py:188} INFO - [2026-05-16T03:06:30.566+0000] {dagbag.py:538} INFO - Filling up the DagBag from /home/airflow/.local/lib/python3.8/site-packages/airflow/example_dags/example_xcom.py
[2026-05-16T03:06:30.583+0000] {processor.py:840} INFO - DAG(s) 'example_xcom' retrieved from /home/airflow/.local/lib/python3.8/site-packages/airflow/example_dags/example_xcom.py
[2026-05-16T03:06:30.626+0000] {logging_mixin.py:188} INFO - [2026-05-16T03:06:30.626+0000] {dag.py:3036} INFO - Sync 1 DAGs
[2026-05-16T03:06:30.670+0000] {logging_mixin.py:188} INFO - [2026-05-16T03:06:30.670+0000] {dag.py:3823} INFO - Setting next_dagrun for example_xcom to 2021-01-01 00:00:00+00:00, run_after=2021-01-01 00:00:00+00:00
[2026-05-16T03:06:30.706+0000] {processor.py:183} INFO - Processing /home/airflow/.local/lib/python3.8/site-packages/airflow/example_dags/example_xcom.py took 0.151 seconds
[2026-05-16T03:07:00.822+0000] {processor.py:161} INFO - Started process (PID=3006) to work on /home/airflow/.local/lib/python3.8/site-packages/airflow/example_dags/example_xcom.py
[2026-05-16T03:07:00.824+0000] {processor.py:830} INFO - Processing file /home/airflow/.local/lib/python3.8/site-packages/airflow/example_dags/example_xcom.py for tasks to queue
[2026-05-16T03:07:00.827+0000] {logging_mixin.py:188} INFO - [2026-05-16T03:07:00.826+0000] {dagbag.py:538} INFO - Filling up the DagBag from /home/airflow/.local/lib/python3.8/site-packages/airflow/example_dags/example_xcom.py
[2026-05-16T03:07:00.860+0000] {processor.py:840} INFO - DAG(s) 'example_xcom' retrieved from /home/airflow/.local/lib/python3.8/site-packages/airflow/example_dags/example_xcom.py
[2026-05-16T03:07:00.910+0000] {logging_mixin.py:188} INFO - [2026-05-16T03:07:00.910+0000] {dag.py:3036} INFO - Sync 1 DAGs
[2026-05-16T03:07:00.959+0000] {logging_mixin.py:188} INFO - [2026-05-16T03:07:00.954+0000] {dag.py:3823} INFO - Setting next_dagrun for example_xcom to 2021-01-01 00:00:00+00:00, run_after=2021-01-01 00:00:00+00:00
[2026-05-16T03:07:00.995+0000] {processor.py:183} INFO - Processing /home/airflow/.local/lib/python3.8/site-packages/airflow/example_dags/example_xcom.py took 0.178 seconds
[2026-05-16T03:07:31.111+0000] {processor.py:161} INFO - Started process (PID=3071) to work on /home/airflow/.local/lib/python3.8/site-packages/airflow/example_dags/example_xcom.py
[2026-05-16T03:07:31.115+0000] {processor.py:830} INFO - Processing file /home/airflow/.local/lib/python3.8/site-packages/airflow/example_dags/example_xcom.py for tasks to queue
[2026-05-16T03:07:31.119+0000] {logging_mixin.py:188} INFO - [2026-05-16T03:07:31.118+0000] {dagbag.py:538} INFO - Filling up the DagBag from /home/airflow/.local/lib/python3.8/site-packages/airflow/example_dags/example_xcom.py
[2026-05-16T03:07:31.140+0000] {processor.py:840} INFO - DAG(s) 'example_xcom' retrieved from /home/airflow/.local/lib/python3.8/site-packages/airflow/example_dags/example_xcom.py
[2026-05-16T03:07:31.187+0000] {logging_mixin.py:188} INFO - [2026-05-16T03:07:31.186+0000] {dag.py:3036} INFO - Sync 1 DAGs
[2026-05-16T03:07:31.228+0000] {logging_mixin.py:188} INFO - [2026-05-16T03:07:31.228+0000] {dag.py:3823} INFO - Setting next_dagrun for example_xcom to 2021-01-01 00:00:00+00:00, run_after=2021-01-01 00:00:00+00:00
[2026-05-16T03:07:31.261+0000] {processor.py:183} INFO - Processing /home/airflow/.local/lib/python3.8/site-packages/airflow/example_dags/example_xcom.py took 0.156 seconds
[2026-05-16T03:08:01.306+0000] {processor.py:161} INFO - Started process (PID=3136) to work on /home/airflow/.local/lib/python3.8/site-packages/airflow/example_dags/example_xcom.py
[2026-05-16T03:08:01.308+0000] {processor.py:830} INFO - Processing file /home/airflow/.local/lib/python3.8/site-packages/airflow/example_dags/example_xcom.py for tasks to queue
[2026-05-16T03:08:01.311+0000] {logging_mixin.py:188} INFO - [2026-05-16T03:08:01.310+0000] {dagbag.py:538} INFO - Filling up the DagBag from /home/airflow/.local/lib/python3.8/site-packages/airflow/example_dags/example_xcom.py
[2026-05-16T03:08:01.323+0000] {processor.py:840} INFO - DAG(s) 'example_xcom' retrieved from /home/airflow/.local/lib/python3.8/site-packages/airflow/example_dags/example_xcom.py
[2026-05-16T03:08:01.362+0000] {logging_mixin.py:188} INFO - [2026-05-16T03:08:01.362+0000] {dag.py:3036} INFO - Sync 1 DAGs
[2026-05-16T03:08:01.399+0000] {logging_mixin.py:188} INFO - [2026-05-16T03:08:01.399+0000] {dag.py:3823} INFO - Setting next_dagrun for example_xcom to 2021-01-01 00:00:00+00:00, run_after=2021-01-01 00:00:00+00:00
[2026-05-16T03:08:01.432+0000] {processor.py:183} INFO - Processing /home/airflow/.local/lib/python3.8/site-packages/airflow/example_dags/example_xcom.py took 0.131 seconds
[2026-05-16T03:08:32.001+0000] {processor.py:161} INFO - Started process (PID=3202) to work on /home/airflow/.local/lib/python3.8/site-packages/airflow/example_dags/example_xcom.py
[2026-05-16T03:08:32.003+0000] {processor.py:830} INFO - Processing file /home/airflow/.local/lib/python3.8/site-packages/airflow/example_dags/example_xcom.py for tasks to queue
[2026-05-16T03:08:32.005+0000] {logging_mixin.py:188} INFO - [2026-05-16T03:08:32.004+0000] {dagbag.py:538} INFO - Filling up the DagBag from /home/airflow/.local/lib/python3.8/site-packages/airflow/example_dags/example_xcom.py
[2026-05-16T03:08:32.017+0000] {processor.py:840} INFO - DAG(s) 'example_xcom' retrieved from /home/airflow/.local/lib/python3.8/site-packages/airflow/example_dags/example_xcom.py
[2026-05-16T03:08:32.055+0000] {logging_mixin.py:188} INFO - [2026-05-16T03:08:32.055+0000] {dag.py:3036} INFO - Sync 1 DAGs
[2026-05-16T03:08:32.094+0000] {logging_mixin.py:188} INFO - [2026-05-16T03:08:32.093+0000] {dag.py:3823} INFO - Setting next_dagrun for example_xcom to 2021-01-01 00:00:00+00:00, run_after=2021-01-01 00:00:00+00:00
[2026-05-16T03:08:32.126+0000] {processor.py:183} INFO - Processing /home/airflow/.local/lib/python3.8/site-packages/airflow/example_dags/example_xcom.py took 0.130 seconds
[2026-05-16T03:09:02.677+0000] {processor.py:161} INFO - Started process (PID=3267) to work on /home/airflow/.local/lib/python3.8/site-packages/airflow/example_dags/example_xcom.py
[2026-05-16T03:09:02.678+0000] {processor.py:830} INFO - Processing file /home/airflow/.local/lib/python3.8/site-packages/airflow/example_dags/example_xcom.py for tasks to queue
[2026-05-16T03:09:02.682+0000] {logging_mixin.py:188} INFO - [2026-05-16T03:09:02.681+0000] {dagbag.py:538} INFO - Filling up the DagBag from /home/airflow/.local/lib/python3.8/site-packages/airflow/example_dags/example_xcom.py
[2026-05-16T03:09:02.695+0000] {processor.py:840} INFO - DAG(s) 'example_xcom' retrieved from /home/airflow/.local/lib/python3.8/site-packages/airflow/example_dags/example_xcom.py
[2026-05-16T03:09:02.734+0000] {logging_mixin.py:188} INFO - [2026-05-16T03:09:02.734+0000] {dag.py:3036} INFO - Sync 1 DAGs
[2026-05-16T03:09:02.771+0000] {logging_mixin.py:188} INFO - [2026-05-16T03:09:02.770+0000] {dag.py:3823} INFO - Setting next_dagrun for example_xcom to 2021-01-01 00:00:00+00:00, run_after=2021-01-01 00:00:00+00:00
[2026-05-16T03:09:02.803+0000] {processor.py:183} INFO - Processing /home/airflow/.local/lib/python3.8/site-packages/airflow/example_dags/example_xcom.py took 0.132 seconds
[2026-05-16T03:09:33.334+0000] {processor.py:161} INFO - Started process (PID=3333) to work on /home/airflow/.local/lib/python3.8/site-packages/airflow/example_dags/example_xcom.py
[2026-05-16T03:09:33.335+0000] {processor.py:830} INFO - Processing file /home/airflow/.local/lib/python3.8/site-packages/airflow/example_dags/example_xcom.py for tasks to queue
[2026-05-16T03:09:33.338+0000] {logging_mixin.py:188} INFO - [2026-05-16T03:09:33.338+0000] {dagbag.py:538} INFO - Filling up the DagBag from /home/airflow/.local/lib/python3.8/site-packages/airflow/example_dags/example_xcom.py
[2026-05-16T03:09:33.350+0000] {processor.py:840} INFO - DAG(s) 'example_xcom' retrieved from /home/airflow/.local/lib/python3.8/site-packages/airflow/example_dags/example_xcom.py
[2026-05-16T03:09:33.389+0000] {logging_mixin.py:188} INFO - [2026-05-16T03:09:33.389+0000] {dag.py:3036} INFO - Sync 1 DAGs
[2026-05-16T03:09:33.427+0000] {logging_mixin.py:188} INFO - [2026-05-16T03:09:33.426+0000] {dag.py:3823} INFO - Setting next_dagrun for example_xcom to 2021-01-01 00:00:00+00:00, run_after=2021-01-01 00:00:00+00:00
[2026-05-16T03:09:33.460+0000] {processor.py:183} INFO - Processing /home/airflow/.local/lib/python3.8/site-packages/airflow/example_dags/example_xcom.py took 0.132 seconds
[2026-05-16T03:10:03.512+0000] {processor.py:161} INFO - Started process (PID=3399) to work on /home/airflow/.local/lib/python3.8/site-packages/airflow/example_dags/example_xcom.py
[2026-05-16T03:10:03.514+0000] {processor.py:830} INFO - Processing file /home/airflow/.local/lib/python3.8/site-packages/airflow/example_dags/example_xcom.py for tasks to queue
[2026-05-16T03:10:03.518+0000] {logging_mixin.py:188} INFO - [2026-05-16T03:10:03.518+0000] {dagbag.py:538} INFO - Filling up the DagBag from /home/airflow/.local/lib/python3.8/site-packages/airflow/example_dags/example_xcom.py
[2026-05-16T03:10:03.531+0000] {processor.py:840} INFO - DAG(s) 'example_xcom' retrieved from /home/airflow/.local/lib/python3.8/site-packages/airflow/example_dags/example_xcom.py
[2026-05-16T03:10:03.578+0000] {logging_mixin.py:188} INFO - [2026-05-16T03:10:03.578+0000] {dag.py:3036} INFO - Sync 1 DAGs
[2026-05-16T03:10:03.623+0000] {logging_mixin.py:188} INFO - [2026-05-16T03:10:03.622+0000] {dag.py:3823} INFO - Setting next_dagrun for example_xcom to 2021-01-01 00:00:00+00:00, run_after=2021-01-01 00:00:00+00:00
[2026-05-16T03:10:03.657+0000] {processor.py:183} INFO - Processing /home/airflow/.local/lib/python3.8/site-packages/airflow/example_dags/example_xcom.py took 0.151 seconds
[2026-05-16T03:10:34.250+0000] {processor.py:161} INFO - Started process (PID=3463) to work on /home/airflow/.local/lib/python3.8/site-packages/airflow/example_dags/example_xcom.py
[2026-05-16T03:10:34.252+0000] {processor.py:830} INFO - Processing file /home/airflow/.local/lib/python3.8/site-packages/airflow/example_dags/example_xcom.py for tasks to queue
[2026-05-16T03:10:34.254+0000] {logging_mixin.py:188} INFO - [2026-05-16T03:10:34.254+0000] {dagbag.py:538} INFO - Filling up the DagBag from /home/airflow/.local/lib/python3.8/site-packages/airflow/example_dags/example_xcom.py
[2026-05-16T03:10:34.267+0000] {processor.py:840} INFO - DAG(s) 'example_xcom' retrieved from /home/airflow/.local/lib/python3.8/site-packages/airflow/example_dags/example_xcom.py
[2026-05-16T03:10:34.311+0000] {logging_mixin.py:188} INFO - [2026-05-16T03:10:34.310+0000] {dag.py:3036} INFO - Sync 1 DAGs
[2026-05-16T03:10:34.555+0000] {logging_mixin.py:188} INFO - [2026-05-16T03:10:34.555+0000] {dag.py:3823} INFO - Setting next_dagrun for example_xcom to 2021-01-01 00:00:00+00:00, run_after=2021-01-01 00:00:00+00:00
[2026-05-16T03:10:34.584+0000] {processor.py:183} INFO - Processing /home/airflow/.local/lib/python3.8/site-packages/airflow/example_dags/example_xcom.py took 0.339 seconds
[2026-05-16T03:11:04.970+0000] {processor.py:161} INFO - Started process (PID=3528) to work on /home/airflow/.local/lib/python3.8/site-packages/airflow/example_dags/example_xcom.py
[2026-05-16T03:11:04.971+0000] {processor.py:830} INFO - Processing file /home/airflow/.local/lib/python3.8/site-packages/airflow/example_dags/example_xcom.py for tasks to queue
[2026-05-16T03:11:04.974+0000] {logging_mixin.py:188} INFO - [2026-05-16T03:11:04.973+0000] {dagbag.py:538} INFO - Filling up the DagBag from /home/airflow/.local/lib/python3.8/site-packages/airflow/example_dags/example_xcom.py
[2026-05-16T03:11:04.987+0000] {processor.py:840} INFO - DAG(s) 'example_xcom' retrieved from /home/airflow/.local/lib/python3.8/site-packages/airflow/example_dags/example_xcom.py
[2026-05-16T03:11:05.027+0000] {logging_mixin.py:188} INFO - [2026-05-16T03:11:05.027+0000] {dag.py:3036} INFO - Sync 1 DAGs
[2026-05-16T03:11:05.072+0000] {logging_mixin.py:188} INFO - [2026-05-16T03:11:05.071+0000] {dag.py:3823} INFO - Setting next_dagrun for example_xcom to 2021-01-01 00:00:00+00:00, run_after=2021-01-01 00:00:00+00:00
[2026-05-16T03:11:05.306+0000] {processor.py:183} INFO - Processing /home/airflow/.local/lib/python3.8/site-packages/airflow/example_dags/example_xcom.py took 0.343 seconds
[2026-05-16T03:11:35.546+0000] {processor.py:161} INFO - Started process (PID=3593) to work on /home/airflow/.local/lib/python3.8/site-packages/airflow/example_dags/example_xcom.py
[2026-05-16T03:11:35.548+0000] {processor.py:830} INFO - Processing file /home/airflow/.local/lib/python3.8/site-packages/airflow/example_dags/example_xcom.py for tasks to queue
[2026-05-16T03:11:35.551+0000] {logging_mixin.py:188} INFO - [2026-05-16T03:11:35.551+0000] {dagbag.py:538} INFO - Filling up the DagBag from /home/airflow/.local/lib/python3.8/site-packages/airflow/example_dags/example_xcom.py
[2026-05-16T03:11:35.566+0000] {processor.py:840} INFO - DAG(s) 'example_xcom' retrieved from /home/airflow/.local/lib/python3.8/site-packages/airflow/example_dags/example_xcom.py
[2026-05-16T03:11:35.602+0000] {logging_mixin.py:188} INFO - [2026-05-16T03:11:35.602+0000] {dag.py:3036} INFO - Sync 1 DAGs
[2026-05-16T03:11:35.642+0000] {logging_mixin.py:188} INFO - [2026-05-16T03:11:35.641+0000] {dag.py:3823} INFO - Setting next_dagrun for example_xcom to 2021-01-01 00:00:00+00:00, run_after=2021-01-01 00:00:00+00:00
[2026-05-16T03:11:35.677+0000] {processor.py:183} INFO - Processing /home/airflow/.local/lib/python3.8/site-packages/airflow/example_dags/example_xcom.py took 0.136 seconds
[2026-05-16T03:12:05.937+0000] {processor.py:161} INFO - Started process (PID=3658) to work on /home/airflow/.local/lib/python3.8/site-packages/airflow/example_dags/example_xcom.py
[2026-05-16T03:12:05.938+0000] {processor.py:830} INFO - Processing file /home/airflow/.local/lib/python3.8/site-packages/airflow/example_dags/example_xcom.py for tasks to queue
[2026-05-16T03:12:05.941+0000] {logging_mixin.py:188} INFO - [2026-05-16T03:12:05.941+0000] {dagbag.py:538} INFO - Filling up the DagBag from /home/airflow/.local/lib/python3.8/site-packages/airflow/example_dags/example_xcom.py
[2026-05-16T03:12:05.954+0000] {processor.py:840} INFO - DAG(s) 'example_xcom' retrieved from /home/airflow/.local/lib/python3.8/site-packages/airflow/example_dags/example_xcom.py
[2026-05-16T03:12:05.997+0000] {logging_mixin.py:188} INFO - [2026-05-16T03:12:05.997+0000] {dag.py:3036} INFO - Sync 1 DAGs
[2026-05-16T03:12:06.040+0000] {logging_mixin.py:188} INFO - [2026-05-16T03:12:06.039+0000] {dag.py:3823} INFO - Setting next_dagrun for example_xcom to 2021-01-01 00:00:00+00:00, run_after=2021-01-01 00:00:00+00:00
[2026-05-16T03:12:06.074+0000] {processor.py:183} INFO - Processing /home/airflow/.local/lib/python3.8/site-packages/airflow/example_dags/example_xcom.py took 0.143 seconds
[2026-05-16T03:12:36.251+0000] {processor.py:161} INFO - Started process (PID=3723) to work on /home/airflow/.local/lib/python3.8/site-packages/airflow/example_dags/example_xcom.py
[2026-05-16T03:12:36.254+0000] {processor.py:830} INFO - Processing file /home/airflow/.local/lib/python3.8/site-packages/airflow/example_dags/example_xcom.py for tasks to queue
[2026-05-16T03:12:36.257+0000] {logging_mixin.py:188} INFO - [2026-05-16T03:12:36.257+0000] {dagbag.py:538} INFO - Filling up the DagBag from /home/airflow/.local/lib/python3.8/site-packages/airflow/example_dags/example_xcom.py
[2026-05-16T03:12:36.275+0000] {processor.py:840} INFO - DAG(s) 'example_xcom' retrieved from /home/airflow/.local/lib/python3.8/site-packages/airflow/example_dags/example_xcom.py
[2026-05-16T03:12:36.592+0000] {logging_mixin.py:188} INFO - [2026-05-16T03:12:36.591+0000] {dag.py:3036} INFO - Sync 1 DAGs
[2026-05-16T03:12:36.630+0000] {logging_mixin.py:188} INFO - [2026-05-16T03:12:36.629+0000] {dag.py:3823} INFO - Setting next_dagrun for example_xcom to 2021-01-01 00:00:00+00:00, run_after=2021-01-01 00:00:00+00:00
[2026-05-16T03:12:36.661+0000] {processor.py:183} INFO - Processing /home/airflow/.local/lib/python3.8/site-packages/airflow/example_dags/example_xcom.py took 0.425 seconds
[2026-05-16T03:13:06.983+0000] {processor.py:161} INFO - Started process (PID=3795) to work on /home/airflow/.local/lib/python3.8/site-packages/airflow/example_dags/example_xcom.py
[2026-05-16T03:13:06.984+0000] {processor.py:830} INFO - Processing file /home/airflow/.local/lib/python3.8/site-packages/airflow/example_dags/example_xcom.py for tasks to queue
[2026-05-16T03:13:06.988+0000] {logging_mixin.py:188} INFO - [2026-05-16T03:13:06.987+0000] {dagbag.py:538} INFO - Filling up the DagBag from /home/airflow/.local/lib/python3.8/site-packages/airflow/example_dags/example_xcom.py
[2026-05-16T03:13:07.002+0000] {processor.py:840} INFO - DAG(s) 'example_xcom' retrieved from /home/airflow/.local/lib/python3.8/site-packages/airflow/example_dags/example_xcom.py
[2026-05-16T03:13:07.047+0000] {logging_mixin.py:188} INFO - [2026-05-16T03:13:07.047+0000] {dag.py:3036} INFO - Sync 1 DAGs
[2026-05-16T03:13:07.278+0000] {logging_mixin.py:188} INFO - [2026-05-16T03:13:07.278+0000] {dag.py:3823} INFO - Setting next_dagrun for example_xcom to 2021-01-01 00:00:00+00:00, run_after=2021-01-01 00:00:00+00:00
[2026-05-16T03:13:07.309+0000] {processor.py:183} INFO - Processing /home/airflow/.local/lib/python3.8/site-packages/airflow/example_dags/example_xcom.py took 0.331 seconds
[2026-05-16T03:13:37.734+0000] {processor.py:161} INFO - Started process (PID=3862) to work on /home/airflow/.local/lib/python3.8/site-packages/airflow/example_dags/example_xcom.py
[2026-05-16T03:13:37.736+0000] {processor.py:830} INFO - Processing file /home/airflow/.local/lib/python3.8/site-packages/airflow/example_dags/example_xcom.py for tasks to queue
[2026-05-16T03:13:37.739+0000] {logging_mixin.py:188} INFO - [2026-05-16T03:13:37.739+0000] {dagbag.py:538} INFO - Filling up the DagBag from /home/airflow/.local/lib/python3.8/site-packages/airflow/example_dags/example_xcom.py
[2026-05-16T03:13:37.753+0000] {processor.py:840} INFO - DAG(s) 'example_xcom' retrieved from /home/airflow/.local/lib/python3.8/site-packages/airflow/example_dags/example_xcom.py
[2026-05-16T03:13:37.790+0000] {logging_mixin.py:188} INFO - [2026-05-16T03:13:37.790+0000] {dag.py:3036} INFO - Sync 1 DAGs
[2026-05-16T03:13:37.832+0000] {logging_mixin.py:188} INFO - [2026-05-16T03:13:37.832+0000] {dag.py:3823} INFO - Setting next_dagrun for example_xcom to 2021-01-01 00:00:00+00:00, run_after=2021-01-01 00:00:00+00:00
[2026-05-16T03:13:37.866+0000] {processor.py:183} INFO - Processing /home/airflow/.local/lib/python3.8/site-packages/airflow/example_dags/example_xcom.py took 0.138 seconds
[2026-05-16T03:14:08.246+0000] {processor.py:161} INFO - Started process (PID=3927) to work on /home/airflow/.local/lib/python3.8/site-packages/airflow/example_dags/example_xcom.py
[2026-05-16T03:14:08.248+0000] {processor.py:830} INFO - Processing file /home/airflow/.local/lib/python3.8/site-packages/airflow/example_dags/example_xcom.py for tasks to queue
[2026-05-16T03:14:08.250+0000] {logging_mixin.py:188} INFO - [2026-05-16T03:14:08.250+0000] {dagbag.py:538} INFO - Filling up the DagBag from /home/airflow/.local/lib/python3.8/site-packages/airflow/example_dags/example_xcom.py
[2026-05-16T03:14:08.264+0000] {processor.py:840} INFO - DAG(s) 'example_xcom' retrieved from /home/airflow/.local/lib/python3.8/site-packages/airflow/example_dags/example_xcom.py
[2026-05-16T03:14:08.315+0000] {logging_mixin.py:188} INFO - [2026-05-16T03:14:08.315+0000] {dag.py:3036} INFO - Sync 1 DAGs
[2026-05-16T03:14:08.360+0000] {logging_mixin.py:188} INFO - [2026-05-16T03:14:08.360+0000] {dag.py:3823} INFO - Setting next_dagrun for example_xcom to 2021-01-01 00:00:00+00:00, run_after=2021-01-01 00:00:00+00:00
[2026-05-16T03:14:08.392+0000] {processor.py:183} INFO - Processing /home/airflow/.local/lib/python3.8/site-packages/airflow/example_dags/example_xcom.py took 0.151 seconds
[2026-05-16T03:14:38.461+0000] {processor.py:161} INFO - Started process (PID=3991) to work on /home/airflow/.local/lib/python3.8/site-packages/airflow/example_dags/example_xcom.py
[2026-05-16T03:14:38.463+0000] {processor.py:830} INFO - Processing file /home/airflow/.local/lib/python3.8/site-packages/airflow/example_dags/example_xcom.py for tasks to queue
[2026-05-16T03:14:38.466+0000] {logging_mixin.py:188} INFO - [2026-05-16T03:14:38.466+0000] {dagbag.py:538} INFO - Filling up the DagBag from /home/airflow/.local/lib/python3.8/site-packages/airflow/example_dags/example_xcom.py
[2026-05-16T03:14:38.481+0000] {processor.py:840} INFO - DAG(s) 'example_xcom' retrieved from /home/airflow/.local/lib/python3.8/site-packages/airflow/example_dags/example_xcom.py
[2026-05-16T03:14:38.521+0000] {logging_mixin.py:188} INFO - [2026-05-16T03:14:38.520+0000] {dag.py:3036} INFO - Sync 1 DAGs
[2026-05-16T03:14:38.564+0000] {logging_mixin.py:188} INFO - [2026-05-16T03:14:38.564+0000] {dag.py:3823} INFO - Setting next_dagrun for example_xcom to 2021-01-01 00:00:00+00:00, run_after=2021-01-01 00:00:00+00:00
[2026-05-16T03:14:38.608+0000] {processor.py:183} INFO - Processing /home/airflow/.local/lib/python3.8/site-packages/airflow/example_dags/example_xcom.py took 0.153 seconds
[2026-05-16T03:15:09.065+0000] {processor.py:161} INFO - Started process (PID=4055) to work on /home/airflow/.local/lib/python3.8/site-packages/airflow/example_dags/example_xcom.py
[2026-05-16T03:15:09.066+0000] {processor.py:830} INFO - Processing file /home/airflow/.local/lib/python3.8/site-packages/airflow/example_dags/example_xcom.py for tasks to queue
[2026-05-16T03:15:09.069+0000] {logging_mixin.py:188} INFO - [2026-05-16T03:15:09.068+0000] {dagbag.py:538} INFO - Filling up the DagBag from /home/airflow/.local/lib/python3.8/site-packages/airflow/example_dags/example_xcom.py
[2026-05-16T03:15:09.082+0000] {processor.py:840} INFO - DAG(s) 'example_xcom' retrieved from /home/airflow/.local/lib/python3.8/site-packages/airflow/example_dags/example_xcom.py
[2026-05-16T03:15:09.137+0000] {logging_mixin.py:188} INFO - [2026-05-16T03:15:09.125+0000] {dag.py:3036} INFO - Sync 1 DAGs
[2026-05-16T03:15:09.179+0000] {logging_mixin.py:188} INFO - [2026-05-16T03:15:09.179+0000] {dag.py:3823} INFO - Setting next_dagrun for example_xcom to 2021-01-01 00:00:00+00:00, run_after=2021-01-01 00:00:00+00:00
[2026-05-16T03:15:09.218+0000] {processor.py:183} INFO - Processing /home/airflow/.local/lib/python3.8/site-packages/airflow/example_dags/example_xcom.py took 0.159 seconds
[2026-05-16T03:15:39.630+0000] {processor.py:161} INFO - Started process (PID=4121) to work on /home/airflow/.local/lib/python3.8/site-packages/airflow/example_dags/example_xcom.py
[2026-05-16T03:15:39.632+0000] {processor.py:830} INFO - Processing file /home/airflow/.local/lib/python3.8/site-packages/airflow/example_dags/example_xcom.py for tasks to queue
[2026-05-16T03:15:39.636+0000] {logging_mixin.py:188} INFO - [2026-05-16T03:15:39.635+0000] {dagbag.py:538} INFO - Filling up the DagBag from /home/airflow/.local/lib/python3.8/site-packages/airflow/example_dags/example_xcom.py
[2026-05-16T03:15:39.650+0000] {processor.py:840} INFO - DAG(s) 'example_xcom' retrieved from /home/airflow/.local/lib/python3.8/site-packages/airflow/example_dags/example_xcom.py
[2026-05-16T03:15:39.692+0000] {logging_mixin.py:188} INFO - [2026-05-16T03:15:39.692+0000] {dag.py:3036} INFO - Sync 1 DAGs
[2026-05-16T03:15:39.736+0000] {logging_mixin.py:188} INFO - [2026-05-16T03:15:39.736+0000] {dag.py:3823} INFO - Setting next_dagrun for example_xcom to 2021-01-01 00:00:00+00:00, run_after=2021-01-01 00:00:00+00:00
[2026-05-16T03:15:39.768+0000] {processor.py:183} INFO - Processing /home/airflow/.local/lib/python3.8/site-packages/airflow/example_dags/example_xcom.py took 0.146 seconds
[2026-05-16T03:16:09.997+0000] {processor.py:161} INFO - Started process (PID=4185) to work on /home/airflow/.local/lib/python3.8/site-packages/airflow/example_dags/example_xcom.py
[2026-05-16T03:16:09.999+0000] {processor.py:830} INFO - Processing file /home/airflow/.local/lib/python3.8/site-packages/airflow/example_dags/example_xcom.py for tasks to queue
[2026-05-16T03:16:10.002+0000] {logging_mixin.py:188} INFO - [2026-05-16T03:16:10.001+0000] {dagbag.py:538} INFO - Filling up the DagBag from /home/airflow/.local/lib/python3.8/site-packages/airflow/example_dags/example_xcom.py
[2026-05-16T03:16:10.017+0000] {processor.py:840} INFO - DAG(s) 'example_xcom' retrieved from /home/airflow/.local/lib/python3.8/site-packages/airflow/example_dags/example_xcom.py
[2026-05-16T03:16:10.063+0000] {logging_mixin.py:188} INFO - [2026-05-16T03:16:10.063+0000] {dag.py:3036} INFO - Sync 1 DAGs
[2026-05-16T03:16:10.107+0000] {logging_mixin.py:188} INFO - [2026-05-16T03:16:10.106+0000] {dag.py:3823} INFO - Setting next_dagrun for example_xcom to 2021-01-01 00:00:00+00:00, run_after=2021-01-01 00:00:00+00:00
[2026-05-16T03:16:10.146+0000] {processor.py:183} INFO - Processing /home/airflow/.local/lib/python3.8/site-packages/airflow/example_dags/example_xcom.py took 0.156 seconds
[2026-05-16T03:16:40.309+0000] {processor.py:161} INFO - Started process (PID=4248) to work on /home/airflow/.local/lib/python3.8/site-packages/airflow/example_dags/example_xcom.py
[2026-05-16T03:16:40.311+0000] {processor.py:830} INFO - Processing file /home/airflow/.local/lib/python3.8/site-packages/airflow/example_dags/example_xcom.py for tasks to queue
[2026-05-16T03:16:40.314+0000] {logging_mixin.py:188} INFO - [2026-05-16T03:16:40.313+0000] {dagbag.py:538} INFO - Filling up the DagBag from /home/airflow/.local/lib/python3.8/site-packages/airflow/example_dags/example_xcom.py
[2026-05-16T03:16:40.325+0000] {processor.py:840} INFO - DAG(s) 'example_xcom' retrieved from /home/airflow/.local/lib/python3.8/site-packages/airflow/example_dags/example_xcom.py
[2026-05-16T03:16:40.362+0000] {logging_mixin.py:188} INFO - [2026-05-16T03:16:40.362+0000] {dag.py:3036} INFO - Sync 1 DAGs
[2026-05-16T03:16:40.398+0000] {logging_mixin.py:188} INFO - [2026-05-16T03:16:40.397+0000] {dag.py:3823} INFO - Setting next_dagrun for example_xcom to 2021-01-01 00:00:00+00:00, run_after=2021-01-01 00:00:00+00:00
[2026-05-16T03:16:40.432+0000] {processor.py:183} INFO - Processing /home/airflow/.local/lib/python3.8/site-packages/airflow/example_dags/example_xcom.py took 0.128 seconds
[2026-05-16T03:17:10.805+0000] {processor.py:161} INFO - Started process (PID=4313) to work on /home/airflow/.local/lib/python3.8/site-packages/airflow/example_dags/example_xcom.py
[2026-05-16T03:17:10.806+0000] {processor.py:830} INFO - Processing file /home/airflow/.local/lib/python3.8/site-packages/airflow/example_dags/example_xcom.py for tasks to queue
[2026-05-16T03:17:10.810+0000] {logging_mixin.py:188} INFO - [2026-05-16T03:17:10.809+0000] {dagbag.py:538} INFO - Filling up the DagBag from /home/airflow/.local/lib/python3.8/site-packages/airflow/example_dags/example_xcom.py
[2026-05-16T03:17:10.824+0000] {processor.py:840} INFO - DAG(s) 'example_xcom' retrieved from /home/airflow/.local/lib/python3.8/site-packages/airflow/example_dags/example_xcom.py
[2026-05-16T03:17:10.868+0000] {logging_mixin.py:188} INFO - [2026-05-16T03:17:10.867+0000] {dag.py:3036} INFO - Sync 1 DAGs
[2026-05-16T03:17:10.907+0000] {logging_mixin.py:188} INFO - [2026-05-16T03:17:10.907+0000] {dag.py:3823} INFO - Setting next_dagrun for example_xcom to 2021-01-01 00:00:00+00:00, run_after=2021-01-01 00:00:00+00:00
[2026-05-16T03:17:10.942+0000] {processor.py:183} INFO - Processing /home/airflow/.local/lib/python3.8/site-packages/airflow/example_dags/example_xcom.py took 0.143 seconds
[2026-05-16T03:17:41.097+0000] {processor.py:161} INFO - Started process (PID=4378) to work on /home/airflow/.local/lib/python3.8/site-packages/airflow/example_dags/example_xcom.py
[2026-05-16T03:17:41.099+0000] {processor.py:830} INFO - Processing file /home/airflow/.local/lib/python3.8/site-packages/airflow/example_dags/example_xcom.py for tasks to queue
[2026-05-16T03:17:41.102+0000] {logging_mixin.py:188} INFO - [2026-05-16T03:17:41.101+0000] {dagbag.py:538} INFO - Filling up the DagBag from /home/airflow/.local/lib/python3.8/site-packages/airflow/example_dags/example_xcom.py
[2026-05-16T03:17:41.115+0000] {processor.py:840} INFO - DAG(s) 'example_xcom' retrieved from /home/airflow/.local/lib/python3.8/site-packages/airflow/example_dags/example_xcom.py
[2026-05-16T03:17:41.152+0000] {logging_mixin.py:188} INFO - [2026-05-16T03:17:41.152+0000] {dag.py:3036} INFO - Sync 1 DAGs
[2026-05-16T03:17:41.191+0000] {logging_mixin.py:188} INFO - [2026-05-16T03:17:41.190+0000] {dag.py:3823} INFO - Setting next_dagrun for example_xcom to 2021-01-01 00:00:00+00:00, run_after=2021-01-01 00:00:00+00:00
[2026-05-16T03:17:41.220+0000] {processor.py:183} INFO - Processing /home/airflow/.local/lib/python3.8/site-packages/airflow/example_dags/example_xcom.py took 0.129 seconds
[2026-05-16T03:18:11.454+0000] {processor.py:161} INFO - Started process (PID=4443) to work on /home/airflow/.local/lib/python3.8/site-packages/airflow/example_dags/example_xcom.py
[2026-05-16T03:18:11.456+0000] {processor.py:830} INFO - Processing file /home/airflow/.local/lib/python3.8/site-packages/airflow/example_dags/example_xcom.py for tasks to queue
[2026-05-16T03:18:11.458+0000] {logging_mixin.py:188} INFO - [2026-05-16T03:18:11.458+0000] {dagbag.py:538} INFO - Filling up the DagBag from /home/airflow/.local/lib/python3.8/site-packages/airflow/example_dags/example_xcom.py
[2026-05-16T03:18:11.471+0000] {processor.py:840} INFO - DAG(s) 'example_xcom' retrieved from /home/airflow/.local/lib/python3.8/site-packages/airflow/example_dags/example_xcom.py
[2026-05-16T03:18:11.509+0000] {logging_mixin.py:188} INFO - [2026-05-16T03:18:11.508+0000] {dag.py:3036} INFO - Sync 1 DAGs
[2026-05-16T03:18:11.546+0000] {logging_mixin.py:188} INFO - [2026-05-16T03:18:11.545+0000] {dag.py:3823} INFO - Setting next_dagrun for example_xcom to 2021-01-01 00:00:00+00:00, run_after=2021-01-01 00:00:00+00:00
[2026-05-16T03:18:11.577+0000] {processor.py:183} INFO - Processing /home/airflow/.local/lib/python3.8/site-packages/airflow/example_dags/example_xcom.py took 0.127 seconds
[2026-05-16T03:18:41.701+0000] {processor.py:161} INFO - Started process (PID=4508) to work on /home/airflow/.local/lib/python3.8/site-packages/airflow/example_dags/example_xcom.py
[2026-05-16T03:18:41.703+0000] {processor.py:830} INFO - Processing file /home/airflow/.local/lib/python3.8/site-packages/airflow/example_dags/example_xcom.py for tasks to queue
[2026-05-16T03:18:41.706+0000] {logging_mixin.py:188} INFO - [2026-05-16T03:18:41.706+0000] {dagbag.py:538} INFO - Filling up the DagBag from /home/airflow/.local/lib/python3.8/site-packages/airflow/example_dags/example_xcom.py
[2026-05-16T03:18:41.718+0000] {processor.py:840} INFO - DAG(s) 'example_xcom' retrieved from /home/airflow/.local/lib/python3.8/site-packages/airflow/example_dags/example_xcom.py
[2026-05-16T03:18:41.760+0000] {logging_mixin.py:188} INFO - [2026-05-16T03:18:41.760+0000] {dag.py:3036} INFO - Sync 1 DAGs
[2026-05-16T03:18:41.803+0000] {logging_mixin.py:188} INFO - [2026-05-16T03:18:41.802+0000] {dag.py:3823} INFO - Setting next_dagrun for example_xcom to 2021-01-01 00:00:00+00:00, run_after=2021-01-01 00:00:00+00:00
[2026-05-16T03:18:41.833+0000] {processor.py:183} INFO - Processing /home/airflow/.local/lib/python3.8/site-packages/airflow/example_dags/example_xcom.py took 0.138 seconds
[2026-05-16T03:19:12.455+0000] {processor.py:161} INFO - Started process (PID=4580) to work on /home/airflow/.local/lib/python3.8/site-packages/airflow/example_dags/example_xcom.py
[2026-05-16T03:19:12.457+0000] {processor.py:830} INFO - Processing file /home/airflow/.local/lib/python3.8/site-packages/airflow/example_dags/example_xcom.py for tasks to queue
[2026-05-16T03:19:12.460+0000] {logging_mixin.py:188} INFO - [2026-05-16T03:19:12.460+0000] {dagbag.py:538} INFO - Filling up the DagBag from /home/airflow/.local/lib/python3.8/site-packages/airflow/example_dags/example_xcom.py
[2026-05-16T03:19:12.475+0000] {processor.py:840} INFO - DAG(s) 'example_xcom' retrieved from /home/airflow/.local/lib/python3.8/site-packages/airflow/example_dags/example_xcom.py
[2026-05-16T03:19:12.513+0000] {logging_mixin.py:188} INFO - [2026-05-16T03:19:12.512+0000] {dag.py:3036} INFO - Sync 1 DAGs
[2026-05-16T03:19:12.555+0000] {logging_mixin.py:188} INFO - [2026-05-16T03:19:12.554+0000] {dag.py:3823} INFO - Setting next_dagrun for example_xcom to 2021-01-01 00:00:00+00:00, run_after=2021-01-01 00:00:00+00:00
[2026-05-16T03:19:12.587+0000] {processor.py:183} INFO - Processing /home/airflow/.local/lib/python3.8/site-packages/airflow/example_dags/example_xcom.py took 0.138 seconds
[2026-05-16T03:19:42.716+0000] {processor.py:161} INFO - Started process (PID=4645) to work on /home/airflow/.local/lib/python3.8/site-packages/airflow/example_dags/example_xcom.py
[2026-05-16T03:19:42.718+0000] {processor.py:830} INFO - Processing file /home/airflow/.local/lib/python3.8/site-packages/airflow/example_dags/example_xcom.py for tasks to queue
[2026-05-16T03:19:42.722+0000] {logging_mixin.py:188} INFO - [2026-05-16T03:19:42.722+0000] {dagbag.py:538} INFO - Filling up the DagBag from /home/airflow/.local/lib/python3.8/site-packages/airflow/example_dags/example_xcom.py
[2026-05-16T03:19:42.737+0000] {processor.py:840} INFO - DAG(s) 'example_xcom' retrieved from /home/airflow/.local/lib/python3.8/site-packages/airflow/example_dags/example_xcom.py
[2026-05-16T03:19:42.786+0000] {logging_mixin.py:188} INFO - [2026-05-16T03:19:42.786+0000] {dag.py:3036} INFO - Sync 1 DAGs
[2026-05-16T03:19:42.840+0000] {logging_mixin.py:188} INFO - [2026-05-16T03:19:42.840+0000] {dag.py:3823} INFO - Setting next_dagrun for example_xcom to 2021-01-01 00:00:00+00:00, run_after=2021-01-01 00:00:00+00:00
[2026-05-16T03:19:42.878+0000] {processor.py:183} INFO - Processing /home/airflow/.local/lib/python3.8/site-packages/airflow/example_dags/example_xcom.py took 0.168 seconds
[2026-05-16T03:20:12.982+0000] {processor.py:161} INFO - Started process (PID=4709) to work on /home/airflow/.local/lib/python3.8/site-packages/airflow/example_dags/example_xcom.py
[2026-05-16T03:20:12.983+0000] {processor.py:830} INFO - Processing file /home/airflow/.local/lib/python3.8/site-packages/airflow/example_dags/example_xcom.py for tasks to queue
[2026-05-16T03:20:12.986+0000] {logging_mixin.py:188} INFO - [2026-05-16T03:20:12.986+0000] {dagbag.py:538} INFO - Filling up the DagBag from /home/airflow/.local/lib/python3.8/site-packages/airflow/example_dags/example_xcom.py
[2026-05-16T03:20:13.003+0000] {processor.py:840} INFO - DAG(s) 'example_xcom' retrieved from /home/airflow/.local/lib/python3.8/site-packages/airflow/example_dags/example_xcom.py
[2026-05-16T03:20:13.061+0000] {logging_mixin.py:188} INFO - [2026-05-16T03:20:13.057+0000] {dag.py:3036} INFO - Sync 1 DAGs
[2026-05-16T03:20:13.119+0000] {logging_mixin.py:188} INFO - [2026-05-16T03:20:13.119+0000] {dag.py:3823} INFO - Setting next_dagrun for example_xcom to 2021-01-01 00:00:00+00:00, run_after=2021-01-01 00:00:00+00:00
[2026-05-16T03:20:13.158+0000] {processor.py:183} INFO - Processing /home/airflow/.local/lib/python3.8/site-packages/airflow/example_dags/example_xcom.py took 0.183 seconds
[2026-05-16T03:20:43.319+0000] {processor.py:161} INFO - Started process (PID=4775) to work on /home/airflow/.local/lib/python3.8/site-packages/airflow/example_dags/example_xcom.py
[2026-05-16T03:20:43.322+0000] {processor.py:830} INFO - Processing file /home/airflow/.local/lib/python3.8/site-packages/airflow/example_dags/example_xcom.py for tasks to queue
[2026-05-16T03:20:43.326+0000] {logging_mixin.py:188} INFO - [2026-05-16T03:20:43.325+0000] {dagbag.py:538} INFO - Filling up the DagBag from /home/airflow/.local/lib/python3.8/site-packages/airflow/example_dags/example_xcom.py
[2026-05-16T03:20:43.341+0000] {processor.py:840} INFO - DAG(s) 'example_xcom' retrieved from /home/airflow/.local/lib/python3.8/site-packages/airflow/example_dags/example_xcom.py
[2026-05-16T03:20:43.397+0000] {logging_mixin.py:188} INFO - [2026-05-16T03:20:43.397+0000] {dag.py:3036} INFO - Sync 1 DAGs
[2026-05-16T03:20:43.447+0000] {logging_mixin.py:188} INFO - [2026-05-16T03:20:43.447+0000] {dag.py:3823} INFO - Setting next_dagrun for example_xcom to 2021-01-01 00:00:00+00:00, run_after=2021-01-01 00:00:00+00:00
[2026-05-16T03:20:43.486+0000] {processor.py:183} INFO - Processing /home/airflow/.local/lib/python3.8/site-packages/airflow/example_dags/example_xcom.py took 0.173 seconds
[2026-05-16T03:21:13.671+0000] {processor.py:161} INFO - Started process (PID=4840) to work on /home/airflow/.local/lib/python3.8/site-packages/airflow/example_dags/example_xcom.py
[2026-05-16T03:21:13.673+0000] {processor.py:830} INFO - Processing file /home/airflow/.local/lib/python3.8/site-packages/airflow/example_dags/example_xcom.py for tasks to queue
[2026-05-16T03:21:13.676+0000] {logging_mixin.py:188} INFO - [2026-05-16T03:21:13.675+0000] {dagbag.py:538} INFO - Filling up the DagBag from /home/airflow/.local/lib/python3.8/site-packages/airflow/example_dags/example_xcom.py
[2026-05-16T03:21:13.700+0000] {processor.py:840} INFO - DAG(s) 'example_xcom' retrieved from /home/airflow/.local/lib/python3.8/site-packages/airflow/example_dags/example_xcom.py
[2026-05-16T03:21:13.742+0000] {logging_mixin.py:188} INFO - [2026-05-16T03:21:13.742+0000] {dag.py:3036} INFO - Sync 1 DAGs
[2026-05-16T03:21:13.785+0000] {logging_mixin.py:188} INFO - [2026-05-16T03:21:13.784+0000] {dag.py:3823} INFO - Setting next_dagrun for example_xcom to 2021-01-01 00:00:00+00:00, run_after=2021-01-01 00:00:00+00:00
[2026-05-16T03:21:13.819+0000] {processor.py:183} INFO - Processing /home/airflow/.local/lib/python3.8/site-packages/airflow/example_dags/example_xcom.py took 0.154 seconds
[2026-05-16T03:21:44.203+0000] {processor.py:161} INFO - Started process (PID=4905) to work on /home/airflow/.local/lib/python3.8/site-packages/airflow/example_dags/example_xcom.py
[2026-05-16T03:21:44.205+0000] {processor.py:830} INFO - Processing file /home/airflow/.local/lib/python3.8/site-packages/airflow/example_dags/example_xcom.py for tasks to queue
[2026-05-16T03:21:44.209+0000] {logging_mixin.py:188} INFO - [2026-05-16T03:21:44.208+0000] {dagbag.py:538} INFO - Filling up the DagBag from /home/airflow/.local/lib/python3.8/site-packages/airflow/example_dags/example_xcom.py
[2026-05-16T03:21:44.224+0000] {processor.py:840} INFO - DAG(s) 'example_xcom' retrieved from /home/airflow/.local/lib/python3.8/site-packages/airflow/example_dags/example_xcom.py
[2026-05-16T03:21:44.270+0000] {logging_mixin.py:188} INFO - [2026-05-16T03:21:44.270+0000] {dag.py:3036} INFO - Sync 1 DAGs
[2026-05-16T03:21:44.315+0000] {logging_mixin.py:188} INFO - [2026-05-16T03:21:44.314+0000] {dag.py:3823} INFO - Setting next_dagrun for example_xcom to 2021-01-01 00:00:00+00:00, run_after=2021-01-01 00:00:00+00:00
[2026-05-16T03:21:44.348+0000] {processor.py:183} INFO - Processing /home/airflow/.local/lib/python3.8/site-packages/airflow/example_dags/example_xcom.py took 0.151 seconds
[2026-05-16T03:22:14.799+0000] {processor.py:161} INFO - Started process (PID=4970) to work on /home/airflow/.local/lib/python3.8/site-packages/airflow/example_dags/example_xcom.py
[2026-05-16T03:22:14.801+0000] {processor.py:830} INFO - Processing file /home/airflow/.local/lib/python3.8/site-packages/airflow/example_dags/example_xcom.py for tasks to queue
[2026-05-16T03:22:14.803+0000] {logging_mixin.py:188} INFO - [2026-05-16T03:22:14.803+0000] {dagbag.py:538} INFO - Filling up the DagBag from /home/airflow/.local/lib/python3.8/site-packages/airflow/example_dags/example_xcom.py
[2026-05-16T03:22:14.818+0000] {processor.py:840} INFO - DAG(s) 'example_xcom' retrieved from /home/airflow/.local/lib/python3.8/site-packages/airflow/example_dags/example_xcom.py
[2026-05-16T03:22:14.861+0000] {logging_mixin.py:188} INFO - [2026-05-16T03:22:14.860+0000] {dag.py:3036} INFO - Sync 1 DAGs
[2026-05-16T03:22:14.904+0000] {logging_mixin.py:188} INFO - [2026-05-16T03:22:14.904+0000] {dag.py:3823} INFO - Setting next_dagrun for example_xcom to 2021-01-01 00:00:00+00:00, run_after=2021-01-01 00:00:00+00:00
[2026-05-16T03:22:14.939+0000] {processor.py:183} INFO - Processing /home/airflow/.local/lib/python3.8/site-packages/airflow/example_dags/example_xcom.py took 0.145 seconds
[2026-05-16T03:22:45.572+0000] {processor.py:161} INFO - Started process (PID=5034) to work on /home/airflow/.local/lib/python3.8/site-packages/airflow/example_dags/example_xcom.py
[2026-05-16T03:22:45.574+0000] {processor.py:830} INFO - Processing file /home/airflow/.local/lib/python3.8/site-packages/airflow/example_dags/example_xcom.py for tasks to queue
[2026-05-16T03:22:45.577+0000] {logging_mixin.py:188} INFO - [2026-05-16T03:22:45.577+0000] {dagbag.py:538} INFO - Filling up the DagBag from /home/airflow/.local/lib/python3.8/site-packages/airflow/example_dags/example_xcom.py
[2026-05-16T03:22:45.590+0000] {processor.py:840} INFO - DAG(s) 'example_xcom' retrieved from /home/airflow/.local/lib/python3.8/site-packages/airflow/example_dags/example_xcom.py
[2026-05-16T03:22:45.633+0000] {logging_mixin.py:188} INFO - [2026-05-16T03:22:45.632+0000] {dag.py:3036} INFO - Sync 1 DAGs
[2026-05-16T03:22:45.676+0000] {logging_mixin.py:188} INFO - [2026-05-16T03:22:45.676+0000] {dag.py:3823} INFO - Setting next_dagrun for example_xcom to 2021-01-01 00:00:00+00:00, run_after=2021-01-01 00:00:00+00:00
[2026-05-16T03:22:45.709+0000] {processor.py:183} INFO - Processing /home/airflow/.local/lib/python3.8/site-packages/airflow/example_dags/example_xcom.py took 0.143 seconds
[2026-05-16T03:23:15.896+0000] {processor.py:161} INFO - Started process (PID=5100) to work on /home/airflow/.local/lib/python3.8/site-packages/airflow/example_dags/example_xcom.py
[2026-05-16T03:23:15.898+0000] {processor.py:830} INFO - Processing file /home/airflow/.local/lib/python3.8/site-packages/airflow/example_dags/example_xcom.py for tasks to queue
[2026-05-16T03:23:15.901+0000] {logging_mixin.py:188} INFO - [2026-05-16T03:23:15.900+0000] {dagbag.py:538} INFO - Filling up the DagBag from /home/airflow/.local/lib/python3.8/site-packages/airflow/example_dags/example_xcom.py
[2026-05-16T03:23:15.913+0000] {processor.py:840} INFO - DAG(s) 'example_xcom' retrieved from /home/airflow/.local/lib/python3.8/site-packages/airflow/example_dags/example_xcom.py
[2026-05-16T03:23:15.956+0000] {logging_mixin.py:188} INFO - [2026-05-16T03:23:15.956+0000] {dag.py:3036} INFO - Sync 1 DAGs
[2026-05-16T03:23:15.997+0000] {logging_mixin.py:188} INFO - [2026-05-16T03:23:15.997+0000] {dag.py:3823} INFO - Setting next_dagrun for example_xcom to 2021-01-01 00:00:00+00:00, run_after=2021-01-01 00:00:00+00:00
[2026-05-16T03:23:16.026+0000] {processor.py:183} INFO - Processing /home/airflow/.local/lib/python3.8/site-packages/airflow/example_dags/example_xcom.py took 0.135 seconds
[2026-05-16T03:23:46.239+0000] {processor.py:161} INFO - Started process (PID=5166) to work on /home/airflow/.local/lib/python3.8/site-packages/airflow/example_dags/example_xcom.py
[2026-05-16T03:23:46.241+0000] {processor.py:830} INFO - Processing file /home/airflow/.local/lib/python3.8/site-packages/airflow/example_dags/example_xcom.py for tasks to queue
[2026-05-16T03:23:46.244+0000] {logging_mixin.py:188} INFO - [2026-05-16T03:23:46.244+0000] {dagbag.py:538} INFO - Filling up the DagBag from /home/airflow/.local/lib/python3.8/site-packages/airflow/example_dags/example_xcom.py
[2026-05-16T03:23:46.257+0000] {processor.py:840} INFO - DAG(s) 'example_xcom' retrieved from /home/airflow/.local/lib/python3.8/site-packages/airflow/example_dags/example_xcom.py
[2026-05-16T03:23:46.301+0000] {logging_mixin.py:188} INFO - [2026-05-16T03:23:46.300+0000] {dag.py:3036} INFO - Sync 1 DAGs
[2026-05-16T03:23:46.341+0000] {logging_mixin.py:188} INFO - [2026-05-16T03:23:46.341+0000] {dag.py:3823} INFO - Setting next_dagrun for example_xcom to 2021-01-01 00:00:00+00:00, run_after=2021-01-01 00:00:00+00:00
[2026-05-16T03:23:46.376+0000] {processor.py:183} INFO - Processing /home/airflow/.local/lib/python3.8/site-packages/airflow/example_dags/example_xcom.py took 0.142 seconds
[2026-05-16T03:24:17.074+0000] {processor.py:161} INFO - Started process (PID=5232) to work on /home/airflow/.local/lib/python3.8/site-packages/airflow/example_dags/example_xcom.py
[2026-05-16T03:24:17.075+0000] {processor.py:830} INFO - Processing file /home/airflow/.local/lib/python3.8/site-packages/airflow/example_dags/example_xcom.py for tasks to queue
[2026-05-16T03:24:17.079+0000] {logging_mixin.py:188} INFO - [2026-05-16T03:24:17.078+0000] {dagbag.py:538} INFO - Filling up the DagBag from /home/airflow/.local/lib/python3.8/site-packages/airflow/example_dags/example_xcom.py
[2026-05-16T03:24:17.093+0000] {processor.py:840} INFO - DAG(s) 'example_xcom' retrieved from /home/airflow/.local/lib/python3.8/site-packages/airflow/example_dags/example_xcom.py
[2026-05-16T03:24:17.141+0000] {logging_mixin.py:188} INFO - [2026-05-16T03:24:17.141+0000] {dag.py:3036} INFO - Sync 1 DAGs
[2026-05-16T03:24:17.191+0000] {logging_mixin.py:188} INFO - [2026-05-16T03:24:17.190+0000] {dag.py:3823} INFO - Setting next_dagrun for example_xcom to 2021-01-01 00:00:00+00:00, run_after=2021-01-01 00:00:00+00:00
[2026-05-16T03:24:17.220+0000] {processor.py:183} INFO - Processing /home/airflow/.local/lib/python3.8/site-packages/airflow/example_dags/example_xcom.py took 0.152 seconds
[2026-05-16T03:24:47.632+0000] {processor.py:161} INFO - Started process (PID=5299) to work on /home/airflow/.local/lib/python3.8/site-packages/airflow/example_dags/example_xcom.py
[2026-05-16T03:24:47.634+0000] {processor.py:830} INFO - Processing file /home/airflow/.local/lib/python3.8/site-packages/airflow/example_dags/example_xcom.py for tasks to queue
[2026-05-16T03:24:47.637+0000] {logging_mixin.py:188} INFO - [2026-05-16T03:24:47.636+0000] {dagbag.py:538} INFO - Filling up the DagBag from /home/airflow/.local/lib/python3.8/site-packages/airflow/example_dags/example_xcom.py
[2026-05-16T03:24:47.651+0000] {processor.py:840} INFO - DAG(s) 'example_xcom' retrieved from /home/airflow/.local/lib/python3.8/site-packages/airflow/example_dags/example_xcom.py
[2026-05-16T03:24:47.695+0000] {logging_mixin.py:188} INFO - [2026-05-16T03:24:47.695+0000] {dag.py:3036} INFO - Sync 1 DAGs
[2026-05-16T03:24:47.736+0000] {logging_mixin.py:188} INFO - [2026-05-16T03:24:47.736+0000] {dag.py:3823} INFO - Setting next_dagrun for example_xcom to 2021-01-01 00:00:00+00:00, run_after=2021-01-01 00:00:00+00:00
[2026-05-16T03:24:47.769+0000] {processor.py:183} INFO - Processing /home/airflow/.local/lib/python3.8/site-packages/airflow/example_dags/example_xcom.py took 0.143 seconds
[2026-05-16T03:25:18.440+0000] {processor.py:161} INFO - Started process (PID=5364) to work on /home/airflow/.local/lib/python3.8/site-packages/airflow/example_dags/example_xcom.py
[2026-05-16T03:25:18.442+0000] {processor.py:830} INFO - Processing file /home/airflow/.local/lib/python3.8/site-packages/airflow/example_dags/example_xcom.py for tasks to queue
[2026-05-16T03:25:18.445+0000] {logging_mixin.py:188} INFO - [2026-05-16T03:25:18.445+0000] {dagbag.py:538} INFO - Filling up the DagBag from /home/airflow/.local/lib/python3.8/site-packages/airflow/example_dags/example_xcom.py
[2026-05-16T03:25:18.458+0000] {processor.py:840} INFO - DAG(s) 'example_xcom' retrieved from /home/airflow/.local/lib/python3.8/site-packages/airflow/example_dags/example_xcom.py
[2026-05-16T03:25:18.500+0000] {logging_mixin.py:188} INFO - [2026-05-16T03:25:18.500+0000] {dag.py:3036} INFO - Sync 1 DAGs
[2026-05-16T03:25:18.540+0000] {logging_mixin.py:188} INFO - [2026-05-16T03:25:18.539+0000] {dag.py:3823} INFO - Setting next_dagrun for example_xcom to 2021-01-01 00:00:00+00:00, run_after=2021-01-01 00:00:00+00:00
[2026-05-16T03:25:18.576+0000] {processor.py:183} INFO - Processing /home/airflow/.local/lib/python3.8/site-packages/airflow/example_dags/example_xcom.py took 0.141 seconds
[2026-05-16T03:25:48.642+0000] {processor.py:161} INFO - Started process (PID=5428) to work on /home/airflow/.local/lib/python3.8/site-packages/airflow/example_dags/example_xcom.py
[2026-05-16T03:25:48.645+0000] {processor.py:830} INFO - Processing file /home/airflow/.local/lib/python3.8/site-packages/airflow/example_dags/example_xcom.py for tasks to queue
[2026-05-16T03:25:48.647+0000] {logging_mixin.py:188} INFO - [2026-05-16T03:25:48.647+0000] {dagbag.py:538} INFO - Filling up the DagBag from /home/airflow/.local/lib/python3.8/site-packages/airflow/example_dags/example_xcom.py
[2026-05-16T03:25:48.662+0000] {processor.py:840} INFO - DAG(s) 'example_xcom' retrieved from /home/airflow/.local/lib/python3.8/site-packages/airflow/example_dags/example_xcom.py
[2026-05-16T03:25:48.704+0000] {logging_mixin.py:188} INFO - [2026-05-16T03:25:48.703+0000] {dag.py:3036} INFO - Sync 1 DAGs
[2026-05-16T03:25:48.742+0000] {logging_mixin.py:188} INFO - [2026-05-16T03:25:48.742+0000] {dag.py:3823} INFO - Setting next_dagrun for example_xcom to 2021-01-01 00:00:00+00:00, run_after=2021-01-01 00:00:00+00:00
[2026-05-16T03:25:48.776+0000] {processor.py:183} INFO - Processing /home/airflow/.local/lib/python3.8/site-packages/airflow/example_dags/example_xcom.py took 0.140 seconds
[2026-05-16T03:26:18.931+0000] {processor.py:161} INFO - Started process (PID=5499) to work on /home/airflow/.local/lib/python3.8/site-packages/airflow/example_dags/example_xcom.py
[2026-05-16T03:26:18.933+0000] {processor.py:830} INFO - Processing file /home/airflow/.local/lib/python3.8/site-packages/airflow/example_dags/example_xcom.py for tasks to queue
[2026-05-16T03:26:18.937+0000] {logging_mixin.py:188} INFO - [2026-05-16T03:26:18.936+0000] {dagbag.py:538} INFO - Filling up the DagBag from /home/airflow/.local/lib/python3.8/site-packages/airflow/example_dags/example_xcom.py
[2026-05-16T03:26:18.952+0000] {processor.py:840} INFO - DAG(s) 'example_xcom' retrieved from /home/airflow/.local/lib/python3.8/site-packages/airflow/example_dags/example_xcom.py
[2026-05-16T03:26:18.999+0000] {logging_mixin.py:188} INFO - [2026-05-16T03:26:18.999+0000] {dag.py:3036} INFO - Sync 1 DAGs
[2026-05-16T03:26:19.044+0000] {logging_mixin.py:188} INFO - [2026-05-16T03:26:19.043+0000] {dag.py:3823} INFO - Setting next_dagrun for example_xcom to 2021-01-01 00:00:00+00:00, run_after=2021-01-01 00:00:00+00:00
[2026-05-16T03:26:19.077+0000] {processor.py:183} INFO - Processing /home/airflow/.local/lib/python3.8/site-packages/airflow/example_dags/example_xcom.py took 0.151 seconds
[2026-05-16T03:26:49.733+0000] {processor.py:161} INFO - Started process (PID=5565) to work on /home/airflow/.local/lib/python3.8/site-packages/airflow/example_dags/example_xcom.py
[2026-05-16T03:26:49.735+0000] {processor.py:830} INFO - Processing file /home/airflow/.local/lib/python3.8/site-packages/airflow/example_dags/example_xcom.py for tasks to queue
[2026-05-16T03:26:49.738+0000] {logging_mixin.py:188} INFO - [2026-05-16T03:26:49.738+0000] {dagbag.py:538} INFO - Filling up the DagBag from /home/airflow/.local/lib/python3.8/site-packages/airflow/example_dags/example_xcom.py
[2026-05-16T03:26:49.752+0000] {processor.py:840} INFO - DAG(s) 'example_xcom' retrieved from /home/airflow/.local/lib/python3.8/site-packages/airflow/example_dags/example_xcom.py
[2026-05-16T03:26:49.796+0000] {logging_mixin.py:188} INFO - [2026-05-16T03:26:49.795+0000] {dag.py:3036} INFO - Sync 1 DAGs
[2026-05-16T03:26:49.838+0000] {logging_mixin.py:188} INFO - [2026-05-16T03:26:49.837+0000] {dag.py:3823} INFO - Setting next_dagrun for example_xcom to 2021-01-01 00:00:00+00:00, run_after=2021-01-01 00:00:00+00:00
[2026-05-16T03:26:49.870+0000] {processor.py:183} INFO - Processing /home/airflow/.local/lib/python3.8/site-packages/airflow/example_dags/example_xcom.py took 0.143 seconds
[2026-05-16T03:27:20.375+0000] {processor.py:161} INFO - Started process (PID=5630) to work on /home/airflow/.local/lib/python3.8/site-packages/airflow/example_dags/example_xcom.py
[2026-05-16T03:27:20.377+0000] {processor.py:830} INFO - Processing file /home/airflow/.local/lib/python3.8/site-packages/airflow/example_dags/example_xcom.py for tasks to queue
[2026-05-16T03:27:20.381+0000] {logging_mixin.py:188} INFO - [2026-05-16T03:27:20.380+0000] {dagbag.py:538} INFO - Filling up the DagBag from /home/airflow/.local/lib/python3.8/site-packages/airflow/example_dags/example_xcom.py
[2026-05-16T03:27:20.395+0000] {processor.py:840} INFO - DAG(s) 'example_xcom' retrieved from /home/airflow/.local/lib/python3.8/site-packages/airflow/example_dags/example_xcom.py
[2026-05-16T03:27:20.441+0000] {logging_mixin.py:188} INFO - [2026-05-16T03:27:20.440+0000] {dag.py:3036} INFO - Sync 1 DAGs
[2026-05-16T03:27:20.483+0000] {logging_mixin.py:188} INFO - [2026-05-16T03:27:20.483+0000] {dag.py:3823} INFO - Setting next_dagrun for example_xcom to 2021-01-01 00:00:00+00:00, run_after=2021-01-01 00:00:00+00:00
[2026-05-16T03:27:20.513+0000] {processor.py:183} INFO - Processing /home/airflow/.local/lib/python3.8/site-packages/airflow/example_dags/example_xcom.py took 0.144 seconds
[2026-05-16T03:27:51.326+0000] {processor.py:161} INFO - Started process (PID=5695) to work on /home/airflow/.local/lib/python3.8/site-packages/airflow/example_dags/example_xcom.py
[2026-05-16T03:27:51.328+0000] {processor.py:830} INFO - Processing file /home/airflow/.local/lib/python3.8/site-packages/airflow/example_dags/example_xcom.py for tasks to queue
[2026-05-16T03:27:51.331+0000] {logging_mixin.py:188} INFO - [2026-05-16T03:27:51.331+0000] {dagbag.py:538} INFO - Filling up the DagBag from /home/airflow/.local/lib/python3.8/site-packages/airflow/example_dags/example_xcom.py
[2026-05-16T03:27:51.357+0000] {processor.py:840} INFO - DAG(s) 'example_xcom' retrieved from /home/airflow/.local/lib/python3.8/site-packages/airflow/example_dags/example_xcom.py
[2026-05-16T03:27:51.418+0000] {logging_mixin.py:188} INFO - [2026-05-16T03:27:51.417+0000] {dag.py:3036} INFO - Sync 1 DAGs
[2026-05-16T03:27:51.490+0000] {logging_mixin.py:188} INFO - [2026-05-16T03:27:51.489+0000] {dag.py:3823} INFO - Setting next_dagrun for example_xcom to 2021-01-01 00:00:00+00:00, run_after=2021-01-01 00:00:00+00:00
[2026-05-16T03:27:51.527+0000] {processor.py:183} INFO - Processing /home/airflow/.local/lib/python3.8/site-packages/airflow/example_dags/example_xcom.py took 0.219 seconds
[2026-05-16T03:28:21.906+0000] {processor.py:161} INFO - Started process (PID=5759) to work on /home/airflow/.local/lib/python3.8/site-packages/airflow/example_dags/example_xcom.py
[2026-05-16T03:28:21.907+0000] {processor.py:830} INFO - Processing file /home/airflow/.local/lib/python3.8/site-packages/airflow/example_dags/example_xcom.py for tasks to queue
[2026-05-16T03:28:21.910+0000] {logging_mixin.py:188} INFO - [2026-05-16T03:28:21.910+0000] {dagbag.py:538} INFO - Filling up the DagBag from /home/airflow/.local/lib/python3.8/site-packages/airflow/example_dags/example_xcom.py
[2026-05-16T03:28:21.925+0000] {processor.py:840} INFO - DAG(s) 'example_xcom' retrieved from /home/airflow/.local/lib/python3.8/site-packages/airflow/example_dags/example_xcom.py
[2026-05-16T03:28:21.969+0000] {logging_mixin.py:188} INFO - [2026-05-16T03:28:21.968+0000] {dag.py:3036} INFO - Sync 1 DAGs
[2026-05-16T03:28:22.012+0000] {logging_mixin.py:188} INFO - [2026-05-16T03:28:22.012+0000] {dag.py:3823} INFO - Setting next_dagrun for example_xcom to 2021-01-01 00:00:00+00:00, run_after=2021-01-01 00:00:00+00:00
[2026-05-16T03:28:22.045+0000] {processor.py:183} INFO - Processing /home/airflow/.local/lib/python3.8/site-packages/airflow/example_dags/example_xcom.py took 0.145 seconds
[2026-05-16T03:28:52.241+0000] {processor.py:161} INFO - Started process (PID=5823) to work on /home/airflow/.local/lib/python3.8/site-packages/airflow/example_dags/example_xcom.py
[2026-05-16T03:28:52.243+0000] {processor.py:830} INFO - Processing file /home/airflow/.local/lib/python3.8/site-packages/airflow/example_dags/example_xcom.py for tasks to queue
[2026-05-16T03:28:52.245+0000] {logging_mixin.py:188} INFO - [2026-05-16T03:28:52.245+0000] {dagbag.py:538} INFO - Filling up the DagBag from /home/airflow/.local/lib/python3.8/site-packages/airflow/example_dags/example_xcom.py
[2026-05-16T03:28:52.258+0000] {processor.py:840} INFO - DAG(s) 'example_xcom' retrieved from /home/airflow/.local/lib/python3.8/site-packages/airflow/example_dags/example_xcom.py
[2026-05-16T03:28:52.297+0000] {logging_mixin.py:188} INFO - [2026-05-16T03:28:52.297+0000] {dag.py:3036} INFO - Sync 1 DAGs
[2026-05-16T03:28:52.336+0000] {logging_mixin.py:188} INFO - [2026-05-16T03:28:52.335+0000] {dag.py:3823} INFO - Setting next_dagrun for example_xcom to 2021-01-01 00:00:00+00:00, run_after=2021-01-01 00:00:00+00:00
[2026-05-16T03:28:52.365+0000] {processor.py:183} INFO - Processing /home/airflow/.local/lib/python3.8/site-packages/airflow/example_dags/example_xcom.py took 0.129 seconds
[2026-05-16T03:29:23.053+0000] {processor.py:161} INFO - Started process (PID=5887) to work on /home/airflow/.local/lib/python3.8/site-packages/airflow/example_dags/example_xcom.py
[2026-05-16T03:29:23.056+0000] {processor.py:830} INFO - Processing file /home/airflow/.local/lib/python3.8/site-packages/airflow/example_dags/example_xcom.py for tasks to queue
[2026-05-16T03:29:23.059+0000] {logging_mixin.py:188} INFO - [2026-05-16T03:29:23.058+0000] {dagbag.py:538} INFO - Filling up the DagBag from /home/airflow/.local/lib/python3.8/site-packages/airflow/example_dags/example_xcom.py
[2026-05-16T03:29:23.074+0000] {processor.py:840} INFO - DAG(s) 'example_xcom' retrieved from /home/airflow/.local/lib/python3.8/site-packages/airflow/example_dags/example_xcom.py
[2026-05-16T03:29:23.120+0000] {logging_mixin.py:188} INFO - [2026-05-16T03:29:23.120+0000] {dag.py:3036} INFO - Sync 1 DAGs
[2026-05-16T03:29:23.163+0000] {logging_mixin.py:188} INFO - [2026-05-16T03:29:23.162+0000] {dag.py:3823} INFO - Setting next_dagrun for example_xcom to 2021-01-01 00:00:00+00:00, run_after=2021-01-01 00:00:00+00:00
[2026-05-16T03:29:23.195+0000] {processor.py:183} INFO - Processing /home/airflow/.local/lib/python3.8/site-packages/airflow/example_dags/example_xcom.py took 0.148 seconds
[2026-05-16T03:29:53.400+0000] {processor.py:161} INFO - Started process (PID=5952) to work on /home/airflow/.local/lib/python3.8/site-packages/airflow/example_dags/example_xcom.py
[2026-05-16T03:29:53.401+0000] {processor.py:830} INFO - Processing file /home/airflow/.local/lib/python3.8/site-packages/airflow/example_dags/example_xcom.py for tasks to queue
[2026-05-16T03:29:53.404+0000] {logging_mixin.py:188} INFO - [2026-05-16T03:29:53.403+0000] {dagbag.py:538} INFO - Filling up the DagBag from /home/airflow/.local/lib/python3.8/site-packages/airflow/example_dags/example_xcom.py
[2026-05-16T03:29:53.415+0000] {processor.py:840} INFO - DAG(s) 'example_xcom' retrieved from /home/airflow/.local/lib/python3.8/site-packages/airflow/example_dags/example_xcom.py
[2026-05-16T03:29:53.455+0000] {logging_mixin.py:188} INFO - [2026-05-16T03:29:53.455+0000] {dag.py:3036} INFO - Sync 1 DAGs
[2026-05-16T03:29:53.497+0000] {logging_mixin.py:188} INFO - [2026-05-16T03:29:53.496+0000] {dag.py:3823} INFO - Setting next_dagrun for example_xcom to 2021-01-01 00:00:00+00:00, run_after=2021-01-01 00:00:00+00:00
[2026-05-16T03:29:53.527+0000] {processor.py:183} INFO - Processing /home/airflow/.local/lib/python3.8/site-packages/airflow/example_dags/example_xcom.py took 0.132 seconds
[2026-05-16T03:30:23.988+0000] {processor.py:161} INFO - Started process (PID=6015) to work on /home/airflow/.local/lib/python3.8/site-packages/airflow/example_dags/example_xcom.py
[2026-05-16T03:30:23.990+0000] {processor.py:830} INFO - Processing file /home/airflow/.local/lib/python3.8/site-packages/airflow/example_dags/example_xcom.py for tasks to queue
[2026-05-16T03:30:23.993+0000] {logging_mixin.py:188} INFO - [2026-05-16T03:30:23.993+0000] {dagbag.py:538} INFO - Filling up the DagBag from /home/airflow/.local/lib/python3.8/site-packages/airflow/example_dags/example_xcom.py
[2026-05-16T03:30:24.007+0000] {processor.py:840} INFO - DAG(s) 'example_xcom' retrieved from /home/airflow/.local/lib/python3.8/site-packages/airflow/example_dags/example_xcom.py
[2026-05-16T03:30:24.050+0000] {logging_mixin.py:188} INFO - [2026-05-16T03:30:24.050+0000] {dag.py:3036} INFO - Sync 1 DAGs
[2026-05-16T03:30:24.087+0000] {logging_mixin.py:188} INFO - [2026-05-16T03:30:24.087+0000] {dag.py:3823} INFO - Setting next_dagrun for example_xcom to 2021-01-01 00:00:00+00:00, run_after=2021-01-01 00:00:00+00:00
[2026-05-16T03:30:24.125+0000] {processor.py:183} INFO - Processing /home/airflow/.local/lib/python3.8/site-packages/airflow/example_dags/example_xcom.py took 0.142 seconds
[2026-05-16T03:30:54.347+0000] {processor.py:161} INFO - Started process (PID=6081) to work on /home/airflow/.local/lib/python3.8/site-packages/airflow/example_dags/example_xcom.py
[2026-05-16T03:30:54.348+0000] {processor.py:830} INFO - Processing file /home/airflow/.local/lib/python3.8/site-packages/airflow/example_dags/example_xcom.py for tasks to queue
[2026-05-16T03:30:54.351+0000] {logging_mixin.py:188} INFO - [2026-05-16T03:30:54.351+0000] {dagbag.py:538} INFO - Filling up the DagBag from /home/airflow/.local/lib/python3.8/site-packages/airflow/example_dags/example_xcom.py
[2026-05-16T03:30:54.365+0000] {processor.py:840} INFO - DAG(s) 'example_xcom' retrieved from /home/airflow/.local/lib/python3.8/site-packages/airflow/example_dags/example_xcom.py
[2026-05-16T03:30:54.410+0000] {logging_mixin.py:188} INFO - [2026-05-16T03:30:54.410+0000] {dag.py:3036} INFO - Sync 1 DAGs
[2026-05-16T03:30:54.454+0000] {logging_mixin.py:188} INFO - [2026-05-16T03:30:54.454+0000] {dag.py:3823} INFO - Setting next_dagrun for example_xcom to 2021-01-01 00:00:00+00:00, run_after=2021-01-01 00:00:00+00:00
[2026-05-16T03:30:54.490+0000] {processor.py:183} INFO - Processing /home/airflow/.local/lib/python3.8/site-packages/airflow/example_dags/example_xcom.py took 0.149 seconds
[2026-05-16T03:31:24.849+0000] {processor.py:161} INFO - Started process (PID=6145) to work on /home/airflow/.local/lib/python3.8/site-packages/airflow/example_dags/example_xcom.py
[2026-05-16T03:31:24.856+0000] {processor.py:830} INFO - Processing file /home/airflow/.local/lib/python3.8/site-packages/airflow/example_dags/example_xcom.py for tasks to queue
[2026-05-16T03:31:24.866+0000] {logging_mixin.py:188} INFO - [2026-05-16T03:31:24.863+0000] {dagbag.py:538} INFO - Filling up the DagBag from /home/airflow/.local/lib/python3.8/site-packages/airflow/example_dags/example_xcom.py
[2026-05-16T03:31:24.885+0000] {processor.py:840} INFO - DAG(s) 'example_xcom' retrieved from /home/airflow/.local/lib/python3.8/site-packages/airflow/example_dags/example_xcom.py
[2026-05-16T03:31:24.931+0000] {logging_mixin.py:188} INFO - [2026-05-16T03:31:24.930+0000] {dag.py:3036} INFO - Sync 1 DAGs
[2026-05-16T03:31:24.988+0000] {logging_mixin.py:188} INFO - [2026-05-16T03:31:24.988+0000] {dag.py:3823} INFO - Setting next_dagrun for example_xcom to 2021-01-01 00:00:00+00:00, run_after=2021-01-01 00:00:00+00:00
[2026-05-16T03:31:25.027+0000] {processor.py:183} INFO - Processing /home/airflow/.local/lib/python3.8/site-packages/airflow/example_dags/example_xcom.py took 0.187 seconds
[2026-05-16T03:31:55.229+0000] {processor.py:161} INFO - Started process (PID=6211) to work on /home/airflow/.local/lib/python3.8/site-packages/airflow/example_dags/example_xcom.py
[2026-05-16T03:31:55.231+0000] {processor.py:830} INFO - Processing file /home/airflow/.local/lib/python3.8/site-packages/airflow/example_dags/example_xcom.py for tasks to queue
[2026-05-16T03:31:55.235+0000] {logging_mixin.py:188} INFO - [2026-05-16T03:31:55.234+0000] {dagbag.py:538} INFO - Filling up the DagBag from /home/airflow/.local/lib/python3.8/site-packages/airflow/example_dags/example_xcom.py
[2026-05-16T03:31:55.249+0000] {processor.py:840} INFO - DAG(s) 'example_xcom' retrieved from /home/airflow/.local/lib/python3.8/site-packages/airflow/example_dags/example_xcom.py
[2026-05-16T03:31:55.290+0000] {logging_mixin.py:188} INFO - [2026-05-16T03:31:55.290+0000] {dag.py:3036} INFO - Sync 1 DAGs
[2026-05-16T03:31:55.331+0000] {logging_mixin.py:188} INFO - [2026-05-16T03:31:55.331+0000] {dag.py:3823} INFO - Setting next_dagrun for example_xcom to 2021-01-01 00:00:00+00:00, run_after=2021-01-01 00:00:00+00:00
[2026-05-16T03:31:55.360+0000] {processor.py:183} INFO - Processing /home/airflow/.local/lib/python3.8/site-packages/airflow/example_dags/example_xcom.py took 0.137 seconds
[2026-05-16T03:32:25.623+0000] {processor.py:161} INFO - Started process (PID=6276) to work on /home/airflow/.local/lib/python3.8/site-packages/airflow/example_dags/example_xcom.py
[2026-05-16T03:32:25.626+0000] {processor.py:830} INFO - Processing file /home/airflow/.local/lib/python3.8/site-packages/airflow/example_dags/example_xcom.py for tasks to queue
[2026-05-16T03:32:25.629+0000] {logging_mixin.py:188} INFO - [2026-05-16T03:32:25.628+0000] {dagbag.py:538} INFO - Filling up the DagBag from /home/airflow/.local/lib/python3.8/site-packages/airflow/example_dags/example_xcom.py
[2026-05-16T03:32:25.641+0000] {processor.py:840} INFO - DAG(s) 'example_xcom' retrieved from /home/airflow/.local/lib/python3.8/site-packages/airflow/example_dags/example_xcom.py
[2026-05-16T03:32:25.680+0000] {logging_mixin.py:188} INFO - [2026-05-16T03:32:25.680+0000] {dag.py:3036} INFO - Sync 1 DAGs
[2026-05-16T03:32:25.717+0000] {logging_mixin.py:188} INFO - [2026-05-16T03:32:25.717+0000] {dag.py:3823} INFO - Setting next_dagrun for example_xcom to 2021-01-01 00:00:00+00:00, run_after=2021-01-01 00:00:00+00:00
[2026-05-16T03:32:25.748+0000] {processor.py:183} INFO - Processing /home/airflow/.local/lib/python3.8/site-packages/airflow/example_dags/example_xcom.py took 0.130 seconds
[2026-05-16T03:32:55.819+0000] {processor.py:161} INFO - Started process (PID=6341) to work on /home/airflow/.local/lib/python3.8/site-packages/airflow/example_dags/example_xcom.py
[2026-05-16T03:32:55.821+0000] {processor.py:830} INFO - Processing file /home/airflow/.local/lib/python3.8/site-packages/airflow/example_dags/example_xcom.py for tasks to queue
[2026-05-16T03:32:55.825+0000] {logging_mixin.py:188} INFO - [2026-05-16T03:32:55.824+0000] {dagbag.py:538} INFO - Filling up the DagBag from /home/airflow/.local/lib/python3.8/site-packages/airflow/example_dags/example_xcom.py
[2026-05-16T03:32:55.840+0000] {processor.py:840} INFO - DAG(s) 'example_xcom' retrieved from /home/airflow/.local/lib/python3.8/site-packages/airflow/example_dags/example_xcom.py
[2026-05-16T03:32:55.885+0000] {logging_mixin.py:188} INFO - [2026-05-16T03:32:55.884+0000] {dag.py:3036} INFO - Sync 1 DAGs
[2026-05-16T03:32:55.929+0000] {logging_mixin.py:188} INFO - [2026-05-16T03:32:55.929+0000] {dag.py:3823} INFO - Setting next_dagrun for example_xcom to 2021-01-01 00:00:00+00:00, run_after=2021-01-01 00:00:00+00:00
[2026-05-16T03:32:55.966+0000] {processor.py:183} INFO - Processing /home/airflow/.local/lib/python3.8/site-packages/airflow/example_dags/example_xcom.py took 0.153 seconds
[2026-05-16T03:33:26.433+0000] {processor.py:161} INFO - Started process (PID=6406) to work on /home/airflow/.local/lib/python3.8/site-packages/airflow/example_dags/example_xcom.py
[2026-05-16T03:33:26.447+0000] {processor.py:830} INFO - Processing file /home/airflow/.local/lib/python3.8/site-packages/airflow/example_dags/example_xcom.py for tasks to queue
[2026-05-16T03:33:26.450+0000] {logging_mixin.py:188} INFO - [2026-05-16T03:33:26.449+0000] {dagbag.py:538} INFO - Filling up the DagBag from /home/airflow/.local/lib/python3.8/site-packages/airflow/example_dags/example_xcom.py
[2026-05-16T03:33:26.464+0000] {processor.py:840} INFO - DAG(s) 'example_xcom' retrieved from /home/airflow/.local/lib/python3.8/site-packages/airflow/example_dags/example_xcom.py
[2026-05-16T03:33:26.504+0000] {logging_mixin.py:188} INFO - [2026-05-16T03:33:26.504+0000] {dag.py:3036} INFO - Sync 1 DAGs
[2026-05-16T03:33:26.542+0000] {logging_mixin.py:188} INFO - [2026-05-16T03:33:26.541+0000] {dag.py:3823} INFO - Setting next_dagrun for example_xcom to 2021-01-01 00:00:00+00:00, run_after=2021-01-01 00:00:00+00:00
[2026-05-16T03:33:26.590+0000] {processor.py:183} INFO - Processing /home/airflow/.local/lib/python3.8/site-packages/airflow/example_dags/example_xcom.py took 0.178 seconds
[2026-05-16T03:33:57.048+0000] {processor.py:161} INFO - Started process (PID=6471) to work on /home/airflow/.local/lib/python3.8/site-packages/airflow/example_dags/example_xcom.py
[2026-05-16T03:33:57.050+0000] {processor.py:830} INFO - Processing file /home/airflow/.local/lib/python3.8/site-packages/airflow/example_dags/example_xcom.py for tasks to queue
[2026-05-16T03:33:57.053+0000] {logging_mixin.py:188} INFO - [2026-05-16T03:33:57.053+0000] {dagbag.py:538} INFO - Filling up the DagBag from /home/airflow/.local/lib/python3.8/site-packages/airflow/example_dags/example_xcom.py
[2026-05-16T03:33:57.068+0000] {processor.py:840} INFO - DAG(s) 'example_xcom' retrieved from /home/airflow/.local/lib/python3.8/site-packages/airflow/example_dags/example_xcom.py
[2026-05-16T03:33:57.111+0000] {logging_mixin.py:188} INFO - [2026-05-16T03:33:57.111+0000] {dag.py:3036} INFO - Sync 1 DAGs
[2026-05-16T03:33:57.153+0000] {logging_mixin.py:188} INFO - [2026-05-16T03:33:57.153+0000] {dag.py:3823} INFO - Setting next_dagrun for example_xcom to 2021-01-01 00:00:00+00:00, run_after=2021-01-01 00:00:00+00:00
[2026-05-16T03:33:57.189+0000] {processor.py:183} INFO - Processing /home/airflow/.local/lib/python3.8/site-packages/airflow/example_dags/example_xcom.py took 0.146 seconds
[2026-05-16T03:34:27.294+0000] {processor.py:161} INFO - Started process (PID=6537) to work on /home/airflow/.local/lib/python3.8/site-packages/airflow/example_dags/example_xcom.py
[2026-05-16T03:34:27.295+0000] {processor.py:830} INFO - Processing file /home/airflow/.local/lib/python3.8/site-packages/airflow/example_dags/example_xcom.py for tasks to queue
[2026-05-16T03:34:27.298+0000] {logging_mixin.py:188} INFO - [2026-05-16T03:34:27.298+0000] {dagbag.py:538} INFO - Filling up the DagBag from /home/airflow/.local/lib/python3.8/site-packages/airflow/example_dags/example_xcom.py
[2026-05-16T03:34:27.312+0000] {processor.py:840} INFO - DAG(s) 'example_xcom' retrieved from /home/airflow/.local/lib/python3.8/site-packages/airflow/example_dags/example_xcom.py
[2026-05-16T03:34:27.355+0000] {logging_mixin.py:188} INFO - [2026-05-16T03:34:27.354+0000] {dag.py:3036} INFO - Sync 1 DAGs
[2026-05-16T03:34:27.396+0000] {logging_mixin.py:188} INFO - [2026-05-16T03:34:27.396+0000] {dag.py:3823} INFO - Setting next_dagrun for example_xcom to 2021-01-01 00:00:00+00:00, run_after=2021-01-01 00:00:00+00:00
[2026-05-16T03:34:27.432+0000] {processor.py:183} INFO - Processing /home/airflow/.local/lib/python3.8/site-packages/airflow/example_dags/example_xcom.py took 0.143 seconds
[2026-05-16T03:34:57.686+0000] {processor.py:161} INFO - Started process (PID=6611) to work on /home/airflow/.local/lib/python3.8/site-packages/airflow/example_dags/example_xcom.py
[2026-05-16T03:34:57.689+0000] {processor.py:830} INFO - Processing file /home/airflow/.local/lib/python3.8/site-packages/airflow/example_dags/example_xcom.py for tasks to queue
[2026-05-16T03:34:57.692+0000] {logging_mixin.py:188} INFO - [2026-05-16T03:34:57.691+0000] {dagbag.py:538} INFO - Filling up the DagBag from /home/airflow/.local/lib/python3.8/site-packages/airflow/example_dags/example_xcom.py
[2026-05-16T03:34:57.706+0000] {processor.py:840} INFO - DAG(s) 'example_xcom' retrieved from /home/airflow/.local/lib/python3.8/site-packages/airflow/example_dags/example_xcom.py
[2026-05-16T03:34:57.750+0000] {logging_mixin.py:188} INFO - [2026-05-16T03:34:57.750+0000] {dag.py:3036} INFO - Sync 1 DAGs
[2026-05-16T03:34:57.788+0000] {logging_mixin.py:188} INFO - [2026-05-16T03:34:57.788+0000] {dag.py:3823} INFO - Setting next_dagrun for example_xcom to 2021-01-01 00:00:00+00:00, run_after=2021-01-01 00:00:00+00:00
[2026-05-16T03:34:57.827+0000] {processor.py:183} INFO - Processing /home/airflow/.local/lib/python3.8/site-packages/airflow/example_dags/example_xcom.py took 0.147 seconds
[2026-05-16T03:35:27.975+0000] {processor.py:161} INFO - Started process (PID=6675) to work on /home/airflow/.local/lib/python3.8/site-packages/airflow/example_dags/example_xcom.py
[2026-05-16T03:35:27.977+0000] {processor.py:830} INFO - Processing file /home/airflow/.local/lib/python3.8/site-packages/airflow/example_dags/example_xcom.py for tasks to queue
[2026-05-16T03:35:27.980+0000] {logging_mixin.py:188} INFO - [2026-05-16T03:35:27.979+0000] {dagbag.py:538} INFO - Filling up the DagBag from /home/airflow/.local/lib/python3.8/site-packages/airflow/example_dags/example_xcom.py
[2026-05-16T03:35:27.992+0000] {processor.py:840} INFO - DAG(s) 'example_xcom' retrieved from /home/airflow/.local/lib/python3.8/site-packages/airflow/example_dags/example_xcom.py
[2026-05-16T03:35:28.038+0000] {logging_mixin.py:188} INFO - [2026-05-16T03:35:28.037+0000] {dag.py:3036} INFO - Sync 1 DAGs
[2026-05-16T03:35:28.084+0000] {logging_mixin.py:188} INFO - [2026-05-16T03:35:28.084+0000] {dag.py:3823} INFO - Setting next_dagrun for example_xcom to 2021-01-01 00:00:00+00:00, run_after=2021-01-01 00:00:00+00:00
[2026-05-16T03:35:28.119+0000] {processor.py:183} INFO - Processing /home/airflow/.local/lib/python3.8/site-packages/airflow/example_dags/example_xcom.py took 0.149 seconds
[2026-05-16T03:35:58.192+0000] {processor.py:161} INFO - Started process (PID=6740) to work on /home/airflow/.local/lib/python3.8/site-packages/airflow/example_dags/example_xcom.py
[2026-05-16T03:35:58.194+0000] {processor.py:830} INFO - Processing file /home/airflow/.local/lib/python3.8/site-packages/airflow/example_dags/example_xcom.py for tasks to queue
[2026-05-16T03:35:58.197+0000] {logging_mixin.py:188} INFO - [2026-05-16T03:35:58.197+0000] {dagbag.py:538} INFO - Filling up the DagBag from /home/airflow/.local/lib/python3.8/site-packages/airflow/example_dags/example_xcom.py
[2026-05-16T03:35:58.211+0000] {processor.py:840} INFO - DAG(s) 'example_xcom' retrieved from /home/airflow/.local/lib/python3.8/site-packages/airflow/example_dags/example_xcom.py
[2026-05-16T03:35:58.256+0000] {logging_mixin.py:188} INFO - [2026-05-16T03:35:58.255+0000] {dag.py:3036} INFO - Sync 1 DAGs
[2026-05-16T03:35:58.300+0000] {logging_mixin.py:188} INFO - [2026-05-16T03:35:58.300+0000] {dag.py:3823} INFO - Setting next_dagrun for example_xcom to 2021-01-01 00:00:00+00:00, run_after=2021-01-01 00:00:00+00:00
[2026-05-16T03:35:58.339+0000] {processor.py:183} INFO - Processing /home/airflow/.local/lib/python3.8/site-packages/airflow/example_dags/example_xcom.py took 0.152 seconds
[2026-05-16T03:36:28.739+0000] {processor.py:161} INFO - Started process (PID=6805) to work on /home/airflow/.local/lib/python3.8/site-packages/airflow/example_dags/example_xcom.py
[2026-05-16T03:36:28.743+0000] {processor.py:830} INFO - Processing file /home/airflow/.local/lib/python3.8/site-packages/airflow/example_dags/example_xcom.py for tasks to queue
[2026-05-16T03:36:28.747+0000] {logging_mixin.py:188} INFO - [2026-05-16T03:36:28.746+0000] {dagbag.py:538} INFO - Filling up the DagBag from /home/airflow/.local/lib/python3.8/site-packages/airflow/example_dags/example_xcom.py
[2026-05-16T03:36:28.766+0000] {processor.py:840} INFO - DAG(s) 'example_xcom' retrieved from /home/airflow/.local/lib/python3.8/site-packages/airflow/example_dags/example_xcom.py
[2026-05-16T03:36:28.817+0000] {logging_mixin.py:188} INFO - [2026-05-16T03:36:28.817+0000] {dag.py:3036} INFO - Sync 1 DAGs
[2026-05-16T03:36:28.860+0000] {logging_mixin.py:188} INFO - [2026-05-16T03:36:28.859+0000] {dag.py:3823} INFO - Setting next_dagrun for example_xcom to 2021-01-01 00:00:00+00:00, run_after=2021-01-01 00:00:00+00:00
[2026-05-16T03:36:28.892+0000] {processor.py:183} INFO - Processing /home/airflow/.local/lib/python3.8/site-packages/airflow/example_dags/example_xcom.py took 0.173 seconds
[2026-05-16T03:36:59.305+0000] {processor.py:161} INFO - Started process (PID=6869) to work on /home/airflow/.local/lib/python3.8/site-packages/airflow/example_dags/example_xcom.py
[2026-05-16T03:36:59.306+0000] {processor.py:830} INFO - Processing file /home/airflow/.local/lib/python3.8/site-packages/airflow/example_dags/example_xcom.py for tasks to queue
[2026-05-16T03:36:59.309+0000] {logging_mixin.py:188} INFO - [2026-05-16T03:36:59.308+0000] {dagbag.py:538} INFO - Filling up the DagBag from /home/airflow/.local/lib/python3.8/site-packages/airflow/example_dags/example_xcom.py
[2026-05-16T03:36:59.322+0000] {processor.py:840} INFO - DAG(s) 'example_xcom' retrieved from /home/airflow/.local/lib/python3.8/site-packages/airflow/example_dags/example_xcom.py
[2026-05-16T03:36:59.365+0000] {logging_mixin.py:188} INFO - [2026-05-16T03:36:59.365+0000] {dag.py:3036} INFO - Sync 1 DAGs
[2026-05-16T03:36:59.408+0000] {logging_mixin.py:188} INFO - [2026-05-16T03:36:59.407+0000] {dag.py:3823} INFO - Setting next_dagrun for example_xcom to 2021-01-01 00:00:00+00:00, run_after=2021-01-01 00:00:00+00:00
[2026-05-16T03:36:59.445+0000] {processor.py:183} INFO - Processing /home/airflow/.local/lib/python3.8/site-packages/airflow/example_dags/example_xcom.py took 0.146 seconds
[2026-05-16T03:37:29.577+0000] {processor.py:161} INFO - Started process (PID=6934) to work on /home/airflow/.local/lib/python3.8/site-packages/airflow/example_dags/example_xcom.py
[2026-05-16T03:37:29.580+0000] {processor.py:830} INFO - Processing file /home/airflow/.local/lib/python3.8/site-packages/airflow/example_dags/example_xcom.py for tasks to queue
[2026-05-16T03:37:29.583+0000] {logging_mixin.py:188} INFO - [2026-05-16T03:37:29.582+0000] {dagbag.py:538} INFO - Filling up the DagBag from /home/airflow/.local/lib/python3.8/site-packages/airflow/example_dags/example_xcom.py
[2026-05-16T03:37:29.598+0000] {processor.py:840} INFO - DAG(s) 'example_xcom' retrieved from /home/airflow/.local/lib/python3.8/site-packages/airflow/example_dags/example_xcom.py
[2026-05-16T03:37:29.643+0000] {logging_mixin.py:188} INFO - [2026-05-16T03:37:29.643+0000] {dag.py:3036} INFO - Sync 1 DAGs
[2026-05-16T03:37:29.684+0000] {logging_mixin.py:188} INFO - [2026-05-16T03:37:29.683+0000] {dag.py:3823} INFO - Setting next_dagrun for example_xcom to 2021-01-01 00:00:00+00:00, run_after=2021-01-01 00:00:00+00:00
[2026-05-16T03:37:29.717+0000] {processor.py:183} INFO - Processing /home/airflow/.local/lib/python3.8/site-packages/airflow/example_dags/example_xcom.py took 0.145 seconds
[2026-05-16T03:37:59.784+0000] {processor.py:161} INFO - Started process (PID=6998) to work on /home/airflow/.local/lib/python3.8/site-packages/airflow/example_dags/example_xcom.py
[2026-05-16T03:37:59.785+0000] {processor.py:830} INFO - Processing file /home/airflow/.local/lib/python3.8/site-packages/airflow/example_dags/example_xcom.py for tasks to queue
[2026-05-16T03:37:59.788+0000] {logging_mixin.py:188} INFO - [2026-05-16T03:37:59.788+0000] {dagbag.py:538} INFO - Filling up the DagBag from /home/airflow/.local/lib/python3.8/site-packages/airflow/example_dags/example_xcom.py
[2026-05-16T03:37:59.805+0000] {processor.py:840} INFO - DAG(s) 'example_xcom' retrieved from /home/airflow/.local/lib/python3.8/site-packages/airflow/example_dags/example_xcom.py
[2026-05-16T03:37:59.850+0000] {logging_mixin.py:188} INFO - [2026-05-16T03:37:59.850+0000] {dag.py:3036} INFO - Sync 1 DAGs
[2026-05-16T03:37:59.902+0000] {logging_mixin.py:188} INFO - [2026-05-16T03:37:59.901+0000] {dag.py:3823} INFO - Setting next_dagrun for example_xcom to 2021-01-01 00:00:00+00:00, run_after=2021-01-01 00:00:00+00:00
[2026-05-16T03:37:59.956+0000] {processor.py:183} INFO - Processing /home/airflow/.local/lib/python3.8/site-packages/airflow/example_dags/example_xcom.py took 0.178 seconds
[2026-05-16T03:38:30.775+0000] {processor.py:161} INFO - Started process (PID=7063) to work on /home/airflow/.local/lib/python3.8/site-packages/airflow/example_dags/example_xcom.py
[2026-05-16T03:38:30.777+0000] {processor.py:830} INFO - Processing file /home/airflow/.local/lib/python3.8/site-packages/airflow/example_dags/example_xcom.py for tasks to queue
[2026-05-16T03:38:30.780+0000] {logging_mixin.py:188} INFO - [2026-05-16T03:38:30.779+0000] {dagbag.py:538} INFO - Filling up the DagBag from /home/airflow/.local/lib/python3.8/site-packages/airflow/example_dags/example_xcom.py
[2026-05-16T03:38:30.793+0000] {processor.py:840} INFO - DAG(s) 'example_xcom' retrieved from /home/airflow/.local/lib/python3.8/site-packages/airflow/example_dags/example_xcom.py
[2026-05-16T03:38:30.834+0000] {logging_mixin.py:188} INFO - [2026-05-16T03:38:30.834+0000] {dag.py:3036} INFO - Sync 1 DAGs
[2026-05-16T03:38:30.876+0000] {logging_mixin.py:188} INFO - [2026-05-16T03:38:30.876+0000] {dag.py:3823} INFO - Setting next_dagrun for example_xcom to 2021-01-01 00:00:00+00:00, run_after=2021-01-01 00:00:00+00:00
[2026-05-16T03:38:30.909+0000] {processor.py:183} INFO - Processing /home/airflow/.local/lib/python3.8/site-packages/airflow/example_dags/example_xcom.py took 0.141 seconds
[2026-05-16T03:39:01.520+0000] {processor.py:161} INFO - Started process (PID=7128) to work on /home/airflow/.local/lib/python3.8/site-packages/airflow/example_dags/example_xcom.py
[2026-05-16T03:39:01.522+0000] {processor.py:830} INFO - Processing file /home/airflow/.local/lib/python3.8/site-packages/airflow/example_dags/example_xcom.py for tasks to queue
[2026-05-16T03:39:01.525+0000] {logging_mixin.py:188} INFO - [2026-05-16T03:39:01.524+0000] {dagbag.py:538} INFO - Filling up the DagBag from /home/airflow/.local/lib/python3.8/site-packages/airflow/example_dags/example_xcom.py
[2026-05-16T03:39:01.538+0000] {processor.py:840} INFO - DAG(s) 'example_xcom' retrieved from /home/airflow/.local/lib/python3.8/site-packages/airflow/example_dags/example_xcom.py
[2026-05-16T03:39:01.582+0000] {logging_mixin.py:188} INFO - [2026-05-16T03:39:01.582+0000] {dag.py:3036} INFO - Sync 1 DAGs
[2026-05-16T03:39:01.626+0000] {logging_mixin.py:188} INFO - [2026-05-16T03:39:01.626+0000] {dag.py:3823} INFO - Setting next_dagrun for example_xcom to 2021-01-01 00:00:00+00:00, run_after=2021-01-01 00:00:00+00:00
[2026-05-16T03:39:01.661+0000] {processor.py:183} INFO - Processing /home/airflow/.local/lib/python3.8/site-packages/airflow/example_dags/example_xcom.py took 0.147 seconds
[2026-05-16T03:39:32.178+0000] {processor.py:161} INFO - Started process (PID=7192) to work on /home/airflow/.local/lib/python3.8/site-packages/airflow/example_dags/example_xcom.py
[2026-05-16T03:39:32.180+0000] {processor.py:830} INFO - Processing file /home/airflow/.local/lib/python3.8/site-packages/airflow/example_dags/example_xcom.py for tasks to queue
[2026-05-16T03:39:32.183+0000] {logging_mixin.py:188} INFO - [2026-05-16T03:39:32.183+0000] {dagbag.py:538} INFO - Filling up the DagBag from /home/airflow/.local/lib/python3.8/site-packages/airflow/example_dags/example_xcom.py
[2026-05-16T03:39:32.197+0000] {processor.py:840} INFO - DAG(s) 'example_xcom' retrieved from /home/airflow/.local/lib/python3.8/site-packages/airflow/example_dags/example_xcom.py
[2026-05-16T03:39:32.249+0000] {logging_mixin.py:188} INFO - [2026-05-16T03:39:32.249+0000] {dag.py:3036} INFO - Sync 1 DAGs
[2026-05-16T03:39:32.292+0000] {logging_mixin.py:188} INFO - [2026-05-16T03:39:32.291+0000] {dag.py:3823} INFO - Setting next_dagrun for example_xcom to 2021-01-01 00:00:00+00:00, run_after=2021-01-01 00:00:00+00:00
[2026-05-16T03:39:32.328+0000] {processor.py:183} INFO - Processing /home/airflow/.local/lib/python3.8/site-packages/airflow/example_dags/example_xcom.py took 0.155 seconds
