[2026-05-16T02:44:17.189+0000] {processor.py:161} INFO - Started process (PID=75) to work on /home/airflow/.local/lib/python3.8/site-packages/airflow/example_dags/example_setup_teardown_taskflow.py
[2026-05-16T02:44:17.191+0000] {processor.py:830} INFO - Processing file /home/airflow/.local/lib/python3.8/site-packages/airflow/example_dags/example_setup_teardown_taskflow.py for tasks to queue
[2026-05-16T02:44:17.194+0000] {logging_mixin.py:188} INFO - [2026-05-16T02:44:17.193+0000] {dagbag.py:538} INFO - Filling up the DagBag from /home/airflow/.local/lib/python3.8/site-packages/airflow/example_dags/example_setup_teardown_taskflow.py
[2026-05-16T02:44:17.215+0000] {processor.py:840} INFO - DAG(s) 'example_setup_teardown_taskflow' retrieved from /home/airflow/.local/lib/python3.8/site-packages/airflow/example_dags/example_setup_teardown_taskflow.py
[2026-05-16T02:44:17.443+0000] {logging_mixin.py:188} INFO - [2026-05-16T02:44:17.443+0000] {dag.py:3036} INFO - Sync 1 DAGs
[2026-05-16T02:44:17.482+0000] {logging_mixin.py:188} INFO - [2026-05-16T02:44:17.482+0000] {dag.py:3823} INFO - Setting next_dagrun for example_setup_teardown_taskflow to 2026-05-15 00:00:00+00:00, run_after=2026-05-16 00:00:00+00:00
[2026-05-16T02:44:17.521+0000] {processor.py:183} INFO - Processing /home/airflow/.local/lib/python3.8/site-packages/airflow/example_dags/example_setup_teardown_taskflow.py took 0.338 seconds
[2026-05-16T02:44:47.713+0000] {processor.py:161} INFO - Started process (PID=141) to work on /home/airflow/.local/lib/python3.8/site-packages/airflow/example_dags/example_setup_teardown_taskflow.py
[2026-05-16T02:44:47.714+0000] {processor.py:830} INFO - Processing file /home/airflow/.local/lib/python3.8/site-packages/airflow/example_dags/example_setup_teardown_taskflow.py for tasks to queue
[2026-05-16T02:44:47.717+0000] {logging_mixin.py:188} INFO - [2026-05-16T02:44:47.717+0000] {dagbag.py:538} INFO - Filling up the DagBag from /home/airflow/.local/lib/python3.8/site-packages/airflow/example_dags/example_setup_teardown_taskflow.py
[2026-05-16T02:44:47.732+0000] {processor.py:840} INFO - DAG(s) 'example_setup_teardown_taskflow' retrieved from /home/airflow/.local/lib/python3.8/site-packages/airflow/example_dags/example_setup_teardown_taskflow.py
[2026-05-16T02:44:47.771+0000] {logging_mixin.py:188} INFO - [2026-05-16T02:44:47.771+0000] {dag.py:3036} INFO - Sync 1 DAGs
[2026-05-16T02:44:47.811+0000] {logging_mixin.py:188} INFO - [2026-05-16T02:44:47.810+0000] {dag.py:3823} INFO - Setting next_dagrun for example_setup_teardown_taskflow to 2026-05-15 00:00:00+00:00, run_after=2026-05-16 00:00:00+00:00
[2026-05-16T02:44:47.848+0000] {processor.py:183} INFO - Processing /home/airflow/.local/lib/python3.8/site-packages/airflow/example_dags/example_setup_teardown_taskflow.py took 0.141 seconds
[2026-05-16T02:45:18.534+0000] {processor.py:161} INFO - Started process (PID=206) to work on /home/airflow/.local/lib/python3.8/site-packages/airflow/example_dags/example_setup_teardown_taskflow.py
[2026-05-16T02:45:18.536+0000] {processor.py:830} INFO - Processing file /home/airflow/.local/lib/python3.8/site-packages/airflow/example_dags/example_setup_teardown_taskflow.py for tasks to queue
[2026-05-16T02:45:18.538+0000] {logging_mixin.py:188} INFO - [2026-05-16T02:45:18.538+0000] {dagbag.py:538} INFO - Filling up the DagBag from /home/airflow/.local/lib/python3.8/site-packages/airflow/example_dags/example_setup_teardown_taskflow.py
[2026-05-16T02:45:18.553+0000] {processor.py:840} INFO - DAG(s) 'example_setup_teardown_taskflow' retrieved from /home/airflow/.local/lib/python3.8/site-packages/airflow/example_dags/example_setup_teardown_taskflow.py
[2026-05-16T02:45:18.594+0000] {logging_mixin.py:188} INFO - [2026-05-16T02:45:18.594+0000] {dag.py:3036} INFO - Sync 1 DAGs
[2026-05-16T02:45:18.630+0000] {logging_mixin.py:188} INFO - [2026-05-16T02:45:18.629+0000] {dag.py:3823} INFO - Setting next_dagrun for example_setup_teardown_taskflow to 2026-05-15 00:00:00+00:00, run_after=2026-05-16 00:00:00+00:00
[2026-05-16T02:45:18.658+0000] {processor.py:183} INFO - Processing /home/airflow/.local/lib/python3.8/site-packages/airflow/example_dags/example_setup_teardown_taskflow.py took 0.130 seconds
[2026-05-16T02:45:48.899+0000] {processor.py:161} INFO - Started process (PID=270) to work on /home/airflow/.local/lib/python3.8/site-packages/airflow/example_dags/example_setup_teardown_taskflow.py
[2026-05-16T02:45:48.900+0000] {processor.py:830} INFO - Processing file /home/airflow/.local/lib/python3.8/site-packages/airflow/example_dags/example_setup_teardown_taskflow.py for tasks to queue
[2026-05-16T02:45:48.903+0000] {logging_mixin.py:188} INFO - [2026-05-16T02:45:48.903+0000] {dagbag.py:538} INFO - Filling up the DagBag from /home/airflow/.local/lib/python3.8/site-packages/airflow/example_dags/example_setup_teardown_taskflow.py
[2026-05-16T02:45:48.920+0000] {processor.py:840} INFO - DAG(s) 'example_setup_teardown_taskflow' retrieved from /home/airflow/.local/lib/python3.8/site-packages/airflow/example_dags/example_setup_teardown_taskflow.py
[2026-05-16T02:45:48.967+0000] {logging_mixin.py:188} INFO - [2026-05-16T02:45:48.967+0000] {dag.py:3036} INFO - Sync 1 DAGs
[2026-05-16T02:45:49.008+0000] {logging_mixin.py:188} INFO - [2026-05-16T02:45:49.008+0000] {dag.py:3823} INFO - Setting next_dagrun for example_setup_teardown_taskflow to 2026-05-15 00:00:00+00:00, run_after=2026-05-16 00:00:00+00:00
[2026-05-16T02:45:49.039+0000] {processor.py:183} INFO - Processing /home/airflow/.local/lib/python3.8/site-packages/airflow/example_dags/example_setup_teardown_taskflow.py took 0.145 seconds
[2026-05-16T02:46:19.251+0000] {processor.py:161} INFO - Started process (PID=335) to work on /home/airflow/.local/lib/python3.8/site-packages/airflow/example_dags/example_setup_teardown_taskflow.py
[2026-05-16T02:46:19.253+0000] {processor.py:830} INFO - Processing file /home/airflow/.local/lib/python3.8/site-packages/airflow/example_dags/example_setup_teardown_taskflow.py for tasks to queue
[2026-05-16T02:46:19.256+0000] {logging_mixin.py:188} INFO - [2026-05-16T02:46:19.255+0000] {dagbag.py:538} INFO - Filling up the DagBag from /home/airflow/.local/lib/python3.8/site-packages/airflow/example_dags/example_setup_teardown_taskflow.py
[2026-05-16T02:46:19.272+0000] {processor.py:840} INFO - DAG(s) 'example_setup_teardown_taskflow' retrieved from /home/airflow/.local/lib/python3.8/site-packages/airflow/example_dags/example_setup_teardown_taskflow.py
[2026-05-16T02:46:19.315+0000] {logging_mixin.py:188} INFO - [2026-05-16T02:46:19.315+0000] {dag.py:3036} INFO - Sync 1 DAGs
[2026-05-16T02:46:19.355+0000] {logging_mixin.py:188} INFO - [2026-05-16T02:46:19.355+0000] {dag.py:3823} INFO - Setting next_dagrun for example_setup_teardown_taskflow to 2026-05-15 00:00:00+00:00, run_after=2026-05-16 00:00:00+00:00
[2026-05-16T02:46:19.390+0000] {processor.py:183} INFO - Processing /home/airflow/.local/lib/python3.8/site-packages/airflow/example_dags/example_setup_teardown_taskflow.py took 0.146 seconds
[2026-05-16T02:46:49.615+0000] {processor.py:161} INFO - Started process (PID=399) to work on /home/airflow/.local/lib/python3.8/site-packages/airflow/example_dags/example_setup_teardown_taskflow.py
[2026-05-16T02:46:49.616+0000] {processor.py:830} INFO - Processing file /home/airflow/.local/lib/python3.8/site-packages/airflow/example_dags/example_setup_teardown_taskflow.py for tasks to queue
[2026-05-16T02:46:49.619+0000] {logging_mixin.py:188} INFO - [2026-05-16T02:46:49.619+0000] {dagbag.py:538} INFO - Filling up the DagBag from /home/airflow/.local/lib/python3.8/site-packages/airflow/example_dags/example_setup_teardown_taskflow.py
[2026-05-16T02:46:49.635+0000] {processor.py:840} INFO - DAG(s) 'example_setup_teardown_taskflow' retrieved from /home/airflow/.local/lib/python3.8/site-packages/airflow/example_dags/example_setup_teardown_taskflow.py
[2026-05-16T02:46:49.672+0000] {logging_mixin.py:188} INFO - [2026-05-16T02:46:49.671+0000] {dag.py:3036} INFO - Sync 1 DAGs
[2026-05-16T02:46:49.710+0000] {logging_mixin.py:188} INFO - [2026-05-16T02:46:49.709+0000] {dag.py:3823} INFO - Setting next_dagrun for example_setup_teardown_taskflow to 2026-05-15 00:00:00+00:00, run_after=2026-05-16 00:00:00+00:00
[2026-05-16T02:46:49.743+0000] {processor.py:183} INFO - Processing /home/airflow/.local/lib/python3.8/site-packages/airflow/example_dags/example_setup_teardown_taskflow.py took 0.133 seconds
[2026-05-16T02:47:19.978+0000] {processor.py:161} INFO - Started process (PID=463) to work on /home/airflow/.local/lib/python3.8/site-packages/airflow/example_dags/example_setup_teardown_taskflow.py
[2026-05-16T02:47:19.981+0000] {processor.py:830} INFO - Processing file /home/airflow/.local/lib/python3.8/site-packages/airflow/example_dags/example_setup_teardown_taskflow.py for tasks to queue
[2026-05-16T02:47:19.984+0000] {logging_mixin.py:188} INFO - [2026-05-16T02:47:19.983+0000] {dagbag.py:538} INFO - Filling up the DagBag from /home/airflow/.local/lib/python3.8/site-packages/airflow/example_dags/example_setup_teardown_taskflow.py
[2026-05-16T02:47:19.999+0000] {processor.py:840} INFO - DAG(s) 'example_setup_teardown_taskflow' retrieved from /home/airflow/.local/lib/python3.8/site-packages/airflow/example_dags/example_setup_teardown_taskflow.py
[2026-05-16T02:47:20.040+0000] {logging_mixin.py:188} INFO - [2026-05-16T02:47:20.040+0000] {dag.py:3036} INFO - Sync 1 DAGs
[2026-05-16T02:47:20.078+0000] {logging_mixin.py:188} INFO - [2026-05-16T02:47:20.078+0000] {dag.py:3823} INFO - Setting next_dagrun for example_setup_teardown_taskflow to 2026-05-15 00:00:00+00:00, run_after=2026-05-16 00:00:00+00:00
[2026-05-16T02:47:20.107+0000] {processor.py:183} INFO - Processing /home/airflow/.local/lib/python3.8/site-packages/airflow/example_dags/example_setup_teardown_taskflow.py took 0.133 seconds
[2026-05-16T02:47:50.727+0000] {processor.py:161} INFO - Started process (PID=528) to work on /home/airflow/.local/lib/python3.8/site-packages/airflow/example_dags/example_setup_teardown_taskflow.py
[2026-05-16T02:47:50.732+0000] {processor.py:830} INFO - Processing file /home/airflow/.local/lib/python3.8/site-packages/airflow/example_dags/example_setup_teardown_taskflow.py for tasks to queue
[2026-05-16T02:47:50.735+0000] {logging_mixin.py:188} INFO - [2026-05-16T02:47:50.735+0000] {dagbag.py:538} INFO - Filling up the DagBag from /home/airflow/.local/lib/python3.8/site-packages/airflow/example_dags/example_setup_teardown_taskflow.py
[2026-05-16T02:47:50.753+0000] {processor.py:840} INFO - DAG(s) 'example_setup_teardown_taskflow' retrieved from /home/airflow/.local/lib/python3.8/site-packages/airflow/example_dags/example_setup_teardown_taskflow.py
[2026-05-16T02:47:50.803+0000] {logging_mixin.py:188} INFO - [2026-05-16T02:47:50.802+0000] {dag.py:3036} INFO - Sync 1 DAGs
[2026-05-16T02:47:50.850+0000] {logging_mixin.py:188} INFO - [2026-05-16T02:47:50.850+0000] {dag.py:3823} INFO - Setting next_dagrun for example_setup_teardown_taskflow to 2026-05-15 00:00:00+00:00, run_after=2026-05-16 00:00:00+00:00
[2026-05-16T02:47:50.886+0000] {processor.py:183} INFO - Processing /home/airflow/.local/lib/python3.8/site-packages/airflow/example_dags/example_setup_teardown_taskflow.py took 0.165 seconds
[2026-05-16T02:48:21.084+0000] {processor.py:161} INFO - Started process (PID=594) to work on /home/airflow/.local/lib/python3.8/site-packages/airflow/example_dags/example_setup_teardown_taskflow.py
[2026-05-16T02:48:21.086+0000] {processor.py:830} INFO - Processing file /home/airflow/.local/lib/python3.8/site-packages/airflow/example_dags/example_setup_teardown_taskflow.py for tasks to queue
[2026-05-16T02:48:21.089+0000] {logging_mixin.py:188} INFO - [2026-05-16T02:48:21.089+0000] {dagbag.py:538} INFO - Filling up the DagBag from /home/airflow/.local/lib/python3.8/site-packages/airflow/example_dags/example_setup_teardown_taskflow.py
[2026-05-16T02:48:21.108+0000] {processor.py:840} INFO - DAG(s) 'example_setup_teardown_taskflow' retrieved from /home/airflow/.local/lib/python3.8/site-packages/airflow/example_dags/example_setup_teardown_taskflow.py
[2026-05-16T02:48:21.155+0000] {logging_mixin.py:188} INFO - [2026-05-16T02:48:21.154+0000] {dag.py:3036} INFO - Sync 1 DAGs
[2026-05-16T02:48:21.204+0000] {logging_mixin.py:188} INFO - [2026-05-16T02:48:21.204+0000] {dag.py:3823} INFO - Setting next_dagrun for example_setup_teardown_taskflow to 2026-05-15 00:00:00+00:00, run_after=2026-05-16 00:00:00+00:00
[2026-05-16T02:48:21.244+0000] {processor.py:183} INFO - Processing /home/airflow/.local/lib/python3.8/site-packages/airflow/example_dags/example_setup_teardown_taskflow.py took 0.165 seconds
[2026-05-16T02:48:51.488+0000] {processor.py:161} INFO - Started process (PID=659) to work on /home/airflow/.local/lib/python3.8/site-packages/airflow/example_dags/example_setup_teardown_taskflow.py
[2026-05-16T02:48:51.489+0000] {processor.py:830} INFO - Processing file /home/airflow/.local/lib/python3.8/site-packages/airflow/example_dags/example_setup_teardown_taskflow.py for tasks to queue
[2026-05-16T02:48:51.492+0000] {logging_mixin.py:188} INFO - [2026-05-16T02:48:51.492+0000] {dagbag.py:538} INFO - Filling up the DagBag from /home/airflow/.local/lib/python3.8/site-packages/airflow/example_dags/example_setup_teardown_taskflow.py
[2026-05-16T02:48:51.507+0000] {processor.py:840} INFO - DAG(s) 'example_setup_teardown_taskflow' retrieved from /home/airflow/.local/lib/python3.8/site-packages/airflow/example_dags/example_setup_teardown_taskflow.py
[2026-05-16T02:48:51.551+0000] {logging_mixin.py:188} INFO - [2026-05-16T02:48:51.550+0000] {dag.py:3036} INFO - Sync 1 DAGs
[2026-05-16T02:48:51.590+0000] {logging_mixin.py:188} INFO - [2026-05-16T02:48:51.590+0000] {dag.py:3823} INFO - Setting next_dagrun for example_setup_teardown_taskflow to 2026-05-15 00:00:00+00:00, run_after=2026-05-16 00:00:00+00:00
[2026-05-16T02:48:51.620+0000] {processor.py:183} INFO - Processing /home/airflow/.local/lib/python3.8/site-packages/airflow/example_dags/example_setup_teardown_taskflow.py took 0.137 seconds
[2026-05-16T02:49:21.892+0000] {processor.py:161} INFO - Started process (PID=723) to work on /home/airflow/.local/lib/python3.8/site-packages/airflow/example_dags/example_setup_teardown_taskflow.py
[2026-05-16T02:49:21.893+0000] {processor.py:830} INFO - Processing file /home/airflow/.local/lib/python3.8/site-packages/airflow/example_dags/example_setup_teardown_taskflow.py for tasks to queue
[2026-05-16T02:49:21.896+0000] {logging_mixin.py:188} INFO - [2026-05-16T02:49:21.895+0000] {dagbag.py:538} INFO - Filling up the DagBag from /home/airflow/.local/lib/python3.8/site-packages/airflow/example_dags/example_setup_teardown_taskflow.py
[2026-05-16T02:49:21.910+0000] {processor.py:840} INFO - DAG(s) 'example_setup_teardown_taskflow' retrieved from /home/airflow/.local/lib/python3.8/site-packages/airflow/example_dags/example_setup_teardown_taskflow.py
[2026-05-16T02:49:21.955+0000] {logging_mixin.py:188} INFO - [2026-05-16T02:49:21.954+0000] {dag.py:3036} INFO - Sync 1 DAGs
[2026-05-16T02:49:21.992+0000] {logging_mixin.py:188} INFO - [2026-05-16T02:49:21.992+0000] {dag.py:3823} INFO - Setting next_dagrun for example_setup_teardown_taskflow to 2026-05-15 00:00:00+00:00, run_after=2026-05-16 00:00:00+00:00
[2026-05-16T02:49:22.022+0000] {processor.py:183} INFO - Processing /home/airflow/.local/lib/python3.8/site-packages/airflow/example_dags/example_setup_teardown_taskflow.py took 0.135 seconds
[2026-05-16T02:49:52.135+0000] {processor.py:161} INFO - Started process (PID=794) to work on /home/airflow/.local/lib/python3.8/site-packages/airflow/example_dags/example_setup_teardown_taskflow.py
[2026-05-16T02:49:52.137+0000] {processor.py:830} INFO - Processing file /home/airflow/.local/lib/python3.8/site-packages/airflow/example_dags/example_setup_teardown_taskflow.py for tasks to queue
[2026-05-16T02:49:52.140+0000] {logging_mixin.py:188} INFO - [2026-05-16T02:49:52.140+0000] {dagbag.py:538} INFO - Filling up the DagBag from /home/airflow/.local/lib/python3.8/site-packages/airflow/example_dags/example_setup_teardown_taskflow.py
[2026-05-16T02:49:52.159+0000] {processor.py:840} INFO - DAG(s) 'example_setup_teardown_taskflow' retrieved from /home/airflow/.local/lib/python3.8/site-packages/airflow/example_dags/example_setup_teardown_taskflow.py
[2026-05-16T02:49:52.205+0000] {logging_mixin.py:188} INFO - [2026-05-16T02:49:52.204+0000] {dag.py:3036} INFO - Sync 1 DAGs
[2026-05-16T02:49:52.249+0000] {logging_mixin.py:188} INFO - [2026-05-16T02:49:52.249+0000] {dag.py:3823} INFO - Setting next_dagrun for example_setup_teardown_taskflow to 2026-05-15 00:00:00+00:00, run_after=2026-05-16 00:00:00+00:00
[2026-05-16T02:49:52.283+0000] {processor.py:183} INFO - Processing /home/airflow/.local/lib/python3.8/site-packages/airflow/example_dags/example_setup_teardown_taskflow.py took 0.153 seconds
[2026-05-16T02:50:22.516+0000] {processor.py:161} INFO - Started process (PID=859) to work on /home/airflow/.local/lib/python3.8/site-packages/airflow/example_dags/example_setup_teardown_taskflow.py
[2026-05-16T02:50:22.517+0000] {processor.py:830} INFO - Processing file /home/airflow/.local/lib/python3.8/site-packages/airflow/example_dags/example_setup_teardown_taskflow.py for tasks to queue
[2026-05-16T02:50:22.519+0000] {logging_mixin.py:188} INFO - [2026-05-16T02:50:22.519+0000] {dagbag.py:538} INFO - Filling up the DagBag from /home/airflow/.local/lib/python3.8/site-packages/airflow/example_dags/example_setup_teardown_taskflow.py
[2026-05-16T02:50:22.535+0000] {processor.py:840} INFO - DAG(s) 'example_setup_teardown_taskflow' retrieved from /home/airflow/.local/lib/python3.8/site-packages/airflow/example_dags/example_setup_teardown_taskflow.py
[2026-05-16T02:50:22.580+0000] {logging_mixin.py:188} INFO - [2026-05-16T02:50:22.579+0000] {dag.py:3036} INFO - Sync 1 DAGs
[2026-05-16T02:50:22.623+0000] {logging_mixin.py:188} INFO - [2026-05-16T02:50:22.622+0000] {dag.py:3823} INFO - Setting next_dagrun for example_setup_teardown_taskflow to 2026-05-15 00:00:00+00:00, run_after=2026-05-16 00:00:00+00:00
[2026-05-16T02:50:22.657+0000] {processor.py:183} INFO - Processing /home/airflow/.local/lib/python3.8/site-packages/airflow/example_dags/example_setup_teardown_taskflow.py took 0.148 seconds
[2026-05-16T02:50:53.008+0000] {processor.py:161} INFO - Started process (PID=924) to work on /home/airflow/.local/lib/python3.8/site-packages/airflow/example_dags/example_setup_teardown_taskflow.py
[2026-05-16T02:50:53.011+0000] {processor.py:830} INFO - Processing file /home/airflow/.local/lib/python3.8/site-packages/airflow/example_dags/example_setup_teardown_taskflow.py for tasks to queue
[2026-05-16T02:50:53.014+0000] {logging_mixin.py:188} INFO - [2026-05-16T02:50:53.014+0000] {dagbag.py:538} INFO - Filling up the DagBag from /home/airflow/.local/lib/python3.8/site-packages/airflow/example_dags/example_setup_teardown_taskflow.py
[2026-05-16T02:50:53.033+0000] {processor.py:840} INFO - DAG(s) 'example_setup_teardown_taskflow' retrieved from /home/airflow/.local/lib/python3.8/site-packages/airflow/example_dags/example_setup_teardown_taskflow.py
[2026-05-16T02:50:53.082+0000] {logging_mixin.py:188} INFO - [2026-05-16T02:50:53.082+0000] {dag.py:3036} INFO - Sync 1 DAGs
[2026-05-16T02:50:53.125+0000] {logging_mixin.py:188} INFO - [2026-05-16T02:50:53.124+0000] {dag.py:3823} INFO - Setting next_dagrun for example_setup_teardown_taskflow to 2026-05-15 00:00:00+00:00, run_after=2026-05-16 00:00:00+00:00
[2026-05-16T02:50:53.161+0000] {processor.py:183} INFO - Processing /home/airflow/.local/lib/python3.8/site-packages/airflow/example_dags/example_setup_teardown_taskflow.py took 0.159 seconds
[2026-05-16T02:51:23.455+0000] {processor.py:161} INFO - Started process (PID=988) to work on /home/airflow/.local/lib/python3.8/site-packages/airflow/example_dags/example_setup_teardown_taskflow.py
[2026-05-16T02:51:23.457+0000] {processor.py:830} INFO - Processing file /home/airflow/.local/lib/python3.8/site-packages/airflow/example_dags/example_setup_teardown_taskflow.py for tasks to queue
[2026-05-16T02:51:23.460+0000] {logging_mixin.py:188} INFO - [2026-05-16T02:51:23.459+0000] {dagbag.py:538} INFO - Filling up the DagBag from /home/airflow/.local/lib/python3.8/site-packages/airflow/example_dags/example_setup_teardown_taskflow.py
[2026-05-16T02:51:23.477+0000] {processor.py:840} INFO - DAG(s) 'example_setup_teardown_taskflow' retrieved from /home/airflow/.local/lib/python3.8/site-packages/airflow/example_dags/example_setup_teardown_taskflow.py
[2026-05-16T02:51:23.521+0000] {logging_mixin.py:188} INFO - [2026-05-16T02:51:23.521+0000] {dag.py:3036} INFO - Sync 1 DAGs
[2026-05-16T02:51:23.560+0000] {logging_mixin.py:188} INFO - [2026-05-16T02:51:23.560+0000] {dag.py:3823} INFO - Setting next_dagrun for example_setup_teardown_taskflow to 2026-05-15 00:00:00+00:00, run_after=2026-05-16 00:00:00+00:00
[2026-05-16T02:51:23.596+0000] {processor.py:183} INFO - Processing /home/airflow/.local/lib/python3.8/site-packages/airflow/example_dags/example_setup_teardown_taskflow.py took 0.146 seconds
[2026-05-16T02:51:54.279+0000] {processor.py:161} INFO - Started process (PID=1053) to work on /home/airflow/.local/lib/python3.8/site-packages/airflow/example_dags/example_setup_teardown_taskflow.py
[2026-05-16T02:51:54.281+0000] {processor.py:830} INFO - Processing file /home/airflow/.local/lib/python3.8/site-packages/airflow/example_dags/example_setup_teardown_taskflow.py for tasks to queue
[2026-05-16T02:51:54.284+0000] {logging_mixin.py:188} INFO - [2026-05-16T02:51:54.283+0000] {dagbag.py:538} INFO - Filling up the DagBag from /home/airflow/.local/lib/python3.8/site-packages/airflow/example_dags/example_setup_teardown_taskflow.py
[2026-05-16T02:51:54.302+0000] {processor.py:840} INFO - DAG(s) 'example_setup_teardown_taskflow' retrieved from /home/airflow/.local/lib/python3.8/site-packages/airflow/example_dags/example_setup_teardown_taskflow.py
[2026-05-16T02:51:54.348+0000] {logging_mixin.py:188} INFO - [2026-05-16T02:51:54.347+0000] {dag.py:3036} INFO - Sync 1 DAGs
[2026-05-16T02:51:54.402+0000] {logging_mixin.py:188} INFO - [2026-05-16T02:51:54.401+0000] {dag.py:3823} INFO - Setting next_dagrun for example_setup_teardown_taskflow to 2026-05-15 00:00:00+00:00, run_after=2026-05-16 00:00:00+00:00
[2026-05-16T02:51:54.446+0000] {processor.py:183} INFO - Processing /home/airflow/.local/lib/python3.8/site-packages/airflow/example_dags/example_setup_teardown_taskflow.py took 0.173 seconds
[2026-05-16T02:52:24.590+0000] {processor.py:161} INFO - Started process (PID=1118) to work on /home/airflow/.local/lib/python3.8/site-packages/airflow/example_dags/example_setup_teardown_taskflow.py
[2026-05-16T02:52:24.591+0000] {processor.py:830} INFO - Processing file /home/airflow/.local/lib/python3.8/site-packages/airflow/example_dags/example_setup_teardown_taskflow.py for tasks to queue
[2026-05-16T02:52:24.594+0000] {logging_mixin.py:188} INFO - [2026-05-16T02:52:24.594+0000] {dagbag.py:538} INFO - Filling up the DagBag from /home/airflow/.local/lib/python3.8/site-packages/airflow/example_dags/example_setup_teardown_taskflow.py
[2026-05-16T02:52:24.612+0000] {processor.py:840} INFO - DAG(s) 'example_setup_teardown_taskflow' retrieved from /home/airflow/.local/lib/python3.8/site-packages/airflow/example_dags/example_setup_teardown_taskflow.py
[2026-05-16T02:52:24.660+0000] {logging_mixin.py:188} INFO - [2026-05-16T02:52:24.659+0000] {dag.py:3036} INFO - Sync 1 DAGs
[2026-05-16T02:52:24.709+0000] {logging_mixin.py:188} INFO - [2026-05-16T02:52:24.709+0000] {dag.py:3823} INFO - Setting next_dagrun for example_setup_teardown_taskflow to 2026-05-15 00:00:00+00:00, run_after=2026-05-16 00:00:00+00:00
[2026-05-16T02:52:24.745+0000] {processor.py:183} INFO - Processing /home/airflow/.local/lib/python3.8/site-packages/airflow/example_dags/example_setup_teardown_taskflow.py took 0.161 seconds
[2026-05-16T02:52:55.153+0000] {processor.py:161} INFO - Started process (PID=1184) to work on /home/airflow/.local/lib/python3.8/site-packages/airflow/example_dags/example_setup_teardown_taskflow.py
[2026-05-16T02:52:55.155+0000] {processor.py:830} INFO - Processing file /home/airflow/.local/lib/python3.8/site-packages/airflow/example_dags/example_setup_teardown_taskflow.py for tasks to queue
[2026-05-16T02:52:55.158+0000] {logging_mixin.py:188} INFO - [2026-05-16T02:52:55.157+0000] {dagbag.py:538} INFO - Filling up the DagBag from /home/airflow/.local/lib/python3.8/site-packages/airflow/example_dags/example_setup_teardown_taskflow.py
[2026-05-16T02:52:55.175+0000] {processor.py:840} INFO - DAG(s) 'example_setup_teardown_taskflow' retrieved from /home/airflow/.local/lib/python3.8/site-packages/airflow/example_dags/example_setup_teardown_taskflow.py
[2026-05-16T02:52:55.217+0000] {logging_mixin.py:188} INFO - [2026-05-16T02:52:55.217+0000] {dag.py:3036} INFO - Sync 1 DAGs
[2026-05-16T02:52:55.253+0000] {logging_mixin.py:188} INFO - [2026-05-16T02:52:55.252+0000] {dag.py:3823} INFO - Setting next_dagrun for example_setup_teardown_taskflow to 2026-05-15 00:00:00+00:00, run_after=2026-05-16 00:00:00+00:00
[2026-05-16T02:52:55.284+0000] {processor.py:183} INFO - Processing /home/airflow/.local/lib/python3.8/site-packages/airflow/example_dags/example_setup_teardown_taskflow.py took 0.137 seconds
[2026-05-16T02:53:25.619+0000] {processor.py:161} INFO - Started process (PID=1249) to work on /home/airflow/.local/lib/python3.8/site-packages/airflow/example_dags/example_setup_teardown_taskflow.py
[2026-05-16T02:53:25.621+0000] {processor.py:830} INFO - Processing file /home/airflow/.local/lib/python3.8/site-packages/airflow/example_dags/example_setup_teardown_taskflow.py for tasks to queue
[2026-05-16T02:53:25.624+0000] {logging_mixin.py:188} INFO - [2026-05-16T02:53:25.624+0000] {dagbag.py:538} INFO - Filling up the DagBag from /home/airflow/.local/lib/python3.8/site-packages/airflow/example_dags/example_setup_teardown_taskflow.py
[2026-05-16T02:53:25.640+0000] {processor.py:840} INFO - DAG(s) 'example_setup_teardown_taskflow' retrieved from /home/airflow/.local/lib/python3.8/site-packages/airflow/example_dags/example_setup_teardown_taskflow.py
[2026-05-16T02:53:25.682+0000] {logging_mixin.py:188} INFO - [2026-05-16T02:53:25.682+0000] {dag.py:3036} INFO - Sync 1 DAGs
[2026-05-16T02:53:25.724+0000] {logging_mixin.py:188} INFO - [2026-05-16T02:53:25.724+0000] {dag.py:3823} INFO - Setting next_dagrun for example_setup_teardown_taskflow to 2026-05-15 00:00:00+00:00, run_after=2026-05-16 00:00:00+00:00
[2026-05-16T02:53:25.759+0000] {processor.py:183} INFO - Processing /home/airflow/.local/lib/python3.8/site-packages/airflow/example_dags/example_setup_teardown_taskflow.py took 0.145 seconds
[2026-05-16T02:53:55.851+0000] {processor.py:161} INFO - Started process (PID=1313) to work on /home/airflow/.local/lib/python3.8/site-packages/airflow/example_dags/example_setup_teardown_taskflow.py
[2026-05-16T02:53:55.853+0000] {processor.py:830} INFO - Processing file /home/airflow/.local/lib/python3.8/site-packages/airflow/example_dags/example_setup_teardown_taskflow.py for tasks to queue
[2026-05-16T02:53:55.855+0000] {logging_mixin.py:188} INFO - [2026-05-16T02:53:55.855+0000] {dagbag.py:538} INFO - Filling up the DagBag from /home/airflow/.local/lib/python3.8/site-packages/airflow/example_dags/example_setup_teardown_taskflow.py
[2026-05-16T02:53:55.870+0000] {processor.py:840} INFO - DAG(s) 'example_setup_teardown_taskflow' retrieved from /home/airflow/.local/lib/python3.8/site-packages/airflow/example_dags/example_setup_teardown_taskflow.py
[2026-05-16T02:53:55.907+0000] {logging_mixin.py:188} INFO - [2026-05-16T02:53:55.907+0000] {dag.py:3036} INFO - Sync 1 DAGs
[2026-05-16T02:53:55.944+0000] {logging_mixin.py:188} INFO - [2026-05-16T02:53:55.944+0000] {dag.py:3823} INFO - Setting next_dagrun for example_setup_teardown_taskflow to 2026-05-15 00:00:00+00:00, run_after=2026-05-16 00:00:00+00:00
[2026-05-16T02:53:55.976+0000] {processor.py:183} INFO - Processing /home/airflow/.local/lib/python3.8/site-packages/airflow/example_dags/example_setup_teardown_taskflow.py took 0.130 seconds
[2026-05-16T02:54:26.344+0000] {processor.py:161} INFO - Started process (PID=1378) to work on /home/airflow/.local/lib/python3.8/site-packages/airflow/example_dags/example_setup_teardown_taskflow.py
[2026-05-16T02:54:26.346+0000] {processor.py:830} INFO - Processing file /home/airflow/.local/lib/python3.8/site-packages/airflow/example_dags/example_setup_teardown_taskflow.py for tasks to queue
[2026-05-16T02:54:26.349+0000] {logging_mixin.py:188} INFO - [2026-05-16T02:54:26.348+0000] {dagbag.py:538} INFO - Filling up the DagBag from /home/airflow/.local/lib/python3.8/site-packages/airflow/example_dags/example_setup_teardown_taskflow.py
[2026-05-16T02:54:26.366+0000] {processor.py:840} INFO - DAG(s) 'example_setup_teardown_taskflow' retrieved from /home/airflow/.local/lib/python3.8/site-packages/airflow/example_dags/example_setup_teardown_taskflow.py
[2026-05-16T02:54:26.408+0000] {logging_mixin.py:188} INFO - [2026-05-16T02:54:26.407+0000] {dag.py:3036} INFO - Sync 1 DAGs
[2026-05-16T02:54:26.449+0000] {logging_mixin.py:188} INFO - [2026-05-16T02:54:26.449+0000] {dag.py:3823} INFO - Setting next_dagrun for example_setup_teardown_taskflow to 2026-05-15 00:00:00+00:00, run_after=2026-05-16 00:00:00+00:00
[2026-05-16T02:54:26.482+0000] {processor.py:183} INFO - Processing /home/airflow/.local/lib/python3.8/site-packages/airflow/example_dags/example_setup_teardown_taskflow.py took 0.143 seconds
[2026-05-16T02:54:56.729+0000] {processor.py:161} INFO - Started process (PID=1443) to work on /home/airflow/.local/lib/python3.8/site-packages/airflow/example_dags/example_setup_teardown_taskflow.py
[2026-05-16T02:54:56.731+0000] {processor.py:830} INFO - Processing file /home/airflow/.local/lib/python3.8/site-packages/airflow/example_dags/example_setup_teardown_taskflow.py for tasks to queue
[2026-05-16T02:54:56.734+0000] {logging_mixin.py:188} INFO - [2026-05-16T02:54:56.734+0000] {dagbag.py:538} INFO - Filling up the DagBag from /home/airflow/.local/lib/python3.8/site-packages/airflow/example_dags/example_setup_teardown_taskflow.py
[2026-05-16T02:54:56.758+0000] {processor.py:840} INFO - DAG(s) 'example_setup_teardown_taskflow' retrieved from /home/airflow/.local/lib/python3.8/site-packages/airflow/example_dags/example_setup_teardown_taskflow.py
[2026-05-16T02:54:56.805+0000] {logging_mixin.py:188} INFO - [2026-05-16T02:54:56.805+0000] {dag.py:3036} INFO - Sync 1 DAGs
[2026-05-16T02:54:56.852+0000] {logging_mixin.py:188} INFO - [2026-05-16T02:54:56.852+0000] {dag.py:3823} INFO - Setting next_dagrun for example_setup_teardown_taskflow to 2026-05-15 00:00:00+00:00, run_after=2026-05-16 00:00:00+00:00
[2026-05-16T02:54:56.930+0000] {processor.py:183} INFO - Processing /home/airflow/.local/lib/python3.8/site-packages/airflow/example_dags/example_setup_teardown_taskflow.py took 0.209 seconds
[2026-05-16T02:55:27.097+0000] {processor.py:161} INFO - Started process (PID=1509) to work on /home/airflow/.local/lib/python3.8/site-packages/airflow/example_dags/example_setup_teardown_taskflow.py
[2026-05-16T02:55:27.099+0000] {processor.py:830} INFO - Processing file /home/airflow/.local/lib/python3.8/site-packages/airflow/example_dags/example_setup_teardown_taskflow.py for tasks to queue
[2026-05-16T02:55:27.102+0000] {logging_mixin.py:188} INFO - [2026-05-16T02:55:27.101+0000] {dagbag.py:538} INFO - Filling up the DagBag from /home/airflow/.local/lib/python3.8/site-packages/airflow/example_dags/example_setup_teardown_taskflow.py
[2026-05-16T02:55:27.117+0000] {processor.py:840} INFO - DAG(s) 'example_setup_teardown_taskflow' retrieved from /home/airflow/.local/lib/python3.8/site-packages/airflow/example_dags/example_setup_teardown_taskflow.py
[2026-05-16T02:55:27.158+0000] {logging_mixin.py:188} INFO - [2026-05-16T02:55:27.157+0000] {dag.py:3036} INFO - Sync 1 DAGs
[2026-05-16T02:55:27.201+0000] {logging_mixin.py:188} INFO - [2026-05-16T02:55:27.201+0000] {dag.py:3823} INFO - Setting next_dagrun for example_setup_teardown_taskflow to 2026-05-15 00:00:00+00:00, run_after=2026-05-16 00:00:00+00:00
[2026-05-16T02:55:27.236+0000] {processor.py:183} INFO - Processing /home/airflow/.local/lib/python3.8/site-packages/airflow/example_dags/example_setup_teardown_taskflow.py took 0.144 seconds
[2026-05-16T02:55:57.500+0000] {processor.py:161} INFO - Started process (PID=1581) to work on /home/airflow/.local/lib/python3.8/site-packages/airflow/example_dags/example_setup_teardown_taskflow.py
[2026-05-16T02:55:57.502+0000] {processor.py:830} INFO - Processing file /home/airflow/.local/lib/python3.8/site-packages/airflow/example_dags/example_setup_teardown_taskflow.py for tasks to queue
[2026-05-16T02:55:57.505+0000] {logging_mixin.py:188} INFO - [2026-05-16T02:55:57.504+0000] {dagbag.py:538} INFO - Filling up the DagBag from /home/airflow/.local/lib/python3.8/site-packages/airflow/example_dags/example_setup_teardown_taskflow.py
[2026-05-16T02:55:57.523+0000] {processor.py:840} INFO - DAG(s) 'example_setup_teardown_taskflow' retrieved from /home/airflow/.local/lib/python3.8/site-packages/airflow/example_dags/example_setup_teardown_taskflow.py
[2026-05-16T02:55:57.570+0000] {logging_mixin.py:188} INFO - [2026-05-16T02:55:57.569+0000] {dag.py:3036} INFO - Sync 1 DAGs
[2026-05-16T02:55:57.624+0000] {logging_mixin.py:188} INFO - [2026-05-16T02:55:57.624+0000] {dag.py:3823} INFO - Setting next_dagrun for example_setup_teardown_taskflow to 2026-05-15 00:00:00+00:00, run_after=2026-05-16 00:00:00+00:00
[2026-05-16T02:55:57.663+0000] {processor.py:183} INFO - Processing /home/airflow/.local/lib/python3.8/site-packages/airflow/example_dags/example_setup_teardown_taskflow.py took 0.168 seconds
[2026-05-16T02:56:27.962+0000] {processor.py:161} INFO - Started process (PID=1646) to work on /home/airflow/.local/lib/python3.8/site-packages/airflow/example_dags/example_setup_teardown_taskflow.py
[2026-05-16T02:56:27.964+0000] {processor.py:830} INFO - Processing file /home/airflow/.local/lib/python3.8/site-packages/airflow/example_dags/example_setup_teardown_taskflow.py for tasks to queue
[2026-05-16T02:56:27.967+0000] {logging_mixin.py:188} INFO - [2026-05-16T02:56:27.966+0000] {dagbag.py:538} INFO - Filling up the DagBag from /home/airflow/.local/lib/python3.8/site-packages/airflow/example_dags/example_setup_teardown_taskflow.py
[2026-05-16T02:56:27.983+0000] {processor.py:840} INFO - DAG(s) 'example_setup_teardown_taskflow' retrieved from /home/airflow/.local/lib/python3.8/site-packages/airflow/example_dags/example_setup_teardown_taskflow.py
[2026-05-16T02:56:28.042+0000] {logging_mixin.py:188} INFO - [2026-05-16T02:56:28.042+0000] {dag.py:3036} INFO - Sync 1 DAGs
[2026-05-16T02:56:28.132+0000] {logging_mixin.py:188} INFO - [2026-05-16T02:56:28.132+0000] {dag.py:3823} INFO - Setting next_dagrun for example_setup_teardown_taskflow to 2026-05-15 00:00:00+00:00, run_after=2026-05-16 00:00:00+00:00
[2026-05-16T02:56:28.168+0000] {processor.py:183} INFO - Processing /home/airflow/.local/lib/python3.8/site-packages/airflow/example_dags/example_setup_teardown_taskflow.py took 0.213 seconds
[2026-05-16T02:56:58.422+0000] {processor.py:161} INFO - Started process (PID=1713) to work on /home/airflow/.local/lib/python3.8/site-packages/airflow/example_dags/example_setup_teardown_taskflow.py
[2026-05-16T02:56:58.423+0000] {processor.py:830} INFO - Processing file /home/airflow/.local/lib/python3.8/site-packages/airflow/example_dags/example_setup_teardown_taskflow.py for tasks to queue
[2026-05-16T02:56:58.426+0000] {logging_mixin.py:188} INFO - [2026-05-16T02:56:58.425+0000] {dagbag.py:538} INFO - Filling up the DagBag from /home/airflow/.local/lib/python3.8/site-packages/airflow/example_dags/example_setup_teardown_taskflow.py
[2026-05-16T02:56:58.443+0000] {processor.py:840} INFO - DAG(s) 'example_setup_teardown_taskflow' retrieved from /home/airflow/.local/lib/python3.8/site-packages/airflow/example_dags/example_setup_teardown_taskflow.py
[2026-05-16T02:56:58.489+0000] {logging_mixin.py:188} INFO - [2026-05-16T02:56:58.488+0000] {dag.py:3036} INFO - Sync 1 DAGs
[2026-05-16T02:56:58.532+0000] {logging_mixin.py:188} INFO - [2026-05-16T02:56:58.532+0000] {dag.py:3823} INFO - Setting next_dagrun for example_setup_teardown_taskflow to 2026-05-15 00:00:00+00:00, run_after=2026-05-16 00:00:00+00:00
[2026-05-16T02:56:58.578+0000] {processor.py:183} INFO - Processing /home/airflow/.local/lib/python3.8/site-packages/airflow/example_dags/example_setup_teardown_taskflow.py took 0.168 seconds
[2026-05-16T02:57:28.812+0000] {processor.py:161} INFO - Started process (PID=1779) to work on /home/airflow/.local/lib/python3.8/site-packages/airflow/example_dags/example_setup_teardown_taskflow.py
[2026-05-16T02:57:28.813+0000] {processor.py:830} INFO - Processing file /home/airflow/.local/lib/python3.8/site-packages/airflow/example_dags/example_setup_teardown_taskflow.py for tasks to queue
[2026-05-16T02:57:28.816+0000] {logging_mixin.py:188} INFO - [2026-05-16T02:57:28.815+0000] {dagbag.py:538} INFO - Filling up the DagBag from /home/airflow/.local/lib/python3.8/site-packages/airflow/example_dags/example_setup_teardown_taskflow.py
[2026-05-16T02:57:28.834+0000] {processor.py:840} INFO - DAG(s) 'example_setup_teardown_taskflow' retrieved from /home/airflow/.local/lib/python3.8/site-packages/airflow/example_dags/example_setup_teardown_taskflow.py
[2026-05-16T02:57:28.878+0000] {logging_mixin.py:188} INFO - [2026-05-16T02:57:28.878+0000] {dag.py:3036} INFO - Sync 1 DAGs
[2026-05-16T02:57:28.918+0000] {logging_mixin.py:188} INFO - [2026-05-16T02:57:28.918+0000] {dag.py:3823} INFO - Setting next_dagrun for example_setup_teardown_taskflow to 2026-05-15 00:00:00+00:00, run_after=2026-05-16 00:00:00+00:00
[2026-05-16T02:57:28.952+0000] {processor.py:183} INFO - Processing /home/airflow/.local/lib/python3.8/site-packages/airflow/example_dags/example_setup_teardown_taskflow.py took 0.146 seconds
[2026-05-16T02:57:59.160+0000] {processor.py:161} INFO - Started process (PID=1845) to work on /home/airflow/.local/lib/python3.8/site-packages/airflow/example_dags/example_setup_teardown_taskflow.py
[2026-05-16T02:57:59.163+0000] {processor.py:830} INFO - Processing file /home/airflow/.local/lib/python3.8/site-packages/airflow/example_dags/example_setup_teardown_taskflow.py for tasks to queue
[2026-05-16T02:57:59.166+0000] {logging_mixin.py:188} INFO - [2026-05-16T02:57:59.165+0000] {dagbag.py:538} INFO - Filling up the DagBag from /home/airflow/.local/lib/python3.8/site-packages/airflow/example_dags/example_setup_teardown_taskflow.py
[2026-05-16T02:57:59.184+0000] {processor.py:840} INFO - DAG(s) 'example_setup_teardown_taskflow' retrieved from /home/airflow/.local/lib/python3.8/site-packages/airflow/example_dags/example_setup_teardown_taskflow.py
[2026-05-16T02:57:59.230+0000] {logging_mixin.py:188} INFO - [2026-05-16T02:57:59.229+0000] {dag.py:3036} INFO - Sync 1 DAGs
[2026-05-16T02:57:59.275+0000] {logging_mixin.py:188} INFO - [2026-05-16T02:57:59.275+0000] {dag.py:3823} INFO - Setting next_dagrun for example_setup_teardown_taskflow to 2026-05-15 00:00:00+00:00, run_after=2026-05-16 00:00:00+00:00
[2026-05-16T02:57:59.307+0000] {processor.py:183} INFO - Processing /home/airflow/.local/lib/python3.8/site-packages/airflow/example_dags/example_setup_teardown_taskflow.py took 0.153 seconds
[2026-05-16T02:58:29.556+0000] {processor.py:161} INFO - Started process (PID=1909) to work on /home/airflow/.local/lib/python3.8/site-packages/airflow/example_dags/example_setup_teardown_taskflow.py
[2026-05-16T02:58:29.558+0000] {processor.py:830} INFO - Processing file /home/airflow/.local/lib/python3.8/site-packages/airflow/example_dags/example_setup_teardown_taskflow.py for tasks to queue
[2026-05-16T02:58:29.562+0000] {logging_mixin.py:188} INFO - [2026-05-16T02:58:29.561+0000] {dagbag.py:538} INFO - Filling up the DagBag from /home/airflow/.local/lib/python3.8/site-packages/airflow/example_dags/example_setup_teardown_taskflow.py
[2026-05-16T02:58:29.576+0000] {processor.py:840} INFO - DAG(s) 'example_setup_teardown_taskflow' retrieved from /home/airflow/.local/lib/python3.8/site-packages/airflow/example_dags/example_setup_teardown_taskflow.py
[2026-05-16T02:58:29.616+0000] {logging_mixin.py:188} INFO - [2026-05-16T02:58:29.615+0000] {dag.py:3036} INFO - Sync 1 DAGs
[2026-05-16T02:58:29.655+0000] {logging_mixin.py:188} INFO - [2026-05-16T02:58:29.654+0000] {dag.py:3823} INFO - Setting next_dagrun for example_setup_teardown_taskflow to 2026-05-15 00:00:00+00:00, run_after=2026-05-16 00:00:00+00:00
[2026-05-16T02:58:29.687+0000] {processor.py:183} INFO - Processing /home/airflow/.local/lib/python3.8/site-packages/airflow/example_dags/example_setup_teardown_taskflow.py took 0.137 seconds
[2026-05-16T02:59:00.402+0000] {processor.py:161} INFO - Started process (PID=1975) to work on /home/airflow/.local/lib/python3.8/site-packages/airflow/example_dags/example_setup_teardown_taskflow.py
[2026-05-16T02:59:00.404+0000] {processor.py:830} INFO - Processing file /home/airflow/.local/lib/python3.8/site-packages/airflow/example_dags/example_setup_teardown_taskflow.py for tasks to queue
[2026-05-16T02:59:00.408+0000] {logging_mixin.py:188} INFO - [2026-05-16T02:59:00.407+0000] {dagbag.py:538} INFO - Filling up the DagBag from /home/airflow/.local/lib/python3.8/site-packages/airflow/example_dags/example_setup_teardown_taskflow.py
[2026-05-16T02:59:00.424+0000] {processor.py:840} INFO - DAG(s) 'example_setup_teardown_taskflow' retrieved from /home/airflow/.local/lib/python3.8/site-packages/airflow/example_dags/example_setup_teardown_taskflow.py
[2026-05-16T02:59:00.471+0000] {logging_mixin.py:188} INFO - [2026-05-16T02:59:00.470+0000] {dag.py:3036} INFO - Sync 1 DAGs
[2026-05-16T02:59:00.512+0000] {logging_mixin.py:188} INFO - [2026-05-16T02:59:00.512+0000] {dag.py:3823} INFO - Setting next_dagrun for example_setup_teardown_taskflow to 2026-05-15 00:00:00+00:00, run_after=2026-05-16 00:00:00+00:00
[2026-05-16T02:59:00.544+0000] {processor.py:183} INFO - Processing /home/airflow/.local/lib/python3.8/site-packages/airflow/example_dags/example_setup_teardown_taskflow.py took 0.147 seconds
[2026-05-16T02:59:31.267+0000] {processor.py:161} INFO - Started process (PID=2039) to work on /home/airflow/.local/lib/python3.8/site-packages/airflow/example_dags/example_setup_teardown_taskflow.py
[2026-05-16T02:59:31.269+0000] {processor.py:830} INFO - Processing file /home/airflow/.local/lib/python3.8/site-packages/airflow/example_dags/example_setup_teardown_taskflow.py for tasks to queue
[2026-05-16T02:59:31.272+0000] {logging_mixin.py:188} INFO - [2026-05-16T02:59:31.271+0000] {dagbag.py:538} INFO - Filling up the DagBag from /home/airflow/.local/lib/python3.8/site-packages/airflow/example_dags/example_setup_teardown_taskflow.py
[2026-05-16T02:59:31.287+0000] {processor.py:840} INFO - DAG(s) 'example_setup_teardown_taskflow' retrieved from /home/airflow/.local/lib/python3.8/site-packages/airflow/example_dags/example_setup_teardown_taskflow.py
[2026-05-16T02:59:31.331+0000] {logging_mixin.py:188} INFO - [2026-05-16T02:59:31.330+0000] {dag.py:3036} INFO - Sync 1 DAGs
[2026-05-16T02:59:31.373+0000] {logging_mixin.py:188} INFO - [2026-05-16T02:59:31.372+0000] {dag.py:3823} INFO - Setting next_dagrun for example_setup_teardown_taskflow to 2026-05-15 00:00:00+00:00, run_after=2026-05-16 00:00:00+00:00
[2026-05-16T02:59:31.405+0000] {processor.py:183} INFO - Processing /home/airflow/.local/lib/python3.8/site-packages/airflow/example_dags/example_setup_teardown_taskflow.py took 0.144 seconds
[2026-05-16T03:00:01.588+0000] {processor.py:161} INFO - Started process (PID=2104) to work on /home/airflow/.local/lib/python3.8/site-packages/airflow/example_dags/example_setup_teardown_taskflow.py
[2026-05-16T03:00:01.590+0000] {processor.py:830} INFO - Processing file /home/airflow/.local/lib/python3.8/site-packages/airflow/example_dags/example_setup_teardown_taskflow.py for tasks to queue
[2026-05-16T03:00:01.592+0000] {logging_mixin.py:188} INFO - [2026-05-16T03:00:01.592+0000] {dagbag.py:538} INFO - Filling up the DagBag from /home/airflow/.local/lib/python3.8/site-packages/airflow/example_dags/example_setup_teardown_taskflow.py
[2026-05-16T03:00:01.608+0000] {processor.py:840} INFO - DAG(s) 'example_setup_teardown_taskflow' retrieved from /home/airflow/.local/lib/python3.8/site-packages/airflow/example_dags/example_setup_teardown_taskflow.py
[2026-05-16T03:00:01.652+0000] {logging_mixin.py:188} INFO - [2026-05-16T03:00:01.652+0000] {dag.py:3036} INFO - Sync 1 DAGs
[2026-05-16T03:00:01.696+0000] {logging_mixin.py:188} INFO - [2026-05-16T03:00:01.696+0000] {dag.py:3823} INFO - Setting next_dagrun for example_setup_teardown_taskflow to 2026-05-15 00:00:00+00:00, run_after=2026-05-16 00:00:00+00:00
[2026-05-16T03:00:01.730+0000] {processor.py:183} INFO - Processing /home/airflow/.local/lib/python3.8/site-packages/airflow/example_dags/example_setup_teardown_taskflow.py took 0.149 seconds
[2026-05-16T03:00:31.850+0000] {processor.py:161} INFO - Started process (PID=2167) to work on /home/airflow/.local/lib/python3.8/site-packages/airflow/example_dags/example_setup_teardown_taskflow.py
[2026-05-16T03:00:31.852+0000] {processor.py:830} INFO - Processing file /home/airflow/.local/lib/python3.8/site-packages/airflow/example_dags/example_setup_teardown_taskflow.py for tasks to queue
[2026-05-16T03:00:31.855+0000] {logging_mixin.py:188} INFO - [2026-05-16T03:00:31.854+0000] {dagbag.py:538} INFO - Filling up the DagBag from /home/airflow/.local/lib/python3.8/site-packages/airflow/example_dags/example_setup_teardown_taskflow.py
[2026-05-16T03:00:31.873+0000] {processor.py:840} INFO - DAG(s) 'example_setup_teardown_taskflow' retrieved from /home/airflow/.local/lib/python3.8/site-packages/airflow/example_dags/example_setup_teardown_taskflow.py
[2026-05-16T03:00:31.932+0000] {logging_mixin.py:188} INFO - [2026-05-16T03:00:31.932+0000] {dag.py:3036} INFO - Sync 1 DAGs
[2026-05-16T03:00:31.984+0000] {logging_mixin.py:188} INFO - [2026-05-16T03:00:31.983+0000] {dag.py:3823} INFO - Setting next_dagrun for example_setup_teardown_taskflow to 2026-05-15 00:00:00+00:00, run_after=2026-05-16 00:00:00+00:00
[2026-05-16T03:00:32.018+0000] {processor.py:183} INFO - Processing /home/airflow/.local/lib/python3.8/site-packages/airflow/example_dags/example_setup_teardown_taskflow.py took 0.174 seconds
[2026-05-16T03:01:02.556+0000] {processor.py:161} INFO - Started process (PID=2232) to work on /home/airflow/.local/lib/python3.8/site-packages/airflow/example_dags/example_setup_teardown_taskflow.py
[2026-05-16T03:01:02.558+0000] {processor.py:830} INFO - Processing file /home/airflow/.local/lib/python3.8/site-packages/airflow/example_dags/example_setup_teardown_taskflow.py for tasks to queue
[2026-05-16T03:01:02.561+0000] {logging_mixin.py:188} INFO - [2026-05-16T03:01:02.560+0000] {dagbag.py:538} INFO - Filling up the DagBag from /home/airflow/.local/lib/python3.8/site-packages/airflow/example_dags/example_setup_teardown_taskflow.py
[2026-05-16T03:01:02.580+0000] {processor.py:840} INFO - DAG(s) 'example_setup_teardown_taskflow' retrieved from /home/airflow/.local/lib/python3.8/site-packages/airflow/example_dags/example_setup_teardown_taskflow.py
[2026-05-16T03:01:02.626+0000] {logging_mixin.py:188} INFO - [2026-05-16T03:01:02.626+0000] {dag.py:3036} INFO - Sync 1 DAGs
[2026-05-16T03:01:02.667+0000] {logging_mixin.py:188} INFO - [2026-05-16T03:01:02.667+0000] {dag.py:3823} INFO - Setting next_dagrun for example_setup_teardown_taskflow to 2026-05-15 00:00:00+00:00, run_after=2026-05-16 00:00:00+00:00
[2026-05-16T03:01:02.700+0000] {processor.py:183} INFO - Processing /home/airflow/.local/lib/python3.8/site-packages/airflow/example_dags/example_setup_teardown_taskflow.py took 0.149 seconds
[2026-05-16T03:01:33.033+0000] {processor.py:161} INFO - Started process (PID=2297) to work on /home/airflow/.local/lib/python3.8/site-packages/airflow/example_dags/example_setup_teardown_taskflow.py
[2026-05-16T03:01:33.036+0000] {processor.py:830} INFO - Processing file /home/airflow/.local/lib/python3.8/site-packages/airflow/example_dags/example_setup_teardown_taskflow.py for tasks to queue
[2026-05-16T03:01:33.038+0000] {logging_mixin.py:188} INFO - [2026-05-16T03:01:33.038+0000] {dagbag.py:538} INFO - Filling up the DagBag from /home/airflow/.local/lib/python3.8/site-packages/airflow/example_dags/example_setup_teardown_taskflow.py
[2026-05-16T03:01:33.056+0000] {processor.py:840} INFO - DAG(s) 'example_setup_teardown_taskflow' retrieved from /home/airflow/.local/lib/python3.8/site-packages/airflow/example_dags/example_setup_teardown_taskflow.py
[2026-05-16T03:01:33.097+0000] {logging_mixin.py:188} INFO - [2026-05-16T03:01:33.097+0000] {dag.py:3036} INFO - Sync 1 DAGs
[2026-05-16T03:01:33.134+0000] {logging_mixin.py:188} INFO - [2026-05-16T03:01:33.133+0000] {dag.py:3823} INFO - Setting next_dagrun for example_setup_teardown_taskflow to 2026-05-15 00:00:00+00:00, run_after=2026-05-16 00:00:00+00:00
[2026-05-16T03:01:33.166+0000] {processor.py:183} INFO - Processing /home/airflow/.local/lib/python3.8/site-packages/airflow/example_dags/example_setup_teardown_taskflow.py took 0.138 seconds
[2026-05-16T03:02:03.657+0000] {processor.py:161} INFO - Started process (PID=2370) to work on /home/airflow/.local/lib/python3.8/site-packages/airflow/example_dags/example_setup_teardown_taskflow.py
[2026-05-16T03:02:03.659+0000] {processor.py:830} INFO - Processing file /home/airflow/.local/lib/python3.8/site-packages/airflow/example_dags/example_setup_teardown_taskflow.py for tasks to queue
[2026-05-16T03:02:03.662+0000] {logging_mixin.py:188} INFO - [2026-05-16T03:02:03.662+0000] {dagbag.py:538} INFO - Filling up the DagBag from /home/airflow/.local/lib/python3.8/site-packages/airflow/example_dags/example_setup_teardown_taskflow.py
[2026-05-16T03:02:03.679+0000] {processor.py:840} INFO - DAG(s) 'example_setup_teardown_taskflow' retrieved from /home/airflow/.local/lib/python3.8/site-packages/airflow/example_dags/example_setup_teardown_taskflow.py
[2026-05-16T03:02:03.724+0000] {logging_mixin.py:188} INFO - [2026-05-16T03:02:03.724+0000] {dag.py:3036} INFO - Sync 1 DAGs
[2026-05-16T03:02:03.768+0000] {logging_mixin.py:188} INFO - [2026-05-16T03:02:03.767+0000] {dag.py:3823} INFO - Setting next_dagrun for example_setup_teardown_taskflow to 2026-05-15 00:00:00+00:00, run_after=2026-05-16 00:00:00+00:00
[2026-05-16T03:02:03.803+0000] {processor.py:183} INFO - Processing /home/airflow/.local/lib/python3.8/site-packages/airflow/example_dags/example_setup_teardown_taskflow.py took 0.151 seconds
[2026-05-16T03:02:34.351+0000] {processor.py:161} INFO - Started process (PID=2437) to work on /home/airflow/.local/lib/python3.8/site-packages/airflow/example_dags/example_setup_teardown_taskflow.py
[2026-05-16T03:02:34.352+0000] {processor.py:830} INFO - Processing file /home/airflow/.local/lib/python3.8/site-packages/airflow/example_dags/example_setup_teardown_taskflow.py for tasks to queue
[2026-05-16T03:02:34.355+0000] {logging_mixin.py:188} INFO - [2026-05-16T03:02:34.354+0000] {dagbag.py:538} INFO - Filling up the DagBag from /home/airflow/.local/lib/python3.8/site-packages/airflow/example_dags/example_setup_teardown_taskflow.py
[2026-05-16T03:02:34.371+0000] {processor.py:840} INFO - DAG(s) 'example_setup_teardown_taskflow' retrieved from /home/airflow/.local/lib/python3.8/site-packages/airflow/example_dags/example_setup_teardown_taskflow.py
[2026-05-16T03:02:34.408+0000] {logging_mixin.py:188} INFO - [2026-05-16T03:02:34.408+0000] {dag.py:3036} INFO - Sync 1 DAGs
[2026-05-16T03:02:34.449+0000] {logging_mixin.py:188} INFO - [2026-05-16T03:02:34.448+0000] {dag.py:3823} INFO - Setting next_dagrun for example_setup_teardown_taskflow to 2026-05-15 00:00:00+00:00, run_after=2026-05-16 00:00:00+00:00
[2026-05-16T03:02:34.478+0000] {processor.py:183} INFO - Processing /home/airflow/.local/lib/python3.8/site-packages/airflow/example_dags/example_setup_teardown_taskflow.py took 0.133 seconds
[2026-05-16T03:03:05.084+0000] {processor.py:161} INFO - Started process (PID=2502) to work on /home/airflow/.local/lib/python3.8/site-packages/airflow/example_dags/example_setup_teardown_taskflow.py
[2026-05-16T03:03:05.087+0000] {processor.py:830} INFO - Processing file /home/airflow/.local/lib/python3.8/site-packages/airflow/example_dags/example_setup_teardown_taskflow.py for tasks to queue
[2026-05-16T03:03:05.089+0000] {logging_mixin.py:188} INFO - [2026-05-16T03:03:05.089+0000] {dagbag.py:538} INFO - Filling up the DagBag from /home/airflow/.local/lib/python3.8/site-packages/airflow/example_dags/example_setup_teardown_taskflow.py
[2026-05-16T03:03:05.106+0000] {processor.py:840} INFO - DAG(s) 'example_setup_teardown_taskflow' retrieved from /home/airflow/.local/lib/python3.8/site-packages/airflow/example_dags/example_setup_teardown_taskflow.py
[2026-05-16T03:03:05.149+0000] {logging_mixin.py:188} INFO - [2026-05-16T03:03:05.149+0000] {dag.py:3036} INFO - Sync 1 DAGs
[2026-05-16T03:03:05.184+0000] {logging_mixin.py:188} INFO - [2026-05-16T03:03:05.183+0000] {dag.py:3823} INFO - Setting next_dagrun for example_setup_teardown_taskflow to 2026-05-15 00:00:00+00:00, run_after=2026-05-16 00:00:00+00:00
[2026-05-16T03:03:05.213+0000] {processor.py:183} INFO - Processing /home/airflow/.local/lib/python3.8/site-packages/airflow/example_dags/example_setup_teardown_taskflow.py took 0.135 seconds
[2026-05-16T03:03:35.442+0000] {processor.py:161} INFO - Started process (PID=2567) to work on /home/airflow/.local/lib/python3.8/site-packages/airflow/example_dags/example_setup_teardown_taskflow.py
[2026-05-16T03:03:35.443+0000] {processor.py:830} INFO - Processing file /home/airflow/.local/lib/python3.8/site-packages/airflow/example_dags/example_setup_teardown_taskflow.py for tasks to queue
[2026-05-16T03:03:35.446+0000] {logging_mixin.py:188} INFO - [2026-05-16T03:03:35.446+0000] {dagbag.py:538} INFO - Filling up the DagBag from /home/airflow/.local/lib/python3.8/site-packages/airflow/example_dags/example_setup_teardown_taskflow.py
[2026-05-16T03:03:35.468+0000] {processor.py:840} INFO - DAG(s) 'example_setup_teardown_taskflow' retrieved from /home/airflow/.local/lib/python3.8/site-packages/airflow/example_dags/example_setup_teardown_taskflow.py
[2026-05-16T03:03:35.513+0000] {logging_mixin.py:188} INFO - [2026-05-16T03:03:35.513+0000] {dag.py:3036} INFO - Sync 1 DAGs
[2026-05-16T03:03:35.558+0000] {logging_mixin.py:188} INFO - [2026-05-16T03:03:35.558+0000] {dag.py:3823} INFO - Setting next_dagrun for example_setup_teardown_taskflow to 2026-05-15 00:00:00+00:00, run_after=2026-05-16 00:00:00+00:00
[2026-05-16T03:03:35.592+0000] {processor.py:183} INFO - Processing /home/airflow/.local/lib/python3.8/site-packages/airflow/example_dags/example_setup_teardown_taskflow.py took 0.156 seconds
[2026-05-16T03:04:06.151+0000] {processor.py:161} INFO - Started process (PID=2632) to work on /home/airflow/.local/lib/python3.8/site-packages/airflow/example_dags/example_setup_teardown_taskflow.py
[2026-05-16T03:04:06.153+0000] {processor.py:830} INFO - Processing file /home/airflow/.local/lib/python3.8/site-packages/airflow/example_dags/example_setup_teardown_taskflow.py for tasks to queue
[2026-05-16T03:04:06.156+0000] {logging_mixin.py:188} INFO - [2026-05-16T03:04:06.155+0000] {dagbag.py:538} INFO - Filling up the DagBag from /home/airflow/.local/lib/python3.8/site-packages/airflow/example_dags/example_setup_teardown_taskflow.py
[2026-05-16T03:04:06.174+0000] {processor.py:840} INFO - DAG(s) 'example_setup_teardown_taskflow' retrieved from /home/airflow/.local/lib/python3.8/site-packages/airflow/example_dags/example_setup_teardown_taskflow.py
[2026-05-16T03:04:06.221+0000] {logging_mixin.py:188} INFO - [2026-05-16T03:04:06.220+0000] {dag.py:3036} INFO - Sync 1 DAGs
[2026-05-16T03:04:06.270+0000] {logging_mixin.py:188} INFO - [2026-05-16T03:04:06.270+0000] {dag.py:3823} INFO - Setting next_dagrun for example_setup_teardown_taskflow to 2026-05-15 00:00:00+00:00, run_after=2026-05-16 00:00:00+00:00
[2026-05-16T03:04:06.315+0000] {processor.py:183} INFO - Processing /home/airflow/.local/lib/python3.8/site-packages/airflow/example_dags/example_setup_teardown_taskflow.py took 0.170 seconds
[2026-05-16T03:04:36.762+0000] {processor.py:161} INFO - Started process (PID=2697) to work on /home/airflow/.local/lib/python3.8/site-packages/airflow/example_dags/example_setup_teardown_taskflow.py
[2026-05-16T03:04:36.763+0000] {processor.py:830} INFO - Processing file /home/airflow/.local/lib/python3.8/site-packages/airflow/example_dags/example_setup_teardown_taskflow.py for tasks to queue
[2026-05-16T03:04:36.766+0000] {logging_mixin.py:188} INFO - [2026-05-16T03:04:36.765+0000] {dagbag.py:538} INFO - Filling up the DagBag from /home/airflow/.local/lib/python3.8/site-packages/airflow/example_dags/example_setup_teardown_taskflow.py
[2026-05-16T03:04:36.784+0000] {processor.py:840} INFO - DAG(s) 'example_setup_teardown_taskflow' retrieved from /home/airflow/.local/lib/python3.8/site-packages/airflow/example_dags/example_setup_teardown_taskflow.py
[2026-05-16T03:04:36.829+0000] {logging_mixin.py:188} INFO - [2026-05-16T03:04:36.828+0000] {dag.py:3036} INFO - Sync 1 DAGs
[2026-05-16T03:04:36.867+0000] {logging_mixin.py:188} INFO - [2026-05-16T03:04:36.867+0000] {dag.py:3823} INFO - Setting next_dagrun for example_setup_teardown_taskflow to 2026-05-15 00:00:00+00:00, run_after=2026-05-16 00:00:00+00:00
[2026-05-16T03:04:36.898+0000] {processor.py:183} INFO - Processing /home/airflow/.local/lib/python3.8/site-packages/airflow/example_dags/example_setup_teardown_taskflow.py took 0.141 seconds
[2026-05-16T03:05:07.371+0000] {processor.py:161} INFO - Started process (PID=2763) to work on /home/airflow/.local/lib/python3.8/site-packages/airflow/example_dags/example_setup_teardown_taskflow.py
[2026-05-16T03:05:07.373+0000] {processor.py:830} INFO - Processing file /home/airflow/.local/lib/python3.8/site-packages/airflow/example_dags/example_setup_teardown_taskflow.py for tasks to queue
[2026-05-16T03:05:07.376+0000] {logging_mixin.py:188} INFO - [2026-05-16T03:05:07.376+0000] {dagbag.py:538} INFO - Filling up the DagBag from /home/airflow/.local/lib/python3.8/site-packages/airflow/example_dags/example_setup_teardown_taskflow.py
[2026-05-16T03:05:07.392+0000] {processor.py:840} INFO - DAG(s) 'example_setup_teardown_taskflow' retrieved from /home/airflow/.local/lib/python3.8/site-packages/airflow/example_dags/example_setup_teardown_taskflow.py
[2026-05-16T03:05:07.436+0000] {logging_mixin.py:188} INFO - [2026-05-16T03:05:07.435+0000] {dag.py:3036} INFO - Sync 1 DAGs
[2026-05-16T03:05:07.482+0000] {logging_mixin.py:188} INFO - [2026-05-16T03:05:07.482+0000] {dag.py:3823} INFO - Setting next_dagrun for example_setup_teardown_taskflow to 2026-05-15 00:00:00+00:00, run_after=2026-05-16 00:00:00+00:00
[2026-05-16T03:05:07.519+0000] {processor.py:183} INFO - Processing /home/airflow/.local/lib/python3.8/site-packages/airflow/example_dags/example_setup_teardown_taskflow.py took 0.153 seconds
[2026-05-16T03:05:37.621+0000] {processor.py:161} INFO - Started process (PID=2828) to work on /home/airflow/.local/lib/python3.8/site-packages/airflow/example_dags/example_setup_teardown_taskflow.py
[2026-05-16T03:05:37.623+0000] {processor.py:830} INFO - Processing file /home/airflow/.local/lib/python3.8/site-packages/airflow/example_dags/example_setup_teardown_taskflow.py for tasks to queue
[2026-05-16T03:05:37.625+0000] {logging_mixin.py:188} INFO - [2026-05-16T03:05:37.625+0000] {dagbag.py:538} INFO - Filling up the DagBag from /home/airflow/.local/lib/python3.8/site-packages/airflow/example_dags/example_setup_teardown_taskflow.py
[2026-05-16T03:05:37.644+0000] {processor.py:840} INFO - DAG(s) 'example_setup_teardown_taskflow' retrieved from /home/airflow/.local/lib/python3.8/site-packages/airflow/example_dags/example_setup_teardown_taskflow.py
[2026-05-16T03:05:37.685+0000] {logging_mixin.py:188} INFO - [2026-05-16T03:05:37.684+0000] {dag.py:3036} INFO - Sync 1 DAGs
[2026-05-16T03:05:37.722+0000] {logging_mixin.py:188} INFO - [2026-05-16T03:05:37.722+0000] {dag.py:3823} INFO - Setting next_dagrun for example_setup_teardown_taskflow to 2026-05-15 00:00:00+00:00, run_after=2026-05-16 00:00:00+00:00
[2026-05-16T03:05:37.755+0000] {processor.py:183} INFO - Processing /home/airflow/.local/lib/python3.8/site-packages/airflow/example_dags/example_setup_teardown_taskflow.py took 0.140 seconds
[2026-05-16T03:06:08.284+0000] {processor.py:161} INFO - Started process (PID=2894) to work on /home/airflow/.local/lib/python3.8/site-packages/airflow/example_dags/example_setup_teardown_taskflow.py
[2026-05-16T03:06:08.287+0000] {processor.py:830} INFO - Processing file /home/airflow/.local/lib/python3.8/site-packages/airflow/example_dags/example_setup_teardown_taskflow.py for tasks to queue
[2026-05-16T03:06:08.289+0000] {logging_mixin.py:188} INFO - [2026-05-16T03:06:08.289+0000] {dagbag.py:538} INFO - Filling up the DagBag from /home/airflow/.local/lib/python3.8/site-packages/airflow/example_dags/example_setup_teardown_taskflow.py
[2026-05-16T03:06:08.306+0000] {processor.py:840} INFO - DAG(s) 'example_setup_teardown_taskflow' retrieved from /home/airflow/.local/lib/python3.8/site-packages/airflow/example_dags/example_setup_teardown_taskflow.py
[2026-05-16T03:06:08.347+0000] {logging_mixin.py:188} INFO - [2026-05-16T03:06:08.346+0000] {dag.py:3036} INFO - Sync 1 DAGs
[2026-05-16T03:06:08.384+0000] {logging_mixin.py:188} INFO - [2026-05-16T03:06:08.383+0000] {dag.py:3823} INFO - Setting next_dagrun for example_setup_teardown_taskflow to 2026-05-15 00:00:00+00:00, run_after=2026-05-16 00:00:00+00:00
[2026-05-16T03:06:08.420+0000] {processor.py:183} INFO - Processing /home/airflow/.local/lib/python3.8/site-packages/airflow/example_dags/example_setup_teardown_taskflow.py took 0.140 seconds
[2026-05-16T03:06:38.498+0000] {processor.py:161} INFO - Started process (PID=2959) to work on /home/airflow/.local/lib/python3.8/site-packages/airflow/example_dags/example_setup_teardown_taskflow.py
[2026-05-16T03:06:38.499+0000] {processor.py:830} INFO - Processing file /home/airflow/.local/lib/python3.8/site-packages/airflow/example_dags/example_setup_teardown_taskflow.py for tasks to queue
[2026-05-16T03:06:38.502+0000] {logging_mixin.py:188} INFO - [2026-05-16T03:06:38.502+0000] {dagbag.py:538} INFO - Filling up the DagBag from /home/airflow/.local/lib/python3.8/site-packages/airflow/example_dags/example_setup_teardown_taskflow.py
[2026-05-16T03:06:38.520+0000] {processor.py:840} INFO - DAG(s) 'example_setup_teardown_taskflow' retrieved from /home/airflow/.local/lib/python3.8/site-packages/airflow/example_dags/example_setup_teardown_taskflow.py
[2026-05-16T03:06:38.567+0000] {logging_mixin.py:188} INFO - [2026-05-16T03:06:38.566+0000] {dag.py:3036} INFO - Sync 1 DAGs
[2026-05-16T03:06:38.611+0000] {logging_mixin.py:188} INFO - [2026-05-16T03:06:38.610+0000] {dag.py:3823} INFO - Setting next_dagrun for example_setup_teardown_taskflow to 2026-05-15 00:00:00+00:00, run_after=2026-05-16 00:00:00+00:00
[2026-05-16T03:06:38.645+0000] {processor.py:183} INFO - Processing /home/airflow/.local/lib/python3.8/site-packages/airflow/example_dags/example_setup_teardown_taskflow.py took 0.152 seconds
[2026-05-16T03:07:08.708+0000] {processor.py:161} INFO - Started process (PID=3024) to work on /home/airflow/.local/lib/python3.8/site-packages/airflow/example_dags/example_setup_teardown_taskflow.py
[2026-05-16T03:07:08.710+0000] {processor.py:830} INFO - Processing file /home/airflow/.local/lib/python3.8/site-packages/airflow/example_dags/example_setup_teardown_taskflow.py for tasks to queue
[2026-05-16T03:07:08.714+0000] {logging_mixin.py:188} INFO - [2026-05-16T03:07:08.714+0000] {dagbag.py:538} INFO - Filling up the DagBag from /home/airflow/.local/lib/python3.8/site-packages/airflow/example_dags/example_setup_teardown_taskflow.py
[2026-05-16T03:07:08.735+0000] {processor.py:840} INFO - DAG(s) 'example_setup_teardown_taskflow' retrieved from /home/airflow/.local/lib/python3.8/site-packages/airflow/example_dags/example_setup_teardown_taskflow.py
[2026-05-16T03:07:08.779+0000] {logging_mixin.py:188} INFO - [2026-05-16T03:07:08.779+0000] {dag.py:3036} INFO - Sync 1 DAGs
[2026-05-16T03:07:08.820+0000] {logging_mixin.py:188} INFO - [2026-05-16T03:07:08.820+0000] {dag.py:3823} INFO - Setting next_dagrun for example_setup_teardown_taskflow to 2026-05-15 00:00:00+00:00, run_after=2026-05-16 00:00:00+00:00
[2026-05-16T03:07:08.850+0000] {processor.py:183} INFO - Processing /home/airflow/.local/lib/python3.8/site-packages/airflow/example_dags/example_setup_teardown_taskflow.py took 0.146 seconds
[2026-05-16T03:07:39.018+0000] {processor.py:161} INFO - Started process (PID=3089) to work on /home/airflow/.local/lib/python3.8/site-packages/airflow/example_dags/example_setup_teardown_taskflow.py
[2026-05-16T03:07:39.020+0000] {processor.py:830} INFO - Processing file /home/airflow/.local/lib/python3.8/site-packages/airflow/example_dags/example_setup_teardown_taskflow.py for tasks to queue
[2026-05-16T03:07:39.022+0000] {logging_mixin.py:188} INFO - [2026-05-16T03:07:39.022+0000] {dagbag.py:538} INFO - Filling up the DagBag from /home/airflow/.local/lib/python3.8/site-packages/airflow/example_dags/example_setup_teardown_taskflow.py
[2026-05-16T03:07:39.040+0000] {processor.py:840} INFO - DAG(s) 'example_setup_teardown_taskflow' retrieved from /home/airflow/.local/lib/python3.8/site-packages/airflow/example_dags/example_setup_teardown_taskflow.py
[2026-05-16T03:07:39.085+0000] {logging_mixin.py:188} INFO - [2026-05-16T03:07:39.084+0000] {dag.py:3036} INFO - Sync 1 DAGs
[2026-05-16T03:07:39.124+0000] {logging_mixin.py:188} INFO - [2026-05-16T03:07:39.124+0000] {dag.py:3823} INFO - Setting next_dagrun for example_setup_teardown_taskflow to 2026-05-15 00:00:00+00:00, run_after=2026-05-16 00:00:00+00:00
[2026-05-16T03:07:39.157+0000] {processor.py:183} INFO - Processing /home/airflow/.local/lib/python3.8/site-packages/airflow/example_dags/example_setup_teardown_taskflow.py took 0.145 seconds
[2026-05-16T03:08:10.113+0000] {processor.py:161} INFO - Started process (PID=3154) to work on /home/airflow/.local/lib/python3.8/site-packages/airflow/example_dags/example_setup_teardown_taskflow.py
[2026-05-16T03:08:10.115+0000] {processor.py:830} INFO - Processing file /home/airflow/.local/lib/python3.8/site-packages/airflow/example_dags/example_setup_teardown_taskflow.py for tasks to queue
[2026-05-16T03:08:10.117+0000] {logging_mixin.py:188} INFO - [2026-05-16T03:08:10.117+0000] {dagbag.py:538} INFO - Filling up the DagBag from /home/airflow/.local/lib/python3.8/site-packages/airflow/example_dags/example_setup_teardown_taskflow.py
[2026-05-16T03:08:10.133+0000] {processor.py:840} INFO - DAG(s) 'example_setup_teardown_taskflow' retrieved from /home/airflow/.local/lib/python3.8/site-packages/airflow/example_dags/example_setup_teardown_taskflow.py
[2026-05-16T03:08:10.173+0000] {logging_mixin.py:188} INFO - [2026-05-16T03:08:10.173+0000] {dag.py:3036} INFO - Sync 1 DAGs
[2026-05-16T03:08:10.210+0000] {logging_mixin.py:188} INFO - [2026-05-16T03:08:10.210+0000] {dag.py:3823} INFO - Setting next_dagrun for example_setup_teardown_taskflow to 2026-05-15 00:00:00+00:00, run_after=2026-05-16 00:00:00+00:00
[2026-05-16T03:08:10.239+0000] {processor.py:183} INFO - Processing /home/airflow/.local/lib/python3.8/site-packages/airflow/example_dags/example_setup_teardown_taskflow.py took 0.131 seconds
[2026-05-16T03:08:40.802+0000] {processor.py:161} INFO - Started process (PID=3220) to work on /home/airflow/.local/lib/python3.8/site-packages/airflow/example_dags/example_setup_teardown_taskflow.py
[2026-05-16T03:08:40.804+0000] {processor.py:830} INFO - Processing file /home/airflow/.local/lib/python3.8/site-packages/airflow/example_dags/example_setup_teardown_taskflow.py for tasks to queue
[2026-05-16T03:08:40.808+0000] {logging_mixin.py:188} INFO - [2026-05-16T03:08:40.807+0000] {dagbag.py:538} INFO - Filling up the DagBag from /home/airflow/.local/lib/python3.8/site-packages/airflow/example_dags/example_setup_teardown_taskflow.py
[2026-05-16T03:08:40.827+0000] {processor.py:840} INFO - DAG(s) 'example_setup_teardown_taskflow' retrieved from /home/airflow/.local/lib/python3.8/site-packages/airflow/example_dags/example_setup_teardown_taskflow.py
[2026-05-16T03:08:40.873+0000] {logging_mixin.py:188} INFO - [2026-05-16T03:08:40.873+0000] {dag.py:3036} INFO - Sync 1 DAGs
[2026-05-16T03:08:40.917+0000] {logging_mixin.py:188} INFO - [2026-05-16T03:08:40.917+0000] {dag.py:3823} INFO - Setting next_dagrun for example_setup_teardown_taskflow to 2026-05-15 00:00:00+00:00, run_after=2026-05-16 00:00:00+00:00
[2026-05-16T03:08:40.953+0000] {processor.py:183} INFO - Processing /home/airflow/.local/lib/python3.8/site-packages/airflow/example_dags/example_setup_teardown_taskflow.py took 0.157 seconds
[2026-05-16T03:09:11.573+0000] {processor.py:161} INFO - Started process (PID=3292) to work on /home/airflow/.local/lib/python3.8/site-packages/airflow/example_dags/example_setup_teardown_taskflow.py
[2026-05-16T03:09:11.575+0000] {processor.py:830} INFO - Processing file /home/airflow/.local/lib/python3.8/site-packages/airflow/example_dags/example_setup_teardown_taskflow.py for tasks to queue
[2026-05-16T03:09:11.578+0000] {logging_mixin.py:188} INFO - [2026-05-16T03:09:11.577+0000] {dagbag.py:538} INFO - Filling up the DagBag from /home/airflow/.local/lib/python3.8/site-packages/airflow/example_dags/example_setup_teardown_taskflow.py
[2026-05-16T03:09:11.597+0000] {processor.py:840} INFO - DAG(s) 'example_setup_teardown_taskflow' retrieved from /home/airflow/.local/lib/python3.8/site-packages/airflow/example_dags/example_setup_teardown_taskflow.py
[2026-05-16T03:09:11.662+0000] {logging_mixin.py:188} INFO - [2026-05-16T03:09:11.662+0000] {dag.py:3036} INFO - Sync 1 DAGs
[2026-05-16T03:09:11.710+0000] {logging_mixin.py:188} INFO - [2026-05-16T03:09:11.710+0000] {dag.py:3823} INFO - Setting next_dagrun for example_setup_teardown_taskflow to 2026-05-15 00:00:00+00:00, run_after=2026-05-16 00:00:00+00:00
[2026-05-16T03:09:11.959+0000] {processor.py:183} INFO - Processing /home/airflow/.local/lib/python3.8/site-packages/airflow/example_dags/example_setup_teardown_taskflow.py took 0.392 seconds
[2026-05-16T03:09:42.118+0000] {processor.py:161} INFO - Started process (PID=3359) to work on /home/airflow/.local/lib/python3.8/site-packages/airflow/example_dags/example_setup_teardown_taskflow.py
[2026-05-16T03:09:42.121+0000] {processor.py:830} INFO - Processing file /home/airflow/.local/lib/python3.8/site-packages/airflow/example_dags/example_setup_teardown_taskflow.py for tasks to queue
[2026-05-16T03:09:42.124+0000] {logging_mixin.py:188} INFO - [2026-05-16T03:09:42.124+0000] {dagbag.py:538} INFO - Filling up the DagBag from /home/airflow/.local/lib/python3.8/site-packages/airflow/example_dags/example_setup_teardown_taskflow.py
[2026-05-16T03:09:42.145+0000] {processor.py:840} INFO - DAG(s) 'example_setup_teardown_taskflow' retrieved from /home/airflow/.local/lib/python3.8/site-packages/airflow/example_dags/example_setup_teardown_taskflow.py
[2026-05-16T03:09:42.191+0000] {logging_mixin.py:188} INFO - [2026-05-16T03:09:42.190+0000] {dag.py:3036} INFO - Sync 1 DAGs
[2026-05-16T03:09:42.241+0000] {logging_mixin.py:188} INFO - [2026-05-16T03:09:42.240+0000] {dag.py:3823} INFO - Setting next_dagrun for example_setup_teardown_taskflow to 2026-05-15 00:00:00+00:00, run_after=2026-05-16 00:00:00+00:00
[2026-05-16T03:09:42.274+0000] {processor.py:183} INFO - Processing /home/airflow/.local/lib/python3.8/site-packages/airflow/example_dags/example_setup_teardown_taskflow.py took 0.161 seconds
[2026-05-16T03:10:12.494+0000] {processor.py:161} INFO - Started process (PID=3424) to work on /home/airflow/.local/lib/python3.8/site-packages/airflow/example_dags/example_setup_teardown_taskflow.py
[2026-05-16T03:10:12.496+0000] {processor.py:830} INFO - Processing file /home/airflow/.local/lib/python3.8/site-packages/airflow/example_dags/example_setup_teardown_taskflow.py for tasks to queue
[2026-05-16T03:10:12.499+0000] {logging_mixin.py:188} INFO - [2026-05-16T03:10:12.498+0000] {dagbag.py:538} INFO - Filling up the DagBag from /home/airflow/.local/lib/python3.8/site-packages/airflow/example_dags/example_setup_teardown_taskflow.py
[2026-05-16T03:10:12.520+0000] {processor.py:840} INFO - DAG(s) 'example_setup_teardown_taskflow' retrieved from /home/airflow/.local/lib/python3.8/site-packages/airflow/example_dags/example_setup_teardown_taskflow.py
[2026-05-16T03:10:12.564+0000] {logging_mixin.py:188} INFO - [2026-05-16T03:10:12.563+0000] {dag.py:3036} INFO - Sync 1 DAGs
[2026-05-16T03:10:12.603+0000] {logging_mixin.py:188} INFO - [2026-05-16T03:10:12.603+0000] {dag.py:3823} INFO - Setting next_dagrun for example_setup_teardown_taskflow to 2026-05-15 00:00:00+00:00, run_after=2026-05-16 00:00:00+00:00
[2026-05-16T03:10:12.639+0000] {processor.py:183} INFO - Processing /home/airflow/.local/lib/python3.8/site-packages/airflow/example_dags/example_setup_teardown_taskflow.py took 0.150 seconds
[2026-05-16T03:10:43.653+0000] {processor.py:161} INFO - Started process (PID=3489) to work on /home/airflow/.local/lib/python3.8/site-packages/airflow/example_dags/example_setup_teardown_taskflow.py
[2026-05-16T03:10:43.655+0000] {processor.py:830} INFO - Processing file /home/airflow/.local/lib/python3.8/site-packages/airflow/example_dags/example_setup_teardown_taskflow.py for tasks to queue
[2026-05-16T03:10:43.658+0000] {logging_mixin.py:188} INFO - [2026-05-16T03:10:43.657+0000] {dagbag.py:538} INFO - Filling up the DagBag from /home/airflow/.local/lib/python3.8/site-packages/airflow/example_dags/example_setup_teardown_taskflow.py
[2026-05-16T03:10:43.676+0000] {processor.py:840} INFO - DAG(s) 'example_setup_teardown_taskflow' retrieved from /home/airflow/.local/lib/python3.8/site-packages/airflow/example_dags/example_setup_teardown_taskflow.py
[2026-05-16T03:10:43.717+0000] {logging_mixin.py:188} INFO - [2026-05-16T03:10:43.717+0000] {dag.py:3036} INFO - Sync 1 DAGs
[2026-05-16T03:10:43.758+0000] {logging_mixin.py:188} INFO - [2026-05-16T03:10:43.758+0000] {dag.py:3823} INFO - Setting next_dagrun for example_setup_teardown_taskflow to 2026-05-15 00:00:00+00:00, run_after=2026-05-16 00:00:00+00:00
[2026-05-16T03:10:43.793+0000] {processor.py:183} INFO - Processing /home/airflow/.local/lib/python3.8/site-packages/airflow/example_dags/example_setup_teardown_taskflow.py took 0.145 seconds
[2026-05-16T03:11:14.140+0000] {processor.py:161} INFO - Started process (PID=3554) to work on /home/airflow/.local/lib/python3.8/site-packages/airflow/example_dags/example_setup_teardown_taskflow.py
[2026-05-16T03:11:14.142+0000] {processor.py:830} INFO - Processing file /home/airflow/.local/lib/python3.8/site-packages/airflow/example_dags/example_setup_teardown_taskflow.py for tasks to queue
[2026-05-16T03:11:14.145+0000] {logging_mixin.py:188} INFO - [2026-05-16T03:11:14.144+0000] {dagbag.py:538} INFO - Filling up the DagBag from /home/airflow/.local/lib/python3.8/site-packages/airflow/example_dags/example_setup_teardown_taskflow.py
[2026-05-16T03:11:14.163+0000] {processor.py:840} INFO - DAG(s) 'example_setup_teardown_taskflow' retrieved from /home/airflow/.local/lib/python3.8/site-packages/airflow/example_dags/example_setup_teardown_taskflow.py
[2026-05-16T03:11:14.201+0000] {logging_mixin.py:188} INFO - [2026-05-16T03:11:14.201+0000] {dag.py:3036} INFO - Sync 1 DAGs
[2026-05-16T03:11:14.446+0000] {logging_mixin.py:188} INFO - [2026-05-16T03:11:14.446+0000] {dag.py:3823} INFO - Setting next_dagrun for example_setup_teardown_taskflow to 2026-05-15 00:00:00+00:00, run_after=2026-05-16 00:00:00+00:00
[2026-05-16T03:11:14.475+0000] {processor.py:183} INFO - Processing /home/airflow/.local/lib/python3.8/site-packages/airflow/example_dags/example_setup_teardown_taskflow.py took 0.342 seconds
[2026-05-16T03:11:44.899+0000] {processor.py:161} INFO - Started process (PID=3619) to work on /home/airflow/.local/lib/python3.8/site-packages/airflow/example_dags/example_setup_teardown_taskflow.py
[2026-05-16T03:11:44.901+0000] {processor.py:830} INFO - Processing file /home/airflow/.local/lib/python3.8/site-packages/airflow/example_dags/example_setup_teardown_taskflow.py for tasks to queue
[2026-05-16T03:11:44.904+0000] {logging_mixin.py:188} INFO - [2026-05-16T03:11:44.904+0000] {dagbag.py:538} INFO - Filling up the DagBag from /home/airflow/.local/lib/python3.8/site-packages/airflow/example_dags/example_setup_teardown_taskflow.py
[2026-05-16T03:11:44.919+0000] {processor.py:840} INFO - DAG(s) 'example_setup_teardown_taskflow' retrieved from /home/airflow/.local/lib/python3.8/site-packages/airflow/example_dags/example_setup_teardown_taskflow.py
[2026-05-16T03:11:44.968+0000] {logging_mixin.py:188} INFO - [2026-05-16T03:11:44.967+0000] {dag.py:3036} INFO - Sync 1 DAGs
[2026-05-16T03:11:45.011+0000] {logging_mixin.py:188} INFO - [2026-05-16T03:11:45.010+0000] {dag.py:3823} INFO - Setting next_dagrun for example_setup_teardown_taskflow to 2026-05-15 00:00:00+00:00, run_after=2026-05-16 00:00:00+00:00
[2026-05-16T03:11:45.235+0000] {processor.py:183} INFO - Processing /home/airflow/.local/lib/python3.8/site-packages/airflow/example_dags/example_setup_teardown_taskflow.py took 0.342 seconds
[2026-05-16T03:12:15.730+0000] {processor.py:161} INFO - Started process (PID=3685) to work on /home/airflow/.local/lib/python3.8/site-packages/airflow/example_dags/example_setup_teardown_taskflow.py
[2026-05-16T03:12:15.733+0000] {processor.py:830} INFO - Processing file /home/airflow/.local/lib/python3.8/site-packages/airflow/example_dags/example_setup_teardown_taskflow.py for tasks to queue
[2026-05-16T03:12:15.738+0000] {logging_mixin.py:188} INFO - [2026-05-16T03:12:15.737+0000] {dagbag.py:538} INFO - Filling up the DagBag from /home/airflow/.local/lib/python3.8/site-packages/airflow/example_dags/example_setup_teardown_taskflow.py
[2026-05-16T03:12:15.758+0000] {processor.py:840} INFO - DAG(s) 'example_setup_teardown_taskflow' retrieved from /home/airflow/.local/lib/python3.8/site-packages/airflow/example_dags/example_setup_teardown_taskflow.py
[2026-05-16T03:12:15.808+0000] {logging_mixin.py:188} INFO - [2026-05-16T03:12:15.808+0000] {dag.py:3036} INFO - Sync 1 DAGs
[2026-05-16T03:12:15.854+0000] {logging_mixin.py:188} INFO - [2026-05-16T03:12:15.853+0000] {dag.py:3823} INFO - Setting next_dagrun for example_setup_teardown_taskflow to 2026-05-15 00:00:00+00:00, run_after=2026-05-16 00:00:00+00:00
[2026-05-16T03:12:15.893+0000] {processor.py:183} INFO - Processing /home/airflow/.local/lib/python3.8/site-packages/airflow/example_dags/example_setup_teardown_taskflow.py took 0.169 seconds
[2026-05-16T03:12:46.355+0000] {processor.py:161} INFO - Started process (PID=3750) to work on /home/airflow/.local/lib/python3.8/site-packages/airflow/example_dags/example_setup_teardown_taskflow.py
[2026-05-16T03:12:46.356+0000] {processor.py:830} INFO - Processing file /home/airflow/.local/lib/python3.8/site-packages/airflow/example_dags/example_setup_teardown_taskflow.py for tasks to queue
[2026-05-16T03:12:46.359+0000] {logging_mixin.py:188} INFO - [2026-05-16T03:12:46.358+0000] {dagbag.py:538} INFO - Filling up the DagBag from /home/airflow/.local/lib/python3.8/site-packages/airflow/example_dags/example_setup_teardown_taskflow.py
[2026-05-16T03:12:46.374+0000] {processor.py:840} INFO - DAG(s) 'example_setup_teardown_taskflow' retrieved from /home/airflow/.local/lib/python3.8/site-packages/airflow/example_dags/example_setup_teardown_taskflow.py
[2026-05-16T03:12:46.412+0000] {logging_mixin.py:188} INFO - [2026-05-16T03:12:46.411+0000] {dag.py:3036} INFO - Sync 1 DAGs
[2026-05-16T03:12:46.453+0000] {logging_mixin.py:188} INFO - [2026-05-16T03:12:46.453+0000] {dag.py:3823} INFO - Setting next_dagrun for example_setup_teardown_taskflow to 2026-05-15 00:00:00+00:00, run_after=2026-05-16 00:00:00+00:00
[2026-05-16T03:12:46.487+0000] {processor.py:183} INFO - Processing /home/airflow/.local/lib/python3.8/site-packages/airflow/example_dags/example_setup_teardown_taskflow.py took 0.138 seconds
[2026-05-16T03:13:18.025+0000] {processor.py:161} INFO - Started process (PID=3815) to work on /home/airflow/.local/lib/python3.8/site-packages/airflow/example_dags/example_setup_teardown_taskflow.py
[2026-05-16T03:13:18.028+0000] {processor.py:830} INFO - Processing file /home/airflow/.local/lib/python3.8/site-packages/airflow/example_dags/example_setup_teardown_taskflow.py for tasks to queue
[2026-05-16T03:13:18.031+0000] {logging_mixin.py:188} INFO - [2026-05-16T03:13:18.030+0000] {dagbag.py:538} INFO - Filling up the DagBag from /home/airflow/.local/lib/python3.8/site-packages/airflow/example_dags/example_setup_teardown_taskflow.py
[2026-05-16T03:13:18.048+0000] {processor.py:840} INFO - DAG(s) 'example_setup_teardown_taskflow' retrieved from /home/airflow/.local/lib/python3.8/site-packages/airflow/example_dags/example_setup_teardown_taskflow.py
[2026-05-16T03:13:18.304+0000] {logging_mixin.py:188} INFO - [2026-05-16T03:13:18.303+0000] {dag.py:3036} INFO - Sync 1 DAGs
[2026-05-16T03:13:18.345+0000] {logging_mixin.py:188} INFO - [2026-05-16T03:13:18.344+0000] {dag.py:3823} INFO - Setting next_dagrun for example_setup_teardown_taskflow to 2026-05-15 00:00:00+00:00, run_after=2026-05-16 00:00:00+00:00
[2026-05-16T03:13:18.377+0000] {processor.py:183} INFO - Processing /home/airflow/.local/lib/python3.8/site-packages/airflow/example_dags/example_setup_teardown_taskflow.py took 0.357 seconds
[2026-05-16T03:13:48.600+0000] {processor.py:161} INFO - Started process (PID=3881) to work on /home/airflow/.local/lib/python3.8/site-packages/airflow/example_dags/example_setup_teardown_taskflow.py
[2026-05-16T03:13:48.601+0000] {processor.py:830} INFO - Processing file /home/airflow/.local/lib/python3.8/site-packages/airflow/example_dags/example_setup_teardown_taskflow.py for tasks to queue
[2026-05-16T03:13:48.603+0000] {logging_mixin.py:188} INFO - [2026-05-16T03:13:48.603+0000] {dagbag.py:538} INFO - Filling up the DagBag from /home/airflow/.local/lib/python3.8/site-packages/airflow/example_dags/example_setup_teardown_taskflow.py
[2026-05-16T03:13:48.618+0000] {processor.py:840} INFO - DAG(s) 'example_setup_teardown_taskflow' retrieved from /home/airflow/.local/lib/python3.8/site-packages/airflow/example_dags/example_setup_teardown_taskflow.py
[2026-05-16T03:13:48.658+0000] {logging_mixin.py:188} INFO - [2026-05-16T03:13:48.658+0000] {dag.py:3036} INFO - Sync 1 DAGs
[2026-05-16T03:13:48.703+0000] {logging_mixin.py:188} INFO - [2026-05-16T03:13:48.702+0000] {dag.py:3823} INFO - Setting next_dagrun for example_setup_teardown_taskflow to 2026-05-15 00:00:00+00:00, run_after=2026-05-16 00:00:00+00:00
[2026-05-16T03:13:48.738+0000] {processor.py:183} INFO - Processing /home/airflow/.local/lib/python3.8/site-packages/airflow/example_dags/example_setup_teardown_taskflow.py took 0.142 seconds
[2026-05-16T03:14:18.826+0000] {processor.py:161} INFO - Started process (PID=3946) to work on /home/airflow/.local/lib/python3.8/site-packages/airflow/example_dags/example_setup_teardown_taskflow.py
[2026-05-16T03:14:18.828+0000] {processor.py:830} INFO - Processing file /home/airflow/.local/lib/python3.8/site-packages/airflow/example_dags/example_setup_teardown_taskflow.py for tasks to queue
[2026-05-16T03:14:18.831+0000] {logging_mixin.py:188} INFO - [2026-05-16T03:14:18.830+0000] {dagbag.py:538} INFO - Filling up the DagBag from /home/airflow/.local/lib/python3.8/site-packages/airflow/example_dags/example_setup_teardown_taskflow.py
[2026-05-16T03:14:18.847+0000] {processor.py:840} INFO - DAG(s) 'example_setup_teardown_taskflow' retrieved from /home/airflow/.local/lib/python3.8/site-packages/airflow/example_dags/example_setup_teardown_taskflow.py
[2026-05-16T03:14:18.885+0000] {logging_mixin.py:188} INFO - [2026-05-16T03:14:18.885+0000] {dag.py:3036} INFO - Sync 1 DAGs
[2026-05-16T03:14:18.922+0000] {logging_mixin.py:188} INFO - [2026-05-16T03:14:18.922+0000] {dag.py:3823} INFO - Setting next_dagrun for example_setup_teardown_taskflow to 2026-05-15 00:00:00+00:00, run_after=2026-05-16 00:00:00+00:00
[2026-05-16T03:14:18.952+0000] {processor.py:183} INFO - Processing /home/airflow/.local/lib/python3.8/site-packages/airflow/example_dags/example_setup_teardown_taskflow.py took 0.131 seconds
[2026-05-16T03:14:49.331+0000] {processor.py:161} INFO - Started process (PID=4010) to work on /home/airflow/.local/lib/python3.8/site-packages/airflow/example_dags/example_setup_teardown_taskflow.py
[2026-05-16T03:14:49.332+0000] {processor.py:830} INFO - Processing file /home/airflow/.local/lib/python3.8/site-packages/airflow/example_dags/example_setup_teardown_taskflow.py for tasks to queue
[2026-05-16T03:14:49.334+0000] {logging_mixin.py:188} INFO - [2026-05-16T03:14:49.334+0000] {dagbag.py:538} INFO - Filling up the DagBag from /home/airflow/.local/lib/python3.8/site-packages/airflow/example_dags/example_setup_teardown_taskflow.py
[2026-05-16T03:14:49.357+0000] {processor.py:840} INFO - DAG(s) 'example_setup_teardown_taskflow' retrieved from /home/airflow/.local/lib/python3.8/site-packages/airflow/example_dags/example_setup_teardown_taskflow.py
[2026-05-16T03:14:49.417+0000] {logging_mixin.py:188} INFO - [2026-05-16T03:14:49.417+0000] {dag.py:3036} INFO - Sync 1 DAGs
[2026-05-16T03:14:49.458+0000] {logging_mixin.py:188} INFO - [2026-05-16T03:14:49.458+0000] {dag.py:3823} INFO - Setting next_dagrun for example_setup_teardown_taskflow to 2026-05-15 00:00:00+00:00, run_after=2026-05-16 00:00:00+00:00
[2026-05-16T03:14:49.496+0000] {processor.py:183} INFO - Processing /home/airflow/.local/lib/python3.8/site-packages/airflow/example_dags/example_setup_teardown_taskflow.py took 0.171 seconds
[2026-05-16T03:15:19.817+0000] {processor.py:161} INFO - Started process (PID=4082) to work on /home/airflow/.local/lib/python3.8/site-packages/airflow/example_dags/example_setup_teardown_taskflow.py
[2026-05-16T03:15:19.819+0000] {processor.py:830} INFO - Processing file /home/airflow/.local/lib/python3.8/site-packages/airflow/example_dags/example_setup_teardown_taskflow.py for tasks to queue
[2026-05-16T03:15:19.822+0000] {logging_mixin.py:188} INFO - [2026-05-16T03:15:19.821+0000] {dagbag.py:538} INFO - Filling up the DagBag from /home/airflow/.local/lib/python3.8/site-packages/airflow/example_dags/example_setup_teardown_taskflow.py
[2026-05-16T03:15:19.838+0000] {processor.py:840} INFO - DAG(s) 'example_setup_teardown_taskflow' retrieved from /home/airflow/.local/lib/python3.8/site-packages/airflow/example_dags/example_setup_teardown_taskflow.py
[2026-05-16T03:15:19.878+0000] {logging_mixin.py:188} INFO - [2026-05-16T03:15:19.877+0000] {dag.py:3036} INFO - Sync 1 DAGs
[2026-05-16T03:15:19.917+0000] {logging_mixin.py:188} INFO - [2026-05-16T03:15:19.917+0000] {dag.py:3823} INFO - Setting next_dagrun for example_setup_teardown_taskflow to 2026-05-15 00:00:00+00:00, run_after=2026-05-16 00:00:00+00:00
[2026-05-16T03:15:19.952+0000] {processor.py:183} INFO - Processing /home/airflow/.local/lib/python3.8/site-packages/airflow/example_dags/example_setup_teardown_taskflow.py took 0.140 seconds
[2026-05-16T03:15:50.343+0000] {processor.py:161} INFO - Started process (PID=4148) to work on /home/airflow/.local/lib/python3.8/site-packages/airflow/example_dags/example_setup_teardown_taskflow.py
[2026-05-16T03:15:50.344+0000] {processor.py:830} INFO - Processing file /home/airflow/.local/lib/python3.8/site-packages/airflow/example_dags/example_setup_teardown_taskflow.py for tasks to queue
[2026-05-16T03:15:50.347+0000] {logging_mixin.py:188} INFO - [2026-05-16T03:15:50.347+0000] {dagbag.py:538} INFO - Filling up the DagBag from /home/airflow/.local/lib/python3.8/site-packages/airflow/example_dags/example_setup_teardown_taskflow.py
[2026-05-16T03:15:50.362+0000] {processor.py:840} INFO - DAG(s) 'example_setup_teardown_taskflow' retrieved from /home/airflow/.local/lib/python3.8/site-packages/airflow/example_dags/example_setup_teardown_taskflow.py
[2026-05-16T03:15:50.402+0000] {logging_mixin.py:188} INFO - [2026-05-16T03:15:50.401+0000] {dag.py:3036} INFO - Sync 1 DAGs
[2026-05-16T03:15:50.440+0000] {logging_mixin.py:188} INFO - [2026-05-16T03:15:50.440+0000] {dag.py:3823} INFO - Setting next_dagrun for example_setup_teardown_taskflow to 2026-05-15 00:00:00+00:00, run_after=2026-05-16 00:00:00+00:00
[2026-05-16T03:15:50.470+0000] {processor.py:183} INFO - Processing /home/airflow/.local/lib/python3.8/site-packages/airflow/example_dags/example_setup_teardown_taskflow.py took 0.132 seconds
[2026-05-16T03:16:20.745+0000] {processor.py:161} INFO - Started process (PID=4212) to work on /home/airflow/.local/lib/python3.8/site-packages/airflow/example_dags/example_setup_teardown_taskflow.py
[2026-05-16T03:16:20.747+0000] {processor.py:830} INFO - Processing file /home/airflow/.local/lib/python3.8/site-packages/airflow/example_dags/example_setup_teardown_taskflow.py for tasks to queue
[2026-05-16T03:16:20.750+0000] {logging_mixin.py:188} INFO - [2026-05-16T03:16:20.749+0000] {dagbag.py:538} INFO - Filling up the DagBag from /home/airflow/.local/lib/python3.8/site-packages/airflow/example_dags/example_setup_teardown_taskflow.py
[2026-05-16T03:16:20.766+0000] {processor.py:840} INFO - DAG(s) 'example_setup_teardown_taskflow' retrieved from /home/airflow/.local/lib/python3.8/site-packages/airflow/example_dags/example_setup_teardown_taskflow.py
[2026-05-16T03:16:20.802+0000] {logging_mixin.py:188} INFO - [2026-05-16T03:16:20.802+0000] {dag.py:3036} INFO - Sync 1 DAGs
[2026-05-16T03:16:20.838+0000] {logging_mixin.py:188} INFO - [2026-05-16T03:16:20.837+0000] {dag.py:3823} INFO - Setting next_dagrun for example_setup_teardown_taskflow to 2026-05-15 00:00:00+00:00, run_after=2026-05-16 00:00:00+00:00
[2026-05-16T03:16:20.868+0000] {processor.py:183} INFO - Processing /home/airflow/.local/lib/python3.8/site-packages/airflow/example_dags/example_setup_teardown_taskflow.py took 0.128 seconds
[2026-05-16T03:16:51.238+0000] {processor.py:161} INFO - Started process (PID=4277) to work on /home/airflow/.local/lib/python3.8/site-packages/airflow/example_dags/example_setup_teardown_taskflow.py
[2026-05-16T03:16:51.240+0000] {processor.py:830} INFO - Processing file /home/airflow/.local/lib/python3.8/site-packages/airflow/example_dags/example_setup_teardown_taskflow.py for tasks to queue
[2026-05-16T03:16:51.245+0000] {logging_mixin.py:188} INFO - [2026-05-16T03:16:51.245+0000] {dagbag.py:538} INFO - Filling up the DagBag from /home/airflow/.local/lib/python3.8/site-packages/airflow/example_dags/example_setup_teardown_taskflow.py
[2026-05-16T03:16:51.261+0000] {processor.py:840} INFO - DAG(s) 'example_setup_teardown_taskflow' retrieved from /home/airflow/.local/lib/python3.8/site-packages/airflow/example_dags/example_setup_teardown_taskflow.py
[2026-05-16T03:16:51.305+0000] {logging_mixin.py:188} INFO - [2026-05-16T03:16:51.305+0000] {dag.py:3036} INFO - Sync 1 DAGs
[2026-05-16T03:16:51.346+0000] {logging_mixin.py:188} INFO - [2026-05-16T03:16:51.345+0000] {dag.py:3823} INFO - Setting next_dagrun for example_setup_teardown_taskflow to 2026-05-15 00:00:00+00:00, run_after=2026-05-16 00:00:00+00:00
[2026-05-16T03:16:51.374+0000] {processor.py:183} INFO - Processing /home/airflow/.local/lib/python3.8/site-packages/airflow/example_dags/example_setup_teardown_taskflow.py took 0.141 seconds
[2026-05-16T03:17:21.682+0000] {processor.py:161} INFO - Started process (PID=4342) to work on /home/airflow/.local/lib/python3.8/site-packages/airflow/example_dags/example_setup_teardown_taskflow.py
[2026-05-16T03:17:21.684+0000] {processor.py:830} INFO - Processing file /home/airflow/.local/lib/python3.8/site-packages/airflow/example_dags/example_setup_teardown_taskflow.py for tasks to queue
[2026-05-16T03:17:21.686+0000] {logging_mixin.py:188} INFO - [2026-05-16T03:17:21.686+0000] {dagbag.py:538} INFO - Filling up the DagBag from /home/airflow/.local/lib/python3.8/site-packages/airflow/example_dags/example_setup_teardown_taskflow.py
[2026-05-16T03:17:21.703+0000] {processor.py:840} INFO - DAG(s) 'example_setup_teardown_taskflow' retrieved from /home/airflow/.local/lib/python3.8/site-packages/airflow/example_dags/example_setup_teardown_taskflow.py
[2026-05-16T03:17:21.755+0000] {logging_mixin.py:188} INFO - [2026-05-16T03:17:21.755+0000] {dag.py:3036} INFO - Sync 1 DAGs
[2026-05-16T03:17:21.792+0000] {logging_mixin.py:188} INFO - [2026-05-16T03:17:21.792+0000] {dag.py:3823} INFO - Setting next_dagrun for example_setup_teardown_taskflow to 2026-05-15 00:00:00+00:00, run_after=2026-05-16 00:00:00+00:00
[2026-05-16T03:17:21.821+0000] {processor.py:183} INFO - Processing /home/airflow/.local/lib/python3.8/site-packages/airflow/example_dags/example_setup_teardown_taskflow.py took 0.144 seconds
[2026-05-16T03:17:51.926+0000] {processor.py:161} INFO - Started process (PID=4407) to work on /home/airflow/.local/lib/python3.8/site-packages/airflow/example_dags/example_setup_teardown_taskflow.py
[2026-05-16T03:17:51.927+0000] {processor.py:830} INFO - Processing file /home/airflow/.local/lib/python3.8/site-packages/airflow/example_dags/example_setup_teardown_taskflow.py for tasks to queue
[2026-05-16T03:17:51.930+0000] {logging_mixin.py:188} INFO - [2026-05-16T03:17:51.929+0000] {dagbag.py:538} INFO - Filling up the DagBag from /home/airflow/.local/lib/python3.8/site-packages/airflow/example_dags/example_setup_teardown_taskflow.py
[2026-05-16T03:17:51.946+0000] {processor.py:840} INFO - DAG(s) 'example_setup_teardown_taskflow' retrieved from /home/airflow/.local/lib/python3.8/site-packages/airflow/example_dags/example_setup_teardown_taskflow.py
[2026-05-16T03:17:51.984+0000] {logging_mixin.py:188} INFO - [2026-05-16T03:17:51.984+0000] {dag.py:3036} INFO - Sync 1 DAGs
[2026-05-16T03:17:52.024+0000] {logging_mixin.py:188} INFO - [2026-05-16T03:17:52.023+0000] {dag.py:3823} INFO - Setting next_dagrun for example_setup_teardown_taskflow to 2026-05-15 00:00:00+00:00, run_after=2026-05-16 00:00:00+00:00
[2026-05-16T03:17:52.059+0000] {processor.py:183} INFO - Processing /home/airflow/.local/lib/python3.8/site-packages/airflow/example_dags/example_setup_teardown_taskflow.py took 0.138 seconds
[2026-05-16T03:18:22.229+0000] {processor.py:161} INFO - Started process (PID=4472) to work on /home/airflow/.local/lib/python3.8/site-packages/airflow/example_dags/example_setup_teardown_taskflow.py
[2026-05-16T03:18:22.231+0000] {processor.py:830} INFO - Processing file /home/airflow/.local/lib/python3.8/site-packages/airflow/example_dags/example_setup_teardown_taskflow.py for tasks to queue
[2026-05-16T03:18:22.233+0000] {logging_mixin.py:188} INFO - [2026-05-16T03:18:22.233+0000] {dagbag.py:538} INFO - Filling up the DagBag from /home/airflow/.local/lib/python3.8/site-packages/airflow/example_dags/example_setup_teardown_taskflow.py
[2026-05-16T03:18:22.247+0000] {processor.py:840} INFO - DAG(s) 'example_setup_teardown_taskflow' retrieved from /home/airflow/.local/lib/python3.8/site-packages/airflow/example_dags/example_setup_teardown_taskflow.py
[2026-05-16T03:18:22.288+0000] {logging_mixin.py:188} INFO - [2026-05-16T03:18:22.288+0000] {dag.py:3036} INFO - Sync 1 DAGs
[2026-05-16T03:18:22.323+0000] {logging_mixin.py:188} INFO - [2026-05-16T03:18:22.323+0000] {dag.py:3823} INFO - Setting next_dagrun for example_setup_teardown_taskflow to 2026-05-15 00:00:00+00:00, run_after=2026-05-16 00:00:00+00:00
[2026-05-16T03:18:22.351+0000] {processor.py:183} INFO - Processing /home/airflow/.local/lib/python3.8/site-packages/airflow/example_dags/example_setup_teardown_taskflow.py took 0.127 seconds
[2026-05-16T03:18:53.147+0000] {processor.py:161} INFO - Started process (PID=4537) to work on /home/airflow/.local/lib/python3.8/site-packages/airflow/example_dags/example_setup_teardown_taskflow.py
[2026-05-16T03:18:53.150+0000] {processor.py:830} INFO - Processing file /home/airflow/.local/lib/python3.8/site-packages/airflow/example_dags/example_setup_teardown_taskflow.py for tasks to queue
[2026-05-16T03:18:53.154+0000] {logging_mixin.py:188} INFO - [2026-05-16T03:18:53.153+0000] {dagbag.py:538} INFO - Filling up the DagBag from /home/airflow/.local/lib/python3.8/site-packages/airflow/example_dags/example_setup_teardown_taskflow.py
[2026-05-16T03:18:53.173+0000] {processor.py:840} INFO - DAG(s) 'example_setup_teardown_taskflow' retrieved from /home/airflow/.local/lib/python3.8/site-packages/airflow/example_dags/example_setup_teardown_taskflow.py
[2026-05-16T03:18:53.221+0000] {logging_mixin.py:188} INFO - [2026-05-16T03:18:53.221+0000] {dag.py:3036} INFO - Sync 1 DAGs
[2026-05-16T03:18:53.265+0000] {logging_mixin.py:188} INFO - [2026-05-16T03:18:53.265+0000] {dag.py:3823} INFO - Setting next_dagrun for example_setup_teardown_taskflow to 2026-05-15 00:00:00+00:00, run_after=2026-05-16 00:00:00+00:00
[2026-05-16T03:18:53.308+0000] {processor.py:183} INFO - Processing /home/airflow/.local/lib/python3.8/site-packages/airflow/example_dags/example_setup_teardown_taskflow.py took 0.169 seconds
[2026-05-16T03:19:23.776+0000] {processor.py:161} INFO - Started process (PID=4602) to work on /home/airflow/.local/lib/python3.8/site-packages/airflow/example_dags/example_setup_teardown_taskflow.py
[2026-05-16T03:19:23.778+0000] {processor.py:830} INFO - Processing file /home/airflow/.local/lib/python3.8/site-packages/airflow/example_dags/example_setup_teardown_taskflow.py for tasks to queue
[2026-05-16T03:19:23.781+0000] {logging_mixin.py:188} INFO - [2026-05-16T03:19:23.781+0000] {dagbag.py:538} INFO - Filling up the DagBag from /home/airflow/.local/lib/python3.8/site-packages/airflow/example_dags/example_setup_teardown_taskflow.py
[2026-05-16T03:19:23.797+0000] {processor.py:840} INFO - DAG(s) 'example_setup_teardown_taskflow' retrieved from /home/airflow/.local/lib/python3.8/site-packages/airflow/example_dags/example_setup_teardown_taskflow.py
[2026-05-16T03:19:23.835+0000] {logging_mixin.py:188} INFO - [2026-05-16T03:19:23.835+0000] {dag.py:3036} INFO - Sync 1 DAGs
[2026-05-16T03:19:23.869+0000] {logging_mixin.py:188} INFO - [2026-05-16T03:19:23.869+0000] {dag.py:3823} INFO - Setting next_dagrun for example_setup_teardown_taskflow to 2026-05-15 00:00:00+00:00, run_after=2026-05-16 00:00:00+00:00
[2026-05-16T03:19:23.898+0000] {processor.py:183} INFO - Processing /home/airflow/.local/lib/python3.8/site-packages/airflow/example_dags/example_setup_teardown_taskflow.py took 0.127 seconds
[2026-05-16T03:19:54.068+0000] {processor.py:161} INFO - Started process (PID=4667) to work on /home/airflow/.local/lib/python3.8/site-packages/airflow/example_dags/example_setup_teardown_taskflow.py
[2026-05-16T03:19:54.069+0000] {processor.py:830} INFO - Processing file /home/airflow/.local/lib/python3.8/site-packages/airflow/example_dags/example_setup_teardown_taskflow.py for tasks to queue
[2026-05-16T03:19:54.071+0000] {logging_mixin.py:188} INFO - [2026-05-16T03:19:54.071+0000] {dagbag.py:538} INFO - Filling up the DagBag from /home/airflow/.local/lib/python3.8/site-packages/airflow/example_dags/example_setup_teardown_taskflow.py
[2026-05-16T03:19:54.086+0000] {processor.py:840} INFO - DAG(s) 'example_setup_teardown_taskflow' retrieved from /home/airflow/.local/lib/python3.8/site-packages/airflow/example_dags/example_setup_teardown_taskflow.py
[2026-05-16T03:19:54.123+0000] {logging_mixin.py:188} INFO - [2026-05-16T03:19:54.123+0000] {dag.py:3036} INFO - Sync 1 DAGs
[2026-05-16T03:19:54.158+0000] {logging_mixin.py:188} INFO - [2026-05-16T03:19:54.157+0000] {dag.py:3823} INFO - Setting next_dagrun for example_setup_teardown_taskflow to 2026-05-15 00:00:00+00:00, run_after=2026-05-16 00:00:00+00:00
[2026-05-16T03:19:54.186+0000] {processor.py:183} INFO - Processing /home/airflow/.local/lib/python3.8/site-packages/airflow/example_dags/example_setup_teardown_taskflow.py took 0.123 seconds
[2026-05-16T03:20:24.429+0000] {processor.py:161} INFO - Started process (PID=4731) to work on /home/airflow/.local/lib/python3.8/site-packages/airflow/example_dags/example_setup_teardown_taskflow.py
[2026-05-16T03:20:24.432+0000] {processor.py:830} INFO - Processing file /home/airflow/.local/lib/python3.8/site-packages/airflow/example_dags/example_setup_teardown_taskflow.py for tasks to queue
[2026-05-16T03:20:24.435+0000] {logging_mixin.py:188} INFO - [2026-05-16T03:20:24.434+0000] {dagbag.py:538} INFO - Filling up the DagBag from /home/airflow/.local/lib/python3.8/site-packages/airflow/example_dags/example_setup_teardown_taskflow.py
[2026-05-16T03:20:24.449+0000] {processor.py:840} INFO - DAG(s) 'example_setup_teardown_taskflow' retrieved from /home/airflow/.local/lib/python3.8/site-packages/airflow/example_dags/example_setup_teardown_taskflow.py
[2026-05-16T03:20:24.494+0000] {logging_mixin.py:188} INFO - [2026-05-16T03:20:24.494+0000] {dag.py:3036} INFO - Sync 1 DAGs
[2026-05-16T03:20:24.535+0000] {logging_mixin.py:188} INFO - [2026-05-16T03:20:24.535+0000] {dag.py:3823} INFO - Setting next_dagrun for example_setup_teardown_taskflow to 2026-05-15 00:00:00+00:00, run_after=2026-05-16 00:00:00+00:00
[2026-05-16T03:20:24.568+0000] {processor.py:183} INFO - Processing /home/airflow/.local/lib/python3.8/site-packages/airflow/example_dags/example_setup_teardown_taskflow.py took 0.144 seconds
[2026-05-16T03:20:54.713+0000] {processor.py:161} INFO - Started process (PID=4796) to work on /home/airflow/.local/lib/python3.8/site-packages/airflow/example_dags/example_setup_teardown_taskflow.py
[2026-05-16T03:20:54.714+0000] {processor.py:830} INFO - Processing file /home/airflow/.local/lib/python3.8/site-packages/airflow/example_dags/example_setup_teardown_taskflow.py for tasks to queue
[2026-05-16T03:20:54.716+0000] {logging_mixin.py:188} INFO - [2026-05-16T03:20:54.716+0000] {dagbag.py:538} INFO - Filling up the DagBag from /home/airflow/.local/lib/python3.8/site-packages/airflow/example_dags/example_setup_teardown_taskflow.py
[2026-05-16T03:20:54.732+0000] {processor.py:840} INFO - DAG(s) 'example_setup_teardown_taskflow' retrieved from /home/airflow/.local/lib/python3.8/site-packages/airflow/example_dags/example_setup_teardown_taskflow.py
[2026-05-16T03:20:54.771+0000] {logging_mixin.py:188} INFO - [2026-05-16T03:20:54.771+0000] {dag.py:3036} INFO - Sync 1 DAGs
[2026-05-16T03:20:54.808+0000] {logging_mixin.py:188} INFO - [2026-05-16T03:20:54.807+0000] {dag.py:3823} INFO - Setting next_dagrun for example_setup_teardown_taskflow to 2026-05-15 00:00:00+00:00, run_after=2026-05-16 00:00:00+00:00
[2026-05-16T03:20:54.838+0000] {processor.py:183} INFO - Processing /home/airflow/.local/lib/python3.8/site-packages/airflow/example_dags/example_setup_teardown_taskflow.py took 0.131 seconds
[2026-05-16T03:21:25.077+0000] {processor.py:161} INFO - Started process (PID=4861) to work on /home/airflow/.local/lib/python3.8/site-packages/airflow/example_dags/example_setup_teardown_taskflow.py
[2026-05-16T03:21:25.079+0000] {processor.py:830} INFO - Processing file /home/airflow/.local/lib/python3.8/site-packages/airflow/example_dags/example_setup_teardown_taskflow.py for tasks to queue
[2026-05-16T03:21:25.082+0000] {logging_mixin.py:188} INFO - [2026-05-16T03:21:25.082+0000] {dagbag.py:538} INFO - Filling up the DagBag from /home/airflow/.local/lib/python3.8/site-packages/airflow/example_dags/example_setup_teardown_taskflow.py
[2026-05-16T03:21:25.097+0000] {processor.py:840} INFO - DAG(s) 'example_setup_teardown_taskflow' retrieved from /home/airflow/.local/lib/python3.8/site-packages/airflow/example_dags/example_setup_teardown_taskflow.py
[2026-05-16T03:21:25.136+0000] {logging_mixin.py:188} INFO - [2026-05-16T03:21:25.136+0000] {dag.py:3036} INFO - Sync 1 DAGs
[2026-05-16T03:21:25.175+0000] {logging_mixin.py:188} INFO - [2026-05-16T03:21:25.175+0000] {dag.py:3823} INFO - Setting next_dagrun for example_setup_teardown_taskflow to 2026-05-15 00:00:00+00:00, run_after=2026-05-16 00:00:00+00:00
[2026-05-16T03:21:25.209+0000] {processor.py:183} INFO - Processing /home/airflow/.local/lib/python3.8/site-packages/airflow/example_dags/example_setup_teardown_taskflow.py took 0.137 seconds
[2026-05-16T03:21:55.278+0000] {processor.py:161} INFO - Started process (PID=4926) to work on /home/airflow/.local/lib/python3.8/site-packages/airflow/example_dags/example_setup_teardown_taskflow.py
[2026-05-16T03:21:55.279+0000] {processor.py:830} INFO - Processing file /home/airflow/.local/lib/python3.8/site-packages/airflow/example_dags/example_setup_teardown_taskflow.py for tasks to queue
[2026-05-16T03:21:55.282+0000] {logging_mixin.py:188} INFO - [2026-05-16T03:21:55.282+0000] {dagbag.py:538} INFO - Filling up the DagBag from /home/airflow/.local/lib/python3.8/site-packages/airflow/example_dags/example_setup_teardown_taskflow.py
[2026-05-16T03:21:55.297+0000] {processor.py:840} INFO - DAG(s) 'example_setup_teardown_taskflow' retrieved from /home/airflow/.local/lib/python3.8/site-packages/airflow/example_dags/example_setup_teardown_taskflow.py
[2026-05-16T03:21:55.343+0000] {logging_mixin.py:188} INFO - [2026-05-16T03:21:55.343+0000] {dag.py:3036} INFO - Sync 1 DAGs
[2026-05-16T03:21:55.379+0000] {logging_mixin.py:188} INFO - [2026-05-16T03:21:55.378+0000] {dag.py:3823} INFO - Setting next_dagrun for example_setup_teardown_taskflow to 2026-05-15 00:00:00+00:00, run_after=2026-05-16 00:00:00+00:00
[2026-05-16T03:21:55.407+0000] {processor.py:183} INFO - Processing /home/airflow/.local/lib/python3.8/site-packages/airflow/example_dags/example_setup_teardown_taskflow.py took 0.135 seconds
[2026-05-16T03:22:25.881+0000] {processor.py:161} INFO - Started process (PID=4996) to work on /home/airflow/.local/lib/python3.8/site-packages/airflow/example_dags/example_setup_teardown_taskflow.py
[2026-05-16T03:22:25.883+0000] {processor.py:830} INFO - Processing file /home/airflow/.local/lib/python3.8/site-packages/airflow/example_dags/example_setup_teardown_taskflow.py for tasks to queue
[2026-05-16T03:22:25.886+0000] {logging_mixin.py:188} INFO - [2026-05-16T03:22:25.886+0000] {dagbag.py:538} INFO - Filling up the DagBag from /home/airflow/.local/lib/python3.8/site-packages/airflow/example_dags/example_setup_teardown_taskflow.py
[2026-05-16T03:22:25.905+0000] {processor.py:840} INFO - DAG(s) 'example_setup_teardown_taskflow' retrieved from /home/airflow/.local/lib/python3.8/site-packages/airflow/example_dags/example_setup_teardown_taskflow.py
[2026-05-16T03:22:25.954+0000] {logging_mixin.py:188} INFO - [2026-05-16T03:22:25.954+0000] {dag.py:3036} INFO - Sync 1 DAGs
[2026-05-16T03:22:26.006+0000] {logging_mixin.py:188} INFO - [2026-05-16T03:22:26.006+0000] {dag.py:3823} INFO - Setting next_dagrun for example_setup_teardown_taskflow to 2026-05-15 00:00:00+00:00, run_after=2026-05-16 00:00:00+00:00
[2026-05-16T03:22:26.043+0000] {processor.py:183} INFO - Processing /home/airflow/.local/lib/python3.8/site-packages/airflow/example_dags/example_setup_teardown_taskflow.py took 0.168 seconds
[2026-05-16T03:22:56.180+0000] {processor.py:161} INFO - Started process (PID=5063) to work on /home/airflow/.local/lib/python3.8/site-packages/airflow/example_dags/example_setup_teardown_taskflow.py
[2026-05-16T03:22:56.182+0000] {processor.py:830} INFO - Processing file /home/airflow/.local/lib/python3.8/site-packages/airflow/example_dags/example_setup_teardown_taskflow.py for tasks to queue
[2026-05-16T03:22:56.185+0000] {logging_mixin.py:188} INFO - [2026-05-16T03:22:56.185+0000] {dagbag.py:538} INFO - Filling up the DagBag from /home/airflow/.local/lib/python3.8/site-packages/airflow/example_dags/example_setup_teardown_taskflow.py
[2026-05-16T03:22:56.202+0000] {processor.py:840} INFO - DAG(s) 'example_setup_teardown_taskflow' retrieved from /home/airflow/.local/lib/python3.8/site-packages/airflow/example_dags/example_setup_teardown_taskflow.py
[2026-05-16T03:22:56.245+0000] {logging_mixin.py:188} INFO - [2026-05-16T03:22:56.245+0000] {dag.py:3036} INFO - Sync 1 DAGs
[2026-05-16T03:22:56.281+0000] {logging_mixin.py:188} INFO - [2026-05-16T03:22:56.281+0000] {dag.py:3823} INFO - Setting next_dagrun for example_setup_teardown_taskflow to 2026-05-15 00:00:00+00:00, run_after=2026-05-16 00:00:00+00:00
[2026-05-16T03:22:56.316+0000] {processor.py:183} INFO - Processing /home/airflow/.local/lib/python3.8/site-packages/airflow/example_dags/example_setup_teardown_taskflow.py took 0.141 seconds
[2026-05-16T03:23:26.988+0000] {processor.py:161} INFO - Started process (PID=5130) to work on /home/airflow/.local/lib/python3.8/site-packages/airflow/example_dags/example_setup_teardown_taskflow.py
[2026-05-16T03:23:26.990+0000] {processor.py:830} INFO - Processing file /home/airflow/.local/lib/python3.8/site-packages/airflow/example_dags/example_setup_teardown_taskflow.py for tasks to queue
[2026-05-16T03:23:26.992+0000] {logging_mixin.py:188} INFO - [2026-05-16T03:23:26.992+0000] {dagbag.py:538} INFO - Filling up the DagBag from /home/airflow/.local/lib/python3.8/site-packages/airflow/example_dags/example_setup_teardown_taskflow.py
[2026-05-16T03:23:27.007+0000] {processor.py:840} INFO - DAG(s) 'example_setup_teardown_taskflow' retrieved from /home/airflow/.local/lib/python3.8/site-packages/airflow/example_dags/example_setup_teardown_taskflow.py
[2026-05-16T03:23:27.049+0000] {logging_mixin.py:188} INFO - [2026-05-16T03:23:27.049+0000] {dag.py:3036} INFO - Sync 1 DAGs
[2026-05-16T03:23:27.090+0000] {logging_mixin.py:188} INFO - [2026-05-16T03:23:27.090+0000] {dag.py:3823} INFO - Setting next_dagrun for example_setup_teardown_taskflow to 2026-05-15 00:00:00+00:00, run_after=2026-05-16 00:00:00+00:00
[2026-05-16T03:23:27.118+0000] {processor.py:183} INFO - Processing /home/airflow/.local/lib/python3.8/site-packages/airflow/example_dags/example_setup_teardown_taskflow.py took 0.136 seconds
[2026-05-16T03:23:57.518+0000] {processor.py:161} INFO - Started process (PID=5196) to work on /home/airflow/.local/lib/python3.8/site-packages/airflow/example_dags/example_setup_teardown_taskflow.py
[2026-05-16T03:23:57.520+0000] {processor.py:830} INFO - Processing file /home/airflow/.local/lib/python3.8/site-packages/airflow/example_dags/example_setup_teardown_taskflow.py for tasks to queue
[2026-05-16T03:23:57.522+0000] {logging_mixin.py:188} INFO - [2026-05-16T03:23:57.522+0000] {dagbag.py:538} INFO - Filling up the DagBag from /home/airflow/.local/lib/python3.8/site-packages/airflow/example_dags/example_setup_teardown_taskflow.py
[2026-05-16T03:23:57.538+0000] {processor.py:840} INFO - DAG(s) 'example_setup_teardown_taskflow' retrieved from /home/airflow/.local/lib/python3.8/site-packages/airflow/example_dags/example_setup_teardown_taskflow.py
[2026-05-16T03:23:57.576+0000] {logging_mixin.py:188} INFO - [2026-05-16T03:23:57.576+0000] {dag.py:3036} INFO - Sync 1 DAGs
[2026-05-16T03:23:57.612+0000] {logging_mixin.py:188} INFO - [2026-05-16T03:23:57.612+0000] {dag.py:3823} INFO - Setting next_dagrun for example_setup_teardown_taskflow to 2026-05-15 00:00:00+00:00, run_after=2026-05-16 00:00:00+00:00
[2026-05-16T03:23:57.644+0000] {processor.py:183} INFO - Processing /home/airflow/.local/lib/python3.8/site-packages/airflow/example_dags/example_setup_teardown_taskflow.py took 0.131 seconds
[2026-05-16T03:24:28.123+0000] {processor.py:161} INFO - Started process (PID=5262) to work on /home/airflow/.local/lib/python3.8/site-packages/airflow/example_dags/example_setup_teardown_taskflow.py
[2026-05-16T03:24:28.124+0000] {processor.py:830} INFO - Processing file /home/airflow/.local/lib/python3.8/site-packages/airflow/example_dags/example_setup_teardown_taskflow.py for tasks to queue
[2026-05-16T03:24:28.127+0000] {logging_mixin.py:188} INFO - [2026-05-16T03:24:28.126+0000] {dagbag.py:538} INFO - Filling up the DagBag from /home/airflow/.local/lib/python3.8/site-packages/airflow/example_dags/example_setup_teardown_taskflow.py
[2026-05-16T03:24:28.143+0000] {processor.py:840} INFO - DAG(s) 'example_setup_teardown_taskflow' retrieved from /home/airflow/.local/lib/python3.8/site-packages/airflow/example_dags/example_setup_teardown_taskflow.py
[2026-05-16T03:24:28.182+0000] {logging_mixin.py:188} INFO - [2026-05-16T03:24:28.181+0000] {dag.py:3036} INFO - Sync 1 DAGs
[2026-05-16T03:24:28.216+0000] {logging_mixin.py:188} INFO - [2026-05-16T03:24:28.216+0000] {dag.py:3823} INFO - Setting next_dagrun for example_setup_teardown_taskflow to 2026-05-15 00:00:00+00:00, run_after=2026-05-16 00:00:00+00:00
[2026-05-16T03:24:28.243+0000] {processor.py:183} INFO - Processing /home/airflow/.local/lib/python3.8/site-packages/airflow/example_dags/example_setup_teardown_taskflow.py took 0.126 seconds
[2026-05-16T03:24:58.843+0000] {processor.py:161} INFO - Started process (PID=5328) to work on /home/airflow/.local/lib/python3.8/site-packages/airflow/example_dags/example_setup_teardown_taskflow.py
[2026-05-16T03:24:58.845+0000] {processor.py:830} INFO - Processing file /home/airflow/.local/lib/python3.8/site-packages/airflow/example_dags/example_setup_teardown_taskflow.py for tasks to queue
[2026-05-16T03:24:58.848+0000] {logging_mixin.py:188} INFO - [2026-05-16T03:24:58.848+0000] {dagbag.py:538} INFO - Filling up the DagBag from /home/airflow/.local/lib/python3.8/site-packages/airflow/example_dags/example_setup_teardown_taskflow.py
[2026-05-16T03:24:58.867+0000] {processor.py:840} INFO - DAG(s) 'example_setup_teardown_taskflow' retrieved from /home/airflow/.local/lib/python3.8/site-packages/airflow/example_dags/example_setup_teardown_taskflow.py
[2026-05-16T03:24:58.914+0000] {logging_mixin.py:188} INFO - [2026-05-16T03:24:58.913+0000] {dag.py:3036} INFO - Sync 1 DAGs
[2026-05-16T03:24:58.955+0000] {logging_mixin.py:188} INFO - [2026-05-16T03:24:58.955+0000] {dag.py:3823} INFO - Setting next_dagrun for example_setup_teardown_taskflow to 2026-05-15 00:00:00+00:00, run_after=2026-05-16 00:00:00+00:00
[2026-05-16T03:24:58.987+0000] {processor.py:183} INFO - Processing /home/airflow/.local/lib/python3.8/site-packages/airflow/example_dags/example_setup_teardown_taskflow.py took 0.150 seconds
[2026-05-16T03:25:29.047+0000] {processor.py:161} INFO - Started process (PID=5393) to work on /home/airflow/.local/lib/python3.8/site-packages/airflow/example_dags/example_setup_teardown_taskflow.py
[2026-05-16T03:25:29.049+0000] {processor.py:830} INFO - Processing file /home/airflow/.local/lib/python3.8/site-packages/airflow/example_dags/example_setup_teardown_taskflow.py for tasks to queue
[2026-05-16T03:25:29.052+0000] {logging_mixin.py:188} INFO - [2026-05-16T03:25:29.051+0000] {dagbag.py:538} INFO - Filling up the DagBag from /home/airflow/.local/lib/python3.8/site-packages/airflow/example_dags/example_setup_teardown_taskflow.py
[2026-05-16T03:25:29.073+0000] {processor.py:840} INFO - DAG(s) 'example_setup_teardown_taskflow' retrieved from /home/airflow/.local/lib/python3.8/site-packages/airflow/example_dags/example_setup_teardown_taskflow.py
[2026-05-16T03:25:29.120+0000] {logging_mixin.py:188} INFO - [2026-05-16T03:25:29.120+0000] {dag.py:3036} INFO - Sync 1 DAGs
[2026-05-16T03:25:29.165+0000] {logging_mixin.py:188} INFO - [2026-05-16T03:25:29.164+0000] {dag.py:3823} INFO - Setting next_dagrun for example_setup_teardown_taskflow to 2026-05-15 00:00:00+00:00, run_after=2026-05-16 00:00:00+00:00
[2026-05-16T03:25:29.199+0000] {processor.py:183} INFO - Processing /home/airflow/.local/lib/python3.8/site-packages/airflow/example_dags/example_setup_teardown_taskflow.py took 0.157 seconds
[2026-05-16T03:26:00.502+0000] {processor.py:161} INFO - Started process (PID=5456) to work on /home/airflow/.local/lib/python3.8/site-packages/airflow/example_dags/example_setup_teardown_taskflow.py
[2026-05-16T03:26:00.504+0000] {processor.py:830} INFO - Processing file /home/airflow/.local/lib/python3.8/site-packages/airflow/example_dags/example_setup_teardown_taskflow.py for tasks to queue
[2026-05-16T03:26:00.507+0000] {logging_mixin.py:188} INFO - [2026-05-16T03:26:00.506+0000] {dagbag.py:538} INFO - Filling up the DagBag from /home/airflow/.local/lib/python3.8/site-packages/airflow/example_dags/example_setup_teardown_taskflow.py
[2026-05-16T03:26:00.522+0000] {processor.py:840} INFO - DAG(s) 'example_setup_teardown_taskflow' retrieved from /home/airflow/.local/lib/python3.8/site-packages/airflow/example_dags/example_setup_teardown_taskflow.py
[2026-05-16T03:26:00.563+0000] {logging_mixin.py:188} INFO - [2026-05-16T03:26:00.562+0000] {dag.py:3036} INFO - Sync 1 DAGs
[2026-05-16T03:26:00.605+0000] {logging_mixin.py:188} INFO - [2026-05-16T03:26:00.605+0000] {dag.py:3823} INFO - Setting next_dagrun for example_setup_teardown_taskflow to 2026-05-15 00:00:00+00:00, run_after=2026-05-16 00:00:00+00:00
[2026-05-16T03:26:00.638+0000] {processor.py:183} INFO - Processing /home/airflow/.local/lib/python3.8/site-packages/airflow/example_dags/example_setup_teardown_taskflow.py took 0.141 seconds
[2026-05-16T03:26:31.256+0000] {processor.py:161} INFO - Started process (PID=5521) to work on /home/airflow/.local/lib/python3.8/site-packages/airflow/example_dags/example_setup_teardown_taskflow.py
[2026-05-16T03:26:31.258+0000] {processor.py:830} INFO - Processing file /home/airflow/.local/lib/python3.8/site-packages/airflow/example_dags/example_setup_teardown_taskflow.py for tasks to queue
[2026-05-16T03:26:31.261+0000] {logging_mixin.py:188} INFO - [2026-05-16T03:26:31.260+0000] {dagbag.py:538} INFO - Filling up the DagBag from /home/airflow/.local/lib/python3.8/site-packages/airflow/example_dags/example_setup_teardown_taskflow.py
[2026-05-16T03:26:31.278+0000] {processor.py:840} INFO - DAG(s) 'example_setup_teardown_taskflow' retrieved from /home/airflow/.local/lib/python3.8/site-packages/airflow/example_dags/example_setup_teardown_taskflow.py
[2026-05-16T03:26:31.318+0000] {logging_mixin.py:188} INFO - [2026-05-16T03:26:31.318+0000] {dag.py:3036} INFO - Sync 1 DAGs
[2026-05-16T03:26:31.366+0000] {logging_mixin.py:188} INFO - [2026-05-16T03:26:31.365+0000] {dag.py:3823} INFO - Setting next_dagrun for example_setup_teardown_taskflow to 2026-05-15 00:00:00+00:00, run_after=2026-05-16 00:00:00+00:00
[2026-05-16T03:26:31.401+0000] {processor.py:183} INFO - Processing /home/airflow/.local/lib/python3.8/site-packages/airflow/example_dags/example_setup_teardown_taskflow.py took 0.151 seconds
[2026-05-16T03:27:01.720+0000] {processor.py:161} INFO - Started process (PID=5586) to work on /home/airflow/.local/lib/python3.8/site-packages/airflow/example_dags/example_setup_teardown_taskflow.py
[2026-05-16T03:27:01.722+0000] {processor.py:830} INFO - Processing file /home/airflow/.local/lib/python3.8/site-packages/airflow/example_dags/example_setup_teardown_taskflow.py for tasks to queue
[2026-05-16T03:27:01.725+0000] {logging_mixin.py:188} INFO - [2026-05-16T03:27:01.725+0000] {dagbag.py:538} INFO - Filling up the DagBag from /home/airflow/.local/lib/python3.8/site-packages/airflow/example_dags/example_setup_teardown_taskflow.py
[2026-05-16T03:27:01.741+0000] {processor.py:840} INFO - DAG(s) 'example_setup_teardown_taskflow' retrieved from /home/airflow/.local/lib/python3.8/site-packages/airflow/example_dags/example_setup_teardown_taskflow.py
[2026-05-16T03:27:01.782+0000] {logging_mixin.py:188} INFO - [2026-05-16T03:27:01.781+0000] {dag.py:3036} INFO - Sync 1 DAGs
[2026-05-16T03:27:01.818+0000] {logging_mixin.py:188} INFO - [2026-05-16T03:27:01.818+0000] {dag.py:3823} INFO - Setting next_dagrun for example_setup_teardown_taskflow to 2026-05-15 00:00:00+00:00, run_after=2026-05-16 00:00:00+00:00
[2026-05-16T03:27:01.851+0000] {processor.py:183} INFO - Processing /home/airflow/.local/lib/python3.8/site-packages/airflow/example_dags/example_setup_teardown_taskflow.py took 0.135 seconds
[2026-05-16T03:27:32.041+0000] {processor.py:161} INFO - Started process (PID=5649) to work on /home/airflow/.local/lib/python3.8/site-packages/airflow/example_dags/example_setup_teardown_taskflow.py
[2026-05-16T03:27:32.043+0000] {processor.py:830} INFO - Processing file /home/airflow/.local/lib/python3.8/site-packages/airflow/example_dags/example_setup_teardown_taskflow.py for tasks to queue
[2026-05-16T03:27:32.045+0000] {logging_mixin.py:188} INFO - [2026-05-16T03:27:32.045+0000] {dagbag.py:538} INFO - Filling up the DagBag from /home/airflow/.local/lib/python3.8/site-packages/airflow/example_dags/example_setup_teardown_taskflow.py
[2026-05-16T03:27:32.060+0000] {processor.py:840} INFO - DAG(s) 'example_setup_teardown_taskflow' retrieved from /home/airflow/.local/lib/python3.8/site-packages/airflow/example_dags/example_setup_teardown_taskflow.py
[2026-05-16T03:27:32.106+0000] {logging_mixin.py:188} INFO - [2026-05-16T03:27:32.106+0000] {dag.py:3036} INFO - Sync 1 DAGs
[2026-05-16T03:27:32.148+0000] {logging_mixin.py:188} INFO - [2026-05-16T03:27:32.147+0000] {dag.py:3823} INFO - Setting next_dagrun for example_setup_teardown_taskflow to 2026-05-15 00:00:00+00:00, run_after=2026-05-16 00:00:00+00:00
[2026-05-16T03:27:32.182+0000] {processor.py:183} INFO - Processing /home/airflow/.local/lib/python3.8/site-packages/airflow/example_dags/example_setup_teardown_taskflow.py took 0.146 seconds
[2026-05-16T03:28:02.855+0000] {processor.py:161} INFO - Started process (PID=5721) to work on /home/airflow/.local/lib/python3.8/site-packages/airflow/example_dags/example_setup_teardown_taskflow.py
[2026-05-16T03:28:02.857+0000] {processor.py:830} INFO - Processing file /home/airflow/.local/lib/python3.8/site-packages/airflow/example_dags/example_setup_teardown_taskflow.py for tasks to queue
[2026-05-16T03:28:02.860+0000] {logging_mixin.py:188} INFO - [2026-05-16T03:28:02.859+0000] {dagbag.py:538} INFO - Filling up the DagBag from /home/airflow/.local/lib/python3.8/site-packages/airflow/example_dags/example_setup_teardown_taskflow.py
[2026-05-16T03:28:02.877+0000] {processor.py:840} INFO - DAG(s) 'example_setup_teardown_taskflow' retrieved from /home/airflow/.local/lib/python3.8/site-packages/airflow/example_dags/example_setup_teardown_taskflow.py
[2026-05-16T03:28:02.935+0000] {logging_mixin.py:188} INFO - [2026-05-16T03:28:02.935+0000] {dag.py:3036} INFO - Sync 1 DAGs
[2026-05-16T03:28:02.979+0000] {logging_mixin.py:188} INFO - [2026-05-16T03:28:02.978+0000] {dag.py:3823} INFO - Setting next_dagrun for example_setup_teardown_taskflow to 2026-05-15 00:00:00+00:00, run_after=2026-05-16 00:00:00+00:00
[2026-05-16T03:28:03.009+0000] {processor.py:183} INFO - Processing /home/airflow/.local/lib/python3.8/site-packages/airflow/example_dags/example_setup_teardown_taskflow.py took 0.160 seconds
[2026-05-16T03:28:33.536+0000] {processor.py:161} INFO - Started process (PID=5785) to work on /home/airflow/.local/lib/python3.8/site-packages/airflow/example_dags/example_setup_teardown_taskflow.py
[2026-05-16T03:28:33.537+0000] {processor.py:830} INFO - Processing file /home/airflow/.local/lib/python3.8/site-packages/airflow/example_dags/example_setup_teardown_taskflow.py for tasks to queue
[2026-05-16T03:28:33.540+0000] {logging_mixin.py:188} INFO - [2026-05-16T03:28:33.540+0000] {dagbag.py:538} INFO - Filling up the DagBag from /home/airflow/.local/lib/python3.8/site-packages/airflow/example_dags/example_setup_teardown_taskflow.py
[2026-05-16T03:28:33.559+0000] {processor.py:840} INFO - DAG(s) 'example_setup_teardown_taskflow' retrieved from /home/airflow/.local/lib/python3.8/site-packages/airflow/example_dags/example_setup_teardown_taskflow.py
[2026-05-16T03:28:33.604+0000] {logging_mixin.py:188} INFO - [2026-05-16T03:28:33.604+0000] {dag.py:3036} INFO - Sync 1 DAGs
[2026-05-16T03:28:33.650+0000] {logging_mixin.py:188} INFO - [2026-05-16T03:28:33.649+0000] {dag.py:3823} INFO - Setting next_dagrun for example_setup_teardown_taskflow to 2026-05-15 00:00:00+00:00, run_after=2026-05-16 00:00:00+00:00
[2026-05-16T03:28:33.684+0000] {processor.py:183} INFO - Processing /home/airflow/.local/lib/python3.8/site-packages/airflow/example_dags/example_setup_teardown_taskflow.py took 0.154 seconds
[2026-05-16T03:29:03.872+0000] {processor.py:161} INFO - Started process (PID=5848) to work on /home/airflow/.local/lib/python3.8/site-packages/airflow/example_dags/example_setup_teardown_taskflow.py
[2026-05-16T03:29:03.874+0000] {processor.py:830} INFO - Processing file /home/airflow/.local/lib/python3.8/site-packages/airflow/example_dags/example_setup_teardown_taskflow.py for tasks to queue
[2026-05-16T03:29:03.878+0000] {logging_mixin.py:188} INFO - [2026-05-16T03:29:03.877+0000] {dagbag.py:538} INFO - Filling up the DagBag from /home/airflow/.local/lib/python3.8/site-packages/airflow/example_dags/example_setup_teardown_taskflow.py
[2026-05-16T03:29:03.903+0000] {processor.py:840} INFO - DAG(s) 'example_setup_teardown_taskflow' retrieved from /home/airflow/.local/lib/python3.8/site-packages/airflow/example_dags/example_setup_teardown_taskflow.py
[2026-05-16T03:29:03.951+0000] {logging_mixin.py:188} INFO - [2026-05-16T03:29:03.950+0000] {dag.py:3036} INFO - Sync 1 DAGs
[2026-05-16T03:29:03.994+0000] {logging_mixin.py:188} INFO - [2026-05-16T03:29:03.993+0000] {dag.py:3823} INFO - Setting next_dagrun for example_setup_teardown_taskflow to 2026-05-15 00:00:00+00:00, run_after=2026-05-16 00:00:00+00:00
[2026-05-16T03:29:04.025+0000] {processor.py:183} INFO - Processing /home/airflow/.local/lib/python3.8/site-packages/airflow/example_dags/example_setup_teardown_taskflow.py took 0.162 seconds
[2026-05-16T03:29:34.317+0000] {processor.py:161} INFO - Started process (PID=5913) to work on /home/airflow/.local/lib/python3.8/site-packages/airflow/example_dags/example_setup_teardown_taskflow.py
[2026-05-16T03:29:34.320+0000] {processor.py:830} INFO - Processing file /home/airflow/.local/lib/python3.8/site-packages/airflow/example_dags/example_setup_teardown_taskflow.py for tasks to queue
[2026-05-16T03:29:34.336+0000] {logging_mixin.py:188} INFO - [2026-05-16T03:29:34.335+0000] {dagbag.py:538} INFO - Filling up the DagBag from /home/airflow/.local/lib/python3.8/site-packages/airflow/example_dags/example_setup_teardown_taskflow.py
[2026-05-16T03:29:34.385+0000] {processor.py:840} INFO - DAG(s) 'example_setup_teardown_taskflow' retrieved from /home/airflow/.local/lib/python3.8/site-packages/airflow/example_dags/example_setup_teardown_taskflow.py
[2026-05-16T03:29:34.449+0000] {logging_mixin.py:188} INFO - [2026-05-16T03:29:34.448+0000] {dag.py:3036} INFO - Sync 1 DAGs
[2026-05-16T03:29:34.493+0000] {logging_mixin.py:188} INFO - [2026-05-16T03:29:34.492+0000] {dag.py:3823} INFO - Setting next_dagrun for example_setup_teardown_taskflow to 2026-05-15 00:00:00+00:00, run_after=2026-05-16 00:00:00+00:00
[2026-05-16T03:29:34.548+0000] {processor.py:183} INFO - Processing /home/airflow/.local/lib/python3.8/site-packages/airflow/example_dags/example_setup_teardown_taskflow.py took 0.249 seconds
[2026-05-16T03:30:04.821+0000] {processor.py:161} INFO - Started process (PID=5977) to work on /home/airflow/.local/lib/python3.8/site-packages/airflow/example_dags/example_setup_teardown_taskflow.py
[2026-05-16T03:30:04.823+0000] {processor.py:830} INFO - Processing file /home/airflow/.local/lib/python3.8/site-packages/airflow/example_dags/example_setup_teardown_taskflow.py for tasks to queue
[2026-05-16T03:30:04.826+0000] {logging_mixin.py:188} INFO - [2026-05-16T03:30:04.825+0000] {dagbag.py:538} INFO - Filling up the DagBag from /home/airflow/.local/lib/python3.8/site-packages/airflow/example_dags/example_setup_teardown_taskflow.py
[2026-05-16T03:30:04.847+0000] {processor.py:840} INFO - DAG(s) 'example_setup_teardown_taskflow' retrieved from /home/airflow/.local/lib/python3.8/site-packages/airflow/example_dags/example_setup_teardown_taskflow.py
[2026-05-16T03:30:04.897+0000] {logging_mixin.py:188} INFO - [2026-05-16T03:30:04.896+0000] {dag.py:3036} INFO - Sync 1 DAGs
[2026-05-16T03:30:04.945+0000] {logging_mixin.py:188} INFO - [2026-05-16T03:30:04.945+0000] {dag.py:3823} INFO - Setting next_dagrun for example_setup_teardown_taskflow to 2026-05-15 00:00:00+00:00, run_after=2026-05-16 00:00:00+00:00
[2026-05-16T03:30:04.981+0000] {processor.py:183} INFO - Processing /home/airflow/.local/lib/python3.8/site-packages/airflow/example_dags/example_setup_teardown_taskflow.py took 0.166 seconds
[2026-05-16T03:30:35.117+0000] {processor.py:161} INFO - Started process (PID=6042) to work on /home/airflow/.local/lib/python3.8/site-packages/airflow/example_dags/example_setup_teardown_taskflow.py
[2026-05-16T03:30:35.119+0000] {processor.py:830} INFO - Processing file /home/airflow/.local/lib/python3.8/site-packages/airflow/example_dags/example_setup_teardown_taskflow.py for tasks to queue
[2026-05-16T03:30:35.122+0000] {logging_mixin.py:188} INFO - [2026-05-16T03:30:35.121+0000] {dagbag.py:538} INFO - Filling up the DagBag from /home/airflow/.local/lib/python3.8/site-packages/airflow/example_dags/example_setup_teardown_taskflow.py
[2026-05-16T03:30:35.137+0000] {processor.py:840} INFO - DAG(s) 'example_setup_teardown_taskflow' retrieved from /home/airflow/.local/lib/python3.8/site-packages/airflow/example_dags/example_setup_teardown_taskflow.py
[2026-05-16T03:30:35.175+0000] {logging_mixin.py:188} INFO - [2026-05-16T03:30:35.175+0000] {dag.py:3036} INFO - Sync 1 DAGs
[2026-05-16T03:30:35.208+0000] {logging_mixin.py:188} INFO - [2026-05-16T03:30:35.208+0000] {dag.py:3823} INFO - Setting next_dagrun for example_setup_teardown_taskflow to 2026-05-15 00:00:00+00:00, run_after=2026-05-16 00:00:00+00:00
[2026-05-16T03:30:35.236+0000] {processor.py:183} INFO - Processing /home/airflow/.local/lib/python3.8/site-packages/airflow/example_dags/example_setup_teardown_taskflow.py took 0.124 seconds
[2026-05-16T03:31:05.411+0000] {processor.py:161} INFO - Started process (PID=6107) to work on /home/airflow/.local/lib/python3.8/site-packages/airflow/example_dags/example_setup_teardown_taskflow.py
[2026-05-16T03:31:05.413+0000] {processor.py:830} INFO - Processing file /home/airflow/.local/lib/python3.8/site-packages/airflow/example_dags/example_setup_teardown_taskflow.py for tasks to queue
[2026-05-16T03:31:05.415+0000] {logging_mixin.py:188} INFO - [2026-05-16T03:31:05.415+0000] {dagbag.py:538} INFO - Filling up the DagBag from /home/airflow/.local/lib/python3.8/site-packages/airflow/example_dags/example_setup_teardown_taskflow.py
[2026-05-16T03:31:05.430+0000] {processor.py:840} INFO - DAG(s) 'example_setup_teardown_taskflow' retrieved from /home/airflow/.local/lib/python3.8/site-packages/airflow/example_dags/example_setup_teardown_taskflow.py
[2026-05-16T03:31:05.469+0000] {logging_mixin.py:188} INFO - [2026-05-16T03:31:05.468+0000] {dag.py:3036} INFO - Sync 1 DAGs
[2026-05-16T03:31:05.506+0000] {logging_mixin.py:188} INFO - [2026-05-16T03:31:05.505+0000] {dag.py:3823} INFO - Setting next_dagrun for example_setup_teardown_taskflow to 2026-05-15 00:00:00+00:00, run_after=2026-05-16 00:00:00+00:00
[2026-05-16T03:31:05.536+0000] {processor.py:183} INFO - Processing /home/airflow/.local/lib/python3.8/site-packages/airflow/example_dags/example_setup_teardown_taskflow.py took 0.131 seconds
[2026-05-16T03:31:35.763+0000] {processor.py:161} INFO - Started process (PID=6171) to work on /home/airflow/.local/lib/python3.8/site-packages/airflow/example_dags/example_setup_teardown_taskflow.py
[2026-05-16T03:31:35.765+0000] {processor.py:830} INFO - Processing file /home/airflow/.local/lib/python3.8/site-packages/airflow/example_dags/example_setup_teardown_taskflow.py for tasks to queue
[2026-05-16T03:31:35.768+0000] {logging_mixin.py:188} INFO - [2026-05-16T03:31:35.767+0000] {dagbag.py:538} INFO - Filling up the DagBag from /home/airflow/.local/lib/python3.8/site-packages/airflow/example_dags/example_setup_teardown_taskflow.py
[2026-05-16T03:31:35.782+0000] {processor.py:840} INFO - DAG(s) 'example_setup_teardown_taskflow' retrieved from /home/airflow/.local/lib/python3.8/site-packages/airflow/example_dags/example_setup_teardown_taskflow.py
[2026-05-16T03:31:35.823+0000] {logging_mixin.py:188} INFO - [2026-05-16T03:31:35.823+0000] {dag.py:3036} INFO - Sync 1 DAGs
[2026-05-16T03:31:35.864+0000] {logging_mixin.py:188} INFO - [2026-05-16T03:31:35.864+0000] {dag.py:3823} INFO - Setting next_dagrun for example_setup_teardown_taskflow to 2026-05-15 00:00:00+00:00, run_after=2026-05-16 00:00:00+00:00
[2026-05-16T03:31:35.897+0000] {processor.py:183} INFO - Processing /home/airflow/.local/lib/python3.8/site-packages/airflow/example_dags/example_setup_teardown_taskflow.py took 0.140 seconds
[2026-05-16T03:32:05.957+0000] {processor.py:161} INFO - Started process (PID=6237) to work on /home/airflow/.local/lib/python3.8/site-packages/airflow/example_dags/example_setup_teardown_taskflow.py
[2026-05-16T03:32:05.959+0000] {processor.py:830} INFO - Processing file /home/airflow/.local/lib/python3.8/site-packages/airflow/example_dags/example_setup_teardown_taskflow.py for tasks to queue
[2026-05-16T03:32:05.962+0000] {logging_mixin.py:188} INFO - [2026-05-16T03:32:05.961+0000] {dagbag.py:538} INFO - Filling up the DagBag from /home/airflow/.local/lib/python3.8/site-packages/airflow/example_dags/example_setup_teardown_taskflow.py
[2026-05-16T03:32:05.979+0000] {processor.py:840} INFO - DAG(s) 'example_setup_teardown_taskflow' retrieved from /home/airflow/.local/lib/python3.8/site-packages/airflow/example_dags/example_setup_teardown_taskflow.py
[2026-05-16T03:32:06.024+0000] {logging_mixin.py:188} INFO - [2026-05-16T03:32:06.023+0000] {dag.py:3036} INFO - Sync 1 DAGs
[2026-05-16T03:32:06.063+0000] {logging_mixin.py:188} INFO - [2026-05-16T03:32:06.063+0000] {dag.py:3823} INFO - Setting next_dagrun for example_setup_teardown_taskflow to 2026-05-15 00:00:00+00:00, run_after=2026-05-16 00:00:00+00:00
[2026-05-16T03:32:06.096+0000] {processor.py:183} INFO - Processing /home/airflow/.local/lib/python3.8/site-packages/airflow/example_dags/example_setup_teardown_taskflow.py took 0.145 seconds
[2026-05-16T03:32:36.446+0000] {processor.py:161} INFO - Started process (PID=6302) to work on /home/airflow/.local/lib/python3.8/site-packages/airflow/example_dags/example_setup_teardown_taskflow.py
[2026-05-16T03:32:36.448+0000] {processor.py:830} INFO - Processing file /home/airflow/.local/lib/python3.8/site-packages/airflow/example_dags/example_setup_teardown_taskflow.py for tasks to queue
[2026-05-16T03:32:36.451+0000] {logging_mixin.py:188} INFO - [2026-05-16T03:32:36.451+0000] {dagbag.py:538} INFO - Filling up the DagBag from /home/airflow/.local/lib/python3.8/site-packages/airflow/example_dags/example_setup_teardown_taskflow.py
[2026-05-16T03:32:36.467+0000] {processor.py:840} INFO - DAG(s) 'example_setup_teardown_taskflow' retrieved from /home/airflow/.local/lib/python3.8/site-packages/airflow/example_dags/example_setup_teardown_taskflow.py
[2026-05-16T03:32:36.512+0000] {logging_mixin.py:188} INFO - [2026-05-16T03:32:36.511+0000] {dag.py:3036} INFO - Sync 1 DAGs
[2026-05-16T03:32:36.566+0000] {logging_mixin.py:188} INFO - [2026-05-16T03:32:36.565+0000] {dag.py:3823} INFO - Setting next_dagrun for example_setup_teardown_taskflow to 2026-05-15 00:00:00+00:00, run_after=2026-05-16 00:00:00+00:00
[2026-05-16T03:32:36.596+0000] {processor.py:183} INFO - Processing /home/airflow/.local/lib/python3.8/site-packages/airflow/example_dags/example_setup_teardown_taskflow.py took 0.154 seconds
[2026-05-16T03:33:06.858+0000] {processor.py:161} INFO - Started process (PID=6367) to work on /home/airflow/.local/lib/python3.8/site-packages/airflow/example_dags/example_setup_teardown_taskflow.py
[2026-05-16T03:33:06.860+0000] {processor.py:830} INFO - Processing file /home/airflow/.local/lib/python3.8/site-packages/airflow/example_dags/example_setup_teardown_taskflow.py for tasks to queue
[2026-05-16T03:33:06.864+0000] {logging_mixin.py:188} INFO - [2026-05-16T03:33:06.863+0000] {dagbag.py:538} INFO - Filling up the DagBag from /home/airflow/.local/lib/python3.8/site-packages/airflow/example_dags/example_setup_teardown_taskflow.py
[2026-05-16T03:33:06.882+0000] {processor.py:840} INFO - DAG(s) 'example_setup_teardown_taskflow' retrieved from /home/airflow/.local/lib/python3.8/site-packages/airflow/example_dags/example_setup_teardown_taskflow.py
[2026-05-16T03:33:06.928+0000] {logging_mixin.py:188} INFO - [2026-05-16T03:33:06.928+0000] {dag.py:3036} INFO - Sync 1 DAGs
[2026-05-16T03:33:06.978+0000] {logging_mixin.py:188} INFO - [2026-05-16T03:33:06.978+0000] {dag.py:3823} INFO - Setting next_dagrun for example_setup_teardown_taskflow to 2026-05-15 00:00:00+00:00, run_after=2026-05-16 00:00:00+00:00
[2026-05-16T03:33:07.026+0000] {processor.py:183} INFO - Processing /home/airflow/.local/lib/python3.8/site-packages/airflow/example_dags/example_setup_teardown_taskflow.py took 0.174 seconds
[2026-05-16T03:33:37.450+0000] {processor.py:161} INFO - Started process (PID=6432) to work on /home/airflow/.local/lib/python3.8/site-packages/airflow/example_dags/example_setup_teardown_taskflow.py
[2026-05-16T03:33:37.461+0000] {processor.py:830} INFO - Processing file /home/airflow/.local/lib/python3.8/site-packages/airflow/example_dags/example_setup_teardown_taskflow.py for tasks to queue
[2026-05-16T03:33:37.466+0000] {logging_mixin.py:188} INFO - [2026-05-16T03:33:37.466+0000] {dagbag.py:538} INFO - Filling up the DagBag from /home/airflow/.local/lib/python3.8/site-packages/airflow/example_dags/example_setup_teardown_taskflow.py
[2026-05-16T03:33:37.487+0000] {processor.py:840} INFO - DAG(s) 'example_setup_teardown_taskflow' retrieved from /home/airflow/.local/lib/python3.8/site-packages/airflow/example_dags/example_setup_teardown_taskflow.py
[2026-05-16T03:33:37.535+0000] {logging_mixin.py:188} INFO - [2026-05-16T03:33:37.535+0000] {dag.py:3036} INFO - Sync 1 DAGs
[2026-05-16T03:33:37.581+0000] {logging_mixin.py:188} INFO - [2026-05-16T03:33:37.580+0000] {dag.py:3823} INFO - Setting next_dagrun for example_setup_teardown_taskflow to 2026-05-15 00:00:00+00:00, run_after=2026-05-16 00:00:00+00:00
[2026-05-16T03:33:37.617+0000] {processor.py:183} INFO - Processing /home/airflow/.local/lib/python3.8/site-packages/airflow/example_dags/example_setup_teardown_taskflow.py took 0.186 seconds
[2026-05-16T03:34:07.800+0000] {processor.py:161} INFO - Started process (PID=6497) to work on /home/airflow/.local/lib/python3.8/site-packages/airflow/example_dags/example_setup_teardown_taskflow.py
[2026-05-16T03:34:07.802+0000] {processor.py:830} INFO - Processing file /home/airflow/.local/lib/python3.8/site-packages/airflow/example_dags/example_setup_teardown_taskflow.py for tasks to queue
[2026-05-16T03:34:07.805+0000] {logging_mixin.py:188} INFO - [2026-05-16T03:34:07.804+0000] {dagbag.py:538} INFO - Filling up the DagBag from /home/airflow/.local/lib/python3.8/site-packages/airflow/example_dags/example_setup_teardown_taskflow.py
[2026-05-16T03:34:07.821+0000] {processor.py:840} INFO - DAG(s) 'example_setup_teardown_taskflow' retrieved from /home/airflow/.local/lib/python3.8/site-packages/airflow/example_dags/example_setup_teardown_taskflow.py
[2026-05-16T03:34:07.862+0000] {logging_mixin.py:188} INFO - [2026-05-16T03:34:07.862+0000] {dag.py:3036} INFO - Sync 1 DAGs
[2026-05-16T03:34:07.900+0000] {logging_mixin.py:188} INFO - [2026-05-16T03:34:07.900+0000] {dag.py:3823} INFO - Setting next_dagrun for example_setup_teardown_taskflow to 2026-05-15 00:00:00+00:00, run_after=2026-05-16 00:00:00+00:00
[2026-05-16T03:34:07.932+0000] {processor.py:183} INFO - Processing /home/airflow/.local/lib/python3.8/site-packages/airflow/example_dags/example_setup_teardown_taskflow.py took 0.138 seconds
[2026-05-16T03:34:38.097+0000] {processor.py:161} INFO - Started process (PID=6563) to work on /home/airflow/.local/lib/python3.8/site-packages/airflow/example_dags/example_setup_teardown_taskflow.py
[2026-05-16T03:34:38.098+0000] {processor.py:830} INFO - Processing file /home/airflow/.local/lib/python3.8/site-packages/airflow/example_dags/example_setup_teardown_taskflow.py for tasks to queue
[2026-05-16T03:34:38.101+0000] {logging_mixin.py:188} INFO - [2026-05-16T03:34:38.101+0000] {dagbag.py:538} INFO - Filling up the DagBag from /home/airflow/.local/lib/python3.8/site-packages/airflow/example_dags/example_setup_teardown_taskflow.py
[2026-05-16T03:34:38.120+0000] {processor.py:840} INFO - DAG(s) 'example_setup_teardown_taskflow' retrieved from /home/airflow/.local/lib/python3.8/site-packages/airflow/example_dags/example_setup_teardown_taskflow.py
[2026-05-16T03:34:38.164+0000] {logging_mixin.py:188} INFO - [2026-05-16T03:34:38.164+0000] {dag.py:3036} INFO - Sync 1 DAGs
[2026-05-16T03:34:38.208+0000] {logging_mixin.py:188} INFO - [2026-05-16T03:34:38.208+0000] {dag.py:3823} INFO - Setting next_dagrun for example_setup_teardown_taskflow to 2026-05-15 00:00:00+00:00, run_after=2026-05-16 00:00:00+00:00
[2026-05-16T03:34:38.243+0000] {processor.py:183} INFO - Processing /home/airflow/.local/lib/python3.8/site-packages/airflow/example_dags/example_setup_teardown_taskflow.py took 0.152 seconds
[2026-05-16T03:35:08.566+0000] {processor.py:161} INFO - Started process (PID=6629) to work on /home/airflow/.local/lib/python3.8/site-packages/airflow/example_dags/example_setup_teardown_taskflow.py
[2026-05-16T03:35:08.568+0000] {processor.py:830} INFO - Processing file /home/airflow/.local/lib/python3.8/site-packages/airflow/example_dags/example_setup_teardown_taskflow.py for tasks to queue
[2026-05-16T03:35:08.570+0000] {logging_mixin.py:188} INFO - [2026-05-16T03:35:08.570+0000] {dagbag.py:538} INFO - Filling up the DagBag from /home/airflow/.local/lib/python3.8/site-packages/airflow/example_dags/example_setup_teardown_taskflow.py
[2026-05-16T03:35:08.585+0000] {processor.py:840} INFO - DAG(s) 'example_setup_teardown_taskflow' retrieved from /home/airflow/.local/lib/python3.8/site-packages/airflow/example_dags/example_setup_teardown_taskflow.py
[2026-05-16T03:35:08.625+0000] {logging_mixin.py:188} INFO - [2026-05-16T03:35:08.624+0000] {dag.py:3036} INFO - Sync 1 DAGs
[2026-05-16T03:35:08.661+0000] {logging_mixin.py:188} INFO - [2026-05-16T03:35:08.661+0000] {dag.py:3823} INFO - Setting next_dagrun for example_setup_teardown_taskflow to 2026-05-15 00:00:00+00:00, run_after=2026-05-16 00:00:00+00:00
[2026-05-16T03:35:08.692+0000] {processor.py:183} INFO - Processing /home/airflow/.local/lib/python3.8/site-packages/airflow/example_dags/example_setup_teardown_taskflow.py took 0.131 seconds
[2026-05-16T03:35:38.874+0000] {processor.py:161} INFO - Started process (PID=6693) to work on /home/airflow/.local/lib/python3.8/site-packages/airflow/example_dags/example_setup_teardown_taskflow.py
[2026-05-16T03:35:38.875+0000] {processor.py:830} INFO - Processing file /home/airflow/.local/lib/python3.8/site-packages/airflow/example_dags/example_setup_teardown_taskflow.py for tasks to queue
[2026-05-16T03:35:38.878+0000] {logging_mixin.py:188} INFO - [2026-05-16T03:35:38.877+0000] {dagbag.py:538} INFO - Filling up the DagBag from /home/airflow/.local/lib/python3.8/site-packages/airflow/example_dags/example_setup_teardown_taskflow.py
[2026-05-16T03:35:38.892+0000] {processor.py:840} INFO - DAG(s) 'example_setup_teardown_taskflow' retrieved from /home/airflow/.local/lib/python3.8/site-packages/airflow/example_dags/example_setup_teardown_taskflow.py
[2026-05-16T03:35:38.930+0000] {logging_mixin.py:188} INFO - [2026-05-16T03:35:38.930+0000] {dag.py:3036} INFO - Sync 1 DAGs
[2026-05-16T03:35:38.975+0000] {logging_mixin.py:188} INFO - [2026-05-16T03:35:38.975+0000] {dag.py:3823} INFO - Setting next_dagrun for example_setup_teardown_taskflow to 2026-05-15 00:00:00+00:00, run_after=2026-05-16 00:00:00+00:00
[2026-05-16T03:35:39.005+0000] {processor.py:183} INFO - Processing /home/airflow/.local/lib/python3.8/site-packages/airflow/example_dags/example_setup_teardown_taskflow.py took 0.136 seconds
[2026-05-16T03:36:09.130+0000] {processor.py:161} INFO - Started process (PID=6758) to work on /home/airflow/.local/lib/python3.8/site-packages/airflow/example_dags/example_setup_teardown_taskflow.py
[2026-05-16T03:36:09.132+0000] {processor.py:830} INFO - Processing file /home/airflow/.local/lib/python3.8/site-packages/airflow/example_dags/example_setup_teardown_taskflow.py for tasks to queue
[2026-05-16T03:36:09.134+0000] {logging_mixin.py:188} INFO - [2026-05-16T03:36:09.134+0000] {dagbag.py:538} INFO - Filling up the DagBag from /home/airflow/.local/lib/python3.8/site-packages/airflow/example_dags/example_setup_teardown_taskflow.py
[2026-05-16T03:36:09.149+0000] {processor.py:840} INFO - DAG(s) 'example_setup_teardown_taskflow' retrieved from /home/airflow/.local/lib/python3.8/site-packages/airflow/example_dags/example_setup_teardown_taskflow.py
[2026-05-16T03:36:09.187+0000] {logging_mixin.py:188} INFO - [2026-05-16T03:36:09.186+0000] {dag.py:3036} INFO - Sync 1 DAGs
[2026-05-16T03:36:09.221+0000] {logging_mixin.py:188} INFO - [2026-05-16T03:36:09.221+0000] {dag.py:3823} INFO - Setting next_dagrun for example_setup_teardown_taskflow to 2026-05-15 00:00:00+00:00, run_after=2026-05-16 00:00:00+00:00
[2026-05-16T03:36:09.251+0000] {processor.py:183} INFO - Processing /home/airflow/.local/lib/python3.8/site-packages/airflow/example_dags/example_setup_teardown_taskflow.py took 0.127 seconds
[2026-05-16T03:36:39.737+0000] {processor.py:161} INFO - Started process (PID=6830) to work on /home/airflow/.local/lib/python3.8/site-packages/airflow/example_dags/example_setup_teardown_taskflow.py
[2026-05-16T03:36:39.739+0000] {processor.py:830} INFO - Processing file /home/airflow/.local/lib/python3.8/site-packages/airflow/example_dags/example_setup_teardown_taskflow.py for tasks to queue
[2026-05-16T03:36:39.742+0000] {logging_mixin.py:188} INFO - [2026-05-16T03:36:39.741+0000] {dagbag.py:538} INFO - Filling up the DagBag from /home/airflow/.local/lib/python3.8/site-packages/airflow/example_dags/example_setup_teardown_taskflow.py
[2026-05-16T03:36:39.759+0000] {processor.py:840} INFO - DAG(s) 'example_setup_teardown_taskflow' retrieved from /home/airflow/.local/lib/python3.8/site-packages/airflow/example_dags/example_setup_teardown_taskflow.py
[2026-05-16T03:36:39.806+0000] {logging_mixin.py:188} INFO - [2026-05-16T03:36:39.805+0000] {dag.py:3036} INFO - Sync 1 DAGs
[2026-05-16T03:36:39.852+0000] {logging_mixin.py:188} INFO - [2026-05-16T03:36:39.852+0000] {dag.py:3823} INFO - Setting next_dagrun for example_setup_teardown_taskflow to 2026-05-15 00:00:00+00:00, run_after=2026-05-16 00:00:00+00:00
[2026-05-16T03:36:39.926+0000] {processor.py:183} INFO - Processing /home/airflow/.local/lib/python3.8/site-packages/airflow/example_dags/example_setup_teardown_taskflow.py took 0.193 seconds
[2026-05-16T03:37:10.073+0000] {processor.py:161} INFO - Started process (PID=6895) to work on /home/airflow/.local/lib/python3.8/site-packages/airflow/example_dags/example_setup_teardown_taskflow.py
[2026-05-16T03:37:10.074+0000] {processor.py:830} INFO - Processing file /home/airflow/.local/lib/python3.8/site-packages/airflow/example_dags/example_setup_teardown_taskflow.py for tasks to queue
[2026-05-16T03:37:10.078+0000] {logging_mixin.py:188} INFO - [2026-05-16T03:37:10.077+0000] {dagbag.py:538} INFO - Filling up the DagBag from /home/airflow/.local/lib/python3.8/site-packages/airflow/example_dags/example_setup_teardown_taskflow.py
[2026-05-16T03:37:10.099+0000] {processor.py:840} INFO - DAG(s) 'example_setup_teardown_taskflow' retrieved from /home/airflow/.local/lib/python3.8/site-packages/airflow/example_dags/example_setup_teardown_taskflow.py
[2026-05-16T03:37:10.147+0000] {logging_mixin.py:188} INFO - [2026-05-16T03:37:10.146+0000] {dag.py:3036} INFO - Sync 1 DAGs
[2026-05-16T03:37:10.194+0000] {logging_mixin.py:188} INFO - [2026-05-16T03:37:10.194+0000] {dag.py:3823} INFO - Setting next_dagrun for example_setup_teardown_taskflow to 2026-05-15 00:00:00+00:00, run_after=2026-05-16 00:00:00+00:00
[2026-05-16T03:37:10.231+0000] {processor.py:183} INFO - Processing /home/airflow/.local/lib/python3.8/site-packages/airflow/example_dags/example_setup_teardown_taskflow.py took 0.165 seconds
[2026-05-16T03:37:40.296+0000] {processor.py:161} INFO - Started process (PID=6960) to work on /home/airflow/.local/lib/python3.8/site-packages/airflow/example_dags/example_setup_teardown_taskflow.py
[2026-05-16T03:37:40.299+0000] {processor.py:830} INFO - Processing file /home/airflow/.local/lib/python3.8/site-packages/airflow/example_dags/example_setup_teardown_taskflow.py for tasks to queue
[2026-05-16T03:37:40.304+0000] {logging_mixin.py:188} INFO - [2026-05-16T03:37:40.303+0000] {dagbag.py:538} INFO - Filling up the DagBag from /home/airflow/.local/lib/python3.8/site-packages/airflow/example_dags/example_setup_teardown_taskflow.py
[2026-05-16T03:37:40.319+0000] {processor.py:840} INFO - DAG(s) 'example_setup_teardown_taskflow' retrieved from /home/airflow/.local/lib/python3.8/site-packages/airflow/example_dags/example_setup_teardown_taskflow.py
[2026-05-16T03:37:40.357+0000] {logging_mixin.py:188} INFO - [2026-05-16T03:37:40.356+0000] {dag.py:3036} INFO - Sync 1 DAGs
[2026-05-16T03:37:40.394+0000] {logging_mixin.py:188} INFO - [2026-05-16T03:37:40.393+0000] {dag.py:3823} INFO - Setting next_dagrun for example_setup_teardown_taskflow to 2026-05-15 00:00:00+00:00, run_after=2026-05-16 00:00:00+00:00
[2026-05-16T03:37:40.444+0000] {processor.py:183} INFO - Processing /home/airflow/.local/lib/python3.8/site-packages/airflow/example_dags/example_setup_teardown_taskflow.py took 0.153 seconds
[2026-05-16T03:38:10.653+0000] {processor.py:161} INFO - Started process (PID=7024) to work on /home/airflow/.local/lib/python3.8/site-packages/airflow/example_dags/example_setup_teardown_taskflow.py
[2026-05-16T03:38:10.655+0000] {processor.py:830} INFO - Processing file /home/airflow/.local/lib/python3.8/site-packages/airflow/example_dags/example_setup_teardown_taskflow.py for tasks to queue
[2026-05-16T03:38:10.658+0000] {logging_mixin.py:188} INFO - [2026-05-16T03:38:10.657+0000] {dagbag.py:538} INFO - Filling up the DagBag from /home/airflow/.local/lib/python3.8/site-packages/airflow/example_dags/example_setup_teardown_taskflow.py
[2026-05-16T03:38:10.675+0000] {processor.py:840} INFO - DAG(s) 'example_setup_teardown_taskflow' retrieved from /home/airflow/.local/lib/python3.8/site-packages/airflow/example_dags/example_setup_teardown_taskflow.py
[2026-05-16T03:38:10.732+0000] {logging_mixin.py:188} INFO - [2026-05-16T03:38:10.731+0000] {dag.py:3036} INFO - Sync 1 DAGs
[2026-05-16T03:38:10.774+0000] {logging_mixin.py:188} INFO - [2026-05-16T03:38:10.773+0000] {dag.py:3823} INFO - Setting next_dagrun for example_setup_teardown_taskflow to 2026-05-15 00:00:00+00:00, run_after=2026-05-16 00:00:00+00:00
[2026-05-16T03:38:10.805+0000] {processor.py:183} INFO - Processing /home/airflow/.local/lib/python3.8/site-packages/airflow/example_dags/example_setup_teardown_taskflow.py took 0.158 seconds
[2026-05-16T03:38:41.523+0000] {processor.py:161} INFO - Started process (PID=7089) to work on /home/airflow/.local/lib/python3.8/site-packages/airflow/example_dags/example_setup_teardown_taskflow.py
[2026-05-16T03:38:41.525+0000] {processor.py:830} INFO - Processing file /home/airflow/.local/lib/python3.8/site-packages/airflow/example_dags/example_setup_teardown_taskflow.py for tasks to queue
[2026-05-16T03:38:41.527+0000] {logging_mixin.py:188} INFO - [2026-05-16T03:38:41.527+0000] {dagbag.py:538} INFO - Filling up the DagBag from /home/airflow/.local/lib/python3.8/site-packages/airflow/example_dags/example_setup_teardown_taskflow.py
[2026-05-16T03:38:41.542+0000] {processor.py:840} INFO - DAG(s) 'example_setup_teardown_taskflow' retrieved from /home/airflow/.local/lib/python3.8/site-packages/airflow/example_dags/example_setup_teardown_taskflow.py
[2026-05-16T03:38:41.584+0000] {logging_mixin.py:188} INFO - [2026-05-16T03:38:41.583+0000] {dag.py:3036} INFO - Sync 1 DAGs
[2026-05-16T03:38:41.620+0000] {logging_mixin.py:188} INFO - [2026-05-16T03:38:41.619+0000] {dag.py:3823} INFO - Setting next_dagrun for example_setup_teardown_taskflow to 2026-05-15 00:00:00+00:00, run_after=2026-05-16 00:00:00+00:00
[2026-05-16T03:38:41.652+0000] {processor.py:183} INFO - Processing /home/airflow/.local/lib/python3.8/site-packages/airflow/example_dags/example_setup_teardown_taskflow.py took 0.134 seconds
[2026-05-16T03:39:12.307+0000] {processor.py:161} INFO - Started process (PID=7153) to work on /home/airflow/.local/lib/python3.8/site-packages/airflow/example_dags/example_setup_teardown_taskflow.py
[2026-05-16T03:39:12.308+0000] {processor.py:830} INFO - Processing file /home/airflow/.local/lib/python3.8/site-packages/airflow/example_dags/example_setup_teardown_taskflow.py for tasks to queue
[2026-05-16T03:39:12.311+0000] {logging_mixin.py:188} INFO - [2026-05-16T03:39:12.310+0000] {dagbag.py:538} INFO - Filling up the DagBag from /home/airflow/.local/lib/python3.8/site-packages/airflow/example_dags/example_setup_teardown_taskflow.py
[2026-05-16T03:39:12.328+0000] {processor.py:840} INFO - DAG(s) 'example_setup_teardown_taskflow' retrieved from /home/airflow/.local/lib/python3.8/site-packages/airflow/example_dags/example_setup_teardown_taskflow.py
[2026-05-16T03:39:12.371+0000] {logging_mixin.py:188} INFO - [2026-05-16T03:39:12.371+0000] {dag.py:3036} INFO - Sync 1 DAGs
[2026-05-16T03:39:12.410+0000] {logging_mixin.py:188} INFO - [2026-05-16T03:39:12.410+0000] {dag.py:3823} INFO - Setting next_dagrun for example_setup_teardown_taskflow to 2026-05-15 00:00:00+00:00, run_after=2026-05-16 00:00:00+00:00
[2026-05-16T03:39:12.446+0000] {processor.py:183} INFO - Processing /home/airflow/.local/lib/python3.8/site-packages/airflow/example_dags/example_setup_teardown_taskflow.py took 0.145 seconds
