[2026-05-16T02:44:11.425+0000] {processor.py:161} INFO - Started process (PID=60) to work on /home/airflow/.local/lib/python3.8/site-packages/airflow/example_dags/example_trigger_controller_dag.py
[2026-05-16T02:44:11.426+0000] {processor.py:830} INFO - Processing file /home/airflow/.local/lib/python3.8/site-packages/airflow/example_dags/example_trigger_controller_dag.py for tasks to queue
[2026-05-16T02:44:11.429+0000] {logging_mixin.py:188} INFO - [2026-05-16T02:44:11.429+0000] {dagbag.py:538} INFO - Filling up the DagBag from /home/airflow/.local/lib/python3.8/site-packages/airflow/example_dags/example_trigger_controller_dag.py
[2026-05-16T02:44:11.451+0000] {processor.py:840} INFO - DAG(s) 'example_trigger_controller_dag' retrieved from /home/airflow/.local/lib/python3.8/site-packages/airflow/example_dags/example_trigger_controller_dag.py
[2026-05-16T02:44:11.920+0000] {logging_mixin.py:188} INFO - [2026-05-16T02:44:11.920+0000] {dag.py:3036} INFO - Sync 1 DAGs
[2026-05-16T02:44:12.000+0000] {logging_mixin.py:188} INFO - [2026-05-16T02:44:12.000+0000] {dag.py:3823} INFO - Setting next_dagrun for example_trigger_controller_dag to 2021-01-01 00:00:00+00:00, run_after=2021-01-01 00:00:00+00:00
[2026-05-16T02:44:12.119+0000] {processor.py:183} INFO - Processing /home/airflow/.local/lib/python3.8/site-packages/airflow/example_dags/example_trigger_controller_dag.py took 0.700 seconds
[2026-05-16T02:44:42.754+0000] {processor.py:161} INFO - Started process (PID=118) to work on /home/airflow/.local/lib/python3.8/site-packages/airflow/example_dags/example_trigger_controller_dag.py
[2026-05-16T02:44:42.755+0000] {processor.py:830} INFO - Processing file /home/airflow/.local/lib/python3.8/site-packages/airflow/example_dags/example_trigger_controller_dag.py for tasks to queue
[2026-05-16T02:44:42.758+0000] {logging_mixin.py:188} INFO - [2026-05-16T02:44:42.758+0000] {dagbag.py:538} INFO - Filling up the DagBag from /home/airflow/.local/lib/python3.8/site-packages/airflow/example_dags/example_trigger_controller_dag.py
[2026-05-16T02:44:42.767+0000] {processor.py:840} INFO - DAG(s) 'example_trigger_controller_dag' retrieved from /home/airflow/.local/lib/python3.8/site-packages/airflow/example_dags/example_trigger_controller_dag.py
[2026-05-16T02:44:42.805+0000] {logging_mixin.py:188} INFO - [2026-05-16T02:44:42.804+0000] {dag.py:3036} INFO - Sync 1 DAGs
[2026-05-16T02:44:42.846+0000] {logging_mixin.py:188} INFO - [2026-05-16T02:44:42.845+0000] {dag.py:3823} INFO - Setting next_dagrun for example_trigger_controller_dag to 2021-01-01 00:00:00+00:00, run_after=2021-01-01 00:00:00+00:00
[2026-05-16T02:44:42.881+0000] {processor.py:183} INFO - Processing /home/airflow/.local/lib/python3.8/site-packages/airflow/example_dags/example_trigger_controller_dag.py took 0.133 seconds
[2026-05-16T02:45:13.046+0000] {processor.py:161} INFO - Started process (PID=183) to work on /home/airflow/.local/lib/python3.8/site-packages/airflow/example_dags/example_trigger_controller_dag.py
[2026-05-16T02:45:13.048+0000] {processor.py:830} INFO - Processing file /home/airflow/.local/lib/python3.8/site-packages/airflow/example_dags/example_trigger_controller_dag.py for tasks to queue
[2026-05-16T02:45:13.051+0000] {logging_mixin.py:188} INFO - [2026-05-16T02:45:13.050+0000] {dagbag.py:538} INFO - Filling up the DagBag from /home/airflow/.local/lib/python3.8/site-packages/airflow/example_dags/example_trigger_controller_dag.py
[2026-05-16T02:45:13.059+0000] {processor.py:840} INFO - DAG(s) 'example_trigger_controller_dag' retrieved from /home/airflow/.local/lib/python3.8/site-packages/airflow/example_dags/example_trigger_controller_dag.py
[2026-05-16T02:45:13.099+0000] {logging_mixin.py:188} INFO - [2026-05-16T02:45:13.098+0000] {dag.py:3036} INFO - Sync 1 DAGs
[2026-05-16T02:45:13.142+0000] {logging_mixin.py:188} INFO - [2026-05-16T02:45:13.142+0000] {dag.py:3823} INFO - Setting next_dagrun for example_trigger_controller_dag to 2021-01-01 00:00:00+00:00, run_after=2021-01-01 00:00:00+00:00
[2026-05-16T02:45:13.179+0000] {processor.py:183} INFO - Processing /home/airflow/.local/lib/python3.8/site-packages/airflow/example_dags/example_trigger_controller_dag.py took 0.138 seconds
[2026-05-16T02:45:43.355+0000] {processor.py:161} INFO - Started process (PID=254) to work on /home/airflow/.local/lib/python3.8/site-packages/airflow/example_dags/example_trigger_controller_dag.py
[2026-05-16T02:45:43.356+0000] {processor.py:830} INFO - Processing file /home/airflow/.local/lib/python3.8/site-packages/airflow/example_dags/example_trigger_controller_dag.py for tasks to queue
[2026-05-16T02:45:43.359+0000] {logging_mixin.py:188} INFO - [2026-05-16T02:45:43.358+0000] {dagbag.py:538} INFO - Filling up the DagBag from /home/airflow/.local/lib/python3.8/site-packages/airflow/example_dags/example_trigger_controller_dag.py
[2026-05-16T02:45:43.368+0000] {processor.py:840} INFO - DAG(s) 'example_trigger_controller_dag' retrieved from /home/airflow/.local/lib/python3.8/site-packages/airflow/example_dags/example_trigger_controller_dag.py
[2026-05-16T02:45:43.407+0000] {logging_mixin.py:188} INFO - [2026-05-16T02:45:43.407+0000] {dag.py:3036} INFO - Sync 1 DAGs
[2026-05-16T02:45:43.452+0000] {logging_mixin.py:188} INFO - [2026-05-16T02:45:43.452+0000] {dag.py:3823} INFO - Setting next_dagrun for example_trigger_controller_dag to 2021-01-01 00:00:00+00:00, run_after=2021-01-01 00:00:00+00:00
[2026-05-16T02:45:43.497+0000] {processor.py:183} INFO - Processing /home/airflow/.local/lib/python3.8/site-packages/airflow/example_dags/example_trigger_controller_dag.py took 0.148 seconds
[2026-05-16T02:46:13.817+0000] {processor.py:161} INFO - Started process (PID=320) to work on /home/airflow/.local/lib/python3.8/site-packages/airflow/example_dags/example_trigger_controller_dag.py
[2026-05-16T02:46:13.819+0000] {processor.py:830} INFO - Processing file /home/airflow/.local/lib/python3.8/site-packages/airflow/example_dags/example_trigger_controller_dag.py for tasks to queue
[2026-05-16T02:46:13.823+0000] {logging_mixin.py:188} INFO - [2026-05-16T02:46:13.822+0000] {dagbag.py:538} INFO - Filling up the DagBag from /home/airflow/.local/lib/python3.8/site-packages/airflow/example_dags/example_trigger_controller_dag.py
[2026-05-16T02:46:13.831+0000] {processor.py:840} INFO - DAG(s) 'example_trigger_controller_dag' retrieved from /home/airflow/.local/lib/python3.8/site-packages/airflow/example_dags/example_trigger_controller_dag.py
[2026-05-16T02:46:13.872+0000] {logging_mixin.py:188} INFO - [2026-05-16T02:46:13.872+0000] {dag.py:3036} INFO - Sync 1 DAGs
[2026-05-16T02:46:13.917+0000] {logging_mixin.py:188} INFO - [2026-05-16T02:46:13.917+0000] {dag.py:3823} INFO - Setting next_dagrun for example_trigger_controller_dag to 2021-01-01 00:00:00+00:00, run_after=2021-01-01 00:00:00+00:00
[2026-05-16T02:46:13.956+0000] {processor.py:183} INFO - Processing /home/airflow/.local/lib/python3.8/site-packages/airflow/example_dags/example_trigger_controller_dag.py took 0.145 seconds
[2026-05-16T02:46:44.209+0000] {processor.py:161} INFO - Started process (PID=384) to work on /home/airflow/.local/lib/python3.8/site-packages/airflow/example_dags/example_trigger_controller_dag.py
[2026-05-16T02:46:44.211+0000] {processor.py:830} INFO - Processing file /home/airflow/.local/lib/python3.8/site-packages/airflow/example_dags/example_trigger_controller_dag.py for tasks to queue
[2026-05-16T02:46:44.214+0000] {logging_mixin.py:188} INFO - [2026-05-16T02:46:44.213+0000] {dagbag.py:538} INFO - Filling up the DagBag from /home/airflow/.local/lib/python3.8/site-packages/airflow/example_dags/example_trigger_controller_dag.py
[2026-05-16T02:46:44.222+0000] {processor.py:840} INFO - DAG(s) 'example_trigger_controller_dag' retrieved from /home/airflow/.local/lib/python3.8/site-packages/airflow/example_dags/example_trigger_controller_dag.py
[2026-05-16T02:46:44.266+0000] {logging_mixin.py:188} INFO - [2026-05-16T02:46:44.266+0000] {dag.py:3036} INFO - Sync 1 DAGs
[2026-05-16T02:46:44.312+0000] {logging_mixin.py:188} INFO - [2026-05-16T02:46:44.312+0000] {dag.py:3823} INFO - Setting next_dagrun for example_trigger_controller_dag to 2021-01-01 00:00:00+00:00, run_after=2021-01-01 00:00:00+00:00
[2026-05-16T02:46:44.347+0000] {processor.py:183} INFO - Processing /home/airflow/.local/lib/python3.8/site-packages/airflow/example_dags/example_trigger_controller_dag.py took 0.144 seconds
[2026-05-16T02:47:14.548+0000] {processor.py:161} INFO - Started process (PID=448) to work on /home/airflow/.local/lib/python3.8/site-packages/airflow/example_dags/example_trigger_controller_dag.py
[2026-05-16T02:47:14.550+0000] {processor.py:830} INFO - Processing file /home/airflow/.local/lib/python3.8/site-packages/airflow/example_dags/example_trigger_controller_dag.py for tasks to queue
[2026-05-16T02:47:14.552+0000] {logging_mixin.py:188} INFO - [2026-05-16T02:47:14.552+0000] {dagbag.py:538} INFO - Filling up the DagBag from /home/airflow/.local/lib/python3.8/site-packages/airflow/example_dags/example_trigger_controller_dag.py
[2026-05-16T02:47:14.560+0000] {processor.py:840} INFO - DAG(s) 'example_trigger_controller_dag' retrieved from /home/airflow/.local/lib/python3.8/site-packages/airflow/example_dags/example_trigger_controller_dag.py
[2026-05-16T02:47:14.594+0000] {logging_mixin.py:188} INFO - [2026-05-16T02:47:14.594+0000] {dag.py:3036} INFO - Sync 1 DAGs
[2026-05-16T02:47:14.636+0000] {logging_mixin.py:188} INFO - [2026-05-16T02:47:14.636+0000] {dag.py:3823} INFO - Setting next_dagrun for example_trigger_controller_dag to 2021-01-01 00:00:00+00:00, run_after=2021-01-01 00:00:00+00:00
[2026-05-16T02:47:14.674+0000] {processor.py:183} INFO - Processing /home/airflow/.local/lib/python3.8/site-packages/airflow/example_dags/example_trigger_controller_dag.py took 0.131 seconds
[2026-05-16T02:47:45.286+0000] {processor.py:161} INFO - Started process (PID=513) to work on /home/airflow/.local/lib/python3.8/site-packages/airflow/example_dags/example_trigger_controller_dag.py
[2026-05-16T02:47:45.288+0000] {processor.py:830} INFO - Processing file /home/airflow/.local/lib/python3.8/site-packages/airflow/example_dags/example_trigger_controller_dag.py for tasks to queue
[2026-05-16T02:47:45.291+0000] {logging_mixin.py:188} INFO - [2026-05-16T02:47:45.290+0000] {dagbag.py:538} INFO - Filling up the DagBag from /home/airflow/.local/lib/python3.8/site-packages/airflow/example_dags/example_trigger_controller_dag.py
[2026-05-16T02:47:45.299+0000] {processor.py:840} INFO - DAG(s) 'example_trigger_controller_dag' retrieved from /home/airflow/.local/lib/python3.8/site-packages/airflow/example_dags/example_trigger_controller_dag.py
[2026-05-16T02:47:45.336+0000] {logging_mixin.py:188} INFO - [2026-05-16T02:47:45.335+0000] {dag.py:3036} INFO - Sync 1 DAGs
[2026-05-16T02:47:45.375+0000] {logging_mixin.py:188} INFO - [2026-05-16T02:47:45.375+0000] {dag.py:3823} INFO - Setting next_dagrun for example_trigger_controller_dag to 2021-01-01 00:00:00+00:00, run_after=2021-01-01 00:00:00+00:00
[2026-05-16T02:47:45.407+0000] {processor.py:183} INFO - Processing /home/airflow/.local/lib/python3.8/site-packages/airflow/example_dags/example_trigger_controller_dag.py took 0.126 seconds
[2026-05-16T02:48:15.842+0000] {processor.py:161} INFO - Started process (PID=579) to work on /home/airflow/.local/lib/python3.8/site-packages/airflow/example_dags/example_trigger_controller_dag.py
[2026-05-16T02:48:15.844+0000] {processor.py:830} INFO - Processing file /home/airflow/.local/lib/python3.8/site-packages/airflow/example_dags/example_trigger_controller_dag.py for tasks to queue
[2026-05-16T02:48:15.847+0000] {logging_mixin.py:188} INFO - [2026-05-16T02:48:15.846+0000] {dagbag.py:538} INFO - Filling up the DagBag from /home/airflow/.local/lib/python3.8/site-packages/airflow/example_dags/example_trigger_controller_dag.py
[2026-05-16T02:48:15.854+0000] {processor.py:840} INFO - DAG(s) 'example_trigger_controller_dag' retrieved from /home/airflow/.local/lib/python3.8/site-packages/airflow/example_dags/example_trigger_controller_dag.py
[2026-05-16T02:48:15.891+0000] {logging_mixin.py:188} INFO - [2026-05-16T02:48:15.890+0000] {dag.py:3036} INFO - Sync 1 DAGs
[2026-05-16T02:48:15.930+0000] {logging_mixin.py:188} INFO - [2026-05-16T02:48:15.929+0000] {dag.py:3823} INFO - Setting next_dagrun for example_trigger_controller_dag to 2021-01-01 00:00:00+00:00, run_after=2021-01-01 00:00:00+00:00
[2026-05-16T02:48:15.961+0000] {processor.py:183} INFO - Processing /home/airflow/.local/lib/python3.8/site-packages/airflow/example_dags/example_trigger_controller_dag.py took 0.124 seconds
[2026-05-16T02:48:46.104+0000] {processor.py:161} INFO - Started process (PID=644) to work on /home/airflow/.local/lib/python3.8/site-packages/airflow/example_dags/example_trigger_controller_dag.py
[2026-05-16T02:48:46.105+0000] {processor.py:830} INFO - Processing file /home/airflow/.local/lib/python3.8/site-packages/airflow/example_dags/example_trigger_controller_dag.py for tasks to queue
[2026-05-16T02:48:46.108+0000] {logging_mixin.py:188} INFO - [2026-05-16T02:48:46.107+0000] {dagbag.py:538} INFO - Filling up the DagBag from /home/airflow/.local/lib/python3.8/site-packages/airflow/example_dags/example_trigger_controller_dag.py
[2026-05-16T02:48:46.116+0000] {processor.py:840} INFO - DAG(s) 'example_trigger_controller_dag' retrieved from /home/airflow/.local/lib/python3.8/site-packages/airflow/example_dags/example_trigger_controller_dag.py
[2026-05-16T02:48:46.151+0000] {logging_mixin.py:188} INFO - [2026-05-16T02:48:46.150+0000] {dag.py:3036} INFO - Sync 1 DAGs
[2026-05-16T02:48:46.187+0000] {logging_mixin.py:188} INFO - [2026-05-16T02:48:46.187+0000] {dag.py:3823} INFO - Setting next_dagrun for example_trigger_controller_dag to 2021-01-01 00:00:00+00:00, run_after=2021-01-01 00:00:00+00:00
[2026-05-16T02:48:46.216+0000] {processor.py:183} INFO - Processing /home/airflow/.local/lib/python3.8/site-packages/airflow/example_dags/example_trigger_controller_dag.py took 0.117 seconds
[2026-05-16T02:49:16.524+0000] {processor.py:161} INFO - Started process (PID=708) to work on /home/airflow/.local/lib/python3.8/site-packages/airflow/example_dags/example_trigger_controller_dag.py
[2026-05-16T02:49:16.526+0000] {processor.py:830} INFO - Processing file /home/airflow/.local/lib/python3.8/site-packages/airflow/example_dags/example_trigger_controller_dag.py for tasks to queue
[2026-05-16T02:49:16.529+0000] {logging_mixin.py:188} INFO - [2026-05-16T02:49:16.529+0000] {dagbag.py:538} INFO - Filling up the DagBag from /home/airflow/.local/lib/python3.8/site-packages/airflow/example_dags/example_trigger_controller_dag.py
[2026-05-16T02:49:16.537+0000] {processor.py:840} INFO - DAG(s) 'example_trigger_controller_dag' retrieved from /home/airflow/.local/lib/python3.8/site-packages/airflow/example_dags/example_trigger_controller_dag.py
[2026-05-16T02:49:16.577+0000] {logging_mixin.py:188} INFO - [2026-05-16T02:49:16.576+0000] {dag.py:3036} INFO - Sync 1 DAGs
[2026-05-16T02:49:16.616+0000] {logging_mixin.py:188} INFO - [2026-05-16T02:49:16.615+0000] {dag.py:3823} INFO - Setting next_dagrun for example_trigger_controller_dag to 2021-01-01 00:00:00+00:00, run_after=2021-01-01 00:00:00+00:00
[2026-05-16T02:49:16.646+0000] {processor.py:183} INFO - Processing /home/airflow/.local/lib/python3.8/site-packages/airflow/example_dags/example_trigger_controller_dag.py took 0.127 seconds
[2026-05-16T02:49:46.794+0000] {processor.py:161} INFO - Started process (PID=773) to work on /home/airflow/.local/lib/python3.8/site-packages/airflow/example_dags/example_trigger_controller_dag.py
[2026-05-16T02:49:46.796+0000] {processor.py:830} INFO - Processing file /home/airflow/.local/lib/python3.8/site-packages/airflow/example_dags/example_trigger_controller_dag.py for tasks to queue
[2026-05-16T02:49:46.799+0000] {logging_mixin.py:188} INFO - [2026-05-16T02:49:46.798+0000] {dagbag.py:538} INFO - Filling up the DagBag from /home/airflow/.local/lib/python3.8/site-packages/airflow/example_dags/example_trigger_controller_dag.py
[2026-05-16T02:49:46.808+0000] {processor.py:840} INFO - DAG(s) 'example_trigger_controller_dag' retrieved from /home/airflow/.local/lib/python3.8/site-packages/airflow/example_dags/example_trigger_controller_dag.py
[2026-05-16T02:49:46.850+0000] {logging_mixin.py:188} INFO - [2026-05-16T02:49:46.849+0000] {dag.py:3036} INFO - Sync 1 DAGs
[2026-05-16T02:49:46.891+0000] {logging_mixin.py:188} INFO - [2026-05-16T02:49:46.891+0000] {dag.py:3823} INFO - Setting next_dagrun for example_trigger_controller_dag to 2021-01-01 00:00:00+00:00, run_after=2021-01-01 00:00:00+00:00
[2026-05-16T02:49:46.927+0000] {processor.py:183} INFO - Processing /home/airflow/.local/lib/python3.8/site-packages/airflow/example_dags/example_trigger_controller_dag.py took 0.139 seconds
[2026-05-16T02:50:17.094+0000] {processor.py:161} INFO - Started process (PID=836) to work on /home/airflow/.local/lib/python3.8/site-packages/airflow/example_dags/example_trigger_controller_dag.py
[2026-05-16T02:50:17.096+0000] {processor.py:830} INFO - Processing file /home/airflow/.local/lib/python3.8/site-packages/airflow/example_dags/example_trigger_controller_dag.py for tasks to queue
[2026-05-16T02:50:17.099+0000] {logging_mixin.py:188} INFO - [2026-05-16T02:50:17.098+0000] {dagbag.py:538} INFO - Filling up the DagBag from /home/airflow/.local/lib/python3.8/site-packages/airflow/example_dags/example_trigger_controller_dag.py
[2026-05-16T02:50:17.106+0000] {processor.py:840} INFO - DAG(s) 'example_trigger_controller_dag' retrieved from /home/airflow/.local/lib/python3.8/site-packages/airflow/example_dags/example_trigger_controller_dag.py
[2026-05-16T02:50:17.138+0000] {logging_mixin.py:188} INFO - [2026-05-16T02:50:17.138+0000] {dag.py:3036} INFO - Sync 1 DAGs
[2026-05-16T02:50:17.179+0000] {logging_mixin.py:188} INFO - [2026-05-16T02:50:17.179+0000] {dag.py:3823} INFO - Setting next_dagrun for example_trigger_controller_dag to 2021-01-01 00:00:00+00:00, run_after=2021-01-01 00:00:00+00:00
[2026-05-16T02:50:17.214+0000] {processor.py:183} INFO - Processing /home/airflow/.local/lib/python3.8/site-packages/airflow/example_dags/example_trigger_controller_dag.py took 0.125 seconds
[2026-05-16T02:50:47.591+0000] {processor.py:161} INFO - Started process (PID=902) to work on /home/airflow/.local/lib/python3.8/site-packages/airflow/example_dags/example_trigger_controller_dag.py
[2026-05-16T02:50:47.592+0000] {processor.py:830} INFO - Processing file /home/airflow/.local/lib/python3.8/site-packages/airflow/example_dags/example_trigger_controller_dag.py for tasks to queue
[2026-05-16T02:50:47.595+0000] {logging_mixin.py:188} INFO - [2026-05-16T02:50:47.594+0000] {dagbag.py:538} INFO - Filling up the DagBag from /home/airflow/.local/lib/python3.8/site-packages/airflow/example_dags/example_trigger_controller_dag.py
[2026-05-16T02:50:47.602+0000] {processor.py:840} INFO - DAG(s) 'example_trigger_controller_dag' retrieved from /home/airflow/.local/lib/python3.8/site-packages/airflow/example_dags/example_trigger_controller_dag.py
[2026-05-16T02:50:47.642+0000] {logging_mixin.py:188} INFO - [2026-05-16T02:50:47.641+0000] {dag.py:3036} INFO - Sync 1 DAGs
[2026-05-16T02:50:47.693+0000] {logging_mixin.py:188} INFO - [2026-05-16T02:50:47.692+0000] {dag.py:3823} INFO - Setting next_dagrun for example_trigger_controller_dag to 2021-01-01 00:00:00+00:00, run_after=2021-01-01 00:00:00+00:00
[2026-05-16T02:50:47.731+0000] {processor.py:183} INFO - Processing /home/airflow/.local/lib/python3.8/site-packages/airflow/example_dags/example_trigger_controller_dag.py took 0.145 seconds
[2026-05-16T02:51:17.855+0000] {processor.py:161} INFO - Started process (PID=965) to work on /home/airflow/.local/lib/python3.8/site-packages/airflow/example_dags/example_trigger_controller_dag.py
[2026-05-16T02:51:17.857+0000] {processor.py:830} INFO - Processing file /home/airflow/.local/lib/python3.8/site-packages/airflow/example_dags/example_trigger_controller_dag.py for tasks to queue
[2026-05-16T02:51:17.860+0000] {logging_mixin.py:188} INFO - [2026-05-16T02:51:17.860+0000] {dagbag.py:538} INFO - Filling up the DagBag from /home/airflow/.local/lib/python3.8/site-packages/airflow/example_dags/example_trigger_controller_dag.py
[2026-05-16T02:51:17.867+0000] {processor.py:840} INFO - DAG(s) 'example_trigger_controller_dag' retrieved from /home/airflow/.local/lib/python3.8/site-packages/airflow/example_dags/example_trigger_controller_dag.py
[2026-05-16T02:51:17.898+0000] {logging_mixin.py:188} INFO - [2026-05-16T02:51:17.898+0000] {dag.py:3036} INFO - Sync 1 DAGs
[2026-05-16T02:51:17.936+0000] {logging_mixin.py:188} INFO - [2026-05-16T02:51:17.936+0000] {dag.py:3823} INFO - Setting next_dagrun for example_trigger_controller_dag to 2021-01-01 00:00:00+00:00, run_after=2021-01-01 00:00:00+00:00
[2026-05-16T02:51:17.966+0000] {processor.py:183} INFO - Processing /home/airflow/.local/lib/python3.8/site-packages/airflow/example_dags/example_trigger_controller_dag.py took 0.116 seconds
[2026-05-16T02:51:48.104+0000] {processor.py:161} INFO - Started process (PID=1030) to work on /home/airflow/.local/lib/python3.8/site-packages/airflow/example_dags/example_trigger_controller_dag.py
[2026-05-16T02:51:48.105+0000] {processor.py:830} INFO - Processing file /home/airflow/.local/lib/python3.8/site-packages/airflow/example_dags/example_trigger_controller_dag.py for tasks to queue
[2026-05-16T02:51:48.108+0000] {logging_mixin.py:188} INFO - [2026-05-16T02:51:48.107+0000] {dagbag.py:538} INFO - Filling up the DagBag from /home/airflow/.local/lib/python3.8/site-packages/airflow/example_dags/example_trigger_controller_dag.py
[2026-05-16T02:51:48.114+0000] {processor.py:840} INFO - DAG(s) 'example_trigger_controller_dag' retrieved from /home/airflow/.local/lib/python3.8/site-packages/airflow/example_dags/example_trigger_controller_dag.py
[2026-05-16T02:51:48.150+0000] {logging_mixin.py:188} INFO - [2026-05-16T02:51:48.149+0000] {dag.py:3036} INFO - Sync 1 DAGs
[2026-05-16T02:51:48.187+0000] {logging_mixin.py:188} INFO - [2026-05-16T02:51:48.187+0000] {dag.py:3823} INFO - Setting next_dagrun for example_trigger_controller_dag to 2021-01-01 00:00:00+00:00, run_after=2021-01-01 00:00:00+00:00
[2026-05-16T02:51:48.218+0000] {processor.py:183} INFO - Processing /home/airflow/.local/lib/python3.8/site-packages/airflow/example_dags/example_trigger_controller_dag.py took 0.120 seconds
[2026-05-16T02:52:18.374+0000] {processor.py:161} INFO - Started process (PID=1103) to work on /home/airflow/.local/lib/python3.8/site-packages/airflow/example_dags/example_trigger_controller_dag.py
[2026-05-16T02:52:18.376+0000] {processor.py:830} INFO - Processing file /home/airflow/.local/lib/python3.8/site-packages/airflow/example_dags/example_trigger_controller_dag.py for tasks to queue
[2026-05-16T02:52:18.379+0000] {logging_mixin.py:188} INFO - [2026-05-16T02:52:18.379+0000] {dagbag.py:538} INFO - Filling up the DagBag from /home/airflow/.local/lib/python3.8/site-packages/airflow/example_dags/example_trigger_controller_dag.py
[2026-05-16T02:52:18.386+0000] {processor.py:840} INFO - DAG(s) 'example_trigger_controller_dag' retrieved from /home/airflow/.local/lib/python3.8/site-packages/airflow/example_dags/example_trigger_controller_dag.py
[2026-05-16T02:52:18.426+0000] {logging_mixin.py:188} INFO - [2026-05-16T02:52:18.425+0000] {dag.py:3036} INFO - Sync 1 DAGs
[2026-05-16T02:52:18.468+0000] {logging_mixin.py:188} INFO - [2026-05-16T02:52:18.467+0000] {dag.py:3823} INFO - Setting next_dagrun for example_trigger_controller_dag to 2021-01-01 00:00:00+00:00, run_after=2021-01-01 00:00:00+00:00
[2026-05-16T02:52:18.502+0000] {processor.py:183} INFO - Processing /home/airflow/.local/lib/python3.8/site-packages/airflow/example_dags/example_trigger_controller_dag.py took 0.133 seconds
[2026-05-16T02:52:48.860+0000] {processor.py:161} INFO - Started process (PID=1169) to work on /home/airflow/.local/lib/python3.8/site-packages/airflow/example_dags/example_trigger_controller_dag.py
[2026-05-16T02:52:48.861+0000] {processor.py:830} INFO - Processing file /home/airflow/.local/lib/python3.8/site-packages/airflow/example_dags/example_trigger_controller_dag.py for tasks to queue
[2026-05-16T02:52:48.864+0000] {logging_mixin.py:188} INFO - [2026-05-16T02:52:48.863+0000] {dagbag.py:538} INFO - Filling up the DagBag from /home/airflow/.local/lib/python3.8/site-packages/airflow/example_dags/example_trigger_controller_dag.py
[2026-05-16T02:52:48.871+0000] {processor.py:840} INFO - DAG(s) 'example_trigger_controller_dag' retrieved from /home/airflow/.local/lib/python3.8/site-packages/airflow/example_dags/example_trigger_controller_dag.py
[2026-05-16T02:52:48.907+0000] {logging_mixin.py:188} INFO - [2026-05-16T02:52:48.907+0000] {dag.py:3036} INFO - Sync 1 DAGs
[2026-05-16T02:52:48.950+0000] {logging_mixin.py:188} INFO - [2026-05-16T02:52:48.949+0000] {dag.py:3823} INFO - Setting next_dagrun for example_trigger_controller_dag to 2021-01-01 00:00:00+00:00, run_after=2021-01-01 00:00:00+00:00
[2026-05-16T02:52:48.985+0000] {processor.py:183} INFO - Processing /home/airflow/.local/lib/python3.8/site-packages/airflow/example_dags/example_trigger_controller_dag.py took 0.130 seconds
[2026-05-16T02:53:19.278+0000] {processor.py:161} INFO - Started process (PID=1234) to work on /home/airflow/.local/lib/python3.8/site-packages/airflow/example_dags/example_trigger_controller_dag.py
[2026-05-16T02:53:19.281+0000] {processor.py:830} INFO - Processing file /home/airflow/.local/lib/python3.8/site-packages/airflow/example_dags/example_trigger_controller_dag.py for tasks to queue
[2026-05-16T02:53:19.286+0000] {logging_mixin.py:188} INFO - [2026-05-16T02:53:19.285+0000] {dagbag.py:538} INFO - Filling up the DagBag from /home/airflow/.local/lib/python3.8/site-packages/airflow/example_dags/example_trigger_controller_dag.py
[2026-05-16T02:53:19.304+0000] {processor.py:840} INFO - DAG(s) 'example_trigger_controller_dag' retrieved from /home/airflow/.local/lib/python3.8/site-packages/airflow/example_dags/example_trigger_controller_dag.py
[2026-05-16T02:53:19.395+0000] {logging_mixin.py:188} INFO - [2026-05-16T02:53:19.394+0000] {dag.py:3036} INFO - Sync 1 DAGs
[2026-05-16T02:53:19.441+0000] {logging_mixin.py:188} INFO - [2026-05-16T02:53:19.440+0000] {dag.py:3823} INFO - Setting next_dagrun for example_trigger_controller_dag to 2021-01-01 00:00:00+00:00, run_after=2021-01-01 00:00:00+00:00
[2026-05-16T02:53:19.478+0000] {processor.py:183} INFO - Processing /home/airflow/.local/lib/python3.8/site-packages/airflow/example_dags/example_trigger_controller_dag.py took 0.215 seconds
[2026-05-16T02:53:49.555+0000] {processor.py:161} INFO - Started process (PID=1298) to work on /home/airflow/.local/lib/python3.8/site-packages/airflow/example_dags/example_trigger_controller_dag.py
[2026-05-16T02:53:49.556+0000] {processor.py:830} INFO - Processing file /home/airflow/.local/lib/python3.8/site-packages/airflow/example_dags/example_trigger_controller_dag.py for tasks to queue
[2026-05-16T02:53:49.559+0000] {logging_mixin.py:188} INFO - [2026-05-16T02:53:49.558+0000] {dagbag.py:538} INFO - Filling up the DagBag from /home/airflow/.local/lib/python3.8/site-packages/airflow/example_dags/example_trigger_controller_dag.py
[2026-05-16T02:53:49.567+0000] {processor.py:840} INFO - DAG(s) 'example_trigger_controller_dag' retrieved from /home/airflow/.local/lib/python3.8/site-packages/airflow/example_dags/example_trigger_controller_dag.py
[2026-05-16T02:53:49.604+0000] {logging_mixin.py:188} INFO - [2026-05-16T02:53:49.604+0000] {dag.py:3036} INFO - Sync 1 DAGs
[2026-05-16T02:53:49.647+0000] {logging_mixin.py:188} INFO - [2026-05-16T02:53:49.647+0000] {dag.py:3823} INFO - Setting next_dagrun for example_trigger_controller_dag to 2021-01-01 00:00:00+00:00, run_after=2021-01-01 00:00:00+00:00
[2026-05-16T02:53:49.682+0000] {processor.py:183} INFO - Processing /home/airflow/.local/lib/python3.8/site-packages/airflow/example_dags/example_trigger_controller_dag.py took 0.132 seconds
[2026-05-16T02:54:20.160+0000] {processor.py:161} INFO - Started process (PID=1363) to work on /home/airflow/.local/lib/python3.8/site-packages/airflow/example_dags/example_trigger_controller_dag.py
[2026-05-16T02:54:20.162+0000] {processor.py:830} INFO - Processing file /home/airflow/.local/lib/python3.8/site-packages/airflow/example_dags/example_trigger_controller_dag.py for tasks to queue
[2026-05-16T02:54:20.166+0000] {logging_mixin.py:188} INFO - [2026-05-16T02:54:20.165+0000] {dagbag.py:538} INFO - Filling up the DagBag from /home/airflow/.local/lib/python3.8/site-packages/airflow/example_dags/example_trigger_controller_dag.py
[2026-05-16T02:54:20.175+0000] {processor.py:840} INFO - DAG(s) 'example_trigger_controller_dag' retrieved from /home/airflow/.local/lib/python3.8/site-packages/airflow/example_dags/example_trigger_controller_dag.py
[2026-05-16T02:54:20.235+0000] {logging_mixin.py:188} INFO - [2026-05-16T02:54:20.234+0000] {dag.py:3036} INFO - Sync 1 DAGs
[2026-05-16T02:54:20.290+0000] {logging_mixin.py:188} INFO - [2026-05-16T02:54:20.290+0000] {dag.py:3823} INFO - Setting next_dagrun for example_trigger_controller_dag to 2021-01-01 00:00:00+00:00, run_after=2021-01-01 00:00:00+00:00
[2026-05-16T02:54:20.331+0000] {processor.py:183} INFO - Processing /home/airflow/.local/lib/python3.8/site-packages/airflow/example_dags/example_trigger_controller_dag.py took 0.178 seconds
[2026-05-16T02:54:50.518+0000] {processor.py:161} INFO - Started process (PID=1428) to work on /home/airflow/.local/lib/python3.8/site-packages/airflow/example_dags/example_trigger_controller_dag.py
[2026-05-16T02:54:50.520+0000] {processor.py:830} INFO - Processing file /home/airflow/.local/lib/python3.8/site-packages/airflow/example_dags/example_trigger_controller_dag.py for tasks to queue
[2026-05-16T02:54:50.523+0000] {logging_mixin.py:188} INFO - [2026-05-16T02:54:50.523+0000] {dagbag.py:538} INFO - Filling up the DagBag from /home/airflow/.local/lib/python3.8/site-packages/airflow/example_dags/example_trigger_controller_dag.py
[2026-05-16T02:54:50.530+0000] {processor.py:840} INFO - DAG(s) 'example_trigger_controller_dag' retrieved from /home/airflow/.local/lib/python3.8/site-packages/airflow/example_dags/example_trigger_controller_dag.py
[2026-05-16T02:54:50.566+0000] {logging_mixin.py:188} INFO - [2026-05-16T02:54:50.566+0000] {dag.py:3036} INFO - Sync 1 DAGs
[2026-05-16T02:54:50.605+0000] {logging_mixin.py:188} INFO - [2026-05-16T02:54:50.605+0000] {dag.py:3823} INFO - Setting next_dagrun for example_trigger_controller_dag to 2021-01-01 00:00:00+00:00, run_after=2021-01-01 00:00:00+00:00
[2026-05-16T02:54:50.637+0000] {processor.py:183} INFO - Processing /home/airflow/.local/lib/python3.8/site-packages/airflow/example_dags/example_trigger_controller_dag.py took 0.124 seconds
[2026-05-16T02:55:20.862+0000] {processor.py:161} INFO - Started process (PID=1494) to work on /home/airflow/.local/lib/python3.8/site-packages/airflow/example_dags/example_trigger_controller_dag.py
[2026-05-16T02:55:20.864+0000] {processor.py:830} INFO - Processing file /home/airflow/.local/lib/python3.8/site-packages/airflow/example_dags/example_trigger_controller_dag.py for tasks to queue
[2026-05-16T02:55:20.867+0000] {logging_mixin.py:188} INFO - [2026-05-16T02:55:20.866+0000] {dagbag.py:538} INFO - Filling up the DagBag from /home/airflow/.local/lib/python3.8/site-packages/airflow/example_dags/example_trigger_controller_dag.py
[2026-05-16T02:55:20.874+0000] {processor.py:840} INFO - DAG(s) 'example_trigger_controller_dag' retrieved from /home/airflow/.local/lib/python3.8/site-packages/airflow/example_dags/example_trigger_controller_dag.py
[2026-05-16T02:55:20.911+0000] {logging_mixin.py:188} INFO - [2026-05-16T02:55:20.911+0000] {dag.py:3036} INFO - Sync 1 DAGs
[2026-05-16T02:55:20.954+0000] {logging_mixin.py:188} INFO - [2026-05-16T02:55:20.954+0000] {dag.py:3823} INFO - Setting next_dagrun for example_trigger_controller_dag to 2021-01-01 00:00:00+00:00, run_after=2021-01-01 00:00:00+00:00
[2026-05-16T02:55:20.987+0000] {processor.py:183} INFO - Processing /home/airflow/.local/lib/python3.8/site-packages/airflow/example_dags/example_trigger_controller_dag.py took 0.130 seconds
[2026-05-16T02:55:51.323+0000] {processor.py:161} INFO - Started process (PID=1560) to work on /home/airflow/.local/lib/python3.8/site-packages/airflow/example_dags/example_trigger_controller_dag.py
[2026-05-16T02:55:51.324+0000] {processor.py:830} INFO - Processing file /home/airflow/.local/lib/python3.8/site-packages/airflow/example_dags/example_trigger_controller_dag.py for tasks to queue
[2026-05-16T02:55:51.327+0000] {logging_mixin.py:188} INFO - [2026-05-16T02:55:51.326+0000] {dagbag.py:538} INFO - Filling up the DagBag from /home/airflow/.local/lib/python3.8/site-packages/airflow/example_dags/example_trigger_controller_dag.py
[2026-05-16T02:55:51.333+0000] {processor.py:840} INFO - DAG(s) 'example_trigger_controller_dag' retrieved from /home/airflow/.local/lib/python3.8/site-packages/airflow/example_dags/example_trigger_controller_dag.py
[2026-05-16T02:55:51.368+0000] {logging_mixin.py:188} INFO - [2026-05-16T02:55:51.368+0000] {dag.py:3036} INFO - Sync 1 DAGs
[2026-05-16T02:55:51.407+0000] {logging_mixin.py:188} INFO - [2026-05-16T02:55:51.407+0000] {dag.py:3823} INFO - Setting next_dagrun for example_trigger_controller_dag to 2021-01-01 00:00:00+00:00, run_after=2021-01-01 00:00:00+00:00
[2026-05-16T02:55:51.434+0000] {processor.py:183} INFO - Processing /home/airflow/.local/lib/python3.8/site-packages/airflow/example_dags/example_trigger_controller_dag.py took 0.116 seconds
[2026-05-16T02:56:22.047+0000] {processor.py:161} INFO - Started process (PID=1622) to work on /home/airflow/.local/lib/python3.8/site-packages/airflow/example_dags/example_trigger_controller_dag.py
[2026-05-16T02:56:22.049+0000] {processor.py:830} INFO - Processing file /home/airflow/.local/lib/python3.8/site-packages/airflow/example_dags/example_trigger_controller_dag.py for tasks to queue
[2026-05-16T02:56:22.052+0000] {logging_mixin.py:188} INFO - [2026-05-16T02:56:22.052+0000] {dagbag.py:538} INFO - Filling up the DagBag from /home/airflow/.local/lib/python3.8/site-packages/airflow/example_dags/example_trigger_controller_dag.py
[2026-05-16T02:56:22.060+0000] {processor.py:840} INFO - DAG(s) 'example_trigger_controller_dag' retrieved from /home/airflow/.local/lib/python3.8/site-packages/airflow/example_dags/example_trigger_controller_dag.py
[2026-05-16T02:56:22.098+0000] {logging_mixin.py:188} INFO - [2026-05-16T02:56:22.098+0000] {dag.py:3036} INFO - Sync 1 DAGs
[2026-05-16T02:56:22.136+0000] {logging_mixin.py:188} INFO - [2026-05-16T02:56:22.136+0000] {dag.py:3823} INFO - Setting next_dagrun for example_trigger_controller_dag to 2021-01-01 00:00:00+00:00, run_after=2021-01-01 00:00:00+00:00
[2026-05-16T02:56:22.168+0000] {processor.py:183} INFO - Processing /home/airflow/.local/lib/python3.8/site-packages/airflow/example_dags/example_trigger_controller_dag.py took 0.127 seconds
[2026-05-16T02:56:52.385+0000] {processor.py:161} INFO - Started process (PID=1688) to work on /home/airflow/.local/lib/python3.8/site-packages/airflow/example_dags/example_trigger_controller_dag.py
[2026-05-16T02:56:52.387+0000] {processor.py:830} INFO - Processing file /home/airflow/.local/lib/python3.8/site-packages/airflow/example_dags/example_trigger_controller_dag.py for tasks to queue
[2026-05-16T02:56:52.389+0000] {logging_mixin.py:188} INFO - [2026-05-16T02:56:52.389+0000] {dagbag.py:538} INFO - Filling up the DagBag from /home/airflow/.local/lib/python3.8/site-packages/airflow/example_dags/example_trigger_controller_dag.py
[2026-05-16T02:56:52.397+0000] {processor.py:840} INFO - DAG(s) 'example_trigger_controller_dag' retrieved from /home/airflow/.local/lib/python3.8/site-packages/airflow/example_dags/example_trigger_controller_dag.py
[2026-05-16T02:56:52.438+0000] {logging_mixin.py:188} INFO - [2026-05-16T02:56:52.437+0000] {dag.py:3036} INFO - Sync 1 DAGs
[2026-05-16T02:56:52.478+0000] {logging_mixin.py:188} INFO - [2026-05-16T02:56:52.478+0000] {dag.py:3823} INFO - Setting next_dagrun for example_trigger_controller_dag to 2021-01-01 00:00:00+00:00, run_after=2021-01-01 00:00:00+00:00
[2026-05-16T02:56:52.517+0000] {processor.py:183} INFO - Processing /home/airflow/.local/lib/python3.8/site-packages/airflow/example_dags/example_trigger_controller_dag.py took 0.138 seconds
[2026-05-16T02:57:22.685+0000] {processor.py:161} INFO - Started process (PID=1753) to work on /home/airflow/.local/lib/python3.8/site-packages/airflow/example_dags/example_trigger_controller_dag.py
[2026-05-16T02:57:22.687+0000] {processor.py:830} INFO - Processing file /home/airflow/.local/lib/python3.8/site-packages/airflow/example_dags/example_trigger_controller_dag.py for tasks to queue
[2026-05-16T02:57:22.689+0000] {logging_mixin.py:188} INFO - [2026-05-16T02:57:22.689+0000] {dagbag.py:538} INFO - Filling up the DagBag from /home/airflow/.local/lib/python3.8/site-packages/airflow/example_dags/example_trigger_controller_dag.py
[2026-05-16T02:57:22.696+0000] {processor.py:840} INFO - DAG(s) 'example_trigger_controller_dag' retrieved from /home/airflow/.local/lib/python3.8/site-packages/airflow/example_dags/example_trigger_controller_dag.py
[2026-05-16T02:57:22.729+0000] {logging_mixin.py:188} INFO - [2026-05-16T02:57:22.729+0000] {dag.py:3036} INFO - Sync 1 DAGs
[2026-05-16T02:57:22.766+0000] {logging_mixin.py:188} INFO - [2026-05-16T02:57:22.766+0000] {dag.py:3823} INFO - Setting next_dagrun for example_trigger_controller_dag to 2021-01-01 00:00:00+00:00, run_after=2021-01-01 00:00:00+00:00
[2026-05-16T02:57:22.796+0000] {processor.py:183} INFO - Processing /home/airflow/.local/lib/python3.8/site-packages/airflow/example_dags/example_trigger_controller_dag.py took 0.117 seconds
[2026-05-16T02:57:53.204+0000] {processor.py:161} INFO - Started process (PID=1819) to work on /home/airflow/.local/lib/python3.8/site-packages/airflow/example_dags/example_trigger_controller_dag.py
[2026-05-16T02:57:53.206+0000] {processor.py:830} INFO - Processing file /home/airflow/.local/lib/python3.8/site-packages/airflow/example_dags/example_trigger_controller_dag.py for tasks to queue
[2026-05-16T02:57:53.208+0000] {logging_mixin.py:188} INFO - [2026-05-16T02:57:53.208+0000] {dagbag.py:538} INFO - Filling up the DagBag from /home/airflow/.local/lib/python3.8/site-packages/airflow/example_dags/example_trigger_controller_dag.py
[2026-05-16T02:57:53.216+0000] {processor.py:840} INFO - DAG(s) 'example_trigger_controller_dag' retrieved from /home/airflow/.local/lib/python3.8/site-packages/airflow/example_dags/example_trigger_controller_dag.py
[2026-05-16T02:57:53.248+0000] {logging_mixin.py:188} INFO - [2026-05-16T02:57:53.248+0000] {dag.py:3036} INFO - Sync 1 DAGs
[2026-05-16T02:57:53.287+0000] {logging_mixin.py:188} INFO - [2026-05-16T02:57:53.287+0000] {dag.py:3823} INFO - Setting next_dagrun for example_trigger_controller_dag to 2021-01-01 00:00:00+00:00, run_after=2021-01-01 00:00:00+00:00
[2026-05-16T02:57:53.324+0000] {processor.py:183} INFO - Processing /home/airflow/.local/lib/python3.8/site-packages/airflow/example_dags/example_trigger_controller_dag.py took 0.125 seconds
[2026-05-16T02:58:23.482+0000] {processor.py:161} INFO - Started process (PID=1885) to work on /home/airflow/.local/lib/python3.8/site-packages/airflow/example_dags/example_trigger_controller_dag.py
[2026-05-16T02:58:23.484+0000] {processor.py:830} INFO - Processing file /home/airflow/.local/lib/python3.8/site-packages/airflow/example_dags/example_trigger_controller_dag.py for tasks to queue
[2026-05-16T02:58:23.487+0000] {logging_mixin.py:188} INFO - [2026-05-16T02:58:23.486+0000] {dagbag.py:538} INFO - Filling up the DagBag from /home/airflow/.local/lib/python3.8/site-packages/airflow/example_dags/example_trigger_controller_dag.py
[2026-05-16T02:58:23.494+0000] {processor.py:840} INFO - DAG(s) 'example_trigger_controller_dag' retrieved from /home/airflow/.local/lib/python3.8/site-packages/airflow/example_dags/example_trigger_controller_dag.py
[2026-05-16T02:58:23.535+0000] {logging_mixin.py:188} INFO - [2026-05-16T02:58:23.534+0000] {dag.py:3036} INFO - Sync 1 DAGs
[2026-05-16T02:58:23.577+0000] {logging_mixin.py:188} INFO - [2026-05-16T02:58:23.577+0000] {dag.py:3823} INFO - Setting next_dagrun for example_trigger_controller_dag to 2021-01-01 00:00:00+00:00, run_after=2021-01-01 00:00:00+00:00
[2026-05-16T02:58:23.612+0000] {processor.py:183} INFO - Processing /home/airflow/.local/lib/python3.8/site-packages/airflow/example_dags/example_trigger_controller_dag.py took 0.135 seconds
[2026-05-16T02:58:53.702+0000] {processor.py:161} INFO - Started process (PID=1957) to work on /home/airflow/.local/lib/python3.8/site-packages/airflow/example_dags/example_trigger_controller_dag.py
[2026-05-16T02:58:53.704+0000] {processor.py:830} INFO - Processing file /home/airflow/.local/lib/python3.8/site-packages/airflow/example_dags/example_trigger_controller_dag.py for tasks to queue
[2026-05-16T02:58:53.707+0000] {logging_mixin.py:188} INFO - [2026-05-16T02:58:53.706+0000] {dagbag.py:538} INFO - Filling up the DagBag from /home/airflow/.local/lib/python3.8/site-packages/airflow/example_dags/example_trigger_controller_dag.py
[2026-05-16T02:58:53.714+0000] {processor.py:840} INFO - DAG(s) 'example_trigger_controller_dag' retrieved from /home/airflow/.local/lib/python3.8/site-packages/airflow/example_dags/example_trigger_controller_dag.py
[2026-05-16T02:58:53.756+0000] {logging_mixin.py:188} INFO - [2026-05-16T02:58:53.755+0000] {dag.py:3036} INFO - Sync 1 DAGs
[2026-05-16T02:58:53.801+0000] {logging_mixin.py:188} INFO - [2026-05-16T02:58:53.801+0000] {dag.py:3823} INFO - Setting next_dagrun for example_trigger_controller_dag to 2021-01-01 00:00:00+00:00, run_after=2021-01-01 00:00:00+00:00
[2026-05-16T02:58:53.835+0000] {processor.py:183} INFO - Processing /home/airflow/.local/lib/python3.8/site-packages/airflow/example_dags/example_trigger_controller_dag.py took 0.138 seconds
[2026-05-16T02:59:24.087+0000] {processor.py:161} INFO - Started process (PID=2022) to work on /home/airflow/.local/lib/python3.8/site-packages/airflow/example_dags/example_trigger_controller_dag.py
[2026-05-16T02:59:24.090+0000] {processor.py:830} INFO - Processing file /home/airflow/.local/lib/python3.8/site-packages/airflow/example_dags/example_trigger_controller_dag.py for tasks to queue
[2026-05-16T02:59:24.093+0000] {logging_mixin.py:188} INFO - [2026-05-16T02:59:24.093+0000] {dagbag.py:538} INFO - Filling up the DagBag from /home/airflow/.local/lib/python3.8/site-packages/airflow/example_dags/example_trigger_controller_dag.py
[2026-05-16T02:59:24.101+0000] {processor.py:840} INFO - DAG(s) 'example_trigger_controller_dag' retrieved from /home/airflow/.local/lib/python3.8/site-packages/airflow/example_dags/example_trigger_controller_dag.py
[2026-05-16T02:59:24.143+0000] {logging_mixin.py:188} INFO - [2026-05-16T02:59:24.142+0000] {dag.py:3036} INFO - Sync 1 DAGs
[2026-05-16T02:59:24.192+0000] {logging_mixin.py:188} INFO - [2026-05-16T02:59:24.192+0000] {dag.py:3823} INFO - Setting next_dagrun for example_trigger_controller_dag to 2021-01-01 00:00:00+00:00, run_after=2021-01-01 00:00:00+00:00
[2026-05-16T02:59:24.226+0000] {processor.py:183} INFO - Processing /home/airflow/.local/lib/python3.8/site-packages/airflow/example_dags/example_trigger_controller_dag.py took 0.145 seconds
[2026-05-16T02:59:54.889+0000] {processor.py:161} INFO - Started process (PID=2087) to work on /home/airflow/.local/lib/python3.8/site-packages/airflow/example_dags/example_trigger_controller_dag.py
[2026-05-16T02:59:54.891+0000] {processor.py:830} INFO - Processing file /home/airflow/.local/lib/python3.8/site-packages/airflow/example_dags/example_trigger_controller_dag.py for tasks to queue
[2026-05-16T02:59:54.894+0000] {logging_mixin.py:188} INFO - [2026-05-16T02:59:54.893+0000] {dagbag.py:538} INFO - Filling up the DagBag from /home/airflow/.local/lib/python3.8/site-packages/airflow/example_dags/example_trigger_controller_dag.py
[2026-05-16T02:59:54.902+0000] {processor.py:840} INFO - DAG(s) 'example_trigger_controller_dag' retrieved from /home/airflow/.local/lib/python3.8/site-packages/airflow/example_dags/example_trigger_controller_dag.py
[2026-05-16T02:59:54.941+0000] {logging_mixin.py:188} INFO - [2026-05-16T02:59:54.941+0000] {dag.py:3036} INFO - Sync 1 DAGs
[2026-05-16T02:59:54.978+0000] {logging_mixin.py:188} INFO - [2026-05-16T02:59:54.978+0000] {dag.py:3823} INFO - Setting next_dagrun for example_trigger_controller_dag to 2021-01-01 00:00:00+00:00, run_after=2021-01-01 00:00:00+00:00
[2026-05-16T02:59:55.011+0000] {processor.py:183} INFO - Processing /home/airflow/.local/lib/python3.8/site-packages/airflow/example_dags/example_trigger_controller_dag.py took 0.127 seconds
[2026-05-16T03:00:25.497+0000] {processor.py:161} INFO - Started process (PID=2152) to work on /home/airflow/.local/lib/python3.8/site-packages/airflow/example_dags/example_trigger_controller_dag.py
[2026-05-16T03:00:25.499+0000] {processor.py:830} INFO - Processing file /home/airflow/.local/lib/python3.8/site-packages/airflow/example_dags/example_trigger_controller_dag.py for tasks to queue
[2026-05-16T03:00:25.502+0000] {logging_mixin.py:188} INFO - [2026-05-16T03:00:25.502+0000] {dagbag.py:538} INFO - Filling up the DagBag from /home/airflow/.local/lib/python3.8/site-packages/airflow/example_dags/example_trigger_controller_dag.py
[2026-05-16T03:00:25.510+0000] {processor.py:840} INFO - DAG(s) 'example_trigger_controller_dag' retrieved from /home/airflow/.local/lib/python3.8/site-packages/airflow/example_dags/example_trigger_controller_dag.py
[2026-05-16T03:00:25.551+0000] {logging_mixin.py:188} INFO - [2026-05-16T03:00:25.551+0000] {dag.py:3036} INFO - Sync 1 DAGs
[2026-05-16T03:00:25.595+0000] {logging_mixin.py:188} INFO - [2026-05-16T03:00:25.595+0000] {dag.py:3823} INFO - Setting next_dagrun for example_trigger_controller_dag to 2021-01-01 00:00:00+00:00, run_after=2021-01-01 00:00:00+00:00
[2026-05-16T03:00:25.631+0000] {processor.py:183} INFO - Processing /home/airflow/.local/lib/python3.8/site-packages/airflow/example_dags/example_trigger_controller_dag.py took 0.140 seconds
[2026-05-16T03:00:56.040+0000] {processor.py:161} INFO - Started process (PID=2217) to work on /home/airflow/.local/lib/python3.8/site-packages/airflow/example_dags/example_trigger_controller_dag.py
[2026-05-16T03:00:56.041+0000] {processor.py:830} INFO - Processing file /home/airflow/.local/lib/python3.8/site-packages/airflow/example_dags/example_trigger_controller_dag.py for tasks to queue
[2026-05-16T03:00:56.045+0000] {logging_mixin.py:188} INFO - [2026-05-16T03:00:56.044+0000] {dagbag.py:538} INFO - Filling up the DagBag from /home/airflow/.local/lib/python3.8/site-packages/airflow/example_dags/example_trigger_controller_dag.py
[2026-05-16T03:00:56.052+0000] {processor.py:840} INFO - DAG(s) 'example_trigger_controller_dag' retrieved from /home/airflow/.local/lib/python3.8/site-packages/airflow/example_dags/example_trigger_controller_dag.py
[2026-05-16T03:00:56.089+0000] {logging_mixin.py:188} INFO - [2026-05-16T03:00:56.088+0000] {dag.py:3036} INFO - Sync 1 DAGs
[2026-05-16T03:00:56.130+0000] {logging_mixin.py:188} INFO - [2026-05-16T03:00:56.130+0000] {dag.py:3823} INFO - Setting next_dagrun for example_trigger_controller_dag to 2021-01-01 00:00:00+00:00, run_after=2021-01-01 00:00:00+00:00
[2026-05-16T03:00:56.165+0000] {processor.py:183} INFO - Processing /home/airflow/.local/lib/python3.8/site-packages/airflow/example_dags/example_trigger_controller_dag.py took 0.130 seconds
[2026-05-16T03:01:26.470+0000] {processor.py:161} INFO - Started process (PID=2282) to work on /home/airflow/.local/lib/python3.8/site-packages/airflow/example_dags/example_trigger_controller_dag.py
[2026-05-16T03:01:26.473+0000] {processor.py:830} INFO - Processing file /home/airflow/.local/lib/python3.8/site-packages/airflow/example_dags/example_trigger_controller_dag.py for tasks to queue
[2026-05-16T03:01:26.476+0000] {logging_mixin.py:188} INFO - [2026-05-16T03:01:26.476+0000] {dagbag.py:538} INFO - Filling up the DagBag from /home/airflow/.local/lib/python3.8/site-packages/airflow/example_dags/example_trigger_controller_dag.py
[2026-05-16T03:01:26.486+0000] {processor.py:840} INFO - DAG(s) 'example_trigger_controller_dag' retrieved from /home/airflow/.local/lib/python3.8/site-packages/airflow/example_dags/example_trigger_controller_dag.py
[2026-05-16T03:01:26.521+0000] {logging_mixin.py:188} INFO - [2026-05-16T03:01:26.520+0000] {dag.py:3036} INFO - Sync 1 DAGs
[2026-05-16T03:01:26.560+0000] {logging_mixin.py:188} INFO - [2026-05-16T03:01:26.560+0000] {dag.py:3823} INFO - Setting next_dagrun for example_trigger_controller_dag to 2021-01-01 00:00:00+00:00, run_after=2021-01-01 00:00:00+00:00
[2026-05-16T03:01:26.593+0000] {processor.py:183} INFO - Processing /home/airflow/.local/lib/python3.8/site-packages/airflow/example_dags/example_trigger_controller_dag.py took 0.128 seconds
[2026-05-16T03:01:57.125+0000] {processor.py:161} INFO - Started process (PID=2348) to work on /home/airflow/.local/lib/python3.8/site-packages/airflow/example_dags/example_trigger_controller_dag.py
[2026-05-16T03:01:57.127+0000] {processor.py:830} INFO - Processing file /home/airflow/.local/lib/python3.8/site-packages/airflow/example_dags/example_trigger_controller_dag.py for tasks to queue
[2026-05-16T03:01:57.129+0000] {logging_mixin.py:188} INFO - [2026-05-16T03:01:57.129+0000] {dagbag.py:538} INFO - Filling up the DagBag from /home/airflow/.local/lib/python3.8/site-packages/airflow/example_dags/example_trigger_controller_dag.py
[2026-05-16T03:01:57.137+0000] {processor.py:840} INFO - DAG(s) 'example_trigger_controller_dag' retrieved from /home/airflow/.local/lib/python3.8/site-packages/airflow/example_dags/example_trigger_controller_dag.py
[2026-05-16T03:01:57.177+0000] {logging_mixin.py:188} INFO - [2026-05-16T03:01:57.177+0000] {dag.py:3036} INFO - Sync 1 DAGs
[2026-05-16T03:01:57.220+0000] {logging_mixin.py:188} INFO - [2026-05-16T03:01:57.220+0000] {dag.py:3823} INFO - Setting next_dagrun for example_trigger_controller_dag to 2021-01-01 00:00:00+00:00, run_after=2021-01-01 00:00:00+00:00
[2026-05-16T03:01:57.253+0000] {processor.py:183} INFO - Processing /home/airflow/.local/lib/python3.8/site-packages/airflow/example_dags/example_trigger_controller_dag.py took 0.134 seconds
[2026-05-16T03:02:27.859+0000] {processor.py:161} INFO - Started process (PID=2413) to work on /home/airflow/.local/lib/python3.8/site-packages/airflow/example_dags/example_trigger_controller_dag.py
[2026-05-16T03:02:27.860+0000] {processor.py:830} INFO - Processing file /home/airflow/.local/lib/python3.8/site-packages/airflow/example_dags/example_trigger_controller_dag.py for tasks to queue
[2026-05-16T03:02:27.863+0000] {logging_mixin.py:188} INFO - [2026-05-16T03:02:27.863+0000] {dagbag.py:538} INFO - Filling up the DagBag from /home/airflow/.local/lib/python3.8/site-packages/airflow/example_dags/example_trigger_controller_dag.py
[2026-05-16T03:02:27.871+0000] {processor.py:840} INFO - DAG(s) 'example_trigger_controller_dag' retrieved from /home/airflow/.local/lib/python3.8/site-packages/airflow/example_dags/example_trigger_controller_dag.py
[2026-05-16T03:02:27.908+0000] {logging_mixin.py:188} INFO - [2026-05-16T03:02:27.908+0000] {dag.py:3036} INFO - Sync 1 DAGs
[2026-05-16T03:02:27.951+0000] {logging_mixin.py:188} INFO - [2026-05-16T03:02:27.951+0000] {dag.py:3823} INFO - Setting next_dagrun for example_trigger_controller_dag to 2021-01-01 00:00:00+00:00, run_after=2021-01-01 00:00:00+00:00
[2026-05-16T03:02:27.981+0000] {processor.py:183} INFO - Processing /home/airflow/.local/lib/python3.8/site-packages/airflow/example_dags/example_trigger_controller_dag.py took 0.127 seconds
[2026-05-16T03:02:58.588+0000] {processor.py:161} INFO - Started process (PID=2479) to work on /home/airflow/.local/lib/python3.8/site-packages/airflow/example_dags/example_trigger_controller_dag.py
[2026-05-16T03:02:58.590+0000] {processor.py:830} INFO - Processing file /home/airflow/.local/lib/python3.8/site-packages/airflow/example_dags/example_trigger_controller_dag.py for tasks to queue
[2026-05-16T03:02:58.593+0000] {logging_mixin.py:188} INFO - [2026-05-16T03:02:58.592+0000] {dagbag.py:538} INFO - Filling up the DagBag from /home/airflow/.local/lib/python3.8/site-packages/airflow/example_dags/example_trigger_controller_dag.py
[2026-05-16T03:02:58.600+0000] {processor.py:840} INFO - DAG(s) 'example_trigger_controller_dag' retrieved from /home/airflow/.local/lib/python3.8/site-packages/airflow/example_dags/example_trigger_controller_dag.py
[2026-05-16T03:02:58.641+0000] {logging_mixin.py:188} INFO - [2026-05-16T03:02:58.640+0000] {dag.py:3036} INFO - Sync 1 DAGs
[2026-05-16T03:02:58.685+0000] {logging_mixin.py:188} INFO - [2026-05-16T03:02:58.684+0000] {dag.py:3823} INFO - Setting next_dagrun for example_trigger_controller_dag to 2021-01-01 00:00:00+00:00, run_after=2021-01-01 00:00:00+00:00
[2026-05-16T03:02:58.716+0000] {processor.py:183} INFO - Processing /home/airflow/.local/lib/python3.8/site-packages/airflow/example_dags/example_trigger_controller_dag.py took 0.133 seconds
[2026-05-16T03:03:29.124+0000] {processor.py:161} INFO - Started process (PID=2544) to work on /home/airflow/.local/lib/python3.8/site-packages/airflow/example_dags/example_trigger_controller_dag.py
[2026-05-16T03:03:29.125+0000] {processor.py:830} INFO - Processing file /home/airflow/.local/lib/python3.8/site-packages/airflow/example_dags/example_trigger_controller_dag.py for tasks to queue
[2026-05-16T03:03:29.128+0000] {logging_mixin.py:188} INFO - [2026-05-16T03:03:29.127+0000] {dagbag.py:538} INFO - Filling up the DagBag from /home/airflow/.local/lib/python3.8/site-packages/airflow/example_dags/example_trigger_controller_dag.py
[2026-05-16T03:03:29.134+0000] {processor.py:840} INFO - DAG(s) 'example_trigger_controller_dag' retrieved from /home/airflow/.local/lib/python3.8/site-packages/airflow/example_dags/example_trigger_controller_dag.py
[2026-05-16T03:03:29.172+0000] {logging_mixin.py:188} INFO - [2026-05-16T03:03:29.171+0000] {dag.py:3036} INFO - Sync 1 DAGs
[2026-05-16T03:03:29.211+0000] {logging_mixin.py:188} INFO - [2026-05-16T03:03:29.210+0000] {dag.py:3823} INFO - Setting next_dagrun for example_trigger_controller_dag to 2021-01-01 00:00:00+00:00, run_after=2021-01-01 00:00:00+00:00
[2026-05-16T03:03:29.243+0000] {processor.py:183} INFO - Processing /home/airflow/.local/lib/python3.8/site-packages/airflow/example_dags/example_trigger_controller_dag.py took 0.124 seconds
[2026-05-16T03:03:59.689+0000] {processor.py:161} INFO - Started process (PID=2609) to work on /home/airflow/.local/lib/python3.8/site-packages/airflow/example_dags/example_trigger_controller_dag.py
[2026-05-16T03:03:59.691+0000] {processor.py:830} INFO - Processing file /home/airflow/.local/lib/python3.8/site-packages/airflow/example_dags/example_trigger_controller_dag.py for tasks to queue
[2026-05-16T03:03:59.693+0000] {logging_mixin.py:188} INFO - [2026-05-16T03:03:59.693+0000] {dagbag.py:538} INFO - Filling up the DagBag from /home/airflow/.local/lib/python3.8/site-packages/airflow/example_dags/example_trigger_controller_dag.py
[2026-05-16T03:03:59.700+0000] {processor.py:840} INFO - DAG(s) 'example_trigger_controller_dag' retrieved from /home/airflow/.local/lib/python3.8/site-packages/airflow/example_dags/example_trigger_controller_dag.py
[2026-05-16T03:03:59.736+0000] {logging_mixin.py:188} INFO - [2026-05-16T03:03:59.736+0000] {dag.py:3036} INFO - Sync 1 DAGs
[2026-05-16T03:03:59.776+0000] {logging_mixin.py:188} INFO - [2026-05-16T03:03:59.775+0000] {dag.py:3823} INFO - Setting next_dagrun for example_trigger_controller_dag to 2021-01-01 00:00:00+00:00, run_after=2021-01-01 00:00:00+00:00
[2026-05-16T03:03:59.808+0000] {processor.py:183} INFO - Processing /home/airflow/.local/lib/python3.8/site-packages/airflow/example_dags/example_trigger_controller_dag.py took 0.124 seconds
[2026-05-16T03:04:30.297+0000] {processor.py:161} INFO - Started process (PID=2680) to work on /home/airflow/.local/lib/python3.8/site-packages/airflow/example_dags/example_trigger_controller_dag.py
[2026-05-16T03:04:30.299+0000] {processor.py:830} INFO - Processing file /home/airflow/.local/lib/python3.8/site-packages/airflow/example_dags/example_trigger_controller_dag.py for tasks to queue
[2026-05-16T03:04:30.302+0000] {logging_mixin.py:188} INFO - [2026-05-16T03:04:30.301+0000] {dagbag.py:538} INFO - Filling up the DagBag from /home/airflow/.local/lib/python3.8/site-packages/airflow/example_dags/example_trigger_controller_dag.py
[2026-05-16T03:04:30.309+0000] {processor.py:840} INFO - DAG(s) 'example_trigger_controller_dag' retrieved from /home/airflow/.local/lib/python3.8/site-packages/airflow/example_dags/example_trigger_controller_dag.py
[2026-05-16T03:04:30.345+0000] {logging_mixin.py:188} INFO - [2026-05-16T03:04:30.344+0000] {dag.py:3036} INFO - Sync 1 DAGs
[2026-05-16T03:04:30.382+0000] {logging_mixin.py:188} INFO - [2026-05-16T03:04:30.382+0000] {dag.py:3823} INFO - Setting next_dagrun for example_trigger_controller_dag to 2021-01-01 00:00:00+00:00, run_after=2021-01-01 00:00:00+00:00
[2026-05-16T03:04:30.415+0000] {processor.py:183} INFO - Processing /home/airflow/.local/lib/python3.8/site-packages/airflow/example_dags/example_trigger_controller_dag.py took 0.123 seconds
[2026-05-16T03:05:00.701+0000] {processor.py:161} INFO - Started process (PID=2748) to work on /home/airflow/.local/lib/python3.8/site-packages/airflow/example_dags/example_trigger_controller_dag.py
[2026-05-16T03:05:00.703+0000] {processor.py:830} INFO - Processing file /home/airflow/.local/lib/python3.8/site-packages/airflow/example_dags/example_trigger_controller_dag.py for tasks to queue
[2026-05-16T03:05:00.706+0000] {logging_mixin.py:188} INFO - [2026-05-16T03:05:00.706+0000] {dagbag.py:538} INFO - Filling up the DagBag from /home/airflow/.local/lib/python3.8/site-packages/airflow/example_dags/example_trigger_controller_dag.py
[2026-05-16T03:05:00.714+0000] {processor.py:840} INFO - DAG(s) 'example_trigger_controller_dag' retrieved from /home/airflow/.local/lib/python3.8/site-packages/airflow/example_dags/example_trigger_controller_dag.py
[2026-05-16T03:05:00.755+0000] {logging_mixin.py:188} INFO - [2026-05-16T03:05:00.755+0000] {dag.py:3036} INFO - Sync 1 DAGs
[2026-05-16T03:05:00.798+0000] {logging_mixin.py:188} INFO - [2026-05-16T03:05:00.798+0000] {dag.py:3823} INFO - Setting next_dagrun for example_trigger_controller_dag to 2021-01-01 00:00:00+00:00, run_after=2021-01-01 00:00:00+00:00
[2026-05-16T03:05:00.843+0000] {processor.py:183} INFO - Processing /home/airflow/.local/lib/python3.8/site-packages/airflow/example_dags/example_trigger_controller_dag.py took 0.148 seconds
[2026-05-16T03:05:31.056+0000] {processor.py:161} INFO - Started process (PID=2813) to work on /home/airflow/.local/lib/python3.8/site-packages/airflow/example_dags/example_trigger_controller_dag.py
[2026-05-16T03:05:31.058+0000] {processor.py:830} INFO - Processing file /home/airflow/.local/lib/python3.8/site-packages/airflow/example_dags/example_trigger_controller_dag.py for tasks to queue
[2026-05-16T03:05:31.061+0000] {logging_mixin.py:188} INFO - [2026-05-16T03:05:31.061+0000] {dagbag.py:538} INFO - Filling up the DagBag from /home/airflow/.local/lib/python3.8/site-packages/airflow/example_dags/example_trigger_controller_dag.py
[2026-05-16T03:05:31.069+0000] {processor.py:840} INFO - DAG(s) 'example_trigger_controller_dag' retrieved from /home/airflow/.local/lib/python3.8/site-packages/airflow/example_dags/example_trigger_controller_dag.py
[2026-05-16T03:05:31.105+0000] {logging_mixin.py:188} INFO - [2026-05-16T03:05:31.105+0000] {dag.py:3036} INFO - Sync 1 DAGs
[2026-05-16T03:05:31.145+0000] {logging_mixin.py:188} INFO - [2026-05-16T03:05:31.144+0000] {dag.py:3823} INFO - Setting next_dagrun for example_trigger_controller_dag to 2021-01-01 00:00:00+00:00, run_after=2021-01-01 00:00:00+00:00
[2026-05-16T03:05:31.193+0000] {processor.py:183} INFO - Processing /home/airflow/.local/lib/python3.8/site-packages/airflow/example_dags/example_trigger_controller_dag.py took 0.141 seconds
[2026-05-16T03:06:01.548+0000] {processor.py:161} INFO - Started process (PID=2879) to work on /home/airflow/.local/lib/python3.8/site-packages/airflow/example_dags/example_trigger_controller_dag.py
[2026-05-16T03:06:01.550+0000] {processor.py:830} INFO - Processing file /home/airflow/.local/lib/python3.8/site-packages/airflow/example_dags/example_trigger_controller_dag.py for tasks to queue
[2026-05-16T03:06:01.553+0000] {logging_mixin.py:188} INFO - [2026-05-16T03:06:01.552+0000] {dagbag.py:538} INFO - Filling up the DagBag from /home/airflow/.local/lib/python3.8/site-packages/airflow/example_dags/example_trigger_controller_dag.py
[2026-05-16T03:06:01.561+0000] {processor.py:840} INFO - DAG(s) 'example_trigger_controller_dag' retrieved from /home/airflow/.local/lib/python3.8/site-packages/airflow/example_dags/example_trigger_controller_dag.py
[2026-05-16T03:06:01.601+0000] {logging_mixin.py:188} INFO - [2026-05-16T03:06:01.601+0000] {dag.py:3036} INFO - Sync 1 DAGs
[2026-05-16T03:06:01.646+0000] {logging_mixin.py:188} INFO - [2026-05-16T03:06:01.646+0000] {dag.py:3823} INFO - Setting next_dagrun for example_trigger_controller_dag to 2021-01-01 00:00:00+00:00, run_after=2021-01-01 00:00:00+00:00
[2026-05-16T03:06:01.681+0000] {processor.py:183} INFO - Processing /home/airflow/.local/lib/python3.8/site-packages/airflow/example_dags/example_trigger_controller_dag.py took 0.138 seconds
[2026-05-16T03:06:31.901+0000] {processor.py:161} INFO - Started process (PID=2944) to work on /home/airflow/.local/lib/python3.8/site-packages/airflow/example_dags/example_trigger_controller_dag.py
[2026-05-16T03:06:31.903+0000] {processor.py:830} INFO - Processing file /home/airflow/.local/lib/python3.8/site-packages/airflow/example_dags/example_trigger_controller_dag.py for tasks to queue
[2026-05-16T03:06:31.906+0000] {logging_mixin.py:188} INFO - [2026-05-16T03:06:31.906+0000] {dagbag.py:538} INFO - Filling up the DagBag from /home/airflow/.local/lib/python3.8/site-packages/airflow/example_dags/example_trigger_controller_dag.py
[2026-05-16T03:06:31.916+0000] {processor.py:840} INFO - DAG(s) 'example_trigger_controller_dag' retrieved from /home/airflow/.local/lib/python3.8/site-packages/airflow/example_dags/example_trigger_controller_dag.py
[2026-05-16T03:06:31.987+0000] {logging_mixin.py:188} INFO - [2026-05-16T03:06:31.987+0000] {dag.py:3036} INFO - Sync 1 DAGs
[2026-05-16T03:06:32.042+0000] {logging_mixin.py:188} INFO - [2026-05-16T03:06:32.041+0000] {dag.py:3823} INFO - Setting next_dagrun for example_trigger_controller_dag to 2021-01-01 00:00:00+00:00, run_after=2021-01-01 00:00:00+00:00
[2026-05-16T03:06:32.089+0000] {processor.py:183} INFO - Processing /home/airflow/.local/lib/python3.8/site-packages/airflow/example_dags/example_trigger_controller_dag.py took 0.195 seconds
[2026-05-16T03:07:02.174+0000] {processor.py:161} INFO - Started process (PID=3009) to work on /home/airflow/.local/lib/python3.8/site-packages/airflow/example_dags/example_trigger_controller_dag.py
[2026-05-16T03:07:02.176+0000] {processor.py:830} INFO - Processing file /home/airflow/.local/lib/python3.8/site-packages/airflow/example_dags/example_trigger_controller_dag.py for tasks to queue
[2026-05-16T03:07:02.178+0000] {logging_mixin.py:188} INFO - [2026-05-16T03:07:02.178+0000] {dagbag.py:538} INFO - Filling up the DagBag from /home/airflow/.local/lib/python3.8/site-packages/airflow/example_dags/example_trigger_controller_dag.py
[2026-05-16T03:07:02.185+0000] {processor.py:840} INFO - DAG(s) 'example_trigger_controller_dag' retrieved from /home/airflow/.local/lib/python3.8/site-packages/airflow/example_dags/example_trigger_controller_dag.py
[2026-05-16T03:07:02.218+0000] {logging_mixin.py:188} INFO - [2026-05-16T03:07:02.218+0000] {dag.py:3036} INFO - Sync 1 DAGs
[2026-05-16T03:07:02.257+0000] {logging_mixin.py:188} INFO - [2026-05-16T03:07:02.257+0000] {dag.py:3823} INFO - Setting next_dagrun for example_trigger_controller_dag to 2021-01-01 00:00:00+00:00, run_after=2021-01-01 00:00:00+00:00
[2026-05-16T03:07:02.292+0000] {processor.py:183} INFO - Processing /home/airflow/.local/lib/python3.8/site-packages/airflow/example_dags/example_trigger_controller_dag.py took 0.122 seconds
[2026-05-16T03:07:32.414+0000] {processor.py:161} INFO - Started process (PID=3074) to work on /home/airflow/.local/lib/python3.8/site-packages/airflow/example_dags/example_trigger_controller_dag.py
[2026-05-16T03:07:32.417+0000] {processor.py:830} INFO - Processing file /home/airflow/.local/lib/python3.8/site-packages/airflow/example_dags/example_trigger_controller_dag.py for tasks to queue
[2026-05-16T03:07:32.420+0000] {logging_mixin.py:188} INFO - [2026-05-16T03:07:32.419+0000] {dagbag.py:538} INFO - Filling up the DagBag from /home/airflow/.local/lib/python3.8/site-packages/airflow/example_dags/example_trigger_controller_dag.py
[2026-05-16T03:07:32.427+0000] {processor.py:840} INFO - DAG(s) 'example_trigger_controller_dag' retrieved from /home/airflow/.local/lib/python3.8/site-packages/airflow/example_dags/example_trigger_controller_dag.py
[2026-05-16T03:07:32.467+0000] {logging_mixin.py:188} INFO - [2026-05-16T03:07:32.467+0000] {dag.py:3036} INFO - Sync 1 DAGs
[2026-05-16T03:07:32.503+0000] {logging_mixin.py:188} INFO - [2026-05-16T03:07:32.503+0000] {dag.py:3823} INFO - Setting next_dagrun for example_trigger_controller_dag to 2021-01-01 00:00:00+00:00, run_after=2021-01-01 00:00:00+00:00
[2026-05-16T03:07:32.534+0000] {processor.py:183} INFO - Processing /home/airflow/.local/lib/python3.8/site-packages/airflow/example_dags/example_trigger_controller_dag.py took 0.124 seconds
[2026-05-16T03:08:02.584+0000] {processor.py:161} INFO - Started process (PID=3139) to work on /home/airflow/.local/lib/python3.8/site-packages/airflow/example_dags/example_trigger_controller_dag.py
[2026-05-16T03:08:02.586+0000] {processor.py:830} INFO - Processing file /home/airflow/.local/lib/python3.8/site-packages/airflow/example_dags/example_trigger_controller_dag.py for tasks to queue
[2026-05-16T03:08:02.589+0000] {logging_mixin.py:188} INFO - [2026-05-16T03:08:02.589+0000] {dagbag.py:538} INFO - Filling up the DagBag from /home/airflow/.local/lib/python3.8/site-packages/airflow/example_dags/example_trigger_controller_dag.py
[2026-05-16T03:08:02.597+0000] {processor.py:840} INFO - DAG(s) 'example_trigger_controller_dag' retrieved from /home/airflow/.local/lib/python3.8/site-packages/airflow/example_dags/example_trigger_controller_dag.py
[2026-05-16T03:08:02.631+0000] {logging_mixin.py:188} INFO - [2026-05-16T03:08:02.631+0000] {dag.py:3036} INFO - Sync 1 DAGs
[2026-05-16T03:08:02.669+0000] {logging_mixin.py:188} INFO - [2026-05-16T03:08:02.669+0000] {dag.py:3823} INFO - Setting next_dagrun for example_trigger_controller_dag to 2021-01-01 00:00:00+00:00, run_after=2021-01-01 00:00:00+00:00
[2026-05-16T03:08:02.702+0000] {processor.py:183} INFO - Processing /home/airflow/.local/lib/python3.8/site-packages/airflow/example_dags/example_trigger_controller_dag.py took 0.122 seconds
[2026-05-16T03:08:33.304+0000] {processor.py:161} INFO - Started process (PID=3205) to work on /home/airflow/.local/lib/python3.8/site-packages/airflow/example_dags/example_trigger_controller_dag.py
[2026-05-16T03:08:33.305+0000] {processor.py:830} INFO - Processing file /home/airflow/.local/lib/python3.8/site-packages/airflow/example_dags/example_trigger_controller_dag.py for tasks to queue
[2026-05-16T03:08:33.308+0000] {logging_mixin.py:188} INFO - [2026-05-16T03:08:33.308+0000] {dagbag.py:538} INFO - Filling up the DagBag from /home/airflow/.local/lib/python3.8/site-packages/airflow/example_dags/example_trigger_controller_dag.py
[2026-05-16T03:08:33.316+0000] {processor.py:840} INFO - DAG(s) 'example_trigger_controller_dag' retrieved from /home/airflow/.local/lib/python3.8/site-packages/airflow/example_dags/example_trigger_controller_dag.py
[2026-05-16T03:08:33.352+0000] {logging_mixin.py:188} INFO - [2026-05-16T03:08:33.352+0000] {dag.py:3036} INFO - Sync 1 DAGs
[2026-05-16T03:08:33.388+0000] {logging_mixin.py:188} INFO - [2026-05-16T03:08:33.387+0000] {dag.py:3823} INFO - Setting next_dagrun for example_trigger_controller_dag to 2021-01-01 00:00:00+00:00, run_after=2021-01-01 00:00:00+00:00
[2026-05-16T03:08:33.416+0000] {processor.py:183} INFO - Processing /home/airflow/.local/lib/python3.8/site-packages/airflow/example_dags/example_trigger_controller_dag.py took 0.117 seconds
[2026-05-16T03:09:03.865+0000] {processor.py:161} INFO - Started process (PID=3270) to work on /home/airflow/.local/lib/python3.8/site-packages/airflow/example_dags/example_trigger_controller_dag.py
[2026-05-16T03:09:03.866+0000] {processor.py:830} INFO - Processing file /home/airflow/.local/lib/python3.8/site-packages/airflow/example_dags/example_trigger_controller_dag.py for tasks to queue
[2026-05-16T03:09:03.869+0000] {logging_mixin.py:188} INFO - [2026-05-16T03:09:03.869+0000] {dagbag.py:538} INFO - Filling up the DagBag from /home/airflow/.local/lib/python3.8/site-packages/airflow/example_dags/example_trigger_controller_dag.py
[2026-05-16T03:09:03.878+0000] {processor.py:840} INFO - DAG(s) 'example_trigger_controller_dag' retrieved from /home/airflow/.local/lib/python3.8/site-packages/airflow/example_dags/example_trigger_controller_dag.py
[2026-05-16T03:09:03.919+0000] {logging_mixin.py:188} INFO - [2026-05-16T03:09:03.919+0000] {dag.py:3036} INFO - Sync 1 DAGs
[2026-05-16T03:09:03.965+0000] {logging_mixin.py:188} INFO - [2026-05-16T03:09:03.964+0000] {dag.py:3823} INFO - Setting next_dagrun for example_trigger_controller_dag to 2021-01-01 00:00:00+00:00, run_after=2021-01-01 00:00:00+00:00
[2026-05-16T03:09:04.000+0000] {processor.py:183} INFO - Processing /home/airflow/.local/lib/python3.8/site-packages/airflow/example_dags/example_trigger_controller_dag.py took 0.140 seconds
[2026-05-16T03:09:34.637+0000] {processor.py:161} INFO - Started process (PID=3336) to work on /home/airflow/.local/lib/python3.8/site-packages/airflow/example_dags/example_trigger_controller_dag.py
[2026-05-16T03:09:34.639+0000] {processor.py:830} INFO - Processing file /home/airflow/.local/lib/python3.8/site-packages/airflow/example_dags/example_trigger_controller_dag.py for tasks to queue
[2026-05-16T03:09:34.642+0000] {logging_mixin.py:188} INFO - [2026-05-16T03:09:34.641+0000] {dagbag.py:538} INFO - Filling up the DagBag from /home/airflow/.local/lib/python3.8/site-packages/airflow/example_dags/example_trigger_controller_dag.py
[2026-05-16T03:09:34.648+0000] {processor.py:840} INFO - DAG(s) 'example_trigger_controller_dag' retrieved from /home/airflow/.local/lib/python3.8/site-packages/airflow/example_dags/example_trigger_controller_dag.py
[2026-05-16T03:09:34.680+0000] {logging_mixin.py:188} INFO - [2026-05-16T03:09:34.679+0000] {dag.py:3036} INFO - Sync 1 DAGs
[2026-05-16T03:09:34.714+0000] {logging_mixin.py:188} INFO - [2026-05-16T03:09:34.713+0000] {dag.py:3823} INFO - Setting next_dagrun for example_trigger_controller_dag to 2021-01-01 00:00:00+00:00, run_after=2021-01-01 00:00:00+00:00
[2026-05-16T03:09:34.741+0000] {processor.py:183} INFO - Processing /home/airflow/.local/lib/python3.8/site-packages/airflow/example_dags/example_trigger_controller_dag.py took 0.109 seconds
[2026-05-16T03:10:04.840+0000] {processor.py:161} INFO - Started process (PID=3402) to work on /home/airflow/.local/lib/python3.8/site-packages/airflow/example_dags/example_trigger_controller_dag.py
[2026-05-16T03:10:04.842+0000] {processor.py:830} INFO - Processing file /home/airflow/.local/lib/python3.8/site-packages/airflow/example_dags/example_trigger_controller_dag.py for tasks to queue
[2026-05-16T03:10:04.847+0000] {logging_mixin.py:188} INFO - [2026-05-16T03:10:04.846+0000] {dagbag.py:538} INFO - Filling up the DagBag from /home/airflow/.local/lib/python3.8/site-packages/airflow/example_dags/example_trigger_controller_dag.py
[2026-05-16T03:10:04.853+0000] {processor.py:840} INFO - DAG(s) 'example_trigger_controller_dag' retrieved from /home/airflow/.local/lib/python3.8/site-packages/airflow/example_dags/example_trigger_controller_dag.py
[2026-05-16T03:10:04.891+0000] {logging_mixin.py:188} INFO - [2026-05-16T03:10:04.890+0000] {dag.py:3036} INFO - Sync 1 DAGs
[2026-05-16T03:10:04.929+0000] {logging_mixin.py:188} INFO - [2026-05-16T03:10:04.929+0000] {dag.py:3823} INFO - Setting next_dagrun for example_trigger_controller_dag to 2021-01-01 00:00:00+00:00, run_after=2021-01-01 00:00:00+00:00
[2026-05-16T03:10:04.961+0000] {processor.py:183} INFO - Processing /home/airflow/.local/lib/python3.8/site-packages/airflow/example_dags/example_trigger_controller_dag.py took 0.131 seconds
[2026-05-16T03:10:35.000+0000] {processor.py:161} INFO - Started process (PID=3466) to work on /home/airflow/.local/lib/python3.8/site-packages/airflow/example_dags/example_trigger_controller_dag.py
[2026-05-16T03:10:35.002+0000] {processor.py:830} INFO - Processing file /home/airflow/.local/lib/python3.8/site-packages/airflow/example_dags/example_trigger_controller_dag.py for tasks to queue
[2026-05-16T03:10:35.004+0000] {logging_mixin.py:188} INFO - [2026-05-16T03:10:35.004+0000] {dagbag.py:538} INFO - Filling up the DagBag from /home/airflow/.local/lib/python3.8/site-packages/airflow/example_dags/example_trigger_controller_dag.py
[2026-05-16T03:10:35.011+0000] {processor.py:840} INFO - DAG(s) 'example_trigger_controller_dag' retrieved from /home/airflow/.local/lib/python3.8/site-packages/airflow/example_dags/example_trigger_controller_dag.py
[2026-05-16T03:10:35.050+0000] {logging_mixin.py:188} INFO - [2026-05-16T03:10:35.050+0000] {dag.py:3036} INFO - Sync 1 DAGs
[2026-05-16T03:10:35.275+0000] {logging_mixin.py:188} INFO - [2026-05-16T03:10:35.275+0000] {dag.py:3823} INFO - Setting next_dagrun for example_trigger_controller_dag to 2021-01-01 00:00:00+00:00, run_after=2021-01-01 00:00:00+00:00
[2026-05-16T03:10:35.302+0000] {processor.py:183} INFO - Processing /home/airflow/.local/lib/python3.8/site-packages/airflow/example_dags/example_trigger_controller_dag.py took 0.307 seconds
[2026-05-16T03:11:05.543+0000] {processor.py:161} INFO - Started process (PID=3531) to work on /home/airflow/.local/lib/python3.8/site-packages/airflow/example_dags/example_trigger_controller_dag.py
[2026-05-16T03:11:05.545+0000] {processor.py:830} INFO - Processing file /home/airflow/.local/lib/python3.8/site-packages/airflow/example_dags/example_trigger_controller_dag.py for tasks to queue
[2026-05-16T03:11:05.547+0000] {logging_mixin.py:188} INFO - [2026-05-16T03:11:05.547+0000] {dagbag.py:538} INFO - Filling up the DagBag from /home/airflow/.local/lib/python3.8/site-packages/airflow/example_dags/example_trigger_controller_dag.py
[2026-05-16T03:11:05.554+0000] {processor.py:840} INFO - DAG(s) 'example_trigger_controller_dag' retrieved from /home/airflow/.local/lib/python3.8/site-packages/airflow/example_dags/example_trigger_controller_dag.py
[2026-05-16T03:11:05.594+0000] {logging_mixin.py:188} INFO - [2026-05-16T03:11:05.593+0000] {dag.py:3036} INFO - Sync 1 DAGs
[2026-05-16T03:11:05.637+0000] {logging_mixin.py:188} INFO - [2026-05-16T03:11:05.636+0000] {dag.py:3823} INFO - Setting next_dagrun for example_trigger_controller_dag to 2021-01-01 00:00:00+00:00, run_after=2021-01-01 00:00:00+00:00
[2026-05-16T03:11:05.867+0000] {processor.py:183} INFO - Processing /home/airflow/.local/lib/python3.8/site-packages/airflow/example_dags/example_trigger_controller_dag.py took 0.329 seconds
[2026-05-16T03:11:36.872+0000] {processor.py:161} INFO - Started process (PID=3596) to work on /home/airflow/.local/lib/python3.8/site-packages/airflow/example_dags/example_trigger_controller_dag.py
[2026-05-16T03:11:36.875+0000] {processor.py:830} INFO - Processing file /home/airflow/.local/lib/python3.8/site-packages/airflow/example_dags/example_trigger_controller_dag.py for tasks to queue
[2026-05-16T03:11:36.877+0000] {logging_mixin.py:188} INFO - [2026-05-16T03:11:36.877+0000] {dagbag.py:538} INFO - Filling up the DagBag from /home/airflow/.local/lib/python3.8/site-packages/airflow/example_dags/example_trigger_controller_dag.py
[2026-05-16T03:11:36.885+0000] {processor.py:840} INFO - DAG(s) 'example_trigger_controller_dag' retrieved from /home/airflow/.local/lib/python3.8/site-packages/airflow/example_dags/example_trigger_controller_dag.py
[2026-05-16T03:11:36.921+0000] {logging_mixin.py:188} INFO - [2026-05-16T03:11:36.921+0000] {dag.py:3036} INFO - Sync 1 DAGs
[2026-05-16T03:11:36.960+0000] {logging_mixin.py:188} INFO - [2026-05-16T03:11:36.959+0000] {dag.py:3823} INFO - Setting next_dagrun for example_trigger_controller_dag to 2021-01-01 00:00:00+00:00, run_after=2021-01-01 00:00:00+00:00
[2026-05-16T03:11:36.990+0000] {processor.py:183} INFO - Processing /home/airflow/.local/lib/python3.8/site-packages/airflow/example_dags/example_trigger_controller_dag.py took 0.123 seconds
[2026-05-16T03:12:07.298+0000] {processor.py:161} INFO - Started process (PID=3662) to work on /home/airflow/.local/lib/python3.8/site-packages/airflow/example_dags/example_trigger_controller_dag.py
[2026-05-16T03:12:07.300+0000] {processor.py:830} INFO - Processing file /home/airflow/.local/lib/python3.8/site-packages/airflow/example_dags/example_trigger_controller_dag.py for tasks to queue
[2026-05-16T03:12:07.303+0000] {logging_mixin.py:188} INFO - [2026-05-16T03:12:07.302+0000] {dagbag.py:538} INFO - Filling up the DagBag from /home/airflow/.local/lib/python3.8/site-packages/airflow/example_dags/example_trigger_controller_dag.py
[2026-05-16T03:12:07.311+0000] {processor.py:840} INFO - DAG(s) 'example_trigger_controller_dag' retrieved from /home/airflow/.local/lib/python3.8/site-packages/airflow/example_dags/example_trigger_controller_dag.py
[2026-05-16T03:12:07.363+0000] {logging_mixin.py:188} INFO - [2026-05-16T03:12:07.363+0000] {dag.py:3036} INFO - Sync 1 DAGs
[2026-05-16T03:12:07.418+0000] {logging_mixin.py:188} INFO - [2026-05-16T03:12:07.417+0000] {dag.py:3823} INFO - Setting next_dagrun for example_trigger_controller_dag to 2021-01-01 00:00:00+00:00, run_after=2021-01-01 00:00:00+00:00
[2026-05-16T03:12:07.456+0000] {processor.py:183} INFO - Processing /home/airflow/.local/lib/python3.8/site-packages/airflow/example_dags/example_trigger_controller_dag.py took 0.163 seconds
[2026-05-16T03:12:37.716+0000] {processor.py:161} INFO - Started process (PID=3731) to work on /home/airflow/.local/lib/python3.8/site-packages/airflow/example_dags/example_trigger_controller_dag.py
[2026-05-16T03:12:37.718+0000] {processor.py:830} INFO - Processing file /home/airflow/.local/lib/python3.8/site-packages/airflow/example_dags/example_trigger_controller_dag.py for tasks to queue
[2026-05-16T03:12:37.722+0000] {logging_mixin.py:188} INFO - [2026-05-16T03:12:37.721+0000] {dagbag.py:538} INFO - Filling up the DagBag from /home/airflow/.local/lib/python3.8/site-packages/airflow/example_dags/example_trigger_controller_dag.py
[2026-05-16T03:12:37.731+0000] {processor.py:840} INFO - DAG(s) 'example_trigger_controller_dag' retrieved from /home/airflow/.local/lib/python3.8/site-packages/airflow/example_dags/example_trigger_controller_dag.py
[2026-05-16T03:12:37.975+0000] {logging_mixin.py:188} INFO - [2026-05-16T03:12:37.974+0000] {dag.py:3036} INFO - Sync 1 DAGs
[2026-05-16T03:12:38.008+0000] {logging_mixin.py:188} INFO - [2026-05-16T03:12:38.007+0000] {dag.py:3823} INFO - Setting next_dagrun for example_trigger_controller_dag to 2021-01-01 00:00:00+00:00, run_after=2021-01-01 00:00:00+00:00
[2026-05-16T03:12:38.035+0000] {processor.py:183} INFO - Processing /home/airflow/.local/lib/python3.8/site-packages/airflow/example_dags/example_trigger_controller_dag.py took 0.327 seconds
[2026-05-16T03:13:08.362+0000] {processor.py:161} INFO - Started process (PID=3800) to work on /home/airflow/.local/lib/python3.8/site-packages/airflow/example_dags/example_trigger_controller_dag.py
[2026-05-16T03:13:08.364+0000] {processor.py:830} INFO - Processing file /home/airflow/.local/lib/python3.8/site-packages/airflow/example_dags/example_trigger_controller_dag.py for tasks to queue
[2026-05-16T03:13:08.367+0000] {logging_mixin.py:188} INFO - [2026-05-16T03:13:08.366+0000] {dagbag.py:538} INFO - Filling up the DagBag from /home/airflow/.local/lib/python3.8/site-packages/airflow/example_dags/example_trigger_controller_dag.py
[2026-05-16T03:13:08.375+0000] {processor.py:840} INFO - DAG(s) 'example_trigger_controller_dag' retrieved from /home/airflow/.local/lib/python3.8/site-packages/airflow/example_dags/example_trigger_controller_dag.py
[2026-05-16T03:13:08.414+0000] {logging_mixin.py:188} INFO - [2026-05-16T03:13:08.414+0000] {dag.py:3036} INFO - Sync 1 DAGs
[2026-05-16T03:13:08.661+0000] {logging_mixin.py:188} INFO - [2026-05-16T03:13:08.660+0000] {dag.py:3823} INFO - Setting next_dagrun for example_trigger_controller_dag to 2021-01-01 00:00:00+00:00, run_after=2021-01-01 00:00:00+00:00
[2026-05-16T03:13:08.695+0000] {processor.py:183} INFO - Processing /home/airflow/.local/lib/python3.8/site-packages/airflow/example_dags/example_trigger_controller_dag.py took 0.339 seconds
[2026-05-16T03:13:39.102+0000] {processor.py:161} INFO - Started process (PID=3865) to work on /home/airflow/.local/lib/python3.8/site-packages/airflow/example_dags/example_trigger_controller_dag.py
[2026-05-16T03:13:39.104+0000] {processor.py:830} INFO - Processing file /home/airflow/.local/lib/python3.8/site-packages/airflow/example_dags/example_trigger_controller_dag.py for tasks to queue
[2026-05-16T03:13:39.107+0000] {logging_mixin.py:188} INFO - [2026-05-16T03:13:39.107+0000] {dagbag.py:538} INFO - Filling up the DagBag from /home/airflow/.local/lib/python3.8/site-packages/airflow/example_dags/example_trigger_controller_dag.py
[2026-05-16T03:13:39.116+0000] {processor.py:840} INFO - DAG(s) 'example_trigger_controller_dag' retrieved from /home/airflow/.local/lib/python3.8/site-packages/airflow/example_dags/example_trigger_controller_dag.py
[2026-05-16T03:13:39.155+0000] {logging_mixin.py:188} INFO - [2026-05-16T03:13:39.154+0000] {dag.py:3036} INFO - Sync 1 DAGs
[2026-05-16T03:13:39.197+0000] {logging_mixin.py:188} INFO - [2026-05-16T03:13:39.197+0000] {dag.py:3823} INFO - Setting next_dagrun for example_trigger_controller_dag to 2021-01-01 00:00:00+00:00, run_after=2021-01-01 00:00:00+00:00
[2026-05-16T03:13:39.231+0000] {processor.py:183} INFO - Processing /home/airflow/.local/lib/python3.8/site-packages/airflow/example_dags/example_trigger_controller_dag.py took 0.134 seconds
[2026-05-16T03:14:09.582+0000] {processor.py:161} INFO - Started process (PID=3930) to work on /home/airflow/.local/lib/python3.8/site-packages/airflow/example_dags/example_trigger_controller_dag.py
[2026-05-16T03:14:09.583+0000] {processor.py:830} INFO - Processing file /home/airflow/.local/lib/python3.8/site-packages/airflow/example_dags/example_trigger_controller_dag.py for tasks to queue
[2026-05-16T03:14:09.586+0000] {logging_mixin.py:188} INFO - [2026-05-16T03:14:09.586+0000] {dagbag.py:538} INFO - Filling up the DagBag from /home/airflow/.local/lib/python3.8/site-packages/airflow/example_dags/example_trigger_controller_dag.py
[2026-05-16T03:14:09.595+0000] {processor.py:840} INFO - DAG(s) 'example_trigger_controller_dag' retrieved from /home/airflow/.local/lib/python3.8/site-packages/airflow/example_dags/example_trigger_controller_dag.py
[2026-05-16T03:14:09.634+0000] {logging_mixin.py:188} INFO - [2026-05-16T03:14:09.634+0000] {dag.py:3036} INFO - Sync 1 DAGs
[2026-05-16T03:14:09.676+0000] {logging_mixin.py:188} INFO - [2026-05-16T03:14:09.676+0000] {dag.py:3823} INFO - Setting next_dagrun for example_trigger_controller_dag to 2021-01-01 00:00:00+00:00, run_after=2021-01-01 00:00:00+00:00
[2026-05-16T03:14:09.709+0000] {processor.py:183} INFO - Processing /home/airflow/.local/lib/python3.8/site-packages/airflow/example_dags/example_trigger_controller_dag.py took 0.134 seconds
[2026-05-16T03:14:39.812+0000] {processor.py:161} INFO - Started process (PID=3994) to work on /home/airflow/.local/lib/python3.8/site-packages/airflow/example_dags/example_trigger_controller_dag.py
[2026-05-16T03:14:39.814+0000] {processor.py:830} INFO - Processing file /home/airflow/.local/lib/python3.8/site-packages/airflow/example_dags/example_trigger_controller_dag.py for tasks to queue
[2026-05-16T03:14:39.818+0000] {logging_mixin.py:188} INFO - [2026-05-16T03:14:39.817+0000] {dagbag.py:538} INFO - Filling up the DagBag from /home/airflow/.local/lib/python3.8/site-packages/airflow/example_dags/example_trigger_controller_dag.py
[2026-05-16T03:14:39.826+0000] {processor.py:840} INFO - DAG(s) 'example_trigger_controller_dag' retrieved from /home/airflow/.local/lib/python3.8/site-packages/airflow/example_dags/example_trigger_controller_dag.py
[2026-05-16T03:14:39.864+0000] {logging_mixin.py:188} INFO - [2026-05-16T03:14:39.864+0000] {dag.py:3036} INFO - Sync 1 DAGs
[2026-05-16T03:14:39.907+0000] {logging_mixin.py:188} INFO - [2026-05-16T03:14:39.906+0000] {dag.py:3823} INFO - Setting next_dagrun for example_trigger_controller_dag to 2021-01-01 00:00:00+00:00, run_after=2021-01-01 00:00:00+00:00
[2026-05-16T03:14:39.943+0000] {processor.py:183} INFO - Processing /home/airflow/.local/lib/python3.8/site-packages/airflow/example_dags/example_trigger_controller_dag.py took 0.135 seconds
[2026-05-16T03:15:10.407+0000] {processor.py:161} INFO - Started process (PID=4058) to work on /home/airflow/.local/lib/python3.8/site-packages/airflow/example_dags/example_trigger_controller_dag.py
[2026-05-16T03:15:10.409+0000] {processor.py:830} INFO - Processing file /home/airflow/.local/lib/python3.8/site-packages/airflow/example_dags/example_trigger_controller_dag.py for tasks to queue
[2026-05-16T03:15:10.412+0000] {logging_mixin.py:188} INFO - [2026-05-16T03:15:10.411+0000] {dagbag.py:538} INFO - Filling up the DagBag from /home/airflow/.local/lib/python3.8/site-packages/airflow/example_dags/example_trigger_controller_dag.py
[2026-05-16T03:15:10.420+0000] {processor.py:840} INFO - DAG(s) 'example_trigger_controller_dag' retrieved from /home/airflow/.local/lib/python3.8/site-packages/airflow/example_dags/example_trigger_controller_dag.py
[2026-05-16T03:15:10.458+0000] {logging_mixin.py:188} INFO - [2026-05-16T03:15:10.458+0000] {dag.py:3036} INFO - Sync 1 DAGs
[2026-05-16T03:15:10.500+0000] {logging_mixin.py:188} INFO - [2026-05-16T03:15:10.499+0000] {dag.py:3823} INFO - Setting next_dagrun for example_trigger_controller_dag to 2021-01-01 00:00:00+00:00, run_after=2021-01-01 00:00:00+00:00
[2026-05-16T03:15:10.533+0000] {processor.py:183} INFO - Processing /home/airflow/.local/lib/python3.8/site-packages/airflow/example_dags/example_trigger_controller_dag.py took 0.131 seconds
[2026-05-16T03:15:40.940+0000] {processor.py:161} INFO - Started process (PID=4124) to work on /home/airflow/.local/lib/python3.8/site-packages/airflow/example_dags/example_trigger_controller_dag.py
[2026-05-16T03:15:40.943+0000] {processor.py:830} INFO - Processing file /home/airflow/.local/lib/python3.8/site-packages/airflow/example_dags/example_trigger_controller_dag.py for tasks to queue
[2026-05-16T03:15:40.945+0000] {logging_mixin.py:188} INFO - [2026-05-16T03:15:40.945+0000] {dagbag.py:538} INFO - Filling up the DagBag from /home/airflow/.local/lib/python3.8/site-packages/airflow/example_dags/example_trigger_controller_dag.py
[2026-05-16T03:15:40.954+0000] {processor.py:840} INFO - DAG(s) 'example_trigger_controller_dag' retrieved from /home/airflow/.local/lib/python3.8/site-packages/airflow/example_dags/example_trigger_controller_dag.py
[2026-05-16T03:15:40.990+0000] {logging_mixin.py:188} INFO - [2026-05-16T03:15:40.989+0000] {dag.py:3036} INFO - Sync 1 DAGs
[2026-05-16T03:15:41.028+0000] {logging_mixin.py:188} INFO - [2026-05-16T03:15:41.028+0000] {dag.py:3823} INFO - Setting next_dagrun for example_trigger_controller_dag to 2021-01-01 00:00:00+00:00, run_after=2021-01-01 00:00:00+00:00
[2026-05-16T03:15:41.061+0000] {processor.py:183} INFO - Processing /home/airflow/.local/lib/python3.8/site-packages/airflow/example_dags/example_trigger_controller_dag.py took 0.126 seconds
[2026-05-16T03:16:11.375+0000] {processor.py:161} INFO - Started process (PID=4188) to work on /home/airflow/.local/lib/python3.8/site-packages/airflow/example_dags/example_trigger_controller_dag.py
[2026-05-16T03:16:11.377+0000] {processor.py:830} INFO - Processing file /home/airflow/.local/lib/python3.8/site-packages/airflow/example_dags/example_trigger_controller_dag.py for tasks to queue
[2026-05-16T03:16:11.379+0000] {logging_mixin.py:188} INFO - [2026-05-16T03:16:11.379+0000] {dagbag.py:538} INFO - Filling up the DagBag from /home/airflow/.local/lib/python3.8/site-packages/airflow/example_dags/example_trigger_controller_dag.py
[2026-05-16T03:16:11.386+0000] {processor.py:840} INFO - DAG(s) 'example_trigger_controller_dag' retrieved from /home/airflow/.local/lib/python3.8/site-packages/airflow/example_dags/example_trigger_controller_dag.py
[2026-05-16T03:16:11.424+0000] {logging_mixin.py:188} INFO - [2026-05-16T03:16:11.424+0000] {dag.py:3036} INFO - Sync 1 DAGs
[2026-05-16T03:16:11.466+0000] {logging_mixin.py:188} INFO - [2026-05-16T03:16:11.465+0000] {dag.py:3823} INFO - Setting next_dagrun for example_trigger_controller_dag to 2021-01-01 00:00:00+00:00, run_after=2021-01-01 00:00:00+00:00
[2026-05-16T03:16:11.501+0000] {processor.py:183} INFO - Processing /home/airflow/.local/lib/python3.8/site-packages/airflow/example_dags/example_trigger_controller_dag.py took 0.130 seconds
[2026-05-16T03:16:41.810+0000] {processor.py:161} INFO - Started process (PID=4253) to work on /home/airflow/.local/lib/python3.8/site-packages/airflow/example_dags/example_trigger_controller_dag.py
[2026-05-16T03:16:41.812+0000] {processor.py:830} INFO - Processing file /home/airflow/.local/lib/python3.8/site-packages/airflow/example_dags/example_trigger_controller_dag.py for tasks to queue
[2026-05-16T03:16:41.815+0000] {logging_mixin.py:188} INFO - [2026-05-16T03:16:41.815+0000] {dagbag.py:538} INFO - Filling up the DagBag from /home/airflow/.local/lib/python3.8/site-packages/airflow/example_dags/example_trigger_controller_dag.py
[2026-05-16T03:16:41.822+0000] {processor.py:840} INFO - DAG(s) 'example_trigger_controller_dag' retrieved from /home/airflow/.local/lib/python3.8/site-packages/airflow/example_dags/example_trigger_controller_dag.py
[2026-05-16T03:16:41.858+0000] {logging_mixin.py:188} INFO - [2026-05-16T03:16:41.858+0000] {dag.py:3036} INFO - Sync 1 DAGs
[2026-05-16T03:16:41.896+0000] {logging_mixin.py:188} INFO - [2026-05-16T03:16:41.895+0000] {dag.py:3823} INFO - Setting next_dagrun for example_trigger_controller_dag to 2021-01-01 00:00:00+00:00, run_after=2021-01-01 00:00:00+00:00
[2026-05-16T03:16:41.928+0000] {processor.py:183} INFO - Processing /home/airflow/.local/lib/python3.8/site-packages/airflow/example_dags/example_trigger_controller_dag.py took 0.123 seconds
[2026-05-16T03:17:12.143+0000] {processor.py:161} INFO - Started process (PID=4318) to work on /home/airflow/.local/lib/python3.8/site-packages/airflow/example_dags/example_trigger_controller_dag.py
[2026-05-16T03:17:12.145+0000] {processor.py:830} INFO - Processing file /home/airflow/.local/lib/python3.8/site-packages/airflow/example_dags/example_trigger_controller_dag.py for tasks to queue
[2026-05-16T03:17:12.147+0000] {logging_mixin.py:188} INFO - [2026-05-16T03:17:12.147+0000] {dagbag.py:538} INFO - Filling up the DagBag from /home/airflow/.local/lib/python3.8/site-packages/airflow/example_dags/example_trigger_controller_dag.py
[2026-05-16T03:17:12.154+0000] {processor.py:840} INFO - DAG(s) 'example_trigger_controller_dag' retrieved from /home/airflow/.local/lib/python3.8/site-packages/airflow/example_dags/example_trigger_controller_dag.py
[2026-05-16T03:17:12.192+0000] {logging_mixin.py:188} INFO - [2026-05-16T03:17:12.192+0000] {dag.py:3036} INFO - Sync 1 DAGs
[2026-05-16T03:17:12.233+0000] {logging_mixin.py:188} INFO - [2026-05-16T03:17:12.232+0000] {dag.py:3823} INFO - Setting next_dagrun for example_trigger_controller_dag to 2021-01-01 00:00:00+00:00, run_after=2021-01-01 00:00:00+00:00
[2026-05-16T03:17:12.266+0000] {processor.py:183} INFO - Processing /home/airflow/.local/lib/python3.8/site-packages/airflow/example_dags/example_trigger_controller_dag.py took 0.128 seconds
[2026-05-16T03:17:42.388+0000] {processor.py:161} INFO - Started process (PID=4381) to work on /home/airflow/.local/lib/python3.8/site-packages/airflow/example_dags/example_trigger_controller_dag.py
[2026-05-16T03:17:42.390+0000] {processor.py:830} INFO - Processing file /home/airflow/.local/lib/python3.8/site-packages/airflow/example_dags/example_trigger_controller_dag.py for tasks to queue
[2026-05-16T03:17:42.393+0000] {logging_mixin.py:188} INFO - [2026-05-16T03:17:42.393+0000] {dagbag.py:538} INFO - Filling up the DagBag from /home/airflow/.local/lib/python3.8/site-packages/airflow/example_dags/example_trigger_controller_dag.py
[2026-05-16T03:17:42.401+0000] {processor.py:840} INFO - DAG(s) 'example_trigger_controller_dag' retrieved from /home/airflow/.local/lib/python3.8/site-packages/airflow/example_dags/example_trigger_controller_dag.py
[2026-05-16T03:17:42.437+0000] {logging_mixin.py:188} INFO - [2026-05-16T03:17:42.437+0000] {dag.py:3036} INFO - Sync 1 DAGs
[2026-05-16T03:17:42.478+0000] {logging_mixin.py:188} INFO - [2026-05-16T03:17:42.477+0000] {dag.py:3823} INFO - Setting next_dagrun for example_trigger_controller_dag to 2021-01-01 00:00:00+00:00, run_after=2021-01-01 00:00:00+00:00
[2026-05-16T03:17:42.509+0000] {processor.py:183} INFO - Processing /home/airflow/.local/lib/python3.8/site-packages/airflow/example_dags/example_trigger_controller_dag.py took 0.126 seconds
[2026-05-16T03:18:12.744+0000] {processor.py:161} INFO - Started process (PID=4446) to work on /home/airflow/.local/lib/python3.8/site-packages/airflow/example_dags/example_trigger_controller_dag.py
[2026-05-16T03:18:12.746+0000] {processor.py:830} INFO - Processing file /home/airflow/.local/lib/python3.8/site-packages/airflow/example_dags/example_trigger_controller_dag.py for tasks to queue
[2026-05-16T03:18:12.748+0000] {logging_mixin.py:188} INFO - [2026-05-16T03:18:12.748+0000] {dagbag.py:538} INFO - Filling up the DagBag from /home/airflow/.local/lib/python3.8/site-packages/airflow/example_dags/example_trigger_controller_dag.py
[2026-05-16T03:18:12.756+0000] {processor.py:840} INFO - DAG(s) 'example_trigger_controller_dag' retrieved from /home/airflow/.local/lib/python3.8/site-packages/airflow/example_dags/example_trigger_controller_dag.py
[2026-05-16T03:18:12.795+0000] {logging_mixin.py:188} INFO - [2026-05-16T03:18:12.795+0000] {dag.py:3036} INFO - Sync 1 DAGs
[2026-05-16T03:18:12.837+0000] {logging_mixin.py:188} INFO - [2026-05-16T03:18:12.836+0000] {dag.py:3823} INFO - Setting next_dagrun for example_trigger_controller_dag to 2021-01-01 00:00:00+00:00, run_after=2021-01-01 00:00:00+00:00
[2026-05-16T03:18:12.873+0000] {processor.py:183} INFO - Processing /home/airflow/.local/lib/python3.8/site-packages/airflow/example_dags/example_trigger_controller_dag.py took 0.134 seconds
[2026-05-16T03:18:43.006+0000] {processor.py:161} INFO - Started process (PID=4518) to work on /home/airflow/.local/lib/python3.8/site-packages/airflow/example_dags/example_trigger_controller_dag.py
[2026-05-16T03:18:43.008+0000] {processor.py:830} INFO - Processing file /home/airflow/.local/lib/python3.8/site-packages/airflow/example_dags/example_trigger_controller_dag.py for tasks to queue
[2026-05-16T03:18:43.011+0000] {logging_mixin.py:188} INFO - [2026-05-16T03:18:43.011+0000] {dagbag.py:538} INFO - Filling up the DagBag from /home/airflow/.local/lib/python3.8/site-packages/airflow/example_dags/example_trigger_controller_dag.py
[2026-05-16T03:18:43.020+0000] {processor.py:840} INFO - DAG(s) 'example_trigger_controller_dag' retrieved from /home/airflow/.local/lib/python3.8/site-packages/airflow/example_dags/example_trigger_controller_dag.py
[2026-05-16T03:18:43.062+0000] {logging_mixin.py:188} INFO - [2026-05-16T03:18:43.062+0000] {dag.py:3036} INFO - Sync 1 DAGs
[2026-05-16T03:18:43.109+0000] {logging_mixin.py:188} INFO - [2026-05-16T03:18:43.108+0000] {dag.py:3823} INFO - Setting next_dagrun for example_trigger_controller_dag to 2021-01-01 00:00:00+00:00, run_after=2021-01-01 00:00:00+00:00
[2026-05-16T03:18:43.145+0000] {processor.py:183} INFO - Processing /home/airflow/.local/lib/python3.8/site-packages/airflow/example_dags/example_trigger_controller_dag.py took 0.144 seconds
[2026-05-16T03:19:13.785+0000] {processor.py:161} INFO - Started process (PID=4584) to work on /home/airflow/.local/lib/python3.8/site-packages/airflow/example_dags/example_trigger_controller_dag.py
[2026-05-16T03:19:13.786+0000] {processor.py:830} INFO - Processing file /home/airflow/.local/lib/python3.8/site-packages/airflow/example_dags/example_trigger_controller_dag.py for tasks to queue
[2026-05-16T03:19:13.789+0000] {logging_mixin.py:188} INFO - [2026-05-16T03:19:13.789+0000] {dagbag.py:538} INFO - Filling up the DagBag from /home/airflow/.local/lib/python3.8/site-packages/airflow/example_dags/example_trigger_controller_dag.py
[2026-05-16T03:19:13.797+0000] {processor.py:840} INFO - DAG(s) 'example_trigger_controller_dag' retrieved from /home/airflow/.local/lib/python3.8/site-packages/airflow/example_dags/example_trigger_controller_dag.py
[2026-05-16T03:19:13.837+0000] {logging_mixin.py:188} INFO - [2026-05-16T03:19:13.836+0000] {dag.py:3036} INFO - Sync 1 DAGs
[2026-05-16T03:19:13.882+0000] {logging_mixin.py:188} INFO - [2026-05-16T03:19:13.882+0000] {dag.py:3823} INFO - Setting next_dagrun for example_trigger_controller_dag to 2021-01-01 00:00:00+00:00, run_after=2021-01-01 00:00:00+00:00
[2026-05-16T03:19:13.917+0000] {processor.py:183} INFO - Processing /home/airflow/.local/lib/python3.8/site-packages/airflow/example_dags/example_trigger_controller_dag.py took 0.138 seconds
[2026-05-16T03:19:44.081+0000] {processor.py:161} INFO - Started process (PID=4649) to work on /home/airflow/.local/lib/python3.8/site-packages/airflow/example_dags/example_trigger_controller_dag.py
[2026-05-16T03:19:44.083+0000] {processor.py:830} INFO - Processing file /home/airflow/.local/lib/python3.8/site-packages/airflow/example_dags/example_trigger_controller_dag.py for tasks to queue
[2026-05-16T03:19:44.086+0000] {logging_mixin.py:188} INFO - [2026-05-16T03:19:44.086+0000] {dagbag.py:538} INFO - Filling up the DagBag from /home/airflow/.local/lib/python3.8/site-packages/airflow/example_dags/example_trigger_controller_dag.py
[2026-05-16T03:19:44.094+0000] {processor.py:840} INFO - DAG(s) 'example_trigger_controller_dag' retrieved from /home/airflow/.local/lib/python3.8/site-packages/airflow/example_dags/example_trigger_controller_dag.py
[2026-05-16T03:19:44.135+0000] {logging_mixin.py:188} INFO - [2026-05-16T03:19:44.134+0000] {dag.py:3036} INFO - Sync 1 DAGs
[2026-05-16T03:19:44.182+0000] {logging_mixin.py:188} INFO - [2026-05-16T03:19:44.181+0000] {dag.py:3823} INFO - Setting next_dagrun for example_trigger_controller_dag to 2021-01-01 00:00:00+00:00, run_after=2021-01-01 00:00:00+00:00
[2026-05-16T03:19:44.216+0000] {processor.py:183} INFO - Processing /home/airflow/.local/lib/python3.8/site-packages/airflow/example_dags/example_trigger_controller_dag.py took 0.141 seconds
[2026-05-16T03:20:14.348+0000] {processor.py:161} INFO - Started process (PID=4713) to work on /home/airflow/.local/lib/python3.8/site-packages/airflow/example_dags/example_trigger_controller_dag.py
[2026-05-16T03:20:14.350+0000] {processor.py:830} INFO - Processing file /home/airflow/.local/lib/python3.8/site-packages/airflow/example_dags/example_trigger_controller_dag.py for tasks to queue
[2026-05-16T03:20:14.353+0000] {logging_mixin.py:188} INFO - [2026-05-16T03:20:14.352+0000] {dagbag.py:538} INFO - Filling up the DagBag from /home/airflow/.local/lib/python3.8/site-packages/airflow/example_dags/example_trigger_controller_dag.py
[2026-05-16T03:20:14.362+0000] {processor.py:840} INFO - DAG(s) 'example_trigger_controller_dag' retrieved from /home/airflow/.local/lib/python3.8/site-packages/airflow/example_dags/example_trigger_controller_dag.py
[2026-05-16T03:20:14.408+0000] {logging_mixin.py:188} INFO - [2026-05-16T03:20:14.408+0000] {dag.py:3036} INFO - Sync 1 DAGs
[2026-05-16T03:20:14.456+0000] {logging_mixin.py:188} INFO - [2026-05-16T03:20:14.455+0000] {dag.py:3823} INFO - Setting next_dagrun for example_trigger_controller_dag to 2021-01-01 00:00:00+00:00, run_after=2021-01-01 00:00:00+00:00
[2026-05-16T03:20:14.492+0000] {processor.py:183} INFO - Processing /home/airflow/.local/lib/python3.8/site-packages/airflow/example_dags/example_trigger_controller_dag.py took 0.150 seconds
[2026-05-16T03:20:44.674+0000] {processor.py:161} INFO - Started process (PID=4778) to work on /home/airflow/.local/lib/python3.8/site-packages/airflow/example_dags/example_trigger_controller_dag.py
[2026-05-16T03:20:44.676+0000] {processor.py:830} INFO - Processing file /home/airflow/.local/lib/python3.8/site-packages/airflow/example_dags/example_trigger_controller_dag.py for tasks to queue
[2026-05-16T03:20:44.680+0000] {logging_mixin.py:188} INFO - [2026-05-16T03:20:44.679+0000] {dagbag.py:538} INFO - Filling up the DagBag from /home/airflow/.local/lib/python3.8/site-packages/airflow/example_dags/example_trigger_controller_dag.py
[2026-05-16T03:20:44.688+0000] {processor.py:840} INFO - DAG(s) 'example_trigger_controller_dag' retrieved from /home/airflow/.local/lib/python3.8/site-packages/airflow/example_dags/example_trigger_controller_dag.py
[2026-05-16T03:20:44.738+0000] {logging_mixin.py:188} INFO - [2026-05-16T03:20:44.737+0000] {dag.py:3036} INFO - Sync 1 DAGs
[2026-05-16T03:20:44.798+0000] {logging_mixin.py:188} INFO - [2026-05-16T03:20:44.797+0000] {dag.py:3823} INFO - Setting next_dagrun for example_trigger_controller_dag to 2021-01-01 00:00:00+00:00, run_after=2021-01-01 00:00:00+00:00
[2026-05-16T03:20:44.832+0000] {processor.py:183} INFO - Processing /home/airflow/.local/lib/python3.8/site-packages/airflow/example_dags/example_trigger_controller_dag.py took 0.164 seconds
[2026-05-16T03:21:15.038+0000] {processor.py:161} INFO - Started process (PID=4843) to work on /home/airflow/.local/lib/python3.8/site-packages/airflow/example_dags/example_trigger_controller_dag.py
[2026-05-16T03:21:15.040+0000] {processor.py:830} INFO - Processing file /home/airflow/.local/lib/python3.8/site-packages/airflow/example_dags/example_trigger_controller_dag.py for tasks to queue
[2026-05-16T03:21:15.043+0000] {logging_mixin.py:188} INFO - [2026-05-16T03:21:15.043+0000] {dagbag.py:538} INFO - Filling up the DagBag from /home/airflow/.local/lib/python3.8/site-packages/airflow/example_dags/example_trigger_controller_dag.py
[2026-05-16T03:21:15.051+0000] {processor.py:840} INFO - DAG(s) 'example_trigger_controller_dag' retrieved from /home/airflow/.local/lib/python3.8/site-packages/airflow/example_dags/example_trigger_controller_dag.py
[2026-05-16T03:21:15.091+0000] {logging_mixin.py:188} INFO - [2026-05-16T03:21:15.090+0000] {dag.py:3036} INFO - Sync 1 DAGs
[2026-05-16T03:21:15.137+0000] {logging_mixin.py:188} INFO - [2026-05-16T03:21:15.137+0000] {dag.py:3823} INFO - Setting next_dagrun for example_trigger_controller_dag to 2021-01-01 00:00:00+00:00, run_after=2021-01-01 00:00:00+00:00
[2026-05-16T03:21:15.170+0000] {processor.py:183} INFO - Processing /home/airflow/.local/lib/python3.8/site-packages/airflow/example_dags/example_trigger_controller_dag.py took 0.137 seconds
[2026-05-16T03:21:45.540+0000] {processor.py:161} INFO - Started process (PID=4908) to work on /home/airflow/.local/lib/python3.8/site-packages/airflow/example_dags/example_trigger_controller_dag.py
[2026-05-16T03:21:45.542+0000] {processor.py:830} INFO - Processing file /home/airflow/.local/lib/python3.8/site-packages/airflow/example_dags/example_trigger_controller_dag.py for tasks to queue
[2026-05-16T03:21:45.545+0000] {logging_mixin.py:188} INFO - [2026-05-16T03:21:45.545+0000] {dagbag.py:538} INFO - Filling up the DagBag from /home/airflow/.local/lib/python3.8/site-packages/airflow/example_dags/example_trigger_controller_dag.py
[2026-05-16T03:21:45.554+0000] {processor.py:840} INFO - DAG(s) 'example_trigger_controller_dag' retrieved from /home/airflow/.local/lib/python3.8/site-packages/airflow/example_dags/example_trigger_controller_dag.py
[2026-05-16T03:21:45.593+0000] {logging_mixin.py:188} INFO - [2026-05-16T03:21:45.592+0000] {dag.py:3036} INFO - Sync 1 DAGs
[2026-05-16T03:21:45.636+0000] {logging_mixin.py:188} INFO - [2026-05-16T03:21:45.636+0000] {dag.py:3823} INFO - Setting next_dagrun for example_trigger_controller_dag to 2021-01-01 00:00:00+00:00, run_after=2021-01-01 00:00:00+00:00
[2026-05-16T03:21:45.667+0000] {processor.py:183} INFO - Processing /home/airflow/.local/lib/python3.8/site-packages/airflow/example_dags/example_trigger_controller_dag.py took 0.132 seconds
[2026-05-16T03:22:16.116+0000] {processor.py:161} INFO - Started process (PID=4973) to work on /home/airflow/.local/lib/python3.8/site-packages/airflow/example_dags/example_trigger_controller_dag.py
[2026-05-16T03:22:16.117+0000] {processor.py:830} INFO - Processing file /home/airflow/.local/lib/python3.8/site-packages/airflow/example_dags/example_trigger_controller_dag.py for tasks to queue
[2026-05-16T03:22:16.120+0000] {logging_mixin.py:188} INFO - [2026-05-16T03:22:16.120+0000] {dagbag.py:538} INFO - Filling up the DagBag from /home/airflow/.local/lib/python3.8/site-packages/airflow/example_dags/example_trigger_controller_dag.py
[2026-05-16T03:22:16.128+0000] {processor.py:840} INFO - DAG(s) 'example_trigger_controller_dag' retrieved from /home/airflow/.local/lib/python3.8/site-packages/airflow/example_dags/example_trigger_controller_dag.py
[2026-05-16T03:22:16.164+0000] {logging_mixin.py:188} INFO - [2026-05-16T03:22:16.164+0000] {dag.py:3036} INFO - Sync 1 DAGs
[2026-05-16T03:22:16.206+0000] {logging_mixin.py:188} INFO - [2026-05-16T03:22:16.206+0000] {dag.py:3823} INFO - Setting next_dagrun for example_trigger_controller_dag to 2021-01-01 00:00:00+00:00, run_after=2021-01-01 00:00:00+00:00
[2026-05-16T03:22:16.239+0000] {processor.py:183} INFO - Processing /home/airflow/.local/lib/python3.8/site-packages/airflow/example_dags/example_trigger_controller_dag.py took 0.128 seconds
[2026-05-16T03:22:46.877+0000] {processor.py:161} INFO - Started process (PID=5037) to work on /home/airflow/.local/lib/python3.8/site-packages/airflow/example_dags/example_trigger_controller_dag.py
[2026-05-16T03:22:46.879+0000] {processor.py:830} INFO - Processing file /home/airflow/.local/lib/python3.8/site-packages/airflow/example_dags/example_trigger_controller_dag.py for tasks to queue
[2026-05-16T03:22:46.882+0000] {logging_mixin.py:188} INFO - [2026-05-16T03:22:46.881+0000] {dagbag.py:538} INFO - Filling up the DagBag from /home/airflow/.local/lib/python3.8/site-packages/airflow/example_dags/example_trigger_controller_dag.py
[2026-05-16T03:22:46.889+0000] {processor.py:840} INFO - DAG(s) 'example_trigger_controller_dag' retrieved from /home/airflow/.local/lib/python3.8/site-packages/airflow/example_dags/example_trigger_controller_dag.py
[2026-05-16T03:22:46.924+0000] {logging_mixin.py:188} INFO - [2026-05-16T03:22:46.924+0000] {dag.py:3036} INFO - Sync 1 DAGs
[2026-05-16T03:22:46.963+0000] {logging_mixin.py:188} INFO - [2026-05-16T03:22:46.963+0000] {dag.py:3823} INFO - Setting next_dagrun for example_trigger_controller_dag to 2021-01-01 00:00:00+00:00, run_after=2021-01-01 00:00:00+00:00
[2026-05-16T03:22:46.994+0000] {processor.py:183} INFO - Processing /home/airflow/.local/lib/python3.8/site-packages/airflow/example_dags/example_trigger_controller_dag.py took 0.122 seconds
[2026-05-16T03:23:17.202+0000] {processor.py:161} INFO - Started process (PID=5103) to work on /home/airflow/.local/lib/python3.8/site-packages/airflow/example_dags/example_trigger_controller_dag.py
[2026-05-16T03:23:17.204+0000] {processor.py:830} INFO - Processing file /home/airflow/.local/lib/python3.8/site-packages/airflow/example_dags/example_trigger_controller_dag.py for tasks to queue
[2026-05-16T03:23:17.206+0000] {logging_mixin.py:188} INFO - [2026-05-16T03:23:17.206+0000] {dagbag.py:538} INFO - Filling up the DagBag from /home/airflow/.local/lib/python3.8/site-packages/airflow/example_dags/example_trigger_controller_dag.py
[2026-05-16T03:23:17.215+0000] {processor.py:840} INFO - DAG(s) 'example_trigger_controller_dag' retrieved from /home/airflow/.local/lib/python3.8/site-packages/airflow/example_dags/example_trigger_controller_dag.py
[2026-05-16T03:23:17.254+0000] {logging_mixin.py:188} INFO - [2026-05-16T03:23:17.254+0000] {dag.py:3036} INFO - Sync 1 DAGs
[2026-05-16T03:23:17.295+0000] {logging_mixin.py:188} INFO - [2026-05-16T03:23:17.295+0000] {dag.py:3823} INFO - Setting next_dagrun for example_trigger_controller_dag to 2021-01-01 00:00:00+00:00, run_after=2021-01-01 00:00:00+00:00
[2026-05-16T03:23:17.327+0000] {processor.py:183} INFO - Processing /home/airflow/.local/lib/python3.8/site-packages/airflow/example_dags/example_trigger_controller_dag.py took 0.131 seconds
[2026-05-16T03:23:47.551+0000] {processor.py:161} INFO - Started process (PID=5169) to work on /home/airflow/.local/lib/python3.8/site-packages/airflow/example_dags/example_trigger_controller_dag.py
[2026-05-16T03:23:47.553+0000] {processor.py:830} INFO - Processing file /home/airflow/.local/lib/python3.8/site-packages/airflow/example_dags/example_trigger_controller_dag.py for tasks to queue
[2026-05-16T03:23:47.557+0000] {logging_mixin.py:188} INFO - [2026-05-16T03:23:47.556+0000] {dagbag.py:538} INFO - Filling up the DagBag from /home/airflow/.local/lib/python3.8/site-packages/airflow/example_dags/example_trigger_controller_dag.py
[2026-05-16T03:23:47.566+0000] {processor.py:840} INFO - DAG(s) 'example_trigger_controller_dag' retrieved from /home/airflow/.local/lib/python3.8/site-packages/airflow/example_dags/example_trigger_controller_dag.py
[2026-05-16T03:23:47.606+0000] {logging_mixin.py:188} INFO - [2026-05-16T03:23:47.606+0000] {dag.py:3036} INFO - Sync 1 DAGs
[2026-05-16T03:23:47.650+0000] {logging_mixin.py:188} INFO - [2026-05-16T03:23:47.650+0000] {dag.py:3823} INFO - Setting next_dagrun for example_trigger_controller_dag to 2021-01-01 00:00:00+00:00, run_after=2021-01-01 00:00:00+00:00
[2026-05-16T03:23:47.680+0000] {processor.py:183} INFO - Processing /home/airflow/.local/lib/python3.8/site-packages/airflow/example_dags/example_trigger_controller_dag.py took 0.135 seconds
[2026-05-16T03:24:18.380+0000] {processor.py:161} INFO - Started process (PID=5235) to work on /home/airflow/.local/lib/python3.8/site-packages/airflow/example_dags/example_trigger_controller_dag.py
[2026-05-16T03:24:18.382+0000] {processor.py:830} INFO - Processing file /home/airflow/.local/lib/python3.8/site-packages/airflow/example_dags/example_trigger_controller_dag.py for tasks to queue
[2026-05-16T03:24:18.385+0000] {logging_mixin.py:188} INFO - [2026-05-16T03:24:18.385+0000] {dagbag.py:538} INFO - Filling up the DagBag from /home/airflow/.local/lib/python3.8/site-packages/airflow/example_dags/example_trigger_controller_dag.py
[2026-05-16T03:24:18.393+0000] {processor.py:840} INFO - DAG(s) 'example_trigger_controller_dag' retrieved from /home/airflow/.local/lib/python3.8/site-packages/airflow/example_dags/example_trigger_controller_dag.py
[2026-05-16T03:24:18.433+0000] {logging_mixin.py:188} INFO - [2026-05-16T03:24:18.433+0000] {dag.py:3036} INFO - Sync 1 DAGs
[2026-05-16T03:24:18.477+0000] {logging_mixin.py:188} INFO - [2026-05-16T03:24:18.477+0000] {dag.py:3823} INFO - Setting next_dagrun for example_trigger_controller_dag to 2021-01-01 00:00:00+00:00, run_after=2021-01-01 00:00:00+00:00
[2026-05-16T03:24:18.511+0000] {processor.py:183} INFO - Processing /home/airflow/.local/lib/python3.8/site-packages/airflow/example_dags/example_trigger_controller_dag.py took 0.137 seconds
[2026-05-16T03:24:48.968+0000] {processor.py:161} INFO - Started process (PID=5302) to work on /home/airflow/.local/lib/python3.8/site-packages/airflow/example_dags/example_trigger_controller_dag.py
[2026-05-16T03:24:48.970+0000] {processor.py:830} INFO - Processing file /home/airflow/.local/lib/python3.8/site-packages/airflow/example_dags/example_trigger_controller_dag.py for tasks to queue
[2026-05-16T03:24:48.973+0000] {logging_mixin.py:188} INFO - [2026-05-16T03:24:48.972+0000] {dagbag.py:538} INFO - Filling up the DagBag from /home/airflow/.local/lib/python3.8/site-packages/airflow/example_dags/example_trigger_controller_dag.py
[2026-05-16T03:24:48.981+0000] {processor.py:840} INFO - DAG(s) 'example_trigger_controller_dag' retrieved from /home/airflow/.local/lib/python3.8/site-packages/airflow/example_dags/example_trigger_controller_dag.py
[2026-05-16T03:24:49.017+0000] {logging_mixin.py:188} INFO - [2026-05-16T03:24:49.017+0000] {dag.py:3036} INFO - Sync 1 DAGs
[2026-05-16T03:24:49.057+0000] {logging_mixin.py:188} INFO - [2026-05-16T03:24:49.057+0000] {dag.py:3823} INFO - Setting next_dagrun for example_trigger_controller_dag to 2021-01-01 00:00:00+00:00, run_after=2021-01-01 00:00:00+00:00
[2026-05-16T03:24:49.088+0000] {processor.py:183} INFO - Processing /home/airflow/.local/lib/python3.8/site-packages/airflow/example_dags/example_trigger_controller_dag.py took 0.125 seconds
[2026-05-16T03:25:19.753+0000] {processor.py:161} INFO - Started process (PID=5367) to work on /home/airflow/.local/lib/python3.8/site-packages/airflow/example_dags/example_trigger_controller_dag.py
[2026-05-16T03:25:19.755+0000] {processor.py:830} INFO - Processing file /home/airflow/.local/lib/python3.8/site-packages/airflow/example_dags/example_trigger_controller_dag.py for tasks to queue
[2026-05-16T03:25:19.758+0000] {logging_mixin.py:188} INFO - [2026-05-16T03:25:19.757+0000] {dagbag.py:538} INFO - Filling up the DagBag from /home/airflow/.local/lib/python3.8/site-packages/airflow/example_dags/example_trigger_controller_dag.py
[2026-05-16T03:25:19.766+0000] {processor.py:840} INFO - DAG(s) 'example_trigger_controller_dag' retrieved from /home/airflow/.local/lib/python3.8/site-packages/airflow/example_dags/example_trigger_controller_dag.py
[2026-05-16T03:25:19.805+0000] {logging_mixin.py:188} INFO - [2026-05-16T03:25:19.805+0000] {dag.py:3036} INFO - Sync 1 DAGs
[2026-05-16T03:25:19.847+0000] {logging_mixin.py:188} INFO - [2026-05-16T03:25:19.847+0000] {dag.py:3823} INFO - Setting next_dagrun for example_trigger_controller_dag to 2021-01-01 00:00:00+00:00, run_after=2021-01-01 00:00:00+00:00
[2026-05-16T03:25:19.887+0000] {processor.py:183} INFO - Processing /home/airflow/.local/lib/python3.8/site-packages/airflow/example_dags/example_trigger_controller_dag.py took 0.139 seconds
[2026-05-16T03:25:49.986+0000] {processor.py:161} INFO - Started process (PID=5437) to work on /home/airflow/.local/lib/python3.8/site-packages/airflow/example_dags/example_trigger_controller_dag.py
[2026-05-16T03:25:49.988+0000] {processor.py:830} INFO - Processing file /home/airflow/.local/lib/python3.8/site-packages/airflow/example_dags/example_trigger_controller_dag.py for tasks to queue
[2026-05-16T03:25:49.991+0000] {logging_mixin.py:188} INFO - [2026-05-16T03:25:49.990+0000] {dagbag.py:538} INFO - Filling up the DagBag from /home/airflow/.local/lib/python3.8/site-packages/airflow/example_dags/example_trigger_controller_dag.py
[2026-05-16T03:25:50.000+0000] {processor.py:840} INFO - DAG(s) 'example_trigger_controller_dag' retrieved from /home/airflow/.local/lib/python3.8/site-packages/airflow/example_dags/example_trigger_controller_dag.py
[2026-05-16T03:25:50.040+0000] {logging_mixin.py:188} INFO - [2026-05-16T03:25:50.040+0000] {dag.py:3036} INFO - Sync 1 DAGs
[2026-05-16T03:25:50.083+0000] {logging_mixin.py:188} INFO - [2026-05-16T03:25:50.083+0000] {dag.py:3823} INFO - Setting next_dagrun for example_trigger_controller_dag to 2021-01-01 00:00:00+00:00, run_after=2021-01-01 00:00:00+00:00
[2026-05-16T03:25:50.117+0000] {processor.py:183} INFO - Processing /home/airflow/.local/lib/python3.8/site-packages/airflow/example_dags/example_trigger_controller_dag.py took 0.136 seconds
[2026-05-16T03:26:20.234+0000] {processor.py:161} INFO - Started process (PID=5503) to work on /home/airflow/.local/lib/python3.8/site-packages/airflow/example_dags/example_trigger_controller_dag.py
[2026-05-16T03:26:20.235+0000] {processor.py:830} INFO - Processing file /home/airflow/.local/lib/python3.8/site-packages/airflow/example_dags/example_trigger_controller_dag.py for tasks to queue
[2026-05-16T03:26:20.238+0000] {logging_mixin.py:188} INFO - [2026-05-16T03:26:20.237+0000] {dagbag.py:538} INFO - Filling up the DagBag from /home/airflow/.local/lib/python3.8/site-packages/airflow/example_dags/example_trigger_controller_dag.py
[2026-05-16T03:26:20.245+0000] {processor.py:840} INFO - DAG(s) 'example_trigger_controller_dag' retrieved from /home/airflow/.local/lib/python3.8/site-packages/airflow/example_dags/example_trigger_controller_dag.py
[2026-05-16T03:26:20.280+0000] {logging_mixin.py:188} INFO - [2026-05-16T03:26:20.279+0000] {dag.py:3036} INFO - Sync 1 DAGs
[2026-05-16T03:26:20.325+0000] {logging_mixin.py:188} INFO - [2026-05-16T03:26:20.325+0000] {dag.py:3823} INFO - Setting next_dagrun for example_trigger_controller_dag to 2021-01-01 00:00:00+00:00, run_after=2021-01-01 00:00:00+00:00
[2026-05-16T03:26:20.364+0000] {processor.py:183} INFO - Processing /home/airflow/.local/lib/python3.8/site-packages/airflow/example_dags/example_trigger_controller_dag.py took 0.136 seconds
[2026-05-16T03:26:51.055+0000] {processor.py:161} INFO - Started process (PID=5568) to work on /home/airflow/.local/lib/python3.8/site-packages/airflow/example_dags/example_trigger_controller_dag.py
[2026-05-16T03:26:51.057+0000] {processor.py:830} INFO - Processing file /home/airflow/.local/lib/python3.8/site-packages/airflow/example_dags/example_trigger_controller_dag.py for tasks to queue
[2026-05-16T03:26:51.060+0000] {logging_mixin.py:188} INFO - [2026-05-16T03:26:51.059+0000] {dagbag.py:538} INFO - Filling up the DagBag from /home/airflow/.local/lib/python3.8/site-packages/airflow/example_dags/example_trigger_controller_dag.py
[2026-05-16T03:26:51.069+0000] {processor.py:840} INFO - DAG(s) 'example_trigger_controller_dag' retrieved from /home/airflow/.local/lib/python3.8/site-packages/airflow/example_dags/example_trigger_controller_dag.py
[2026-05-16T03:26:51.107+0000] {logging_mixin.py:188} INFO - [2026-05-16T03:26:51.107+0000] {dag.py:3036} INFO - Sync 1 DAGs
[2026-05-16T03:26:51.147+0000] {logging_mixin.py:188} INFO - [2026-05-16T03:26:51.147+0000] {dag.py:3823} INFO - Setting next_dagrun for example_trigger_controller_dag to 2021-01-01 00:00:00+00:00, run_after=2021-01-01 00:00:00+00:00
[2026-05-16T03:26:51.181+0000] {processor.py:183} INFO - Processing /home/airflow/.local/lib/python3.8/site-packages/airflow/example_dags/example_trigger_controller_dag.py took 0.131 seconds
[2026-05-16T03:27:21.695+0000] {processor.py:161} INFO - Started process (PID=5633) to work on /home/airflow/.local/lib/python3.8/site-packages/airflow/example_dags/example_trigger_controller_dag.py
[2026-05-16T03:27:21.697+0000] {processor.py:830} INFO - Processing file /home/airflow/.local/lib/python3.8/site-packages/airflow/example_dags/example_trigger_controller_dag.py for tasks to queue
[2026-05-16T03:27:21.700+0000] {logging_mixin.py:188} INFO - [2026-05-16T03:27:21.700+0000] {dagbag.py:538} INFO - Filling up the DagBag from /home/airflow/.local/lib/python3.8/site-packages/airflow/example_dags/example_trigger_controller_dag.py
[2026-05-16T03:27:21.709+0000] {processor.py:840} INFO - DAG(s) 'example_trigger_controller_dag' retrieved from /home/airflow/.local/lib/python3.8/site-packages/airflow/example_dags/example_trigger_controller_dag.py
[2026-05-16T03:27:21.753+0000] {logging_mixin.py:188} INFO - [2026-05-16T03:27:21.753+0000] {dag.py:3036} INFO - Sync 1 DAGs
[2026-05-16T03:27:21.797+0000] {logging_mixin.py:188} INFO - [2026-05-16T03:27:21.796+0000] {dag.py:3823} INFO - Setting next_dagrun for example_trigger_controller_dag to 2021-01-01 00:00:00+00:00, run_after=2021-01-01 00:00:00+00:00
[2026-05-16T03:27:21.837+0000] {processor.py:183} INFO - Processing /home/airflow/.local/lib/python3.8/site-packages/airflow/example_dags/example_trigger_controller_dag.py took 0.148 seconds
[2026-05-16T03:27:52.669+0000] {processor.py:161} INFO - Started process (PID=5698) to work on /home/airflow/.local/lib/python3.8/site-packages/airflow/example_dags/example_trigger_controller_dag.py
[2026-05-16T03:27:52.671+0000] {processor.py:830} INFO - Processing file /home/airflow/.local/lib/python3.8/site-packages/airflow/example_dags/example_trigger_controller_dag.py for tasks to queue
[2026-05-16T03:27:52.674+0000] {logging_mixin.py:188} INFO - [2026-05-16T03:27:52.674+0000] {dagbag.py:538} INFO - Filling up the DagBag from /home/airflow/.local/lib/python3.8/site-packages/airflow/example_dags/example_trigger_controller_dag.py
[2026-05-16T03:27:52.683+0000] {processor.py:840} INFO - DAG(s) 'example_trigger_controller_dag' retrieved from /home/airflow/.local/lib/python3.8/site-packages/airflow/example_dags/example_trigger_controller_dag.py
[2026-05-16T03:27:52.726+0000] {logging_mixin.py:188} INFO - [2026-05-16T03:27:52.726+0000] {dag.py:3036} INFO - Sync 1 DAGs
[2026-05-16T03:27:52.768+0000] {logging_mixin.py:188} INFO - [2026-05-16T03:27:52.767+0000] {dag.py:3823} INFO - Setting next_dagrun for example_trigger_controller_dag to 2021-01-01 00:00:00+00:00, run_after=2021-01-01 00:00:00+00:00
[2026-05-16T03:27:52.802+0000] {processor.py:183} INFO - Processing /home/airflow/.local/lib/python3.8/site-packages/airflow/example_dags/example_trigger_controller_dag.py took 0.138 seconds
[2026-05-16T03:28:23.224+0000] {processor.py:161} INFO - Started process (PID=5762) to work on /home/airflow/.local/lib/python3.8/site-packages/airflow/example_dags/example_trigger_controller_dag.py
[2026-05-16T03:28:23.225+0000] {processor.py:830} INFO - Processing file /home/airflow/.local/lib/python3.8/site-packages/airflow/example_dags/example_trigger_controller_dag.py for tasks to queue
[2026-05-16T03:28:23.228+0000] {logging_mixin.py:188} INFO - [2026-05-16T03:28:23.227+0000] {dagbag.py:538} INFO - Filling up the DagBag from /home/airflow/.local/lib/python3.8/site-packages/airflow/example_dags/example_trigger_controller_dag.py
[2026-05-16T03:28:23.234+0000] {processor.py:840} INFO - DAG(s) 'example_trigger_controller_dag' retrieved from /home/airflow/.local/lib/python3.8/site-packages/airflow/example_dags/example_trigger_controller_dag.py
[2026-05-16T03:28:23.270+0000] {logging_mixin.py:188} INFO - [2026-05-16T03:28:23.270+0000] {dag.py:3036} INFO - Sync 1 DAGs
[2026-05-16T03:28:23.310+0000] {logging_mixin.py:188} INFO - [2026-05-16T03:28:23.310+0000] {dag.py:3823} INFO - Setting next_dagrun for example_trigger_controller_dag to 2021-01-01 00:00:00+00:00, run_after=2021-01-01 00:00:00+00:00
[2026-05-16T03:28:23.342+0000] {processor.py:183} INFO - Processing /home/airflow/.local/lib/python3.8/site-packages/airflow/example_dags/example_trigger_controller_dag.py took 0.122 seconds
[2026-05-16T03:28:53.538+0000] {processor.py:161} INFO - Started process (PID=5826) to work on /home/airflow/.local/lib/python3.8/site-packages/airflow/example_dags/example_trigger_controller_dag.py
[2026-05-16T03:28:53.540+0000] {processor.py:830} INFO - Processing file /home/airflow/.local/lib/python3.8/site-packages/airflow/example_dags/example_trigger_controller_dag.py for tasks to queue
[2026-05-16T03:28:53.543+0000] {logging_mixin.py:188} INFO - [2026-05-16T03:28:53.542+0000] {dagbag.py:538} INFO - Filling up the DagBag from /home/airflow/.local/lib/python3.8/site-packages/airflow/example_dags/example_trigger_controller_dag.py
[2026-05-16T03:28:53.552+0000] {processor.py:840} INFO - DAG(s) 'example_trigger_controller_dag' retrieved from /home/airflow/.local/lib/python3.8/site-packages/airflow/example_dags/example_trigger_controller_dag.py
[2026-05-16T03:28:53.591+0000] {logging_mixin.py:188} INFO - [2026-05-16T03:28:53.590+0000] {dag.py:3036} INFO - Sync 1 DAGs
[2026-05-16T03:28:53.633+0000] {logging_mixin.py:188} INFO - [2026-05-16T03:28:53.632+0000] {dag.py:3823} INFO - Setting next_dagrun for example_trigger_controller_dag to 2021-01-01 00:00:00+00:00, run_after=2021-01-01 00:00:00+00:00
[2026-05-16T03:28:53.666+0000] {processor.py:183} INFO - Processing /home/airflow/.local/lib/python3.8/site-packages/airflow/example_dags/example_trigger_controller_dag.py took 0.133 seconds
[2026-05-16T03:29:24.375+0000] {processor.py:161} INFO - Started process (PID=5890) to work on /home/airflow/.local/lib/python3.8/site-packages/airflow/example_dags/example_trigger_controller_dag.py
[2026-05-16T03:29:24.378+0000] {processor.py:830} INFO - Processing file /home/airflow/.local/lib/python3.8/site-packages/airflow/example_dags/example_trigger_controller_dag.py for tasks to queue
[2026-05-16T03:29:24.381+0000] {logging_mixin.py:188} INFO - [2026-05-16T03:29:24.381+0000] {dagbag.py:538} INFO - Filling up the DagBag from /home/airflow/.local/lib/python3.8/site-packages/airflow/example_dags/example_trigger_controller_dag.py
[2026-05-16T03:29:24.390+0000] {processor.py:840} INFO - DAG(s) 'example_trigger_controller_dag' retrieved from /home/airflow/.local/lib/python3.8/site-packages/airflow/example_dags/example_trigger_controller_dag.py
[2026-05-16T03:29:24.434+0000] {logging_mixin.py:188} INFO - [2026-05-16T03:29:24.434+0000] {dag.py:3036} INFO - Sync 1 DAGs
[2026-05-16T03:29:24.480+0000] {logging_mixin.py:188} INFO - [2026-05-16T03:29:24.479+0000] {dag.py:3823} INFO - Setting next_dagrun for example_trigger_controller_dag to 2021-01-01 00:00:00+00:00, run_after=2021-01-01 00:00:00+00:00
[2026-05-16T03:29:24.513+0000] {processor.py:183} INFO - Processing /home/airflow/.local/lib/python3.8/site-packages/airflow/example_dags/example_trigger_controller_dag.py took 0.144 seconds
[2026-05-16T03:29:54.707+0000] {processor.py:161} INFO - Started process (PID=5955) to work on /home/airflow/.local/lib/python3.8/site-packages/airflow/example_dags/example_trigger_controller_dag.py
[2026-05-16T03:29:54.709+0000] {processor.py:830} INFO - Processing file /home/airflow/.local/lib/python3.8/site-packages/airflow/example_dags/example_trigger_controller_dag.py for tasks to queue
[2026-05-16T03:29:54.711+0000] {logging_mixin.py:188} INFO - [2026-05-16T03:29:54.711+0000] {dagbag.py:538} INFO - Filling up the DagBag from /home/airflow/.local/lib/python3.8/site-packages/airflow/example_dags/example_trigger_controller_dag.py
[2026-05-16T03:29:54.719+0000] {processor.py:840} INFO - DAG(s) 'example_trigger_controller_dag' retrieved from /home/airflow/.local/lib/python3.8/site-packages/airflow/example_dags/example_trigger_controller_dag.py
[2026-05-16T03:29:54.755+0000] {logging_mixin.py:188} INFO - [2026-05-16T03:29:54.755+0000] {dag.py:3036} INFO - Sync 1 DAGs
[2026-05-16T03:29:54.797+0000] {logging_mixin.py:188} INFO - [2026-05-16T03:29:54.797+0000] {dag.py:3823} INFO - Setting next_dagrun for example_trigger_controller_dag to 2021-01-01 00:00:00+00:00, run_after=2021-01-01 00:00:00+00:00
[2026-05-16T03:29:54.834+0000] {processor.py:183} INFO - Processing /home/airflow/.local/lib/python3.8/site-packages/airflow/example_dags/example_trigger_controller_dag.py took 0.131 seconds
[2026-05-16T03:30:25.325+0000] {processor.py:161} INFO - Started process (PID=6018) to work on /home/airflow/.local/lib/python3.8/site-packages/airflow/example_dags/example_trigger_controller_dag.py
[2026-05-16T03:30:25.327+0000] {processor.py:830} INFO - Processing file /home/airflow/.local/lib/python3.8/site-packages/airflow/example_dags/example_trigger_controller_dag.py for tasks to queue
[2026-05-16T03:30:25.330+0000] {logging_mixin.py:188} INFO - [2026-05-16T03:30:25.330+0000] {dagbag.py:538} INFO - Filling up the DagBag from /home/airflow/.local/lib/python3.8/site-packages/airflow/example_dags/example_trigger_controller_dag.py
[2026-05-16T03:30:25.339+0000] {processor.py:840} INFO - DAG(s) 'example_trigger_controller_dag' retrieved from /home/airflow/.local/lib/python3.8/site-packages/airflow/example_dags/example_trigger_controller_dag.py
[2026-05-16T03:30:25.378+0000] {logging_mixin.py:188} INFO - [2026-05-16T03:30:25.378+0000] {dag.py:3036} INFO - Sync 1 DAGs
[2026-05-16T03:30:25.422+0000] {logging_mixin.py:188} INFO - [2026-05-16T03:30:25.422+0000] {dag.py:3823} INFO - Setting next_dagrun for example_trigger_controller_dag to 2021-01-01 00:00:00+00:00, run_after=2021-01-01 00:00:00+00:00
[2026-05-16T03:30:25.458+0000] {processor.py:183} INFO - Processing /home/airflow/.local/lib/python3.8/site-packages/airflow/example_dags/example_trigger_controller_dag.py took 0.139 seconds
[2026-05-16T03:30:55.675+0000] {processor.py:161} INFO - Started process (PID=6084) to work on /home/airflow/.local/lib/python3.8/site-packages/airflow/example_dags/example_trigger_controller_dag.py
[2026-05-16T03:30:55.677+0000] {processor.py:830} INFO - Processing file /home/airflow/.local/lib/python3.8/site-packages/airflow/example_dags/example_trigger_controller_dag.py for tasks to queue
[2026-05-16T03:30:55.681+0000] {logging_mixin.py:188} INFO - [2026-05-16T03:30:55.680+0000] {dagbag.py:538} INFO - Filling up the DagBag from /home/airflow/.local/lib/python3.8/site-packages/airflow/example_dags/example_trigger_controller_dag.py
[2026-05-16T03:30:55.689+0000] {processor.py:840} INFO - DAG(s) 'example_trigger_controller_dag' retrieved from /home/airflow/.local/lib/python3.8/site-packages/airflow/example_dags/example_trigger_controller_dag.py
[2026-05-16T03:30:55.735+0000] {logging_mixin.py:188} INFO - [2026-05-16T03:30:55.734+0000] {dag.py:3036} INFO - Sync 1 DAGs
[2026-05-16T03:30:55.786+0000] {logging_mixin.py:188} INFO - [2026-05-16T03:30:55.785+0000] {dag.py:3823} INFO - Setting next_dagrun for example_trigger_controller_dag to 2021-01-01 00:00:00+00:00, run_after=2021-01-01 00:00:00+00:00
[2026-05-16T03:30:55.834+0000] {processor.py:183} INFO - Processing /home/airflow/.local/lib/python3.8/site-packages/airflow/example_dags/example_trigger_controller_dag.py took 0.165 seconds
[2026-05-16T03:31:26.250+0000] {processor.py:161} INFO - Started process (PID=6148) to work on /home/airflow/.local/lib/python3.8/site-packages/airflow/example_dags/example_trigger_controller_dag.py
[2026-05-16T03:31:26.252+0000] {processor.py:830} INFO - Processing file /home/airflow/.local/lib/python3.8/site-packages/airflow/example_dags/example_trigger_controller_dag.py for tasks to queue
[2026-05-16T03:31:26.255+0000] {logging_mixin.py:188} INFO - [2026-05-16T03:31:26.254+0000] {dagbag.py:538} INFO - Filling up the DagBag from /home/airflow/.local/lib/python3.8/site-packages/airflow/example_dags/example_trigger_controller_dag.py
[2026-05-16T03:31:26.264+0000] {processor.py:840} INFO - DAG(s) 'example_trigger_controller_dag' retrieved from /home/airflow/.local/lib/python3.8/site-packages/airflow/example_dags/example_trigger_controller_dag.py
[2026-05-16T03:31:26.306+0000] {logging_mixin.py:188} INFO - [2026-05-16T03:31:26.306+0000] {dag.py:3036} INFO - Sync 1 DAGs
[2026-05-16T03:31:26.346+0000] {logging_mixin.py:188} INFO - [2026-05-16T03:31:26.344+0000] {dag.py:3823} INFO - Setting next_dagrun for example_trigger_controller_dag to 2021-01-01 00:00:00+00:00, run_after=2021-01-01 00:00:00+00:00
[2026-05-16T03:31:26.382+0000] {processor.py:183} INFO - Processing /home/airflow/.local/lib/python3.8/site-packages/airflow/example_dags/example_trigger_controller_dag.py took 0.141 seconds
[2026-05-16T03:31:56.533+0000] {processor.py:161} INFO - Started process (PID=6214) to work on /home/airflow/.local/lib/python3.8/site-packages/airflow/example_dags/example_trigger_controller_dag.py
[2026-05-16T03:31:56.535+0000] {processor.py:830} INFO - Processing file /home/airflow/.local/lib/python3.8/site-packages/airflow/example_dags/example_trigger_controller_dag.py for tasks to queue
[2026-05-16T03:31:56.537+0000] {logging_mixin.py:188} INFO - [2026-05-16T03:31:56.537+0000] {dagbag.py:538} INFO - Filling up the DagBag from /home/airflow/.local/lib/python3.8/site-packages/airflow/example_dags/example_trigger_controller_dag.py
[2026-05-16T03:31:56.545+0000] {processor.py:840} INFO - DAG(s) 'example_trigger_controller_dag' retrieved from /home/airflow/.local/lib/python3.8/site-packages/airflow/example_dags/example_trigger_controller_dag.py
[2026-05-16T03:31:56.582+0000] {logging_mixin.py:188} INFO - [2026-05-16T03:31:56.582+0000] {dag.py:3036} INFO - Sync 1 DAGs
[2026-05-16T03:31:56.624+0000] {logging_mixin.py:188} INFO - [2026-05-16T03:31:56.623+0000] {dag.py:3823} INFO - Setting next_dagrun for example_trigger_controller_dag to 2021-01-01 00:00:00+00:00, run_after=2021-01-01 00:00:00+00:00
[2026-05-16T03:31:56.654+0000] {processor.py:183} INFO - Processing /home/airflow/.local/lib/python3.8/site-packages/airflow/example_dags/example_trigger_controller_dag.py took 0.126 seconds
[2026-05-16T03:32:26.929+0000] {processor.py:161} INFO - Started process (PID=6279) to work on /home/airflow/.local/lib/python3.8/site-packages/airflow/example_dags/example_trigger_controller_dag.py
[2026-05-16T03:32:26.931+0000] {processor.py:830} INFO - Processing file /home/airflow/.local/lib/python3.8/site-packages/airflow/example_dags/example_trigger_controller_dag.py for tasks to queue
[2026-05-16T03:32:26.934+0000] {logging_mixin.py:188} INFO - [2026-05-16T03:32:26.933+0000] {dagbag.py:538} INFO - Filling up the DagBag from /home/airflow/.local/lib/python3.8/site-packages/airflow/example_dags/example_trigger_controller_dag.py
[2026-05-16T03:32:26.942+0000] {processor.py:840} INFO - DAG(s) 'example_trigger_controller_dag' retrieved from /home/airflow/.local/lib/python3.8/site-packages/airflow/example_dags/example_trigger_controller_dag.py
[2026-05-16T03:32:26.978+0000] {logging_mixin.py:188} INFO - [2026-05-16T03:32:26.978+0000] {dag.py:3036} INFO - Sync 1 DAGs
[2026-05-16T03:32:27.015+0000] {logging_mixin.py:188} INFO - [2026-05-16T03:32:27.014+0000] {dag.py:3823} INFO - Setting next_dagrun for example_trigger_controller_dag to 2021-01-01 00:00:00+00:00, run_after=2021-01-01 00:00:00+00:00
[2026-05-16T03:32:27.045+0000] {processor.py:183} INFO - Processing /home/airflow/.local/lib/python3.8/site-packages/airflow/example_dags/example_trigger_controller_dag.py took 0.122 seconds
[2026-05-16T03:32:57.139+0000] {processor.py:161} INFO - Started process (PID=6344) to work on /home/airflow/.local/lib/python3.8/site-packages/airflow/example_dags/example_trigger_controller_dag.py
[2026-05-16T03:32:57.141+0000] {processor.py:830} INFO - Processing file /home/airflow/.local/lib/python3.8/site-packages/airflow/example_dags/example_trigger_controller_dag.py for tasks to queue
[2026-05-16T03:32:57.145+0000] {logging_mixin.py:188} INFO - [2026-05-16T03:32:57.145+0000] {dagbag.py:538} INFO - Filling up the DagBag from /home/airflow/.local/lib/python3.8/site-packages/airflow/example_dags/example_trigger_controller_dag.py
[2026-05-16T03:32:57.154+0000] {processor.py:840} INFO - DAG(s) 'example_trigger_controller_dag' retrieved from /home/airflow/.local/lib/python3.8/site-packages/airflow/example_dags/example_trigger_controller_dag.py
[2026-05-16T03:32:57.229+0000] {logging_mixin.py:188} INFO - [2026-05-16T03:32:57.229+0000] {dag.py:3036} INFO - Sync 1 DAGs
[2026-05-16T03:32:57.278+0000] {logging_mixin.py:188} INFO - [2026-05-16T03:32:57.278+0000] {dag.py:3823} INFO - Setting next_dagrun for example_trigger_controller_dag to 2021-01-01 00:00:00+00:00, run_after=2021-01-01 00:00:00+00:00
[2026-05-16T03:32:57.315+0000] {processor.py:183} INFO - Processing /home/airflow/.local/lib/python3.8/site-packages/airflow/example_dags/example_trigger_controller_dag.py took 0.182 seconds
[2026-05-16T03:33:27.794+0000] {processor.py:161} INFO - Started process (PID=6409) to work on /home/airflow/.local/lib/python3.8/site-packages/airflow/example_dags/example_trigger_controller_dag.py
[2026-05-16T03:33:27.815+0000] {processor.py:830} INFO - Processing file /home/airflow/.local/lib/python3.8/site-packages/airflow/example_dags/example_trigger_controller_dag.py for tasks to queue
[2026-05-16T03:33:27.818+0000] {logging_mixin.py:188} INFO - [2026-05-16T03:33:27.818+0000] {dagbag.py:538} INFO - Filling up the DagBag from /home/airflow/.local/lib/python3.8/site-packages/airflow/example_dags/example_trigger_controller_dag.py
[2026-05-16T03:33:27.838+0000] {processor.py:840} INFO - DAG(s) 'example_trigger_controller_dag' retrieved from /home/airflow/.local/lib/python3.8/site-packages/airflow/example_dags/example_trigger_controller_dag.py
[2026-05-16T03:33:27.920+0000] {logging_mixin.py:188} INFO - [2026-05-16T03:33:27.920+0000] {dag.py:3036} INFO - Sync 1 DAGs
[2026-05-16T03:33:28.010+0000] {logging_mixin.py:188} INFO - [2026-05-16T03:33:28.010+0000] {dag.py:3823} INFO - Setting next_dagrun for example_trigger_controller_dag to 2021-01-01 00:00:00+00:00, run_after=2021-01-01 00:00:00+00:00
[2026-05-16T03:33:28.051+0000] {processor.py:183} INFO - Processing /home/airflow/.local/lib/python3.8/site-packages/airflow/example_dags/example_trigger_controller_dag.py took 0.262 seconds
[2026-05-16T03:33:58.392+0000] {processor.py:161} INFO - Started process (PID=6481) to work on /home/airflow/.local/lib/python3.8/site-packages/airflow/example_dags/example_trigger_controller_dag.py
[2026-05-16T03:33:58.394+0000] {processor.py:830} INFO - Processing file /home/airflow/.local/lib/python3.8/site-packages/airflow/example_dags/example_trigger_controller_dag.py for tasks to queue
[2026-05-16T03:33:58.398+0000] {logging_mixin.py:188} INFO - [2026-05-16T03:33:58.397+0000] {dagbag.py:538} INFO - Filling up the DagBag from /home/airflow/.local/lib/python3.8/site-packages/airflow/example_dags/example_trigger_controller_dag.py
[2026-05-16T03:33:58.406+0000] {processor.py:840} INFO - DAG(s) 'example_trigger_controller_dag' retrieved from /home/airflow/.local/lib/python3.8/site-packages/airflow/example_dags/example_trigger_controller_dag.py
[2026-05-16T03:33:58.446+0000] {logging_mixin.py:188} INFO - [2026-05-16T03:33:58.446+0000] {dag.py:3036} INFO - Sync 1 DAGs
[2026-05-16T03:33:58.493+0000] {logging_mixin.py:188} INFO - [2026-05-16T03:33:58.493+0000] {dag.py:3823} INFO - Setting next_dagrun for example_trigger_controller_dag to 2021-01-01 00:00:00+00:00, run_after=2021-01-01 00:00:00+00:00
[2026-05-16T03:33:58.527+0000] {processor.py:183} INFO - Processing /home/airflow/.local/lib/python3.8/site-packages/airflow/example_dags/example_trigger_controller_dag.py took 0.142 seconds
[2026-05-16T03:34:28.649+0000] {processor.py:161} INFO - Started process (PID=6548) to work on /home/airflow/.local/lib/python3.8/site-packages/airflow/example_dags/example_trigger_controller_dag.py
[2026-05-16T03:34:28.650+0000] {processor.py:830} INFO - Processing file /home/airflow/.local/lib/python3.8/site-packages/airflow/example_dags/example_trigger_controller_dag.py for tasks to queue
[2026-05-16T03:34:28.653+0000] {logging_mixin.py:188} INFO - [2026-05-16T03:34:28.653+0000] {dagbag.py:538} INFO - Filling up the DagBag from /home/airflow/.local/lib/python3.8/site-packages/airflow/example_dags/example_trigger_controller_dag.py
[2026-05-16T03:34:28.662+0000] {processor.py:840} INFO - DAG(s) 'example_trigger_controller_dag' retrieved from /home/airflow/.local/lib/python3.8/site-packages/airflow/example_dags/example_trigger_controller_dag.py
[2026-05-16T03:34:28.706+0000] {logging_mixin.py:188} INFO - [2026-05-16T03:34:28.706+0000] {dag.py:3036} INFO - Sync 1 DAGs
[2026-05-16T03:34:28.763+0000] {logging_mixin.py:188} INFO - [2026-05-16T03:34:28.762+0000] {dag.py:3823} INFO - Setting next_dagrun for example_trigger_controller_dag to 2021-01-01 00:00:00+00:00, run_after=2021-01-01 00:00:00+00:00
[2026-05-16T03:34:28.797+0000] {processor.py:183} INFO - Processing /home/airflow/.local/lib/python3.8/site-packages/airflow/example_dags/example_trigger_controller_dag.py took 0.158 seconds
[2026-05-16T03:34:59.001+0000] {processor.py:161} INFO - Started process (PID=6614) to work on /home/airflow/.local/lib/python3.8/site-packages/airflow/example_dags/example_trigger_controller_dag.py
[2026-05-16T03:34:59.003+0000] {processor.py:830} INFO - Processing file /home/airflow/.local/lib/python3.8/site-packages/airflow/example_dags/example_trigger_controller_dag.py for tasks to queue
[2026-05-16T03:34:59.006+0000] {logging_mixin.py:188} INFO - [2026-05-16T03:34:59.006+0000] {dagbag.py:538} INFO - Filling up the DagBag from /home/airflow/.local/lib/python3.8/site-packages/airflow/example_dags/example_trigger_controller_dag.py
[2026-05-16T03:34:59.014+0000] {processor.py:840} INFO - DAG(s) 'example_trigger_controller_dag' retrieved from /home/airflow/.local/lib/python3.8/site-packages/airflow/example_dags/example_trigger_controller_dag.py
[2026-05-16T03:34:59.056+0000] {logging_mixin.py:188} INFO - [2026-05-16T03:34:59.055+0000] {dag.py:3036} INFO - Sync 1 DAGs
[2026-05-16T03:34:59.104+0000] {logging_mixin.py:188} INFO - [2026-05-16T03:34:59.103+0000] {dag.py:3823} INFO - Setting next_dagrun for example_trigger_controller_dag to 2021-01-01 00:00:00+00:00, run_after=2021-01-01 00:00:00+00:00
[2026-05-16T03:34:59.138+0000] {processor.py:183} INFO - Processing /home/airflow/.local/lib/python3.8/site-packages/airflow/example_dags/example_trigger_controller_dag.py took 0.142 seconds
[2026-05-16T03:35:29.332+0000] {processor.py:161} INFO - Started process (PID=6678) to work on /home/airflow/.local/lib/python3.8/site-packages/airflow/example_dags/example_trigger_controller_dag.py
[2026-05-16T03:35:29.334+0000] {processor.py:830} INFO - Processing file /home/airflow/.local/lib/python3.8/site-packages/airflow/example_dags/example_trigger_controller_dag.py for tasks to queue
[2026-05-16T03:35:29.336+0000] {logging_mixin.py:188} INFO - [2026-05-16T03:35:29.336+0000] {dagbag.py:538} INFO - Filling up the DagBag from /home/airflow/.local/lib/python3.8/site-packages/airflow/example_dags/example_trigger_controller_dag.py
[2026-05-16T03:35:29.345+0000] {processor.py:840} INFO - DAG(s) 'example_trigger_controller_dag' retrieved from /home/airflow/.local/lib/python3.8/site-packages/airflow/example_dags/example_trigger_controller_dag.py
[2026-05-16T03:35:29.380+0000] {logging_mixin.py:188} INFO - [2026-05-16T03:35:29.380+0000] {dag.py:3036} INFO - Sync 1 DAGs
[2026-05-16T03:35:29.418+0000] {logging_mixin.py:188} INFO - [2026-05-16T03:35:29.417+0000] {dag.py:3823} INFO - Setting next_dagrun for example_trigger_controller_dag to 2021-01-01 00:00:00+00:00, run_after=2021-01-01 00:00:00+00:00
[2026-05-16T03:35:29.449+0000] {processor.py:183} INFO - Processing /home/airflow/.local/lib/python3.8/site-packages/airflow/example_dags/example_trigger_controller_dag.py took 0.122 seconds
[2026-05-16T03:35:59.516+0000] {processor.py:161} INFO - Started process (PID=6743) to work on /home/airflow/.local/lib/python3.8/site-packages/airflow/example_dags/example_trigger_controller_dag.py
[2026-05-16T03:35:59.518+0000] {processor.py:830} INFO - Processing file /home/airflow/.local/lib/python3.8/site-packages/airflow/example_dags/example_trigger_controller_dag.py for tasks to queue
[2026-05-16T03:35:59.521+0000] {logging_mixin.py:188} INFO - [2026-05-16T03:35:59.520+0000] {dagbag.py:538} INFO - Filling up the DagBag from /home/airflow/.local/lib/python3.8/site-packages/airflow/example_dags/example_trigger_controller_dag.py
[2026-05-16T03:35:59.529+0000] {processor.py:840} INFO - DAG(s) 'example_trigger_controller_dag' retrieved from /home/airflow/.local/lib/python3.8/site-packages/airflow/example_dags/example_trigger_controller_dag.py
[2026-05-16T03:35:59.567+0000] {logging_mixin.py:188} INFO - [2026-05-16T03:35:59.567+0000] {dag.py:3036} INFO - Sync 1 DAGs
[2026-05-16T03:35:59.616+0000] {logging_mixin.py:188} INFO - [2026-05-16T03:35:59.616+0000] {dag.py:3823} INFO - Setting next_dagrun for example_trigger_controller_dag to 2021-01-01 00:00:00+00:00, run_after=2021-01-01 00:00:00+00:00
[2026-05-16T03:35:59.650+0000] {processor.py:183} INFO - Processing /home/airflow/.local/lib/python3.8/site-packages/airflow/example_dags/example_trigger_controller_dag.py took 0.139 seconds
[2026-05-16T03:36:30.063+0000] {processor.py:161} INFO - Started process (PID=6808) to work on /home/airflow/.local/lib/python3.8/site-packages/airflow/example_dags/example_trigger_controller_dag.py
[2026-05-16T03:36:30.065+0000] {processor.py:830} INFO - Processing file /home/airflow/.local/lib/python3.8/site-packages/airflow/example_dags/example_trigger_controller_dag.py for tasks to queue
[2026-05-16T03:36:30.068+0000] {logging_mixin.py:188} INFO - [2026-05-16T03:36:30.068+0000] {dagbag.py:538} INFO - Filling up the DagBag from /home/airflow/.local/lib/python3.8/site-packages/airflow/example_dags/example_trigger_controller_dag.py
[2026-05-16T03:36:30.076+0000] {processor.py:840} INFO - DAG(s) 'example_trigger_controller_dag' retrieved from /home/airflow/.local/lib/python3.8/site-packages/airflow/example_dags/example_trigger_controller_dag.py
[2026-05-16T03:36:30.116+0000] {logging_mixin.py:188} INFO - [2026-05-16T03:36:30.116+0000] {dag.py:3036} INFO - Sync 1 DAGs
[2026-05-16T03:36:30.156+0000] {logging_mixin.py:188} INFO - [2026-05-16T03:36:30.155+0000] {dag.py:3823} INFO - Setting next_dagrun for example_trigger_controller_dag to 2021-01-01 00:00:00+00:00, run_after=2021-01-01 00:00:00+00:00
[2026-05-16T03:36:30.189+0000] {processor.py:183} INFO - Processing /home/airflow/.local/lib/python3.8/site-packages/airflow/example_dags/example_trigger_controller_dag.py took 0.131 seconds
[2026-05-16T03:37:00.636+0000] {processor.py:161} INFO - Started process (PID=6872) to work on /home/airflow/.local/lib/python3.8/site-packages/airflow/example_dags/example_trigger_controller_dag.py
[2026-05-16T03:37:00.637+0000] {processor.py:830} INFO - Processing file /home/airflow/.local/lib/python3.8/site-packages/airflow/example_dags/example_trigger_controller_dag.py for tasks to queue
[2026-05-16T03:37:00.640+0000] {logging_mixin.py:188} INFO - [2026-05-16T03:37:00.640+0000] {dagbag.py:538} INFO - Filling up the DagBag from /home/airflow/.local/lib/python3.8/site-packages/airflow/example_dags/example_trigger_controller_dag.py
[2026-05-16T03:37:00.648+0000] {processor.py:840} INFO - DAG(s) 'example_trigger_controller_dag' retrieved from /home/airflow/.local/lib/python3.8/site-packages/airflow/example_dags/example_trigger_controller_dag.py
[2026-05-16T03:37:00.690+0000] {logging_mixin.py:188} INFO - [2026-05-16T03:37:00.689+0000] {dag.py:3036} INFO - Sync 1 DAGs
[2026-05-16T03:37:00.734+0000] {logging_mixin.py:188} INFO - [2026-05-16T03:37:00.733+0000] {dag.py:3823} INFO - Setting next_dagrun for example_trigger_controller_dag to 2021-01-01 00:00:00+00:00, run_after=2021-01-01 00:00:00+00:00
[2026-05-16T03:37:00.768+0000] {processor.py:183} INFO - Processing /home/airflow/.local/lib/python3.8/site-packages/airflow/example_dags/example_trigger_controller_dag.py took 0.138 seconds
[2026-05-16T03:37:30.898+0000] {processor.py:161} INFO - Started process (PID=6937) to work on /home/airflow/.local/lib/python3.8/site-packages/airflow/example_dags/example_trigger_controller_dag.py
[2026-05-16T03:37:30.900+0000] {processor.py:830} INFO - Processing file /home/airflow/.local/lib/python3.8/site-packages/airflow/example_dags/example_trigger_controller_dag.py for tasks to queue
[2026-05-16T03:37:30.903+0000] {logging_mixin.py:188} INFO - [2026-05-16T03:37:30.902+0000] {dagbag.py:538} INFO - Filling up the DagBag from /home/airflow/.local/lib/python3.8/site-packages/airflow/example_dags/example_trigger_controller_dag.py
[2026-05-16T03:37:30.911+0000] {processor.py:840} INFO - DAG(s) 'example_trigger_controller_dag' retrieved from /home/airflow/.local/lib/python3.8/site-packages/airflow/example_dags/example_trigger_controller_dag.py
[2026-05-16T03:37:30.953+0000] {logging_mixin.py:188} INFO - [2026-05-16T03:37:30.953+0000] {dag.py:3036} INFO - Sync 1 DAGs
[2026-05-16T03:37:30.994+0000] {logging_mixin.py:188} INFO - [2026-05-16T03:37:30.993+0000] {dag.py:3823} INFO - Setting next_dagrun for example_trigger_controller_dag to 2021-01-01 00:00:00+00:00, run_after=2021-01-01 00:00:00+00:00
[2026-05-16T03:37:31.028+0000] {processor.py:183} INFO - Processing /home/airflow/.local/lib/python3.8/site-packages/airflow/example_dags/example_trigger_controller_dag.py took 0.135 seconds
[2026-05-16T03:38:01.135+0000] {processor.py:161} INFO - Started process (PID=7001) to work on /home/airflow/.local/lib/python3.8/site-packages/airflow/example_dags/example_trigger_controller_dag.py
[2026-05-16T03:38:01.136+0000] {processor.py:830} INFO - Processing file /home/airflow/.local/lib/python3.8/site-packages/airflow/example_dags/example_trigger_controller_dag.py for tasks to queue
[2026-05-16T03:38:01.139+0000] {logging_mixin.py:188} INFO - [2026-05-16T03:38:01.139+0000] {dagbag.py:538} INFO - Filling up the DagBag from /home/airflow/.local/lib/python3.8/site-packages/airflow/example_dags/example_trigger_controller_dag.py
[2026-05-16T03:38:01.147+0000] {processor.py:840} INFO - DAG(s) 'example_trigger_controller_dag' retrieved from /home/airflow/.local/lib/python3.8/site-packages/airflow/example_dags/example_trigger_controller_dag.py
[2026-05-16T03:38:01.185+0000] {logging_mixin.py:188} INFO - [2026-05-16T03:38:01.185+0000] {dag.py:3036} INFO - Sync 1 DAGs
[2026-05-16T03:38:01.227+0000] {logging_mixin.py:188} INFO - [2026-05-16T03:38:01.226+0000] {dag.py:3823} INFO - Setting next_dagrun for example_trigger_controller_dag to 2021-01-01 00:00:00+00:00, run_after=2021-01-01 00:00:00+00:00
[2026-05-16T03:38:01.262+0000] {processor.py:183} INFO - Processing /home/airflow/.local/lib/python3.8/site-packages/airflow/example_dags/example_trigger_controller_dag.py took 0.132 seconds
[2026-05-16T03:38:32.089+0000] {processor.py:161} INFO - Started process (PID=7066) to work on /home/airflow/.local/lib/python3.8/site-packages/airflow/example_dags/example_trigger_controller_dag.py
[2026-05-16T03:38:32.091+0000] {processor.py:830} INFO - Processing file /home/airflow/.local/lib/python3.8/site-packages/airflow/example_dags/example_trigger_controller_dag.py for tasks to queue
[2026-05-16T03:38:32.095+0000] {logging_mixin.py:188} INFO - [2026-05-16T03:38:32.095+0000] {dagbag.py:538} INFO - Filling up the DagBag from /home/airflow/.local/lib/python3.8/site-packages/airflow/example_dags/example_trigger_controller_dag.py
[2026-05-16T03:38:32.101+0000] {processor.py:840} INFO - DAG(s) 'example_trigger_controller_dag' retrieved from /home/airflow/.local/lib/python3.8/site-packages/airflow/example_dags/example_trigger_controller_dag.py
[2026-05-16T03:38:32.136+0000] {logging_mixin.py:188} INFO - [2026-05-16T03:38:32.136+0000] {dag.py:3036} INFO - Sync 1 DAGs
[2026-05-16T03:38:32.172+0000] {logging_mixin.py:188} INFO - [2026-05-16T03:38:32.171+0000] {dag.py:3823} INFO - Setting next_dagrun for example_trigger_controller_dag to 2021-01-01 00:00:00+00:00, run_after=2021-01-01 00:00:00+00:00
[2026-05-16T03:38:32.201+0000] {processor.py:183} INFO - Processing /home/airflow/.local/lib/python3.8/site-packages/airflow/example_dags/example_trigger_controller_dag.py took 0.116 seconds
[2026-05-16T03:39:02.840+0000] {processor.py:161} INFO - Started process (PID=7131) to work on /home/airflow/.local/lib/python3.8/site-packages/airflow/example_dags/example_trigger_controller_dag.py
[2026-05-16T03:39:02.841+0000] {processor.py:830} INFO - Processing file /home/airflow/.local/lib/python3.8/site-packages/airflow/example_dags/example_trigger_controller_dag.py for tasks to queue
[2026-05-16T03:39:02.845+0000] {logging_mixin.py:188} INFO - [2026-05-16T03:39:02.844+0000] {dagbag.py:538} INFO - Filling up the DagBag from /home/airflow/.local/lib/python3.8/site-packages/airflow/example_dags/example_trigger_controller_dag.py
[2026-05-16T03:39:02.853+0000] {processor.py:840} INFO - DAG(s) 'example_trigger_controller_dag' retrieved from /home/airflow/.local/lib/python3.8/site-packages/airflow/example_dags/example_trigger_controller_dag.py
[2026-05-16T03:39:02.894+0000] {logging_mixin.py:188} INFO - [2026-05-16T03:39:02.893+0000] {dag.py:3036} INFO - Sync 1 DAGs
[2026-05-16T03:39:02.936+0000] {logging_mixin.py:188} INFO - [2026-05-16T03:39:02.935+0000] {dag.py:3823} INFO - Setting next_dagrun for example_trigger_controller_dag to 2021-01-01 00:00:00+00:00, run_after=2021-01-01 00:00:00+00:00
[2026-05-16T03:39:02.970+0000] {processor.py:183} INFO - Processing /home/airflow/.local/lib/python3.8/site-packages/airflow/example_dags/example_trigger_controller_dag.py took 0.135 seconds
[2026-05-16T03:39:33.508+0000] {processor.py:161} INFO - Started process (PID=7203) to work on /home/airflow/.local/lib/python3.8/site-packages/airflow/example_dags/example_trigger_controller_dag.py
[2026-05-16T03:39:33.510+0000] {processor.py:830} INFO - Processing file /home/airflow/.local/lib/python3.8/site-packages/airflow/example_dags/example_trigger_controller_dag.py for tasks to queue
[2026-05-16T03:39:33.514+0000] {logging_mixin.py:188} INFO - [2026-05-16T03:39:33.513+0000] {dagbag.py:538} INFO - Filling up the DagBag from /home/airflow/.local/lib/python3.8/site-packages/airflow/example_dags/example_trigger_controller_dag.py
[2026-05-16T03:39:33.521+0000] {processor.py:840} INFO - DAG(s) 'example_trigger_controller_dag' retrieved from /home/airflow/.local/lib/python3.8/site-packages/airflow/example_dags/example_trigger_controller_dag.py
[2026-05-16T03:39:33.562+0000] {logging_mixin.py:188} INFO - [2026-05-16T03:39:33.562+0000] {dag.py:3036} INFO - Sync 1 DAGs
[2026-05-16T03:39:33.607+0000] {logging_mixin.py:188} INFO - [2026-05-16T03:39:33.606+0000] {dag.py:3823} INFO - Setting next_dagrun for example_trigger_controller_dag to 2021-01-01 00:00:00+00:00, run_after=2021-01-01 00:00:00+00:00
[2026-05-16T03:39:33.644+0000] {processor.py:183} INFO - Processing /home/airflow/.local/lib/python3.8/site-packages/airflow/example_dags/example_trigger_controller_dag.py took 0.142 seconds
