[2026-05-16T02:44:14.957+0000] {processor.py:161} INFO - Started process (PID=69) to work on /home/airflow/.local/lib/python3.8/site-packages/airflow/example_dags/example_subdag_operator.py
[2026-05-16T02:44:14.976+0000] {processor.py:830} INFO - Processing file /home/airflow/.local/lib/python3.8/site-packages/airflow/example_dags/example_subdag_operator.py for tasks to queue
[2026-05-16T02:44:14.980+0000] {logging_mixin.py:188} INFO - [2026-05-16T02:44:14.979+0000] {dagbag.py:538} INFO - Filling up the DagBag from /home/airflow/.local/lib/python3.8/site-packages/airflow/example_dags/example_subdag_operator.py
[2026-05-16T02:44:15.083+0000] {processor.py:840} INFO - DAG(s) 'example_subdag_operator.section-1', 'example_subdag_operator.section-2', 'example_subdag_operator' retrieved from /home/airflow/.local/lib/python3.8/site-packages/airflow/example_dags/example_subdag_operator.py
[2026-05-16T02:44:15.577+0000] {logging_mixin.py:188} INFO - [2026-05-16T02:44:15.576+0000] {dag.py:3036} INFO - Sync 3 DAGs
[2026-05-16T02:44:15.656+0000] {logging_mixin.py:188} INFO - [2026-05-16T02:44:15.655+0000] {dag.py:3823} INFO - Setting next_dagrun for example_subdag_operator to 2022-01-01 00:00:00+00:00, run_after=2022-01-01 00:00:00+00:00
[2026-05-16T02:44:15.665+0000] {logging_mixin.py:188} INFO - [2026-05-16T02:44:15.665+0000] {dag.py:3823} INFO - Setting next_dagrun for example_subdag_operator.section-1 to None, run_after=None
[2026-05-16T02:44:15.668+0000] {logging_mixin.py:188} INFO - [2026-05-16T02:44:15.667+0000] {dag.py:3823} INFO - Setting next_dagrun for example_subdag_operator.section-2 to None, run_after=None
[2026-05-16T02:44:15.702+0000] {logging_mixin.py:188} INFO - [2026-05-16T02:44:15.701+0000] {dag.py:3036} INFO - Sync 2 DAGs
[2026-05-16T02:44:15.720+0000] {logging_mixin.py:188} INFO - [2026-05-16T02:44:15.720+0000] {dag.py:3823} INFO - Setting next_dagrun for example_subdag_operator.section-1 to None, run_after=None
[2026-05-16T02:44:15.721+0000] {logging_mixin.py:188} INFO - [2026-05-16T02:44:15.721+0000] {dag.py:3823} INFO - Setting next_dagrun for example_subdag_operator.section-2 to None, run_after=None
[2026-05-16T02:44:15.803+0000] {processor.py:183} INFO - Processing /home/airflow/.local/lib/python3.8/site-packages/airflow/example_dags/example_subdag_operator.py took 0.887 seconds
[2026-05-16T02:44:46.463+0000] {processor.py:161} INFO - Started process (PID=135) to work on /home/airflow/.local/lib/python3.8/site-packages/airflow/example_dags/example_subdag_operator.py
[2026-05-16T02:44:46.466+0000] {processor.py:830} INFO - Processing file /home/airflow/.local/lib/python3.8/site-packages/airflow/example_dags/example_subdag_operator.py for tasks to queue
[2026-05-16T02:44:46.470+0000] {logging_mixin.py:188} INFO - [2026-05-16T02:44:46.468+0000] {dagbag.py:538} INFO - Filling up the DagBag from /home/airflow/.local/lib/python3.8/site-packages/airflow/example_dags/example_subdag_operator.py
[2026-05-16T02:44:46.519+0000] {processor.py:840} INFO - DAG(s) 'example_subdag_operator.section-1', 'example_subdag_operator.section-2', 'example_subdag_operator' retrieved from /home/airflow/.local/lib/python3.8/site-packages/airflow/example_dags/example_subdag_operator.py
[2026-05-16T02:44:46.552+0000] {logging_mixin.py:188} INFO - [2026-05-16T02:44:46.551+0000] {dag.py:3036} INFO - Sync 3 DAGs
[2026-05-16T02:44:46.596+0000] {logging_mixin.py:188} INFO - [2026-05-16T02:44:46.596+0000] {dag.py:3823} INFO - Setting next_dagrun for example_subdag_operator to 2022-01-01 00:00:00+00:00, run_after=2022-01-01 00:00:00+00:00
[2026-05-16T02:44:46.603+0000] {logging_mixin.py:188} INFO - [2026-05-16T02:44:46.603+0000] {dag.py:3823} INFO - Setting next_dagrun for example_subdag_operator.section-1 to None, run_after=None
[2026-05-16T02:44:46.606+0000] {logging_mixin.py:188} INFO - [2026-05-16T02:44:46.605+0000] {dag.py:3823} INFO - Setting next_dagrun for example_subdag_operator.section-2 to None, run_after=None
[2026-05-16T02:44:46.619+0000] {logging_mixin.py:188} INFO - [2026-05-16T02:44:46.619+0000] {dag.py:3036} INFO - Sync 2 DAGs
[2026-05-16T02:44:46.630+0000] {logging_mixin.py:188} INFO - [2026-05-16T02:44:46.629+0000] {dag.py:3823} INFO - Setting next_dagrun for example_subdag_operator.section-1 to None, run_after=None
[2026-05-16T02:44:46.631+0000] {logging_mixin.py:188} INFO - [2026-05-16T02:44:46.630+0000] {dag.py:3823} INFO - Setting next_dagrun for example_subdag_operator.section-2 to None, run_after=None
[2026-05-16T02:44:46.650+0000] {processor.py:183} INFO - Processing /home/airflow/.local/lib/python3.8/site-packages/airflow/example_dags/example_subdag_operator.py took 0.193 seconds
[2026-05-16T02:45:16.770+0000] {processor.py:161} INFO - Started process (PID=200) to work on /home/airflow/.local/lib/python3.8/site-packages/airflow/example_dags/example_subdag_operator.py
[2026-05-16T02:45:16.775+0000] {processor.py:830} INFO - Processing file /home/airflow/.local/lib/python3.8/site-packages/airflow/example_dags/example_subdag_operator.py for tasks to queue
[2026-05-16T02:45:16.782+0000] {logging_mixin.py:188} INFO - [2026-05-16T02:45:16.781+0000] {dagbag.py:538} INFO - Filling up the DagBag from /home/airflow/.local/lib/python3.8/site-packages/airflow/example_dags/example_subdag_operator.py
[2026-05-16T02:45:16.840+0000] {processor.py:840} INFO - DAG(s) 'example_subdag_operator.section-1', 'example_subdag_operator.section-2', 'example_subdag_operator' retrieved from /home/airflow/.local/lib/python3.8/site-packages/airflow/example_dags/example_subdag_operator.py
[2026-05-16T02:45:16.871+0000] {logging_mixin.py:188} INFO - [2026-05-16T02:45:16.870+0000] {dag.py:3036} INFO - Sync 3 DAGs
[2026-05-16T02:45:16.908+0000] {logging_mixin.py:188} INFO - [2026-05-16T02:45:16.907+0000] {dag.py:3823} INFO - Setting next_dagrun for example_subdag_operator to 2022-01-01 00:00:00+00:00, run_after=2022-01-01 00:00:00+00:00
[2026-05-16T02:45:16.915+0000] {logging_mixin.py:188} INFO - [2026-05-16T02:45:16.914+0000] {dag.py:3823} INFO - Setting next_dagrun for example_subdag_operator.section-1 to None, run_after=None
[2026-05-16T02:45:16.918+0000] {logging_mixin.py:188} INFO - [2026-05-16T02:45:16.917+0000] {dag.py:3823} INFO - Setting next_dagrun for example_subdag_operator.section-2 to None, run_after=None
[2026-05-16T02:45:16.930+0000] {logging_mixin.py:188} INFO - [2026-05-16T02:45:16.930+0000] {dag.py:3036} INFO - Sync 2 DAGs
[2026-05-16T02:45:16.940+0000] {logging_mixin.py:188} INFO - [2026-05-16T02:45:16.939+0000] {dag.py:3823} INFO - Setting next_dagrun for example_subdag_operator.section-1 to None, run_after=None
[2026-05-16T02:45:16.940+0000] {logging_mixin.py:188} INFO - [2026-05-16T02:45:16.940+0000] {dag.py:3823} INFO - Setting next_dagrun for example_subdag_operator.section-2 to None, run_after=None
[2026-05-16T02:45:16.963+0000] {processor.py:183} INFO - Processing /home/airflow/.local/lib/python3.8/site-packages/airflow/example_dags/example_subdag_operator.py took 0.214 seconds
[2026-05-16T02:45:47.085+0000] {processor.py:161} INFO - Started process (PID=264) to work on /home/airflow/.local/lib/python3.8/site-packages/airflow/example_dags/example_subdag_operator.py
[2026-05-16T02:45:47.087+0000] {processor.py:830} INFO - Processing file /home/airflow/.local/lib/python3.8/site-packages/airflow/example_dags/example_subdag_operator.py for tasks to queue
[2026-05-16T02:45:47.089+0000] {logging_mixin.py:188} INFO - [2026-05-16T02:45:47.089+0000] {dagbag.py:538} INFO - Filling up the DagBag from /home/airflow/.local/lib/python3.8/site-packages/airflow/example_dags/example_subdag_operator.py
[2026-05-16T02:45:47.134+0000] {processor.py:840} INFO - DAG(s) 'example_subdag_operator.section-1', 'example_subdag_operator.section-2', 'example_subdag_operator' retrieved from /home/airflow/.local/lib/python3.8/site-packages/airflow/example_dags/example_subdag_operator.py
[2026-05-16T02:45:47.163+0000] {logging_mixin.py:188} INFO - [2026-05-16T02:45:47.162+0000] {dag.py:3036} INFO - Sync 3 DAGs
[2026-05-16T02:45:47.203+0000] {logging_mixin.py:188} INFO - [2026-05-16T02:45:47.202+0000] {dag.py:3823} INFO - Setting next_dagrun for example_subdag_operator to 2022-01-01 00:00:00+00:00, run_after=2022-01-01 00:00:00+00:00
[2026-05-16T02:45:47.209+0000] {logging_mixin.py:188} INFO - [2026-05-16T02:45:47.208+0000] {dag.py:3823} INFO - Setting next_dagrun for example_subdag_operator.section-1 to None, run_after=None
[2026-05-16T02:45:47.210+0000] {logging_mixin.py:188} INFO - [2026-05-16T02:45:47.210+0000] {dag.py:3823} INFO - Setting next_dagrun for example_subdag_operator.section-2 to None, run_after=None
[2026-05-16T02:45:47.222+0000] {logging_mixin.py:188} INFO - [2026-05-16T02:45:47.221+0000] {dag.py:3036} INFO - Sync 2 DAGs
[2026-05-16T02:45:47.230+0000] {logging_mixin.py:188} INFO - [2026-05-16T02:45:47.229+0000] {dag.py:3823} INFO - Setting next_dagrun for example_subdag_operator.section-1 to None, run_after=None
[2026-05-16T02:45:47.230+0000] {logging_mixin.py:188} INFO - [2026-05-16T02:45:47.230+0000] {dag.py:3823} INFO - Setting next_dagrun for example_subdag_operator.section-2 to None, run_after=None
[2026-05-16T02:45:47.248+0000] {processor.py:183} INFO - Processing /home/airflow/.local/lib/python3.8/site-packages/airflow/example_dags/example_subdag_operator.py took 0.168 seconds
[2026-05-16T02:46:17.507+0000] {processor.py:161} INFO - Started process (PID=329) to work on /home/airflow/.local/lib/python3.8/site-packages/airflow/example_dags/example_subdag_operator.py
[2026-05-16T02:46:17.508+0000] {processor.py:830} INFO - Processing file /home/airflow/.local/lib/python3.8/site-packages/airflow/example_dags/example_subdag_operator.py for tasks to queue
[2026-05-16T02:46:17.511+0000] {logging_mixin.py:188} INFO - [2026-05-16T02:46:17.511+0000] {dagbag.py:538} INFO - Filling up the DagBag from /home/airflow/.local/lib/python3.8/site-packages/airflow/example_dags/example_subdag_operator.py
[2026-05-16T02:46:17.558+0000] {processor.py:840} INFO - DAG(s) 'example_subdag_operator.section-1', 'example_subdag_operator.section-2', 'example_subdag_operator' retrieved from /home/airflow/.local/lib/python3.8/site-packages/airflow/example_dags/example_subdag_operator.py
[2026-05-16T02:46:17.588+0000] {logging_mixin.py:188} INFO - [2026-05-16T02:46:17.587+0000] {dag.py:3036} INFO - Sync 3 DAGs
[2026-05-16T02:46:17.626+0000] {logging_mixin.py:188} INFO - [2026-05-16T02:46:17.626+0000] {dag.py:3823} INFO - Setting next_dagrun for example_subdag_operator to 2022-01-01 00:00:00+00:00, run_after=2022-01-01 00:00:00+00:00
[2026-05-16T02:46:17.632+0000] {logging_mixin.py:188} INFO - [2026-05-16T02:46:17.632+0000] {dag.py:3823} INFO - Setting next_dagrun for example_subdag_operator.section-1 to None, run_after=None
[2026-05-16T02:46:17.635+0000] {logging_mixin.py:188} INFO - [2026-05-16T02:46:17.634+0000] {dag.py:3823} INFO - Setting next_dagrun for example_subdag_operator.section-2 to None, run_after=None
[2026-05-16T02:46:17.647+0000] {logging_mixin.py:188} INFO - [2026-05-16T02:46:17.646+0000] {dag.py:3036} INFO - Sync 2 DAGs
[2026-05-16T02:46:17.655+0000] {logging_mixin.py:188} INFO - [2026-05-16T02:46:17.655+0000] {dag.py:3823} INFO - Setting next_dagrun for example_subdag_operator.section-1 to None, run_after=None
[2026-05-16T02:46:17.656+0000] {logging_mixin.py:188} INFO - [2026-05-16T02:46:17.656+0000] {dag.py:3823} INFO - Setting next_dagrun for example_subdag_operator.section-2 to None, run_after=None
[2026-05-16T02:46:17.673+0000] {processor.py:183} INFO - Processing /home/airflow/.local/lib/python3.8/site-packages/airflow/example_dags/example_subdag_operator.py took 0.172 seconds
[2026-05-16T02:46:47.885+0000] {processor.py:161} INFO - Started process (PID=393) to work on /home/airflow/.local/lib/python3.8/site-packages/airflow/example_dags/example_subdag_operator.py
[2026-05-16T02:46:47.887+0000] {processor.py:830} INFO - Processing file /home/airflow/.local/lib/python3.8/site-packages/airflow/example_dags/example_subdag_operator.py for tasks to queue
[2026-05-16T02:46:47.890+0000] {logging_mixin.py:188} INFO - [2026-05-16T02:46:47.889+0000] {dagbag.py:538} INFO - Filling up the DagBag from /home/airflow/.local/lib/python3.8/site-packages/airflow/example_dags/example_subdag_operator.py
[2026-05-16T02:46:47.937+0000] {processor.py:840} INFO - DAG(s) 'example_subdag_operator.section-1', 'example_subdag_operator.section-2', 'example_subdag_operator' retrieved from /home/airflow/.local/lib/python3.8/site-packages/airflow/example_dags/example_subdag_operator.py
[2026-05-16T02:46:47.966+0000] {logging_mixin.py:188} INFO - [2026-05-16T02:46:47.966+0000] {dag.py:3036} INFO - Sync 3 DAGs
[2026-05-16T02:46:48.007+0000] {logging_mixin.py:188} INFO - [2026-05-16T02:46:48.006+0000] {dag.py:3823} INFO - Setting next_dagrun for example_subdag_operator to 2022-01-01 00:00:00+00:00, run_after=2022-01-01 00:00:00+00:00
[2026-05-16T02:46:48.013+0000] {logging_mixin.py:188} INFO - [2026-05-16T02:46:48.012+0000] {dag.py:3823} INFO - Setting next_dagrun for example_subdag_operator.section-1 to None, run_after=None
[2026-05-16T02:46:48.016+0000] {logging_mixin.py:188} INFO - [2026-05-16T02:46:48.015+0000] {dag.py:3823} INFO - Setting next_dagrun for example_subdag_operator.section-2 to None, run_after=None
[2026-05-16T02:46:48.029+0000] {logging_mixin.py:188} INFO - [2026-05-16T02:46:48.029+0000] {dag.py:3036} INFO - Sync 2 DAGs
[2026-05-16T02:46:48.040+0000] {logging_mixin.py:188} INFO - [2026-05-16T02:46:48.039+0000] {dag.py:3823} INFO - Setting next_dagrun for example_subdag_operator.section-1 to None, run_after=None
[2026-05-16T02:46:48.041+0000] {logging_mixin.py:188} INFO - [2026-05-16T02:46:48.041+0000] {dag.py:3823} INFO - Setting next_dagrun for example_subdag_operator.section-2 to None, run_after=None
[2026-05-16T02:46:48.062+0000] {processor.py:183} INFO - Processing /home/airflow/.local/lib/python3.8/site-packages/airflow/example_dags/example_subdag_operator.py took 0.183 seconds
[2026-05-16T02:47:18.241+0000] {processor.py:161} INFO - Started process (PID=457) to work on /home/airflow/.local/lib/python3.8/site-packages/airflow/example_dags/example_subdag_operator.py
[2026-05-16T02:47:18.244+0000] {processor.py:830} INFO - Processing file /home/airflow/.local/lib/python3.8/site-packages/airflow/example_dags/example_subdag_operator.py for tasks to queue
[2026-05-16T02:47:18.247+0000] {logging_mixin.py:188} INFO - [2026-05-16T02:47:18.246+0000] {dagbag.py:538} INFO - Filling up the DagBag from /home/airflow/.local/lib/python3.8/site-packages/airflow/example_dags/example_subdag_operator.py
[2026-05-16T02:47:18.294+0000] {processor.py:840} INFO - DAG(s) 'example_subdag_operator.section-1', 'example_subdag_operator.section-2', 'example_subdag_operator' retrieved from /home/airflow/.local/lib/python3.8/site-packages/airflow/example_dags/example_subdag_operator.py
[2026-05-16T02:47:18.327+0000] {logging_mixin.py:188} INFO - [2026-05-16T02:47:18.327+0000] {dag.py:3036} INFO - Sync 3 DAGs
[2026-05-16T02:47:18.364+0000] {logging_mixin.py:188} INFO - [2026-05-16T02:47:18.363+0000] {dag.py:3823} INFO - Setting next_dagrun for example_subdag_operator to 2022-01-01 00:00:00+00:00, run_after=2022-01-01 00:00:00+00:00
[2026-05-16T02:47:18.370+0000] {logging_mixin.py:188} INFO - [2026-05-16T02:47:18.370+0000] {dag.py:3823} INFO - Setting next_dagrun for example_subdag_operator.section-1 to None, run_after=None
[2026-05-16T02:47:18.373+0000] {logging_mixin.py:188} INFO - [2026-05-16T02:47:18.372+0000] {dag.py:3823} INFO - Setting next_dagrun for example_subdag_operator.section-2 to None, run_after=None
[2026-05-16T02:47:18.385+0000] {logging_mixin.py:188} INFO - [2026-05-16T02:47:18.384+0000] {dag.py:3036} INFO - Sync 2 DAGs
[2026-05-16T02:47:18.395+0000] {logging_mixin.py:188} INFO - [2026-05-16T02:47:18.395+0000] {dag.py:3823} INFO - Setting next_dagrun for example_subdag_operator.section-1 to None, run_after=None
[2026-05-16T02:47:18.397+0000] {logging_mixin.py:188} INFO - [2026-05-16T02:47:18.396+0000] {dag.py:3823} INFO - Setting next_dagrun for example_subdag_operator.section-2 to None, run_after=None
[2026-05-16T02:47:18.419+0000] {processor.py:183} INFO - Processing /home/airflow/.local/lib/python3.8/site-packages/airflow/example_dags/example_subdag_operator.py took 0.183 seconds
[2026-05-16T02:47:48.980+0000] {processor.py:161} INFO - Started process (PID=522) to work on /home/airflow/.local/lib/python3.8/site-packages/airflow/example_dags/example_subdag_operator.py
[2026-05-16T02:47:48.982+0000] {processor.py:830} INFO - Processing file /home/airflow/.local/lib/python3.8/site-packages/airflow/example_dags/example_subdag_operator.py for tasks to queue
[2026-05-16T02:47:48.985+0000] {logging_mixin.py:188} INFO - [2026-05-16T02:47:48.984+0000] {dagbag.py:538} INFO - Filling up the DagBag from /home/airflow/.local/lib/python3.8/site-packages/airflow/example_dags/example_subdag_operator.py
[2026-05-16T02:47:49.034+0000] {processor.py:840} INFO - DAG(s) 'example_subdag_operator.section-1', 'example_subdag_operator.section-2', 'example_subdag_operator' retrieved from /home/airflow/.local/lib/python3.8/site-packages/airflow/example_dags/example_subdag_operator.py
[2026-05-16T02:47:49.066+0000] {logging_mixin.py:188} INFO - [2026-05-16T02:47:49.066+0000] {dag.py:3036} INFO - Sync 3 DAGs
[2026-05-16T02:47:49.110+0000] {logging_mixin.py:188} INFO - [2026-05-16T02:47:49.109+0000] {dag.py:3823} INFO - Setting next_dagrun for example_subdag_operator to 2022-01-01 00:00:00+00:00, run_after=2022-01-01 00:00:00+00:00
[2026-05-16T02:47:49.117+0000] {logging_mixin.py:188} INFO - [2026-05-16T02:47:49.116+0000] {dag.py:3823} INFO - Setting next_dagrun for example_subdag_operator.section-1 to None, run_after=None
[2026-05-16T02:47:49.119+0000] {logging_mixin.py:188} INFO - [2026-05-16T02:47:49.119+0000] {dag.py:3823} INFO - Setting next_dagrun for example_subdag_operator.section-2 to None, run_after=None
[2026-05-16T02:47:49.133+0000] {logging_mixin.py:188} INFO - [2026-05-16T02:47:49.133+0000] {dag.py:3036} INFO - Sync 2 DAGs
[2026-05-16T02:47:49.143+0000] {logging_mixin.py:188} INFO - [2026-05-16T02:47:49.142+0000] {dag.py:3823} INFO - Setting next_dagrun for example_subdag_operator.section-1 to None, run_after=None
[2026-05-16T02:47:49.143+0000] {logging_mixin.py:188} INFO - [2026-05-16T02:47:49.143+0000] {dag.py:3823} INFO - Setting next_dagrun for example_subdag_operator.section-2 to None, run_after=None
[2026-05-16T02:47:49.166+0000] {processor.py:183} INFO - Processing /home/airflow/.local/lib/python3.8/site-packages/airflow/example_dags/example_subdag_operator.py took 0.191 seconds
[2026-05-16T02:48:19.311+0000] {processor.py:161} INFO - Started process (PID=588) to work on /home/airflow/.local/lib/python3.8/site-packages/airflow/example_dags/example_subdag_operator.py
[2026-05-16T02:48:19.312+0000] {processor.py:830} INFO - Processing file /home/airflow/.local/lib/python3.8/site-packages/airflow/example_dags/example_subdag_operator.py for tasks to queue
[2026-05-16T02:48:19.315+0000] {logging_mixin.py:188} INFO - [2026-05-16T02:48:19.314+0000] {dagbag.py:538} INFO - Filling up the DagBag from /home/airflow/.local/lib/python3.8/site-packages/airflow/example_dags/example_subdag_operator.py
[2026-05-16T02:48:19.355+0000] {processor.py:840} INFO - DAG(s) 'example_subdag_operator.section-1', 'example_subdag_operator.section-2', 'example_subdag_operator' retrieved from /home/airflow/.local/lib/python3.8/site-packages/airflow/example_dags/example_subdag_operator.py
[2026-05-16T02:48:19.380+0000] {logging_mixin.py:188} INFO - [2026-05-16T02:48:19.380+0000] {dag.py:3036} INFO - Sync 3 DAGs
[2026-05-16T02:48:19.424+0000] {logging_mixin.py:188} INFO - [2026-05-16T02:48:19.424+0000] {dag.py:3823} INFO - Setting next_dagrun for example_subdag_operator to 2022-01-01 00:00:00+00:00, run_after=2022-01-01 00:00:00+00:00
[2026-05-16T02:48:19.439+0000] {logging_mixin.py:188} INFO - [2026-05-16T02:48:19.438+0000] {dag.py:3823} INFO - Setting next_dagrun for example_subdag_operator.section-1 to None, run_after=None
[2026-05-16T02:48:19.442+0000] {logging_mixin.py:188} INFO - [2026-05-16T02:48:19.442+0000] {dag.py:3823} INFO - Setting next_dagrun for example_subdag_operator.section-2 to None, run_after=None
[2026-05-16T02:48:19.458+0000] {logging_mixin.py:188} INFO - [2026-05-16T02:48:19.458+0000] {dag.py:3036} INFO - Sync 2 DAGs
[2026-05-16T02:48:19.469+0000] {logging_mixin.py:188} INFO - [2026-05-16T02:48:19.468+0000] {dag.py:3823} INFO - Setting next_dagrun for example_subdag_operator.section-1 to None, run_after=None
[2026-05-16T02:48:19.470+0000] {logging_mixin.py:188} INFO - [2026-05-16T02:48:19.469+0000] {dag.py:3823} INFO - Setting next_dagrun for example_subdag_operator.section-2 to None, run_after=None
[2026-05-16T02:48:19.497+0000] {processor.py:183} INFO - Processing /home/airflow/.local/lib/python3.8/site-packages/airflow/example_dags/example_subdag_operator.py took 0.191 seconds
[2026-05-16T02:48:49.713+0000] {processor.py:161} INFO - Started process (PID=653) to work on /home/airflow/.local/lib/python3.8/site-packages/airflow/example_dags/example_subdag_operator.py
[2026-05-16T02:48:49.715+0000] {processor.py:830} INFO - Processing file /home/airflow/.local/lib/python3.8/site-packages/airflow/example_dags/example_subdag_operator.py for tasks to queue
[2026-05-16T02:48:49.718+0000] {logging_mixin.py:188} INFO - [2026-05-16T02:48:49.718+0000] {dagbag.py:538} INFO - Filling up the DagBag from /home/airflow/.local/lib/python3.8/site-packages/airflow/example_dags/example_subdag_operator.py
[2026-05-16T02:48:49.763+0000] {processor.py:840} INFO - DAG(s) 'example_subdag_operator.section-1', 'example_subdag_operator.section-2', 'example_subdag_operator' retrieved from /home/airflow/.local/lib/python3.8/site-packages/airflow/example_dags/example_subdag_operator.py
[2026-05-16T02:48:49.796+0000] {logging_mixin.py:188} INFO - [2026-05-16T02:48:49.795+0000] {dag.py:3036} INFO - Sync 3 DAGs
[2026-05-16T02:48:49.840+0000] {logging_mixin.py:188} INFO - [2026-05-16T02:48:49.840+0000] {dag.py:3823} INFO - Setting next_dagrun for example_subdag_operator to 2022-01-01 00:00:00+00:00, run_after=2022-01-01 00:00:00+00:00
[2026-05-16T02:48:49.847+0000] {logging_mixin.py:188} INFO - [2026-05-16T02:48:49.847+0000] {dag.py:3823} INFO - Setting next_dagrun for example_subdag_operator.section-1 to None, run_after=None
[2026-05-16T02:48:49.850+0000] {logging_mixin.py:188} INFO - [2026-05-16T02:48:49.850+0000] {dag.py:3823} INFO - Setting next_dagrun for example_subdag_operator.section-2 to None, run_after=None
[2026-05-16T02:48:49.864+0000] {logging_mixin.py:188} INFO - [2026-05-16T02:48:49.863+0000] {dag.py:3036} INFO - Sync 2 DAGs
[2026-05-16T02:48:49.878+0000] {logging_mixin.py:188} INFO - [2026-05-16T02:48:49.877+0000] {dag.py:3823} INFO - Setting next_dagrun for example_subdag_operator.section-1 to None, run_after=None
[2026-05-16T02:48:49.879+0000] {logging_mixin.py:188} INFO - [2026-05-16T02:48:49.878+0000] {dag.py:3823} INFO - Setting next_dagrun for example_subdag_operator.section-2 to None, run_after=None
[2026-05-16T02:48:49.906+0000] {processor.py:183} INFO - Processing /home/airflow/.local/lib/python3.8/site-packages/airflow/example_dags/example_subdag_operator.py took 0.198 seconds
[2026-05-16T02:49:20.171+0000] {processor.py:161} INFO - Started process (PID=717) to work on /home/airflow/.local/lib/python3.8/site-packages/airflow/example_dags/example_subdag_operator.py
[2026-05-16T02:49:20.172+0000] {processor.py:830} INFO - Processing file /home/airflow/.local/lib/python3.8/site-packages/airflow/example_dags/example_subdag_operator.py for tasks to queue
[2026-05-16T02:49:20.175+0000] {logging_mixin.py:188} INFO - [2026-05-16T02:49:20.174+0000] {dagbag.py:538} INFO - Filling up the DagBag from /home/airflow/.local/lib/python3.8/site-packages/airflow/example_dags/example_subdag_operator.py
[2026-05-16T02:49:20.221+0000] {processor.py:840} INFO - DAG(s) 'example_subdag_operator.section-1', 'example_subdag_operator.section-2', 'example_subdag_operator' retrieved from /home/airflow/.local/lib/python3.8/site-packages/airflow/example_dags/example_subdag_operator.py
[2026-05-16T02:49:20.258+0000] {logging_mixin.py:188} INFO - [2026-05-16T02:49:20.258+0000] {dag.py:3036} INFO - Sync 3 DAGs
[2026-05-16T02:49:20.308+0000] {logging_mixin.py:188} INFO - [2026-05-16T02:49:20.307+0000] {dag.py:3823} INFO - Setting next_dagrun for example_subdag_operator to 2022-01-01 00:00:00+00:00, run_after=2022-01-01 00:00:00+00:00
[2026-05-16T02:49:20.314+0000] {logging_mixin.py:188} INFO - [2026-05-16T02:49:20.314+0000] {dag.py:3823} INFO - Setting next_dagrun for example_subdag_operator.section-1 to None, run_after=None
[2026-05-16T02:49:20.316+0000] {logging_mixin.py:188} INFO - [2026-05-16T02:49:20.316+0000] {dag.py:3823} INFO - Setting next_dagrun for example_subdag_operator.section-2 to None, run_after=None
[2026-05-16T02:49:20.329+0000] {logging_mixin.py:188} INFO - [2026-05-16T02:49:20.328+0000] {dag.py:3036} INFO - Sync 2 DAGs
[2026-05-16T02:49:20.337+0000] {logging_mixin.py:188} INFO - [2026-05-16T02:49:20.336+0000] {dag.py:3823} INFO - Setting next_dagrun for example_subdag_operator.section-1 to None, run_after=None
[2026-05-16T02:49:20.337+0000] {logging_mixin.py:188} INFO - [2026-05-16T02:49:20.337+0000] {dag.py:3823} INFO - Setting next_dagrun for example_subdag_operator.section-2 to None, run_after=None
[2026-05-16T02:49:20.354+0000] {processor.py:183} INFO - Processing /home/airflow/.local/lib/python3.8/site-packages/airflow/example_dags/example_subdag_operator.py took 0.192 seconds
[2026-05-16T02:49:50.412+0000] {processor.py:161} INFO - Started process (PID=782) to work on /home/airflow/.local/lib/python3.8/site-packages/airflow/example_dags/example_subdag_operator.py
[2026-05-16T02:49:50.414+0000] {processor.py:830} INFO - Processing file /home/airflow/.local/lib/python3.8/site-packages/airflow/example_dags/example_subdag_operator.py for tasks to queue
[2026-05-16T02:49:50.417+0000] {logging_mixin.py:188} INFO - [2026-05-16T02:49:50.417+0000] {dagbag.py:538} INFO - Filling up the DagBag from /home/airflow/.local/lib/python3.8/site-packages/airflow/example_dags/example_subdag_operator.py
[2026-05-16T02:49:50.463+0000] {processor.py:840} INFO - DAG(s) 'example_subdag_operator.section-1', 'example_subdag_operator.section-2', 'example_subdag_operator' retrieved from /home/airflow/.local/lib/python3.8/site-packages/airflow/example_dags/example_subdag_operator.py
[2026-05-16T02:49:50.491+0000] {logging_mixin.py:188} INFO - [2026-05-16T02:49:50.491+0000] {dag.py:3036} INFO - Sync 3 DAGs
[2026-05-16T02:49:50.530+0000] {logging_mixin.py:188} INFO - [2026-05-16T02:49:50.529+0000] {dag.py:3823} INFO - Setting next_dagrun for example_subdag_operator to 2022-01-01 00:00:00+00:00, run_after=2022-01-01 00:00:00+00:00
[2026-05-16T02:49:50.536+0000] {logging_mixin.py:188} INFO - [2026-05-16T02:49:50.536+0000] {dag.py:3823} INFO - Setting next_dagrun for example_subdag_operator.section-1 to None, run_after=None
[2026-05-16T02:49:50.538+0000] {logging_mixin.py:188} INFO - [2026-05-16T02:49:50.538+0000] {dag.py:3823} INFO - Setting next_dagrun for example_subdag_operator.section-2 to None, run_after=None
[2026-05-16T02:49:50.550+0000] {logging_mixin.py:188} INFO - [2026-05-16T02:49:50.550+0000] {dag.py:3036} INFO - Sync 2 DAGs
[2026-05-16T02:49:50.560+0000] {logging_mixin.py:188} INFO - [2026-05-16T02:49:50.559+0000] {dag.py:3823} INFO - Setting next_dagrun for example_subdag_operator.section-1 to None, run_after=None
[2026-05-16T02:49:50.561+0000] {logging_mixin.py:188} INFO - [2026-05-16T02:49:50.560+0000] {dag.py:3823} INFO - Setting next_dagrun for example_subdag_operator.section-2 to None, run_after=None
[2026-05-16T02:49:50.580+0000] {processor.py:183} INFO - Processing /home/airflow/.local/lib/python3.8/site-packages/airflow/example_dags/example_subdag_operator.py took 0.173 seconds
[2026-05-16T02:50:20.751+0000] {processor.py:161} INFO - Started process (PID=845) to work on /home/airflow/.local/lib/python3.8/site-packages/airflow/example_dags/example_subdag_operator.py
[2026-05-16T02:50:20.753+0000] {processor.py:830} INFO - Processing file /home/airflow/.local/lib/python3.8/site-packages/airflow/example_dags/example_subdag_operator.py for tasks to queue
[2026-05-16T02:50:20.755+0000] {logging_mixin.py:188} INFO - [2026-05-16T02:50:20.755+0000] {dagbag.py:538} INFO - Filling up the DagBag from /home/airflow/.local/lib/python3.8/site-packages/airflow/example_dags/example_subdag_operator.py
[2026-05-16T02:50:20.798+0000] {processor.py:840} INFO - DAG(s) 'example_subdag_operator.section-1', 'example_subdag_operator.section-2', 'example_subdag_operator' retrieved from /home/airflow/.local/lib/python3.8/site-packages/airflow/example_dags/example_subdag_operator.py
[2026-05-16T02:50:20.826+0000] {logging_mixin.py:188} INFO - [2026-05-16T02:50:20.825+0000] {dag.py:3036} INFO - Sync 3 DAGs
[2026-05-16T02:50:20.866+0000] {logging_mixin.py:188} INFO - [2026-05-16T02:50:20.865+0000] {dag.py:3823} INFO - Setting next_dagrun for example_subdag_operator to 2022-01-01 00:00:00+00:00, run_after=2022-01-01 00:00:00+00:00
[2026-05-16T02:50:20.872+0000] {logging_mixin.py:188} INFO - [2026-05-16T02:50:20.872+0000] {dag.py:3823} INFO - Setting next_dagrun for example_subdag_operator.section-1 to None, run_after=None
[2026-05-16T02:50:20.874+0000] {logging_mixin.py:188} INFO - [2026-05-16T02:50:20.874+0000] {dag.py:3823} INFO - Setting next_dagrun for example_subdag_operator.section-2 to None, run_after=None
[2026-05-16T02:50:20.887+0000] {logging_mixin.py:188} INFO - [2026-05-16T02:50:20.886+0000] {dag.py:3036} INFO - Sync 2 DAGs
[2026-05-16T02:50:20.896+0000] {logging_mixin.py:188} INFO - [2026-05-16T02:50:20.896+0000] {dag.py:3823} INFO - Setting next_dagrun for example_subdag_operator.section-1 to None, run_after=None
[2026-05-16T02:50:20.897+0000] {logging_mixin.py:188} INFO - [2026-05-16T02:50:20.897+0000] {dag.py:3823} INFO - Setting next_dagrun for example_subdag_operator.section-2 to None, run_after=None
[2026-05-16T02:50:20.917+0000] {processor.py:183} INFO - Processing /home/airflow/.local/lib/python3.8/site-packages/airflow/example_dags/example_subdag_operator.py took 0.171 seconds
[2026-05-16T02:50:51.233+0000] {processor.py:161} INFO - Started process (PID=918) to work on /home/airflow/.local/lib/python3.8/site-packages/airflow/example_dags/example_subdag_operator.py
[2026-05-16T02:50:51.236+0000] {processor.py:830} INFO - Processing file /home/airflow/.local/lib/python3.8/site-packages/airflow/example_dags/example_subdag_operator.py for tasks to queue
[2026-05-16T02:50:51.239+0000] {logging_mixin.py:188} INFO - [2026-05-16T02:50:51.238+0000] {dagbag.py:538} INFO - Filling up the DagBag from /home/airflow/.local/lib/python3.8/site-packages/airflow/example_dags/example_subdag_operator.py
[2026-05-16T02:50:51.288+0000] {processor.py:840} INFO - DAG(s) 'example_subdag_operator.section-1', 'example_subdag_operator.section-2', 'example_subdag_operator' retrieved from /home/airflow/.local/lib/python3.8/site-packages/airflow/example_dags/example_subdag_operator.py
[2026-05-16T02:50:51.320+0000] {logging_mixin.py:188} INFO - [2026-05-16T02:50:51.320+0000] {dag.py:3036} INFO - Sync 3 DAGs
[2026-05-16T02:50:51.365+0000] {logging_mixin.py:188} INFO - [2026-05-16T02:50:51.364+0000] {dag.py:3823} INFO - Setting next_dagrun for example_subdag_operator to 2022-01-01 00:00:00+00:00, run_after=2022-01-01 00:00:00+00:00
[2026-05-16T02:50:51.373+0000] {logging_mixin.py:188} INFO - [2026-05-16T02:50:51.373+0000] {dag.py:3823} INFO - Setting next_dagrun for example_subdag_operator.section-1 to None, run_after=None
[2026-05-16T02:50:51.376+0000] {logging_mixin.py:188} INFO - [2026-05-16T02:50:51.376+0000] {dag.py:3823} INFO - Setting next_dagrun for example_subdag_operator.section-2 to None, run_after=None
[2026-05-16T02:50:51.391+0000] {logging_mixin.py:188} INFO - [2026-05-16T02:50:51.390+0000] {dag.py:3036} INFO - Sync 2 DAGs
[2026-05-16T02:50:51.401+0000] {logging_mixin.py:188} INFO - [2026-05-16T02:50:51.401+0000] {dag.py:3823} INFO - Setting next_dagrun for example_subdag_operator.section-1 to None, run_after=None
[2026-05-16T02:50:51.402+0000] {logging_mixin.py:188} INFO - [2026-05-16T02:50:51.402+0000] {dag.py:3823} INFO - Setting next_dagrun for example_subdag_operator.section-2 to None, run_after=None
[2026-05-16T02:50:51.425+0000] {processor.py:183} INFO - Processing /home/airflow/.local/lib/python3.8/site-packages/airflow/example_dags/example_subdag_operator.py took 0.197 seconds
[2026-05-16T02:51:22.461+0000] {processor.py:161} INFO - Started process (PID=982) to work on /home/airflow/.local/lib/python3.8/site-packages/airflow/example_dags/example_subdag_operator.py
[2026-05-16T02:51:22.463+0000] {processor.py:830} INFO - Processing file /home/airflow/.local/lib/python3.8/site-packages/airflow/example_dags/example_subdag_operator.py for tasks to queue
[2026-05-16T02:51:22.466+0000] {logging_mixin.py:188} INFO - [2026-05-16T02:51:22.465+0000] {dagbag.py:538} INFO - Filling up the DagBag from /home/airflow/.local/lib/python3.8/site-packages/airflow/example_dags/example_subdag_operator.py
[2026-05-16T02:51:22.520+0000] {processor.py:840} INFO - DAG(s) 'example_subdag_operator.section-1', 'example_subdag_operator.section-2', 'example_subdag_operator' retrieved from /home/airflow/.local/lib/python3.8/site-packages/airflow/example_dags/example_subdag_operator.py
[2026-05-16T02:51:22.558+0000] {logging_mixin.py:188} INFO - [2026-05-16T02:51:22.558+0000] {dag.py:3036} INFO - Sync 3 DAGs
[2026-05-16T02:51:22.620+0000] {logging_mixin.py:188} INFO - [2026-05-16T02:51:22.619+0000] {dag.py:3823} INFO - Setting next_dagrun for example_subdag_operator to 2022-01-01 00:00:00+00:00, run_after=2022-01-01 00:00:00+00:00
[2026-05-16T02:51:22.627+0000] {logging_mixin.py:188} INFO - [2026-05-16T02:51:22.627+0000] {dag.py:3823} INFO - Setting next_dagrun for example_subdag_operator.section-1 to None, run_after=None
[2026-05-16T02:51:22.630+0000] {logging_mixin.py:188} INFO - [2026-05-16T02:51:22.629+0000] {dag.py:3823} INFO - Setting next_dagrun for example_subdag_operator.section-2 to None, run_after=None
[2026-05-16T02:51:22.643+0000] {logging_mixin.py:188} INFO - [2026-05-16T02:51:22.643+0000] {dag.py:3036} INFO - Sync 2 DAGs
[2026-05-16T02:51:22.654+0000] {logging_mixin.py:188} INFO - [2026-05-16T02:51:22.654+0000] {dag.py:3823} INFO - Setting next_dagrun for example_subdag_operator.section-1 to None, run_after=None
[2026-05-16T02:51:22.655+0000] {logging_mixin.py:188} INFO - [2026-05-16T02:51:22.655+0000] {dag.py:3823} INFO - Setting next_dagrun for example_subdag_operator.section-2 to None, run_after=None
[2026-05-16T02:51:22.677+0000] {processor.py:183} INFO - Processing /home/airflow/.local/lib/python3.8/site-packages/airflow/example_dags/example_subdag_operator.py took 0.221 seconds
[2026-05-16T02:51:52.741+0000] {processor.py:161} INFO - Started process (PID=1047) to work on /home/airflow/.local/lib/python3.8/site-packages/airflow/example_dags/example_subdag_operator.py
[2026-05-16T02:51:52.743+0000] {processor.py:830} INFO - Processing file /home/airflow/.local/lib/python3.8/site-packages/airflow/example_dags/example_subdag_operator.py for tasks to queue
[2026-05-16T02:51:52.745+0000] {logging_mixin.py:188} INFO - [2026-05-16T02:51:52.745+0000] {dagbag.py:538} INFO - Filling up the DagBag from /home/airflow/.local/lib/python3.8/site-packages/airflow/example_dags/example_subdag_operator.py
[2026-05-16T02:51:52.788+0000] {processor.py:840} INFO - DAG(s) 'example_subdag_operator.section-1', 'example_subdag_operator.section-2', 'example_subdag_operator' retrieved from /home/airflow/.local/lib/python3.8/site-packages/airflow/example_dags/example_subdag_operator.py
[2026-05-16T02:51:52.816+0000] {logging_mixin.py:188} INFO - [2026-05-16T02:51:52.815+0000] {dag.py:3036} INFO - Sync 3 DAGs
[2026-05-16T02:51:52.851+0000] {logging_mixin.py:188} INFO - [2026-05-16T02:51:52.850+0000] {dag.py:3823} INFO - Setting next_dagrun for example_subdag_operator to 2022-01-01 00:00:00+00:00, run_after=2022-01-01 00:00:00+00:00
[2026-05-16T02:51:52.856+0000] {logging_mixin.py:188} INFO - [2026-05-16T02:51:52.856+0000] {dag.py:3823} INFO - Setting next_dagrun for example_subdag_operator.section-1 to None, run_after=None
[2026-05-16T02:51:52.858+0000] {logging_mixin.py:188} INFO - [2026-05-16T02:51:52.858+0000] {dag.py:3823} INFO - Setting next_dagrun for example_subdag_operator.section-2 to None, run_after=None
[2026-05-16T02:51:52.872+0000] {logging_mixin.py:188} INFO - [2026-05-16T02:51:52.871+0000] {dag.py:3036} INFO - Sync 2 DAGs
[2026-05-16T02:51:52.881+0000] {logging_mixin.py:188} INFO - [2026-05-16T02:51:52.880+0000] {dag.py:3823} INFO - Setting next_dagrun for example_subdag_operator.section-1 to None, run_after=None
[2026-05-16T02:51:52.881+0000] {logging_mixin.py:188} INFO - [2026-05-16T02:51:52.881+0000] {dag.py:3823} INFO - Setting next_dagrun for example_subdag_operator.section-2 to None, run_after=None
[2026-05-16T02:51:52.899+0000] {processor.py:183} INFO - Processing /home/airflow/.local/lib/python3.8/site-packages/airflow/example_dags/example_subdag_operator.py took 0.163 seconds
[2026-05-16T02:52:23.018+0000] {processor.py:161} INFO - Started process (PID=1112) to work on /home/airflow/.local/lib/python3.8/site-packages/airflow/example_dags/example_subdag_operator.py
[2026-05-16T02:52:23.020+0000] {processor.py:830} INFO - Processing file /home/airflow/.local/lib/python3.8/site-packages/airflow/example_dags/example_subdag_operator.py for tasks to queue
[2026-05-16T02:52:23.023+0000] {logging_mixin.py:188} INFO - [2026-05-16T02:52:23.022+0000] {dagbag.py:538} INFO - Filling up the DagBag from /home/airflow/.local/lib/python3.8/site-packages/airflow/example_dags/example_subdag_operator.py
[2026-05-16T02:52:23.069+0000] {processor.py:840} INFO - DAG(s) 'example_subdag_operator.section-1', 'example_subdag_operator.section-2', 'example_subdag_operator' retrieved from /home/airflow/.local/lib/python3.8/site-packages/airflow/example_dags/example_subdag_operator.py
[2026-05-16T02:52:23.106+0000] {logging_mixin.py:188} INFO - [2026-05-16T02:52:23.106+0000] {dag.py:3036} INFO - Sync 3 DAGs
[2026-05-16T02:52:23.156+0000] {logging_mixin.py:188} INFO - [2026-05-16T02:52:23.156+0000] {dag.py:3823} INFO - Setting next_dagrun for example_subdag_operator to 2022-01-01 00:00:00+00:00, run_after=2022-01-01 00:00:00+00:00
[2026-05-16T02:52:23.162+0000] {logging_mixin.py:188} INFO - [2026-05-16T02:52:23.162+0000] {dag.py:3823} INFO - Setting next_dagrun for example_subdag_operator.section-1 to None, run_after=None
[2026-05-16T02:52:23.165+0000] {logging_mixin.py:188} INFO - [2026-05-16T02:52:23.164+0000] {dag.py:3823} INFO - Setting next_dagrun for example_subdag_operator.section-2 to None, run_after=None
[2026-05-16T02:52:23.178+0000] {logging_mixin.py:188} INFO - [2026-05-16T02:52:23.177+0000] {dag.py:3036} INFO - Sync 2 DAGs
[2026-05-16T02:52:23.188+0000] {logging_mixin.py:188} INFO - [2026-05-16T02:52:23.188+0000] {dag.py:3823} INFO - Setting next_dagrun for example_subdag_operator.section-1 to None, run_after=None
[2026-05-16T02:52:23.190+0000] {logging_mixin.py:188} INFO - [2026-05-16T02:52:23.189+0000] {dag.py:3823} INFO - Setting next_dagrun for example_subdag_operator.section-2 to None, run_after=None
[2026-05-16T02:52:23.210+0000] {processor.py:183} INFO - Processing /home/airflow/.local/lib/python3.8/site-packages/airflow/example_dags/example_subdag_operator.py took 0.197 seconds
[2026-05-16T02:52:53.531+0000] {processor.py:161} INFO - Started process (PID=1178) to work on /home/airflow/.local/lib/python3.8/site-packages/airflow/example_dags/example_subdag_operator.py
[2026-05-16T02:52:53.533+0000] {processor.py:830} INFO - Processing file /home/airflow/.local/lib/python3.8/site-packages/airflow/example_dags/example_subdag_operator.py for tasks to queue
[2026-05-16T02:52:53.537+0000] {logging_mixin.py:188} INFO - [2026-05-16T02:52:53.537+0000] {dagbag.py:538} INFO - Filling up the DagBag from /home/airflow/.local/lib/python3.8/site-packages/airflow/example_dags/example_subdag_operator.py
[2026-05-16T02:52:53.579+0000] {processor.py:840} INFO - DAG(s) 'example_subdag_operator.section-1', 'example_subdag_operator.section-2', 'example_subdag_operator' retrieved from /home/airflow/.local/lib/python3.8/site-packages/airflow/example_dags/example_subdag_operator.py
[2026-05-16T02:52:53.611+0000] {logging_mixin.py:188} INFO - [2026-05-16T02:52:53.611+0000] {dag.py:3036} INFO - Sync 3 DAGs
[2026-05-16T02:52:53.666+0000] {logging_mixin.py:188} INFO - [2026-05-16T02:52:53.666+0000] {dag.py:3823} INFO - Setting next_dagrun for example_subdag_operator to 2022-01-01 00:00:00+00:00, run_after=2022-01-01 00:00:00+00:00
[2026-05-16T02:52:53.673+0000] {logging_mixin.py:188} INFO - [2026-05-16T02:52:53.673+0000] {dag.py:3823} INFO - Setting next_dagrun for example_subdag_operator.section-1 to None, run_after=None
[2026-05-16T02:52:53.676+0000] {logging_mixin.py:188} INFO - [2026-05-16T02:52:53.676+0000] {dag.py:3823} INFO - Setting next_dagrun for example_subdag_operator.section-2 to None, run_after=None
[2026-05-16T02:52:53.690+0000] {logging_mixin.py:188} INFO - [2026-05-16T02:52:53.689+0000] {dag.py:3036} INFO - Sync 2 DAGs
[2026-05-16T02:52:53.700+0000] {logging_mixin.py:188} INFO - [2026-05-16T02:52:53.700+0000] {dag.py:3823} INFO - Setting next_dagrun for example_subdag_operator.section-1 to None, run_after=None
[2026-05-16T02:52:53.701+0000] {logging_mixin.py:188} INFO - [2026-05-16T02:52:53.701+0000] {dag.py:3823} INFO - Setting next_dagrun for example_subdag_operator.section-2 to None, run_after=None
[2026-05-16T02:52:53.732+0000] {processor.py:183} INFO - Processing /home/airflow/.local/lib/python3.8/site-packages/airflow/example_dags/example_subdag_operator.py took 0.206 seconds
[2026-05-16T02:53:24.024+0000] {processor.py:161} INFO - Started process (PID=1243) to work on /home/airflow/.local/lib/python3.8/site-packages/airflow/example_dags/example_subdag_operator.py
[2026-05-16T02:53:24.028+0000] {processor.py:830} INFO - Processing file /home/airflow/.local/lib/python3.8/site-packages/airflow/example_dags/example_subdag_operator.py for tasks to queue
[2026-05-16T02:53:24.031+0000] {logging_mixin.py:188} INFO - [2026-05-16T02:53:24.031+0000] {dagbag.py:538} INFO - Filling up the DagBag from /home/airflow/.local/lib/python3.8/site-packages/airflow/example_dags/example_subdag_operator.py
[2026-05-16T02:53:24.072+0000] {processor.py:840} INFO - DAG(s) 'example_subdag_operator.section-1', 'example_subdag_operator.section-2', 'example_subdag_operator' retrieved from /home/airflow/.local/lib/python3.8/site-packages/airflow/example_dags/example_subdag_operator.py
[2026-05-16T02:53:24.100+0000] {logging_mixin.py:188} INFO - [2026-05-16T02:53:24.099+0000] {dag.py:3036} INFO - Sync 3 DAGs
[2026-05-16T02:53:24.138+0000] {logging_mixin.py:188} INFO - [2026-05-16T02:53:24.137+0000] {dag.py:3823} INFO - Setting next_dagrun for example_subdag_operator to 2022-01-01 00:00:00+00:00, run_after=2022-01-01 00:00:00+00:00
[2026-05-16T02:53:24.144+0000] {logging_mixin.py:188} INFO - [2026-05-16T02:53:24.144+0000] {dag.py:3823} INFO - Setting next_dagrun for example_subdag_operator.section-1 to None, run_after=None
[2026-05-16T02:53:24.148+0000] {logging_mixin.py:188} INFO - [2026-05-16T02:53:24.147+0000] {dag.py:3823} INFO - Setting next_dagrun for example_subdag_operator.section-2 to None, run_after=None
[2026-05-16T02:53:24.160+0000] {logging_mixin.py:188} INFO - [2026-05-16T02:53:24.159+0000] {dag.py:3036} INFO - Sync 2 DAGs
[2026-05-16T02:53:24.169+0000] {logging_mixin.py:188} INFO - [2026-05-16T02:53:24.168+0000] {dag.py:3823} INFO - Setting next_dagrun for example_subdag_operator.section-1 to None, run_after=None
[2026-05-16T02:53:24.170+0000] {logging_mixin.py:188} INFO - [2026-05-16T02:53:24.169+0000] {dag.py:3823} INFO - Setting next_dagrun for example_subdag_operator.section-2 to None, run_after=None
[2026-05-16T02:53:24.190+0000] {processor.py:183} INFO - Processing /home/airflow/.local/lib/python3.8/site-packages/airflow/example_dags/example_subdag_operator.py took 0.174 seconds
[2026-05-16T02:53:54.310+0000] {processor.py:161} INFO - Started process (PID=1307) to work on /home/airflow/.local/lib/python3.8/site-packages/airflow/example_dags/example_subdag_operator.py
[2026-05-16T02:53:54.311+0000] {processor.py:830} INFO - Processing file /home/airflow/.local/lib/python3.8/site-packages/airflow/example_dags/example_subdag_operator.py for tasks to queue
[2026-05-16T02:53:54.314+0000] {logging_mixin.py:188} INFO - [2026-05-16T02:53:54.313+0000] {dagbag.py:538} INFO - Filling up the DagBag from /home/airflow/.local/lib/python3.8/site-packages/airflow/example_dags/example_subdag_operator.py
[2026-05-16T02:53:54.356+0000] {processor.py:840} INFO - DAG(s) 'example_subdag_operator.section-1', 'example_subdag_operator.section-2', 'example_subdag_operator' retrieved from /home/airflow/.local/lib/python3.8/site-packages/airflow/example_dags/example_subdag_operator.py
[2026-05-16T02:53:54.381+0000] {logging_mixin.py:188} INFO - [2026-05-16T02:53:54.381+0000] {dag.py:3036} INFO - Sync 3 DAGs
[2026-05-16T02:53:54.417+0000] {logging_mixin.py:188} INFO - [2026-05-16T02:53:54.417+0000] {dag.py:3823} INFO - Setting next_dagrun for example_subdag_operator to 2022-01-01 00:00:00+00:00, run_after=2022-01-01 00:00:00+00:00
[2026-05-16T02:53:54.423+0000] {logging_mixin.py:188} INFO - [2026-05-16T02:53:54.422+0000] {dag.py:3823} INFO - Setting next_dagrun for example_subdag_operator.section-1 to None, run_after=None
[2026-05-16T02:53:54.425+0000] {logging_mixin.py:188} INFO - [2026-05-16T02:53:54.424+0000] {dag.py:3823} INFO - Setting next_dagrun for example_subdag_operator.section-2 to None, run_after=None
[2026-05-16T02:53:54.437+0000] {logging_mixin.py:188} INFO - [2026-05-16T02:53:54.436+0000] {dag.py:3036} INFO - Sync 2 DAGs
[2026-05-16T02:53:54.446+0000] {logging_mixin.py:188} INFO - [2026-05-16T02:53:54.445+0000] {dag.py:3823} INFO - Setting next_dagrun for example_subdag_operator.section-1 to None, run_after=None
[2026-05-16T02:53:54.446+0000] {logging_mixin.py:188} INFO - [2026-05-16T02:53:54.446+0000] {dag.py:3823} INFO - Setting next_dagrun for example_subdag_operator.section-2 to None, run_after=None
[2026-05-16T02:53:54.466+0000] {processor.py:183} INFO - Processing /home/airflow/.local/lib/python3.8/site-packages/airflow/example_dags/example_subdag_operator.py took 0.161 seconds
[2026-05-16T02:54:24.784+0000] {processor.py:161} INFO - Started process (PID=1372) to work on /home/airflow/.local/lib/python3.8/site-packages/airflow/example_dags/example_subdag_operator.py
[2026-05-16T02:54:24.787+0000] {processor.py:830} INFO - Processing file /home/airflow/.local/lib/python3.8/site-packages/airflow/example_dags/example_subdag_operator.py for tasks to queue
[2026-05-16T02:54:24.790+0000] {logging_mixin.py:188} INFO - [2026-05-16T02:54:24.789+0000] {dagbag.py:538} INFO - Filling up the DagBag from /home/airflow/.local/lib/python3.8/site-packages/airflow/example_dags/example_subdag_operator.py
[2026-05-16T02:54:24.831+0000] {processor.py:840} INFO - DAG(s) 'example_subdag_operator.section-1', 'example_subdag_operator.section-2', 'example_subdag_operator' retrieved from /home/airflow/.local/lib/python3.8/site-packages/airflow/example_dags/example_subdag_operator.py
[2026-05-16T02:54:24.857+0000] {logging_mixin.py:188} INFO - [2026-05-16T02:54:24.856+0000] {dag.py:3036} INFO - Sync 3 DAGs
[2026-05-16T02:54:24.896+0000] {logging_mixin.py:188} INFO - [2026-05-16T02:54:24.895+0000] {dag.py:3823} INFO - Setting next_dagrun for example_subdag_operator to 2022-01-01 00:00:00+00:00, run_after=2022-01-01 00:00:00+00:00
[2026-05-16T02:54:24.902+0000] {logging_mixin.py:188} INFO - [2026-05-16T02:54:24.902+0000] {dag.py:3823} INFO - Setting next_dagrun for example_subdag_operator.section-1 to None, run_after=None
[2026-05-16T02:54:24.904+0000] {logging_mixin.py:188} INFO - [2026-05-16T02:54:24.904+0000] {dag.py:3823} INFO - Setting next_dagrun for example_subdag_operator.section-2 to None, run_after=None
[2026-05-16T02:54:24.917+0000] {logging_mixin.py:188} INFO - [2026-05-16T02:54:24.917+0000] {dag.py:3036} INFO - Sync 2 DAGs
[2026-05-16T02:54:24.926+0000] {logging_mixin.py:188} INFO - [2026-05-16T02:54:24.926+0000] {dag.py:3823} INFO - Setting next_dagrun for example_subdag_operator.section-1 to None, run_after=None
[2026-05-16T02:54:24.927+0000] {logging_mixin.py:188} INFO - [2026-05-16T02:54:24.927+0000] {dag.py:3823} INFO - Setting next_dagrun for example_subdag_operator.section-2 to None, run_after=None
[2026-05-16T02:54:24.948+0000] {processor.py:183} INFO - Processing /home/airflow/.local/lib/python3.8/site-packages/airflow/example_dags/example_subdag_operator.py took 0.169 seconds
[2026-05-16T02:54:55.147+0000] {processor.py:161} INFO - Started process (PID=1437) to work on /home/airflow/.local/lib/python3.8/site-packages/airflow/example_dags/example_subdag_operator.py
[2026-05-16T02:54:55.148+0000] {processor.py:830} INFO - Processing file /home/airflow/.local/lib/python3.8/site-packages/airflow/example_dags/example_subdag_operator.py for tasks to queue
[2026-05-16T02:54:55.150+0000] {logging_mixin.py:188} INFO - [2026-05-16T02:54:55.150+0000] {dagbag.py:538} INFO - Filling up the DagBag from /home/airflow/.local/lib/python3.8/site-packages/airflow/example_dags/example_subdag_operator.py
[2026-05-16T02:54:55.194+0000] {processor.py:840} INFO - DAG(s) 'example_subdag_operator.section-1', 'example_subdag_operator.section-2', 'example_subdag_operator' retrieved from /home/airflow/.local/lib/python3.8/site-packages/airflow/example_dags/example_subdag_operator.py
[2026-05-16T02:54:55.225+0000] {logging_mixin.py:188} INFO - [2026-05-16T02:54:55.224+0000] {dag.py:3036} INFO - Sync 3 DAGs
[2026-05-16T02:54:55.264+0000] {logging_mixin.py:188} INFO - [2026-05-16T02:54:55.264+0000] {dag.py:3823} INFO - Setting next_dagrun for example_subdag_operator to 2022-01-01 00:00:00+00:00, run_after=2022-01-01 00:00:00+00:00
[2026-05-16T02:54:55.271+0000] {logging_mixin.py:188} INFO - [2026-05-16T02:54:55.270+0000] {dag.py:3823} INFO - Setting next_dagrun for example_subdag_operator.section-1 to None, run_after=None
[2026-05-16T02:54:55.273+0000] {logging_mixin.py:188} INFO - [2026-05-16T02:54:55.273+0000] {dag.py:3823} INFO - Setting next_dagrun for example_subdag_operator.section-2 to None, run_after=None
[2026-05-16T02:54:55.285+0000] {logging_mixin.py:188} INFO - [2026-05-16T02:54:55.285+0000] {dag.py:3036} INFO - Sync 2 DAGs
[2026-05-16T02:54:55.294+0000] {logging_mixin.py:188} INFO - [2026-05-16T02:54:55.294+0000] {dag.py:3823} INFO - Setting next_dagrun for example_subdag_operator.section-1 to None, run_after=None
[2026-05-16T02:54:55.295+0000] {logging_mixin.py:188} INFO - [2026-05-16T02:54:55.295+0000] {dag.py:3823} INFO - Setting next_dagrun for example_subdag_operator.section-2 to None, run_after=None
[2026-05-16T02:54:55.314+0000] {processor.py:183} INFO - Processing /home/airflow/.local/lib/python3.8/site-packages/airflow/example_dags/example_subdag_operator.py took 0.172 seconds
[2026-05-16T02:55:25.513+0000] {processor.py:161} INFO - Started process (PID=1503) to work on /home/airflow/.local/lib/python3.8/site-packages/airflow/example_dags/example_subdag_operator.py
[2026-05-16T02:55:25.515+0000] {processor.py:830} INFO - Processing file /home/airflow/.local/lib/python3.8/site-packages/airflow/example_dags/example_subdag_operator.py for tasks to queue
[2026-05-16T02:55:25.518+0000] {logging_mixin.py:188} INFO - [2026-05-16T02:55:25.517+0000] {dagbag.py:538} INFO - Filling up the DagBag from /home/airflow/.local/lib/python3.8/site-packages/airflow/example_dags/example_subdag_operator.py
[2026-05-16T02:55:25.564+0000] {processor.py:840} INFO - DAG(s) 'example_subdag_operator.section-1', 'example_subdag_operator.section-2', 'example_subdag_operator' retrieved from /home/airflow/.local/lib/python3.8/site-packages/airflow/example_dags/example_subdag_operator.py
[2026-05-16T02:55:25.590+0000] {logging_mixin.py:188} INFO - [2026-05-16T02:55:25.590+0000] {dag.py:3036} INFO - Sync 3 DAGs
[2026-05-16T02:55:25.630+0000] {logging_mixin.py:188} INFO - [2026-05-16T02:55:25.630+0000] {dag.py:3823} INFO - Setting next_dagrun for example_subdag_operator to 2022-01-01 00:00:00+00:00, run_after=2022-01-01 00:00:00+00:00
[2026-05-16T02:55:25.637+0000] {logging_mixin.py:188} INFO - [2026-05-16T02:55:25.636+0000] {dag.py:3823} INFO - Setting next_dagrun for example_subdag_operator.section-1 to None, run_after=None
[2026-05-16T02:55:25.639+0000] {logging_mixin.py:188} INFO - [2026-05-16T02:55:25.639+0000] {dag.py:3823} INFO - Setting next_dagrun for example_subdag_operator.section-2 to None, run_after=None
[2026-05-16T02:55:25.652+0000] {logging_mixin.py:188} INFO - [2026-05-16T02:55:25.651+0000] {dag.py:3036} INFO - Sync 2 DAGs
[2026-05-16T02:55:25.662+0000] {logging_mixin.py:188} INFO - [2026-05-16T02:55:25.662+0000] {dag.py:3823} INFO - Setting next_dagrun for example_subdag_operator.section-1 to None, run_after=None
[2026-05-16T02:55:25.663+0000] {logging_mixin.py:188} INFO - [2026-05-16T02:55:25.663+0000] {dag.py:3823} INFO - Setting next_dagrun for example_subdag_operator.section-2 to None, run_after=None
[2026-05-16T02:55:25.684+0000] {processor.py:183} INFO - Processing /home/airflow/.local/lib/python3.8/site-packages/airflow/example_dags/example_subdag_operator.py took 0.176 seconds
[2026-05-16T02:55:55.926+0000] {processor.py:161} INFO - Started process (PID=1569) to work on /home/airflow/.local/lib/python3.8/site-packages/airflow/example_dags/example_subdag_operator.py
[2026-05-16T02:55:55.927+0000] {processor.py:830} INFO - Processing file /home/airflow/.local/lib/python3.8/site-packages/airflow/example_dags/example_subdag_operator.py for tasks to queue
[2026-05-16T02:55:55.931+0000] {logging_mixin.py:188} INFO - [2026-05-16T02:55:55.931+0000] {dagbag.py:538} INFO - Filling up the DagBag from /home/airflow/.local/lib/python3.8/site-packages/airflow/example_dags/example_subdag_operator.py
[2026-05-16T02:55:55.975+0000] {processor.py:840} INFO - DAG(s) 'example_subdag_operator.section-1', 'example_subdag_operator.section-2', 'example_subdag_operator' retrieved from /home/airflow/.local/lib/python3.8/site-packages/airflow/example_dags/example_subdag_operator.py
[2026-05-16T02:55:56.003+0000] {logging_mixin.py:188} INFO - [2026-05-16T02:55:56.003+0000] {dag.py:3036} INFO - Sync 3 DAGs
[2026-05-16T02:55:56.041+0000] {logging_mixin.py:188} INFO - [2026-05-16T02:55:56.040+0000] {dag.py:3823} INFO - Setting next_dagrun for example_subdag_operator to 2022-01-01 00:00:00+00:00, run_after=2022-01-01 00:00:00+00:00
[2026-05-16T02:55:56.047+0000] {logging_mixin.py:188} INFO - [2026-05-16T02:55:56.046+0000] {dag.py:3823} INFO - Setting next_dagrun for example_subdag_operator.section-1 to None, run_after=None
[2026-05-16T02:55:56.050+0000] {logging_mixin.py:188} INFO - [2026-05-16T02:55:56.050+0000] {dag.py:3823} INFO - Setting next_dagrun for example_subdag_operator.section-2 to None, run_after=None
[2026-05-16T02:55:56.063+0000] {logging_mixin.py:188} INFO - [2026-05-16T02:55:56.062+0000] {dag.py:3036} INFO - Sync 2 DAGs
[2026-05-16T02:55:56.073+0000] {logging_mixin.py:188} INFO - [2026-05-16T02:55:56.072+0000] {dag.py:3823} INFO - Setting next_dagrun for example_subdag_operator.section-1 to None, run_after=None
[2026-05-16T02:55:56.073+0000] {logging_mixin.py:188} INFO - [2026-05-16T02:55:56.073+0000] {dag.py:3823} INFO - Setting next_dagrun for example_subdag_operator.section-2 to None, run_after=None
[2026-05-16T02:55:56.093+0000] {processor.py:183} INFO - Processing /home/airflow/.local/lib/python3.8/site-packages/airflow/example_dags/example_subdag_operator.py took 0.172 seconds
[2026-05-16T02:56:26.357+0000] {processor.py:161} INFO - Started process (PID=1633) to work on /home/airflow/.local/lib/python3.8/site-packages/airflow/example_dags/example_subdag_operator.py
[2026-05-16T02:56:26.359+0000] {processor.py:830} INFO - Processing file /home/airflow/.local/lib/python3.8/site-packages/airflow/example_dags/example_subdag_operator.py for tasks to queue
[2026-05-16T02:56:26.361+0000] {logging_mixin.py:188} INFO - [2026-05-16T02:56:26.361+0000] {dagbag.py:538} INFO - Filling up the DagBag from /home/airflow/.local/lib/python3.8/site-packages/airflow/example_dags/example_subdag_operator.py
[2026-05-16T02:56:26.407+0000] {processor.py:840} INFO - DAG(s) 'example_subdag_operator.section-1', 'example_subdag_operator.section-2', 'example_subdag_operator' retrieved from /home/airflow/.local/lib/python3.8/site-packages/airflow/example_dags/example_subdag_operator.py
[2026-05-16T02:56:26.438+0000] {logging_mixin.py:188} INFO - [2026-05-16T02:56:26.438+0000] {dag.py:3036} INFO - Sync 3 DAGs
[2026-05-16T02:56:26.478+0000] {logging_mixin.py:188} INFO - [2026-05-16T02:56:26.478+0000] {dag.py:3823} INFO - Setting next_dagrun for example_subdag_operator to 2022-01-01 00:00:00+00:00, run_after=2022-01-01 00:00:00+00:00
[2026-05-16T02:56:26.484+0000] {logging_mixin.py:188} INFO - [2026-05-16T02:56:26.484+0000] {dag.py:3823} INFO - Setting next_dagrun for example_subdag_operator.section-1 to None, run_after=None
[2026-05-16T02:56:26.487+0000] {logging_mixin.py:188} INFO - [2026-05-16T02:56:26.487+0000] {dag.py:3823} INFO - Setting next_dagrun for example_subdag_operator.section-2 to None, run_after=None
[2026-05-16T02:56:26.499+0000] {logging_mixin.py:188} INFO - [2026-05-16T02:56:26.498+0000] {dag.py:3036} INFO - Sync 2 DAGs
[2026-05-16T02:56:26.509+0000] {logging_mixin.py:188} INFO - [2026-05-16T02:56:26.508+0000] {dag.py:3823} INFO - Setting next_dagrun for example_subdag_operator.section-1 to None, run_after=None
[2026-05-16T02:56:26.509+0000] {logging_mixin.py:188} INFO - [2026-05-16T02:56:26.509+0000] {dag.py:3823} INFO - Setting next_dagrun for example_subdag_operator.section-2 to None, run_after=None
[2026-05-16T02:56:26.530+0000] {processor.py:183} INFO - Processing /home/airflow/.local/lib/python3.8/site-packages/airflow/example_dags/example_subdag_operator.py took 0.178 seconds
[2026-05-16T02:56:56.687+0000] {processor.py:161} INFO - Started process (PID=1706) to work on /home/airflow/.local/lib/python3.8/site-packages/airflow/example_dags/example_subdag_operator.py
[2026-05-16T02:56:56.688+0000] {processor.py:830} INFO - Processing file /home/airflow/.local/lib/python3.8/site-packages/airflow/example_dags/example_subdag_operator.py for tasks to queue
[2026-05-16T02:56:56.691+0000] {logging_mixin.py:188} INFO - [2026-05-16T02:56:56.691+0000] {dagbag.py:538} INFO - Filling up the DagBag from /home/airflow/.local/lib/python3.8/site-packages/airflow/example_dags/example_subdag_operator.py
[2026-05-16T02:56:56.740+0000] {processor.py:840} INFO - DAG(s) 'example_subdag_operator.section-1', 'example_subdag_operator.section-2', 'example_subdag_operator' retrieved from /home/airflow/.local/lib/python3.8/site-packages/airflow/example_dags/example_subdag_operator.py
[2026-05-16T02:56:56.774+0000] {logging_mixin.py:188} INFO - [2026-05-16T02:56:56.773+0000] {dag.py:3036} INFO - Sync 3 DAGs
[2026-05-16T02:56:56.824+0000] {logging_mixin.py:188} INFO - [2026-05-16T02:56:56.824+0000] {dag.py:3823} INFO - Setting next_dagrun for example_subdag_operator to 2022-01-01 00:00:00+00:00, run_after=2022-01-01 00:00:00+00:00
[2026-05-16T02:56:56.832+0000] {logging_mixin.py:188} INFO - [2026-05-16T02:56:56.831+0000] {dag.py:3823} INFO - Setting next_dagrun for example_subdag_operator.section-1 to None, run_after=None
[2026-05-16T02:56:56.834+0000] {logging_mixin.py:188} INFO - [2026-05-16T02:56:56.834+0000] {dag.py:3823} INFO - Setting next_dagrun for example_subdag_operator.section-2 to None, run_after=None
[2026-05-16T02:56:56.850+0000] {logging_mixin.py:188} INFO - [2026-05-16T02:56:56.849+0000] {dag.py:3036} INFO - Sync 2 DAGs
[2026-05-16T02:56:56.860+0000] {logging_mixin.py:188} INFO - [2026-05-16T02:56:56.860+0000] {dag.py:3823} INFO - Setting next_dagrun for example_subdag_operator.section-1 to None, run_after=None
[2026-05-16T02:56:56.861+0000] {logging_mixin.py:188} INFO - [2026-05-16T02:56:56.861+0000] {dag.py:3823} INFO - Setting next_dagrun for example_subdag_operator.section-2 to None, run_after=None
[2026-05-16T02:56:56.892+0000] {processor.py:183} INFO - Processing /home/airflow/.local/lib/python3.8/site-packages/airflow/example_dags/example_subdag_operator.py took 0.211 seconds
[2026-05-16T02:57:27.070+0000] {processor.py:161} INFO - Started process (PID=1773) to work on /home/airflow/.local/lib/python3.8/site-packages/airflow/example_dags/example_subdag_operator.py
[2026-05-16T02:57:27.072+0000] {processor.py:830} INFO - Processing file /home/airflow/.local/lib/python3.8/site-packages/airflow/example_dags/example_subdag_operator.py for tasks to queue
[2026-05-16T02:57:27.075+0000] {logging_mixin.py:188} INFO - [2026-05-16T02:57:27.074+0000] {dagbag.py:538} INFO - Filling up the DagBag from /home/airflow/.local/lib/python3.8/site-packages/airflow/example_dags/example_subdag_operator.py
[2026-05-16T02:57:27.127+0000] {processor.py:840} INFO - DAG(s) 'example_subdag_operator.section-1', 'example_subdag_operator.section-2', 'example_subdag_operator' retrieved from /home/airflow/.local/lib/python3.8/site-packages/airflow/example_dags/example_subdag_operator.py
[2026-05-16T02:57:27.160+0000] {logging_mixin.py:188} INFO - [2026-05-16T02:57:27.160+0000] {dag.py:3036} INFO - Sync 3 DAGs
[2026-05-16T02:57:27.216+0000] {logging_mixin.py:188} INFO - [2026-05-16T02:57:27.215+0000] {dag.py:3823} INFO - Setting next_dagrun for example_subdag_operator to 2022-01-01 00:00:00+00:00, run_after=2022-01-01 00:00:00+00:00
[2026-05-16T02:57:27.223+0000] {logging_mixin.py:188} INFO - [2026-05-16T02:57:27.223+0000] {dag.py:3823} INFO - Setting next_dagrun for example_subdag_operator.section-1 to None, run_after=None
[2026-05-16T02:57:27.226+0000] {logging_mixin.py:188} INFO - [2026-05-16T02:57:27.226+0000] {dag.py:3823} INFO - Setting next_dagrun for example_subdag_operator.section-2 to None, run_after=None
[2026-05-16T02:57:27.247+0000] {logging_mixin.py:188} INFO - [2026-05-16T02:57:27.246+0000] {dag.py:3036} INFO - Sync 2 DAGs
[2026-05-16T02:57:27.258+0000] {logging_mixin.py:188} INFO - [2026-05-16T02:57:27.257+0000] {dag.py:3823} INFO - Setting next_dagrun for example_subdag_operator.section-1 to None, run_after=None
[2026-05-16T02:57:27.259+0000] {logging_mixin.py:188} INFO - [2026-05-16T02:57:27.259+0000] {dag.py:3823} INFO - Setting next_dagrun for example_subdag_operator.section-2 to None, run_after=None
[2026-05-16T02:57:27.281+0000] {processor.py:183} INFO - Processing /home/airflow/.local/lib/python3.8/site-packages/airflow/example_dags/example_subdag_operator.py took 0.217 seconds
[2026-05-16T02:57:57.546+0000] {processor.py:161} INFO - Started process (PID=1839) to work on /home/airflow/.local/lib/python3.8/site-packages/airflow/example_dags/example_subdag_operator.py
[2026-05-16T02:57:57.547+0000] {processor.py:830} INFO - Processing file /home/airflow/.local/lib/python3.8/site-packages/airflow/example_dags/example_subdag_operator.py for tasks to queue
[2026-05-16T02:57:57.550+0000] {logging_mixin.py:188} INFO - [2026-05-16T02:57:57.549+0000] {dagbag.py:538} INFO - Filling up the DagBag from /home/airflow/.local/lib/python3.8/site-packages/airflow/example_dags/example_subdag_operator.py
[2026-05-16T02:57:57.600+0000] {processor.py:840} INFO - DAG(s) 'example_subdag_operator.section-1', 'example_subdag_operator.section-2', 'example_subdag_operator' retrieved from /home/airflow/.local/lib/python3.8/site-packages/airflow/example_dags/example_subdag_operator.py
[2026-05-16T02:57:57.633+0000] {logging_mixin.py:188} INFO - [2026-05-16T02:57:57.632+0000] {dag.py:3036} INFO - Sync 3 DAGs
[2026-05-16T02:57:57.677+0000] {logging_mixin.py:188} INFO - [2026-05-16T02:57:57.677+0000] {dag.py:3823} INFO - Setting next_dagrun for example_subdag_operator to 2022-01-01 00:00:00+00:00, run_after=2022-01-01 00:00:00+00:00
[2026-05-16T02:57:57.684+0000] {logging_mixin.py:188} INFO - [2026-05-16T02:57:57.684+0000] {dag.py:3823} INFO - Setting next_dagrun for example_subdag_operator.section-1 to None, run_after=None
[2026-05-16T02:57:57.687+0000] {logging_mixin.py:188} INFO - [2026-05-16T02:57:57.687+0000] {dag.py:3823} INFO - Setting next_dagrun for example_subdag_operator.section-2 to None, run_after=None
[2026-05-16T02:57:57.699+0000] {logging_mixin.py:188} INFO - [2026-05-16T02:57:57.699+0000] {dag.py:3036} INFO - Sync 2 DAGs
[2026-05-16T02:57:57.708+0000] {logging_mixin.py:188} INFO - [2026-05-16T02:57:57.708+0000] {dag.py:3823} INFO - Setting next_dagrun for example_subdag_operator.section-1 to None, run_after=None
[2026-05-16T02:57:57.709+0000] {logging_mixin.py:188} INFO - [2026-05-16T02:57:57.708+0000] {dag.py:3823} INFO - Setting next_dagrun for example_subdag_operator.section-2 to None, run_after=None
[2026-05-16T02:57:57.726+0000] {processor.py:183} INFO - Processing /home/airflow/.local/lib/python3.8/site-packages/airflow/example_dags/example_subdag_operator.py took 0.187 seconds
[2026-05-16T02:58:28.232+0000] {processor.py:161} INFO - Started process (PID=1902) to work on /home/airflow/.local/lib/python3.8/site-packages/airflow/example_dags/example_subdag_operator.py
[2026-05-16T02:58:28.234+0000] {processor.py:830} INFO - Processing file /home/airflow/.local/lib/python3.8/site-packages/airflow/example_dags/example_subdag_operator.py for tasks to queue
[2026-05-16T02:58:28.236+0000] {logging_mixin.py:188} INFO - [2026-05-16T02:58:28.236+0000] {dagbag.py:538} INFO - Filling up the DagBag from /home/airflow/.local/lib/python3.8/site-packages/airflow/example_dags/example_subdag_operator.py
[2026-05-16T02:58:28.289+0000] {processor.py:840} INFO - DAG(s) 'example_subdag_operator.section-1', 'example_subdag_operator.section-2', 'example_subdag_operator' retrieved from /home/airflow/.local/lib/python3.8/site-packages/airflow/example_dags/example_subdag_operator.py
[2026-05-16T02:58:28.334+0000] {logging_mixin.py:188} INFO - [2026-05-16T02:58:28.333+0000] {dag.py:3036} INFO - Sync 3 DAGs
[2026-05-16T02:58:28.398+0000] {logging_mixin.py:188} INFO - [2026-05-16T02:58:28.389+0000] {dag.py:3823} INFO - Setting next_dagrun for example_subdag_operator to 2022-01-01 00:00:00+00:00, run_after=2022-01-01 00:00:00+00:00
[2026-05-16T02:58:28.407+0000] {logging_mixin.py:188} INFO - [2026-05-16T02:58:28.407+0000] {dag.py:3823} INFO - Setting next_dagrun for example_subdag_operator.section-1 to None, run_after=None
[2026-05-16T02:58:28.410+0000] {logging_mixin.py:188} INFO - [2026-05-16T02:58:28.409+0000] {dag.py:3823} INFO - Setting next_dagrun for example_subdag_operator.section-2 to None, run_after=None
[2026-05-16T02:58:28.425+0000] {logging_mixin.py:188} INFO - [2026-05-16T02:58:28.425+0000] {dag.py:3036} INFO - Sync 2 DAGs
[2026-05-16T02:58:28.435+0000] {logging_mixin.py:188} INFO - [2026-05-16T02:58:28.434+0000] {dag.py:3823} INFO - Setting next_dagrun for example_subdag_operator.section-1 to None, run_after=None
[2026-05-16T02:58:28.436+0000] {logging_mixin.py:188} INFO - [2026-05-16T02:58:28.436+0000] {dag.py:3823} INFO - Setting next_dagrun for example_subdag_operator.section-2 to None, run_after=None
[2026-05-16T02:58:28.456+0000] {processor.py:183} INFO - Processing /home/airflow/.local/lib/python3.8/site-packages/airflow/example_dags/example_subdag_operator.py took 0.230 seconds
[2026-05-16T02:58:59.446+0000] {processor.py:161} INFO - Started process (PID=1967) to work on /home/airflow/.local/lib/python3.8/site-packages/airflow/example_dags/example_subdag_operator.py
[2026-05-16T02:58:59.447+0000] {processor.py:830} INFO - Processing file /home/airflow/.local/lib/python3.8/site-packages/airflow/example_dags/example_subdag_operator.py for tasks to queue
[2026-05-16T02:58:59.449+0000] {logging_mixin.py:188} INFO - [2026-05-16T02:58:59.449+0000] {dagbag.py:538} INFO - Filling up the DagBag from /home/airflow/.local/lib/python3.8/site-packages/airflow/example_dags/example_subdag_operator.py
[2026-05-16T02:58:59.496+0000] {processor.py:840} INFO - DAG(s) 'example_subdag_operator.section-1', 'example_subdag_operator.section-2', 'example_subdag_operator' retrieved from /home/airflow/.local/lib/python3.8/site-packages/airflow/example_dags/example_subdag_operator.py
[2026-05-16T02:58:59.526+0000] {logging_mixin.py:188} INFO - [2026-05-16T02:58:59.525+0000] {dag.py:3036} INFO - Sync 3 DAGs
[2026-05-16T02:58:59.568+0000] {logging_mixin.py:188} INFO - [2026-05-16T02:58:59.567+0000] {dag.py:3823} INFO - Setting next_dagrun for example_subdag_operator to 2022-01-01 00:00:00+00:00, run_after=2022-01-01 00:00:00+00:00
[2026-05-16T02:58:59.574+0000] {logging_mixin.py:188} INFO - [2026-05-16T02:58:59.574+0000] {dag.py:3823} INFO - Setting next_dagrun for example_subdag_operator.section-1 to None, run_after=None
[2026-05-16T02:58:59.576+0000] {logging_mixin.py:188} INFO - [2026-05-16T02:58:59.576+0000] {dag.py:3823} INFO - Setting next_dagrun for example_subdag_operator.section-2 to None, run_after=None
[2026-05-16T02:58:59.589+0000] {logging_mixin.py:188} INFO - [2026-05-16T02:58:59.588+0000] {dag.py:3036} INFO - Sync 2 DAGs
[2026-05-16T02:58:59.597+0000] {logging_mixin.py:188} INFO - [2026-05-16T02:58:59.597+0000] {dag.py:3823} INFO - Setting next_dagrun for example_subdag_operator.section-1 to None, run_after=None
[2026-05-16T02:58:59.598+0000] {logging_mixin.py:188} INFO - [2026-05-16T02:58:59.598+0000] {dag.py:3823} INFO - Setting next_dagrun for example_subdag_operator.section-2 to None, run_after=None
[2026-05-16T02:58:59.617+0000] {processor.py:183} INFO - Processing /home/airflow/.local/lib/python3.8/site-packages/airflow/example_dags/example_subdag_operator.py took 0.177 seconds
[2026-05-16T02:59:29.714+0000] {processor.py:161} INFO - Started process (PID=2031) to work on /home/airflow/.local/lib/python3.8/site-packages/airflow/example_dags/example_subdag_operator.py
[2026-05-16T02:59:29.716+0000] {processor.py:830} INFO - Processing file /home/airflow/.local/lib/python3.8/site-packages/airflow/example_dags/example_subdag_operator.py for tasks to queue
[2026-05-16T02:59:29.719+0000] {logging_mixin.py:188} INFO - [2026-05-16T02:59:29.719+0000] {dagbag.py:538} INFO - Filling up the DagBag from /home/airflow/.local/lib/python3.8/site-packages/airflow/example_dags/example_subdag_operator.py
[2026-05-16T02:59:29.765+0000] {processor.py:840} INFO - DAG(s) 'example_subdag_operator.section-1', 'example_subdag_operator.section-2', 'example_subdag_operator' retrieved from /home/airflow/.local/lib/python3.8/site-packages/airflow/example_dags/example_subdag_operator.py
[2026-05-16T02:59:29.796+0000] {logging_mixin.py:188} INFO - [2026-05-16T02:59:29.796+0000] {dag.py:3036} INFO - Sync 3 DAGs
[2026-05-16T02:59:29.836+0000] {logging_mixin.py:188} INFO - [2026-05-16T02:59:29.835+0000] {dag.py:3823} INFO - Setting next_dagrun for example_subdag_operator to 2022-01-01 00:00:00+00:00, run_after=2022-01-01 00:00:00+00:00
[2026-05-16T02:59:29.841+0000] {logging_mixin.py:188} INFO - [2026-05-16T02:59:29.841+0000] {dag.py:3823} INFO - Setting next_dagrun for example_subdag_operator.section-1 to None, run_after=None
[2026-05-16T02:59:29.844+0000] {logging_mixin.py:188} INFO - [2026-05-16T02:59:29.843+0000] {dag.py:3823} INFO - Setting next_dagrun for example_subdag_operator.section-2 to None, run_after=None
[2026-05-16T02:59:29.855+0000] {logging_mixin.py:188} INFO - [2026-05-16T02:59:29.855+0000] {dag.py:3036} INFO - Sync 2 DAGs
[2026-05-16T02:59:29.865+0000] {logging_mixin.py:188} INFO - [2026-05-16T02:59:29.864+0000] {dag.py:3823} INFO - Setting next_dagrun for example_subdag_operator.section-1 to None, run_after=None
[2026-05-16T02:59:29.866+0000] {logging_mixin.py:188} INFO - [2026-05-16T02:59:29.865+0000] {dag.py:3823} INFO - Setting next_dagrun for example_subdag_operator.section-2 to None, run_after=None
[2026-05-16T02:59:29.884+0000] {processor.py:183} INFO - Processing /home/airflow/.local/lib/python3.8/site-packages/airflow/example_dags/example_subdag_operator.py took 0.175 seconds
[2026-05-16T03:00:00.578+0000] {processor.py:161} INFO - Started process (PID=2096) to work on /home/airflow/.local/lib/python3.8/site-packages/airflow/example_dags/example_subdag_operator.py
[2026-05-16T03:00:00.580+0000] {processor.py:830} INFO - Processing file /home/airflow/.local/lib/python3.8/site-packages/airflow/example_dags/example_subdag_operator.py for tasks to queue
[2026-05-16T03:00:00.584+0000] {logging_mixin.py:188} INFO - [2026-05-16T03:00:00.583+0000] {dagbag.py:538} INFO - Filling up the DagBag from /home/airflow/.local/lib/python3.8/site-packages/airflow/example_dags/example_subdag_operator.py
[2026-05-16T03:00:00.632+0000] {processor.py:840} INFO - DAG(s) 'example_subdag_operator.section-1', 'example_subdag_operator.section-2', 'example_subdag_operator' retrieved from /home/airflow/.local/lib/python3.8/site-packages/airflow/example_dags/example_subdag_operator.py
[2026-05-16T03:00:00.666+0000] {logging_mixin.py:188} INFO - [2026-05-16T03:00:00.665+0000] {dag.py:3036} INFO - Sync 3 DAGs
[2026-05-16T03:00:00.712+0000] {logging_mixin.py:188} INFO - [2026-05-16T03:00:00.711+0000] {dag.py:3823} INFO - Setting next_dagrun for example_subdag_operator to 2022-01-01 00:00:00+00:00, run_after=2022-01-01 00:00:00+00:00
[2026-05-16T03:00:00.719+0000] {logging_mixin.py:188} INFO - [2026-05-16T03:00:00.718+0000] {dag.py:3823} INFO - Setting next_dagrun for example_subdag_operator.section-1 to None, run_after=None
[2026-05-16T03:00:00.722+0000] {logging_mixin.py:188} INFO - [2026-05-16T03:00:00.721+0000] {dag.py:3823} INFO - Setting next_dagrun for example_subdag_operator.section-2 to None, run_after=None
[2026-05-16T03:00:00.736+0000] {logging_mixin.py:188} INFO - [2026-05-16T03:00:00.735+0000] {dag.py:3036} INFO - Sync 2 DAGs
[2026-05-16T03:00:00.747+0000] {logging_mixin.py:188} INFO - [2026-05-16T03:00:00.746+0000] {dag.py:3823} INFO - Setting next_dagrun for example_subdag_operator.section-1 to None, run_after=None
[2026-05-16T03:00:00.748+0000] {logging_mixin.py:188} INFO - [2026-05-16T03:00:00.748+0000] {dag.py:3823} INFO - Setting next_dagrun for example_subdag_operator.section-2 to None, run_after=None
[2026-05-16T03:00:00.772+0000] {processor.py:183} INFO - Processing /home/airflow/.local/lib/python3.8/site-packages/airflow/example_dags/example_subdag_operator.py took 0.199 seconds
[2026-05-16T03:00:31.183+0000] {processor.py:161} INFO - Started process (PID=2161) to work on /home/airflow/.local/lib/python3.8/site-packages/airflow/example_dags/example_subdag_operator.py
[2026-05-16T03:00:31.185+0000] {processor.py:830} INFO - Processing file /home/airflow/.local/lib/python3.8/site-packages/airflow/example_dags/example_subdag_operator.py for tasks to queue
[2026-05-16T03:00:31.187+0000] {logging_mixin.py:188} INFO - [2026-05-16T03:00:31.187+0000] {dagbag.py:538} INFO - Filling up the DagBag from /home/airflow/.local/lib/python3.8/site-packages/airflow/example_dags/example_subdag_operator.py
[2026-05-16T03:00:31.232+0000] {processor.py:840} INFO - DAG(s) 'example_subdag_operator.section-1', 'example_subdag_operator.section-2', 'example_subdag_operator' retrieved from /home/airflow/.local/lib/python3.8/site-packages/airflow/example_dags/example_subdag_operator.py
[2026-05-16T03:00:31.263+0000] {logging_mixin.py:188} INFO - [2026-05-16T03:00:31.262+0000] {dag.py:3036} INFO - Sync 3 DAGs
[2026-05-16T03:00:31.306+0000] {logging_mixin.py:188} INFO - [2026-05-16T03:00:31.305+0000] {dag.py:3823} INFO - Setting next_dagrun for example_subdag_operator to 2022-01-01 00:00:00+00:00, run_after=2022-01-01 00:00:00+00:00
[2026-05-16T03:00:31.312+0000] {logging_mixin.py:188} INFO - [2026-05-16T03:00:31.312+0000] {dag.py:3823} INFO - Setting next_dagrun for example_subdag_operator.section-1 to None, run_after=None
[2026-05-16T03:00:31.315+0000] {logging_mixin.py:188} INFO - [2026-05-16T03:00:31.315+0000] {dag.py:3823} INFO - Setting next_dagrun for example_subdag_operator.section-2 to None, run_after=None
[2026-05-16T03:00:31.329+0000] {logging_mixin.py:188} INFO - [2026-05-16T03:00:31.329+0000] {dag.py:3036} INFO - Sync 2 DAGs
[2026-05-16T03:00:31.339+0000] {logging_mixin.py:188} INFO - [2026-05-16T03:00:31.339+0000] {dag.py:3823} INFO - Setting next_dagrun for example_subdag_operator.section-1 to None, run_after=None
[2026-05-16T03:00:31.340+0000] {logging_mixin.py:188} INFO - [2026-05-16T03:00:31.340+0000] {dag.py:3823} INFO - Setting next_dagrun for example_subdag_operator.section-2 to None, run_after=None
[2026-05-16T03:00:31.359+0000] {processor.py:183} INFO - Processing /home/airflow/.local/lib/python3.8/site-packages/airflow/example_dags/example_subdag_operator.py took 0.181 seconds
[2026-05-16T03:01:01.692+0000] {processor.py:161} INFO - Started process (PID=2226) to work on /home/airflow/.local/lib/python3.8/site-packages/airflow/example_dags/example_subdag_operator.py
[2026-05-16T03:01:01.694+0000] {processor.py:830} INFO - Processing file /home/airflow/.local/lib/python3.8/site-packages/airflow/example_dags/example_subdag_operator.py for tasks to queue
[2026-05-16T03:01:01.697+0000] {logging_mixin.py:188} INFO - [2026-05-16T03:01:01.696+0000] {dagbag.py:538} INFO - Filling up the DagBag from /home/airflow/.local/lib/python3.8/site-packages/airflow/example_dags/example_subdag_operator.py
[2026-05-16T03:01:01.742+0000] {processor.py:840} INFO - DAG(s) 'example_subdag_operator.section-1', 'example_subdag_operator.section-2', 'example_subdag_operator' retrieved from /home/airflow/.local/lib/python3.8/site-packages/airflow/example_dags/example_subdag_operator.py
[2026-05-16T03:01:01.772+0000] {logging_mixin.py:188} INFO - [2026-05-16T03:01:01.772+0000] {dag.py:3036} INFO - Sync 3 DAGs
[2026-05-16T03:01:01.816+0000] {logging_mixin.py:188} INFO - [2026-05-16T03:01:01.816+0000] {dag.py:3823} INFO - Setting next_dagrun for example_subdag_operator to 2022-01-01 00:00:00+00:00, run_after=2022-01-01 00:00:00+00:00
[2026-05-16T03:01:01.823+0000] {logging_mixin.py:188} INFO - [2026-05-16T03:01:01.823+0000] {dag.py:3823} INFO - Setting next_dagrun for example_subdag_operator.section-1 to None, run_after=None
[2026-05-16T03:01:01.827+0000] {logging_mixin.py:188} INFO - [2026-05-16T03:01:01.827+0000] {dag.py:3823} INFO - Setting next_dagrun for example_subdag_operator.section-2 to None, run_after=None
[2026-05-16T03:01:01.841+0000] {logging_mixin.py:188} INFO - [2026-05-16T03:01:01.841+0000] {dag.py:3036} INFO - Sync 2 DAGs
[2026-05-16T03:01:01.855+0000] {logging_mixin.py:188} INFO - [2026-05-16T03:01:01.855+0000] {dag.py:3823} INFO - Setting next_dagrun for example_subdag_operator.section-1 to None, run_after=None
[2026-05-16T03:01:01.856+0000] {logging_mixin.py:188} INFO - [2026-05-16T03:01:01.856+0000] {dag.py:3823} INFO - Setting next_dagrun for example_subdag_operator.section-2 to None, run_after=None
[2026-05-16T03:01:01.877+0000] {processor.py:183} INFO - Processing /home/airflow/.local/lib/python3.8/site-packages/airflow/example_dags/example_subdag_operator.py took 0.191 seconds
[2026-05-16T03:01:32.132+0000] {processor.py:161} INFO - Started process (PID=2291) to work on /home/airflow/.local/lib/python3.8/site-packages/airflow/example_dags/example_subdag_operator.py
[2026-05-16T03:01:32.134+0000] {processor.py:830} INFO - Processing file /home/airflow/.local/lib/python3.8/site-packages/airflow/example_dags/example_subdag_operator.py for tasks to queue
[2026-05-16T03:01:32.137+0000] {logging_mixin.py:188} INFO - [2026-05-16T03:01:32.137+0000] {dagbag.py:538} INFO - Filling up the DagBag from /home/airflow/.local/lib/python3.8/site-packages/airflow/example_dags/example_subdag_operator.py
[2026-05-16T03:01:32.186+0000] {processor.py:840} INFO - DAG(s) 'example_subdag_operator.section-1', 'example_subdag_operator.section-2', 'example_subdag_operator' retrieved from /home/airflow/.local/lib/python3.8/site-packages/airflow/example_dags/example_subdag_operator.py
[2026-05-16T03:01:32.219+0000] {logging_mixin.py:188} INFO - [2026-05-16T03:01:32.218+0000] {dag.py:3036} INFO - Sync 3 DAGs
[2026-05-16T03:01:32.266+0000] {logging_mixin.py:188} INFO - [2026-05-16T03:01:32.266+0000] {dag.py:3823} INFO - Setting next_dagrun for example_subdag_operator to 2022-01-01 00:00:00+00:00, run_after=2022-01-01 00:00:00+00:00
[2026-05-16T03:01:32.273+0000] {logging_mixin.py:188} INFO - [2026-05-16T03:01:32.272+0000] {dag.py:3823} INFO - Setting next_dagrun for example_subdag_operator.section-1 to None, run_after=None
[2026-05-16T03:01:32.275+0000] {logging_mixin.py:188} INFO - [2026-05-16T03:01:32.275+0000] {dag.py:3823} INFO - Setting next_dagrun for example_subdag_operator.section-2 to None, run_after=None
[2026-05-16T03:01:32.288+0000] {logging_mixin.py:188} INFO - [2026-05-16T03:01:32.287+0000] {dag.py:3036} INFO - Sync 2 DAGs
[2026-05-16T03:01:32.298+0000] {logging_mixin.py:188} INFO - [2026-05-16T03:01:32.297+0000] {dag.py:3823} INFO - Setting next_dagrun for example_subdag_operator.section-1 to None, run_after=None
[2026-05-16T03:01:32.298+0000] {logging_mixin.py:188} INFO - [2026-05-16T03:01:32.298+0000] {dag.py:3823} INFO - Setting next_dagrun for example_subdag_operator.section-2 to None, run_after=None
[2026-05-16T03:01:32.317+0000] {processor.py:183} INFO - Processing /home/airflow/.local/lib/python3.8/site-packages/airflow/example_dags/example_subdag_operator.py took 0.190 seconds
[2026-05-16T03:02:02.845+0000] {processor.py:161} INFO - Started process (PID=2357) to work on /home/airflow/.local/lib/python3.8/site-packages/airflow/example_dags/example_subdag_operator.py
[2026-05-16T03:02:02.848+0000] {processor.py:830} INFO - Processing file /home/airflow/.local/lib/python3.8/site-packages/airflow/example_dags/example_subdag_operator.py for tasks to queue
[2026-05-16T03:02:02.850+0000] {logging_mixin.py:188} INFO - [2026-05-16T03:02:02.850+0000] {dagbag.py:538} INFO - Filling up the DagBag from /home/airflow/.local/lib/python3.8/site-packages/airflow/example_dags/example_subdag_operator.py
[2026-05-16T03:02:02.897+0000] {processor.py:840} INFO - DAG(s) 'example_subdag_operator.section-1', 'example_subdag_operator.section-2', 'example_subdag_operator' retrieved from /home/airflow/.local/lib/python3.8/site-packages/airflow/example_dags/example_subdag_operator.py
[2026-05-16T03:02:02.932+0000] {logging_mixin.py:188} INFO - [2026-05-16T03:02:02.932+0000] {dag.py:3036} INFO - Sync 3 DAGs
[2026-05-16T03:02:02.976+0000] {logging_mixin.py:188} INFO - [2026-05-16T03:02:02.976+0000] {dag.py:3823} INFO - Setting next_dagrun for example_subdag_operator to 2022-01-01 00:00:00+00:00, run_after=2022-01-01 00:00:00+00:00
[2026-05-16T03:02:02.984+0000] {logging_mixin.py:188} INFO - [2026-05-16T03:02:02.984+0000] {dag.py:3823} INFO - Setting next_dagrun for example_subdag_operator.section-1 to None, run_after=None
[2026-05-16T03:02:02.988+0000] {logging_mixin.py:188} INFO - [2026-05-16T03:02:02.988+0000] {dag.py:3823} INFO - Setting next_dagrun for example_subdag_operator.section-2 to None, run_after=None
[2026-05-16T03:02:03.004+0000] {logging_mixin.py:188} INFO - [2026-05-16T03:02:03.003+0000] {dag.py:3036} INFO - Sync 2 DAGs
[2026-05-16T03:02:03.015+0000] {logging_mixin.py:188} INFO - [2026-05-16T03:02:03.014+0000] {dag.py:3823} INFO - Setting next_dagrun for example_subdag_operator.section-1 to None, run_after=None
[2026-05-16T03:02:03.015+0000] {logging_mixin.py:188} INFO - [2026-05-16T03:02:03.015+0000] {dag.py:3823} INFO - Setting next_dagrun for example_subdag_operator.section-2 to None, run_after=None
[2026-05-16T03:02:03.037+0000] {processor.py:183} INFO - Processing /home/airflow/.local/lib/python3.8/site-packages/airflow/example_dags/example_subdag_operator.py took 0.196 seconds
[2026-05-16T03:02:33.543+0000] {processor.py:161} INFO - Started process (PID=2430) to work on /home/airflow/.local/lib/python3.8/site-packages/airflow/example_dags/example_subdag_operator.py
[2026-05-16T03:02:33.545+0000] {processor.py:830} INFO - Processing file /home/airflow/.local/lib/python3.8/site-packages/airflow/example_dags/example_subdag_operator.py for tasks to queue
[2026-05-16T03:02:33.548+0000] {logging_mixin.py:188} INFO - [2026-05-16T03:02:33.547+0000] {dagbag.py:538} INFO - Filling up the DagBag from /home/airflow/.local/lib/python3.8/site-packages/airflow/example_dags/example_subdag_operator.py
[2026-05-16T03:02:33.594+0000] {processor.py:840} INFO - DAG(s) 'example_subdag_operator.section-1', 'example_subdag_operator.section-2', 'example_subdag_operator' retrieved from /home/airflow/.local/lib/python3.8/site-packages/airflow/example_dags/example_subdag_operator.py
[2026-05-16T03:02:33.626+0000] {logging_mixin.py:188} INFO - [2026-05-16T03:02:33.626+0000] {dag.py:3036} INFO - Sync 3 DAGs
[2026-05-16T03:02:33.671+0000] {logging_mixin.py:188} INFO - [2026-05-16T03:02:33.670+0000] {dag.py:3823} INFO - Setting next_dagrun for example_subdag_operator to 2022-01-01 00:00:00+00:00, run_after=2022-01-01 00:00:00+00:00
[2026-05-16T03:02:33.678+0000] {logging_mixin.py:188} INFO - [2026-05-16T03:02:33.677+0000] {dag.py:3823} INFO - Setting next_dagrun for example_subdag_operator.section-1 to None, run_after=None
[2026-05-16T03:02:33.680+0000] {logging_mixin.py:188} INFO - [2026-05-16T03:02:33.680+0000] {dag.py:3823} INFO - Setting next_dagrun for example_subdag_operator.section-2 to None, run_after=None
[2026-05-16T03:02:33.695+0000] {logging_mixin.py:188} INFO - [2026-05-16T03:02:33.694+0000] {dag.py:3036} INFO - Sync 2 DAGs
[2026-05-16T03:02:33.705+0000] {logging_mixin.py:188} INFO - [2026-05-16T03:02:33.704+0000] {dag.py:3823} INFO - Setting next_dagrun for example_subdag_operator.section-1 to None, run_after=None
[2026-05-16T03:02:33.706+0000] {logging_mixin.py:188} INFO - [2026-05-16T03:02:33.706+0000] {dag.py:3823} INFO - Setting next_dagrun for example_subdag_operator.section-2 to None, run_after=None
[2026-05-16T03:02:33.729+0000] {processor.py:183} INFO - Processing /home/airflow/.local/lib/python3.8/site-packages/airflow/example_dags/example_subdag_operator.py took 0.194 seconds
[2026-05-16T03:03:04.253+0000] {processor.py:161} INFO - Started process (PID=2496) to work on /home/airflow/.local/lib/python3.8/site-packages/airflow/example_dags/example_subdag_operator.py
[2026-05-16T03:03:04.255+0000] {processor.py:830} INFO - Processing file /home/airflow/.local/lib/python3.8/site-packages/airflow/example_dags/example_subdag_operator.py for tasks to queue
[2026-05-16T03:03:04.258+0000] {logging_mixin.py:188} INFO - [2026-05-16T03:03:04.257+0000] {dagbag.py:538} INFO - Filling up the DagBag from /home/airflow/.local/lib/python3.8/site-packages/airflow/example_dags/example_subdag_operator.py
[2026-05-16T03:03:04.302+0000] {processor.py:840} INFO - DAG(s) 'example_subdag_operator.section-1', 'example_subdag_operator.section-2', 'example_subdag_operator' retrieved from /home/airflow/.local/lib/python3.8/site-packages/airflow/example_dags/example_subdag_operator.py
[2026-05-16T03:03:04.329+0000] {logging_mixin.py:188} INFO - [2026-05-16T03:03:04.329+0000] {dag.py:3036} INFO - Sync 3 DAGs
[2026-05-16T03:03:04.372+0000] {logging_mixin.py:188} INFO - [2026-05-16T03:03:04.372+0000] {dag.py:3823} INFO - Setting next_dagrun for example_subdag_operator to 2022-01-01 00:00:00+00:00, run_after=2022-01-01 00:00:00+00:00
[2026-05-16T03:03:04.382+0000] {logging_mixin.py:188} INFO - [2026-05-16T03:03:04.382+0000] {dag.py:3823} INFO - Setting next_dagrun for example_subdag_operator.section-1 to None, run_after=None
[2026-05-16T03:03:04.385+0000] {logging_mixin.py:188} INFO - [2026-05-16T03:03:04.384+0000] {dag.py:3823} INFO - Setting next_dagrun for example_subdag_operator.section-2 to None, run_after=None
[2026-05-16T03:03:04.398+0000] {logging_mixin.py:188} INFO - [2026-05-16T03:03:04.398+0000] {dag.py:3036} INFO - Sync 2 DAGs
[2026-05-16T03:03:04.407+0000] {logging_mixin.py:188} INFO - [2026-05-16T03:03:04.406+0000] {dag.py:3823} INFO - Setting next_dagrun for example_subdag_operator.section-1 to None, run_after=None
[2026-05-16T03:03:04.407+0000] {logging_mixin.py:188} INFO - [2026-05-16T03:03:04.407+0000] {dag.py:3823} INFO - Setting next_dagrun for example_subdag_operator.section-2 to None, run_after=None
[2026-05-16T03:03:04.426+0000] {processor.py:183} INFO - Processing /home/airflow/.local/lib/python3.8/site-packages/airflow/example_dags/example_subdag_operator.py took 0.178 seconds
[2026-05-16T03:03:34.754+0000] {processor.py:161} INFO - Started process (PID=2561) to work on /home/airflow/.local/lib/python3.8/site-packages/airflow/example_dags/example_subdag_operator.py
[2026-05-16T03:03:34.756+0000] {processor.py:830} INFO - Processing file /home/airflow/.local/lib/python3.8/site-packages/airflow/example_dags/example_subdag_operator.py for tasks to queue
[2026-05-16T03:03:34.758+0000] {logging_mixin.py:188} INFO - [2026-05-16T03:03:34.758+0000] {dagbag.py:538} INFO - Filling up the DagBag from /home/airflow/.local/lib/python3.8/site-packages/airflow/example_dags/example_subdag_operator.py
[2026-05-16T03:03:34.806+0000] {processor.py:840} INFO - DAG(s) 'example_subdag_operator.section-1', 'example_subdag_operator.section-2', 'example_subdag_operator' retrieved from /home/airflow/.local/lib/python3.8/site-packages/airflow/example_dags/example_subdag_operator.py
[2026-05-16T03:03:34.839+0000] {logging_mixin.py:188} INFO - [2026-05-16T03:03:34.839+0000] {dag.py:3036} INFO - Sync 3 DAGs
[2026-05-16T03:03:34.884+0000] {logging_mixin.py:188} INFO - [2026-05-16T03:03:34.884+0000] {dag.py:3823} INFO - Setting next_dagrun for example_subdag_operator to 2022-01-01 00:00:00+00:00, run_after=2022-01-01 00:00:00+00:00
[2026-05-16T03:03:34.891+0000] {logging_mixin.py:188} INFO - [2026-05-16T03:03:34.891+0000] {dag.py:3823} INFO - Setting next_dagrun for example_subdag_operator.section-1 to None, run_after=None
[2026-05-16T03:03:34.894+0000] {logging_mixin.py:188} INFO - [2026-05-16T03:03:34.894+0000] {dag.py:3823} INFO - Setting next_dagrun for example_subdag_operator.section-2 to None, run_after=None
[2026-05-16T03:03:34.909+0000] {logging_mixin.py:188} INFO - [2026-05-16T03:03:34.908+0000] {dag.py:3036} INFO - Sync 2 DAGs
[2026-05-16T03:03:34.920+0000] {logging_mixin.py:188} INFO - [2026-05-16T03:03:34.919+0000] {dag.py:3823} INFO - Setting next_dagrun for example_subdag_operator.section-1 to None, run_after=None
[2026-05-16T03:03:34.920+0000] {logging_mixin.py:188} INFO - [2026-05-16T03:03:34.920+0000] {dag.py:3823} INFO - Setting next_dagrun for example_subdag_operator.section-2 to None, run_after=None
[2026-05-16T03:03:34.945+0000] {processor.py:183} INFO - Processing /home/airflow/.local/lib/python3.8/site-packages/airflow/example_dags/example_subdag_operator.py took 0.197 seconds
[2026-05-16T03:04:05.351+0000] {processor.py:161} INFO - Started process (PID=2626) to work on /home/airflow/.local/lib/python3.8/site-packages/airflow/example_dags/example_subdag_operator.py
[2026-05-16T03:04:05.354+0000] {processor.py:830} INFO - Processing file /home/airflow/.local/lib/python3.8/site-packages/airflow/example_dags/example_subdag_operator.py for tasks to queue
[2026-05-16T03:04:05.356+0000] {logging_mixin.py:188} INFO - [2026-05-16T03:04:05.356+0000] {dagbag.py:538} INFO - Filling up the DagBag from /home/airflow/.local/lib/python3.8/site-packages/airflow/example_dags/example_subdag_operator.py
[2026-05-16T03:04:05.404+0000] {processor.py:840} INFO - DAG(s) 'example_subdag_operator.section-1', 'example_subdag_operator.section-2', 'example_subdag_operator' retrieved from /home/airflow/.local/lib/python3.8/site-packages/airflow/example_dags/example_subdag_operator.py
[2026-05-16T03:04:05.433+0000] {logging_mixin.py:188} INFO - [2026-05-16T03:04:05.432+0000] {dag.py:3036} INFO - Sync 3 DAGs
[2026-05-16T03:04:05.473+0000] {logging_mixin.py:188} INFO - [2026-05-16T03:04:05.473+0000] {dag.py:3823} INFO - Setting next_dagrun for example_subdag_operator to 2022-01-01 00:00:00+00:00, run_after=2022-01-01 00:00:00+00:00
[2026-05-16T03:04:05.481+0000] {logging_mixin.py:188} INFO - [2026-05-16T03:04:05.480+0000] {dag.py:3823} INFO - Setting next_dagrun for example_subdag_operator.section-1 to None, run_after=None
[2026-05-16T03:04:05.483+0000] {logging_mixin.py:188} INFO - [2026-05-16T03:04:05.482+0000] {dag.py:3823} INFO - Setting next_dagrun for example_subdag_operator.section-2 to None, run_after=None
[2026-05-16T03:04:05.497+0000] {logging_mixin.py:188} INFO - [2026-05-16T03:04:05.497+0000] {dag.py:3036} INFO - Sync 2 DAGs
[2026-05-16T03:04:05.510+0000] {logging_mixin.py:188} INFO - [2026-05-16T03:04:05.510+0000] {dag.py:3823} INFO - Setting next_dagrun for example_subdag_operator.section-1 to None, run_after=None
[2026-05-16T03:04:05.511+0000] {logging_mixin.py:188} INFO - [2026-05-16T03:04:05.511+0000] {dag.py:3823} INFO - Setting next_dagrun for example_subdag_operator.section-2 to None, run_after=None
[2026-05-16T03:04:05.538+0000] {processor.py:183} INFO - Processing /home/airflow/.local/lib/python3.8/site-packages/airflow/example_dags/example_subdag_operator.py took 0.192 seconds
[2026-05-16T03:04:35.976+0000] {processor.py:161} INFO - Started process (PID=2691) to work on /home/airflow/.local/lib/python3.8/site-packages/airflow/example_dags/example_subdag_operator.py
[2026-05-16T03:04:35.977+0000] {processor.py:830} INFO - Processing file /home/airflow/.local/lib/python3.8/site-packages/airflow/example_dags/example_subdag_operator.py for tasks to queue
[2026-05-16T03:04:35.980+0000] {logging_mixin.py:188} INFO - [2026-05-16T03:04:35.980+0000] {dagbag.py:538} INFO - Filling up the DagBag from /home/airflow/.local/lib/python3.8/site-packages/airflow/example_dags/example_subdag_operator.py
[2026-05-16T03:04:36.028+0000] {processor.py:840} INFO - DAG(s) 'example_subdag_operator.section-1', 'example_subdag_operator.section-2', 'example_subdag_operator' retrieved from /home/airflow/.local/lib/python3.8/site-packages/airflow/example_dags/example_subdag_operator.py
[2026-05-16T03:04:36.064+0000] {logging_mixin.py:188} INFO - [2026-05-16T03:04:36.063+0000] {dag.py:3036} INFO - Sync 3 DAGs
[2026-05-16T03:04:36.106+0000] {logging_mixin.py:188} INFO - [2026-05-16T03:04:36.106+0000] {dag.py:3823} INFO - Setting next_dagrun for example_subdag_operator to 2022-01-01 00:00:00+00:00, run_after=2022-01-01 00:00:00+00:00
[2026-05-16T03:04:36.114+0000] {logging_mixin.py:188} INFO - [2026-05-16T03:04:36.113+0000] {dag.py:3823} INFO - Setting next_dagrun for example_subdag_operator.section-1 to None, run_after=None
[2026-05-16T03:04:36.116+0000] {logging_mixin.py:188} INFO - [2026-05-16T03:04:36.116+0000] {dag.py:3823} INFO - Setting next_dagrun for example_subdag_operator.section-2 to None, run_after=None
[2026-05-16T03:04:36.130+0000] {logging_mixin.py:188} INFO - [2026-05-16T03:04:36.129+0000] {dag.py:3036} INFO - Sync 2 DAGs
[2026-05-16T03:04:36.140+0000] {logging_mixin.py:188} INFO - [2026-05-16T03:04:36.140+0000] {dag.py:3823} INFO - Setting next_dagrun for example_subdag_operator.section-1 to None, run_after=None
[2026-05-16T03:04:36.141+0000] {logging_mixin.py:188} INFO - [2026-05-16T03:04:36.141+0000] {dag.py:3823} INFO - Setting next_dagrun for example_subdag_operator.section-2 to None, run_after=None
[2026-05-16T03:04:36.161+0000] {processor.py:183} INFO - Processing /home/airflow/.local/lib/python3.8/site-packages/airflow/example_dags/example_subdag_operator.py took 0.190 seconds
[2026-05-16T03:05:06.425+0000] {processor.py:161} INFO - Started process (PID=2757) to work on /home/airflow/.local/lib/python3.8/site-packages/airflow/example_dags/example_subdag_operator.py
[2026-05-16T03:05:06.427+0000] {processor.py:830} INFO - Processing file /home/airflow/.local/lib/python3.8/site-packages/airflow/example_dags/example_subdag_operator.py for tasks to queue
[2026-05-16T03:05:06.430+0000] {logging_mixin.py:188} INFO - [2026-05-16T03:05:06.429+0000] {dagbag.py:538} INFO - Filling up the DagBag from /home/airflow/.local/lib/python3.8/site-packages/airflow/example_dags/example_subdag_operator.py
[2026-05-16T03:05:06.481+0000] {processor.py:840} INFO - DAG(s) 'example_subdag_operator.section-1', 'example_subdag_operator.section-2', 'example_subdag_operator' retrieved from /home/airflow/.local/lib/python3.8/site-packages/airflow/example_dags/example_subdag_operator.py
[2026-05-16T03:05:06.518+0000] {logging_mixin.py:188} INFO - [2026-05-16T03:05:06.517+0000] {dag.py:3036} INFO - Sync 3 DAGs
[2026-05-16T03:05:06.566+0000] {logging_mixin.py:188} INFO - [2026-05-16T03:05:06.565+0000] {dag.py:3823} INFO - Setting next_dagrun for example_subdag_operator to 2022-01-01 00:00:00+00:00, run_after=2022-01-01 00:00:00+00:00
[2026-05-16T03:05:06.573+0000] {logging_mixin.py:188} INFO - [2026-05-16T03:05:06.573+0000] {dag.py:3823} INFO - Setting next_dagrun for example_subdag_operator.section-1 to None, run_after=None
[2026-05-16T03:05:06.576+0000] {logging_mixin.py:188} INFO - [2026-05-16T03:05:06.576+0000] {dag.py:3823} INFO - Setting next_dagrun for example_subdag_operator.section-2 to None, run_after=None
[2026-05-16T03:05:06.594+0000] {logging_mixin.py:188} INFO - [2026-05-16T03:05:06.593+0000] {dag.py:3036} INFO - Sync 2 DAGs
[2026-05-16T03:05:06.604+0000] {logging_mixin.py:188} INFO - [2026-05-16T03:05:06.604+0000] {dag.py:3823} INFO - Setting next_dagrun for example_subdag_operator.section-1 to None, run_after=None
[2026-05-16T03:05:06.605+0000] {logging_mixin.py:188} INFO - [2026-05-16T03:05:06.605+0000] {dag.py:3823} INFO - Setting next_dagrun for example_subdag_operator.section-2 to None, run_after=None
[2026-05-16T03:05:06.627+0000] {processor.py:183} INFO - Processing /home/airflow/.local/lib/python3.8/site-packages/airflow/example_dags/example_subdag_operator.py took 0.208 seconds
[2026-05-16T03:05:36.828+0000] {processor.py:161} INFO - Started process (PID=2822) to work on /home/airflow/.local/lib/python3.8/site-packages/airflow/example_dags/example_subdag_operator.py
[2026-05-16T03:05:36.831+0000] {processor.py:830} INFO - Processing file /home/airflow/.local/lib/python3.8/site-packages/airflow/example_dags/example_subdag_operator.py for tasks to queue
[2026-05-16T03:05:36.834+0000] {logging_mixin.py:188} INFO - [2026-05-16T03:05:36.834+0000] {dagbag.py:538} INFO - Filling up the DagBag from /home/airflow/.local/lib/python3.8/site-packages/airflow/example_dags/example_subdag_operator.py
[2026-05-16T03:05:36.882+0000] {processor.py:840} INFO - DAG(s) 'example_subdag_operator.section-1', 'example_subdag_operator.section-2', 'example_subdag_operator' retrieved from /home/airflow/.local/lib/python3.8/site-packages/airflow/example_dags/example_subdag_operator.py
[2026-05-16T03:05:36.912+0000] {logging_mixin.py:188} INFO - [2026-05-16T03:05:36.911+0000] {dag.py:3036} INFO - Sync 3 DAGs
[2026-05-16T03:05:36.957+0000] {logging_mixin.py:188} INFO - [2026-05-16T03:05:36.956+0000] {dag.py:3823} INFO - Setting next_dagrun for example_subdag_operator to 2022-01-01 00:00:00+00:00, run_after=2022-01-01 00:00:00+00:00
[2026-05-16T03:05:36.965+0000] {logging_mixin.py:188} INFO - [2026-05-16T03:05:36.964+0000] {dag.py:3823} INFO - Setting next_dagrun for example_subdag_operator.section-1 to None, run_after=None
[2026-05-16T03:05:36.968+0000] {logging_mixin.py:188} INFO - [2026-05-16T03:05:36.968+0000] {dag.py:3823} INFO - Setting next_dagrun for example_subdag_operator.section-2 to None, run_after=None
[2026-05-16T03:05:36.982+0000] {logging_mixin.py:188} INFO - [2026-05-16T03:05:36.982+0000] {dag.py:3036} INFO - Sync 2 DAGs
[2026-05-16T03:05:36.992+0000] {logging_mixin.py:188} INFO - [2026-05-16T03:05:36.991+0000] {dag.py:3823} INFO - Setting next_dagrun for example_subdag_operator.section-1 to None, run_after=None
[2026-05-16T03:05:36.992+0000] {logging_mixin.py:188} INFO - [2026-05-16T03:05:36.992+0000] {dag.py:3823} INFO - Setting next_dagrun for example_subdag_operator.section-2 to None, run_after=None
[2026-05-16T03:05:37.012+0000] {processor.py:183} INFO - Processing /home/airflow/.local/lib/python3.8/site-packages/airflow/example_dags/example_subdag_operator.py took 0.189 seconds
[2026-05-16T03:06:07.371+0000] {processor.py:161} INFO - Started process (PID=2888) to work on /home/airflow/.local/lib/python3.8/site-packages/airflow/example_dags/example_subdag_operator.py
[2026-05-16T03:06:07.373+0000] {processor.py:830} INFO - Processing file /home/airflow/.local/lib/python3.8/site-packages/airflow/example_dags/example_subdag_operator.py for tasks to queue
[2026-05-16T03:06:07.375+0000] {logging_mixin.py:188} INFO - [2026-05-16T03:06:07.375+0000] {dagbag.py:538} INFO - Filling up the DagBag from /home/airflow/.local/lib/python3.8/site-packages/airflow/example_dags/example_subdag_operator.py
[2026-05-16T03:06:07.419+0000] {processor.py:840} INFO - DAG(s) 'example_subdag_operator.section-1', 'example_subdag_operator.section-2', 'example_subdag_operator' retrieved from /home/airflow/.local/lib/python3.8/site-packages/airflow/example_dags/example_subdag_operator.py
[2026-05-16T03:06:07.449+0000] {logging_mixin.py:188} INFO - [2026-05-16T03:06:07.449+0000] {dag.py:3036} INFO - Sync 3 DAGs
[2026-05-16T03:06:07.492+0000] {logging_mixin.py:188} INFO - [2026-05-16T03:06:07.492+0000] {dag.py:3823} INFO - Setting next_dagrun for example_subdag_operator to 2022-01-01 00:00:00+00:00, run_after=2022-01-01 00:00:00+00:00
[2026-05-16T03:06:07.498+0000] {logging_mixin.py:188} INFO - [2026-05-16T03:06:07.498+0000] {dag.py:3823} INFO - Setting next_dagrun for example_subdag_operator.section-1 to None, run_after=None
[2026-05-16T03:06:07.501+0000] {logging_mixin.py:188} INFO - [2026-05-16T03:06:07.500+0000] {dag.py:3823} INFO - Setting next_dagrun for example_subdag_operator.section-2 to None, run_after=None
[2026-05-16T03:06:07.513+0000] {logging_mixin.py:188} INFO - [2026-05-16T03:06:07.513+0000] {dag.py:3036} INFO - Sync 2 DAGs
[2026-05-16T03:06:07.522+0000] {logging_mixin.py:188} INFO - [2026-05-16T03:06:07.522+0000] {dag.py:3823} INFO - Setting next_dagrun for example_subdag_operator.section-1 to None, run_after=None
[2026-05-16T03:06:07.523+0000] {logging_mixin.py:188} INFO - [2026-05-16T03:06:07.523+0000] {dag.py:3823} INFO - Setting next_dagrun for example_subdag_operator.section-2 to None, run_after=None
[2026-05-16T03:06:07.544+0000] {processor.py:183} INFO - Processing /home/airflow/.local/lib/python3.8/site-packages/airflow/example_dags/example_subdag_operator.py took 0.178 seconds
[2026-05-16T03:06:37.613+0000] {processor.py:161} INFO - Started process (PID=2953) to work on /home/airflow/.local/lib/python3.8/site-packages/airflow/example_dags/example_subdag_operator.py
[2026-05-16T03:06:37.615+0000] {processor.py:830} INFO - Processing file /home/airflow/.local/lib/python3.8/site-packages/airflow/example_dags/example_subdag_operator.py for tasks to queue
[2026-05-16T03:06:37.618+0000] {logging_mixin.py:188} INFO - [2026-05-16T03:06:37.617+0000] {dagbag.py:538} INFO - Filling up the DagBag from /home/airflow/.local/lib/python3.8/site-packages/airflow/example_dags/example_subdag_operator.py
[2026-05-16T03:06:37.659+0000] {processor.py:840} INFO - DAG(s) 'example_subdag_operator.section-1', 'example_subdag_operator.section-2', 'example_subdag_operator' retrieved from /home/airflow/.local/lib/python3.8/site-packages/airflow/example_dags/example_subdag_operator.py
[2026-05-16T03:06:37.686+0000] {logging_mixin.py:188} INFO - [2026-05-16T03:06:37.686+0000] {dag.py:3036} INFO - Sync 3 DAGs
[2026-05-16T03:06:37.723+0000] {logging_mixin.py:188} INFO - [2026-05-16T03:06:37.722+0000] {dag.py:3823} INFO - Setting next_dagrun for example_subdag_operator to 2022-01-01 00:00:00+00:00, run_after=2022-01-01 00:00:00+00:00
[2026-05-16T03:06:37.729+0000] {logging_mixin.py:188} INFO - [2026-05-16T03:06:37.729+0000] {dag.py:3823} INFO - Setting next_dagrun for example_subdag_operator.section-1 to None, run_after=None
[2026-05-16T03:06:37.732+0000] {logging_mixin.py:188} INFO - [2026-05-16T03:06:37.731+0000] {dag.py:3823} INFO - Setting next_dagrun for example_subdag_operator.section-2 to None, run_after=None
[2026-05-16T03:06:37.743+0000] {logging_mixin.py:188} INFO - [2026-05-16T03:06:37.742+0000] {dag.py:3036} INFO - Sync 2 DAGs
[2026-05-16T03:06:37.751+0000] {logging_mixin.py:188} INFO - [2026-05-16T03:06:37.751+0000] {dag.py:3823} INFO - Setting next_dagrun for example_subdag_operator.section-1 to None, run_after=None
[2026-05-16T03:06:37.752+0000] {logging_mixin.py:188} INFO - [2026-05-16T03:06:37.752+0000] {dag.py:3823} INFO - Setting next_dagrun for example_subdag_operator.section-2 to None, run_after=None
[2026-05-16T03:06:37.769+0000] {processor.py:183} INFO - Processing /home/airflow/.local/lib/python3.8/site-packages/airflow/example_dags/example_subdag_operator.py took 0.161 seconds
[2026-05-16T03:07:07.903+0000] {processor.py:161} INFO - Started process (PID=3018) to work on /home/airflow/.local/lib/python3.8/site-packages/airflow/example_dags/example_subdag_operator.py
[2026-05-16T03:07:07.904+0000] {processor.py:830} INFO - Processing file /home/airflow/.local/lib/python3.8/site-packages/airflow/example_dags/example_subdag_operator.py for tasks to queue
[2026-05-16T03:07:07.907+0000] {logging_mixin.py:188} INFO - [2026-05-16T03:07:07.906+0000] {dagbag.py:538} INFO - Filling up the DagBag from /home/airflow/.local/lib/python3.8/site-packages/airflow/example_dags/example_subdag_operator.py
[2026-05-16T03:07:07.961+0000] {processor.py:840} INFO - DAG(s) 'example_subdag_operator.section-1', 'example_subdag_operator.section-2', 'example_subdag_operator' retrieved from /home/airflow/.local/lib/python3.8/site-packages/airflow/example_dags/example_subdag_operator.py
[2026-05-16T03:07:07.994+0000] {logging_mixin.py:188} INFO - [2026-05-16T03:07:07.993+0000] {dag.py:3036} INFO - Sync 3 DAGs
[2026-05-16T03:07:08.035+0000] {logging_mixin.py:188} INFO - [2026-05-16T03:07:08.034+0000] {dag.py:3823} INFO - Setting next_dagrun for example_subdag_operator to 2022-01-01 00:00:00+00:00, run_after=2022-01-01 00:00:00+00:00
[2026-05-16T03:07:08.043+0000] {logging_mixin.py:188} INFO - [2026-05-16T03:07:08.043+0000] {dag.py:3823} INFO - Setting next_dagrun for example_subdag_operator.section-1 to None, run_after=None
[2026-05-16T03:07:08.046+0000] {logging_mixin.py:188} INFO - [2026-05-16T03:07:08.046+0000] {dag.py:3823} INFO - Setting next_dagrun for example_subdag_operator.section-2 to None, run_after=None
[2026-05-16T03:07:08.059+0000] {logging_mixin.py:188} INFO - [2026-05-16T03:07:08.059+0000] {dag.py:3036} INFO - Sync 2 DAGs
[2026-05-16T03:07:08.070+0000] {logging_mixin.py:188} INFO - [2026-05-16T03:07:08.069+0000] {dag.py:3823} INFO - Setting next_dagrun for example_subdag_operator.section-1 to None, run_after=None
[2026-05-16T03:07:08.070+0000] {logging_mixin.py:188} INFO - [2026-05-16T03:07:08.070+0000] {dag.py:3823} INFO - Setting next_dagrun for example_subdag_operator.section-2 to None, run_after=None
[2026-05-16T03:07:08.092+0000] {processor.py:183} INFO - Processing /home/airflow/.local/lib/python3.8/site-packages/airflow/example_dags/example_subdag_operator.py took 0.194 seconds
[2026-05-16T03:07:38.171+0000] {processor.py:161} INFO - Started process (PID=3083) to work on /home/airflow/.local/lib/python3.8/site-packages/airflow/example_dags/example_subdag_operator.py
[2026-05-16T03:07:38.173+0000] {processor.py:830} INFO - Processing file /home/airflow/.local/lib/python3.8/site-packages/airflow/example_dags/example_subdag_operator.py for tasks to queue
[2026-05-16T03:07:38.176+0000] {logging_mixin.py:188} INFO - [2026-05-16T03:07:38.176+0000] {dagbag.py:538} INFO - Filling up the DagBag from /home/airflow/.local/lib/python3.8/site-packages/airflow/example_dags/example_subdag_operator.py
[2026-05-16T03:07:38.217+0000] {processor.py:840} INFO - DAG(s) 'example_subdag_operator.section-1', 'example_subdag_operator.section-2', 'example_subdag_operator' retrieved from /home/airflow/.local/lib/python3.8/site-packages/airflow/example_dags/example_subdag_operator.py
[2026-05-16T03:07:38.244+0000] {logging_mixin.py:188} INFO - [2026-05-16T03:07:38.244+0000] {dag.py:3036} INFO - Sync 3 DAGs
[2026-05-16T03:07:38.282+0000] {logging_mixin.py:188} INFO - [2026-05-16T03:07:38.281+0000] {dag.py:3823} INFO - Setting next_dagrun for example_subdag_operator to 2022-01-01 00:00:00+00:00, run_after=2022-01-01 00:00:00+00:00
[2026-05-16T03:07:38.288+0000] {logging_mixin.py:188} INFO - [2026-05-16T03:07:38.288+0000] {dag.py:3823} INFO - Setting next_dagrun for example_subdag_operator.section-1 to None, run_after=None
[2026-05-16T03:07:38.290+0000] {logging_mixin.py:188} INFO - [2026-05-16T03:07:38.290+0000] {dag.py:3823} INFO - Setting next_dagrun for example_subdag_operator.section-2 to None, run_after=None
[2026-05-16T03:07:38.301+0000] {logging_mixin.py:188} INFO - [2026-05-16T03:07:38.301+0000] {dag.py:3036} INFO - Sync 2 DAGs
[2026-05-16T03:07:38.311+0000] {logging_mixin.py:188} INFO - [2026-05-16T03:07:38.310+0000] {dag.py:3823} INFO - Setting next_dagrun for example_subdag_operator.section-1 to None, run_after=None
[2026-05-16T03:07:38.312+0000] {logging_mixin.py:188} INFO - [2026-05-16T03:07:38.311+0000] {dag.py:3823} INFO - Setting next_dagrun for example_subdag_operator.section-2 to None, run_after=None
[2026-05-16T03:07:38.331+0000] {processor.py:183} INFO - Processing /home/airflow/.local/lib/python3.8/site-packages/airflow/example_dags/example_subdag_operator.py took 0.165 seconds
[2026-05-16T03:08:09.203+0000] {processor.py:161} INFO - Started process (PID=3148) to work on /home/airflow/.local/lib/python3.8/site-packages/airflow/example_dags/example_subdag_operator.py
[2026-05-16T03:08:09.206+0000] {processor.py:830} INFO - Processing file /home/airflow/.local/lib/python3.8/site-packages/airflow/example_dags/example_subdag_operator.py for tasks to queue
[2026-05-16T03:08:09.208+0000] {logging_mixin.py:188} INFO - [2026-05-16T03:08:09.208+0000] {dagbag.py:538} INFO - Filling up the DagBag from /home/airflow/.local/lib/python3.8/site-packages/airflow/example_dags/example_subdag_operator.py
[2026-05-16T03:08:09.252+0000] {processor.py:840} INFO - DAG(s) 'example_subdag_operator.section-1', 'example_subdag_operator.section-2', 'example_subdag_operator' retrieved from /home/airflow/.local/lib/python3.8/site-packages/airflow/example_dags/example_subdag_operator.py
[2026-05-16T03:08:09.282+0000] {logging_mixin.py:188} INFO - [2026-05-16T03:08:09.281+0000] {dag.py:3036} INFO - Sync 3 DAGs
[2026-05-16T03:08:09.323+0000] {logging_mixin.py:188} INFO - [2026-05-16T03:08:09.322+0000] {dag.py:3823} INFO - Setting next_dagrun for example_subdag_operator to 2022-01-01 00:00:00+00:00, run_after=2022-01-01 00:00:00+00:00
[2026-05-16T03:08:09.330+0000] {logging_mixin.py:188} INFO - [2026-05-16T03:08:09.329+0000] {dag.py:3823} INFO - Setting next_dagrun for example_subdag_operator.section-1 to None, run_after=None
[2026-05-16T03:08:09.332+0000] {logging_mixin.py:188} INFO - [2026-05-16T03:08:09.332+0000] {dag.py:3823} INFO - Setting next_dagrun for example_subdag_operator.section-2 to None, run_after=None
[2026-05-16T03:08:09.345+0000] {logging_mixin.py:188} INFO - [2026-05-16T03:08:09.345+0000] {dag.py:3036} INFO - Sync 2 DAGs
[2026-05-16T03:08:09.355+0000] {logging_mixin.py:188} INFO - [2026-05-16T03:08:09.354+0000] {dag.py:3823} INFO - Setting next_dagrun for example_subdag_operator.section-1 to None, run_after=None
[2026-05-16T03:08:09.355+0000] {logging_mixin.py:188} INFO - [2026-05-16T03:08:09.355+0000] {dag.py:3823} INFO - Setting next_dagrun for example_subdag_operator.section-2 to None, run_after=None
[2026-05-16T03:08:09.374+0000] {processor.py:183} INFO - Processing /home/airflow/.local/lib/python3.8/site-packages/airflow/example_dags/example_subdag_operator.py took 0.176 seconds
[2026-05-16T03:08:40.030+0000] {processor.py:161} INFO - Started process (PID=3214) to work on /home/airflow/.local/lib/python3.8/site-packages/airflow/example_dags/example_subdag_operator.py
[2026-05-16T03:08:40.032+0000] {processor.py:830} INFO - Processing file /home/airflow/.local/lib/python3.8/site-packages/airflow/example_dags/example_subdag_operator.py for tasks to queue
[2026-05-16T03:08:40.034+0000] {logging_mixin.py:188} INFO - [2026-05-16T03:08:40.034+0000] {dagbag.py:538} INFO - Filling up the DagBag from /home/airflow/.local/lib/python3.8/site-packages/airflow/example_dags/example_subdag_operator.py
[2026-05-16T03:08:40.075+0000] {processor.py:840} INFO - DAG(s) 'example_subdag_operator.section-1', 'example_subdag_operator.section-2', 'example_subdag_operator' retrieved from /home/airflow/.local/lib/python3.8/site-packages/airflow/example_dags/example_subdag_operator.py
[2026-05-16T03:08:40.103+0000] {logging_mixin.py:188} INFO - [2026-05-16T03:08:40.102+0000] {dag.py:3036} INFO - Sync 3 DAGs
[2026-05-16T03:08:40.156+0000] {logging_mixin.py:188} INFO - [2026-05-16T03:08:40.155+0000] {dag.py:3823} INFO - Setting next_dagrun for example_subdag_operator to 2022-01-01 00:00:00+00:00, run_after=2022-01-01 00:00:00+00:00
[2026-05-16T03:08:40.163+0000] {logging_mixin.py:188} INFO - [2026-05-16T03:08:40.162+0000] {dag.py:3823} INFO - Setting next_dagrun for example_subdag_operator.section-1 to None, run_after=None
[2026-05-16T03:08:40.165+0000] {logging_mixin.py:188} INFO - [2026-05-16T03:08:40.165+0000] {dag.py:3823} INFO - Setting next_dagrun for example_subdag_operator.section-2 to None, run_after=None
[2026-05-16T03:08:40.380+0000] {logging_mixin.py:188} INFO - [2026-05-16T03:08:40.379+0000] {dag.py:3036} INFO - Sync 2 DAGs
[2026-05-16T03:08:40.390+0000] {logging_mixin.py:188} INFO - [2026-05-16T03:08:40.390+0000] {dag.py:3823} INFO - Setting next_dagrun for example_subdag_operator.section-1 to None, run_after=None
[2026-05-16T03:08:40.391+0000] {logging_mixin.py:188} INFO - [2026-05-16T03:08:40.391+0000] {dag.py:3823} INFO - Setting next_dagrun for example_subdag_operator.section-2 to None, run_after=None
[2026-05-16T03:08:40.413+0000] {processor.py:183} INFO - Processing /home/airflow/.local/lib/python3.8/site-packages/airflow/example_dags/example_subdag_operator.py took 0.389 seconds
[2026-05-16T03:09:10.683+0000] {processor.py:161} INFO - Started process (PID=3279) to work on /home/airflow/.local/lib/python3.8/site-packages/airflow/example_dags/example_subdag_operator.py
[2026-05-16T03:09:10.685+0000] {processor.py:830} INFO - Processing file /home/airflow/.local/lib/python3.8/site-packages/airflow/example_dags/example_subdag_operator.py for tasks to queue
[2026-05-16T03:09:10.688+0000] {logging_mixin.py:188} INFO - [2026-05-16T03:09:10.687+0000] {dagbag.py:538} INFO - Filling up the DagBag from /home/airflow/.local/lib/python3.8/site-packages/airflow/example_dags/example_subdag_operator.py
[2026-05-16T03:09:10.740+0000] {processor.py:840} INFO - DAG(s) 'example_subdag_operator.section-1', 'example_subdag_operator.section-2', 'example_subdag_operator' retrieved from /home/airflow/.local/lib/python3.8/site-packages/airflow/example_dags/example_subdag_operator.py
[2026-05-16T03:09:10.781+0000] {logging_mixin.py:188} INFO - [2026-05-16T03:09:10.780+0000] {dag.py:3036} INFO - Sync 3 DAGs
[2026-05-16T03:09:10.826+0000] {logging_mixin.py:188} INFO - [2026-05-16T03:09:10.825+0000] {dag.py:3823} INFO - Setting next_dagrun for example_subdag_operator to 2022-01-01 00:00:00+00:00, run_after=2022-01-01 00:00:00+00:00
[2026-05-16T03:09:10.832+0000] {logging_mixin.py:188} INFO - [2026-05-16T03:09:10.832+0000] {dag.py:3823} INFO - Setting next_dagrun for example_subdag_operator.section-1 to None, run_after=None
[2026-05-16T03:09:10.835+0000] {logging_mixin.py:188} INFO - [2026-05-16T03:09:10.835+0000] {dag.py:3823} INFO - Setting next_dagrun for example_subdag_operator.section-2 to None, run_after=None
[2026-05-16T03:09:10.850+0000] {logging_mixin.py:188} INFO - [2026-05-16T03:09:10.850+0000] {dag.py:3036} INFO - Sync 2 DAGs
[2026-05-16T03:09:10.861+0000] {logging_mixin.py:188} INFO - [2026-05-16T03:09:10.860+0000] {dag.py:3823} INFO - Setting next_dagrun for example_subdag_operator.section-1 to None, run_after=None
[2026-05-16T03:09:10.861+0000] {logging_mixin.py:188} INFO - [2026-05-16T03:09:10.861+0000] {dag.py:3823} INFO - Setting next_dagrun for example_subdag_operator.section-2 to None, run_after=None
[2026-05-16T03:09:10.886+0000] {processor.py:183} INFO - Processing /home/airflow/.local/lib/python3.8/site-packages/airflow/example_dags/example_subdag_operator.py took 0.211 seconds
[2026-05-16T03:09:41.226+0000] {processor.py:161} INFO - Started process (PID=3352) to work on /home/airflow/.local/lib/python3.8/site-packages/airflow/example_dags/example_subdag_operator.py
[2026-05-16T03:09:41.229+0000] {processor.py:830} INFO - Processing file /home/airflow/.local/lib/python3.8/site-packages/airflow/example_dags/example_subdag_operator.py for tasks to queue
[2026-05-16T03:09:41.232+0000] {logging_mixin.py:188} INFO - [2026-05-16T03:09:41.231+0000] {dagbag.py:538} INFO - Filling up the DagBag from /home/airflow/.local/lib/python3.8/site-packages/airflow/example_dags/example_subdag_operator.py
[2026-05-16T03:09:41.280+0000] {processor.py:840} INFO - DAG(s) 'example_subdag_operator.section-1', 'example_subdag_operator.section-2', 'example_subdag_operator' retrieved from /home/airflow/.local/lib/python3.8/site-packages/airflow/example_dags/example_subdag_operator.py
[2026-05-16T03:09:41.313+0000] {logging_mixin.py:188} INFO - [2026-05-16T03:09:41.313+0000] {dag.py:3036} INFO - Sync 3 DAGs
[2026-05-16T03:09:41.364+0000] {logging_mixin.py:188} INFO - [2026-05-16T03:09:41.364+0000] {dag.py:3823} INFO - Setting next_dagrun for example_subdag_operator to 2022-01-01 00:00:00+00:00, run_after=2022-01-01 00:00:00+00:00
[2026-05-16T03:09:41.371+0000] {logging_mixin.py:188} INFO - [2026-05-16T03:09:41.371+0000] {dag.py:3823} INFO - Setting next_dagrun for example_subdag_operator.section-1 to None, run_after=None
[2026-05-16T03:09:41.374+0000] {logging_mixin.py:188} INFO - [2026-05-16T03:09:41.374+0000] {dag.py:3823} INFO - Setting next_dagrun for example_subdag_operator.section-2 to None, run_after=None
[2026-05-16T03:09:41.389+0000] {logging_mixin.py:188} INFO - [2026-05-16T03:09:41.388+0000] {dag.py:3036} INFO - Sync 2 DAGs
[2026-05-16T03:09:41.399+0000] {logging_mixin.py:188} INFO - [2026-05-16T03:09:41.399+0000] {dag.py:3823} INFO - Setting next_dagrun for example_subdag_operator.section-1 to None, run_after=None
[2026-05-16T03:09:41.400+0000] {logging_mixin.py:188} INFO - [2026-05-16T03:09:41.400+0000] {dag.py:3823} INFO - Setting next_dagrun for example_subdag_operator.section-2 to None, run_after=None
[2026-05-16T03:09:41.421+0000] {processor.py:183} INFO - Processing /home/airflow/.local/lib/python3.8/site-packages/airflow/example_dags/example_subdag_operator.py took 0.200 seconds
[2026-05-16T03:10:11.637+0000] {processor.py:161} INFO - Started process (PID=3417) to work on /home/airflow/.local/lib/python3.8/site-packages/airflow/example_dags/example_subdag_operator.py
[2026-05-16T03:10:11.638+0000] {processor.py:830} INFO - Processing file /home/airflow/.local/lib/python3.8/site-packages/airflow/example_dags/example_subdag_operator.py for tasks to queue
[2026-05-16T03:10:11.642+0000] {logging_mixin.py:188} INFO - [2026-05-16T03:10:11.641+0000] {dagbag.py:538} INFO - Filling up the DagBag from /home/airflow/.local/lib/python3.8/site-packages/airflow/example_dags/example_subdag_operator.py
[2026-05-16T03:10:11.704+0000] {processor.py:840} INFO - DAG(s) 'example_subdag_operator.section-1', 'example_subdag_operator.section-2', 'example_subdag_operator' retrieved from /home/airflow/.local/lib/python3.8/site-packages/airflow/example_dags/example_subdag_operator.py
[2026-05-16T03:10:11.740+0000] {logging_mixin.py:188} INFO - [2026-05-16T03:10:11.739+0000] {dag.py:3036} INFO - Sync 3 DAGs
[2026-05-16T03:10:11.786+0000] {logging_mixin.py:188} INFO - [2026-05-16T03:10:11.785+0000] {dag.py:3823} INFO - Setting next_dagrun for example_subdag_operator to 2022-01-01 00:00:00+00:00, run_after=2022-01-01 00:00:00+00:00
[2026-05-16T03:10:11.793+0000] {logging_mixin.py:188} INFO - [2026-05-16T03:10:11.793+0000] {dag.py:3823} INFO - Setting next_dagrun for example_subdag_operator.section-1 to None, run_after=None
[2026-05-16T03:10:11.796+0000] {logging_mixin.py:188} INFO - [2026-05-16T03:10:11.795+0000] {dag.py:3823} INFO - Setting next_dagrun for example_subdag_operator.section-2 to None, run_after=None
[2026-05-16T03:10:11.810+0000] {logging_mixin.py:188} INFO - [2026-05-16T03:10:11.810+0000] {dag.py:3036} INFO - Sync 2 DAGs
[2026-05-16T03:10:11.821+0000] {logging_mixin.py:188} INFO - [2026-05-16T03:10:11.821+0000] {dag.py:3823} INFO - Setting next_dagrun for example_subdag_operator.section-1 to None, run_after=None
[2026-05-16T03:10:11.822+0000] {logging_mixin.py:188} INFO - [2026-05-16T03:10:11.822+0000] {dag.py:3823} INFO - Setting next_dagrun for example_subdag_operator.section-2 to None, run_after=None
[2026-05-16T03:10:11.844+0000] {processor.py:183} INFO - Processing /home/airflow/.local/lib/python3.8/site-packages/airflow/example_dags/example_subdag_operator.py took 0.214 seconds
[2026-05-16T03:10:41.983+0000] {processor.py:161} INFO - Started process (PID=3483) to work on /home/airflow/.local/lib/python3.8/site-packages/airflow/example_dags/example_subdag_operator.py
[2026-05-16T03:10:41.987+0000] {processor.py:830} INFO - Processing file /home/airflow/.local/lib/python3.8/site-packages/airflow/example_dags/example_subdag_operator.py for tasks to queue
[2026-05-16T03:10:41.990+0000] {logging_mixin.py:188} INFO - [2026-05-16T03:10:41.989+0000] {dagbag.py:538} INFO - Filling up the DagBag from /home/airflow/.local/lib/python3.8/site-packages/airflow/example_dags/example_subdag_operator.py
[2026-05-16T03:10:42.036+0000] {processor.py:840} INFO - DAG(s) 'example_subdag_operator.section-1', 'example_subdag_operator.section-2', 'example_subdag_operator' retrieved from /home/airflow/.local/lib/python3.8/site-packages/airflow/example_dags/example_subdag_operator.py
[2026-05-16T03:10:42.070+0000] {logging_mixin.py:188} INFO - [2026-05-16T03:10:42.069+0000] {dag.py:3036} INFO - Sync 3 DAGs
[2026-05-16T03:10:42.129+0000] {logging_mixin.py:188} INFO - [2026-05-16T03:10:42.129+0000] {dag.py:3823} INFO - Setting next_dagrun for example_subdag_operator to 2022-01-01 00:00:00+00:00, run_after=2022-01-01 00:00:00+00:00
[2026-05-16T03:10:42.136+0000] {logging_mixin.py:188} INFO - [2026-05-16T03:10:42.135+0000] {dag.py:3823} INFO - Setting next_dagrun for example_subdag_operator.section-1 to None, run_after=None
[2026-05-16T03:10:42.139+0000] {logging_mixin.py:188} INFO - [2026-05-16T03:10:42.138+0000] {dag.py:3823} INFO - Setting next_dagrun for example_subdag_operator.section-2 to None, run_after=None
[2026-05-16T03:10:42.153+0000] {logging_mixin.py:188} INFO - [2026-05-16T03:10:42.153+0000] {dag.py:3036} INFO - Sync 2 DAGs
[2026-05-16T03:10:42.162+0000] {logging_mixin.py:188} INFO - [2026-05-16T03:10:42.162+0000] {dag.py:3823} INFO - Setting next_dagrun for example_subdag_operator.section-1 to None, run_after=None
[2026-05-16T03:10:42.163+0000] {logging_mixin.py:188} INFO - [2026-05-16T03:10:42.163+0000] {dag.py:3823} INFO - Setting next_dagrun for example_subdag_operator.section-2 to None, run_after=None
[2026-05-16T03:10:42.182+0000] {processor.py:183} INFO - Processing /home/airflow/.local/lib/python3.8/site-packages/airflow/example_dags/example_subdag_operator.py took 0.204 seconds
[2026-05-16T03:11:12.652+0000] {processor.py:161} INFO - Started process (PID=3548) to work on /home/airflow/.local/lib/python3.8/site-packages/airflow/example_dags/example_subdag_operator.py
[2026-05-16T03:11:12.653+0000] {processor.py:830} INFO - Processing file /home/airflow/.local/lib/python3.8/site-packages/airflow/example_dags/example_subdag_operator.py for tasks to queue
[2026-05-16T03:11:12.656+0000] {logging_mixin.py:188} INFO - [2026-05-16T03:11:12.655+0000] {dagbag.py:538} INFO - Filling up the DagBag from /home/airflow/.local/lib/python3.8/site-packages/airflow/example_dags/example_subdag_operator.py
[2026-05-16T03:11:12.706+0000] {processor.py:840} INFO - DAG(s) 'example_subdag_operator.section-1', 'example_subdag_operator.section-2', 'example_subdag_operator' retrieved from /home/airflow/.local/lib/python3.8/site-packages/airflow/example_dags/example_subdag_operator.py
[2026-05-16T03:11:12.742+0000] {logging_mixin.py:188} INFO - [2026-05-16T03:11:12.741+0000] {dag.py:3036} INFO - Sync 3 DAGs
[2026-05-16T03:11:12.994+0000] {logging_mixin.py:188} INFO - [2026-05-16T03:11:12.993+0000] {dag.py:3823} INFO - Setting next_dagrun for example_subdag_operator to 2022-01-01 00:00:00+00:00, run_after=2022-01-01 00:00:00+00:00
[2026-05-16T03:11:13.002+0000] {logging_mixin.py:188} INFO - [2026-05-16T03:11:13.002+0000] {dag.py:3823} INFO - Setting next_dagrun for example_subdag_operator.section-1 to None, run_after=None
[2026-05-16T03:11:13.005+0000] {logging_mixin.py:188} INFO - [2026-05-16T03:11:13.005+0000] {dag.py:3823} INFO - Setting next_dagrun for example_subdag_operator.section-2 to None, run_after=None
[2026-05-16T03:11:13.022+0000] {logging_mixin.py:188} INFO - [2026-05-16T03:11:13.021+0000] {dag.py:3036} INFO - Sync 2 DAGs
[2026-05-16T03:11:13.042+0000] {logging_mixin.py:188} INFO - [2026-05-16T03:11:13.041+0000] {dag.py:3823} INFO - Setting next_dagrun for example_subdag_operator.section-1 to None, run_after=None
[2026-05-16T03:11:13.043+0000] {logging_mixin.py:188} INFO - [2026-05-16T03:11:13.043+0000] {dag.py:3823} INFO - Setting next_dagrun for example_subdag_operator.section-2 to None, run_after=None
[2026-05-16T03:11:13.078+0000] {processor.py:183} INFO - Processing /home/airflow/.local/lib/python3.8/site-packages/airflow/example_dags/example_subdag_operator.py took 0.432 seconds
[2026-05-16T03:11:43.668+0000] {processor.py:161} INFO - Started process (PID=3613) to work on /home/airflow/.local/lib/python3.8/site-packages/airflow/example_dags/example_subdag_operator.py
[2026-05-16T03:11:43.670+0000] {processor.py:830} INFO - Processing file /home/airflow/.local/lib/python3.8/site-packages/airflow/example_dags/example_subdag_operator.py for tasks to queue
[2026-05-16T03:11:43.673+0000] {logging_mixin.py:188} INFO - [2026-05-16T03:11:43.673+0000] {dagbag.py:538} INFO - Filling up the DagBag from /home/airflow/.local/lib/python3.8/site-packages/airflow/example_dags/example_subdag_operator.py
[2026-05-16T03:11:43.717+0000] {processor.py:840} INFO - DAG(s) 'example_subdag_operator.section-1', 'example_subdag_operator.section-2', 'example_subdag_operator' retrieved from /home/airflow/.local/lib/python3.8/site-packages/airflow/example_dags/example_subdag_operator.py
[2026-05-16T03:11:43.767+0000] {logging_mixin.py:188} INFO - [2026-05-16T03:11:43.767+0000] {dag.py:3036} INFO - Sync 3 DAGs
[2026-05-16T03:11:43.836+0000] {logging_mixin.py:188} INFO - [2026-05-16T03:11:43.835+0000] {dag.py:3823} INFO - Setting next_dagrun for example_subdag_operator to 2022-01-01 00:00:00+00:00, run_after=2022-01-01 00:00:00+00:00
[2026-05-16T03:11:43.842+0000] {logging_mixin.py:188} INFO - [2026-05-16T03:11:43.841+0000] {dag.py:3823} INFO - Setting next_dagrun for example_subdag_operator.section-1 to None, run_after=None
[2026-05-16T03:11:43.844+0000] {logging_mixin.py:188} INFO - [2026-05-16T03:11:43.844+0000] {dag.py:3823} INFO - Setting next_dagrun for example_subdag_operator.section-2 to None, run_after=None
[2026-05-16T03:11:44.072+0000] {logging_mixin.py:188} INFO - [2026-05-16T03:11:44.071+0000] {dag.py:3036} INFO - Sync 2 DAGs
[2026-05-16T03:11:44.083+0000] {logging_mixin.py:188} INFO - [2026-05-16T03:11:44.083+0000] {dag.py:3823} INFO - Setting next_dagrun for example_subdag_operator.section-1 to None, run_after=None
[2026-05-16T03:11:44.084+0000] {logging_mixin.py:188} INFO - [2026-05-16T03:11:44.084+0000] {dag.py:3823} INFO - Setting next_dagrun for example_subdag_operator.section-2 to None, run_after=None
[2026-05-16T03:11:44.104+0000] {processor.py:183} INFO - Processing /home/airflow/.local/lib/python3.8/site-packages/airflow/example_dags/example_subdag_operator.py took 0.440 seconds
[2026-05-16T03:12:14.958+0000] {processor.py:161} INFO - Started process (PID=3679) to work on /home/airflow/.local/lib/python3.8/site-packages/airflow/example_dags/example_subdag_operator.py
[2026-05-16T03:12:14.960+0000] {processor.py:830} INFO - Processing file /home/airflow/.local/lib/python3.8/site-packages/airflow/example_dags/example_subdag_operator.py for tasks to queue
[2026-05-16T03:12:14.963+0000] {logging_mixin.py:188} INFO - [2026-05-16T03:12:14.963+0000] {dagbag.py:538} INFO - Filling up the DagBag from /home/airflow/.local/lib/python3.8/site-packages/airflow/example_dags/example_subdag_operator.py
[2026-05-16T03:12:15.006+0000] {processor.py:840} INFO - DAG(s) 'example_subdag_operator.section-1', 'example_subdag_operator.section-2', 'example_subdag_operator' retrieved from /home/airflow/.local/lib/python3.8/site-packages/airflow/example_dags/example_subdag_operator.py
[2026-05-16T03:12:15.036+0000] {logging_mixin.py:188} INFO - [2026-05-16T03:12:15.036+0000] {dag.py:3036} INFO - Sync 3 DAGs
[2026-05-16T03:12:15.074+0000] {logging_mixin.py:188} INFO - [2026-05-16T03:12:15.074+0000] {dag.py:3823} INFO - Setting next_dagrun for example_subdag_operator to 2022-01-01 00:00:00+00:00, run_after=2022-01-01 00:00:00+00:00
[2026-05-16T03:12:15.081+0000] {logging_mixin.py:188} INFO - [2026-05-16T03:12:15.081+0000] {dag.py:3823} INFO - Setting next_dagrun for example_subdag_operator.section-1 to None, run_after=None
[2026-05-16T03:12:15.084+0000] {logging_mixin.py:188} INFO - [2026-05-16T03:12:15.084+0000] {dag.py:3823} INFO - Setting next_dagrun for example_subdag_operator.section-2 to None, run_after=None
[2026-05-16T03:12:15.098+0000] {logging_mixin.py:188} INFO - [2026-05-16T03:12:15.098+0000] {dag.py:3036} INFO - Sync 2 DAGs
[2026-05-16T03:12:15.108+0000] {logging_mixin.py:188} INFO - [2026-05-16T03:12:15.107+0000] {dag.py:3823} INFO - Setting next_dagrun for example_subdag_operator.section-1 to None, run_after=None
[2026-05-16T03:12:15.109+0000] {logging_mixin.py:188} INFO - [2026-05-16T03:12:15.108+0000] {dag.py:3823} INFO - Setting next_dagrun for example_subdag_operator.section-2 to None, run_after=None
[2026-05-16T03:12:15.135+0000] {processor.py:183} INFO - Processing /home/airflow/.local/lib/python3.8/site-packages/airflow/example_dags/example_subdag_operator.py took 0.182 seconds
[2026-05-16T03:12:45.627+0000] {processor.py:161} INFO - Started process (PID=3744) to work on /home/airflow/.local/lib/python3.8/site-packages/airflow/example_dags/example_subdag_operator.py
[2026-05-16T03:12:45.629+0000] {processor.py:830} INFO - Processing file /home/airflow/.local/lib/python3.8/site-packages/airflow/example_dags/example_subdag_operator.py for tasks to queue
[2026-05-16T03:12:45.631+0000] {logging_mixin.py:188} INFO - [2026-05-16T03:12:45.631+0000] {dagbag.py:538} INFO - Filling up the DagBag from /home/airflow/.local/lib/python3.8/site-packages/airflow/example_dags/example_subdag_operator.py
[2026-05-16T03:12:45.675+0000] {processor.py:840} INFO - DAG(s) 'example_subdag_operator.section-1', 'example_subdag_operator.section-2', 'example_subdag_operator' retrieved from /home/airflow/.local/lib/python3.8/site-packages/airflow/example_dags/example_subdag_operator.py
[2026-05-16T03:12:45.702+0000] {logging_mixin.py:188} INFO - [2026-05-16T03:12:45.701+0000] {dag.py:3036} INFO - Sync 3 DAGs
[2026-05-16T03:12:45.737+0000] {logging_mixin.py:188} INFO - [2026-05-16T03:12:45.737+0000] {dag.py:3823} INFO - Setting next_dagrun for example_subdag_operator to 2022-01-01 00:00:00+00:00, run_after=2022-01-01 00:00:00+00:00
[2026-05-16T03:12:45.743+0000] {logging_mixin.py:188} INFO - [2026-05-16T03:12:45.742+0000] {dag.py:3823} INFO - Setting next_dagrun for example_subdag_operator.section-1 to None, run_after=None
[2026-05-16T03:12:45.745+0000] {logging_mixin.py:188} INFO - [2026-05-16T03:12:45.744+0000] {dag.py:3823} INFO - Setting next_dagrun for example_subdag_operator.section-2 to None, run_after=None
[2026-05-16T03:12:45.756+0000] {logging_mixin.py:188} INFO - [2026-05-16T03:12:45.755+0000] {dag.py:3036} INFO - Sync 2 DAGs
[2026-05-16T03:12:45.764+0000] {logging_mixin.py:188} INFO - [2026-05-16T03:12:45.763+0000] {dag.py:3823} INFO - Setting next_dagrun for example_subdag_operator.section-1 to None, run_after=None
[2026-05-16T03:12:45.764+0000] {logging_mixin.py:188} INFO - [2026-05-16T03:12:45.764+0000] {dag.py:3823} INFO - Setting next_dagrun for example_subdag_operator.section-2 to None, run_after=None
[2026-05-16T03:12:45.781+0000] {processor.py:183} INFO - Processing /home/airflow/.local/lib/python3.8/site-packages/airflow/example_dags/example_subdag_operator.py took 0.160 seconds
[2026-05-16T03:13:16.364+0000] {processor.py:161} INFO - Started process (PID=3809) to work on /home/airflow/.local/lib/python3.8/site-packages/airflow/example_dags/example_subdag_operator.py
[2026-05-16T03:13:16.366+0000] {processor.py:830} INFO - Processing file /home/airflow/.local/lib/python3.8/site-packages/airflow/example_dags/example_subdag_operator.py for tasks to queue
[2026-05-16T03:13:16.369+0000] {logging_mixin.py:188} INFO - [2026-05-16T03:13:16.369+0000] {dagbag.py:538} INFO - Filling up the DagBag from /home/airflow/.local/lib/python3.8/site-packages/airflow/example_dags/example_subdag_operator.py
[2026-05-16T03:13:16.420+0000] {processor.py:840} INFO - DAG(s) 'example_subdag_operator.section-1', 'example_subdag_operator.section-2', 'example_subdag_operator' retrieved from /home/airflow/.local/lib/python3.8/site-packages/airflow/example_dags/example_subdag_operator.py
[2026-05-16T03:13:16.456+0000] {logging_mixin.py:188} INFO - [2026-05-16T03:13:16.455+0000] {dag.py:3036} INFO - Sync 3 DAGs
[2026-05-16T03:13:16.716+0000] {logging_mixin.py:188} INFO - [2026-05-16T03:13:16.715+0000] {dag.py:3823} INFO - Setting next_dagrun for example_subdag_operator to 2022-01-01 00:00:00+00:00, run_after=2022-01-01 00:00:00+00:00
[2026-05-16T03:13:16.723+0000] {logging_mixin.py:188} INFO - [2026-05-16T03:13:16.722+0000] {dag.py:3823} INFO - Setting next_dagrun for example_subdag_operator.section-1 to None, run_after=None
[2026-05-16T03:13:16.726+0000] {logging_mixin.py:188} INFO - [2026-05-16T03:13:16.725+0000] {dag.py:3823} INFO - Setting next_dagrun for example_subdag_operator.section-2 to None, run_after=None
[2026-05-16T03:13:16.742+0000] {logging_mixin.py:188} INFO - [2026-05-16T03:13:16.741+0000] {dag.py:3036} INFO - Sync 2 DAGs
[2026-05-16T03:13:16.753+0000] {logging_mixin.py:188} INFO - [2026-05-16T03:13:16.753+0000] {dag.py:3823} INFO - Setting next_dagrun for example_subdag_operator.section-1 to None, run_after=None
[2026-05-16T03:13:16.754+0000] {logging_mixin.py:188} INFO - [2026-05-16T03:13:16.754+0000] {dag.py:3823} INFO - Setting next_dagrun for example_subdag_operator.section-2 to None, run_after=None
[2026-05-16T03:13:16.779+0000] {processor.py:183} INFO - Processing /home/airflow/.local/lib/python3.8/site-packages/airflow/example_dags/example_subdag_operator.py took 0.421 seconds
[2026-05-16T03:13:46.944+0000] {processor.py:161} INFO - Started process (PID=3875) to work on /home/airflow/.local/lib/python3.8/site-packages/airflow/example_dags/example_subdag_operator.py
[2026-05-16T03:13:46.946+0000] {processor.py:830} INFO - Processing file /home/airflow/.local/lib/python3.8/site-packages/airflow/example_dags/example_subdag_operator.py for tasks to queue
[2026-05-16T03:13:46.949+0000] {logging_mixin.py:188} INFO - [2026-05-16T03:13:46.948+0000] {dagbag.py:538} INFO - Filling up the DagBag from /home/airflow/.local/lib/python3.8/site-packages/airflow/example_dags/example_subdag_operator.py
[2026-05-16T03:13:46.993+0000] {processor.py:840} INFO - DAG(s) 'example_subdag_operator.section-1', 'example_subdag_operator.section-2', 'example_subdag_operator' retrieved from /home/airflow/.local/lib/python3.8/site-packages/airflow/example_dags/example_subdag_operator.py
[2026-05-16T03:13:47.021+0000] {logging_mixin.py:188} INFO - [2026-05-16T03:13:47.021+0000] {dag.py:3036} INFO - Sync 3 DAGs
[2026-05-16T03:13:47.061+0000] {logging_mixin.py:188} INFO - [2026-05-16T03:13:47.060+0000] {dag.py:3823} INFO - Setting next_dagrun for example_subdag_operator to 2022-01-01 00:00:00+00:00, run_after=2022-01-01 00:00:00+00:00
[2026-05-16T03:13:47.068+0000] {logging_mixin.py:188} INFO - [2026-05-16T03:13:47.067+0000] {dag.py:3823} INFO - Setting next_dagrun for example_subdag_operator.section-1 to None, run_after=None
[2026-05-16T03:13:47.071+0000] {logging_mixin.py:188} INFO - [2026-05-16T03:13:47.070+0000] {dag.py:3823} INFO - Setting next_dagrun for example_subdag_operator.section-2 to None, run_after=None
[2026-05-16T03:13:47.084+0000] {logging_mixin.py:188} INFO - [2026-05-16T03:13:47.084+0000] {dag.py:3036} INFO - Sync 2 DAGs
[2026-05-16T03:13:47.093+0000] {logging_mixin.py:188} INFO - [2026-05-16T03:13:47.093+0000] {dag.py:3823} INFO - Setting next_dagrun for example_subdag_operator.section-1 to None, run_after=None
[2026-05-16T03:13:47.094+0000] {logging_mixin.py:188} INFO - [2026-05-16T03:13:47.094+0000] {dag.py:3823} INFO - Setting next_dagrun for example_subdag_operator.section-2 to None, run_after=None
[2026-05-16T03:13:47.115+0000] {processor.py:183} INFO - Processing /home/airflow/.local/lib/python3.8/site-packages/airflow/example_dags/example_subdag_operator.py took 0.176 seconds
[2026-05-16T03:14:17.235+0000] {processor.py:161} INFO - Started process (PID=3940) to work on /home/airflow/.local/lib/python3.8/site-packages/airflow/example_dags/example_subdag_operator.py
[2026-05-16T03:14:17.238+0000] {processor.py:830} INFO - Processing file /home/airflow/.local/lib/python3.8/site-packages/airflow/example_dags/example_subdag_operator.py for tasks to queue
[2026-05-16T03:14:17.241+0000] {logging_mixin.py:188} INFO - [2026-05-16T03:14:17.240+0000] {dagbag.py:538} INFO - Filling up the DagBag from /home/airflow/.local/lib/python3.8/site-packages/airflow/example_dags/example_subdag_operator.py
[2026-05-16T03:14:17.283+0000] {processor.py:840} INFO - DAG(s) 'example_subdag_operator.section-1', 'example_subdag_operator.section-2', 'example_subdag_operator' retrieved from /home/airflow/.local/lib/python3.8/site-packages/airflow/example_dags/example_subdag_operator.py
[2026-05-16T03:14:17.309+0000] {logging_mixin.py:188} INFO - [2026-05-16T03:14:17.308+0000] {dag.py:3036} INFO - Sync 3 DAGs
[2026-05-16T03:14:17.345+0000] {logging_mixin.py:188} INFO - [2026-05-16T03:14:17.344+0000] {dag.py:3823} INFO - Setting next_dagrun for example_subdag_operator to 2022-01-01 00:00:00+00:00, run_after=2022-01-01 00:00:00+00:00
[2026-05-16T03:14:17.352+0000] {logging_mixin.py:188} INFO - [2026-05-16T03:14:17.352+0000] {dag.py:3823} INFO - Setting next_dagrun for example_subdag_operator.section-1 to None, run_after=None
[2026-05-16T03:14:17.355+0000] {logging_mixin.py:188} INFO - [2026-05-16T03:14:17.354+0000] {dag.py:3823} INFO - Setting next_dagrun for example_subdag_operator.section-2 to None, run_after=None
[2026-05-16T03:14:17.368+0000] {logging_mixin.py:188} INFO - [2026-05-16T03:14:17.367+0000] {dag.py:3036} INFO - Sync 2 DAGs
[2026-05-16T03:14:17.388+0000] {logging_mixin.py:188} INFO - [2026-05-16T03:14:17.387+0000] {dag.py:3823} INFO - Setting next_dagrun for example_subdag_operator.section-1 to None, run_after=None
[2026-05-16T03:14:17.388+0000] {logging_mixin.py:188} INFO - [2026-05-16T03:14:17.388+0000] {dag.py:3823} INFO - Setting next_dagrun for example_subdag_operator.section-2 to None, run_after=None
[2026-05-16T03:14:17.420+0000] {processor.py:183} INFO - Processing /home/airflow/.local/lib/python3.8/site-packages/airflow/example_dags/example_subdag_operator.py took 0.190 seconds
[2026-05-16T03:14:47.712+0000] {processor.py:161} INFO - Started process (PID=4004) to work on /home/airflow/.local/lib/python3.8/site-packages/airflow/example_dags/example_subdag_operator.py
[2026-05-16T03:14:47.713+0000] {processor.py:830} INFO - Processing file /home/airflow/.local/lib/python3.8/site-packages/airflow/example_dags/example_subdag_operator.py for tasks to queue
[2026-05-16T03:14:47.716+0000] {logging_mixin.py:188} INFO - [2026-05-16T03:14:47.716+0000] {dagbag.py:538} INFO - Filling up the DagBag from /home/airflow/.local/lib/python3.8/site-packages/airflow/example_dags/example_subdag_operator.py
[2026-05-16T03:14:47.760+0000] {processor.py:840} INFO - DAG(s) 'example_subdag_operator.section-1', 'example_subdag_operator.section-2', 'example_subdag_operator' retrieved from /home/airflow/.local/lib/python3.8/site-packages/airflow/example_dags/example_subdag_operator.py
[2026-05-16T03:14:47.787+0000] {logging_mixin.py:188} INFO - [2026-05-16T03:14:47.787+0000] {dag.py:3036} INFO - Sync 3 DAGs
[2026-05-16T03:14:47.827+0000] {logging_mixin.py:188} INFO - [2026-05-16T03:14:47.826+0000] {dag.py:3823} INFO - Setting next_dagrun for example_subdag_operator to 2022-01-01 00:00:00+00:00, run_after=2022-01-01 00:00:00+00:00
[2026-05-16T03:14:47.836+0000] {logging_mixin.py:188} INFO - [2026-05-16T03:14:47.836+0000] {dag.py:3823} INFO - Setting next_dagrun for example_subdag_operator.section-1 to None, run_after=None
[2026-05-16T03:14:47.839+0000] {logging_mixin.py:188} INFO - [2026-05-16T03:14:47.839+0000] {dag.py:3823} INFO - Setting next_dagrun for example_subdag_operator.section-2 to None, run_after=None
[2026-05-16T03:14:47.852+0000] {logging_mixin.py:188} INFO - [2026-05-16T03:14:47.851+0000] {dag.py:3036} INFO - Sync 2 DAGs
[2026-05-16T03:14:47.861+0000] {logging_mixin.py:188} INFO - [2026-05-16T03:14:47.861+0000] {dag.py:3823} INFO - Setting next_dagrun for example_subdag_operator.section-1 to None, run_after=None
[2026-05-16T03:14:47.862+0000] {logging_mixin.py:188} INFO - [2026-05-16T03:14:47.862+0000] {dag.py:3823} INFO - Setting next_dagrun for example_subdag_operator.section-2 to None, run_after=None
[2026-05-16T03:14:47.881+0000] {processor.py:183} INFO - Processing /home/airflow/.local/lib/python3.8/site-packages/airflow/example_dags/example_subdag_operator.py took 0.174 seconds
[2026-05-16T03:15:18.177+0000] {processor.py:161} INFO - Started process (PID=4068) to work on /home/airflow/.local/lib/python3.8/site-packages/airflow/example_dags/example_subdag_operator.py
[2026-05-16T03:15:18.179+0000] {processor.py:830} INFO - Processing file /home/airflow/.local/lib/python3.8/site-packages/airflow/example_dags/example_subdag_operator.py for tasks to queue
[2026-05-16T03:15:18.182+0000] {logging_mixin.py:188} INFO - [2026-05-16T03:15:18.182+0000] {dagbag.py:538} INFO - Filling up the DagBag from /home/airflow/.local/lib/python3.8/site-packages/airflow/example_dags/example_subdag_operator.py
[2026-05-16T03:15:18.229+0000] {processor.py:840} INFO - DAG(s) 'example_subdag_operator.section-1', 'example_subdag_operator.section-2', 'example_subdag_operator' retrieved from /home/airflow/.local/lib/python3.8/site-packages/airflow/example_dags/example_subdag_operator.py
[2026-05-16T03:15:18.260+0000] {logging_mixin.py:188} INFO - [2026-05-16T03:15:18.260+0000] {dag.py:3036} INFO - Sync 3 DAGs
[2026-05-16T03:15:18.301+0000] {logging_mixin.py:188} INFO - [2026-05-16T03:15:18.301+0000] {dag.py:3823} INFO - Setting next_dagrun for example_subdag_operator to 2022-01-01 00:00:00+00:00, run_after=2022-01-01 00:00:00+00:00
[2026-05-16T03:15:18.309+0000] {logging_mixin.py:188} INFO - [2026-05-16T03:15:18.308+0000] {dag.py:3823} INFO - Setting next_dagrun for example_subdag_operator.section-1 to None, run_after=None
[2026-05-16T03:15:18.311+0000] {logging_mixin.py:188} INFO - [2026-05-16T03:15:18.311+0000] {dag.py:3823} INFO - Setting next_dagrun for example_subdag_operator.section-2 to None, run_after=None
[2026-05-16T03:15:18.326+0000] {logging_mixin.py:188} INFO - [2026-05-16T03:15:18.325+0000] {dag.py:3036} INFO - Sync 2 DAGs
[2026-05-16T03:15:18.336+0000] {logging_mixin.py:188} INFO - [2026-05-16T03:15:18.336+0000] {dag.py:3823} INFO - Setting next_dagrun for example_subdag_operator.section-1 to None, run_after=None
[2026-05-16T03:15:18.337+0000] {logging_mixin.py:188} INFO - [2026-05-16T03:15:18.337+0000] {dag.py:3823} INFO - Setting next_dagrun for example_subdag_operator.section-2 to None, run_after=None
[2026-05-16T03:15:18.359+0000] {processor.py:183} INFO - Processing /home/airflow/.local/lib/python3.8/site-packages/airflow/example_dags/example_subdag_operator.py took 0.187 seconds
[2026-05-16T03:15:48.691+0000] {processor.py:161} INFO - Started process (PID=4141) to work on /home/airflow/.local/lib/python3.8/site-packages/airflow/example_dags/example_subdag_operator.py
[2026-05-16T03:15:48.692+0000] {processor.py:830} INFO - Processing file /home/airflow/.local/lib/python3.8/site-packages/airflow/example_dags/example_subdag_operator.py for tasks to queue
[2026-05-16T03:15:48.695+0000] {logging_mixin.py:188} INFO - [2026-05-16T03:15:48.695+0000] {dagbag.py:538} INFO - Filling up the DagBag from /home/airflow/.local/lib/python3.8/site-packages/airflow/example_dags/example_subdag_operator.py
[2026-05-16T03:15:48.745+0000] {processor.py:840} INFO - DAG(s) 'example_subdag_operator.section-1', 'example_subdag_operator.section-2', 'example_subdag_operator' retrieved from /home/airflow/.local/lib/python3.8/site-packages/airflow/example_dags/example_subdag_operator.py
[2026-05-16T03:15:48.779+0000] {logging_mixin.py:188} INFO - [2026-05-16T03:15:48.779+0000] {dag.py:3036} INFO - Sync 3 DAGs
[2026-05-16T03:15:48.827+0000] {logging_mixin.py:188} INFO - [2026-05-16T03:15:48.826+0000] {dag.py:3823} INFO - Setting next_dagrun for example_subdag_operator to 2022-01-01 00:00:00+00:00, run_after=2022-01-01 00:00:00+00:00
[2026-05-16T03:15:48.834+0000] {logging_mixin.py:188} INFO - [2026-05-16T03:15:48.833+0000] {dag.py:3823} INFO - Setting next_dagrun for example_subdag_operator.section-1 to None, run_after=None
[2026-05-16T03:15:48.836+0000] {logging_mixin.py:188} INFO - [2026-05-16T03:15:48.836+0000] {dag.py:3823} INFO - Setting next_dagrun for example_subdag_operator.section-2 to None, run_after=None
[2026-05-16T03:15:48.849+0000] {logging_mixin.py:188} INFO - [2026-05-16T03:15:48.849+0000] {dag.py:3036} INFO - Sync 2 DAGs
[2026-05-16T03:15:48.860+0000] {logging_mixin.py:188} INFO - [2026-05-16T03:15:48.859+0000] {dag.py:3823} INFO - Setting next_dagrun for example_subdag_operator.section-1 to None, run_after=None
[2026-05-16T03:15:48.861+0000] {logging_mixin.py:188} INFO - [2026-05-16T03:15:48.860+0000] {dag.py:3823} INFO - Setting next_dagrun for example_subdag_operator.section-2 to None, run_after=None
[2026-05-16T03:15:48.880+0000] {processor.py:183} INFO - Processing /home/airflow/.local/lib/python3.8/site-packages/airflow/example_dags/example_subdag_operator.py took 0.195 seconds
[2026-05-16T03:16:19.078+0000] {processor.py:161} INFO - Started process (PID=4206) to work on /home/airflow/.local/lib/python3.8/site-packages/airflow/example_dags/example_subdag_operator.py
[2026-05-16T03:16:19.080+0000] {processor.py:830} INFO - Processing file /home/airflow/.local/lib/python3.8/site-packages/airflow/example_dags/example_subdag_operator.py for tasks to queue
[2026-05-16T03:16:19.083+0000] {logging_mixin.py:188} INFO - [2026-05-16T03:16:19.082+0000] {dagbag.py:538} INFO - Filling up the DagBag from /home/airflow/.local/lib/python3.8/site-packages/airflow/example_dags/example_subdag_operator.py
[2026-05-16T03:16:19.126+0000] {processor.py:840} INFO - DAG(s) 'example_subdag_operator.section-1', 'example_subdag_operator.section-2', 'example_subdag_operator' retrieved from /home/airflow/.local/lib/python3.8/site-packages/airflow/example_dags/example_subdag_operator.py
[2026-05-16T03:16:19.155+0000] {logging_mixin.py:188} INFO - [2026-05-16T03:16:19.155+0000] {dag.py:3036} INFO - Sync 3 DAGs
[2026-05-16T03:16:19.195+0000] {logging_mixin.py:188} INFO - [2026-05-16T03:16:19.194+0000] {dag.py:3823} INFO - Setting next_dagrun for example_subdag_operator to 2022-01-01 00:00:00+00:00, run_after=2022-01-01 00:00:00+00:00
[2026-05-16T03:16:19.201+0000] {logging_mixin.py:188} INFO - [2026-05-16T03:16:19.200+0000] {dag.py:3823} INFO - Setting next_dagrun for example_subdag_operator.section-1 to None, run_after=None
[2026-05-16T03:16:19.203+0000] {logging_mixin.py:188} INFO - [2026-05-16T03:16:19.203+0000] {dag.py:3823} INFO - Setting next_dagrun for example_subdag_operator.section-2 to None, run_after=None
[2026-05-16T03:16:19.215+0000] {logging_mixin.py:188} INFO - [2026-05-16T03:16:19.214+0000] {dag.py:3036} INFO - Sync 2 DAGs
[2026-05-16T03:16:19.224+0000] {logging_mixin.py:188} INFO - [2026-05-16T03:16:19.224+0000] {dag.py:3823} INFO - Setting next_dagrun for example_subdag_operator.section-1 to None, run_after=None
[2026-05-16T03:16:19.225+0000] {logging_mixin.py:188} INFO - [2026-05-16T03:16:19.225+0000] {dag.py:3823} INFO - Setting next_dagrun for example_subdag_operator.section-2 to None, run_after=None
[2026-05-16T03:16:19.245+0000] {processor.py:183} INFO - Processing /home/airflow/.local/lib/python3.8/site-packages/airflow/example_dags/example_subdag_operator.py took 0.172 seconds
[2026-05-16T03:16:49.536+0000] {processor.py:161} INFO - Started process (PID=4271) to work on /home/airflow/.local/lib/python3.8/site-packages/airflow/example_dags/example_subdag_operator.py
[2026-05-16T03:16:49.538+0000] {processor.py:830} INFO - Processing file /home/airflow/.local/lib/python3.8/site-packages/airflow/example_dags/example_subdag_operator.py for tasks to queue
[2026-05-16T03:16:49.541+0000] {logging_mixin.py:188} INFO - [2026-05-16T03:16:49.540+0000] {dagbag.py:538} INFO - Filling up the DagBag from /home/airflow/.local/lib/python3.8/site-packages/airflow/example_dags/example_subdag_operator.py
[2026-05-16T03:16:49.589+0000] {processor.py:840} INFO - DAG(s) 'example_subdag_operator.section-1', 'example_subdag_operator.section-2', 'example_subdag_operator' retrieved from /home/airflow/.local/lib/python3.8/site-packages/airflow/example_dags/example_subdag_operator.py
[2026-05-16T03:16:49.623+0000] {logging_mixin.py:188} INFO - [2026-05-16T03:16:49.622+0000] {dag.py:3036} INFO - Sync 3 DAGs
[2026-05-16T03:16:49.689+0000] {logging_mixin.py:188} INFO - [2026-05-16T03:16:49.689+0000] {dag.py:3823} INFO - Setting next_dagrun for example_subdag_operator to 2022-01-01 00:00:00+00:00, run_after=2022-01-01 00:00:00+00:00
[2026-05-16T03:16:49.699+0000] {logging_mixin.py:188} INFO - [2026-05-16T03:16:49.698+0000] {dag.py:3823} INFO - Setting next_dagrun for example_subdag_operator.section-1 to None, run_after=None
[2026-05-16T03:16:49.702+0000] {logging_mixin.py:188} INFO - [2026-05-16T03:16:49.701+0000] {dag.py:3823} INFO - Setting next_dagrun for example_subdag_operator.section-2 to None, run_after=None
[2026-05-16T03:16:49.719+0000] {logging_mixin.py:188} INFO - [2026-05-16T03:16:49.719+0000] {dag.py:3036} INFO - Sync 2 DAGs
[2026-05-16T03:16:49.729+0000] {logging_mixin.py:188} INFO - [2026-05-16T03:16:49.729+0000] {dag.py:3823} INFO - Setting next_dagrun for example_subdag_operator.section-1 to None, run_after=None
[2026-05-16T03:16:49.730+0000] {logging_mixin.py:188} INFO - [2026-05-16T03:16:49.730+0000] {dag.py:3823} INFO - Setting next_dagrun for example_subdag_operator.section-2 to None, run_after=None
[2026-05-16T03:16:49.749+0000] {processor.py:183} INFO - Processing /home/airflow/.local/lib/python3.8/site-packages/airflow/example_dags/example_subdag_operator.py took 0.219 seconds
[2026-05-16T03:17:19.874+0000] {processor.py:161} INFO - Started process (PID=4336) to work on /home/airflow/.local/lib/python3.8/site-packages/airflow/example_dags/example_subdag_operator.py
[2026-05-16T03:17:19.876+0000] {processor.py:830} INFO - Processing file /home/airflow/.local/lib/python3.8/site-packages/airflow/example_dags/example_subdag_operator.py for tasks to queue
[2026-05-16T03:17:19.878+0000] {logging_mixin.py:188} INFO - [2026-05-16T03:17:19.878+0000] {dagbag.py:538} INFO - Filling up the DagBag from /home/airflow/.local/lib/python3.8/site-packages/airflow/example_dags/example_subdag_operator.py
[2026-05-16T03:17:19.923+0000] {processor.py:840} INFO - DAG(s) 'example_subdag_operator.section-1', 'example_subdag_operator.section-2', 'example_subdag_operator' retrieved from /home/airflow/.local/lib/python3.8/site-packages/airflow/example_dags/example_subdag_operator.py
[2026-05-16T03:17:19.956+0000] {logging_mixin.py:188} INFO - [2026-05-16T03:17:19.956+0000] {dag.py:3036} INFO - Sync 3 DAGs
[2026-05-16T03:17:20.003+0000] {logging_mixin.py:188} INFO - [2026-05-16T03:17:20.003+0000] {dag.py:3823} INFO - Setting next_dagrun for example_subdag_operator to 2022-01-01 00:00:00+00:00, run_after=2022-01-01 00:00:00+00:00
[2026-05-16T03:17:20.009+0000] {logging_mixin.py:188} INFO - [2026-05-16T03:17:20.009+0000] {dag.py:3823} INFO - Setting next_dagrun for example_subdag_operator.section-1 to None, run_after=None
[2026-05-16T03:17:20.012+0000] {logging_mixin.py:188} INFO - [2026-05-16T03:17:20.012+0000] {dag.py:3823} INFO - Setting next_dagrun for example_subdag_operator.section-2 to None, run_after=None
[2026-05-16T03:17:20.024+0000] {logging_mixin.py:188} INFO - [2026-05-16T03:17:20.024+0000] {dag.py:3036} INFO - Sync 2 DAGs
[2026-05-16T03:17:20.033+0000] {logging_mixin.py:188} INFO - [2026-05-16T03:17:20.033+0000] {dag.py:3823} INFO - Setting next_dagrun for example_subdag_operator.section-1 to None, run_after=None
[2026-05-16T03:17:20.034+0000] {logging_mixin.py:188} INFO - [2026-05-16T03:17:20.034+0000] {dag.py:3823} INFO - Setting next_dagrun for example_subdag_operator.section-2 to None, run_after=None
[2026-05-16T03:17:20.054+0000] {processor.py:183} INFO - Processing /home/airflow/.local/lib/python3.8/site-packages/airflow/example_dags/example_subdag_operator.py took 0.185 seconds
[2026-05-16T03:17:50.147+0000] {processor.py:161} INFO - Started process (PID=4401) to work on /home/airflow/.local/lib/python3.8/site-packages/airflow/example_dags/example_subdag_operator.py
[2026-05-16T03:17:50.149+0000] {processor.py:830} INFO - Processing file /home/airflow/.local/lib/python3.8/site-packages/airflow/example_dags/example_subdag_operator.py for tasks to queue
[2026-05-16T03:17:50.152+0000] {logging_mixin.py:188} INFO - [2026-05-16T03:17:50.152+0000] {dagbag.py:538} INFO - Filling up the DagBag from /home/airflow/.local/lib/python3.8/site-packages/airflow/example_dags/example_subdag_operator.py
[2026-05-16T03:17:50.203+0000] {processor.py:840} INFO - DAG(s) 'example_subdag_operator.section-1', 'example_subdag_operator.section-2', 'example_subdag_operator' retrieved from /home/airflow/.local/lib/python3.8/site-packages/airflow/example_dags/example_subdag_operator.py
[2026-05-16T03:17:50.238+0000] {logging_mixin.py:188} INFO - [2026-05-16T03:17:50.237+0000] {dag.py:3036} INFO - Sync 3 DAGs
[2026-05-16T03:17:50.283+0000] {logging_mixin.py:188} INFO - [2026-05-16T03:17:50.282+0000] {dag.py:3823} INFO - Setting next_dagrun for example_subdag_operator to 2022-01-01 00:00:00+00:00, run_after=2022-01-01 00:00:00+00:00
[2026-05-16T03:17:50.290+0000] {logging_mixin.py:188} INFO - [2026-05-16T03:17:50.290+0000] {dag.py:3823} INFO - Setting next_dagrun for example_subdag_operator.section-1 to None, run_after=None
[2026-05-16T03:17:50.293+0000] {logging_mixin.py:188} INFO - [2026-05-16T03:17:50.292+0000] {dag.py:3823} INFO - Setting next_dagrun for example_subdag_operator.section-2 to None, run_after=None
[2026-05-16T03:17:50.306+0000] {logging_mixin.py:188} INFO - [2026-05-16T03:17:50.306+0000] {dag.py:3036} INFO - Sync 2 DAGs
[2026-05-16T03:17:50.317+0000] {logging_mixin.py:188} INFO - [2026-05-16T03:17:50.316+0000] {dag.py:3823} INFO - Setting next_dagrun for example_subdag_operator.section-1 to None, run_after=None
[2026-05-16T03:17:50.317+0000] {logging_mixin.py:188} INFO - [2026-05-16T03:17:50.317+0000] {dag.py:3823} INFO - Setting next_dagrun for example_subdag_operator.section-2 to None, run_after=None
[2026-05-16T03:17:50.337+0000] {processor.py:183} INFO - Processing /home/airflow/.local/lib/python3.8/site-packages/airflow/example_dags/example_subdag_operator.py took 0.198 seconds
[2026-05-16T03:18:20.454+0000] {processor.py:161} INFO - Started process (PID=4466) to work on /home/airflow/.local/lib/python3.8/site-packages/airflow/example_dags/example_subdag_operator.py
[2026-05-16T03:18:20.455+0000] {processor.py:830} INFO - Processing file /home/airflow/.local/lib/python3.8/site-packages/airflow/example_dags/example_subdag_operator.py for tasks to queue
[2026-05-16T03:18:20.458+0000] {logging_mixin.py:188} INFO - [2026-05-16T03:18:20.458+0000] {dagbag.py:538} INFO - Filling up the DagBag from /home/airflow/.local/lib/python3.8/site-packages/airflow/example_dags/example_subdag_operator.py
[2026-05-16T03:18:20.504+0000] {processor.py:840} INFO - DAG(s) 'example_subdag_operator.section-1', 'example_subdag_operator.section-2', 'example_subdag_operator' retrieved from /home/airflow/.local/lib/python3.8/site-packages/airflow/example_dags/example_subdag_operator.py
[2026-05-16T03:18:20.538+0000] {logging_mixin.py:188} INFO - [2026-05-16T03:18:20.537+0000] {dag.py:3036} INFO - Sync 3 DAGs
[2026-05-16T03:18:20.576+0000] {logging_mixin.py:188} INFO - [2026-05-16T03:18:20.575+0000] {dag.py:3823} INFO - Setting next_dagrun for example_subdag_operator to 2022-01-01 00:00:00+00:00, run_after=2022-01-01 00:00:00+00:00
[2026-05-16T03:18:20.582+0000] {logging_mixin.py:188} INFO - [2026-05-16T03:18:20.581+0000] {dag.py:3823} INFO - Setting next_dagrun for example_subdag_operator.section-1 to None, run_after=None
[2026-05-16T03:18:20.584+0000] {logging_mixin.py:188} INFO - [2026-05-16T03:18:20.584+0000] {dag.py:3823} INFO - Setting next_dagrun for example_subdag_operator.section-2 to None, run_after=None
[2026-05-16T03:18:20.597+0000] {logging_mixin.py:188} INFO - [2026-05-16T03:18:20.596+0000] {dag.py:3036} INFO - Sync 2 DAGs
[2026-05-16T03:18:20.606+0000] {logging_mixin.py:188} INFO - [2026-05-16T03:18:20.606+0000] {dag.py:3823} INFO - Setting next_dagrun for example_subdag_operator.section-1 to None, run_after=None
[2026-05-16T03:18:20.607+0000] {logging_mixin.py:188} INFO - [2026-05-16T03:18:20.606+0000] {dag.py:3823} INFO - Setting next_dagrun for example_subdag_operator.section-2 to None, run_after=None
[2026-05-16T03:18:20.626+0000] {processor.py:183} INFO - Processing /home/airflow/.local/lib/python3.8/site-packages/airflow/example_dags/example_subdag_operator.py took 0.177 seconds
[2026-05-16T03:18:51.441+0000] {processor.py:161} INFO - Started process (PID=4531) to work on /home/airflow/.local/lib/python3.8/site-packages/airflow/example_dags/example_subdag_operator.py
[2026-05-16T03:18:51.444+0000] {processor.py:830} INFO - Processing file /home/airflow/.local/lib/python3.8/site-packages/airflow/example_dags/example_subdag_operator.py for tasks to queue
[2026-05-16T03:18:51.447+0000] {logging_mixin.py:188} INFO - [2026-05-16T03:18:51.447+0000] {dagbag.py:538} INFO - Filling up the DagBag from /home/airflow/.local/lib/python3.8/site-packages/airflow/example_dags/example_subdag_operator.py
[2026-05-16T03:18:51.497+0000] {processor.py:840} INFO - DAG(s) 'example_subdag_operator.section-1', 'example_subdag_operator.section-2', 'example_subdag_operator' retrieved from /home/airflow/.local/lib/python3.8/site-packages/airflow/example_dags/example_subdag_operator.py
[2026-05-16T03:18:51.530+0000] {logging_mixin.py:188} INFO - [2026-05-16T03:18:51.530+0000] {dag.py:3036} INFO - Sync 3 DAGs
[2026-05-16T03:18:51.572+0000] {logging_mixin.py:188} INFO - [2026-05-16T03:18:51.572+0000] {dag.py:3823} INFO - Setting next_dagrun for example_subdag_operator to 2022-01-01 00:00:00+00:00, run_after=2022-01-01 00:00:00+00:00
[2026-05-16T03:18:51.579+0000] {logging_mixin.py:188} INFO - [2026-05-16T03:18:51.579+0000] {dag.py:3823} INFO - Setting next_dagrun for example_subdag_operator.section-1 to None, run_after=None
[2026-05-16T03:18:51.582+0000] {logging_mixin.py:188} INFO - [2026-05-16T03:18:51.582+0000] {dag.py:3823} INFO - Setting next_dagrun for example_subdag_operator.section-2 to None, run_after=None
[2026-05-16T03:18:51.599+0000] {logging_mixin.py:188} INFO - [2026-05-16T03:18:51.598+0000] {dag.py:3036} INFO - Sync 2 DAGs
[2026-05-16T03:18:51.612+0000] {logging_mixin.py:188} INFO - [2026-05-16T03:18:51.611+0000] {dag.py:3823} INFO - Setting next_dagrun for example_subdag_operator.section-1 to None, run_after=None
[2026-05-16T03:18:51.613+0000] {logging_mixin.py:188} INFO - [2026-05-16T03:18:51.613+0000] {dag.py:3823} INFO - Setting next_dagrun for example_subdag_operator.section-2 to None, run_after=None
[2026-05-16T03:18:51.636+0000] {processor.py:183} INFO - Processing /home/airflow/.local/lib/python3.8/site-packages/airflow/example_dags/example_subdag_operator.py took 0.202 seconds
[2026-05-16T03:19:22.187+0000] {processor.py:161} INFO - Started process (PID=4596) to work on /home/airflow/.local/lib/python3.8/site-packages/airflow/example_dags/example_subdag_operator.py
[2026-05-16T03:19:22.188+0000] {processor.py:830} INFO - Processing file /home/airflow/.local/lib/python3.8/site-packages/airflow/example_dags/example_subdag_operator.py for tasks to queue
[2026-05-16T03:19:22.191+0000] {logging_mixin.py:188} INFO - [2026-05-16T03:19:22.190+0000] {dagbag.py:538} INFO - Filling up the DagBag from /home/airflow/.local/lib/python3.8/site-packages/airflow/example_dags/example_subdag_operator.py
[2026-05-16T03:19:22.233+0000] {processor.py:840} INFO - DAG(s) 'example_subdag_operator.section-1', 'example_subdag_operator.section-2', 'example_subdag_operator' retrieved from /home/airflow/.local/lib/python3.8/site-packages/airflow/example_dags/example_subdag_operator.py
[2026-05-16T03:19:22.260+0000] {logging_mixin.py:188} INFO - [2026-05-16T03:19:22.259+0000] {dag.py:3036} INFO - Sync 3 DAGs
[2026-05-16T03:19:22.297+0000] {logging_mixin.py:188} INFO - [2026-05-16T03:19:22.296+0000] {dag.py:3823} INFO - Setting next_dagrun for example_subdag_operator to 2022-01-01 00:00:00+00:00, run_after=2022-01-01 00:00:00+00:00
[2026-05-16T03:19:22.303+0000] {logging_mixin.py:188} INFO - [2026-05-16T03:19:22.303+0000] {dag.py:3823} INFO - Setting next_dagrun for example_subdag_operator.section-1 to None, run_after=None
[2026-05-16T03:19:22.305+0000] {logging_mixin.py:188} INFO - [2026-05-16T03:19:22.305+0000] {dag.py:3823} INFO - Setting next_dagrun for example_subdag_operator.section-2 to None, run_after=None
[2026-05-16T03:19:22.317+0000] {logging_mixin.py:188} INFO - [2026-05-16T03:19:22.317+0000] {dag.py:3036} INFO - Sync 2 DAGs
[2026-05-16T03:19:22.327+0000] {logging_mixin.py:188} INFO - [2026-05-16T03:19:22.326+0000] {dag.py:3823} INFO - Setting next_dagrun for example_subdag_operator.section-1 to None, run_after=None
[2026-05-16T03:19:22.327+0000] {logging_mixin.py:188} INFO - [2026-05-16T03:19:22.327+0000] {dag.py:3823} INFO - Setting next_dagrun for example_subdag_operator.section-2 to None, run_after=None
[2026-05-16T03:19:22.346+0000] {processor.py:183} INFO - Processing /home/airflow/.local/lib/python3.8/site-packages/airflow/example_dags/example_subdag_operator.py took 0.165 seconds
[2026-05-16T03:19:52.488+0000] {processor.py:161} INFO - Started process (PID=4661) to work on /home/airflow/.local/lib/python3.8/site-packages/airflow/example_dags/example_subdag_operator.py
[2026-05-16T03:19:52.489+0000] {processor.py:830} INFO - Processing file /home/airflow/.local/lib/python3.8/site-packages/airflow/example_dags/example_subdag_operator.py for tasks to queue
[2026-05-16T03:19:52.492+0000] {logging_mixin.py:188} INFO - [2026-05-16T03:19:52.491+0000] {dagbag.py:538} INFO - Filling up the DagBag from /home/airflow/.local/lib/python3.8/site-packages/airflow/example_dags/example_subdag_operator.py
[2026-05-16T03:19:52.534+0000] {processor.py:840} INFO - DAG(s) 'example_subdag_operator.section-1', 'example_subdag_operator.section-2', 'example_subdag_operator' retrieved from /home/airflow/.local/lib/python3.8/site-packages/airflow/example_dags/example_subdag_operator.py
[2026-05-16T03:19:52.561+0000] {logging_mixin.py:188} INFO - [2026-05-16T03:19:52.561+0000] {dag.py:3036} INFO - Sync 3 DAGs
[2026-05-16T03:19:52.599+0000] {logging_mixin.py:188} INFO - [2026-05-16T03:19:52.598+0000] {dag.py:3823} INFO - Setting next_dagrun for example_subdag_operator to 2022-01-01 00:00:00+00:00, run_after=2022-01-01 00:00:00+00:00
[2026-05-16T03:19:52.605+0000] {logging_mixin.py:188} INFO - [2026-05-16T03:19:52.605+0000] {dag.py:3823} INFO - Setting next_dagrun for example_subdag_operator.section-1 to None, run_after=None
[2026-05-16T03:19:52.607+0000] {logging_mixin.py:188} INFO - [2026-05-16T03:19:52.607+0000] {dag.py:3823} INFO - Setting next_dagrun for example_subdag_operator.section-2 to None, run_after=None
[2026-05-16T03:19:52.619+0000] {logging_mixin.py:188} INFO - [2026-05-16T03:19:52.619+0000] {dag.py:3036} INFO - Sync 2 DAGs
[2026-05-16T03:19:52.628+0000] {logging_mixin.py:188} INFO - [2026-05-16T03:19:52.628+0000] {dag.py:3823} INFO - Setting next_dagrun for example_subdag_operator.section-1 to None, run_after=None
[2026-05-16T03:19:52.629+0000] {logging_mixin.py:188} INFO - [2026-05-16T03:19:52.628+0000] {dag.py:3823} INFO - Setting next_dagrun for example_subdag_operator.section-2 to None, run_after=None
[2026-05-16T03:19:52.650+0000] {processor.py:183} INFO - Processing /home/airflow/.local/lib/python3.8/site-packages/airflow/example_dags/example_subdag_operator.py took 0.167 seconds
[2026-05-16T03:20:22.799+0000] {processor.py:161} INFO - Started process (PID=4725) to work on /home/airflow/.local/lib/python3.8/site-packages/airflow/example_dags/example_subdag_operator.py
[2026-05-16T03:20:22.802+0000] {processor.py:830} INFO - Processing file /home/airflow/.local/lib/python3.8/site-packages/airflow/example_dags/example_subdag_operator.py for tasks to queue
[2026-05-16T03:20:22.804+0000] {logging_mixin.py:188} INFO - [2026-05-16T03:20:22.804+0000] {dagbag.py:538} INFO - Filling up the DagBag from /home/airflow/.local/lib/python3.8/site-packages/airflow/example_dags/example_subdag_operator.py
[2026-05-16T03:20:22.853+0000] {processor.py:840} INFO - DAG(s) 'example_subdag_operator.section-1', 'example_subdag_operator.section-2', 'example_subdag_operator' retrieved from /home/airflow/.local/lib/python3.8/site-packages/airflow/example_dags/example_subdag_operator.py
[2026-05-16T03:20:22.883+0000] {logging_mixin.py:188} INFO - [2026-05-16T03:20:22.883+0000] {dag.py:3036} INFO - Sync 3 DAGs
[2026-05-16T03:20:22.922+0000] {logging_mixin.py:188} INFO - [2026-05-16T03:20:22.922+0000] {dag.py:3823} INFO - Setting next_dagrun for example_subdag_operator to 2022-01-01 00:00:00+00:00, run_after=2022-01-01 00:00:00+00:00
[2026-05-16T03:20:22.931+0000] {logging_mixin.py:188} INFO - [2026-05-16T03:20:22.930+0000] {dag.py:3823} INFO - Setting next_dagrun for example_subdag_operator.section-1 to None, run_after=None
[2026-05-16T03:20:22.935+0000] {logging_mixin.py:188} INFO - [2026-05-16T03:20:22.933+0000] {dag.py:3823} INFO - Setting next_dagrun for example_subdag_operator.section-2 to None, run_after=None
[2026-05-16T03:20:22.950+0000] {logging_mixin.py:188} INFO - [2026-05-16T03:20:22.949+0000] {dag.py:3036} INFO - Sync 2 DAGs
[2026-05-16T03:20:22.960+0000] {logging_mixin.py:188} INFO - [2026-05-16T03:20:22.960+0000] {dag.py:3823} INFO - Setting next_dagrun for example_subdag_operator.section-1 to None, run_after=None
[2026-05-16T03:20:22.961+0000] {logging_mixin.py:188} INFO - [2026-05-16T03:20:22.961+0000] {dag.py:3823} INFO - Setting next_dagrun for example_subdag_operator.section-2 to None, run_after=None
[2026-05-16T03:20:22.982+0000] {processor.py:183} INFO - Processing /home/airflow/.local/lib/python3.8/site-packages/airflow/example_dags/example_subdag_operator.py took 0.188 seconds
[2026-05-16T03:20:53.017+0000] {processor.py:161} INFO - Started process (PID=4789) to work on /home/airflow/.local/lib/python3.8/site-packages/airflow/example_dags/example_subdag_operator.py
[2026-05-16T03:20:53.018+0000] {processor.py:830} INFO - Processing file /home/airflow/.local/lib/python3.8/site-packages/airflow/example_dags/example_subdag_operator.py for tasks to queue
[2026-05-16T03:20:53.021+0000] {logging_mixin.py:188} INFO - [2026-05-16T03:20:53.020+0000] {dagbag.py:538} INFO - Filling up the DagBag from /home/airflow/.local/lib/python3.8/site-packages/airflow/example_dags/example_subdag_operator.py
[2026-05-16T03:20:53.066+0000] {processor.py:840} INFO - DAG(s) 'example_subdag_operator.section-1', 'example_subdag_operator.section-2', 'example_subdag_operator' retrieved from /home/airflow/.local/lib/python3.8/site-packages/airflow/example_dags/example_subdag_operator.py
[2026-05-16T03:20:53.093+0000] {logging_mixin.py:188} INFO - [2026-05-16T03:20:53.093+0000] {dag.py:3036} INFO - Sync 3 DAGs
[2026-05-16T03:20:53.135+0000] {logging_mixin.py:188} INFO - [2026-05-16T03:20:53.135+0000] {dag.py:3823} INFO - Setting next_dagrun for example_subdag_operator to 2022-01-01 00:00:00+00:00, run_after=2022-01-01 00:00:00+00:00
[2026-05-16T03:20:53.141+0000] {logging_mixin.py:188} INFO - [2026-05-16T03:20:53.141+0000] {dag.py:3823} INFO - Setting next_dagrun for example_subdag_operator.section-1 to None, run_after=None
[2026-05-16T03:20:53.143+0000] {logging_mixin.py:188} INFO - [2026-05-16T03:20:53.143+0000] {dag.py:3823} INFO - Setting next_dagrun for example_subdag_operator.section-2 to None, run_after=None
[2026-05-16T03:20:53.155+0000] {logging_mixin.py:188} INFO - [2026-05-16T03:20:53.154+0000] {dag.py:3036} INFO - Sync 2 DAGs
[2026-05-16T03:20:53.164+0000] {logging_mixin.py:188} INFO - [2026-05-16T03:20:53.163+0000] {dag.py:3823} INFO - Setting next_dagrun for example_subdag_operator.section-1 to None, run_after=None
[2026-05-16T03:20:53.164+0000] {logging_mixin.py:188} INFO - [2026-05-16T03:20:53.164+0000] {dag.py:3823} INFO - Setting next_dagrun for example_subdag_operator.section-2 to None, run_after=None
[2026-05-16T03:20:53.181+0000] {processor.py:183} INFO - Processing /home/airflow/.local/lib/python3.8/site-packages/airflow/example_dags/example_subdag_operator.py took 0.169 seconds
[2026-05-16T03:21:23.250+0000] {processor.py:161} INFO - Started process (PID=4854) to work on /home/airflow/.local/lib/python3.8/site-packages/airflow/example_dags/example_subdag_operator.py
[2026-05-16T03:21:23.252+0000] {processor.py:830} INFO - Processing file /home/airflow/.local/lib/python3.8/site-packages/airflow/example_dags/example_subdag_operator.py for tasks to queue
[2026-05-16T03:21:23.255+0000] {logging_mixin.py:188} INFO - [2026-05-16T03:21:23.254+0000] {dagbag.py:538} INFO - Filling up the DagBag from /home/airflow/.local/lib/python3.8/site-packages/airflow/example_dags/example_subdag_operator.py
[2026-05-16T03:21:23.301+0000] {processor.py:840} INFO - DAG(s) 'example_subdag_operator.section-1', 'example_subdag_operator.section-2', 'example_subdag_operator' retrieved from /home/airflow/.local/lib/python3.8/site-packages/airflow/example_dags/example_subdag_operator.py
[2026-05-16T03:21:23.332+0000] {logging_mixin.py:188} INFO - [2026-05-16T03:21:23.331+0000] {dag.py:3036} INFO - Sync 3 DAGs
[2026-05-16T03:21:23.369+0000] {logging_mixin.py:188} INFO - [2026-05-16T03:21:23.369+0000] {dag.py:3823} INFO - Setting next_dagrun for example_subdag_operator to 2022-01-01 00:00:00+00:00, run_after=2022-01-01 00:00:00+00:00
[2026-05-16T03:21:23.375+0000] {logging_mixin.py:188} INFO - [2026-05-16T03:21:23.374+0000] {dag.py:3823} INFO - Setting next_dagrun for example_subdag_operator.section-1 to None, run_after=None
[2026-05-16T03:21:23.377+0000] {logging_mixin.py:188} INFO - [2026-05-16T03:21:23.377+0000] {dag.py:3823} INFO - Setting next_dagrun for example_subdag_operator.section-2 to None, run_after=None
[2026-05-16T03:21:23.390+0000] {logging_mixin.py:188} INFO - [2026-05-16T03:21:23.390+0000] {dag.py:3036} INFO - Sync 2 DAGs
[2026-05-16T03:21:23.403+0000] {logging_mixin.py:188} INFO - [2026-05-16T03:21:23.402+0000] {dag.py:3823} INFO - Setting next_dagrun for example_subdag_operator.section-1 to None, run_after=None
[2026-05-16T03:21:23.404+0000] {logging_mixin.py:188} INFO - [2026-05-16T03:21:23.404+0000] {dag.py:3823} INFO - Setting next_dagrun for example_subdag_operator.section-2 to None, run_after=None
[2026-05-16T03:21:23.425+0000] {processor.py:183} INFO - Processing /home/airflow/.local/lib/python3.8/site-packages/airflow/example_dags/example_subdag_operator.py took 0.180 seconds
[2026-05-16T03:21:53.689+0000] {processor.py:161} INFO - Started process (PID=4919) to work on /home/airflow/.local/lib/python3.8/site-packages/airflow/example_dags/example_subdag_operator.py
[2026-05-16T03:21:53.691+0000] {processor.py:830} INFO - Processing file /home/airflow/.local/lib/python3.8/site-packages/airflow/example_dags/example_subdag_operator.py for tasks to queue
[2026-05-16T03:21:53.694+0000] {logging_mixin.py:188} INFO - [2026-05-16T03:21:53.693+0000] {dagbag.py:538} INFO - Filling up the DagBag from /home/airflow/.local/lib/python3.8/site-packages/airflow/example_dags/example_subdag_operator.py
[2026-05-16T03:21:53.740+0000] {processor.py:840} INFO - DAG(s) 'example_subdag_operator.section-1', 'example_subdag_operator.section-2', 'example_subdag_operator' retrieved from /home/airflow/.local/lib/python3.8/site-packages/airflow/example_dags/example_subdag_operator.py
[2026-05-16T03:21:53.769+0000] {logging_mixin.py:188} INFO - [2026-05-16T03:21:53.769+0000] {dag.py:3036} INFO - Sync 3 DAGs
[2026-05-16T03:21:53.810+0000] {logging_mixin.py:188} INFO - [2026-05-16T03:21:53.809+0000] {dag.py:3823} INFO - Setting next_dagrun for example_subdag_operator to 2022-01-01 00:00:00+00:00, run_after=2022-01-01 00:00:00+00:00
[2026-05-16T03:21:53.817+0000] {logging_mixin.py:188} INFO - [2026-05-16T03:21:53.817+0000] {dag.py:3823} INFO - Setting next_dagrun for example_subdag_operator.section-1 to None, run_after=None
[2026-05-16T03:21:53.820+0000] {logging_mixin.py:188} INFO - [2026-05-16T03:21:53.820+0000] {dag.py:3823} INFO - Setting next_dagrun for example_subdag_operator.section-2 to None, run_after=None
[2026-05-16T03:21:53.833+0000] {logging_mixin.py:188} INFO - [2026-05-16T03:21:53.832+0000] {dag.py:3036} INFO - Sync 2 DAGs
[2026-05-16T03:21:53.842+0000] {logging_mixin.py:188} INFO - [2026-05-16T03:21:53.842+0000] {dag.py:3823} INFO - Setting next_dagrun for example_subdag_operator.section-1 to None, run_after=None
[2026-05-16T03:21:53.843+0000] {logging_mixin.py:188} INFO - [2026-05-16T03:21:53.843+0000] {dag.py:3823} INFO - Setting next_dagrun for example_subdag_operator.section-2 to None, run_after=None
[2026-05-16T03:21:53.864+0000] {processor.py:183} INFO - Processing /home/airflow/.local/lib/python3.8/site-packages/airflow/example_dags/example_subdag_operator.py took 0.180 seconds
[2026-05-16T03:22:24.237+0000] {processor.py:161} INFO - Started process (PID=4985) to work on /home/airflow/.local/lib/python3.8/site-packages/airflow/example_dags/example_subdag_operator.py
[2026-05-16T03:22:24.239+0000] {processor.py:830} INFO - Processing file /home/airflow/.local/lib/python3.8/site-packages/airflow/example_dags/example_subdag_operator.py for tasks to queue
[2026-05-16T03:22:24.242+0000] {logging_mixin.py:188} INFO - [2026-05-16T03:22:24.242+0000] {dagbag.py:538} INFO - Filling up the DagBag from /home/airflow/.local/lib/python3.8/site-packages/airflow/example_dags/example_subdag_operator.py
[2026-05-16T03:22:24.286+0000] {processor.py:840} INFO - DAG(s) 'example_subdag_operator.section-1', 'example_subdag_operator.section-2', 'example_subdag_operator' retrieved from /home/airflow/.local/lib/python3.8/site-packages/airflow/example_dags/example_subdag_operator.py
[2026-05-16T03:22:24.317+0000] {logging_mixin.py:188} INFO - [2026-05-16T03:22:24.316+0000] {dag.py:3036} INFO - Sync 3 DAGs
[2026-05-16T03:22:24.361+0000] {logging_mixin.py:188} INFO - [2026-05-16T03:22:24.360+0000] {dag.py:3823} INFO - Setting next_dagrun for example_subdag_operator to 2022-01-01 00:00:00+00:00, run_after=2022-01-01 00:00:00+00:00
[2026-05-16T03:22:24.368+0000] {logging_mixin.py:188} INFO - [2026-05-16T03:22:24.368+0000] {dag.py:3823} INFO - Setting next_dagrun for example_subdag_operator.section-1 to None, run_after=None
[2026-05-16T03:22:24.370+0000] {logging_mixin.py:188} INFO - [2026-05-16T03:22:24.370+0000] {dag.py:3823} INFO - Setting next_dagrun for example_subdag_operator.section-2 to None, run_after=None
[2026-05-16T03:22:24.384+0000] {logging_mixin.py:188} INFO - [2026-05-16T03:22:24.383+0000] {dag.py:3036} INFO - Sync 2 DAGs
[2026-05-16T03:22:24.394+0000] {logging_mixin.py:188} INFO - [2026-05-16T03:22:24.394+0000] {dag.py:3823} INFO - Setting next_dagrun for example_subdag_operator.section-1 to None, run_after=None
[2026-05-16T03:22:24.395+0000] {logging_mixin.py:188} INFO - [2026-05-16T03:22:24.395+0000] {dag.py:3823} INFO - Setting next_dagrun for example_subdag_operator.section-2 to None, run_after=None
[2026-05-16T03:22:24.416+0000] {processor.py:183} INFO - Processing /home/airflow/.local/lib/python3.8/site-packages/airflow/example_dags/example_subdag_operator.py took 0.185 seconds
[2026-05-16T03:22:54.501+0000] {processor.py:161} INFO - Started process (PID=5049) to work on /home/airflow/.local/lib/python3.8/site-packages/airflow/example_dags/example_subdag_operator.py
[2026-05-16T03:22:54.503+0000] {processor.py:830} INFO - Processing file /home/airflow/.local/lib/python3.8/site-packages/airflow/example_dags/example_subdag_operator.py for tasks to queue
[2026-05-16T03:22:54.506+0000] {logging_mixin.py:188} INFO - [2026-05-16T03:22:54.506+0000] {dagbag.py:538} INFO - Filling up the DagBag from /home/airflow/.local/lib/python3.8/site-packages/airflow/example_dags/example_subdag_operator.py
[2026-05-16T03:22:54.555+0000] {processor.py:840} INFO - DAG(s) 'example_subdag_operator.section-1', 'example_subdag_operator.section-2', 'example_subdag_operator' retrieved from /home/airflow/.local/lib/python3.8/site-packages/airflow/example_dags/example_subdag_operator.py
[2026-05-16T03:22:54.584+0000] {logging_mixin.py:188} INFO - [2026-05-16T03:22:54.584+0000] {dag.py:3036} INFO - Sync 3 DAGs
[2026-05-16T03:22:54.623+0000] {logging_mixin.py:188} INFO - [2026-05-16T03:22:54.623+0000] {dag.py:3823} INFO - Setting next_dagrun for example_subdag_operator to 2022-01-01 00:00:00+00:00, run_after=2022-01-01 00:00:00+00:00
[2026-05-16T03:22:54.629+0000] {logging_mixin.py:188} INFO - [2026-05-16T03:22:54.629+0000] {dag.py:3823} INFO - Setting next_dagrun for example_subdag_operator.section-1 to None, run_after=None
[2026-05-16T03:22:54.632+0000] {logging_mixin.py:188} INFO - [2026-05-16T03:22:54.631+0000] {dag.py:3823} INFO - Setting next_dagrun for example_subdag_operator.section-2 to None, run_after=None
[2026-05-16T03:22:54.645+0000] {logging_mixin.py:188} INFO - [2026-05-16T03:22:54.644+0000] {dag.py:3036} INFO - Sync 2 DAGs
[2026-05-16T03:22:54.653+0000] {logging_mixin.py:188} INFO - [2026-05-16T03:22:54.653+0000] {dag.py:3823} INFO - Setting next_dagrun for example_subdag_operator.section-1 to None, run_after=None
[2026-05-16T03:22:54.654+0000] {logging_mixin.py:188} INFO - [2026-05-16T03:22:54.654+0000] {dag.py:3823} INFO - Setting next_dagrun for example_subdag_operator.section-2 to None, run_after=None
[2026-05-16T03:22:54.674+0000] {processor.py:183} INFO - Processing /home/airflow/.local/lib/python3.8/site-packages/airflow/example_dags/example_subdag_operator.py took 0.179 seconds
[2026-05-16T03:23:25.374+0000] {processor.py:161} INFO - Started process (PID=5124) to work on /home/airflow/.local/lib/python3.8/site-packages/airflow/example_dags/example_subdag_operator.py
[2026-05-16T03:23:25.376+0000] {processor.py:830} INFO - Processing file /home/airflow/.local/lib/python3.8/site-packages/airflow/example_dags/example_subdag_operator.py for tasks to queue
[2026-05-16T03:23:25.380+0000] {logging_mixin.py:188} INFO - [2026-05-16T03:23:25.379+0000] {dagbag.py:538} INFO - Filling up the DagBag from /home/airflow/.local/lib/python3.8/site-packages/airflow/example_dags/example_subdag_operator.py
[2026-05-16T03:23:25.427+0000] {processor.py:840} INFO - DAG(s) 'example_subdag_operator.section-1', 'example_subdag_operator.section-2', 'example_subdag_operator' retrieved from /home/airflow/.local/lib/python3.8/site-packages/airflow/example_dags/example_subdag_operator.py
[2026-05-16T03:23:25.460+0000] {logging_mixin.py:188} INFO - [2026-05-16T03:23:25.460+0000] {dag.py:3036} INFO - Sync 3 DAGs
[2026-05-16T03:23:25.504+0000] {logging_mixin.py:188} INFO - [2026-05-16T03:23:25.504+0000] {dag.py:3823} INFO - Setting next_dagrun for example_subdag_operator to 2022-01-01 00:00:00+00:00, run_after=2022-01-01 00:00:00+00:00
[2026-05-16T03:23:25.510+0000] {logging_mixin.py:188} INFO - [2026-05-16T03:23:25.510+0000] {dag.py:3823} INFO - Setting next_dagrun for example_subdag_operator.section-1 to None, run_after=None
[2026-05-16T03:23:25.512+0000] {logging_mixin.py:188} INFO - [2026-05-16T03:23:25.512+0000] {dag.py:3823} INFO - Setting next_dagrun for example_subdag_operator.section-2 to None, run_after=None
[2026-05-16T03:23:25.523+0000] {logging_mixin.py:188} INFO - [2026-05-16T03:23:25.523+0000] {dag.py:3036} INFO - Sync 2 DAGs
[2026-05-16T03:23:25.533+0000] {logging_mixin.py:188} INFO - [2026-05-16T03:23:25.532+0000] {dag.py:3823} INFO - Setting next_dagrun for example_subdag_operator.section-1 to None, run_after=None
[2026-05-16T03:23:25.534+0000] {logging_mixin.py:188} INFO - [2026-05-16T03:23:25.533+0000] {dag.py:3823} INFO - Setting next_dagrun for example_subdag_operator.section-2 to None, run_after=None
[2026-05-16T03:23:25.553+0000] {processor.py:183} INFO - Processing /home/airflow/.local/lib/python3.8/site-packages/airflow/example_dags/example_subdag_operator.py took 0.185 seconds
[2026-05-16T03:23:55.852+0000] {processor.py:161} INFO - Started process (PID=5190) to work on /home/airflow/.local/lib/python3.8/site-packages/airflow/example_dags/example_subdag_operator.py
[2026-05-16T03:23:55.855+0000] {processor.py:830} INFO - Processing file /home/airflow/.local/lib/python3.8/site-packages/airflow/example_dags/example_subdag_operator.py for tasks to queue
[2026-05-16T03:23:55.858+0000] {logging_mixin.py:188} INFO - [2026-05-16T03:23:55.857+0000] {dagbag.py:538} INFO - Filling up the DagBag from /home/airflow/.local/lib/python3.8/site-packages/airflow/example_dags/example_subdag_operator.py
[2026-05-16T03:23:55.905+0000] {processor.py:840} INFO - DAG(s) 'example_subdag_operator.section-1', 'example_subdag_operator.section-2', 'example_subdag_operator' retrieved from /home/airflow/.local/lib/python3.8/site-packages/airflow/example_dags/example_subdag_operator.py
[2026-05-16T03:23:55.940+0000] {logging_mixin.py:188} INFO - [2026-05-16T03:23:55.939+0000] {dag.py:3036} INFO - Sync 3 DAGs
[2026-05-16T03:23:55.981+0000] {logging_mixin.py:188} INFO - [2026-05-16T03:23:55.980+0000] {dag.py:3823} INFO - Setting next_dagrun for example_subdag_operator to 2022-01-01 00:00:00+00:00, run_after=2022-01-01 00:00:00+00:00
[2026-05-16T03:23:55.987+0000] {logging_mixin.py:188} INFO - [2026-05-16T03:23:55.987+0000] {dag.py:3823} INFO - Setting next_dagrun for example_subdag_operator.section-1 to None, run_after=None
[2026-05-16T03:23:55.990+0000] {logging_mixin.py:188} INFO - [2026-05-16T03:23:55.990+0000] {dag.py:3823} INFO - Setting next_dagrun for example_subdag_operator.section-2 to None, run_after=None
[2026-05-16T03:23:56.003+0000] {logging_mixin.py:188} INFO - [2026-05-16T03:23:56.003+0000] {dag.py:3036} INFO - Sync 2 DAGs
[2026-05-16T03:23:56.016+0000] {logging_mixin.py:188} INFO - [2026-05-16T03:23:56.015+0000] {dag.py:3823} INFO - Setting next_dagrun for example_subdag_operator.section-1 to None, run_after=None
[2026-05-16T03:23:56.017+0000] {logging_mixin.py:188} INFO - [2026-05-16T03:23:56.016+0000] {dag.py:3823} INFO - Setting next_dagrun for example_subdag_operator.section-2 to None, run_after=None
[2026-05-16T03:23:56.039+0000] {processor.py:183} INFO - Processing /home/airflow/.local/lib/python3.8/site-packages/airflow/example_dags/example_subdag_operator.py took 0.192 seconds
[2026-05-16T03:24:26.526+0000] {processor.py:161} INFO - Started process (PID=5256) to work on /home/airflow/.local/lib/python3.8/site-packages/airflow/example_dags/example_subdag_operator.py
[2026-05-16T03:24:26.527+0000] {processor.py:830} INFO - Processing file /home/airflow/.local/lib/python3.8/site-packages/airflow/example_dags/example_subdag_operator.py for tasks to queue
[2026-05-16T03:24:26.530+0000] {logging_mixin.py:188} INFO - [2026-05-16T03:24:26.529+0000] {dagbag.py:538} INFO - Filling up the DagBag from /home/airflow/.local/lib/python3.8/site-packages/airflow/example_dags/example_subdag_operator.py
[2026-05-16T03:24:26.576+0000] {processor.py:840} INFO - DAG(s) 'example_subdag_operator.section-1', 'example_subdag_operator.section-2', 'example_subdag_operator' retrieved from /home/airflow/.local/lib/python3.8/site-packages/airflow/example_dags/example_subdag_operator.py
[2026-05-16T03:24:26.602+0000] {logging_mixin.py:188} INFO - [2026-05-16T03:24:26.602+0000] {dag.py:3036} INFO - Sync 3 DAGs
[2026-05-16T03:24:26.638+0000] {logging_mixin.py:188} INFO - [2026-05-16T03:24:26.638+0000] {dag.py:3823} INFO - Setting next_dagrun for example_subdag_operator to 2022-01-01 00:00:00+00:00, run_after=2022-01-01 00:00:00+00:00
[2026-05-16T03:24:26.644+0000] {logging_mixin.py:188} INFO - [2026-05-16T03:24:26.644+0000] {dag.py:3823} INFO - Setting next_dagrun for example_subdag_operator.section-1 to None, run_after=None
[2026-05-16T03:24:26.647+0000] {logging_mixin.py:188} INFO - [2026-05-16T03:24:26.647+0000] {dag.py:3823} INFO - Setting next_dagrun for example_subdag_operator.section-2 to None, run_after=None
[2026-05-16T03:24:26.661+0000] {logging_mixin.py:188} INFO - [2026-05-16T03:24:26.661+0000] {dag.py:3036} INFO - Sync 2 DAGs
[2026-05-16T03:24:26.671+0000] {logging_mixin.py:188} INFO - [2026-05-16T03:24:26.670+0000] {dag.py:3823} INFO - Setting next_dagrun for example_subdag_operator.section-1 to None, run_after=None
[2026-05-16T03:24:26.671+0000] {logging_mixin.py:188} INFO - [2026-05-16T03:24:26.671+0000] {dag.py:3823} INFO - Setting next_dagrun for example_subdag_operator.section-2 to None, run_after=None
[2026-05-16T03:24:26.690+0000] {processor.py:183} INFO - Processing /home/airflow/.local/lib/python3.8/site-packages/airflow/example_dags/example_subdag_operator.py took 0.169 seconds
[2026-05-16T03:24:56.836+0000] {processor.py:161} INFO - Started process (PID=5320) to work on /home/airflow/.local/lib/python3.8/site-packages/airflow/example_dags/example_subdag_operator.py
[2026-05-16T03:24:56.838+0000] {processor.py:830} INFO - Processing file /home/airflow/.local/lib/python3.8/site-packages/airflow/example_dags/example_subdag_operator.py for tasks to queue
[2026-05-16T03:24:56.841+0000] {logging_mixin.py:188} INFO - [2026-05-16T03:24:56.841+0000] {dagbag.py:538} INFO - Filling up the DagBag from /home/airflow/.local/lib/python3.8/site-packages/airflow/example_dags/example_subdag_operator.py
[2026-05-16T03:24:56.886+0000] {processor.py:840} INFO - DAG(s) 'example_subdag_operator.section-1', 'example_subdag_operator.section-2', 'example_subdag_operator' retrieved from /home/airflow/.local/lib/python3.8/site-packages/airflow/example_dags/example_subdag_operator.py
[2026-05-16T03:24:56.918+0000] {logging_mixin.py:188} INFO - [2026-05-16T03:24:56.918+0000] {dag.py:3036} INFO - Sync 3 DAGs
[2026-05-16T03:24:56.961+0000] {logging_mixin.py:188} INFO - [2026-05-16T03:24:56.961+0000] {dag.py:3823} INFO - Setting next_dagrun for example_subdag_operator to 2022-01-01 00:00:00+00:00, run_after=2022-01-01 00:00:00+00:00
[2026-05-16T03:24:56.967+0000] {logging_mixin.py:188} INFO - [2026-05-16T03:24:56.967+0000] {dag.py:3823} INFO - Setting next_dagrun for example_subdag_operator.section-1 to None, run_after=None
[2026-05-16T03:24:56.969+0000] {logging_mixin.py:188} INFO - [2026-05-16T03:24:56.969+0000] {dag.py:3823} INFO - Setting next_dagrun for example_subdag_operator.section-2 to None, run_after=None
[2026-05-16T03:24:56.980+0000] {logging_mixin.py:188} INFO - [2026-05-16T03:24:56.980+0000] {dag.py:3036} INFO - Sync 2 DAGs
[2026-05-16T03:24:56.990+0000] {logging_mixin.py:188} INFO - [2026-05-16T03:24:56.989+0000] {dag.py:3823} INFO - Setting next_dagrun for example_subdag_operator.section-1 to None, run_after=None
[2026-05-16T03:24:56.990+0000] {logging_mixin.py:188} INFO - [2026-05-16T03:24:56.990+0000] {dag.py:3823} INFO - Setting next_dagrun for example_subdag_operator.section-2 to None, run_after=None
[2026-05-16T03:24:57.010+0000] {processor.py:183} INFO - Processing /home/airflow/.local/lib/python3.8/site-packages/airflow/example_dags/example_subdag_operator.py took 0.178 seconds
[2026-05-16T03:25:27.495+0000] {processor.py:161} INFO - Started process (PID=5384) to work on /home/airflow/.local/lib/python3.8/site-packages/airflow/example_dags/example_subdag_operator.py
[2026-05-16T03:25:27.497+0000] {processor.py:830} INFO - Processing file /home/airflow/.local/lib/python3.8/site-packages/airflow/example_dags/example_subdag_operator.py for tasks to queue
[2026-05-16T03:25:27.500+0000] {logging_mixin.py:188} INFO - [2026-05-16T03:25:27.500+0000] {dagbag.py:538} INFO - Filling up the DagBag from /home/airflow/.local/lib/python3.8/site-packages/airflow/example_dags/example_subdag_operator.py
[2026-05-16T03:25:27.552+0000] {processor.py:840} INFO - DAG(s) 'example_subdag_operator.section-1', 'example_subdag_operator.section-2', 'example_subdag_operator' retrieved from /home/airflow/.local/lib/python3.8/site-packages/airflow/example_dags/example_subdag_operator.py
[2026-05-16T03:25:27.587+0000] {logging_mixin.py:188} INFO - [2026-05-16T03:25:27.587+0000] {dag.py:3036} INFO - Sync 3 DAGs
[2026-05-16T03:25:27.627+0000] {logging_mixin.py:188} INFO - [2026-05-16T03:25:27.627+0000] {dag.py:3823} INFO - Setting next_dagrun for example_subdag_operator to 2022-01-01 00:00:00+00:00, run_after=2022-01-01 00:00:00+00:00
[2026-05-16T03:25:27.634+0000] {logging_mixin.py:188} INFO - [2026-05-16T03:25:27.634+0000] {dag.py:3823} INFO - Setting next_dagrun for example_subdag_operator.section-1 to None, run_after=None
[2026-05-16T03:25:27.637+0000] {logging_mixin.py:188} INFO - [2026-05-16T03:25:27.636+0000] {dag.py:3823} INFO - Setting next_dagrun for example_subdag_operator.section-2 to None, run_after=None
[2026-05-16T03:25:27.650+0000] {logging_mixin.py:188} INFO - [2026-05-16T03:25:27.649+0000] {dag.py:3036} INFO - Sync 2 DAGs
[2026-05-16T03:25:27.659+0000] {logging_mixin.py:188} INFO - [2026-05-16T03:25:27.659+0000] {dag.py:3823} INFO - Setting next_dagrun for example_subdag_operator.section-1 to None, run_after=None
[2026-05-16T03:25:27.660+0000] {logging_mixin.py:188} INFO - [2026-05-16T03:25:27.659+0000] {dag.py:3823} INFO - Setting next_dagrun for example_subdag_operator.section-2 to None, run_after=None
[2026-05-16T03:25:27.681+0000] {processor.py:183} INFO - Processing /home/airflow/.local/lib/python3.8/site-packages/airflow/example_dags/example_subdag_operator.py took 0.192 seconds
[2026-05-16T03:25:57.782+0000] {processor.py:161} INFO - Started process (PID=5447) to work on /home/airflow/.local/lib/python3.8/site-packages/airflow/example_dags/example_subdag_operator.py
[2026-05-16T03:25:57.785+0000] {processor.py:830} INFO - Processing file /home/airflow/.local/lib/python3.8/site-packages/airflow/example_dags/example_subdag_operator.py for tasks to queue
[2026-05-16T03:25:57.788+0000] {logging_mixin.py:188} INFO - [2026-05-16T03:25:57.787+0000] {dagbag.py:538} INFO - Filling up the DagBag from /home/airflow/.local/lib/python3.8/site-packages/airflow/example_dags/example_subdag_operator.py
[2026-05-16T03:25:57.837+0000] {processor.py:840} INFO - DAG(s) 'example_subdag_operator.section-1', 'example_subdag_operator.section-2', 'example_subdag_operator' retrieved from /home/airflow/.local/lib/python3.8/site-packages/airflow/example_dags/example_subdag_operator.py
[2026-05-16T03:25:57.870+0000] {logging_mixin.py:188} INFO - [2026-05-16T03:25:57.869+0000] {dag.py:3036} INFO - Sync 3 DAGs
[2026-05-16T03:25:57.915+0000] {logging_mixin.py:188} INFO - [2026-05-16T03:25:57.915+0000] {dag.py:3823} INFO - Setting next_dagrun for example_subdag_operator to 2022-01-01 00:00:00+00:00, run_after=2022-01-01 00:00:00+00:00
[2026-05-16T03:25:57.923+0000] {logging_mixin.py:188} INFO - [2026-05-16T03:25:57.923+0000] {dag.py:3823} INFO - Setting next_dagrun for example_subdag_operator.section-1 to None, run_after=None
[2026-05-16T03:25:57.926+0000] {logging_mixin.py:188} INFO - [2026-05-16T03:25:57.925+0000] {dag.py:3823} INFO - Setting next_dagrun for example_subdag_operator.section-2 to None, run_after=None
[2026-05-16T03:25:57.941+0000] {logging_mixin.py:188} INFO - [2026-05-16T03:25:57.941+0000] {dag.py:3036} INFO - Sync 2 DAGs
[2026-05-16T03:25:57.951+0000] {logging_mixin.py:188} INFO - [2026-05-16T03:25:57.950+0000] {dag.py:3823} INFO - Setting next_dagrun for example_subdag_operator.section-1 to None, run_after=None
[2026-05-16T03:25:57.951+0000] {logging_mixin.py:188} INFO - [2026-05-16T03:25:57.951+0000] {dag.py:3823} INFO - Setting next_dagrun for example_subdag_operator.section-2 to None, run_after=None
[2026-05-16T03:25:57.973+0000] {processor.py:183} INFO - Processing /home/airflow/.local/lib/python3.8/site-packages/airflow/example_dags/example_subdag_operator.py took 0.197 seconds
[2026-05-16T03:26:28.152+0000] {processor.py:161} INFO - Started process (PID=5512) to work on /home/airflow/.local/lib/python3.8/site-packages/airflow/example_dags/example_subdag_operator.py
[2026-05-16T03:26:28.154+0000] {processor.py:830} INFO - Processing file /home/airflow/.local/lib/python3.8/site-packages/airflow/example_dags/example_subdag_operator.py for tasks to queue
[2026-05-16T03:26:28.158+0000] {logging_mixin.py:188} INFO - [2026-05-16T03:26:28.157+0000] {dagbag.py:538} INFO - Filling up the DagBag from /home/airflow/.local/lib/python3.8/site-packages/airflow/example_dags/example_subdag_operator.py
[2026-05-16T03:26:28.205+0000] {processor.py:840} INFO - DAG(s) 'example_subdag_operator.section-1', 'example_subdag_operator.section-2', 'example_subdag_operator' retrieved from /home/airflow/.local/lib/python3.8/site-packages/airflow/example_dags/example_subdag_operator.py
[2026-05-16T03:26:28.237+0000] {logging_mixin.py:188} INFO - [2026-05-16T03:26:28.237+0000] {dag.py:3036} INFO - Sync 3 DAGs
[2026-05-16T03:26:28.283+0000] {logging_mixin.py:188} INFO - [2026-05-16T03:26:28.282+0000] {dag.py:3823} INFO - Setting next_dagrun for example_subdag_operator to 2022-01-01 00:00:00+00:00, run_after=2022-01-01 00:00:00+00:00
[2026-05-16T03:26:28.290+0000] {logging_mixin.py:188} INFO - [2026-05-16T03:26:28.290+0000] {dag.py:3823} INFO - Setting next_dagrun for example_subdag_operator.section-1 to None, run_after=None
[2026-05-16T03:26:28.293+0000] {logging_mixin.py:188} INFO - [2026-05-16T03:26:28.293+0000] {dag.py:3823} INFO - Setting next_dagrun for example_subdag_operator.section-2 to None, run_after=None
[2026-05-16T03:26:28.308+0000] {logging_mixin.py:188} INFO - [2026-05-16T03:26:28.307+0000] {dag.py:3036} INFO - Sync 2 DAGs
[2026-05-16T03:26:28.318+0000] {logging_mixin.py:188} INFO - [2026-05-16T03:26:28.318+0000] {dag.py:3823} INFO - Setting next_dagrun for example_subdag_operator.section-1 to None, run_after=None
[2026-05-16T03:26:28.319+0000] {logging_mixin.py:188} INFO - [2026-05-16T03:26:28.319+0000] {dag.py:3823} INFO - Setting next_dagrun for example_subdag_operator.section-2 to None, run_after=None
[2026-05-16T03:26:28.343+0000] {processor.py:183} INFO - Processing /home/airflow/.local/lib/python3.8/site-packages/airflow/example_dags/example_subdag_operator.py took 0.198 seconds
[2026-05-16T03:26:58.818+0000] {processor.py:161} INFO - Started process (PID=5577) to work on /home/airflow/.local/lib/python3.8/site-packages/airflow/example_dags/example_subdag_operator.py
[2026-05-16T03:26:58.820+0000] {processor.py:830} INFO - Processing file /home/airflow/.local/lib/python3.8/site-packages/airflow/example_dags/example_subdag_operator.py for tasks to queue
[2026-05-16T03:26:58.823+0000] {logging_mixin.py:188} INFO - [2026-05-16T03:26:58.823+0000] {dagbag.py:538} INFO - Filling up the DagBag from /home/airflow/.local/lib/python3.8/site-packages/airflow/example_dags/example_subdag_operator.py
[2026-05-16T03:26:58.868+0000] {processor.py:840} INFO - DAG(s) 'example_subdag_operator.section-1', 'example_subdag_operator.section-2', 'example_subdag_operator' retrieved from /home/airflow/.local/lib/python3.8/site-packages/airflow/example_dags/example_subdag_operator.py
[2026-05-16T03:26:58.901+0000] {logging_mixin.py:188} INFO - [2026-05-16T03:26:58.901+0000] {dag.py:3036} INFO - Sync 3 DAGs
[2026-05-16T03:26:58.944+0000] {logging_mixin.py:188} INFO - [2026-05-16T03:26:58.944+0000] {dag.py:3823} INFO - Setting next_dagrun for example_subdag_operator to 2022-01-01 00:00:00+00:00, run_after=2022-01-01 00:00:00+00:00
[2026-05-16T03:26:58.950+0000] {logging_mixin.py:188} INFO - [2026-05-16T03:26:58.950+0000] {dag.py:3823} INFO - Setting next_dagrun for example_subdag_operator.section-1 to None, run_after=None
[2026-05-16T03:26:58.952+0000] {logging_mixin.py:188} INFO - [2026-05-16T03:26:58.952+0000] {dag.py:3823} INFO - Setting next_dagrun for example_subdag_operator.section-2 to None, run_after=None
[2026-05-16T03:26:58.964+0000] {logging_mixin.py:188} INFO - [2026-05-16T03:26:58.964+0000] {dag.py:3036} INFO - Sync 2 DAGs
[2026-05-16T03:26:58.976+0000] {logging_mixin.py:188} INFO - [2026-05-16T03:26:58.976+0000] {dag.py:3823} INFO - Setting next_dagrun for example_subdag_operator.section-1 to None, run_after=None
[2026-05-16T03:26:58.977+0000] {logging_mixin.py:188} INFO - [2026-05-16T03:26:58.977+0000] {dag.py:3823} INFO - Setting next_dagrun for example_subdag_operator.section-2 to None, run_after=None
[2026-05-16T03:26:58.999+0000] {processor.py:183} INFO - Processing /home/airflow/.local/lib/python3.8/site-packages/airflow/example_dags/example_subdag_operator.py took 0.187 seconds
[2026-05-16T03:27:29.418+0000] {processor.py:161} INFO - Started process (PID=5642) to work on /home/airflow/.local/lib/python3.8/site-packages/airflow/example_dags/example_subdag_operator.py
[2026-05-16T03:27:29.421+0000] {processor.py:830} INFO - Processing file /home/airflow/.local/lib/python3.8/site-packages/airflow/example_dags/example_subdag_operator.py for tasks to queue
[2026-05-16T03:27:29.423+0000] {logging_mixin.py:188} INFO - [2026-05-16T03:27:29.423+0000] {dagbag.py:538} INFO - Filling up the DagBag from /home/airflow/.local/lib/python3.8/site-packages/airflow/example_dags/example_subdag_operator.py
[2026-05-16T03:27:29.478+0000] {processor.py:840} INFO - DAG(s) 'example_subdag_operator.section-1', 'example_subdag_operator.section-2', 'example_subdag_operator' retrieved from /home/airflow/.local/lib/python3.8/site-packages/airflow/example_dags/example_subdag_operator.py
[2026-05-16T03:27:29.505+0000] {logging_mixin.py:188} INFO - [2026-05-16T03:27:29.505+0000] {dag.py:3036} INFO - Sync 3 DAGs
[2026-05-16T03:27:29.546+0000] {logging_mixin.py:188} INFO - [2026-05-16T03:27:29.546+0000] {dag.py:3823} INFO - Setting next_dagrun for example_subdag_operator to 2022-01-01 00:00:00+00:00, run_after=2022-01-01 00:00:00+00:00
[2026-05-16T03:27:29.553+0000] {logging_mixin.py:188} INFO - [2026-05-16T03:27:29.552+0000] {dag.py:3823} INFO - Setting next_dagrun for example_subdag_operator.section-1 to None, run_after=None
[2026-05-16T03:27:29.555+0000] {logging_mixin.py:188} INFO - [2026-05-16T03:27:29.555+0000] {dag.py:3823} INFO - Setting next_dagrun for example_subdag_operator.section-2 to None, run_after=None
[2026-05-16T03:27:29.567+0000] {logging_mixin.py:188} INFO - [2026-05-16T03:27:29.567+0000] {dag.py:3036} INFO - Sync 2 DAGs
[2026-05-16T03:27:29.579+0000] {logging_mixin.py:188} INFO - [2026-05-16T03:27:29.578+0000] {dag.py:3823} INFO - Setting next_dagrun for example_subdag_operator.section-1 to None, run_after=None
[2026-05-16T03:27:29.580+0000] {logging_mixin.py:188} INFO - [2026-05-16T03:27:29.580+0000] {dag.py:3823} INFO - Setting next_dagrun for example_subdag_operator.section-2 to None, run_after=None
[2026-05-16T03:27:29.601+0000] {processor.py:183} INFO - Processing /home/airflow/.local/lib/python3.8/site-packages/airflow/example_dags/example_subdag_operator.py took 0.188 seconds
[2026-05-16T03:28:00.234+0000] {processor.py:161} INFO - Started process (PID=5707) to work on /home/airflow/.local/lib/python3.8/site-packages/airflow/example_dags/example_subdag_operator.py
[2026-05-16T03:28:00.236+0000] {processor.py:830} INFO - Processing file /home/airflow/.local/lib/python3.8/site-packages/airflow/example_dags/example_subdag_operator.py for tasks to queue
[2026-05-16T03:28:00.240+0000] {logging_mixin.py:188} INFO - [2026-05-16T03:28:00.239+0000] {dagbag.py:538} INFO - Filling up the DagBag from /home/airflow/.local/lib/python3.8/site-packages/airflow/example_dags/example_subdag_operator.py
[2026-05-16T03:28:00.288+0000] {processor.py:840} INFO - DAG(s) 'example_subdag_operator.section-1', 'example_subdag_operator.section-2', 'example_subdag_operator' retrieved from /home/airflow/.local/lib/python3.8/site-packages/airflow/example_dags/example_subdag_operator.py
[2026-05-16T03:28:00.316+0000] {logging_mixin.py:188} INFO - [2026-05-16T03:28:00.315+0000] {dag.py:3036} INFO - Sync 3 DAGs
[2026-05-16T03:28:00.357+0000] {logging_mixin.py:188} INFO - [2026-05-16T03:28:00.357+0000] {dag.py:3823} INFO - Setting next_dagrun for example_subdag_operator to 2022-01-01 00:00:00+00:00, run_after=2022-01-01 00:00:00+00:00
[2026-05-16T03:28:00.363+0000] {logging_mixin.py:188} INFO - [2026-05-16T03:28:00.363+0000] {dag.py:3823} INFO - Setting next_dagrun for example_subdag_operator.section-1 to None, run_after=None
[2026-05-16T03:28:00.366+0000] {logging_mixin.py:188} INFO - [2026-05-16T03:28:00.365+0000] {dag.py:3823} INFO - Setting next_dagrun for example_subdag_operator.section-2 to None, run_after=None
[2026-05-16T03:28:00.377+0000] {logging_mixin.py:188} INFO - [2026-05-16T03:28:00.377+0000] {dag.py:3036} INFO - Sync 2 DAGs
[2026-05-16T03:28:00.387+0000] {logging_mixin.py:188} INFO - [2026-05-16T03:28:00.386+0000] {dag.py:3823} INFO - Setting next_dagrun for example_subdag_operator.section-1 to None, run_after=None
[2026-05-16T03:28:00.387+0000] {logging_mixin.py:188} INFO - [2026-05-16T03:28:00.387+0000] {dag.py:3823} INFO - Setting next_dagrun for example_subdag_operator.section-2 to None, run_after=None
[2026-05-16T03:28:00.407+0000] {processor.py:183} INFO - Processing /home/airflow/.local/lib/python3.8/site-packages/airflow/example_dags/example_subdag_operator.py took 0.178 seconds
[2026-05-16T03:28:30.879+0000] {processor.py:161} INFO - Started process (PID=5777) to work on /home/airflow/.local/lib/python3.8/site-packages/airflow/example_dags/example_subdag_operator.py
[2026-05-16T03:28:30.881+0000] {processor.py:830} INFO - Processing file /home/airflow/.local/lib/python3.8/site-packages/airflow/example_dags/example_subdag_operator.py for tasks to queue
[2026-05-16T03:28:30.884+0000] {logging_mixin.py:188} INFO - [2026-05-16T03:28:30.883+0000] {dagbag.py:538} INFO - Filling up the DagBag from /home/airflow/.local/lib/python3.8/site-packages/airflow/example_dags/example_subdag_operator.py
[2026-05-16T03:28:30.929+0000] {processor.py:840} INFO - DAG(s) 'example_subdag_operator.section-1', 'example_subdag_operator.section-2', 'example_subdag_operator' retrieved from /home/airflow/.local/lib/python3.8/site-packages/airflow/example_dags/example_subdag_operator.py
[2026-05-16T03:28:30.963+0000] {logging_mixin.py:188} INFO - [2026-05-16T03:28:30.962+0000] {dag.py:3036} INFO - Sync 3 DAGs
[2026-05-16T03:28:31.008+0000] {logging_mixin.py:188} INFO - [2026-05-16T03:28:31.008+0000] {dag.py:3823} INFO - Setting next_dagrun for example_subdag_operator to 2022-01-01 00:00:00+00:00, run_after=2022-01-01 00:00:00+00:00
[2026-05-16T03:28:31.015+0000] {logging_mixin.py:188} INFO - [2026-05-16T03:28:31.015+0000] {dag.py:3823} INFO - Setting next_dagrun for example_subdag_operator.section-1 to None, run_after=None
[2026-05-16T03:28:31.018+0000] {logging_mixin.py:188} INFO - [2026-05-16T03:28:31.018+0000] {dag.py:3823} INFO - Setting next_dagrun for example_subdag_operator.section-2 to None, run_after=None
[2026-05-16T03:28:31.032+0000] {logging_mixin.py:188} INFO - [2026-05-16T03:28:31.031+0000] {dag.py:3036} INFO - Sync 2 DAGs
[2026-05-16T03:28:31.041+0000] {logging_mixin.py:188} INFO - [2026-05-16T03:28:31.040+0000] {dag.py:3823} INFO - Setting next_dagrun for example_subdag_operator.section-1 to None, run_after=None
[2026-05-16T03:28:31.041+0000] {logging_mixin.py:188} INFO - [2026-05-16T03:28:31.041+0000] {dag.py:3823} INFO - Setting next_dagrun for example_subdag_operator.section-2 to None, run_after=None
[2026-05-16T03:28:31.061+0000] {processor.py:183} INFO - Processing /home/airflow/.local/lib/python3.8/site-packages/airflow/example_dags/example_subdag_operator.py took 0.187 seconds
[2026-05-16T03:29:01.189+0000] {processor.py:161} INFO - Started process (PID=5842) to work on /home/airflow/.local/lib/python3.8/site-packages/airflow/example_dags/example_subdag_operator.py
[2026-05-16T03:29:01.192+0000] {processor.py:830} INFO - Processing file /home/airflow/.local/lib/python3.8/site-packages/airflow/example_dags/example_subdag_operator.py for tasks to queue
[2026-05-16T03:29:01.194+0000] {logging_mixin.py:188} INFO - [2026-05-16T03:29:01.193+0000] {dagbag.py:538} INFO - Filling up the DagBag from /home/airflow/.local/lib/python3.8/site-packages/airflow/example_dags/example_subdag_operator.py
[2026-05-16T03:29:01.238+0000] {processor.py:840} INFO - DAG(s) 'example_subdag_operator.section-1', 'example_subdag_operator.section-2', 'example_subdag_operator' retrieved from /home/airflow/.local/lib/python3.8/site-packages/airflow/example_dags/example_subdag_operator.py
[2026-05-16T03:29:01.265+0000] {logging_mixin.py:188} INFO - [2026-05-16T03:29:01.265+0000] {dag.py:3036} INFO - Sync 3 DAGs
[2026-05-16T03:29:01.301+0000] {logging_mixin.py:188} INFO - [2026-05-16T03:29:01.301+0000] {dag.py:3823} INFO - Setting next_dagrun for example_subdag_operator to 2022-01-01 00:00:00+00:00, run_after=2022-01-01 00:00:00+00:00
[2026-05-16T03:29:01.307+0000] {logging_mixin.py:188} INFO - [2026-05-16T03:29:01.307+0000] {dag.py:3823} INFO - Setting next_dagrun for example_subdag_operator.section-1 to None, run_after=None
[2026-05-16T03:29:01.309+0000] {logging_mixin.py:188} INFO - [2026-05-16T03:29:01.309+0000] {dag.py:3823} INFO - Setting next_dagrun for example_subdag_operator.section-2 to None, run_after=None
[2026-05-16T03:29:01.320+0000] {logging_mixin.py:188} INFO - [2026-05-16T03:29:01.319+0000] {dag.py:3036} INFO - Sync 2 DAGs
[2026-05-16T03:29:01.329+0000] {logging_mixin.py:188} INFO - [2026-05-16T03:29:01.328+0000] {dag.py:3823} INFO - Setting next_dagrun for example_subdag_operator.section-1 to None, run_after=None
[2026-05-16T03:29:01.329+0000] {logging_mixin.py:188} INFO - [2026-05-16T03:29:01.329+0000] {dag.py:3823} INFO - Setting next_dagrun for example_subdag_operator.section-2 to None, run_after=None
[2026-05-16T03:29:01.347+0000] {processor.py:183} INFO - Processing /home/airflow/.local/lib/python3.8/site-packages/airflow/example_dags/example_subdag_operator.py took 0.162 seconds
[2026-05-16T03:29:32.191+0000] {processor.py:161} INFO - Started process (PID=5907) to work on /home/airflow/.local/lib/python3.8/site-packages/airflow/example_dags/example_subdag_operator.py
[2026-05-16T03:29:32.193+0000] {processor.py:830} INFO - Processing file /home/airflow/.local/lib/python3.8/site-packages/airflow/example_dags/example_subdag_operator.py for tasks to queue
[2026-05-16T03:29:32.196+0000] {logging_mixin.py:188} INFO - [2026-05-16T03:29:32.196+0000] {dagbag.py:538} INFO - Filling up the DagBag from /home/airflow/.local/lib/python3.8/site-packages/airflow/example_dags/example_subdag_operator.py
[2026-05-16T03:29:32.246+0000] {processor.py:840} INFO - DAG(s) 'example_subdag_operator.section-1', 'example_subdag_operator.section-2', 'example_subdag_operator' retrieved from /home/airflow/.local/lib/python3.8/site-packages/airflow/example_dags/example_subdag_operator.py
[2026-05-16T03:29:32.281+0000] {logging_mixin.py:188} INFO - [2026-05-16T03:29:32.281+0000] {dag.py:3036} INFO - Sync 3 DAGs
[2026-05-16T03:29:32.327+0000] {logging_mixin.py:188} INFO - [2026-05-16T03:29:32.326+0000] {dag.py:3823} INFO - Setting next_dagrun for example_subdag_operator to 2022-01-01 00:00:00+00:00, run_after=2022-01-01 00:00:00+00:00
[2026-05-16T03:29:32.334+0000] {logging_mixin.py:188} INFO - [2026-05-16T03:29:32.334+0000] {dag.py:3823} INFO - Setting next_dagrun for example_subdag_operator.section-1 to None, run_after=None
[2026-05-16T03:29:32.337+0000] {logging_mixin.py:188} INFO - [2026-05-16T03:29:32.337+0000] {dag.py:3823} INFO - Setting next_dagrun for example_subdag_operator.section-2 to None, run_after=None
[2026-05-16T03:29:32.359+0000] {logging_mixin.py:188} INFO - [2026-05-16T03:29:32.359+0000] {dag.py:3036} INFO - Sync 2 DAGs
[2026-05-16T03:29:32.372+0000] {logging_mixin.py:188} INFO - [2026-05-16T03:29:32.372+0000] {dag.py:3823} INFO - Setting next_dagrun for example_subdag_operator.section-1 to None, run_after=None
[2026-05-16T03:29:32.373+0000] {logging_mixin.py:188} INFO - [2026-05-16T03:29:32.373+0000] {dag.py:3823} INFO - Setting next_dagrun for example_subdag_operator.section-2 to None, run_after=None
[2026-05-16T03:29:32.418+0000] {processor.py:183} INFO - Processing /home/airflow/.local/lib/python3.8/site-packages/airflow/example_dags/example_subdag_operator.py took 0.234 seconds
[2026-05-16T03:30:02.584+0000] {processor.py:161} INFO - Started process (PID=5970) to work on /home/airflow/.local/lib/python3.8/site-packages/airflow/example_dags/example_subdag_operator.py
[2026-05-16T03:30:02.586+0000] {processor.py:830} INFO - Processing file /home/airflow/.local/lib/python3.8/site-packages/airflow/example_dags/example_subdag_operator.py for tasks to queue
[2026-05-16T03:30:02.590+0000] {logging_mixin.py:188} INFO - [2026-05-16T03:30:02.590+0000] {dagbag.py:538} INFO - Filling up the DagBag from /home/airflow/.local/lib/python3.8/site-packages/airflow/example_dags/example_subdag_operator.py
[2026-05-16T03:30:02.643+0000] {processor.py:840} INFO - DAG(s) 'example_subdag_operator.section-1', 'example_subdag_operator.section-2', 'example_subdag_operator' retrieved from /home/airflow/.local/lib/python3.8/site-packages/airflow/example_dags/example_subdag_operator.py
[2026-05-16T03:30:02.684+0000] {logging_mixin.py:188} INFO - [2026-05-16T03:30:02.683+0000] {dag.py:3036} INFO - Sync 3 DAGs
[2026-05-16T03:30:02.751+0000] {logging_mixin.py:188} INFO - [2026-05-16T03:30:02.751+0000] {dag.py:3823} INFO - Setting next_dagrun for example_subdag_operator to 2022-01-01 00:00:00+00:00, run_after=2022-01-01 00:00:00+00:00
[2026-05-16T03:30:02.758+0000] {logging_mixin.py:188} INFO - [2026-05-16T03:30:02.758+0000] {dag.py:3823} INFO - Setting next_dagrun for example_subdag_operator.section-1 to None, run_after=None
[2026-05-16T03:30:02.761+0000] {logging_mixin.py:188} INFO - [2026-05-16T03:30:02.761+0000] {dag.py:3823} INFO - Setting next_dagrun for example_subdag_operator.section-2 to None, run_after=None
[2026-05-16T03:30:02.777+0000] {logging_mixin.py:188} INFO - [2026-05-16T03:30:02.776+0000] {dag.py:3036} INFO - Sync 2 DAGs
[2026-05-16T03:30:02.788+0000] {logging_mixin.py:188} INFO - [2026-05-16T03:30:02.788+0000] {dag.py:3823} INFO - Setting next_dagrun for example_subdag_operator.section-1 to None, run_after=None
[2026-05-16T03:30:02.789+0000] {logging_mixin.py:188} INFO - [2026-05-16T03:30:02.789+0000] {dag.py:3823} INFO - Setting next_dagrun for example_subdag_operator.section-2 to None, run_after=None
[2026-05-16T03:30:02.813+0000] {processor.py:183} INFO - Processing /home/airflow/.local/lib/python3.8/site-packages/airflow/example_dags/example_subdag_operator.py took 0.235 seconds
[2026-05-16T03:30:32.909+0000] {processor.py:161} INFO - Started process (PID=6035) to work on /home/airflow/.local/lib/python3.8/site-packages/airflow/example_dags/example_subdag_operator.py
[2026-05-16T03:30:32.912+0000] {processor.py:830} INFO - Processing file /home/airflow/.local/lib/python3.8/site-packages/airflow/example_dags/example_subdag_operator.py for tasks to queue
[2026-05-16T03:30:32.916+0000] {logging_mixin.py:188} INFO - [2026-05-16T03:30:32.915+0000] {dagbag.py:538} INFO - Filling up the DagBag from /home/airflow/.local/lib/python3.8/site-packages/airflow/example_dags/example_subdag_operator.py
[2026-05-16T03:30:32.967+0000] {processor.py:840} INFO - DAG(s) 'example_subdag_operator.section-1', 'example_subdag_operator.section-2', 'example_subdag_operator' retrieved from /home/airflow/.local/lib/python3.8/site-packages/airflow/example_dags/example_subdag_operator.py
[2026-05-16T03:30:33.001+0000] {logging_mixin.py:188} INFO - [2026-05-16T03:30:33.000+0000] {dag.py:3036} INFO - Sync 3 DAGs
[2026-05-16T03:30:33.048+0000] {logging_mixin.py:188} INFO - [2026-05-16T03:30:33.048+0000] {dag.py:3823} INFO - Setting next_dagrun for example_subdag_operator to 2022-01-01 00:00:00+00:00, run_after=2022-01-01 00:00:00+00:00
[2026-05-16T03:30:33.055+0000] {logging_mixin.py:188} INFO - [2026-05-16T03:30:33.055+0000] {dag.py:3823} INFO - Setting next_dagrun for example_subdag_operator.section-1 to None, run_after=None
[2026-05-16T03:30:33.058+0000] {logging_mixin.py:188} INFO - [2026-05-16T03:30:33.057+0000] {dag.py:3823} INFO - Setting next_dagrun for example_subdag_operator.section-2 to None, run_after=None
[2026-05-16T03:30:33.071+0000] {logging_mixin.py:188} INFO - [2026-05-16T03:30:33.071+0000] {dag.py:3036} INFO - Sync 2 DAGs
[2026-05-16T03:30:33.082+0000] {logging_mixin.py:188} INFO - [2026-05-16T03:30:33.081+0000] {dag.py:3823} INFO - Setting next_dagrun for example_subdag_operator.section-1 to None, run_after=None
[2026-05-16T03:30:33.083+0000] {logging_mixin.py:188} INFO - [2026-05-16T03:30:33.082+0000] {dag.py:3823} INFO - Setting next_dagrun for example_subdag_operator.section-2 to None, run_after=None
[2026-05-16T03:30:33.104+0000] {processor.py:183} INFO - Processing /home/airflow/.local/lib/python3.8/site-packages/airflow/example_dags/example_subdag_operator.py took 0.201 seconds
[2026-05-16T03:31:03.382+0000] {processor.py:161} INFO - Started process (PID=6100) to work on /home/airflow/.local/lib/python3.8/site-packages/airflow/example_dags/example_subdag_operator.py
[2026-05-16T03:31:03.384+0000] {processor.py:830} INFO - Processing file /home/airflow/.local/lib/python3.8/site-packages/airflow/example_dags/example_subdag_operator.py for tasks to queue
[2026-05-16T03:31:03.389+0000] {logging_mixin.py:188} INFO - [2026-05-16T03:31:03.388+0000] {dagbag.py:538} INFO - Filling up the DagBag from /home/airflow/.local/lib/python3.8/site-packages/airflow/example_dags/example_subdag_operator.py
[2026-05-16T03:31:03.468+0000] {processor.py:840} INFO - DAG(s) 'example_subdag_operator.section-1', 'example_subdag_operator.section-2', 'example_subdag_operator' retrieved from /home/airflow/.local/lib/python3.8/site-packages/airflow/example_dags/example_subdag_operator.py
[2026-05-16T03:31:03.519+0000] {logging_mixin.py:188} INFO - [2026-05-16T03:31:03.519+0000] {dag.py:3036} INFO - Sync 3 DAGs
[2026-05-16T03:31:03.566+0000] {logging_mixin.py:188} INFO - [2026-05-16T03:31:03.565+0000] {dag.py:3823} INFO - Setting next_dagrun for example_subdag_operator to 2022-01-01 00:00:00+00:00, run_after=2022-01-01 00:00:00+00:00
[2026-05-16T03:31:03.573+0000] {logging_mixin.py:188} INFO - [2026-05-16T03:31:03.572+0000] {dag.py:3823} INFO - Setting next_dagrun for example_subdag_operator.section-1 to None, run_after=None
[2026-05-16T03:31:03.576+0000] {logging_mixin.py:188} INFO - [2026-05-16T03:31:03.575+0000] {dag.py:3823} INFO - Setting next_dagrun for example_subdag_operator.section-2 to None, run_after=None
[2026-05-16T03:31:03.594+0000] {logging_mixin.py:188} INFO - [2026-05-16T03:31:03.593+0000] {dag.py:3036} INFO - Sync 2 DAGs
[2026-05-16T03:31:03.605+0000] {logging_mixin.py:188} INFO - [2026-05-16T03:31:03.604+0000] {dag.py:3823} INFO - Setting next_dagrun for example_subdag_operator.section-1 to None, run_after=None
[2026-05-16T03:31:03.605+0000] {logging_mixin.py:188} INFO - [2026-05-16T03:31:03.605+0000] {dag.py:3823} INFO - Setting next_dagrun for example_subdag_operator.section-2 to None, run_after=None
[2026-05-16T03:31:03.628+0000] {processor.py:183} INFO - Processing /home/airflow/.local/lib/python3.8/site-packages/airflow/example_dags/example_subdag_operator.py took 0.265 seconds
[2026-05-16T03:31:34.029+0000] {processor.py:161} INFO - Started process (PID=6165) to work on /home/airflow/.local/lib/python3.8/site-packages/airflow/example_dags/example_subdag_operator.py
[2026-05-16T03:31:34.031+0000] {processor.py:830} INFO - Processing file /home/airflow/.local/lib/python3.8/site-packages/airflow/example_dags/example_subdag_operator.py for tasks to queue
[2026-05-16T03:31:34.034+0000] {logging_mixin.py:188} INFO - [2026-05-16T03:31:34.034+0000] {dagbag.py:538} INFO - Filling up the DagBag from /home/airflow/.local/lib/python3.8/site-packages/airflow/example_dags/example_subdag_operator.py
[2026-05-16T03:31:34.079+0000] {processor.py:840} INFO - DAG(s) 'example_subdag_operator.section-1', 'example_subdag_operator.section-2', 'example_subdag_operator' retrieved from /home/airflow/.local/lib/python3.8/site-packages/airflow/example_dags/example_subdag_operator.py
[2026-05-16T03:31:34.110+0000] {logging_mixin.py:188} INFO - [2026-05-16T03:31:34.109+0000] {dag.py:3036} INFO - Sync 3 DAGs
[2026-05-16T03:31:34.149+0000] {logging_mixin.py:188} INFO - [2026-05-16T03:31:34.149+0000] {dag.py:3823} INFO - Setting next_dagrun for example_subdag_operator to 2022-01-01 00:00:00+00:00, run_after=2022-01-01 00:00:00+00:00
[2026-05-16T03:31:34.156+0000] {logging_mixin.py:188} INFO - [2026-05-16T03:31:34.155+0000] {dag.py:3823} INFO - Setting next_dagrun for example_subdag_operator.section-1 to None, run_after=None
[2026-05-16T03:31:34.160+0000] {logging_mixin.py:188} INFO - [2026-05-16T03:31:34.159+0000] {dag.py:3823} INFO - Setting next_dagrun for example_subdag_operator.section-2 to None, run_after=None
[2026-05-16T03:31:34.174+0000] {logging_mixin.py:188} INFO - [2026-05-16T03:31:34.174+0000] {dag.py:3036} INFO - Sync 2 DAGs
[2026-05-16T03:31:34.184+0000] {logging_mixin.py:188} INFO - [2026-05-16T03:31:34.184+0000] {dag.py:3823} INFO - Setting next_dagrun for example_subdag_operator.section-1 to None, run_after=None
[2026-05-16T03:31:34.185+0000] {logging_mixin.py:188} INFO - [2026-05-16T03:31:34.185+0000] {dag.py:3823} INFO - Setting next_dagrun for example_subdag_operator.section-2 to None, run_after=None
[2026-05-16T03:31:34.206+0000] {processor.py:183} INFO - Processing /home/airflow/.local/lib/python3.8/site-packages/airflow/example_dags/example_subdag_operator.py took 0.182 seconds
[2026-05-16T03:32:04.252+0000] {processor.py:161} INFO - Started process (PID=6230) to work on /home/airflow/.local/lib/python3.8/site-packages/airflow/example_dags/example_subdag_operator.py
[2026-05-16T03:32:04.254+0000] {processor.py:830} INFO - Processing file /home/airflow/.local/lib/python3.8/site-packages/airflow/example_dags/example_subdag_operator.py for tasks to queue
[2026-05-16T03:32:04.256+0000] {logging_mixin.py:188} INFO - [2026-05-16T03:32:04.256+0000] {dagbag.py:538} INFO - Filling up the DagBag from /home/airflow/.local/lib/python3.8/site-packages/airflow/example_dags/example_subdag_operator.py
[2026-05-16T03:32:04.297+0000] {processor.py:840} INFO - DAG(s) 'example_subdag_operator.section-1', 'example_subdag_operator.section-2', 'example_subdag_operator' retrieved from /home/airflow/.local/lib/python3.8/site-packages/airflow/example_dags/example_subdag_operator.py
[2026-05-16T03:32:04.324+0000] {logging_mixin.py:188} INFO - [2026-05-16T03:32:04.323+0000] {dag.py:3036} INFO - Sync 3 DAGs
[2026-05-16T03:32:04.363+0000] {logging_mixin.py:188} INFO - [2026-05-16T03:32:04.362+0000] {dag.py:3823} INFO - Setting next_dagrun for example_subdag_operator to 2022-01-01 00:00:00+00:00, run_after=2022-01-01 00:00:00+00:00
[2026-05-16T03:32:04.368+0000] {logging_mixin.py:188} INFO - [2026-05-16T03:32:04.368+0000] {dag.py:3823} INFO - Setting next_dagrun for example_subdag_operator.section-1 to None, run_after=None
[2026-05-16T03:32:04.371+0000] {logging_mixin.py:188} INFO - [2026-05-16T03:32:04.370+0000] {dag.py:3823} INFO - Setting next_dagrun for example_subdag_operator.section-2 to None, run_after=None
[2026-05-16T03:32:04.381+0000] {logging_mixin.py:188} INFO - [2026-05-16T03:32:04.381+0000] {dag.py:3036} INFO - Sync 2 DAGs
[2026-05-16T03:32:04.390+0000] {logging_mixin.py:188} INFO - [2026-05-16T03:32:04.389+0000] {dag.py:3823} INFO - Setting next_dagrun for example_subdag_operator.section-1 to None, run_after=None
[2026-05-16T03:32:04.390+0000] {logging_mixin.py:188} INFO - [2026-05-16T03:32:04.390+0000] {dag.py:3823} INFO - Setting next_dagrun for example_subdag_operator.section-2 to None, run_after=None
[2026-05-16T03:32:04.411+0000] {processor.py:183} INFO - Processing /home/airflow/.local/lib/python3.8/site-packages/airflow/example_dags/example_subdag_operator.py took 0.164 seconds
[2026-05-16T03:32:34.671+0000] {processor.py:161} INFO - Started process (PID=6296) to work on /home/airflow/.local/lib/python3.8/site-packages/airflow/example_dags/example_subdag_operator.py
[2026-05-16T03:32:34.673+0000] {processor.py:830} INFO - Processing file /home/airflow/.local/lib/python3.8/site-packages/airflow/example_dags/example_subdag_operator.py for tasks to queue
[2026-05-16T03:32:34.676+0000] {logging_mixin.py:188} INFO - [2026-05-16T03:32:34.676+0000] {dagbag.py:538} INFO - Filling up the DagBag from /home/airflow/.local/lib/python3.8/site-packages/airflow/example_dags/example_subdag_operator.py
[2026-05-16T03:32:34.727+0000] {processor.py:840} INFO - DAG(s) 'example_subdag_operator.section-1', 'example_subdag_operator.section-2', 'example_subdag_operator' retrieved from /home/airflow/.local/lib/python3.8/site-packages/airflow/example_dags/example_subdag_operator.py
[2026-05-16T03:32:34.761+0000] {logging_mixin.py:188} INFO - [2026-05-16T03:32:34.760+0000] {dag.py:3036} INFO - Sync 3 DAGs
[2026-05-16T03:32:34.806+0000] {logging_mixin.py:188} INFO - [2026-05-16T03:32:34.805+0000] {dag.py:3823} INFO - Setting next_dagrun for example_subdag_operator to 2022-01-01 00:00:00+00:00, run_after=2022-01-01 00:00:00+00:00
[2026-05-16T03:32:34.814+0000] {logging_mixin.py:188} INFO - [2026-05-16T03:32:34.813+0000] {dag.py:3823} INFO - Setting next_dagrun for example_subdag_operator.section-1 to None, run_after=None
[2026-05-16T03:32:34.816+0000] {logging_mixin.py:188} INFO - [2026-05-16T03:32:34.816+0000] {dag.py:3823} INFO - Setting next_dagrun for example_subdag_operator.section-2 to None, run_after=None
[2026-05-16T03:32:34.829+0000] {logging_mixin.py:188} INFO - [2026-05-16T03:32:34.829+0000] {dag.py:3036} INFO - Sync 2 DAGs
[2026-05-16T03:32:34.840+0000] {logging_mixin.py:188} INFO - [2026-05-16T03:32:34.839+0000] {dag.py:3823} INFO - Setting next_dagrun for example_subdag_operator.section-1 to None, run_after=None
[2026-05-16T03:32:34.841+0000] {logging_mixin.py:188} INFO - [2026-05-16T03:32:34.840+0000] {dag.py:3823} INFO - Setting next_dagrun for example_subdag_operator.section-2 to None, run_after=None
[2026-05-16T03:32:34.860+0000] {processor.py:183} INFO - Processing /home/airflow/.local/lib/python3.8/site-packages/airflow/example_dags/example_subdag_operator.py took 0.196 seconds
[2026-05-16T03:33:05.222+0000] {processor.py:161} INFO - Started process (PID=6361) to work on /home/airflow/.local/lib/python3.8/site-packages/airflow/example_dags/example_subdag_operator.py
[2026-05-16T03:33:05.225+0000] {processor.py:830} INFO - Processing file /home/airflow/.local/lib/python3.8/site-packages/airflow/example_dags/example_subdag_operator.py for tasks to queue
[2026-05-16T03:33:05.228+0000] {logging_mixin.py:188} INFO - [2026-05-16T03:33:05.227+0000] {dagbag.py:538} INFO - Filling up the DagBag from /home/airflow/.local/lib/python3.8/site-packages/airflow/example_dags/example_subdag_operator.py
[2026-05-16T03:33:05.277+0000] {processor.py:840} INFO - DAG(s) 'example_subdag_operator.section-1', 'example_subdag_operator.section-2', 'example_subdag_operator' retrieved from /home/airflow/.local/lib/python3.8/site-packages/airflow/example_dags/example_subdag_operator.py
[2026-05-16T03:33:05.311+0000] {logging_mixin.py:188} INFO - [2026-05-16T03:33:05.311+0000] {dag.py:3036} INFO - Sync 3 DAGs
[2026-05-16T03:33:05.357+0000] {logging_mixin.py:188} INFO - [2026-05-16T03:33:05.357+0000] {dag.py:3823} INFO - Setting next_dagrun for example_subdag_operator to 2022-01-01 00:00:00+00:00, run_after=2022-01-01 00:00:00+00:00
[2026-05-16T03:33:05.365+0000] {logging_mixin.py:188} INFO - [2026-05-16T03:33:05.364+0000] {dag.py:3823} INFO - Setting next_dagrun for example_subdag_operator.section-1 to None, run_after=None
[2026-05-16T03:33:05.367+0000] {logging_mixin.py:188} INFO - [2026-05-16T03:33:05.367+0000] {dag.py:3823} INFO - Setting next_dagrun for example_subdag_operator.section-2 to None, run_after=None
[2026-05-16T03:33:05.382+0000] {logging_mixin.py:188} INFO - [2026-05-16T03:33:05.382+0000] {dag.py:3036} INFO - Sync 2 DAGs
[2026-05-16T03:33:05.392+0000] {logging_mixin.py:188} INFO - [2026-05-16T03:33:05.392+0000] {dag.py:3823} INFO - Setting next_dagrun for example_subdag_operator.section-1 to None, run_after=None
[2026-05-16T03:33:05.393+0000] {logging_mixin.py:188} INFO - [2026-05-16T03:33:05.393+0000] {dag.py:3823} INFO - Setting next_dagrun for example_subdag_operator.section-2 to None, run_after=None
[2026-05-16T03:33:05.414+0000] {processor.py:183} INFO - Processing /home/airflow/.local/lib/python3.8/site-packages/airflow/example_dags/example_subdag_operator.py took 0.198 seconds
[2026-05-16T03:33:35.757+0000] {processor.py:161} INFO - Started process (PID=6426) to work on /home/airflow/.local/lib/python3.8/site-packages/airflow/example_dags/example_subdag_operator.py
[2026-05-16T03:33:35.760+0000] {processor.py:830} INFO - Processing file /home/airflow/.local/lib/python3.8/site-packages/airflow/example_dags/example_subdag_operator.py for tasks to queue
[2026-05-16T03:33:35.763+0000] {logging_mixin.py:188} INFO - [2026-05-16T03:33:35.762+0000] {dagbag.py:538} INFO - Filling up the DagBag from /home/airflow/.local/lib/python3.8/site-packages/airflow/example_dags/example_subdag_operator.py
[2026-05-16T03:33:35.809+0000] {processor.py:840} INFO - DAG(s) 'example_subdag_operator.section-1', 'example_subdag_operator.section-2', 'example_subdag_operator' retrieved from /home/airflow/.local/lib/python3.8/site-packages/airflow/example_dags/example_subdag_operator.py
[2026-05-16T03:33:35.838+0000] {logging_mixin.py:188} INFO - [2026-05-16T03:33:35.837+0000] {dag.py:3036} INFO - Sync 3 DAGs
[2026-05-16T03:33:35.876+0000] {logging_mixin.py:188} INFO - [2026-05-16T03:33:35.876+0000] {dag.py:3823} INFO - Setting next_dagrun for example_subdag_operator to 2022-01-01 00:00:00+00:00, run_after=2022-01-01 00:00:00+00:00
[2026-05-16T03:33:35.882+0000] {logging_mixin.py:188} INFO - [2026-05-16T03:33:35.882+0000] {dag.py:3823} INFO - Setting next_dagrun for example_subdag_operator.section-1 to None, run_after=None
[2026-05-16T03:33:35.885+0000] {logging_mixin.py:188} INFO - [2026-05-16T03:33:35.884+0000] {dag.py:3823} INFO - Setting next_dagrun for example_subdag_operator.section-2 to None, run_after=None
[2026-05-16T03:33:35.897+0000] {logging_mixin.py:188} INFO - [2026-05-16T03:33:35.896+0000] {dag.py:3036} INFO - Sync 2 DAGs
[2026-05-16T03:33:35.907+0000] {logging_mixin.py:188} INFO - [2026-05-16T03:33:35.907+0000] {dag.py:3823} INFO - Setting next_dagrun for example_subdag_operator.section-1 to None, run_after=None
[2026-05-16T03:33:35.908+0000] {logging_mixin.py:188} INFO - [2026-05-16T03:33:35.908+0000] {dag.py:3823} INFO - Setting next_dagrun for example_subdag_operator.section-2 to None, run_after=None
[2026-05-16T03:33:35.926+0000] {processor.py:183} INFO - Processing /home/airflow/.local/lib/python3.8/site-packages/airflow/example_dags/example_subdag_operator.py took 0.174 seconds
[2026-05-16T03:34:06.094+0000] {processor.py:161} INFO - Started process (PID=6491) to work on /home/airflow/.local/lib/python3.8/site-packages/airflow/example_dags/example_subdag_operator.py
[2026-05-16T03:34:06.097+0000] {processor.py:830} INFO - Processing file /home/airflow/.local/lib/python3.8/site-packages/airflow/example_dags/example_subdag_operator.py for tasks to queue
[2026-05-16T03:34:06.100+0000] {logging_mixin.py:188} INFO - [2026-05-16T03:34:06.099+0000] {dagbag.py:538} INFO - Filling up the DagBag from /home/airflow/.local/lib/python3.8/site-packages/airflow/example_dags/example_subdag_operator.py
[2026-05-16T03:34:06.141+0000] {processor.py:840} INFO - DAG(s) 'example_subdag_operator.section-1', 'example_subdag_operator.section-2', 'example_subdag_operator' retrieved from /home/airflow/.local/lib/python3.8/site-packages/airflow/example_dags/example_subdag_operator.py
[2026-05-16T03:34:06.167+0000] {logging_mixin.py:188} INFO - [2026-05-16T03:34:06.166+0000] {dag.py:3036} INFO - Sync 3 DAGs
[2026-05-16T03:34:06.202+0000] {logging_mixin.py:188} INFO - [2026-05-16T03:34:06.202+0000] {dag.py:3823} INFO - Setting next_dagrun for example_subdag_operator to 2022-01-01 00:00:00+00:00, run_after=2022-01-01 00:00:00+00:00
[2026-05-16T03:34:06.208+0000] {logging_mixin.py:188} INFO - [2026-05-16T03:34:06.208+0000] {dag.py:3823} INFO - Setting next_dagrun for example_subdag_operator.section-1 to None, run_after=None
[2026-05-16T03:34:06.211+0000] {logging_mixin.py:188} INFO - [2026-05-16T03:34:06.211+0000] {dag.py:3823} INFO - Setting next_dagrun for example_subdag_operator.section-2 to None, run_after=None
[2026-05-16T03:34:06.222+0000] {logging_mixin.py:188} INFO - [2026-05-16T03:34:06.221+0000] {dag.py:3036} INFO - Sync 2 DAGs
[2026-05-16T03:34:06.230+0000] {logging_mixin.py:188} INFO - [2026-05-16T03:34:06.230+0000] {dag.py:3823} INFO - Setting next_dagrun for example_subdag_operator.section-1 to None, run_after=None
[2026-05-16T03:34:06.231+0000] {logging_mixin.py:188} INFO - [2026-05-16T03:34:06.231+0000] {dag.py:3823} INFO - Setting next_dagrun for example_subdag_operator.section-2 to None, run_after=None
[2026-05-16T03:34:06.247+0000] {processor.py:183} INFO - Processing /home/airflow/.local/lib/python3.8/site-packages/airflow/example_dags/example_subdag_operator.py took 0.159 seconds
[2026-05-16T03:34:36.355+0000] {processor.py:161} INFO - Started process (PID=6557) to work on /home/airflow/.local/lib/python3.8/site-packages/airflow/example_dags/example_subdag_operator.py
[2026-05-16T03:34:36.356+0000] {processor.py:830} INFO - Processing file /home/airflow/.local/lib/python3.8/site-packages/airflow/example_dags/example_subdag_operator.py for tasks to queue
[2026-05-16T03:34:36.359+0000] {logging_mixin.py:188} INFO - [2026-05-16T03:34:36.358+0000] {dagbag.py:538} INFO - Filling up the DagBag from /home/airflow/.local/lib/python3.8/site-packages/airflow/example_dags/example_subdag_operator.py
[2026-05-16T03:34:36.404+0000] {processor.py:840} INFO - DAG(s) 'example_subdag_operator.section-1', 'example_subdag_operator.section-2', 'example_subdag_operator' retrieved from /home/airflow/.local/lib/python3.8/site-packages/airflow/example_dags/example_subdag_operator.py
[2026-05-16T03:34:36.431+0000] {logging_mixin.py:188} INFO - [2026-05-16T03:34:36.430+0000] {dag.py:3036} INFO - Sync 3 DAGs
[2026-05-16T03:34:36.470+0000] {logging_mixin.py:188} INFO - [2026-05-16T03:34:36.470+0000] {dag.py:3823} INFO - Setting next_dagrun for example_subdag_operator to 2022-01-01 00:00:00+00:00, run_after=2022-01-01 00:00:00+00:00
[2026-05-16T03:34:36.477+0000] {logging_mixin.py:188} INFO - [2026-05-16T03:34:36.477+0000] {dag.py:3823} INFO - Setting next_dagrun for example_subdag_operator.section-1 to None, run_after=None
[2026-05-16T03:34:36.481+0000] {logging_mixin.py:188} INFO - [2026-05-16T03:34:36.481+0000] {dag.py:3823} INFO - Setting next_dagrun for example_subdag_operator.section-2 to None, run_after=None
[2026-05-16T03:34:36.495+0000] {logging_mixin.py:188} INFO - [2026-05-16T03:34:36.494+0000] {dag.py:3036} INFO - Sync 2 DAGs
[2026-05-16T03:34:36.506+0000] {logging_mixin.py:188} INFO - [2026-05-16T03:34:36.506+0000] {dag.py:3823} INFO - Setting next_dagrun for example_subdag_operator.section-1 to None, run_after=None
[2026-05-16T03:34:36.507+0000] {logging_mixin.py:188} INFO - [2026-05-16T03:34:36.507+0000] {dag.py:3823} INFO - Setting next_dagrun for example_subdag_operator.section-2 to None, run_after=None
[2026-05-16T03:34:36.527+0000] {processor.py:183} INFO - Processing /home/airflow/.local/lib/python3.8/site-packages/airflow/example_dags/example_subdag_operator.py took 0.177 seconds
[2026-05-16T03:35:06.780+0000] {processor.py:161} INFO - Started process (PID=6623) to work on /home/airflow/.local/lib/python3.8/site-packages/airflow/example_dags/example_subdag_operator.py
[2026-05-16T03:35:06.782+0000] {processor.py:830} INFO - Processing file /home/airflow/.local/lib/python3.8/site-packages/airflow/example_dags/example_subdag_operator.py for tasks to queue
[2026-05-16T03:35:06.785+0000] {logging_mixin.py:188} INFO - [2026-05-16T03:35:06.784+0000] {dagbag.py:538} INFO - Filling up the DagBag from /home/airflow/.local/lib/python3.8/site-packages/airflow/example_dags/example_subdag_operator.py
[2026-05-16T03:35:06.836+0000] {processor.py:840} INFO - DAG(s) 'example_subdag_operator.section-1', 'example_subdag_operator.section-2', 'example_subdag_operator' retrieved from /home/airflow/.local/lib/python3.8/site-packages/airflow/example_dags/example_subdag_operator.py
[2026-05-16T03:35:06.872+0000] {logging_mixin.py:188} INFO - [2026-05-16T03:35:06.871+0000] {dag.py:3036} INFO - Sync 3 DAGs
[2026-05-16T03:35:06.920+0000] {logging_mixin.py:188} INFO - [2026-05-16T03:35:06.919+0000] {dag.py:3823} INFO - Setting next_dagrun for example_subdag_operator to 2022-01-01 00:00:00+00:00, run_after=2022-01-01 00:00:00+00:00
[2026-05-16T03:35:06.928+0000] {logging_mixin.py:188} INFO - [2026-05-16T03:35:06.927+0000] {dag.py:3823} INFO - Setting next_dagrun for example_subdag_operator.section-1 to None, run_after=None
[2026-05-16T03:35:06.930+0000] {logging_mixin.py:188} INFO - [2026-05-16T03:35:06.930+0000] {dag.py:3823} INFO - Setting next_dagrun for example_subdag_operator.section-2 to None, run_after=None
[2026-05-16T03:35:06.945+0000] {logging_mixin.py:188} INFO - [2026-05-16T03:35:06.944+0000] {dag.py:3036} INFO - Sync 2 DAGs
[2026-05-16T03:35:06.956+0000] {logging_mixin.py:188} INFO - [2026-05-16T03:35:06.955+0000] {dag.py:3823} INFO - Setting next_dagrun for example_subdag_operator.section-1 to None, run_after=None
[2026-05-16T03:35:06.956+0000] {logging_mixin.py:188} INFO - [2026-05-16T03:35:06.956+0000] {dag.py:3823} INFO - Setting next_dagrun for example_subdag_operator.section-2 to None, run_after=None
[2026-05-16T03:35:06.978+0000] {processor.py:183} INFO - Processing /home/airflow/.local/lib/python3.8/site-packages/airflow/example_dags/example_subdag_operator.py took 0.204 seconds
[2026-05-16T03:35:37.123+0000] {processor.py:161} INFO - Started process (PID=6687) to work on /home/airflow/.local/lib/python3.8/site-packages/airflow/example_dags/example_subdag_operator.py
[2026-05-16T03:35:37.124+0000] {processor.py:830} INFO - Processing file /home/airflow/.local/lib/python3.8/site-packages/airflow/example_dags/example_subdag_operator.py for tasks to queue
[2026-05-16T03:35:37.127+0000] {logging_mixin.py:188} INFO - [2026-05-16T03:35:37.127+0000] {dagbag.py:538} INFO - Filling up the DagBag from /home/airflow/.local/lib/python3.8/site-packages/airflow/example_dags/example_subdag_operator.py
[2026-05-16T03:35:37.176+0000] {processor.py:840} INFO - DAG(s) 'example_subdag_operator.section-1', 'example_subdag_operator.section-2', 'example_subdag_operator' retrieved from /home/airflow/.local/lib/python3.8/site-packages/airflow/example_dags/example_subdag_operator.py
[2026-05-16T03:35:37.208+0000] {logging_mixin.py:188} INFO - [2026-05-16T03:35:37.208+0000] {dag.py:3036} INFO - Sync 3 DAGs
[2026-05-16T03:35:37.252+0000] {logging_mixin.py:188} INFO - [2026-05-16T03:35:37.251+0000] {dag.py:3823} INFO - Setting next_dagrun for example_subdag_operator to 2022-01-01 00:00:00+00:00, run_after=2022-01-01 00:00:00+00:00
[2026-05-16T03:35:37.260+0000] {logging_mixin.py:188} INFO - [2026-05-16T03:35:37.259+0000] {dag.py:3823} INFO - Setting next_dagrun for example_subdag_operator.section-1 to None, run_after=None
[2026-05-16T03:35:37.262+0000] {logging_mixin.py:188} INFO - [2026-05-16T03:35:37.262+0000] {dag.py:3823} INFO - Setting next_dagrun for example_subdag_operator.section-2 to None, run_after=None
[2026-05-16T03:35:37.275+0000] {logging_mixin.py:188} INFO - [2026-05-16T03:35:37.275+0000] {dag.py:3036} INFO - Sync 2 DAGs
[2026-05-16T03:35:37.285+0000] {logging_mixin.py:188} INFO - [2026-05-16T03:35:37.285+0000] {dag.py:3823} INFO - Setting next_dagrun for example_subdag_operator.section-1 to None, run_after=None
[2026-05-16T03:35:37.286+0000] {logging_mixin.py:188} INFO - [2026-05-16T03:35:37.286+0000] {dag.py:3823} INFO - Setting next_dagrun for example_subdag_operator.section-2 to None, run_after=None
[2026-05-16T03:35:37.305+0000] {processor.py:183} INFO - Processing /home/airflow/.local/lib/python3.8/site-packages/airflow/example_dags/example_subdag_operator.py took 0.188 seconds
[2026-05-16T03:36:07.394+0000] {processor.py:161} INFO - Started process (PID=6752) to work on /home/airflow/.local/lib/python3.8/site-packages/airflow/example_dags/example_subdag_operator.py
[2026-05-16T03:36:07.396+0000] {processor.py:830} INFO - Processing file /home/airflow/.local/lib/python3.8/site-packages/airflow/example_dags/example_subdag_operator.py for tasks to queue
[2026-05-16T03:36:07.399+0000] {logging_mixin.py:188} INFO - [2026-05-16T03:36:07.398+0000] {dagbag.py:538} INFO - Filling up the DagBag from /home/airflow/.local/lib/python3.8/site-packages/airflow/example_dags/example_subdag_operator.py
[2026-05-16T03:36:07.448+0000] {processor.py:840} INFO - DAG(s) 'example_subdag_operator.section-1', 'example_subdag_operator.section-2', 'example_subdag_operator' retrieved from /home/airflow/.local/lib/python3.8/site-packages/airflow/example_dags/example_subdag_operator.py
[2026-05-16T03:36:07.476+0000] {logging_mixin.py:188} INFO - [2026-05-16T03:36:07.475+0000] {dag.py:3036} INFO - Sync 3 DAGs
[2026-05-16T03:36:07.513+0000] {logging_mixin.py:188} INFO - [2026-05-16T03:36:07.512+0000] {dag.py:3823} INFO - Setting next_dagrun for example_subdag_operator to 2022-01-01 00:00:00+00:00, run_after=2022-01-01 00:00:00+00:00
[2026-05-16T03:36:07.518+0000] {logging_mixin.py:188} INFO - [2026-05-16T03:36:07.518+0000] {dag.py:3823} INFO - Setting next_dagrun for example_subdag_operator.section-1 to None, run_after=None
[2026-05-16T03:36:07.521+0000] {logging_mixin.py:188} INFO - [2026-05-16T03:36:07.520+0000] {dag.py:3823} INFO - Setting next_dagrun for example_subdag_operator.section-2 to None, run_after=None
[2026-05-16T03:36:07.535+0000] {logging_mixin.py:188} INFO - [2026-05-16T03:36:07.534+0000] {dag.py:3036} INFO - Sync 2 DAGs
[2026-05-16T03:36:07.544+0000] {logging_mixin.py:188} INFO - [2026-05-16T03:36:07.544+0000] {dag.py:3823} INFO - Setting next_dagrun for example_subdag_operator.section-1 to None, run_after=None
[2026-05-16T03:36:07.545+0000] {logging_mixin.py:188} INFO - [2026-05-16T03:36:07.545+0000] {dag.py:3823} INFO - Setting next_dagrun for example_subdag_operator.section-2 to None, run_after=None
[2026-05-16T03:36:07.563+0000] {processor.py:183} INFO - Processing /home/airflow/.local/lib/python3.8/site-packages/airflow/example_dags/example_subdag_operator.py took 0.175 seconds
[2026-05-16T03:36:37.953+0000] {processor.py:161} INFO - Started process (PID=6817) to work on /home/airflow/.local/lib/python3.8/site-packages/airflow/example_dags/example_subdag_operator.py
[2026-05-16T03:36:37.956+0000] {processor.py:830} INFO - Processing file /home/airflow/.local/lib/python3.8/site-packages/airflow/example_dags/example_subdag_operator.py for tasks to queue
[2026-05-16T03:36:37.959+0000] {logging_mixin.py:188} INFO - [2026-05-16T03:36:37.958+0000] {dagbag.py:538} INFO - Filling up the DagBag from /home/airflow/.local/lib/python3.8/site-packages/airflow/example_dags/example_subdag_operator.py
[2026-05-16T03:36:38.013+0000] {processor.py:840} INFO - DAG(s) 'example_subdag_operator.section-1', 'example_subdag_operator.section-2', 'example_subdag_operator' retrieved from /home/airflow/.local/lib/python3.8/site-packages/airflow/example_dags/example_subdag_operator.py
[2026-05-16T03:36:38.043+0000] {logging_mixin.py:188} INFO - [2026-05-16T03:36:38.043+0000] {dag.py:3036} INFO - Sync 3 DAGs
[2026-05-16T03:36:38.083+0000] {logging_mixin.py:188} INFO - [2026-05-16T03:36:38.083+0000] {dag.py:3823} INFO - Setting next_dagrun for example_subdag_operator to 2022-01-01 00:00:00+00:00, run_after=2022-01-01 00:00:00+00:00
[2026-05-16T03:36:38.091+0000] {logging_mixin.py:188} INFO - [2026-05-16T03:36:38.090+0000] {dag.py:3823} INFO - Setting next_dagrun for example_subdag_operator.section-1 to None, run_after=None
[2026-05-16T03:36:38.094+0000] {logging_mixin.py:188} INFO - [2026-05-16T03:36:38.093+0000] {dag.py:3823} INFO - Setting next_dagrun for example_subdag_operator.section-2 to None, run_after=None
[2026-05-16T03:36:38.108+0000] {logging_mixin.py:188} INFO - [2026-05-16T03:36:38.107+0000] {dag.py:3036} INFO - Sync 2 DAGs
[2026-05-16T03:36:38.118+0000] {logging_mixin.py:188} INFO - [2026-05-16T03:36:38.118+0000] {dag.py:3823} INFO - Setting next_dagrun for example_subdag_operator.section-1 to None, run_after=None
[2026-05-16T03:36:38.119+0000] {logging_mixin.py:188} INFO - [2026-05-16T03:36:38.119+0000] {dag.py:3823} INFO - Setting next_dagrun for example_subdag_operator.section-2 to None, run_after=None
[2026-05-16T03:36:38.141+0000] {processor.py:183} INFO - Processing /home/airflow/.local/lib/python3.8/site-packages/airflow/example_dags/example_subdag_operator.py took 0.193 seconds
[2026-05-16T03:37:08.377+0000] {processor.py:161} INFO - Started process (PID=6888) to work on /home/airflow/.local/lib/python3.8/site-packages/airflow/example_dags/example_subdag_operator.py
[2026-05-16T03:37:08.378+0000] {processor.py:830} INFO - Processing file /home/airflow/.local/lib/python3.8/site-packages/airflow/example_dags/example_subdag_operator.py for tasks to queue
[2026-05-16T03:37:08.382+0000] {logging_mixin.py:188} INFO - [2026-05-16T03:37:08.381+0000] {dagbag.py:538} INFO - Filling up the DagBag from /home/airflow/.local/lib/python3.8/site-packages/airflow/example_dags/example_subdag_operator.py
[2026-05-16T03:37:08.436+0000] {processor.py:840} INFO - DAG(s) 'example_subdag_operator.section-1', 'example_subdag_operator.section-2', 'example_subdag_operator' retrieved from /home/airflow/.local/lib/python3.8/site-packages/airflow/example_dags/example_subdag_operator.py
[2026-05-16T03:37:08.470+0000] {logging_mixin.py:188} INFO - [2026-05-16T03:37:08.470+0000] {dag.py:3036} INFO - Sync 3 DAGs
[2026-05-16T03:37:08.516+0000] {logging_mixin.py:188} INFO - [2026-05-16T03:37:08.515+0000] {dag.py:3823} INFO - Setting next_dagrun for example_subdag_operator to 2022-01-01 00:00:00+00:00, run_after=2022-01-01 00:00:00+00:00
[2026-05-16T03:37:08.523+0000] {logging_mixin.py:188} INFO - [2026-05-16T03:37:08.523+0000] {dag.py:3823} INFO - Setting next_dagrun for example_subdag_operator.section-1 to None, run_after=None
[2026-05-16T03:37:08.526+0000] {logging_mixin.py:188} INFO - [2026-05-16T03:37:08.526+0000] {dag.py:3823} INFO - Setting next_dagrun for example_subdag_operator.section-2 to None, run_after=None
[2026-05-16T03:37:08.540+0000] {logging_mixin.py:188} INFO - [2026-05-16T03:37:08.540+0000] {dag.py:3036} INFO - Sync 2 DAGs
[2026-05-16T03:37:08.553+0000] {logging_mixin.py:188} INFO - [2026-05-16T03:37:08.552+0000] {dag.py:3823} INFO - Setting next_dagrun for example_subdag_operator.section-1 to None, run_after=None
[2026-05-16T03:37:08.554+0000] {logging_mixin.py:188} INFO - [2026-05-16T03:37:08.553+0000] {dag.py:3823} INFO - Setting next_dagrun for example_subdag_operator.section-2 to None, run_after=None
[2026-05-16T03:37:08.578+0000] {processor.py:183} INFO - Processing /home/airflow/.local/lib/python3.8/site-packages/airflow/example_dags/example_subdag_operator.py took 0.207 seconds
[2026-05-16T03:37:38.647+0000] {processor.py:161} INFO - Started process (PID=6954) to work on /home/airflow/.local/lib/python3.8/site-packages/airflow/example_dags/example_subdag_operator.py
[2026-05-16T03:37:38.650+0000] {processor.py:830} INFO - Processing file /home/airflow/.local/lib/python3.8/site-packages/airflow/example_dags/example_subdag_operator.py for tasks to queue
[2026-05-16T03:37:38.653+0000] {logging_mixin.py:188} INFO - [2026-05-16T03:37:38.653+0000] {dagbag.py:538} INFO - Filling up the DagBag from /home/airflow/.local/lib/python3.8/site-packages/airflow/example_dags/example_subdag_operator.py
[2026-05-16T03:37:38.701+0000] {processor.py:840} INFO - DAG(s) 'example_subdag_operator.section-1', 'example_subdag_operator.section-2', 'example_subdag_operator' retrieved from /home/airflow/.local/lib/python3.8/site-packages/airflow/example_dags/example_subdag_operator.py
[2026-05-16T03:37:38.729+0000] {logging_mixin.py:188} INFO - [2026-05-16T03:37:38.728+0000] {dag.py:3036} INFO - Sync 3 DAGs
[2026-05-16T03:37:38.767+0000] {logging_mixin.py:188} INFO - [2026-05-16T03:37:38.767+0000] {dag.py:3823} INFO - Setting next_dagrun for example_subdag_operator to 2022-01-01 00:00:00+00:00, run_after=2022-01-01 00:00:00+00:00
[2026-05-16T03:37:38.775+0000] {logging_mixin.py:188} INFO - [2026-05-16T03:37:38.775+0000] {dag.py:3823} INFO - Setting next_dagrun for example_subdag_operator.section-1 to None, run_after=None
[2026-05-16T03:37:38.778+0000] {logging_mixin.py:188} INFO - [2026-05-16T03:37:38.777+0000] {dag.py:3823} INFO - Setting next_dagrun for example_subdag_operator.section-2 to None, run_after=None
[2026-05-16T03:37:38.791+0000] {logging_mixin.py:188} INFO - [2026-05-16T03:37:38.791+0000] {dag.py:3036} INFO - Sync 2 DAGs
[2026-05-16T03:37:38.801+0000] {logging_mixin.py:188} INFO - [2026-05-16T03:37:38.801+0000] {dag.py:3823} INFO - Setting next_dagrun for example_subdag_operator.section-1 to None, run_after=None
[2026-05-16T03:37:38.802+0000] {logging_mixin.py:188} INFO - [2026-05-16T03:37:38.802+0000] {dag.py:3823} INFO - Setting next_dagrun for example_subdag_operator.section-2 to None, run_after=None
[2026-05-16T03:37:38.821+0000] {processor.py:183} INFO - Processing /home/airflow/.local/lib/python3.8/site-packages/airflow/example_dags/example_subdag_operator.py took 0.180 seconds
[2026-05-16T03:38:08.872+0000] {processor.py:161} INFO - Started process (PID=7017) to work on /home/airflow/.local/lib/python3.8/site-packages/airflow/example_dags/example_subdag_operator.py
[2026-05-16T03:38:08.873+0000] {processor.py:830} INFO - Processing file /home/airflow/.local/lib/python3.8/site-packages/airflow/example_dags/example_subdag_operator.py for tasks to queue
[2026-05-16T03:38:08.875+0000] {logging_mixin.py:188} INFO - [2026-05-16T03:38:08.875+0000] {dagbag.py:538} INFO - Filling up the DagBag from /home/airflow/.local/lib/python3.8/site-packages/airflow/example_dags/example_subdag_operator.py
[2026-05-16T03:38:08.918+0000] {processor.py:840} INFO - DAG(s) 'example_subdag_operator.section-1', 'example_subdag_operator.section-2', 'example_subdag_operator' retrieved from /home/airflow/.local/lib/python3.8/site-packages/airflow/example_dags/example_subdag_operator.py
[2026-05-16T03:38:08.948+0000] {logging_mixin.py:188} INFO - [2026-05-16T03:38:08.948+0000] {dag.py:3036} INFO - Sync 3 DAGs
[2026-05-16T03:38:08.987+0000] {logging_mixin.py:188} INFO - [2026-05-16T03:38:08.987+0000] {dag.py:3823} INFO - Setting next_dagrun for example_subdag_operator to 2022-01-01 00:00:00+00:00, run_after=2022-01-01 00:00:00+00:00
[2026-05-16T03:38:08.994+0000] {logging_mixin.py:188} INFO - [2026-05-16T03:38:08.993+0000] {dag.py:3823} INFO - Setting next_dagrun for example_subdag_operator.section-1 to None, run_after=None
[2026-05-16T03:38:08.996+0000] {logging_mixin.py:188} INFO - [2026-05-16T03:38:08.996+0000] {dag.py:3823} INFO - Setting next_dagrun for example_subdag_operator.section-2 to None, run_after=None
[2026-05-16T03:38:09.009+0000] {logging_mixin.py:188} INFO - [2026-05-16T03:38:09.008+0000] {dag.py:3036} INFO - Sync 2 DAGs
[2026-05-16T03:38:09.017+0000] {logging_mixin.py:188} INFO - [2026-05-16T03:38:09.017+0000] {dag.py:3823} INFO - Setting next_dagrun for example_subdag_operator.section-1 to None, run_after=None
[2026-05-16T03:38:09.018+0000] {logging_mixin.py:188} INFO - [2026-05-16T03:38:09.018+0000] {dag.py:3823} INFO - Setting next_dagrun for example_subdag_operator.section-2 to None, run_after=None
[2026-05-16T03:38:09.036+0000] {processor.py:183} INFO - Processing /home/airflow/.local/lib/python3.8/site-packages/airflow/example_dags/example_subdag_operator.py took 0.169 seconds
[2026-05-16T03:38:39.762+0000] {processor.py:161} INFO - Started process (PID=7083) to work on /home/airflow/.local/lib/python3.8/site-packages/airflow/example_dags/example_subdag_operator.py
[2026-05-16T03:38:39.764+0000] {processor.py:830} INFO - Processing file /home/airflow/.local/lib/python3.8/site-packages/airflow/example_dags/example_subdag_operator.py for tasks to queue
[2026-05-16T03:38:39.768+0000] {logging_mixin.py:188} INFO - [2026-05-16T03:38:39.767+0000] {dagbag.py:538} INFO - Filling up the DagBag from /home/airflow/.local/lib/python3.8/site-packages/airflow/example_dags/example_subdag_operator.py
[2026-05-16T03:38:39.816+0000] {processor.py:840} INFO - DAG(s) 'example_subdag_operator.section-1', 'example_subdag_operator.section-2', 'example_subdag_operator' retrieved from /home/airflow/.local/lib/python3.8/site-packages/airflow/example_dags/example_subdag_operator.py
[2026-05-16T03:38:39.849+0000] {logging_mixin.py:188} INFO - [2026-05-16T03:38:39.849+0000] {dag.py:3036} INFO - Sync 3 DAGs
[2026-05-16T03:38:39.893+0000] {logging_mixin.py:188} INFO - [2026-05-16T03:38:39.893+0000] {dag.py:3823} INFO - Setting next_dagrun for example_subdag_operator to 2022-01-01 00:00:00+00:00, run_after=2022-01-01 00:00:00+00:00
[2026-05-16T03:38:39.899+0000] {logging_mixin.py:188} INFO - [2026-05-16T03:38:39.898+0000] {dag.py:3823} INFO - Setting next_dagrun for example_subdag_operator.section-1 to None, run_after=None
[2026-05-16T03:38:39.901+0000] {logging_mixin.py:188} INFO - [2026-05-16T03:38:39.901+0000] {dag.py:3823} INFO - Setting next_dagrun for example_subdag_operator.section-2 to None, run_after=None
[2026-05-16T03:38:39.913+0000] {logging_mixin.py:188} INFO - [2026-05-16T03:38:39.912+0000] {dag.py:3036} INFO - Sync 2 DAGs
[2026-05-16T03:38:39.922+0000] {logging_mixin.py:188} INFO - [2026-05-16T03:38:39.921+0000] {dag.py:3823} INFO - Setting next_dagrun for example_subdag_operator.section-1 to None, run_after=None
[2026-05-16T03:38:39.922+0000] {logging_mixin.py:188} INFO - [2026-05-16T03:38:39.922+0000] {dag.py:3823} INFO - Setting next_dagrun for example_subdag_operator.section-2 to None, run_after=None
[2026-05-16T03:38:39.941+0000] {processor.py:183} INFO - Processing /home/airflow/.local/lib/python3.8/site-packages/airflow/example_dags/example_subdag_operator.py took 0.185 seconds
[2026-05-16T03:39:10.567+0000] {processor.py:161} INFO - Started process (PID=7147) to work on /home/airflow/.local/lib/python3.8/site-packages/airflow/example_dags/example_subdag_operator.py
[2026-05-16T03:39:10.568+0000] {processor.py:830} INFO - Processing file /home/airflow/.local/lib/python3.8/site-packages/airflow/example_dags/example_subdag_operator.py for tasks to queue
[2026-05-16T03:39:10.571+0000] {logging_mixin.py:188} INFO - [2026-05-16T03:39:10.570+0000] {dagbag.py:538} INFO - Filling up the DagBag from /home/airflow/.local/lib/python3.8/site-packages/airflow/example_dags/example_subdag_operator.py
[2026-05-16T03:39:10.618+0000] {processor.py:840} INFO - DAG(s) 'example_subdag_operator.section-1', 'example_subdag_operator.section-2', 'example_subdag_operator' retrieved from /home/airflow/.local/lib/python3.8/site-packages/airflow/example_dags/example_subdag_operator.py
[2026-05-16T03:39:10.646+0000] {logging_mixin.py:188} INFO - [2026-05-16T03:39:10.646+0000] {dag.py:3036} INFO - Sync 3 DAGs
[2026-05-16T03:39:10.687+0000] {logging_mixin.py:188} INFO - [2026-05-16T03:39:10.686+0000] {dag.py:3823} INFO - Setting next_dagrun for example_subdag_operator to 2022-01-01 00:00:00+00:00, run_after=2022-01-01 00:00:00+00:00
[2026-05-16T03:39:10.694+0000] {logging_mixin.py:188} INFO - [2026-05-16T03:39:10.693+0000] {dag.py:3823} INFO - Setting next_dagrun for example_subdag_operator.section-1 to None, run_after=None
[2026-05-16T03:39:10.696+0000] {logging_mixin.py:188} INFO - [2026-05-16T03:39:10.696+0000] {dag.py:3823} INFO - Setting next_dagrun for example_subdag_operator.section-2 to None, run_after=None
[2026-05-16T03:39:10.710+0000] {logging_mixin.py:188} INFO - [2026-05-16T03:39:10.709+0000] {dag.py:3036} INFO - Sync 2 DAGs
[2026-05-16T03:39:10.720+0000] {logging_mixin.py:188} INFO - [2026-05-16T03:39:10.720+0000] {dag.py:3823} INFO - Setting next_dagrun for example_subdag_operator.section-1 to None, run_after=None
[2026-05-16T03:39:10.721+0000] {logging_mixin.py:188} INFO - [2026-05-16T03:39:10.721+0000] {dag.py:3823} INFO - Setting next_dagrun for example_subdag_operator.section-2 to None, run_after=None
[2026-05-16T03:39:10.749+0000] {processor.py:183} INFO - Processing /home/airflow/.local/lib/python3.8/site-packages/airflow/example_dags/example_subdag_operator.py took 0.187 seconds
