[2026-05-16T02:44:21.736+0000] {processor.py:161} INFO - Started process (PID=96) to work on /home/airflow/.local/lib/python3.8/site-packages/airflow/example_dags/example_sla_dag.py
[2026-05-16T02:44:21.737+0000] {processor.py:830} INFO - Processing file /home/airflow/.local/lib/python3.8/site-packages/airflow/example_dags/example_sla_dag.py for tasks to queue
[2026-05-16T02:44:21.741+0000] {logging_mixin.py:188} INFO - [2026-05-16T02:44:21.741+0000] {dagbag.py:538} INFO - Filling up the DagBag from /home/airflow/.local/lib/python3.8/site-packages/airflow/example_dags/example_sla_dag.py
[2026-05-16T02:44:21.769+0000] {processor.py:840} INFO - DAG(s) 'example_sla_dag' retrieved from /home/airflow/.local/lib/python3.8/site-packages/airflow/example_dags/example_sla_dag.py
[2026-05-16T02:44:22.005+0000] {logging_mixin.py:188} INFO - [2026-05-16T02:44:22.004+0000] {dag.py:3036} INFO - Sync 1 DAGs
[2026-05-16T02:44:22.056+0000] {logging_mixin.py:188} INFO - [2026-05-16T02:44:22.055+0000] {dag.py:3823} INFO - Setting next_dagrun for example_sla_dag to 2026-05-16 02:42:00+00:00, run_after=2026-05-16 02:44:00+00:00
[2026-05-16T02:44:22.094+0000] {processor.py:183} INFO - Processing /home/airflow/.local/lib/python3.8/site-packages/airflow/example_dags/example_sla_dag.py took 0.364 seconds
[2026-05-16T02:44:52.311+0000] {processor.py:161} INFO - Started process (PID=162) to work on /home/airflow/.local/lib/python3.8/site-packages/airflow/example_dags/example_sla_dag.py
[2026-05-16T02:44:52.312+0000] {processor.py:830} INFO - Processing file /home/airflow/.local/lib/python3.8/site-packages/airflow/example_dags/example_sla_dag.py for tasks to queue
[2026-05-16T02:44:52.315+0000] {logging_mixin.py:188} INFO - [2026-05-16T02:44:52.314+0000] {dagbag.py:538} INFO - Filling up the DagBag from /home/airflow/.local/lib/python3.8/site-packages/airflow/example_dags/example_sla_dag.py
[2026-05-16T02:44:52.328+0000] {processor.py:840} INFO - DAG(s) 'example_sla_dag' retrieved from /home/airflow/.local/lib/python3.8/site-packages/airflow/example_dags/example_sla_dag.py
[2026-05-16T02:44:52.364+0000] {logging_mixin.py:188} INFO - [2026-05-16T02:44:52.364+0000] {dag.py:3036} INFO - Sync 1 DAGs
[2026-05-16T02:44:52.407+0000] {logging_mixin.py:188} INFO - [2026-05-16T02:44:52.406+0000] {dag.py:3823} INFO - Setting next_dagrun for example_sla_dag to 2026-05-16 02:42:00+00:00, run_after=2026-05-16 02:44:00+00:00
[2026-05-16T02:44:52.438+0000] {processor.py:183} INFO - Processing /home/airflow/.local/lib/python3.8/site-packages/airflow/example_dags/example_sla_dag.py took 0.132 seconds
[2026-05-16T02:45:22.646+0000] {processor.py:161} INFO - Started process (PID=227) to work on /home/airflow/.local/lib/python3.8/site-packages/airflow/example_dags/example_sla_dag.py
[2026-05-16T02:45:22.648+0000] {processor.py:830} INFO - Processing file /home/airflow/.local/lib/python3.8/site-packages/airflow/example_dags/example_sla_dag.py for tasks to queue
[2026-05-16T02:45:22.651+0000] {logging_mixin.py:188} INFO - [2026-05-16T02:45:22.650+0000] {dagbag.py:538} INFO - Filling up the DagBag from /home/airflow/.local/lib/python3.8/site-packages/airflow/example_dags/example_sla_dag.py
[2026-05-16T02:45:22.666+0000] {processor.py:840} INFO - DAG(s) 'example_sla_dag' retrieved from /home/airflow/.local/lib/python3.8/site-packages/airflow/example_dags/example_sla_dag.py
[2026-05-16T02:45:22.704+0000] {logging_mixin.py:188} INFO - [2026-05-16T02:45:22.703+0000] {dag.py:3036} INFO - Sync 1 DAGs
[2026-05-16T02:45:22.760+0000] {logging_mixin.py:188} INFO - [2026-05-16T02:45:22.760+0000] {dag.py:3823} INFO - Setting next_dagrun for example_sla_dag to 2026-05-16 02:42:00+00:00, run_after=2026-05-16 02:44:00+00:00
[2026-05-16T02:45:22.795+0000] {processor.py:183} INFO - Processing /home/airflow/.local/lib/python3.8/site-packages/airflow/example_dags/example_sla_dag.py took 0.154 seconds
[2026-05-16T02:45:53.035+0000] {processor.py:161} INFO - Started process (PID=291) to work on /home/airflow/.local/lib/python3.8/site-packages/airflow/example_dags/example_sla_dag.py
[2026-05-16T02:45:53.037+0000] {processor.py:830} INFO - Processing file /home/airflow/.local/lib/python3.8/site-packages/airflow/example_dags/example_sla_dag.py for tasks to queue
[2026-05-16T02:45:53.040+0000] {logging_mixin.py:188} INFO - [2026-05-16T02:45:53.039+0000] {dagbag.py:538} INFO - Filling up the DagBag from /home/airflow/.local/lib/python3.8/site-packages/airflow/example_dags/example_sla_dag.py
[2026-05-16T02:45:53.055+0000] {processor.py:840} INFO - DAG(s) 'example_sla_dag' retrieved from /home/airflow/.local/lib/python3.8/site-packages/airflow/example_dags/example_sla_dag.py
[2026-05-16T02:45:53.092+0000] {logging_mixin.py:188} INFO - [2026-05-16T02:45:53.092+0000] {dag.py:3036} INFO - Sync 1 DAGs
[2026-05-16T02:45:53.136+0000] {logging_mixin.py:188} INFO - [2026-05-16T02:45:53.136+0000] {dag.py:3823} INFO - Setting next_dagrun for example_sla_dag to 2026-05-16 02:42:00+00:00, run_after=2026-05-16 02:44:00+00:00
[2026-05-16T02:45:53.170+0000] {processor.py:183} INFO - Processing /home/airflow/.local/lib/python3.8/site-packages/airflow/example_dags/example_sla_dag.py took 0.140 seconds
[2026-05-16T02:46:23.397+0000] {processor.py:161} INFO - Started process (PID=356) to work on /home/airflow/.local/lib/python3.8/site-packages/airflow/example_dags/example_sla_dag.py
[2026-05-16T02:46:23.399+0000] {processor.py:830} INFO - Processing file /home/airflow/.local/lib/python3.8/site-packages/airflow/example_dags/example_sla_dag.py for tasks to queue
[2026-05-16T02:46:23.403+0000] {logging_mixin.py:188} INFO - [2026-05-16T02:46:23.402+0000] {dagbag.py:538} INFO - Filling up the DagBag from /home/airflow/.local/lib/python3.8/site-packages/airflow/example_dags/example_sla_dag.py
[2026-05-16T02:46:23.424+0000] {processor.py:840} INFO - DAG(s) 'example_sla_dag' retrieved from /home/airflow/.local/lib/python3.8/site-packages/airflow/example_dags/example_sla_dag.py
[2026-05-16T02:46:23.470+0000] {logging_mixin.py:188} INFO - [2026-05-16T02:46:23.469+0000] {dag.py:3036} INFO - Sync 1 DAGs
[2026-05-16T02:46:23.522+0000] {logging_mixin.py:188} INFO - [2026-05-16T02:46:23.522+0000] {dag.py:3823} INFO - Setting next_dagrun for example_sla_dag to 2026-05-16 02:44:00+00:00, run_after=2026-05-16 02:46:00+00:00
[2026-05-16T02:46:23.559+0000] {processor.py:183} INFO - Processing /home/airflow/.local/lib/python3.8/site-packages/airflow/example_dags/example_sla_dag.py took 0.167 seconds
[2026-05-16T02:46:53.820+0000] {processor.py:161} INFO - Started process (PID=420) to work on /home/airflow/.local/lib/python3.8/site-packages/airflow/example_dags/example_sla_dag.py
[2026-05-16T02:46:53.822+0000] {processor.py:830} INFO - Processing file /home/airflow/.local/lib/python3.8/site-packages/airflow/example_dags/example_sla_dag.py for tasks to queue
[2026-05-16T02:46:53.825+0000] {logging_mixin.py:188} INFO - [2026-05-16T02:46:53.825+0000] {dagbag.py:538} INFO - Filling up the DagBag from /home/airflow/.local/lib/python3.8/site-packages/airflow/example_dags/example_sla_dag.py
[2026-05-16T02:46:53.841+0000] {processor.py:840} INFO - DAG(s) 'example_sla_dag' retrieved from /home/airflow/.local/lib/python3.8/site-packages/airflow/example_dags/example_sla_dag.py
[2026-05-16T02:46:53.881+0000] {logging_mixin.py:188} INFO - [2026-05-16T02:46:53.880+0000] {dag.py:3036} INFO - Sync 1 DAGs
[2026-05-16T02:46:53.931+0000] {logging_mixin.py:188} INFO - [2026-05-16T02:46:53.930+0000] {dag.py:3823} INFO - Setting next_dagrun for example_sla_dag to 2026-05-16 02:44:00+00:00, run_after=2026-05-16 02:46:00+00:00
[2026-05-16T02:46:53.964+0000] {processor.py:183} INFO - Processing /home/airflow/.local/lib/python3.8/site-packages/airflow/example_dags/example_sla_dag.py took 0.152 seconds
[2026-05-16T02:47:24.478+0000] {processor.py:161} INFO - Started process (PID=484) to work on /home/airflow/.local/lib/python3.8/site-packages/airflow/example_dags/example_sla_dag.py
[2026-05-16T02:47:24.479+0000] {processor.py:830} INFO - Processing file /home/airflow/.local/lib/python3.8/site-packages/airflow/example_dags/example_sla_dag.py for tasks to queue
[2026-05-16T02:47:24.483+0000] {logging_mixin.py:188} INFO - [2026-05-16T02:47:24.482+0000] {dagbag.py:538} INFO - Filling up the DagBag from /home/airflow/.local/lib/python3.8/site-packages/airflow/example_dags/example_sla_dag.py
[2026-05-16T02:47:24.499+0000] {processor.py:840} INFO - DAG(s) 'example_sla_dag' retrieved from /home/airflow/.local/lib/python3.8/site-packages/airflow/example_dags/example_sla_dag.py
[2026-05-16T02:47:24.541+0000] {logging_mixin.py:188} INFO - [2026-05-16T02:47:24.541+0000] {dag.py:3036} INFO - Sync 1 DAGs
[2026-05-16T02:47:24.593+0000] {logging_mixin.py:188} INFO - [2026-05-16T02:47:24.593+0000] {dag.py:3823} INFO - Setting next_dagrun for example_sla_dag to 2026-05-16 02:44:00+00:00, run_after=2026-05-16 02:46:00+00:00
[2026-05-16T02:47:24.637+0000] {processor.py:183} INFO - Processing /home/airflow/.local/lib/python3.8/site-packages/airflow/example_dags/example_sla_dag.py took 0.165 seconds
[2026-05-16T02:47:55.129+0000] {processor.py:161} INFO - Started process (PID=549) to work on /home/airflow/.local/lib/python3.8/site-packages/airflow/example_dags/example_sla_dag.py
[2026-05-16T02:47:55.131+0000] {processor.py:830} INFO - Processing file /home/airflow/.local/lib/python3.8/site-packages/airflow/example_dags/example_sla_dag.py for tasks to queue
[2026-05-16T02:47:55.134+0000] {logging_mixin.py:188} INFO - [2026-05-16T02:47:55.134+0000] {dagbag.py:538} INFO - Filling up the DagBag from /home/airflow/.local/lib/python3.8/site-packages/airflow/example_dags/example_sla_dag.py
[2026-05-16T02:47:55.160+0000] {processor.py:840} INFO - DAG(s) 'example_sla_dag' retrieved from /home/airflow/.local/lib/python3.8/site-packages/airflow/example_dags/example_sla_dag.py
[2026-05-16T02:47:55.196+0000] {logging_mixin.py:188} INFO - [2026-05-16T02:47:55.195+0000] {dag.py:3036} INFO - Sync 1 DAGs
[2026-05-16T02:47:55.245+0000] {logging_mixin.py:188} INFO - [2026-05-16T02:47:55.245+0000] {dag.py:3823} INFO - Setting next_dagrun for example_sla_dag to 2026-05-16 02:44:00+00:00, run_after=2026-05-16 02:46:00+00:00
[2026-05-16T02:47:55.286+0000] {processor.py:183} INFO - Processing /home/airflow/.local/lib/python3.8/site-packages/airflow/example_dags/example_sla_dag.py took 0.164 seconds
[2026-05-16T02:48:26.144+0000] {processor.py:161} INFO - Started process (PID=623) to work on /home/airflow/.local/lib/python3.8/site-packages/airflow/example_dags/example_sla_dag.py
[2026-05-16T02:48:26.146+0000] {processor.py:830} INFO - Processing file /home/airflow/.local/lib/python3.8/site-packages/airflow/example_dags/example_sla_dag.py for tasks to queue
[2026-05-16T02:48:26.149+0000] {logging_mixin.py:188} INFO - [2026-05-16T02:48:26.149+0000] {dagbag.py:538} INFO - Filling up the DagBag from /home/airflow/.local/lib/python3.8/site-packages/airflow/example_dags/example_sla_dag.py
[2026-05-16T02:48:26.165+0000] {processor.py:840} INFO - DAG(s) 'example_sla_dag' retrieved from /home/airflow/.local/lib/python3.8/site-packages/airflow/example_dags/example_sla_dag.py
[2026-05-16T02:48:26.207+0000] {logging_mixin.py:188} INFO - [2026-05-16T02:48:26.207+0000] {dag.py:3036} INFO - Sync 1 DAGs
[2026-05-16T02:48:26.273+0000] {logging_mixin.py:188} INFO - [2026-05-16T02:48:26.273+0000] {dag.py:3823} INFO - Setting next_dagrun for example_sla_dag to 2026-05-16 02:46:00+00:00, run_after=2026-05-16 02:48:00+00:00
[2026-05-16T02:48:26.309+0000] {processor.py:183} INFO - Processing /home/airflow/.local/lib/python3.8/site-packages/airflow/example_dags/example_sla_dag.py took 0.170 seconds
[2026-05-16T02:48:56.763+0000] {processor.py:161} INFO - Started process (PID=687) to work on /home/airflow/.local/lib/python3.8/site-packages/airflow/example_dags/example_sla_dag.py
[2026-05-16T02:48:56.766+0000] {processor.py:830} INFO - Processing file /home/airflow/.local/lib/python3.8/site-packages/airflow/example_dags/example_sla_dag.py for tasks to queue
[2026-05-16T02:48:56.769+0000] {logging_mixin.py:188} INFO - [2026-05-16T02:48:56.768+0000] {dagbag.py:538} INFO - Filling up the DagBag from /home/airflow/.local/lib/python3.8/site-packages/airflow/example_dags/example_sla_dag.py
[2026-05-16T02:48:56.785+0000] {processor.py:840} INFO - DAG(s) 'example_sla_dag' retrieved from /home/airflow/.local/lib/python3.8/site-packages/airflow/example_dags/example_sla_dag.py
[2026-05-16T02:48:56.824+0000] {logging_mixin.py:188} INFO - [2026-05-16T02:48:56.824+0000] {dag.py:3036} INFO - Sync 1 DAGs
[2026-05-16T02:48:56.875+0000] {logging_mixin.py:188} INFO - [2026-05-16T02:48:56.875+0000] {dag.py:3823} INFO - Setting next_dagrun for example_sla_dag to 2026-05-16 02:46:00+00:00, run_after=2026-05-16 02:48:00+00:00
[2026-05-16T02:48:56.909+0000] {processor.py:183} INFO - Processing /home/airflow/.local/lib/python3.8/site-packages/airflow/example_dags/example_sla_dag.py took 0.152 seconds
[2026-05-16T02:49:27.193+0000] {processor.py:161} INFO - Started process (PID=751) to work on /home/airflow/.local/lib/python3.8/site-packages/airflow/example_dags/example_sla_dag.py
[2026-05-16T02:49:27.194+0000] {processor.py:830} INFO - Processing file /home/airflow/.local/lib/python3.8/site-packages/airflow/example_dags/example_sla_dag.py for tasks to queue
[2026-05-16T02:49:27.197+0000] {logging_mixin.py:188} INFO - [2026-05-16T02:49:27.197+0000] {dagbag.py:538} INFO - Filling up the DagBag from /home/airflow/.local/lib/python3.8/site-packages/airflow/example_dags/example_sla_dag.py
[2026-05-16T02:49:27.213+0000] {processor.py:840} INFO - DAG(s) 'example_sla_dag' retrieved from /home/airflow/.local/lib/python3.8/site-packages/airflow/example_dags/example_sla_dag.py
[2026-05-16T02:49:27.251+0000] {logging_mixin.py:188} INFO - [2026-05-16T02:49:27.250+0000] {dag.py:3036} INFO - Sync 1 DAGs
[2026-05-16T02:49:27.331+0000] {logging_mixin.py:188} INFO - [2026-05-16T02:49:27.331+0000] {dag.py:3823} INFO - Setting next_dagrun for example_sla_dag to 2026-05-16 02:46:00+00:00, run_after=2026-05-16 02:48:00+00:00
[2026-05-16T02:49:27.367+0000] {processor.py:183} INFO - Processing /home/airflow/.local/lib/python3.8/site-packages/airflow/example_dags/example_sla_dag.py took 0.180 seconds
[2026-05-16T02:49:57.913+0000] {processor.py:161} INFO - Started process (PID=816) to work on /home/airflow/.local/lib/python3.8/site-packages/airflow/example_dags/example_sla_dag.py
[2026-05-16T02:49:57.915+0000] {processor.py:830} INFO - Processing file /home/airflow/.local/lib/python3.8/site-packages/airflow/example_dags/example_sla_dag.py for tasks to queue
[2026-05-16T02:49:57.918+0000] {logging_mixin.py:188} INFO - [2026-05-16T02:49:57.917+0000] {dagbag.py:538} INFO - Filling up the DagBag from /home/airflow/.local/lib/python3.8/site-packages/airflow/example_dags/example_sla_dag.py
[2026-05-16T02:49:57.932+0000] {processor.py:840} INFO - DAG(s) 'example_sla_dag' retrieved from /home/airflow/.local/lib/python3.8/site-packages/airflow/example_dags/example_sla_dag.py
[2026-05-16T02:49:57.971+0000] {logging_mixin.py:188} INFO - [2026-05-16T02:49:57.971+0000] {dag.py:3036} INFO - Sync 1 DAGs
[2026-05-16T02:49:58.019+0000] {logging_mixin.py:188} INFO - [2026-05-16T02:49:58.019+0000] {dag.py:3823} INFO - Setting next_dagrun for example_sla_dag to 2026-05-16 02:46:00+00:00, run_after=2026-05-16 02:48:00+00:00
[2026-05-16T02:49:58.050+0000] {processor.py:183} INFO - Processing /home/airflow/.local/lib/python3.8/site-packages/airflow/example_dags/example_sla_dag.py took 0.143 seconds
[2026-05-16T02:50:28.315+0000] {processor.py:161} INFO - Started process (PID=879) to work on /home/airflow/.local/lib/python3.8/site-packages/airflow/example_dags/example_sla_dag.py
[2026-05-16T02:50:28.316+0000] {processor.py:830} INFO - Processing file /home/airflow/.local/lib/python3.8/site-packages/airflow/example_dags/example_sla_dag.py for tasks to queue
[2026-05-16T02:50:28.319+0000] {logging_mixin.py:188} INFO - [2026-05-16T02:50:28.318+0000] {dagbag.py:538} INFO - Filling up the DagBag from /home/airflow/.local/lib/python3.8/site-packages/airflow/example_dags/example_sla_dag.py
[2026-05-16T02:50:28.331+0000] {processor.py:840} INFO - DAG(s) 'example_sla_dag' retrieved from /home/airflow/.local/lib/python3.8/site-packages/airflow/example_dags/example_sla_dag.py
[2026-05-16T02:50:28.365+0000] {logging_mixin.py:188} INFO - [2026-05-16T02:50:28.365+0000] {dag.py:3036} INFO - Sync 1 DAGs
[2026-05-16T02:50:28.410+0000] {logging_mixin.py:188} INFO - [2026-05-16T02:50:28.409+0000] {dag.py:3823} INFO - Setting next_dagrun for example_sla_dag to 2026-05-16 02:48:00+00:00, run_after=2026-05-16 02:50:00+00:00
[2026-05-16T02:50:28.438+0000] {processor.py:183} INFO - Processing /home/airflow/.local/lib/python3.8/site-packages/airflow/example_dags/example_sla_dag.py took 0.128 seconds
[2026-05-16T02:50:58.938+0000] {processor.py:161} INFO - Started process (PID=944) to work on /home/airflow/.local/lib/python3.8/site-packages/airflow/example_dags/example_sla_dag.py
[2026-05-16T02:50:58.940+0000] {processor.py:830} INFO - Processing file /home/airflow/.local/lib/python3.8/site-packages/airflow/example_dags/example_sla_dag.py for tasks to queue
[2026-05-16T02:50:58.944+0000] {logging_mixin.py:188} INFO - [2026-05-16T02:50:58.943+0000] {dagbag.py:538} INFO - Filling up the DagBag from /home/airflow/.local/lib/python3.8/site-packages/airflow/example_dags/example_sla_dag.py
[2026-05-16T02:50:58.960+0000] {processor.py:840} INFO - DAG(s) 'example_sla_dag' retrieved from /home/airflow/.local/lib/python3.8/site-packages/airflow/example_dags/example_sla_dag.py
[2026-05-16T02:50:58.998+0000] {logging_mixin.py:188} INFO - [2026-05-16T02:50:58.998+0000] {dag.py:3036} INFO - Sync 1 DAGs
[2026-05-16T02:50:59.050+0000] {logging_mixin.py:188} INFO - [2026-05-16T02:50:59.049+0000] {dag.py:3823} INFO - Setting next_dagrun for example_sla_dag to 2026-05-16 02:48:00+00:00, run_after=2026-05-16 02:50:00+00:00
[2026-05-16T02:50:59.085+0000] {processor.py:183} INFO - Processing /home/airflow/.local/lib/python3.8/site-packages/airflow/example_dags/example_sla_dag.py took 0.152 seconds
[2026-05-16T02:51:29.501+0000] {processor.py:161} INFO - Started process (PID=1008) to work on /home/airflow/.local/lib/python3.8/site-packages/airflow/example_dags/example_sla_dag.py
[2026-05-16T02:51:29.503+0000] {processor.py:830} INFO - Processing file /home/airflow/.local/lib/python3.8/site-packages/airflow/example_dags/example_sla_dag.py for tasks to queue
[2026-05-16T02:51:29.506+0000] {logging_mixin.py:188} INFO - [2026-05-16T02:51:29.506+0000] {dagbag.py:538} INFO - Filling up the DagBag from /home/airflow/.local/lib/python3.8/site-packages/airflow/example_dags/example_sla_dag.py
[2026-05-16T02:51:29.520+0000] {processor.py:840} INFO - DAG(s) 'example_sla_dag' retrieved from /home/airflow/.local/lib/python3.8/site-packages/airflow/example_dags/example_sla_dag.py
[2026-05-16T02:51:29.558+0000] {logging_mixin.py:188} INFO - [2026-05-16T02:51:29.557+0000] {dag.py:3036} INFO - Sync 1 DAGs
[2026-05-16T02:51:29.607+0000] {logging_mixin.py:188} INFO - [2026-05-16T02:51:29.607+0000] {dag.py:3823} INFO - Setting next_dagrun for example_sla_dag to 2026-05-16 02:48:00+00:00, run_after=2026-05-16 02:50:00+00:00
[2026-05-16T02:51:29.639+0000] {processor.py:183} INFO - Processing /home/airflow/.local/lib/python3.8/site-packages/airflow/example_dags/example_sla_dag.py took 0.144 seconds
[2026-05-16T02:52:00.308+0000] {processor.py:161} INFO - Started process (PID=1074) to work on /home/airflow/.local/lib/python3.8/site-packages/airflow/example_dags/example_sla_dag.py
[2026-05-16T02:52:00.310+0000] {processor.py:830} INFO - Processing file /home/airflow/.local/lib/python3.8/site-packages/airflow/example_dags/example_sla_dag.py for tasks to queue
[2026-05-16T02:52:00.313+0000] {logging_mixin.py:188} INFO - [2026-05-16T02:52:00.313+0000] {dagbag.py:538} INFO - Filling up the DagBag from /home/airflow/.local/lib/python3.8/site-packages/airflow/example_dags/example_sla_dag.py
[2026-05-16T02:52:00.327+0000] {processor.py:840} INFO - DAG(s) 'example_sla_dag' retrieved from /home/airflow/.local/lib/python3.8/site-packages/airflow/example_dags/example_sla_dag.py
[2026-05-16T02:52:00.363+0000] {logging_mixin.py:188} INFO - [2026-05-16T02:52:00.362+0000] {dag.py:3036} INFO - Sync 1 DAGs
[2026-05-16T02:52:00.405+0000] {logging_mixin.py:188} INFO - [2026-05-16T02:52:00.404+0000] {dag.py:3823} INFO - Setting next_dagrun for example_sla_dag to 2026-05-16 02:50:00+00:00, run_after=2026-05-16 02:52:00+00:00
[2026-05-16T02:52:00.433+0000] {processor.py:183} INFO - Processing /home/airflow/.local/lib/python3.8/site-packages/airflow/example_dags/example_sla_dag.py took 0.130 seconds
[2026-05-16T02:52:30.636+0000] {processor.py:161} INFO - Started process (PID=1138) to work on /home/airflow/.local/lib/python3.8/site-packages/airflow/example_dags/example_sla_dag.py
[2026-05-16T02:52:30.637+0000] {processor.py:830} INFO - Processing file /home/airflow/.local/lib/python3.8/site-packages/airflow/example_dags/example_sla_dag.py for tasks to queue
[2026-05-16T02:52:30.640+0000] {logging_mixin.py:188} INFO - [2026-05-16T02:52:30.640+0000] {dagbag.py:538} INFO - Filling up the DagBag from /home/airflow/.local/lib/python3.8/site-packages/airflow/example_dags/example_sla_dag.py
[2026-05-16T02:52:30.654+0000] {processor.py:840} INFO - DAG(s) 'example_sla_dag' retrieved from /home/airflow/.local/lib/python3.8/site-packages/airflow/example_dags/example_sla_dag.py
[2026-05-16T02:52:30.689+0000] {logging_mixin.py:188} INFO - [2026-05-16T02:52:30.689+0000] {dag.py:3036} INFO - Sync 1 DAGs
[2026-05-16T02:52:30.735+0000] {logging_mixin.py:188} INFO - [2026-05-16T02:52:30.735+0000] {dag.py:3823} INFO - Setting next_dagrun for example_sla_dag to 2026-05-16 02:50:00+00:00, run_after=2026-05-16 02:52:00+00:00
[2026-05-16T02:52:30.766+0000] {processor.py:183} INFO - Processing /home/airflow/.local/lib/python3.8/site-packages/airflow/example_dags/example_sla_dag.py took 0.136 seconds
[2026-05-16T02:53:00.875+0000] {processor.py:161} INFO - Started process (PID=1204) to work on /home/airflow/.local/lib/python3.8/site-packages/airflow/example_dags/example_sla_dag.py
[2026-05-16T02:53:00.877+0000] {processor.py:830} INFO - Processing file /home/airflow/.local/lib/python3.8/site-packages/airflow/example_dags/example_sla_dag.py for tasks to queue
[2026-05-16T02:53:00.880+0000] {logging_mixin.py:188} INFO - [2026-05-16T02:53:00.879+0000] {dagbag.py:538} INFO - Filling up the DagBag from /home/airflow/.local/lib/python3.8/site-packages/airflow/example_dags/example_sla_dag.py
[2026-05-16T02:53:00.893+0000] {processor.py:840} INFO - DAG(s) 'example_sla_dag' retrieved from /home/airflow/.local/lib/python3.8/site-packages/airflow/example_dags/example_sla_dag.py
[2026-05-16T02:53:00.929+0000] {logging_mixin.py:188} INFO - [2026-05-16T02:53:00.929+0000] {dag.py:3036} INFO - Sync 1 DAGs
[2026-05-16T02:53:00.984+0000] {logging_mixin.py:188} INFO - [2026-05-16T02:53:00.984+0000] {dag.py:3823} INFO - Setting next_dagrun for example_sla_dag to 2026-05-16 02:50:00+00:00, run_after=2026-05-16 02:52:00+00:00
[2026-05-16T02:53:01.019+0000] {processor.py:183} INFO - Processing /home/airflow/.local/lib/python3.8/site-packages/airflow/example_dags/example_sla_dag.py took 0.149 seconds
[2026-05-16T02:53:31.553+0000] {processor.py:161} INFO - Started process (PID=1277) to work on /home/airflow/.local/lib/python3.8/site-packages/airflow/example_dags/example_sla_dag.py
[2026-05-16T02:53:31.556+0000] {processor.py:830} INFO - Processing file /home/airflow/.local/lib/python3.8/site-packages/airflow/example_dags/example_sla_dag.py for tasks to queue
[2026-05-16T02:53:31.559+0000] {logging_mixin.py:188} INFO - [2026-05-16T02:53:31.558+0000] {dagbag.py:538} INFO - Filling up the DagBag from /home/airflow/.local/lib/python3.8/site-packages/airflow/example_dags/example_sla_dag.py
[2026-05-16T02:53:31.575+0000] {processor.py:840} INFO - DAG(s) 'example_sla_dag' retrieved from /home/airflow/.local/lib/python3.8/site-packages/airflow/example_dags/example_sla_dag.py
[2026-05-16T02:53:31.622+0000] {logging_mixin.py:188} INFO - [2026-05-16T02:53:31.622+0000] {dag.py:3036} INFO - Sync 1 DAGs
[2026-05-16T02:53:31.679+0000] {logging_mixin.py:188} INFO - [2026-05-16T02:53:31.678+0000] {dag.py:3823} INFO - Setting next_dagrun for example_sla_dag to 2026-05-16 02:50:00+00:00, run_after=2026-05-16 02:52:00+00:00
[2026-05-16T02:53:31.712+0000] {processor.py:183} INFO - Processing /home/airflow/.local/lib/python3.8/site-packages/airflow/example_dags/example_sla_dag.py took 0.164 seconds
[2026-05-16T02:54:01.770+0000] {processor.py:161} INFO - Started process (PID=1341) to work on /home/airflow/.local/lib/python3.8/site-packages/airflow/example_dags/example_sla_dag.py
[2026-05-16T02:54:01.771+0000] {processor.py:830} INFO - Processing file /home/airflow/.local/lib/python3.8/site-packages/airflow/example_dags/example_sla_dag.py for tasks to queue
[2026-05-16T02:54:01.774+0000] {logging_mixin.py:188} INFO - [2026-05-16T02:54:01.774+0000] {dagbag.py:538} INFO - Filling up the DagBag from /home/airflow/.local/lib/python3.8/site-packages/airflow/example_dags/example_sla_dag.py
[2026-05-16T02:54:01.788+0000] {processor.py:840} INFO - DAG(s) 'example_sla_dag' retrieved from /home/airflow/.local/lib/python3.8/site-packages/airflow/example_dags/example_sla_dag.py
[2026-05-16T02:54:01.824+0000] {logging_mixin.py:188} INFO - [2026-05-16T02:54:01.823+0000] {dag.py:3036} INFO - Sync 1 DAGs
[2026-05-16T02:54:01.878+0000] {logging_mixin.py:188} INFO - [2026-05-16T02:54:01.878+0000] {dag.py:3823} INFO - Setting next_dagrun for example_sla_dag to 2026-05-16 02:52:00+00:00, run_after=2026-05-16 02:54:00+00:00
[2026-05-16T02:54:01.915+0000] {processor.py:183} INFO - Processing /home/airflow/.local/lib/python3.8/site-packages/airflow/example_dags/example_sla_dag.py took 0.150 seconds
[2026-05-16T02:54:32.288+0000] {processor.py:161} INFO - Started process (PID=1406) to work on /home/airflow/.local/lib/python3.8/site-packages/airflow/example_dags/example_sla_dag.py
[2026-05-16T02:54:32.290+0000] {processor.py:830} INFO - Processing file /home/airflow/.local/lib/python3.8/site-packages/airflow/example_dags/example_sla_dag.py for tasks to queue
[2026-05-16T02:54:32.294+0000] {logging_mixin.py:188} INFO - [2026-05-16T02:54:32.293+0000] {dagbag.py:538} INFO - Filling up the DagBag from /home/airflow/.local/lib/python3.8/site-packages/airflow/example_dags/example_sla_dag.py
[2026-05-16T02:54:32.311+0000] {processor.py:840} INFO - DAG(s) 'example_sla_dag' retrieved from /home/airflow/.local/lib/python3.8/site-packages/airflow/example_dags/example_sla_dag.py
[2026-05-16T02:54:32.353+0000] {logging_mixin.py:188} INFO - [2026-05-16T02:54:32.352+0000] {dag.py:3036} INFO - Sync 1 DAGs
[2026-05-16T02:54:32.416+0000] {logging_mixin.py:188} INFO - [2026-05-16T02:54:32.416+0000] {dag.py:3823} INFO - Setting next_dagrun for example_sla_dag to 2026-05-16 02:52:00+00:00, run_after=2026-05-16 02:54:00+00:00
[2026-05-16T02:54:32.467+0000] {processor.py:183} INFO - Processing /home/airflow/.local/lib/python3.8/site-packages/airflow/example_dags/example_sla_dag.py took 0.185 seconds
[2026-05-16T02:55:02.898+0000] {processor.py:161} INFO - Started process (PID=1471) to work on /home/airflow/.local/lib/python3.8/site-packages/airflow/example_dags/example_sla_dag.py
[2026-05-16T02:55:02.900+0000] {processor.py:830} INFO - Processing file /home/airflow/.local/lib/python3.8/site-packages/airflow/example_dags/example_sla_dag.py for tasks to queue
[2026-05-16T02:55:02.903+0000] {logging_mixin.py:188} INFO - [2026-05-16T02:55:02.902+0000] {dagbag.py:538} INFO - Filling up the DagBag from /home/airflow/.local/lib/python3.8/site-packages/airflow/example_dags/example_sla_dag.py
[2026-05-16T02:55:02.928+0000] {processor.py:840} INFO - DAG(s) 'example_sla_dag' retrieved from /home/airflow/.local/lib/python3.8/site-packages/airflow/example_dags/example_sla_dag.py
[2026-05-16T02:55:02.988+0000] {logging_mixin.py:188} INFO - [2026-05-16T02:55:02.988+0000] {dag.py:3036} INFO - Sync 1 DAGs
[2026-05-16T02:55:03.042+0000] {logging_mixin.py:188} INFO - [2026-05-16T02:55:03.042+0000] {dag.py:3823} INFO - Setting next_dagrun for example_sla_dag to 2026-05-16 02:52:00+00:00, run_after=2026-05-16 02:54:00+00:00
[2026-05-16T02:55:03.120+0000] {processor.py:183} INFO - Processing /home/airflow/.local/lib/python3.8/site-packages/airflow/example_dags/example_sla_dag.py took 0.228 seconds
[2026-05-16T02:55:33.388+0000] {processor.py:161} INFO - Started process (PID=1538) to work on /home/airflow/.local/lib/python3.8/site-packages/airflow/example_dags/example_sla_dag.py
[2026-05-16T02:55:33.390+0000] {processor.py:830} INFO - Processing file /home/airflow/.local/lib/python3.8/site-packages/airflow/example_dags/example_sla_dag.py for tasks to queue
[2026-05-16T02:55:33.393+0000] {logging_mixin.py:188} INFO - [2026-05-16T02:55:33.393+0000] {dagbag.py:538} INFO - Filling up the DagBag from /home/airflow/.local/lib/python3.8/site-packages/airflow/example_dags/example_sla_dag.py
[2026-05-16T02:55:33.406+0000] {processor.py:840} INFO - DAG(s) 'example_sla_dag' retrieved from /home/airflow/.local/lib/python3.8/site-packages/airflow/example_dags/example_sla_dag.py
[2026-05-16T02:55:33.438+0000] {logging_mixin.py:188} INFO - [2026-05-16T02:55:33.438+0000] {dag.py:3036} INFO - Sync 1 DAGs
[2026-05-16T02:55:33.484+0000] {logging_mixin.py:188} INFO - [2026-05-16T02:55:33.484+0000] {dag.py:3823} INFO - Setting next_dagrun for example_sla_dag to 2026-05-16 02:52:00+00:00, run_after=2026-05-16 02:54:00+00:00
[2026-05-16T02:55:33.514+0000] {processor.py:183} INFO - Processing /home/airflow/.local/lib/python3.8/site-packages/airflow/example_dags/example_sla_dag.py took 0.131 seconds
[2026-05-16T02:56:03.661+0000] {processor.py:161} INFO - Started process (PID=1602) to work on /home/airflow/.local/lib/python3.8/site-packages/airflow/example_dags/example_sla_dag.py
[2026-05-16T02:56:03.662+0000] {processor.py:830} INFO - Processing file /home/airflow/.local/lib/python3.8/site-packages/airflow/example_dags/example_sla_dag.py for tasks to queue
[2026-05-16T02:56:03.665+0000] {logging_mixin.py:188} INFO - [2026-05-16T02:56:03.665+0000] {dagbag.py:538} INFO - Filling up the DagBag from /home/airflow/.local/lib/python3.8/site-packages/airflow/example_dags/example_sla_dag.py
[2026-05-16T02:56:03.681+0000] {processor.py:840} INFO - DAG(s) 'example_sla_dag' retrieved from /home/airflow/.local/lib/python3.8/site-packages/airflow/example_dags/example_sla_dag.py
[2026-05-16T02:56:03.720+0000] {logging_mixin.py:188} INFO - [2026-05-16T02:56:03.720+0000] {dag.py:3036} INFO - Sync 1 DAGs
[2026-05-16T02:56:03.773+0000] {logging_mixin.py:188} INFO - [2026-05-16T02:56:03.772+0000] {dag.py:3823} INFO - Setting next_dagrun for example_sla_dag to 2026-05-16 02:54:00+00:00, run_after=2026-05-16 02:56:00+00:00
[2026-05-16T02:56:03.808+0000] {processor.py:183} INFO - Processing /home/airflow/.local/lib/python3.8/site-packages/airflow/example_dags/example_sla_dag.py took 0.154 seconds
[2026-05-16T02:56:34.062+0000] {processor.py:161} INFO - Started process (PID=1667) to work on /home/airflow/.local/lib/python3.8/site-packages/airflow/example_dags/example_sla_dag.py
[2026-05-16T02:56:34.065+0000] {processor.py:830} INFO - Processing file /home/airflow/.local/lib/python3.8/site-packages/airflow/example_dags/example_sla_dag.py for tasks to queue
[2026-05-16T02:56:34.067+0000] {logging_mixin.py:188} INFO - [2026-05-16T02:56:34.067+0000] {dagbag.py:538} INFO - Filling up the DagBag from /home/airflow/.local/lib/python3.8/site-packages/airflow/example_dags/example_sla_dag.py
[2026-05-16T02:56:34.081+0000] {processor.py:840} INFO - DAG(s) 'example_sla_dag' retrieved from /home/airflow/.local/lib/python3.8/site-packages/airflow/example_dags/example_sla_dag.py
[2026-05-16T02:56:34.113+0000] {logging_mixin.py:188} INFO - [2026-05-16T02:56:34.112+0000] {dag.py:3036} INFO - Sync 1 DAGs
[2026-05-16T02:56:34.157+0000] {logging_mixin.py:188} INFO - [2026-05-16T02:56:34.156+0000] {dag.py:3823} INFO - Setting next_dagrun for example_sla_dag to 2026-05-16 02:54:00+00:00, run_after=2026-05-16 02:56:00+00:00
[2026-05-16T02:56:34.186+0000] {processor.py:183} INFO - Processing /home/airflow/.local/lib/python3.8/site-packages/airflow/example_dags/example_sla_dag.py took 0.130 seconds
[2026-05-16T02:57:04.471+0000] {processor.py:161} INFO - Started process (PID=1733) to work on /home/airflow/.local/lib/python3.8/site-packages/airflow/example_dags/example_sla_dag.py
[2026-05-16T02:57:04.472+0000] {processor.py:830} INFO - Processing file /home/airflow/.local/lib/python3.8/site-packages/airflow/example_dags/example_sla_dag.py for tasks to queue
[2026-05-16T02:57:04.476+0000] {logging_mixin.py:188} INFO - [2026-05-16T02:57:04.476+0000] {dagbag.py:538} INFO - Filling up the DagBag from /home/airflow/.local/lib/python3.8/site-packages/airflow/example_dags/example_sla_dag.py
[2026-05-16T02:57:04.491+0000] {processor.py:840} INFO - DAG(s) 'example_sla_dag' retrieved from /home/airflow/.local/lib/python3.8/site-packages/airflow/example_dags/example_sla_dag.py
[2026-05-16T02:57:04.526+0000] {logging_mixin.py:188} INFO - [2026-05-16T02:57:04.525+0000] {dag.py:3036} INFO - Sync 1 DAGs
[2026-05-16T02:57:04.577+0000] {logging_mixin.py:188} INFO - [2026-05-16T02:57:04.577+0000] {dag.py:3823} INFO - Setting next_dagrun for example_sla_dag to 2026-05-16 02:54:00+00:00, run_after=2026-05-16 02:56:00+00:00
[2026-05-16T02:57:04.611+0000] {processor.py:183} INFO - Processing /home/airflow/.local/lib/python3.8/site-packages/airflow/example_dags/example_sla_dag.py took 0.146 seconds
[2026-05-16T02:57:34.859+0000] {processor.py:161} INFO - Started process (PID=1799) to work on /home/airflow/.local/lib/python3.8/site-packages/airflow/example_dags/example_sla_dag.py
[2026-05-16T02:57:34.862+0000] {processor.py:830} INFO - Processing file /home/airflow/.local/lib/python3.8/site-packages/airflow/example_dags/example_sla_dag.py for tasks to queue
[2026-05-16T02:57:34.865+0000] {logging_mixin.py:188} INFO - [2026-05-16T02:57:34.864+0000] {dagbag.py:538} INFO - Filling up the DagBag from /home/airflow/.local/lib/python3.8/site-packages/airflow/example_dags/example_sla_dag.py
[2026-05-16T02:57:34.880+0000] {processor.py:840} INFO - DAG(s) 'example_sla_dag' retrieved from /home/airflow/.local/lib/python3.8/site-packages/airflow/example_dags/example_sla_dag.py
[2026-05-16T02:57:34.913+0000] {logging_mixin.py:188} INFO - [2026-05-16T02:57:34.913+0000] {dag.py:3036} INFO - Sync 1 DAGs
[2026-05-16T02:57:34.958+0000] {logging_mixin.py:188} INFO - [2026-05-16T02:57:34.957+0000] {dag.py:3823} INFO - Setting next_dagrun for example_sla_dag to 2026-05-16 02:54:00+00:00, run_after=2026-05-16 02:56:00+00:00
[2026-05-16T02:57:34.990+0000] {processor.py:183} INFO - Processing /home/airflow/.local/lib/python3.8/site-packages/airflow/example_dags/example_sla_dag.py took 0.136 seconds
[2026-05-16T02:58:05.130+0000] {processor.py:161} INFO - Started process (PID=1865) to work on /home/airflow/.local/lib/python3.8/site-packages/airflow/example_dags/example_sla_dag.py
[2026-05-16T02:58:05.131+0000] {processor.py:830} INFO - Processing file /home/airflow/.local/lib/python3.8/site-packages/airflow/example_dags/example_sla_dag.py for tasks to queue
[2026-05-16T02:58:05.134+0000] {logging_mixin.py:188} INFO - [2026-05-16T02:58:05.134+0000] {dagbag.py:538} INFO - Filling up the DagBag from /home/airflow/.local/lib/python3.8/site-packages/airflow/example_dags/example_sla_dag.py
[2026-05-16T02:58:05.150+0000] {processor.py:840} INFO - DAG(s) 'example_sla_dag' retrieved from /home/airflow/.local/lib/python3.8/site-packages/airflow/example_dags/example_sla_dag.py
[2026-05-16T02:58:05.183+0000] {logging_mixin.py:188} INFO - [2026-05-16T02:58:05.182+0000] {dag.py:3036} INFO - Sync 1 DAGs
[2026-05-16T02:58:05.224+0000] {logging_mixin.py:188} INFO - [2026-05-16T02:58:05.224+0000] {dag.py:3823} INFO - Setting next_dagrun for example_sla_dag to 2026-05-16 02:56:00+00:00, run_after=2026-05-16 02:58:00+00:00
[2026-05-16T02:58:05.254+0000] {processor.py:183} INFO - Processing /home/airflow/.local/lib/python3.8/site-packages/airflow/example_dags/example_sla_dag.py took 0.129 seconds
[2026-05-16T02:58:35.339+0000] {processor.py:161} INFO - Started process (PID=1930) to work on /home/airflow/.local/lib/python3.8/site-packages/airflow/example_dags/example_sla_dag.py
[2026-05-16T02:58:35.341+0000] {processor.py:830} INFO - Processing file /home/airflow/.local/lib/python3.8/site-packages/airflow/example_dags/example_sla_dag.py for tasks to queue
[2026-05-16T02:58:35.344+0000] {logging_mixin.py:188} INFO - [2026-05-16T02:58:35.343+0000] {dagbag.py:538} INFO - Filling up the DagBag from /home/airflow/.local/lib/python3.8/site-packages/airflow/example_dags/example_sla_dag.py
[2026-05-16T02:58:35.359+0000] {processor.py:840} INFO - DAG(s) 'example_sla_dag' retrieved from /home/airflow/.local/lib/python3.8/site-packages/airflow/example_dags/example_sla_dag.py
[2026-05-16T02:58:35.393+0000] {logging_mixin.py:188} INFO - [2026-05-16T02:58:35.392+0000] {dag.py:3036} INFO - Sync 1 DAGs
[2026-05-16T02:58:35.438+0000] {logging_mixin.py:188} INFO - [2026-05-16T02:58:35.437+0000] {dag.py:3823} INFO - Setting next_dagrun for example_sla_dag to 2026-05-16 02:56:00+00:00, run_after=2026-05-16 02:58:00+00:00
[2026-05-16T02:58:35.471+0000] {processor.py:183} INFO - Processing /home/airflow/.local/lib/python3.8/site-packages/airflow/example_dags/example_sla_dag.py took 0.137 seconds
[2026-05-16T02:59:06.055+0000] {processor.py:161} INFO - Started process (PID=1995) to work on /home/airflow/.local/lib/python3.8/site-packages/airflow/example_dags/example_sla_dag.py
[2026-05-16T02:59:06.056+0000] {processor.py:830} INFO - Processing file /home/airflow/.local/lib/python3.8/site-packages/airflow/example_dags/example_sla_dag.py for tasks to queue
[2026-05-16T02:59:06.059+0000] {logging_mixin.py:188} INFO - [2026-05-16T02:59:06.058+0000] {dagbag.py:538} INFO - Filling up the DagBag from /home/airflow/.local/lib/python3.8/site-packages/airflow/example_dags/example_sla_dag.py
[2026-05-16T02:59:06.073+0000] {processor.py:840} INFO - DAG(s) 'example_sla_dag' retrieved from /home/airflow/.local/lib/python3.8/site-packages/airflow/example_dags/example_sla_dag.py
[2026-05-16T02:59:06.114+0000] {logging_mixin.py:188} INFO - [2026-05-16T02:59:06.113+0000] {dag.py:3036} INFO - Sync 1 DAGs
[2026-05-16T02:59:06.168+0000] {logging_mixin.py:188} INFO - [2026-05-16T02:59:06.168+0000] {dag.py:3823} INFO - Setting next_dagrun for example_sla_dag to 2026-05-16 02:56:00+00:00, run_after=2026-05-16 02:58:00+00:00
[2026-05-16T02:59:06.199+0000] {processor.py:183} INFO - Processing /home/airflow/.local/lib/python3.8/site-packages/airflow/example_dags/example_sla_dag.py took 0.150 seconds
[2026-05-16T02:59:36.859+0000] {processor.py:161} INFO - Started process (PID=2066) to work on /home/airflow/.local/lib/python3.8/site-packages/airflow/example_dags/example_sla_dag.py
[2026-05-16T02:59:36.861+0000] {processor.py:830} INFO - Processing file /home/airflow/.local/lib/python3.8/site-packages/airflow/example_dags/example_sla_dag.py for tasks to queue
[2026-05-16T02:59:36.864+0000] {logging_mixin.py:188} INFO - [2026-05-16T02:59:36.864+0000] {dagbag.py:538} INFO - Filling up the DagBag from /home/airflow/.local/lib/python3.8/site-packages/airflow/example_dags/example_sla_dag.py
[2026-05-16T02:59:36.882+0000] {processor.py:840} INFO - DAG(s) 'example_sla_dag' retrieved from /home/airflow/.local/lib/python3.8/site-packages/airflow/example_dags/example_sla_dag.py
[2026-05-16T02:59:36.923+0000] {logging_mixin.py:188} INFO - [2026-05-16T02:59:36.923+0000] {dag.py:3036} INFO - Sync 1 DAGs
[2026-05-16T02:59:36.978+0000] {logging_mixin.py:188} INFO - [2026-05-16T02:59:36.978+0000] {dag.py:3823} INFO - Setting next_dagrun for example_sla_dag to 2026-05-16 02:56:00+00:00, run_after=2026-05-16 02:58:00+00:00
[2026-05-16T02:59:37.012+0000] {processor.py:183} INFO - Processing /home/airflow/.local/lib/python3.8/site-packages/airflow/example_dags/example_sla_dag.py took 0.160 seconds
[2026-05-16T03:00:07.894+0000] {processor.py:161} INFO - Started process (PID=2132) to work on /home/airflow/.local/lib/python3.8/site-packages/airflow/example_dags/example_sla_dag.py
[2026-05-16T03:00:07.897+0000] {processor.py:830} INFO - Processing file /home/airflow/.local/lib/python3.8/site-packages/airflow/example_dags/example_sla_dag.py for tasks to queue
[2026-05-16T03:00:07.901+0000] {logging_mixin.py:188} INFO - [2026-05-16T03:00:07.900+0000] {dagbag.py:538} INFO - Filling up the DagBag from /home/airflow/.local/lib/python3.8/site-packages/airflow/example_dags/example_sla_dag.py
[2026-05-16T03:00:07.918+0000] {processor.py:840} INFO - DAG(s) 'example_sla_dag' retrieved from /home/airflow/.local/lib/python3.8/site-packages/airflow/example_dags/example_sla_dag.py
[2026-05-16T03:00:07.959+0000] {logging_mixin.py:188} INFO - [2026-05-16T03:00:07.959+0000] {dag.py:3036} INFO - Sync 1 DAGs
[2026-05-16T03:00:08.015+0000] {logging_mixin.py:188} INFO - [2026-05-16T03:00:08.015+0000] {dag.py:3823} INFO - Setting next_dagrun for example_sla_dag to 2026-05-16 02:58:00+00:00, run_after=2026-05-16 03:00:00+00:00
[2026-05-16T03:00:08.059+0000] {processor.py:183} INFO - Processing /home/airflow/.local/lib/python3.8/site-packages/airflow/example_dags/example_sla_dag.py took 0.171 seconds
[2026-05-16T03:00:38.422+0000] {processor.py:161} INFO - Started process (PID=2197) to work on /home/airflow/.local/lib/python3.8/site-packages/airflow/example_dags/example_sla_dag.py
[2026-05-16T03:00:38.425+0000] {processor.py:830} INFO - Processing file /home/airflow/.local/lib/python3.8/site-packages/airflow/example_dags/example_sla_dag.py for tasks to queue
[2026-05-16T03:00:38.428+0000] {logging_mixin.py:188} INFO - [2026-05-16T03:00:38.427+0000] {dagbag.py:538} INFO - Filling up the DagBag from /home/airflow/.local/lib/python3.8/site-packages/airflow/example_dags/example_sla_dag.py
[2026-05-16T03:00:38.444+0000] {processor.py:840} INFO - DAG(s) 'example_sla_dag' retrieved from /home/airflow/.local/lib/python3.8/site-packages/airflow/example_dags/example_sla_dag.py
[2026-05-16T03:00:38.485+0000] {logging_mixin.py:188} INFO - [2026-05-16T03:00:38.484+0000] {dag.py:3036} INFO - Sync 1 DAGs
[2026-05-16T03:00:38.527+0000] {logging_mixin.py:188} INFO - [2026-05-16T03:00:38.526+0000] {dag.py:3823} INFO - Setting next_dagrun for example_sla_dag to 2026-05-16 02:58:00+00:00, run_after=2026-05-16 03:00:00+00:00
[2026-05-16T03:00:38.557+0000] {processor.py:183} INFO - Processing /home/airflow/.local/lib/python3.8/site-packages/airflow/example_dags/example_sla_dag.py took 0.141 seconds
[2026-05-16T03:01:08.890+0000] {processor.py:161} INFO - Started process (PID=2261) to work on /home/airflow/.local/lib/python3.8/site-packages/airflow/example_dags/example_sla_dag.py
[2026-05-16T03:01:08.892+0000] {processor.py:830} INFO - Processing file /home/airflow/.local/lib/python3.8/site-packages/airflow/example_dags/example_sla_dag.py for tasks to queue
[2026-05-16T03:01:08.895+0000] {logging_mixin.py:188} INFO - [2026-05-16T03:01:08.894+0000] {dagbag.py:538} INFO - Filling up the DagBag from /home/airflow/.local/lib/python3.8/site-packages/airflow/example_dags/example_sla_dag.py
[2026-05-16T03:01:08.910+0000] {processor.py:840} INFO - DAG(s) 'example_sla_dag' retrieved from /home/airflow/.local/lib/python3.8/site-packages/airflow/example_dags/example_sla_dag.py
[2026-05-16T03:01:08.957+0000] {logging_mixin.py:188} INFO - [2026-05-16T03:01:08.957+0000] {dag.py:3036} INFO - Sync 1 DAGs
[2026-05-16T03:01:09.011+0000] {logging_mixin.py:188} INFO - [2026-05-16T03:01:09.011+0000] {dag.py:3823} INFO - Setting next_dagrun for example_sla_dag to 2026-05-16 02:58:00+00:00, run_after=2026-05-16 03:00:00+00:00
[2026-05-16T03:01:09.043+0000] {processor.py:183} INFO - Processing /home/airflow/.local/lib/python3.8/site-packages/airflow/example_dags/example_sla_dag.py took 0.158 seconds
[2026-05-16T03:01:39.144+0000] {processor.py:161} INFO - Started process (PID=2328) to work on /home/airflow/.local/lib/python3.8/site-packages/airflow/example_dags/example_sla_dag.py
[2026-05-16T03:01:39.146+0000] {processor.py:830} INFO - Processing file /home/airflow/.local/lib/python3.8/site-packages/airflow/example_dags/example_sla_dag.py for tasks to queue
[2026-05-16T03:01:39.149+0000] {logging_mixin.py:188} INFO - [2026-05-16T03:01:39.148+0000] {dagbag.py:538} INFO - Filling up the DagBag from /home/airflow/.local/lib/python3.8/site-packages/airflow/example_dags/example_sla_dag.py
[2026-05-16T03:01:39.163+0000] {processor.py:840} INFO - DAG(s) 'example_sla_dag' retrieved from /home/airflow/.local/lib/python3.8/site-packages/airflow/example_dags/example_sla_dag.py
[2026-05-16T03:01:39.205+0000] {logging_mixin.py:188} INFO - [2026-05-16T03:01:39.204+0000] {dag.py:3036} INFO - Sync 1 DAGs
[2026-05-16T03:01:39.253+0000] {logging_mixin.py:188} INFO - [2026-05-16T03:01:39.253+0000] {dag.py:3823} INFO - Setting next_dagrun for example_sla_dag to 2026-05-16 02:58:00+00:00, run_after=2026-05-16 03:00:00+00:00
[2026-05-16T03:01:39.286+0000] {processor.py:183} INFO - Processing /home/airflow/.local/lib/python3.8/site-packages/airflow/example_dags/example_sla_dag.py took 0.148 seconds
[2026-05-16T03:02:09.845+0000] {processor.py:161} INFO - Started process (PID=2393) to work on /home/airflow/.local/lib/python3.8/site-packages/airflow/example_dags/example_sla_dag.py
[2026-05-16T03:02:09.847+0000] {processor.py:830} INFO - Processing file /home/airflow/.local/lib/python3.8/site-packages/airflow/example_dags/example_sla_dag.py for tasks to queue
[2026-05-16T03:02:09.850+0000] {logging_mixin.py:188} INFO - [2026-05-16T03:02:09.849+0000] {dagbag.py:538} INFO - Filling up the DagBag from /home/airflow/.local/lib/python3.8/site-packages/airflow/example_dags/example_sla_dag.py
[2026-05-16T03:02:09.865+0000] {processor.py:840} INFO - DAG(s) 'example_sla_dag' retrieved from /home/airflow/.local/lib/python3.8/site-packages/airflow/example_dags/example_sla_dag.py
[2026-05-16T03:02:09.902+0000] {logging_mixin.py:188} INFO - [2026-05-16T03:02:09.901+0000] {dag.py:3036} INFO - Sync 1 DAGs
[2026-05-16T03:02:09.953+0000] {logging_mixin.py:188} INFO - [2026-05-16T03:02:09.953+0000] {dag.py:3823} INFO - Setting next_dagrun for example_sla_dag to 2026-05-16 03:00:00+00:00, run_after=2026-05-16 03:02:00+00:00
[2026-05-16T03:02:09.986+0000] {processor.py:183} INFO - Processing /home/airflow/.local/lib/python3.8/site-packages/airflow/example_dags/example_sla_dag.py took 0.145 seconds
[2026-05-16T03:02:40.527+0000] {processor.py:161} INFO - Started process (PID=2459) to work on /home/airflow/.local/lib/python3.8/site-packages/airflow/example_dags/example_sla_dag.py
[2026-05-16T03:02:40.528+0000] {processor.py:830} INFO - Processing file /home/airflow/.local/lib/python3.8/site-packages/airflow/example_dags/example_sla_dag.py for tasks to queue
[2026-05-16T03:02:40.531+0000] {logging_mixin.py:188} INFO - [2026-05-16T03:02:40.530+0000] {dagbag.py:538} INFO - Filling up the DagBag from /home/airflow/.local/lib/python3.8/site-packages/airflow/example_dags/example_sla_dag.py
[2026-05-16T03:02:40.546+0000] {processor.py:840} INFO - DAG(s) 'example_sla_dag' retrieved from /home/airflow/.local/lib/python3.8/site-packages/airflow/example_dags/example_sla_dag.py
[2026-05-16T03:02:40.588+0000] {logging_mixin.py:188} INFO - [2026-05-16T03:02:40.588+0000] {dag.py:3036} INFO - Sync 1 DAGs
[2026-05-16T03:02:40.635+0000] {logging_mixin.py:188} INFO - [2026-05-16T03:02:40.635+0000] {dag.py:3823} INFO - Setting next_dagrun for example_sla_dag to 2026-05-16 03:00:00+00:00, run_after=2026-05-16 03:02:00+00:00
[2026-05-16T03:02:40.676+0000] {processor.py:183} INFO - Processing /home/airflow/.local/lib/python3.8/site-packages/airflow/example_dags/example_sla_dag.py took 0.155 seconds
[2026-05-16T03:03:11.116+0000] {processor.py:161} INFO - Started process (PID=2524) to work on /home/airflow/.local/lib/python3.8/site-packages/airflow/example_dags/example_sla_dag.py
[2026-05-16T03:03:11.119+0000] {processor.py:830} INFO - Processing file /home/airflow/.local/lib/python3.8/site-packages/airflow/example_dags/example_sla_dag.py for tasks to queue
[2026-05-16T03:03:11.122+0000] {logging_mixin.py:188} INFO - [2026-05-16T03:03:11.121+0000] {dagbag.py:538} INFO - Filling up the DagBag from /home/airflow/.local/lib/python3.8/site-packages/airflow/example_dags/example_sla_dag.py
[2026-05-16T03:03:11.139+0000] {processor.py:840} INFO - DAG(s) 'example_sla_dag' retrieved from /home/airflow/.local/lib/python3.8/site-packages/airflow/example_dags/example_sla_dag.py
[2026-05-16T03:03:11.191+0000] {logging_mixin.py:188} INFO - [2026-05-16T03:03:11.190+0000] {dag.py:3036} INFO - Sync 1 DAGs
[2026-05-16T03:03:11.244+0000] {logging_mixin.py:188} INFO - [2026-05-16T03:03:11.244+0000] {dag.py:3823} INFO - Setting next_dagrun for example_sla_dag to 2026-05-16 03:00:00+00:00, run_after=2026-05-16 03:02:00+00:00
[2026-05-16T03:03:11.278+0000] {processor.py:183} INFO - Processing /home/airflow/.local/lib/python3.8/site-packages/airflow/example_dags/example_sla_dag.py took 0.168 seconds
[2026-05-16T03:03:41.715+0000] {processor.py:161} INFO - Started process (PID=2589) to work on /home/airflow/.local/lib/python3.8/site-packages/airflow/example_dags/example_sla_dag.py
[2026-05-16T03:03:41.716+0000] {processor.py:830} INFO - Processing file /home/airflow/.local/lib/python3.8/site-packages/airflow/example_dags/example_sla_dag.py for tasks to queue
[2026-05-16T03:03:41.719+0000] {logging_mixin.py:188} INFO - [2026-05-16T03:03:41.719+0000] {dagbag.py:538} INFO - Filling up the DagBag from /home/airflow/.local/lib/python3.8/site-packages/airflow/example_dags/example_sla_dag.py
[2026-05-16T03:03:41.735+0000] {processor.py:840} INFO - DAG(s) 'example_sla_dag' retrieved from /home/airflow/.local/lib/python3.8/site-packages/airflow/example_dags/example_sla_dag.py
[2026-05-16T03:03:41.771+0000] {logging_mixin.py:188} INFO - [2026-05-16T03:03:41.771+0000] {dag.py:3036} INFO - Sync 1 DAGs
[2026-05-16T03:03:41.818+0000] {logging_mixin.py:188} INFO - [2026-05-16T03:03:41.818+0000] {dag.py:3823} INFO - Setting next_dagrun for example_sla_dag to 2026-05-16 03:00:00+00:00, run_after=2026-05-16 03:02:00+00:00
[2026-05-16T03:03:41.850+0000] {processor.py:183} INFO - Processing /home/airflow/.local/lib/python3.8/site-packages/airflow/example_dags/example_sla_dag.py took 0.141 seconds
[2026-05-16T03:04:12.330+0000] {processor.py:161} INFO - Started process (PID=2654) to work on /home/airflow/.local/lib/python3.8/site-packages/airflow/example_dags/example_sla_dag.py
[2026-05-16T03:04:12.333+0000] {processor.py:830} INFO - Processing file /home/airflow/.local/lib/python3.8/site-packages/airflow/example_dags/example_sla_dag.py for tasks to queue
[2026-05-16T03:04:12.337+0000] {logging_mixin.py:188} INFO - [2026-05-16T03:04:12.336+0000] {dagbag.py:538} INFO - Filling up the DagBag from /home/airflow/.local/lib/python3.8/site-packages/airflow/example_dags/example_sla_dag.py
[2026-05-16T03:04:12.352+0000] {processor.py:840} INFO - DAG(s) 'example_sla_dag' retrieved from /home/airflow/.local/lib/python3.8/site-packages/airflow/example_dags/example_sla_dag.py
[2026-05-16T03:04:12.386+0000] {logging_mixin.py:188} INFO - [2026-05-16T03:04:12.386+0000] {dag.py:3036} INFO - Sync 1 DAGs
[2026-05-16T03:04:12.434+0000] {logging_mixin.py:188} INFO - [2026-05-16T03:04:12.434+0000] {dag.py:3823} INFO - Setting next_dagrun for example_sla_dag to 2026-05-16 03:02:00+00:00, run_after=2026-05-16 03:04:00+00:00
[2026-05-16T03:04:12.469+0000] {processor.py:183} INFO - Processing /home/airflow/.local/lib/python3.8/site-packages/airflow/example_dags/example_sla_dag.py took 0.144 seconds
[2026-05-16T03:04:42.528+0000] {processor.py:161} INFO - Started process (PID=2717) to work on /home/airflow/.local/lib/python3.8/site-packages/airflow/example_dags/example_sla_dag.py
[2026-05-16T03:04:42.529+0000] {processor.py:830} INFO - Processing file /home/airflow/.local/lib/python3.8/site-packages/airflow/example_dags/example_sla_dag.py for tasks to queue
[2026-05-16T03:04:42.532+0000] {logging_mixin.py:188} INFO - [2026-05-16T03:04:42.532+0000] {dagbag.py:538} INFO - Filling up the DagBag from /home/airflow/.local/lib/python3.8/site-packages/airflow/example_dags/example_sla_dag.py
[2026-05-16T03:04:42.548+0000] {processor.py:840} INFO - DAG(s) 'example_sla_dag' retrieved from /home/airflow/.local/lib/python3.8/site-packages/airflow/example_dags/example_sla_dag.py
[2026-05-16T03:04:42.582+0000] {logging_mixin.py:188} INFO - [2026-05-16T03:04:42.582+0000] {dag.py:3036} INFO - Sync 1 DAGs
[2026-05-16T03:04:42.627+0000] {logging_mixin.py:188} INFO - [2026-05-16T03:04:42.627+0000] {dag.py:3823} INFO - Setting next_dagrun for example_sla_dag to 2026-05-16 03:02:00+00:00, run_after=2026-05-16 03:04:00+00:00
[2026-05-16T03:04:42.660+0000] {processor.py:183} INFO - Processing /home/airflow/.local/lib/python3.8/site-packages/airflow/example_dags/example_sla_dag.py took 0.137 seconds
[2026-05-16T03:05:13.085+0000] {processor.py:161} INFO - Started process (PID=2783) to work on /home/airflow/.local/lib/python3.8/site-packages/airflow/example_dags/example_sla_dag.py
[2026-05-16T03:05:13.088+0000] {processor.py:830} INFO - Processing file /home/airflow/.local/lib/python3.8/site-packages/airflow/example_dags/example_sla_dag.py for tasks to queue
[2026-05-16T03:05:13.091+0000] {logging_mixin.py:188} INFO - [2026-05-16T03:05:13.090+0000] {dagbag.py:538} INFO - Filling up the DagBag from /home/airflow/.local/lib/python3.8/site-packages/airflow/example_dags/example_sla_dag.py
[2026-05-16T03:05:13.107+0000] {processor.py:840} INFO - DAG(s) 'example_sla_dag' retrieved from /home/airflow/.local/lib/python3.8/site-packages/airflow/example_dags/example_sla_dag.py
[2026-05-16T03:05:13.141+0000] {logging_mixin.py:188} INFO - [2026-05-16T03:05:13.141+0000] {dag.py:3036} INFO - Sync 1 DAGs
[2026-05-16T03:05:13.189+0000] {logging_mixin.py:188} INFO - [2026-05-16T03:05:13.188+0000] {dag.py:3823} INFO - Setting next_dagrun for example_sla_dag to 2026-05-16 03:02:00+00:00, run_after=2026-05-16 03:04:00+00:00
[2026-05-16T03:05:13.218+0000] {processor.py:183} INFO - Processing /home/airflow/.local/lib/python3.8/site-packages/airflow/example_dags/example_sla_dag.py took 0.139 seconds
[2026-05-16T03:05:43.550+0000] {processor.py:161} INFO - Started process (PID=2848) to work on /home/airflow/.local/lib/python3.8/site-packages/airflow/example_dags/example_sla_dag.py
[2026-05-16T03:05:43.552+0000] {processor.py:830} INFO - Processing file /home/airflow/.local/lib/python3.8/site-packages/airflow/example_dags/example_sla_dag.py for tasks to queue
[2026-05-16T03:05:43.555+0000] {logging_mixin.py:188} INFO - [2026-05-16T03:05:43.554+0000] {dagbag.py:538} INFO - Filling up the DagBag from /home/airflow/.local/lib/python3.8/site-packages/airflow/example_dags/example_sla_dag.py
[2026-05-16T03:05:43.569+0000] {processor.py:840} INFO - DAG(s) 'example_sla_dag' retrieved from /home/airflow/.local/lib/python3.8/site-packages/airflow/example_dags/example_sla_dag.py
[2026-05-16T03:05:43.602+0000] {logging_mixin.py:188} INFO - [2026-05-16T03:05:43.602+0000] {dag.py:3036} INFO - Sync 1 DAGs
[2026-05-16T03:05:43.653+0000] {logging_mixin.py:188} INFO - [2026-05-16T03:05:43.653+0000] {dag.py:3823} INFO - Setting next_dagrun for example_sla_dag to 2026-05-16 03:02:00+00:00, run_after=2026-05-16 03:04:00+00:00
[2026-05-16T03:05:43.686+0000] {processor.py:183} INFO - Processing /home/airflow/.local/lib/python3.8/site-packages/airflow/example_dags/example_sla_dag.py took 0.141 seconds
[2026-05-16T03:06:14.155+0000] {processor.py:161} INFO - Started process (PID=2922) to work on /home/airflow/.local/lib/python3.8/site-packages/airflow/example_dags/example_sla_dag.py
[2026-05-16T03:06:14.156+0000] {processor.py:830} INFO - Processing file /home/airflow/.local/lib/python3.8/site-packages/airflow/example_dags/example_sla_dag.py for tasks to queue
[2026-05-16T03:06:14.159+0000] {logging_mixin.py:188} INFO - [2026-05-16T03:06:14.159+0000] {dagbag.py:538} INFO - Filling up the DagBag from /home/airflow/.local/lib/python3.8/site-packages/airflow/example_dags/example_sla_dag.py
[2026-05-16T03:06:14.174+0000] {processor.py:840} INFO - DAG(s) 'example_sla_dag' retrieved from /home/airflow/.local/lib/python3.8/site-packages/airflow/example_dags/example_sla_dag.py
[2026-05-16T03:06:14.214+0000] {logging_mixin.py:188} INFO - [2026-05-16T03:06:14.214+0000] {dag.py:3036} INFO - Sync 1 DAGs
[2026-05-16T03:06:14.264+0000] {logging_mixin.py:188} INFO - [2026-05-16T03:06:14.264+0000] {dag.py:3823} INFO - Setting next_dagrun for example_sla_dag to 2026-05-16 03:04:00+00:00, run_after=2026-05-16 03:06:00+00:00
[2026-05-16T03:06:14.297+0000] {processor.py:183} INFO - Processing /home/airflow/.local/lib/python3.8/site-packages/airflow/example_dags/example_sla_dag.py took 0.148 seconds
[2026-05-16T03:06:44.496+0000] {processor.py:161} INFO - Started process (PID=2987) to work on /home/airflow/.local/lib/python3.8/site-packages/airflow/example_dags/example_sla_dag.py
[2026-05-16T03:06:44.498+0000] {processor.py:830} INFO - Processing file /home/airflow/.local/lib/python3.8/site-packages/airflow/example_dags/example_sla_dag.py for tasks to queue
[2026-05-16T03:06:44.501+0000] {logging_mixin.py:188} INFO - [2026-05-16T03:06:44.500+0000] {dagbag.py:538} INFO - Filling up the DagBag from /home/airflow/.local/lib/python3.8/site-packages/airflow/example_dags/example_sla_dag.py
[2026-05-16T03:06:44.518+0000] {processor.py:840} INFO - DAG(s) 'example_sla_dag' retrieved from /home/airflow/.local/lib/python3.8/site-packages/airflow/example_dags/example_sla_dag.py
[2026-05-16T03:06:44.558+0000] {logging_mixin.py:188} INFO - [2026-05-16T03:06:44.558+0000] {dag.py:3036} INFO - Sync 1 DAGs
[2026-05-16T03:06:44.609+0000] {logging_mixin.py:188} INFO - [2026-05-16T03:06:44.608+0000] {dag.py:3823} INFO - Setting next_dagrun for example_sla_dag to 2026-05-16 03:04:00+00:00, run_after=2026-05-16 03:06:00+00:00
[2026-05-16T03:06:44.645+0000] {processor.py:183} INFO - Processing /home/airflow/.local/lib/python3.8/site-packages/airflow/example_dags/example_sla_dag.py took 0.155 seconds
[2026-05-16T03:07:14.873+0000] {processor.py:161} INFO - Started process (PID=3052) to work on /home/airflow/.local/lib/python3.8/site-packages/airflow/example_dags/example_sla_dag.py
[2026-05-16T03:07:14.874+0000] {processor.py:830} INFO - Processing file /home/airflow/.local/lib/python3.8/site-packages/airflow/example_dags/example_sla_dag.py for tasks to queue
[2026-05-16T03:07:14.877+0000] {logging_mixin.py:188} INFO - [2026-05-16T03:07:14.877+0000] {dagbag.py:538} INFO - Filling up the DagBag from /home/airflow/.local/lib/python3.8/site-packages/airflow/example_dags/example_sla_dag.py
[2026-05-16T03:07:14.895+0000] {processor.py:840} INFO - DAG(s) 'example_sla_dag' retrieved from /home/airflow/.local/lib/python3.8/site-packages/airflow/example_dags/example_sla_dag.py
[2026-05-16T03:07:14.944+0000] {logging_mixin.py:188} INFO - [2026-05-16T03:07:14.944+0000] {dag.py:3036} INFO - Sync 1 DAGs
[2026-05-16T03:07:15.000+0000] {logging_mixin.py:188} INFO - [2026-05-16T03:07:14.999+0000] {dag.py:3823} INFO - Setting next_dagrun for example_sla_dag to 2026-05-16 03:04:00+00:00, run_after=2026-05-16 03:06:00+00:00
[2026-05-16T03:07:15.032+0000] {processor.py:183} INFO - Processing /home/airflow/.local/lib/python3.8/site-packages/airflow/example_dags/example_sla_dag.py took 0.165 seconds
[2026-05-16T03:07:45.173+0000] {processor.py:161} INFO - Started process (PID=3117) to work on /home/airflow/.local/lib/python3.8/site-packages/airflow/example_dags/example_sla_dag.py
[2026-05-16T03:07:45.175+0000] {processor.py:830} INFO - Processing file /home/airflow/.local/lib/python3.8/site-packages/airflow/example_dags/example_sla_dag.py for tasks to queue
[2026-05-16T03:07:45.178+0000] {logging_mixin.py:188} INFO - [2026-05-16T03:07:45.178+0000] {dagbag.py:538} INFO - Filling up the DagBag from /home/airflow/.local/lib/python3.8/site-packages/airflow/example_dags/example_sla_dag.py
[2026-05-16T03:07:45.195+0000] {processor.py:840} INFO - DAG(s) 'example_sla_dag' retrieved from /home/airflow/.local/lib/python3.8/site-packages/airflow/example_dags/example_sla_dag.py
[2026-05-16T03:07:45.237+0000] {logging_mixin.py:188} INFO - [2026-05-16T03:07:45.236+0000] {dag.py:3036} INFO - Sync 1 DAGs
[2026-05-16T03:07:45.287+0000] {logging_mixin.py:188} INFO - [2026-05-16T03:07:45.287+0000] {dag.py:3823} INFO - Setting next_dagrun for example_sla_dag to 2026-05-16 03:04:00+00:00, run_after=2026-05-16 03:06:00+00:00
[2026-05-16T03:07:45.337+0000] {processor.py:183} INFO - Processing /home/airflow/.local/lib/python3.8/site-packages/airflow/example_dags/example_sla_dag.py took 0.171 seconds
[2026-05-16T03:08:15.623+0000] {processor.py:161} INFO - Started process (PID=3182) to work on /home/airflow/.local/lib/python3.8/site-packages/airflow/example_dags/example_sla_dag.py
[2026-05-16T03:08:15.625+0000] {processor.py:830} INFO - Processing file /home/airflow/.local/lib/python3.8/site-packages/airflow/example_dags/example_sla_dag.py for tasks to queue
[2026-05-16T03:08:15.628+0000] {logging_mixin.py:188} INFO - [2026-05-16T03:08:15.628+0000] {dagbag.py:538} INFO - Filling up the DagBag from /home/airflow/.local/lib/python3.8/site-packages/airflow/example_dags/example_sla_dag.py
[2026-05-16T03:08:15.647+0000] {processor.py:840} INFO - DAG(s) 'example_sla_dag' retrieved from /home/airflow/.local/lib/python3.8/site-packages/airflow/example_dags/example_sla_dag.py
[2026-05-16T03:08:15.688+0000] {logging_mixin.py:188} INFO - [2026-05-16T03:08:15.687+0000] {dag.py:3036} INFO - Sync 1 DAGs
[2026-05-16T03:08:15.741+0000] {logging_mixin.py:188} INFO - [2026-05-16T03:08:15.741+0000] {dag.py:3823} INFO - Setting next_dagrun for example_sla_dag to 2026-05-16 03:06:00+00:00, run_after=2026-05-16 03:08:00+00:00
[2026-05-16T03:08:15.776+0000] {processor.py:183} INFO - Processing /home/airflow/.local/lib/python3.8/site-packages/airflow/example_dags/example_sla_dag.py took 0.159 seconds
[2026-05-16T03:08:46.037+0000] {processor.py:161} INFO - Started process (PID=3248) to work on /home/airflow/.local/lib/python3.8/site-packages/airflow/example_dags/example_sla_dag.py
[2026-05-16T03:08:46.040+0000] {processor.py:830} INFO - Processing file /home/airflow/.local/lib/python3.8/site-packages/airflow/example_dags/example_sla_dag.py for tasks to queue
[2026-05-16T03:08:46.043+0000] {logging_mixin.py:188} INFO - [2026-05-16T03:08:46.042+0000] {dagbag.py:538} INFO - Filling up the DagBag from /home/airflow/.local/lib/python3.8/site-packages/airflow/example_dags/example_sla_dag.py
[2026-05-16T03:08:46.057+0000] {processor.py:840} INFO - DAG(s) 'example_sla_dag' retrieved from /home/airflow/.local/lib/python3.8/site-packages/airflow/example_dags/example_sla_dag.py
[2026-05-16T03:08:46.094+0000] {logging_mixin.py:188} INFO - [2026-05-16T03:08:46.094+0000] {dag.py:3036} INFO - Sync 1 DAGs
[2026-05-16T03:08:46.141+0000] {logging_mixin.py:188} INFO - [2026-05-16T03:08:46.141+0000] {dag.py:3823} INFO - Setting next_dagrun for example_sla_dag to 2026-05-16 03:06:00+00:00, run_after=2026-05-16 03:08:00+00:00
[2026-05-16T03:08:46.170+0000] {processor.py:183} INFO - Processing /home/airflow/.local/lib/python3.8/site-packages/airflow/example_dags/example_sla_dag.py took 0.138 seconds
[2026-05-16T03:09:16.742+0000] {processor.py:161} INFO - Started process (PID=3313) to work on /home/airflow/.local/lib/python3.8/site-packages/airflow/example_dags/example_sla_dag.py
[2026-05-16T03:09:16.744+0000] {processor.py:830} INFO - Processing file /home/airflow/.local/lib/python3.8/site-packages/airflow/example_dags/example_sla_dag.py for tasks to queue
[2026-05-16T03:09:16.747+0000] {logging_mixin.py:188} INFO - [2026-05-16T03:09:16.746+0000] {dagbag.py:538} INFO - Filling up the DagBag from /home/airflow/.local/lib/python3.8/site-packages/airflow/example_dags/example_sla_dag.py
[2026-05-16T03:09:16.761+0000] {processor.py:840} INFO - DAG(s) 'example_sla_dag' retrieved from /home/airflow/.local/lib/python3.8/site-packages/airflow/example_dags/example_sla_dag.py
[2026-05-16T03:09:16.800+0000] {logging_mixin.py:188} INFO - [2026-05-16T03:09:16.799+0000] {dag.py:3036} INFO - Sync 1 DAGs
[2026-05-16T03:09:16.851+0000] {logging_mixin.py:188} INFO - [2026-05-16T03:09:16.851+0000] {dag.py:3823} INFO - Setting next_dagrun for example_sla_dag to 2026-05-16 03:06:00+00:00, run_after=2026-05-16 03:08:00+00:00
[2026-05-16T03:09:16.882+0000] {processor.py:183} INFO - Processing /home/airflow/.local/lib/python3.8/site-packages/airflow/example_dags/example_sla_dag.py took 0.147 seconds
[2026-05-16T03:09:46.977+0000] {processor.py:161} INFO - Started process (PID=3379) to work on /home/airflow/.local/lib/python3.8/site-packages/airflow/example_dags/example_sla_dag.py
[2026-05-16T03:09:46.979+0000] {processor.py:830} INFO - Processing file /home/airflow/.local/lib/python3.8/site-packages/airflow/example_dags/example_sla_dag.py for tasks to queue
[2026-05-16T03:09:46.982+0000] {logging_mixin.py:188} INFO - [2026-05-16T03:09:46.981+0000] {dagbag.py:538} INFO - Filling up the DagBag from /home/airflow/.local/lib/python3.8/site-packages/airflow/example_dags/example_sla_dag.py
[2026-05-16T03:09:46.995+0000] {processor.py:840} INFO - DAG(s) 'example_sla_dag' retrieved from /home/airflow/.local/lib/python3.8/site-packages/airflow/example_dags/example_sla_dag.py
[2026-05-16T03:09:47.032+0000] {logging_mixin.py:188} INFO - [2026-05-16T03:09:47.032+0000] {dag.py:3036} INFO - Sync 1 DAGs
[2026-05-16T03:09:47.078+0000] {logging_mixin.py:188} INFO - [2026-05-16T03:09:47.077+0000] {dag.py:3823} INFO - Setting next_dagrun for example_sla_dag to 2026-05-16 03:06:00+00:00, run_after=2026-05-16 03:08:00+00:00
[2026-05-16T03:09:47.292+0000] {processor.py:183} INFO - Processing /home/airflow/.local/lib/python3.8/site-packages/airflow/example_dags/example_sla_dag.py took 0.320 seconds
[2026-05-16T03:10:17.582+0000] {processor.py:161} INFO - Started process (PID=3444) to work on /home/airflow/.local/lib/python3.8/site-packages/airflow/example_dags/example_sla_dag.py
[2026-05-16T03:10:17.584+0000] {processor.py:830} INFO - Processing file /home/airflow/.local/lib/python3.8/site-packages/airflow/example_dags/example_sla_dag.py for tasks to queue
[2026-05-16T03:10:17.587+0000] {logging_mixin.py:188} INFO - [2026-05-16T03:10:17.586+0000] {dagbag.py:538} INFO - Filling up the DagBag from /home/airflow/.local/lib/python3.8/site-packages/airflow/example_dags/example_sla_dag.py
[2026-05-16T03:10:17.602+0000] {processor.py:840} INFO - DAG(s) 'example_sla_dag' retrieved from /home/airflow/.local/lib/python3.8/site-packages/airflow/example_dags/example_sla_dag.py
[2026-05-16T03:10:17.644+0000] {logging_mixin.py:188} INFO - [2026-05-16T03:10:17.644+0000] {dag.py:3036} INFO - Sync 1 DAGs
[2026-05-16T03:10:17.692+0000] {logging_mixin.py:188} INFO - [2026-05-16T03:10:17.691+0000] {dag.py:3823} INFO - Setting next_dagrun for example_sla_dag to 2026-05-16 03:08:00+00:00, run_after=2026-05-16 03:10:00+00:00
[2026-05-16T03:10:17.723+0000] {processor.py:183} INFO - Processing /home/airflow/.local/lib/python3.8/site-packages/airflow/example_dags/example_sla_dag.py took 0.146 seconds
[2026-05-16T03:10:47.788+0000] {processor.py:161} INFO - Started process (PID=3509) to work on /home/airflow/.local/lib/python3.8/site-packages/airflow/example_dags/example_sla_dag.py
[2026-05-16T03:10:47.790+0000] {processor.py:830} INFO - Processing file /home/airflow/.local/lib/python3.8/site-packages/airflow/example_dags/example_sla_dag.py for tasks to queue
[2026-05-16T03:10:47.793+0000] {logging_mixin.py:188} INFO - [2026-05-16T03:10:47.793+0000] {dagbag.py:538} INFO - Filling up the DagBag from /home/airflow/.local/lib/python3.8/site-packages/airflow/example_dags/example_sla_dag.py
[2026-05-16T03:10:47.809+0000] {processor.py:840} INFO - DAG(s) 'example_sla_dag' retrieved from /home/airflow/.local/lib/python3.8/site-packages/airflow/example_dags/example_sla_dag.py
[2026-05-16T03:10:47.843+0000] {logging_mixin.py:188} INFO - [2026-05-16T03:10:47.843+0000] {dag.py:3036} INFO - Sync 1 DAGs
[2026-05-16T03:10:47.886+0000] {logging_mixin.py:188} INFO - [2026-05-16T03:10:47.885+0000] {dag.py:3823} INFO - Setting next_dagrun for example_sla_dag to 2026-05-16 03:08:00+00:00, run_after=2026-05-16 03:10:00+00:00
[2026-05-16T03:10:47.918+0000] {processor.py:183} INFO - Processing /home/airflow/.local/lib/python3.8/site-packages/airflow/example_dags/example_sla_dag.py took 0.136 seconds
[2026-05-16T03:11:18.853+0000] {processor.py:161} INFO - Started process (PID=3574) to work on /home/airflow/.local/lib/python3.8/site-packages/airflow/example_dags/example_sla_dag.py
[2026-05-16T03:11:18.855+0000] {processor.py:830} INFO - Processing file /home/airflow/.local/lib/python3.8/site-packages/airflow/example_dags/example_sla_dag.py for tasks to queue
[2026-05-16T03:11:18.858+0000] {logging_mixin.py:188} INFO - [2026-05-16T03:11:18.857+0000] {dagbag.py:538} INFO - Filling up the DagBag from /home/airflow/.local/lib/python3.8/site-packages/airflow/example_dags/example_sla_dag.py
[2026-05-16T03:11:18.873+0000] {processor.py:840} INFO - DAG(s) 'example_sla_dag' retrieved from /home/airflow/.local/lib/python3.8/site-packages/airflow/example_dags/example_sla_dag.py
[2026-05-16T03:11:18.921+0000] {logging_mixin.py:188} INFO - [2026-05-16T03:11:18.920+0000] {dag.py:3036} INFO - Sync 1 DAGs
[2026-05-16T03:11:18.979+0000] {logging_mixin.py:188} INFO - [2026-05-16T03:11:18.978+0000] {dag.py:3823} INFO - Setting next_dagrun for example_sla_dag to 2026-05-16 03:08:00+00:00, run_after=2026-05-16 03:10:00+00:00
[2026-05-16T03:11:19.012+0000] {processor.py:183} INFO - Processing /home/airflow/.local/lib/python3.8/site-packages/airflow/example_dags/example_sla_dag.py took 0.164 seconds
[2026-05-16T03:11:50.595+0000] {processor.py:161} INFO - Started process (PID=3639) to work on /home/airflow/.local/lib/python3.8/site-packages/airflow/example_dags/example_sla_dag.py
[2026-05-16T03:11:50.597+0000] {processor.py:830} INFO - Processing file /home/airflow/.local/lib/python3.8/site-packages/airflow/example_dags/example_sla_dag.py for tasks to queue
[2026-05-16T03:11:50.599+0000] {logging_mixin.py:188} INFO - [2026-05-16T03:11:50.599+0000] {dagbag.py:538} INFO - Filling up the DagBag from /home/airflow/.local/lib/python3.8/site-packages/airflow/example_dags/example_sla_dag.py
[2026-05-16T03:11:50.613+0000] {processor.py:840} INFO - DAG(s) 'example_sla_dag' retrieved from /home/airflow/.local/lib/python3.8/site-packages/airflow/example_dags/example_sla_dag.py
[2026-05-16T03:11:50.648+0000] {logging_mixin.py:188} INFO - [2026-05-16T03:11:50.648+0000] {dag.py:3036} INFO - Sync 1 DAGs
[2026-05-16T03:11:50.691+0000] {logging_mixin.py:188} INFO - [2026-05-16T03:11:50.691+0000] {dag.py:3823} INFO - Setting next_dagrun for example_sla_dag to 2026-05-16 03:08:00+00:00, run_after=2026-05-16 03:10:00+00:00
[2026-05-16T03:11:50.720+0000] {processor.py:183} INFO - Processing /home/airflow/.local/lib/python3.8/site-packages/airflow/example_dags/example_sla_dag.py took 0.130 seconds
[2026-05-16T03:12:22.182+0000] {processor.py:161} INFO - Started process (PID=3705) to work on /home/airflow/.local/lib/python3.8/site-packages/airflow/example_dags/example_sla_dag.py
[2026-05-16T03:12:22.184+0000] {processor.py:830} INFO - Processing file /home/airflow/.local/lib/python3.8/site-packages/airflow/example_dags/example_sla_dag.py for tasks to queue
[2026-05-16T03:12:22.195+0000] {logging_mixin.py:188} INFO - [2026-05-16T03:12:22.194+0000] {dagbag.py:538} INFO - Filling up the DagBag from /home/airflow/.local/lib/python3.8/site-packages/airflow/example_dags/example_sla_dag.py
[2026-05-16T03:12:22.214+0000] {processor.py:840} INFO - DAG(s) 'example_sla_dag' retrieved from /home/airflow/.local/lib/python3.8/site-packages/airflow/example_dags/example_sla_dag.py
[2026-05-16T03:12:22.285+0000] {logging_mixin.py:188} INFO - [2026-05-16T03:12:22.284+0000] {dag.py:3036} INFO - Sync 1 DAGs
[2026-05-16T03:12:22.571+0000] {logging_mixin.py:188} INFO - [2026-05-16T03:12:22.570+0000] {dag.py:3823} INFO - Setting next_dagrun for example_sla_dag to 2026-05-16 03:10:00+00:00, run_after=2026-05-16 03:12:00+00:00
[2026-05-16T03:12:22.603+0000] {processor.py:183} INFO - Processing /home/airflow/.local/lib/python3.8/site-packages/airflow/example_dags/example_sla_dag.py took 0.426 seconds
[2026-05-16T03:12:52.736+0000] {processor.py:161} INFO - Started process (PID=3777) to work on /home/airflow/.local/lib/python3.8/site-packages/airflow/example_dags/example_sla_dag.py
[2026-05-16T03:12:52.738+0000] {processor.py:830} INFO - Processing file /home/airflow/.local/lib/python3.8/site-packages/airflow/example_dags/example_sla_dag.py for tasks to queue
[2026-05-16T03:12:52.741+0000] {logging_mixin.py:188} INFO - [2026-05-16T03:12:52.740+0000] {dagbag.py:538} INFO - Filling up the DagBag from /home/airflow/.local/lib/python3.8/site-packages/airflow/example_dags/example_sla_dag.py
[2026-05-16T03:12:52.757+0000] {processor.py:840} INFO - DAG(s) 'example_sla_dag' retrieved from /home/airflow/.local/lib/python3.8/site-packages/airflow/example_dags/example_sla_dag.py
[2026-05-16T03:12:52.799+0000] {logging_mixin.py:188} INFO - [2026-05-16T03:12:52.799+0000] {dag.py:3036} INFO - Sync 1 DAGs
[2026-05-16T03:12:52.849+0000] {logging_mixin.py:188} INFO - [2026-05-16T03:12:52.848+0000] {dag.py:3823} INFO - Setting next_dagrun for example_sla_dag to 2026-05-16 03:10:00+00:00, run_after=2026-05-16 03:12:00+00:00
[2026-05-16T03:12:53.083+0000] {processor.py:183} INFO - Processing /home/airflow/.local/lib/python3.8/site-packages/airflow/example_dags/example_sla_dag.py took 0.352 seconds
[2026-05-16T03:13:23.201+0000] {processor.py:161} INFO - Started process (PID=3846) to work on /home/airflow/.local/lib/python3.8/site-packages/airflow/example_dags/example_sla_dag.py
[2026-05-16T03:13:23.203+0000] {processor.py:830} INFO - Processing file /home/airflow/.local/lib/python3.8/site-packages/airflow/example_dags/example_sla_dag.py for tasks to queue
[2026-05-16T03:13:23.206+0000] {logging_mixin.py:188} INFO - [2026-05-16T03:13:23.205+0000] {dagbag.py:538} INFO - Filling up the DagBag from /home/airflow/.local/lib/python3.8/site-packages/airflow/example_dags/example_sla_dag.py
[2026-05-16T03:13:23.220+0000] {processor.py:840} INFO - DAG(s) 'example_sla_dag' retrieved from /home/airflow/.local/lib/python3.8/site-packages/airflow/example_dags/example_sla_dag.py
[2026-05-16T03:13:23.257+0000] {logging_mixin.py:188} INFO - [2026-05-16T03:13:23.256+0000] {dag.py:3036} INFO - Sync 1 DAGs
[2026-05-16T03:13:23.301+0000] {logging_mixin.py:188} INFO - [2026-05-16T03:13:23.301+0000] {dag.py:3823} INFO - Setting next_dagrun for example_sla_dag to 2026-05-16 03:10:00+00:00, run_after=2026-05-16 03:12:00+00:00
[2026-05-16T03:13:23.331+0000] {processor.py:183} INFO - Processing /home/airflow/.local/lib/python3.8/site-packages/airflow/example_dags/example_sla_dag.py took 0.136 seconds
[2026-05-16T03:13:53.375+0000] {processor.py:161} INFO - Started process (PID=3912) to work on /home/airflow/.local/lib/python3.8/site-packages/airflow/example_dags/example_sla_dag.py
[2026-05-16T03:13:53.377+0000] {processor.py:830} INFO - Processing file /home/airflow/.local/lib/python3.8/site-packages/airflow/example_dags/example_sla_dag.py for tasks to queue
[2026-05-16T03:13:53.379+0000] {logging_mixin.py:188} INFO - [2026-05-16T03:13:53.379+0000] {dagbag.py:538} INFO - Filling up the DagBag from /home/airflow/.local/lib/python3.8/site-packages/airflow/example_dags/example_sla_dag.py
[2026-05-16T03:13:53.395+0000] {processor.py:840} INFO - DAG(s) 'example_sla_dag' retrieved from /home/airflow/.local/lib/python3.8/site-packages/airflow/example_dags/example_sla_dag.py
[2026-05-16T03:13:53.436+0000] {logging_mixin.py:188} INFO - [2026-05-16T03:13:53.436+0000] {dag.py:3036} INFO - Sync 1 DAGs
[2026-05-16T03:13:53.481+0000] {logging_mixin.py:188} INFO - [2026-05-16T03:13:53.481+0000] {dag.py:3823} INFO - Setting next_dagrun for example_sla_dag to 2026-05-16 03:10:00+00:00, run_after=2026-05-16 03:12:00+00:00
[2026-05-16T03:13:53.510+0000] {processor.py:183} INFO - Processing /home/airflow/.local/lib/python3.8/site-packages/airflow/example_dags/example_sla_dag.py took 0.140 seconds
[2026-05-16T03:14:23.573+0000] {processor.py:161} INFO - Started process (PID=3977) to work on /home/airflow/.local/lib/python3.8/site-packages/airflow/example_dags/example_sla_dag.py
[2026-05-16T03:14:23.575+0000] {processor.py:830} INFO - Processing file /home/airflow/.local/lib/python3.8/site-packages/airflow/example_dags/example_sla_dag.py for tasks to queue
[2026-05-16T03:14:23.578+0000] {logging_mixin.py:188} INFO - [2026-05-16T03:14:23.577+0000] {dagbag.py:538} INFO - Filling up the DagBag from /home/airflow/.local/lib/python3.8/site-packages/airflow/example_dags/example_sla_dag.py
[2026-05-16T03:14:23.591+0000] {processor.py:840} INFO - DAG(s) 'example_sla_dag' retrieved from /home/airflow/.local/lib/python3.8/site-packages/airflow/example_dags/example_sla_dag.py
[2026-05-16T03:14:23.627+0000] {logging_mixin.py:188} INFO - [2026-05-16T03:14:23.626+0000] {dag.py:3036} INFO - Sync 1 DAGs
[2026-05-16T03:14:23.671+0000] {logging_mixin.py:188} INFO - [2026-05-16T03:14:23.671+0000] {dag.py:3823} INFO - Setting next_dagrun for example_sla_dag to 2026-05-16 03:12:00+00:00, run_after=2026-05-16 03:14:00+00:00
[2026-05-16T03:14:23.701+0000] {processor.py:183} INFO - Processing /home/airflow/.local/lib/python3.8/site-packages/airflow/example_dags/example_sla_dag.py took 0.134 seconds
[2026-05-16T03:14:54.073+0000] {processor.py:161} INFO - Started process (PID=4041) to work on /home/airflow/.local/lib/python3.8/site-packages/airflow/example_dags/example_sla_dag.py
[2026-05-16T03:14:54.075+0000] {processor.py:830} INFO - Processing file /home/airflow/.local/lib/python3.8/site-packages/airflow/example_dags/example_sla_dag.py for tasks to queue
[2026-05-16T03:14:54.078+0000] {logging_mixin.py:188} INFO - [2026-05-16T03:14:54.077+0000] {dagbag.py:538} INFO - Filling up the DagBag from /home/airflow/.local/lib/python3.8/site-packages/airflow/example_dags/example_sla_dag.py
[2026-05-16T03:14:54.094+0000] {processor.py:840} INFO - DAG(s) 'example_sla_dag' retrieved from /home/airflow/.local/lib/python3.8/site-packages/airflow/example_dags/example_sla_dag.py
[2026-05-16T03:14:54.147+0000] {logging_mixin.py:188} INFO - [2026-05-16T03:14:54.146+0000] {dag.py:3036} INFO - Sync 1 DAGs
[2026-05-16T03:14:54.232+0000] {logging_mixin.py:188} INFO - [2026-05-16T03:14:54.232+0000] {dag.py:3823} INFO - Setting next_dagrun for example_sla_dag to 2026-05-16 03:12:00+00:00, run_after=2026-05-16 03:14:00+00:00
[2026-05-16T03:14:54.269+0000] {processor.py:183} INFO - Processing /home/airflow/.local/lib/python3.8/site-packages/airflow/example_dags/example_sla_dag.py took 0.201 seconds
[2026-05-16T03:15:25.115+0000] {processor.py:161} INFO - Started process (PID=4107) to work on /home/airflow/.local/lib/python3.8/site-packages/airflow/example_dags/example_sla_dag.py
[2026-05-16T03:15:25.117+0000] {processor.py:830} INFO - Processing file /home/airflow/.local/lib/python3.8/site-packages/airflow/example_dags/example_sla_dag.py for tasks to queue
[2026-05-16T03:15:25.121+0000] {logging_mixin.py:188} INFO - [2026-05-16T03:15:25.120+0000] {dagbag.py:538} INFO - Filling up the DagBag from /home/airflow/.local/lib/python3.8/site-packages/airflow/example_dags/example_sla_dag.py
[2026-05-16T03:15:25.138+0000] {processor.py:840} INFO - DAG(s) 'example_sla_dag' retrieved from /home/airflow/.local/lib/python3.8/site-packages/airflow/example_dags/example_sla_dag.py
[2026-05-16T03:15:25.178+0000] {logging_mixin.py:188} INFO - [2026-05-16T03:15:25.178+0000] {dag.py:3036} INFO - Sync 1 DAGs
[2026-05-16T03:15:25.245+0000] {logging_mixin.py:188} INFO - [2026-05-16T03:15:25.245+0000] {dag.py:3823} INFO - Setting next_dagrun for example_sla_dag to 2026-05-16 03:12:00+00:00, run_after=2026-05-16 03:14:00+00:00
[2026-05-16T03:15:25.275+0000] {processor.py:183} INFO - Processing /home/airflow/.local/lib/python3.8/site-packages/airflow/example_dags/example_sla_dag.py took 0.166 seconds
[2026-05-16T03:15:55.350+0000] {processor.py:161} INFO - Started process (PID=4172) to work on /home/airflow/.local/lib/python3.8/site-packages/airflow/example_dags/example_sla_dag.py
[2026-05-16T03:15:55.351+0000] {processor.py:830} INFO - Processing file /home/airflow/.local/lib/python3.8/site-packages/airflow/example_dags/example_sla_dag.py for tasks to queue
[2026-05-16T03:15:55.354+0000] {logging_mixin.py:188} INFO - [2026-05-16T03:15:55.353+0000] {dagbag.py:538} INFO - Filling up the DagBag from /home/airflow/.local/lib/python3.8/site-packages/airflow/example_dags/example_sla_dag.py
[2026-05-16T03:15:55.369+0000] {processor.py:840} INFO - DAG(s) 'example_sla_dag' retrieved from /home/airflow/.local/lib/python3.8/site-packages/airflow/example_dags/example_sla_dag.py
[2026-05-16T03:15:55.401+0000] {logging_mixin.py:188} INFO - [2026-05-16T03:15:55.401+0000] {dag.py:3036} INFO - Sync 1 DAGs
[2026-05-16T03:15:55.442+0000] {logging_mixin.py:188} INFO - [2026-05-16T03:15:55.442+0000] {dag.py:3823} INFO - Setting next_dagrun for example_sla_dag to 2026-05-16 03:12:00+00:00, run_after=2026-05-16 03:14:00+00:00
[2026-05-16T03:15:55.470+0000] {processor.py:183} INFO - Processing /home/airflow/.local/lib/python3.8/site-packages/airflow/example_dags/example_sla_dag.py took 0.125 seconds
[2026-05-16T03:16:25.884+0000] {processor.py:161} INFO - Started process (PID=4236) to work on /home/airflow/.local/lib/python3.8/site-packages/airflow/example_dags/example_sla_dag.py
[2026-05-16T03:16:25.886+0000] {processor.py:830} INFO - Processing file /home/airflow/.local/lib/python3.8/site-packages/airflow/example_dags/example_sla_dag.py for tasks to queue
[2026-05-16T03:16:25.888+0000] {logging_mixin.py:188} INFO - [2026-05-16T03:16:25.888+0000] {dagbag.py:538} INFO - Filling up the DagBag from /home/airflow/.local/lib/python3.8/site-packages/airflow/example_dags/example_sla_dag.py
[2026-05-16T03:16:25.901+0000] {processor.py:840} INFO - DAG(s) 'example_sla_dag' retrieved from /home/airflow/.local/lib/python3.8/site-packages/airflow/example_dags/example_sla_dag.py
[2026-05-16T03:16:25.938+0000] {logging_mixin.py:188} INFO - [2026-05-16T03:16:25.937+0000] {dag.py:3036} INFO - Sync 1 DAGs
[2026-05-16T03:16:25.981+0000] {logging_mixin.py:188} INFO - [2026-05-16T03:16:25.981+0000] {dag.py:3823} INFO - Setting next_dagrun for example_sla_dag to 2026-05-16 03:14:00+00:00, run_after=2026-05-16 03:16:00+00:00
[2026-05-16T03:16:26.012+0000] {processor.py:183} INFO - Processing /home/airflow/.local/lib/python3.8/site-packages/airflow/example_dags/example_sla_dag.py took 0.133 seconds
[2026-05-16T03:16:56.192+0000] {processor.py:161} INFO - Started process (PID=4297) to work on /home/airflow/.local/lib/python3.8/site-packages/airflow/example_dags/example_sla_dag.py
[2026-05-16T03:16:56.194+0000] {processor.py:830} INFO - Processing file /home/airflow/.local/lib/python3.8/site-packages/airflow/example_dags/example_sla_dag.py for tasks to queue
[2026-05-16T03:16:56.197+0000] {logging_mixin.py:188} INFO - [2026-05-16T03:16:56.196+0000] {dagbag.py:538} INFO - Filling up the DagBag from /home/airflow/.local/lib/python3.8/site-packages/airflow/example_dags/example_sla_dag.py
[2026-05-16T03:16:56.212+0000] {processor.py:840} INFO - DAG(s) 'example_sla_dag' retrieved from /home/airflow/.local/lib/python3.8/site-packages/airflow/example_dags/example_sla_dag.py
[2026-05-16T03:16:56.249+0000] {logging_mixin.py:188} INFO - [2026-05-16T03:16:56.249+0000] {dag.py:3036} INFO - Sync 1 DAGs
[2026-05-16T03:16:56.295+0000] {logging_mixin.py:188} INFO - [2026-05-16T03:16:56.295+0000] {dag.py:3823} INFO - Setting next_dagrun for example_sla_dag to 2026-05-16 03:14:00+00:00, run_after=2026-05-16 03:16:00+00:00
[2026-05-16T03:16:56.324+0000] {processor.py:183} INFO - Processing /home/airflow/.local/lib/python3.8/site-packages/airflow/example_dags/example_sla_dag.py took 0.138 seconds
[2026-05-16T03:17:26.507+0000] {processor.py:161} INFO - Started process (PID=4362) to work on /home/airflow/.local/lib/python3.8/site-packages/airflow/example_dags/example_sla_dag.py
[2026-05-16T03:17:26.509+0000] {processor.py:830} INFO - Processing file /home/airflow/.local/lib/python3.8/site-packages/airflow/example_dags/example_sla_dag.py for tasks to queue
[2026-05-16T03:17:26.512+0000] {logging_mixin.py:188} INFO - [2026-05-16T03:17:26.511+0000] {dagbag.py:538} INFO - Filling up the DagBag from /home/airflow/.local/lib/python3.8/site-packages/airflow/example_dags/example_sla_dag.py
[2026-05-16T03:17:26.527+0000] {processor.py:840} INFO - DAG(s) 'example_sla_dag' retrieved from /home/airflow/.local/lib/python3.8/site-packages/airflow/example_dags/example_sla_dag.py
[2026-05-16T03:17:26.564+0000] {logging_mixin.py:188} INFO - [2026-05-16T03:17:26.564+0000] {dag.py:3036} INFO - Sync 1 DAGs
[2026-05-16T03:17:26.609+0000] {logging_mixin.py:188} INFO - [2026-05-16T03:17:26.608+0000] {dag.py:3823} INFO - Setting next_dagrun for example_sla_dag to 2026-05-16 03:14:00+00:00, run_after=2026-05-16 03:16:00+00:00
[2026-05-16T03:17:26.639+0000] {processor.py:183} INFO - Processing /home/airflow/.local/lib/python3.8/site-packages/airflow/example_dags/example_sla_dag.py took 0.137 seconds
[2026-05-16T03:17:56.843+0000] {processor.py:161} INFO - Started process (PID=4427) to work on /home/airflow/.local/lib/python3.8/site-packages/airflow/example_dags/example_sla_dag.py
[2026-05-16T03:17:56.844+0000] {processor.py:830} INFO - Processing file /home/airflow/.local/lib/python3.8/site-packages/airflow/example_dags/example_sla_dag.py for tasks to queue
[2026-05-16T03:17:56.846+0000] {logging_mixin.py:188} INFO - [2026-05-16T03:17:56.846+0000] {dagbag.py:538} INFO - Filling up the DagBag from /home/airflow/.local/lib/python3.8/site-packages/airflow/example_dags/example_sla_dag.py
[2026-05-16T03:17:56.860+0000] {processor.py:840} INFO - DAG(s) 'example_sla_dag' retrieved from /home/airflow/.local/lib/python3.8/site-packages/airflow/example_dags/example_sla_dag.py
[2026-05-16T03:17:56.895+0000] {logging_mixin.py:188} INFO - [2026-05-16T03:17:56.894+0000] {dag.py:3036} INFO - Sync 1 DAGs
[2026-05-16T03:17:56.948+0000] {logging_mixin.py:188} INFO - [2026-05-16T03:17:56.948+0000] {dag.py:3823} INFO - Setting next_dagrun for example_sla_dag to 2026-05-16 03:14:00+00:00, run_after=2026-05-16 03:16:00+00:00
[2026-05-16T03:17:56.983+0000] {processor.py:183} INFO - Processing /home/airflow/.local/lib/python3.8/site-packages/airflow/example_dags/example_sla_dag.py took 0.146 seconds
[2026-05-16T03:18:27.121+0000] {processor.py:161} INFO - Started process (PID=4492) to work on /home/airflow/.local/lib/python3.8/site-packages/airflow/example_dags/example_sla_dag.py
[2026-05-16T03:18:27.123+0000] {processor.py:830} INFO - Processing file /home/airflow/.local/lib/python3.8/site-packages/airflow/example_dags/example_sla_dag.py for tasks to queue
[2026-05-16T03:18:27.125+0000] {logging_mixin.py:188} INFO - [2026-05-16T03:18:27.125+0000] {dagbag.py:538} INFO - Filling up the DagBag from /home/airflow/.local/lib/python3.8/site-packages/airflow/example_dags/example_sla_dag.py
[2026-05-16T03:18:27.141+0000] {processor.py:840} INFO - DAG(s) 'example_sla_dag' retrieved from /home/airflow/.local/lib/python3.8/site-packages/airflow/example_dags/example_sla_dag.py
[2026-05-16T03:18:27.175+0000] {logging_mixin.py:188} INFO - [2026-05-16T03:18:27.174+0000] {dag.py:3036} INFO - Sync 1 DAGs
[2026-05-16T03:18:27.219+0000] {logging_mixin.py:188} INFO - [2026-05-16T03:18:27.219+0000] {dag.py:3823} INFO - Setting next_dagrun for example_sla_dag to 2026-05-16 03:16:00+00:00, run_after=2026-05-16 03:18:00+00:00
[2026-05-16T03:18:27.250+0000] {processor.py:183} INFO - Processing /home/airflow/.local/lib/python3.8/site-packages/airflow/example_dags/example_sla_dag.py took 0.135 seconds
[2026-05-16T03:18:57.759+0000] {processor.py:161} INFO - Started process (PID=4564) to work on /home/airflow/.local/lib/python3.8/site-packages/airflow/example_dags/example_sla_dag.py
[2026-05-16T03:18:57.761+0000] {processor.py:830} INFO - Processing file /home/airflow/.local/lib/python3.8/site-packages/airflow/example_dags/example_sla_dag.py for tasks to queue
[2026-05-16T03:18:57.764+0000] {logging_mixin.py:188} INFO - [2026-05-16T03:18:57.763+0000] {dagbag.py:538} INFO - Filling up the DagBag from /home/airflow/.local/lib/python3.8/site-packages/airflow/example_dags/example_sla_dag.py
[2026-05-16T03:18:57.781+0000] {processor.py:840} INFO - DAG(s) 'example_sla_dag' retrieved from /home/airflow/.local/lib/python3.8/site-packages/airflow/example_dags/example_sla_dag.py
[2026-05-16T03:18:57.820+0000] {logging_mixin.py:188} INFO - [2026-05-16T03:18:57.820+0000] {dag.py:3036} INFO - Sync 1 DAGs
[2026-05-16T03:18:57.874+0000] {logging_mixin.py:188} INFO - [2026-05-16T03:18:57.873+0000] {dag.py:3823} INFO - Setting next_dagrun for example_sla_dag to 2026-05-16 03:16:00+00:00, run_after=2026-05-16 03:18:00+00:00
[2026-05-16T03:18:57.908+0000] {processor.py:183} INFO - Processing /home/airflow/.local/lib/python3.8/site-packages/airflow/example_dags/example_sla_dag.py took 0.155 seconds
[2026-05-16T03:19:28.006+0000] {processor.py:161} INFO - Started process (PID=4629) to work on /home/airflow/.local/lib/python3.8/site-packages/airflow/example_dags/example_sla_dag.py
[2026-05-16T03:19:28.008+0000] {processor.py:830} INFO - Processing file /home/airflow/.local/lib/python3.8/site-packages/airflow/example_dags/example_sla_dag.py for tasks to queue
[2026-05-16T03:19:28.012+0000] {logging_mixin.py:188} INFO - [2026-05-16T03:19:28.011+0000] {dagbag.py:538} INFO - Filling up the DagBag from /home/airflow/.local/lib/python3.8/site-packages/airflow/example_dags/example_sla_dag.py
[2026-05-16T03:19:28.029+0000] {processor.py:840} INFO - DAG(s) 'example_sla_dag' retrieved from /home/airflow/.local/lib/python3.8/site-packages/airflow/example_dags/example_sla_dag.py
[2026-05-16T03:19:28.070+0000] {logging_mixin.py:188} INFO - [2026-05-16T03:19:28.070+0000] {dag.py:3036} INFO - Sync 1 DAGs
[2026-05-16T03:19:28.127+0000] {logging_mixin.py:188} INFO - [2026-05-16T03:19:28.126+0000] {dag.py:3823} INFO - Setting next_dagrun for example_sla_dag to 2026-05-16 03:16:00+00:00, run_after=2026-05-16 03:18:00+00:00
[2026-05-16T03:19:28.160+0000] {processor.py:183} INFO - Processing /home/airflow/.local/lib/python3.8/site-packages/airflow/example_dags/example_sla_dag.py took 0.160 seconds
[2026-05-16T03:19:58.265+0000] {processor.py:161} INFO - Started process (PID=4695) to work on /home/airflow/.local/lib/python3.8/site-packages/airflow/example_dags/example_sla_dag.py
[2026-05-16T03:19:58.267+0000] {processor.py:830} INFO - Processing file /home/airflow/.local/lib/python3.8/site-packages/airflow/example_dags/example_sla_dag.py for tasks to queue
[2026-05-16T03:19:58.270+0000] {logging_mixin.py:188} INFO - [2026-05-16T03:19:58.270+0000] {dagbag.py:538} INFO - Filling up the DagBag from /home/airflow/.local/lib/python3.8/site-packages/airflow/example_dags/example_sla_dag.py
[2026-05-16T03:19:58.287+0000] {processor.py:840} INFO - DAG(s) 'example_sla_dag' retrieved from /home/airflow/.local/lib/python3.8/site-packages/airflow/example_dags/example_sla_dag.py
[2026-05-16T03:19:58.330+0000] {logging_mixin.py:188} INFO - [2026-05-16T03:19:58.330+0000] {dag.py:3036} INFO - Sync 1 DAGs
[2026-05-16T03:19:58.382+0000] {logging_mixin.py:188} INFO - [2026-05-16T03:19:58.382+0000] {dag.py:3823} INFO - Setting next_dagrun for example_sla_dag to 2026-05-16 03:16:00+00:00, run_after=2026-05-16 03:18:00+00:00
[2026-05-16T03:19:58.438+0000] {processor.py:183} INFO - Processing /home/airflow/.local/lib/python3.8/site-packages/airflow/example_dags/example_sla_dag.py took 0.179 seconds
[2026-05-16T03:20:28.607+0000] {processor.py:161} INFO - Started process (PID=4759) to work on /home/airflow/.local/lib/python3.8/site-packages/airflow/example_dags/example_sla_dag.py
[2026-05-16T03:20:28.609+0000] {processor.py:830} INFO - Processing file /home/airflow/.local/lib/python3.8/site-packages/airflow/example_dags/example_sla_dag.py for tasks to queue
[2026-05-16T03:20:28.612+0000] {logging_mixin.py:188} INFO - [2026-05-16T03:20:28.611+0000] {dagbag.py:538} INFO - Filling up the DagBag from /home/airflow/.local/lib/python3.8/site-packages/airflow/example_dags/example_sla_dag.py
[2026-05-16T03:20:28.629+0000] {processor.py:840} INFO - DAG(s) 'example_sla_dag' retrieved from /home/airflow/.local/lib/python3.8/site-packages/airflow/example_dags/example_sla_dag.py
[2026-05-16T03:20:28.678+0000] {logging_mixin.py:188} INFO - [2026-05-16T03:20:28.678+0000] {dag.py:3036} INFO - Sync 1 DAGs
[2026-05-16T03:20:28.745+0000] {logging_mixin.py:188} INFO - [2026-05-16T03:20:28.745+0000] {dag.py:3823} INFO - Setting next_dagrun for example_sla_dag to 2026-05-16 03:18:00+00:00, run_after=2026-05-16 03:20:00+00:00
[2026-05-16T03:20:28.801+0000] {processor.py:183} INFO - Processing /home/airflow/.local/lib/python3.8/site-packages/airflow/example_dags/example_sla_dag.py took 0.200 seconds
[2026-05-16T03:20:58.924+0000] {processor.py:161} INFO - Started process (PID=4823) to work on /home/airflow/.local/lib/python3.8/site-packages/airflow/example_dags/example_sla_dag.py
[2026-05-16T03:20:58.926+0000] {processor.py:830} INFO - Processing file /home/airflow/.local/lib/python3.8/site-packages/airflow/example_dags/example_sla_dag.py for tasks to queue
[2026-05-16T03:20:58.931+0000] {logging_mixin.py:188} INFO - [2026-05-16T03:20:58.931+0000] {dagbag.py:538} INFO - Filling up the DagBag from /home/airflow/.local/lib/python3.8/site-packages/airflow/example_dags/example_sla_dag.py
[2026-05-16T03:20:58.950+0000] {processor.py:840} INFO - DAG(s) 'example_sla_dag' retrieved from /home/airflow/.local/lib/python3.8/site-packages/airflow/example_dags/example_sla_dag.py
[2026-05-16T03:20:58.991+0000] {logging_mixin.py:188} INFO - [2026-05-16T03:20:58.991+0000] {dag.py:3036} INFO - Sync 1 DAGs
[2026-05-16T03:20:59.045+0000] {logging_mixin.py:188} INFO - [2026-05-16T03:20:59.045+0000] {dag.py:3823} INFO - Setting next_dagrun for example_sla_dag to 2026-05-16 03:18:00+00:00, run_after=2026-05-16 03:20:00+00:00
[2026-05-16T03:20:59.092+0000] {processor.py:183} INFO - Processing /home/airflow/.local/lib/python3.8/site-packages/airflow/example_dags/example_sla_dag.py took 0.175 seconds
[2026-05-16T03:21:29.568+0000] {processor.py:161} INFO - Started process (PID=4889) to work on /home/airflow/.local/lib/python3.8/site-packages/airflow/example_dags/example_sla_dag.py
[2026-05-16T03:21:29.570+0000] {processor.py:830} INFO - Processing file /home/airflow/.local/lib/python3.8/site-packages/airflow/example_dags/example_sla_dag.py for tasks to queue
[2026-05-16T03:21:29.572+0000] {logging_mixin.py:188} INFO - [2026-05-16T03:21:29.572+0000] {dagbag.py:538} INFO - Filling up the DagBag from /home/airflow/.local/lib/python3.8/site-packages/airflow/example_dags/example_sla_dag.py
[2026-05-16T03:21:29.587+0000] {processor.py:840} INFO - DAG(s) 'example_sla_dag' retrieved from /home/airflow/.local/lib/python3.8/site-packages/airflow/example_dags/example_sla_dag.py
[2026-05-16T03:21:29.624+0000] {logging_mixin.py:188} INFO - [2026-05-16T03:21:29.624+0000] {dag.py:3036} INFO - Sync 1 DAGs
[2026-05-16T03:21:29.678+0000] {logging_mixin.py:188} INFO - [2026-05-16T03:21:29.677+0000] {dag.py:3823} INFO - Setting next_dagrun for example_sla_dag to 2026-05-16 03:18:00+00:00, run_after=2026-05-16 03:20:00+00:00
[2026-05-16T03:21:29.711+0000] {processor.py:183} INFO - Processing /home/airflow/.local/lib/python3.8/site-packages/airflow/example_dags/example_sla_dag.py took 0.148 seconds
[2026-05-16T03:22:00.180+0000] {processor.py:161} INFO - Started process (PID=4954) to work on /home/airflow/.local/lib/python3.8/site-packages/airflow/example_dags/example_sla_dag.py
[2026-05-16T03:22:00.181+0000] {processor.py:830} INFO - Processing file /home/airflow/.local/lib/python3.8/site-packages/airflow/example_dags/example_sla_dag.py for tasks to queue
[2026-05-16T03:22:00.184+0000] {logging_mixin.py:188} INFO - [2026-05-16T03:22:00.184+0000] {dagbag.py:538} INFO - Filling up the DagBag from /home/airflow/.local/lib/python3.8/site-packages/airflow/example_dags/example_sla_dag.py
[2026-05-16T03:22:00.199+0000] {processor.py:840} INFO - DAG(s) 'example_sla_dag' retrieved from /home/airflow/.local/lib/python3.8/site-packages/airflow/example_dags/example_sla_dag.py
[2026-05-16T03:22:00.237+0000] {logging_mixin.py:188} INFO - [2026-05-16T03:22:00.237+0000] {dag.py:3036} INFO - Sync 1 DAGs
[2026-05-16T03:22:00.291+0000] {logging_mixin.py:188} INFO - [2026-05-16T03:22:00.291+0000] {dag.py:3823} INFO - Setting next_dagrun for example_sla_dag to 2026-05-16 03:20:00+00:00, run_after=2026-05-16 03:22:00+00:00
[2026-05-16T03:22:00.325+0000] {processor.py:183} INFO - Processing /home/airflow/.local/lib/python3.8/site-packages/airflow/example_dags/example_sla_dag.py took 0.151 seconds
[2026-05-16T03:22:30.990+0000] {processor.py:161} INFO - Started process (PID=5018) to work on /home/airflow/.local/lib/python3.8/site-packages/airflow/example_dags/example_sla_dag.py
[2026-05-16T03:22:30.993+0000] {processor.py:830} INFO - Processing file /home/airflow/.local/lib/python3.8/site-packages/airflow/example_dags/example_sla_dag.py for tasks to queue
[2026-05-16T03:22:30.996+0000] {logging_mixin.py:188} INFO - [2026-05-16T03:22:30.995+0000] {dagbag.py:538} INFO - Filling up the DagBag from /home/airflow/.local/lib/python3.8/site-packages/airflow/example_dags/example_sla_dag.py
[2026-05-16T03:22:31.011+0000] {processor.py:840} INFO - DAG(s) 'example_sla_dag' retrieved from /home/airflow/.local/lib/python3.8/site-packages/airflow/example_dags/example_sla_dag.py
[2026-05-16T03:22:31.047+0000] {logging_mixin.py:188} INFO - [2026-05-16T03:22:31.047+0000] {dag.py:3036} INFO - Sync 1 DAGs
[2026-05-16T03:22:31.090+0000] {logging_mixin.py:188} INFO - [2026-05-16T03:22:31.090+0000] {dag.py:3823} INFO - Setting next_dagrun for example_sla_dag to 2026-05-16 03:20:00+00:00, run_after=2026-05-16 03:22:00+00:00
[2026-05-16T03:22:31.125+0000] {processor.py:183} INFO - Processing /home/airflow/.local/lib/python3.8/site-packages/airflow/example_dags/example_sla_dag.py took 0.139 seconds
[2026-05-16T03:23:01.289+0000] {processor.py:161} INFO - Started process (PID=5083) to work on /home/airflow/.local/lib/python3.8/site-packages/airflow/example_dags/example_sla_dag.py
[2026-05-16T03:23:01.291+0000] {processor.py:830} INFO - Processing file /home/airflow/.local/lib/python3.8/site-packages/airflow/example_dags/example_sla_dag.py for tasks to queue
[2026-05-16T03:23:01.294+0000] {logging_mixin.py:188} INFO - [2026-05-16T03:23:01.293+0000] {dagbag.py:538} INFO - Filling up the DagBag from /home/airflow/.local/lib/python3.8/site-packages/airflow/example_dags/example_sla_dag.py
[2026-05-16T03:23:01.309+0000] {processor.py:840} INFO - DAG(s) 'example_sla_dag' retrieved from /home/airflow/.local/lib/python3.8/site-packages/airflow/example_dags/example_sla_dag.py
[2026-05-16T03:23:01.346+0000] {logging_mixin.py:188} INFO - [2026-05-16T03:23:01.345+0000] {dag.py:3036} INFO - Sync 1 DAGs
[2026-05-16T03:23:01.396+0000] {logging_mixin.py:188} INFO - [2026-05-16T03:23:01.395+0000] {dag.py:3823} INFO - Setting next_dagrun for example_sla_dag to 2026-05-16 03:20:00+00:00, run_after=2026-05-16 03:22:00+00:00
[2026-05-16T03:23:01.428+0000] {processor.py:183} INFO - Processing /home/airflow/.local/lib/python3.8/site-packages/airflow/example_dags/example_sla_dag.py took 0.144 seconds
[2026-05-16T03:23:31.651+0000] {processor.py:161} INFO - Started process (PID=5150) to work on /home/airflow/.local/lib/python3.8/site-packages/airflow/example_dags/example_sla_dag.py
[2026-05-16T03:23:31.653+0000] {processor.py:830} INFO - Processing file /home/airflow/.local/lib/python3.8/site-packages/airflow/example_dags/example_sla_dag.py for tasks to queue
[2026-05-16T03:23:31.655+0000] {logging_mixin.py:188} INFO - [2026-05-16T03:23:31.655+0000] {dagbag.py:538} INFO - Filling up the DagBag from /home/airflow/.local/lib/python3.8/site-packages/airflow/example_dags/example_sla_dag.py
[2026-05-16T03:23:31.670+0000] {processor.py:840} INFO - DAG(s) 'example_sla_dag' retrieved from /home/airflow/.local/lib/python3.8/site-packages/airflow/example_dags/example_sla_dag.py
[2026-05-16T03:23:31.707+0000] {logging_mixin.py:188} INFO - [2026-05-16T03:23:31.707+0000] {dag.py:3036} INFO - Sync 1 DAGs
[2026-05-16T03:23:31.750+0000] {logging_mixin.py:188} INFO - [2026-05-16T03:23:31.750+0000] {dag.py:3823} INFO - Setting next_dagrun for example_sla_dag to 2026-05-16 03:20:00+00:00, run_after=2026-05-16 03:22:00+00:00
[2026-05-16T03:23:31.781+0000] {processor.py:183} INFO - Processing /home/airflow/.local/lib/python3.8/site-packages/airflow/example_dags/example_sla_dag.py took 0.134 seconds
[2026-05-16T03:24:02.411+0000] {processor.py:161} INFO - Started process (PID=5216) to work on /home/airflow/.local/lib/python3.8/site-packages/airflow/example_dags/example_sla_dag.py
[2026-05-16T03:24:02.413+0000] {processor.py:830} INFO - Processing file /home/airflow/.local/lib/python3.8/site-packages/airflow/example_dags/example_sla_dag.py for tasks to queue
[2026-05-16T03:24:02.416+0000] {logging_mixin.py:188} INFO - [2026-05-16T03:24:02.416+0000] {dagbag.py:538} INFO - Filling up the DagBag from /home/airflow/.local/lib/python3.8/site-packages/airflow/example_dags/example_sla_dag.py
[2026-05-16T03:24:02.435+0000] {processor.py:840} INFO - DAG(s) 'example_sla_dag' retrieved from /home/airflow/.local/lib/python3.8/site-packages/airflow/example_dags/example_sla_dag.py
[2026-05-16T03:24:02.476+0000] {logging_mixin.py:188} INFO - [2026-05-16T03:24:02.476+0000] {dag.py:3036} INFO - Sync 1 DAGs
[2026-05-16T03:24:02.538+0000] {logging_mixin.py:188} INFO - [2026-05-16T03:24:02.537+0000] {dag.py:3823} INFO - Setting next_dagrun for example_sla_dag to 2026-05-16 03:22:00+00:00, run_after=2026-05-16 03:24:00+00:00
[2026-05-16T03:24:02.568+0000] {processor.py:183} INFO - Processing /home/airflow/.local/lib/python3.8/site-packages/airflow/example_dags/example_sla_dag.py took 0.163 seconds
[2026-05-16T03:24:32.994+0000] {processor.py:161} INFO - Started process (PID=5282) to work on /home/airflow/.local/lib/python3.8/site-packages/airflow/example_dags/example_sla_dag.py
[2026-05-16T03:24:32.995+0000] {processor.py:830} INFO - Processing file /home/airflow/.local/lib/python3.8/site-packages/airflow/example_dags/example_sla_dag.py for tasks to queue
[2026-05-16T03:24:32.998+0000] {logging_mixin.py:188} INFO - [2026-05-16T03:24:32.997+0000] {dagbag.py:538} INFO - Filling up the DagBag from /home/airflow/.local/lib/python3.8/site-packages/airflow/example_dags/example_sla_dag.py
[2026-05-16T03:24:33.016+0000] {processor.py:840} INFO - DAG(s) 'example_sla_dag' retrieved from /home/airflow/.local/lib/python3.8/site-packages/airflow/example_dags/example_sla_dag.py
[2026-05-16T03:24:33.056+0000] {logging_mixin.py:188} INFO - [2026-05-16T03:24:33.055+0000] {dag.py:3036} INFO - Sync 1 DAGs
[2026-05-16T03:24:33.107+0000] {logging_mixin.py:188} INFO - [2026-05-16T03:24:33.107+0000] {dag.py:3823} INFO - Setting next_dagrun for example_sla_dag to 2026-05-16 03:22:00+00:00, run_after=2026-05-16 03:24:00+00:00
[2026-05-16T03:24:33.136+0000] {processor.py:183} INFO - Processing /home/airflow/.local/lib/python3.8/site-packages/airflow/example_dags/example_sla_dag.py took 0.149 seconds
[2026-05-16T03:25:03.826+0000] {processor.py:161} INFO - Started process (PID=5348) to work on /home/airflow/.local/lib/python3.8/site-packages/airflow/example_dags/example_sla_dag.py
[2026-05-16T03:25:03.828+0000] {processor.py:830} INFO - Processing file /home/airflow/.local/lib/python3.8/site-packages/airflow/example_dags/example_sla_dag.py for tasks to queue
[2026-05-16T03:25:03.830+0000] {logging_mixin.py:188} INFO - [2026-05-16T03:25:03.830+0000] {dagbag.py:538} INFO - Filling up the DagBag from /home/airflow/.local/lib/python3.8/site-packages/airflow/example_dags/example_sla_dag.py
[2026-05-16T03:25:03.844+0000] {processor.py:840} INFO - DAG(s) 'example_sla_dag' retrieved from /home/airflow/.local/lib/python3.8/site-packages/airflow/example_dags/example_sla_dag.py
[2026-05-16T03:25:03.878+0000] {logging_mixin.py:188} INFO - [2026-05-16T03:25:03.877+0000] {dag.py:3036} INFO - Sync 1 DAGs
[2026-05-16T03:25:03.924+0000] {logging_mixin.py:188} INFO - [2026-05-16T03:25:03.923+0000] {dag.py:3823} INFO - Setting next_dagrun for example_sla_dag to 2026-05-16 03:22:00+00:00, run_after=2026-05-16 03:24:00+00:00
[2026-05-16T03:25:03.958+0000] {processor.py:183} INFO - Processing /home/airflow/.local/lib/python3.8/site-packages/airflow/example_dags/example_sla_dag.py took 0.138 seconds
[2026-05-16T03:25:34.065+0000] {processor.py:161} INFO - Started process (PID=5413) to work on /home/airflow/.local/lib/python3.8/site-packages/airflow/example_dags/example_sla_dag.py
[2026-05-16T03:25:34.066+0000] {processor.py:830} INFO - Processing file /home/airflow/.local/lib/python3.8/site-packages/airflow/example_dags/example_sla_dag.py for tasks to queue
[2026-05-16T03:25:34.069+0000] {logging_mixin.py:188} INFO - [2026-05-16T03:25:34.068+0000] {dagbag.py:538} INFO - Filling up the DagBag from /home/airflow/.local/lib/python3.8/site-packages/airflow/example_dags/example_sla_dag.py
[2026-05-16T03:25:34.085+0000] {processor.py:840} INFO - DAG(s) 'example_sla_dag' retrieved from /home/airflow/.local/lib/python3.8/site-packages/airflow/example_dags/example_sla_dag.py
[2026-05-16T03:25:34.125+0000] {logging_mixin.py:188} INFO - [2026-05-16T03:25:34.125+0000] {dag.py:3036} INFO - Sync 1 DAGs
[2026-05-16T03:25:34.177+0000] {logging_mixin.py:188} INFO - [2026-05-16T03:25:34.176+0000] {dag.py:3823} INFO - Setting next_dagrun for example_sla_dag to 2026-05-16 03:22:00+00:00, run_after=2026-05-16 03:24:00+00:00
[2026-05-16T03:25:34.209+0000] {processor.py:183} INFO - Processing /home/airflow/.local/lib/python3.8/site-packages/airflow/example_dags/example_sla_dag.py took 0.150 seconds
[2026-05-16T03:26:04.291+0000] {processor.py:161} INFO - Started process (PID=5483) to work on /home/airflow/.local/lib/python3.8/site-packages/airflow/example_dags/example_sla_dag.py
[2026-05-16T03:26:04.293+0000] {processor.py:830} INFO - Processing file /home/airflow/.local/lib/python3.8/site-packages/airflow/example_dags/example_sla_dag.py for tasks to queue
[2026-05-16T03:26:04.296+0000] {logging_mixin.py:188} INFO - [2026-05-16T03:26:04.295+0000] {dagbag.py:538} INFO - Filling up the DagBag from /home/airflow/.local/lib/python3.8/site-packages/airflow/example_dags/example_sla_dag.py
[2026-05-16T03:26:04.311+0000] {processor.py:840} INFO - DAG(s) 'example_sla_dag' retrieved from /home/airflow/.local/lib/python3.8/site-packages/airflow/example_dags/example_sla_dag.py
[2026-05-16T03:26:04.354+0000] {logging_mixin.py:188} INFO - [2026-05-16T03:26:04.353+0000] {dag.py:3036} INFO - Sync 1 DAGs
[2026-05-16T03:26:04.404+0000] {logging_mixin.py:188} INFO - [2026-05-16T03:26:04.404+0000] {dag.py:3823} INFO - Setting next_dagrun for example_sla_dag to 2026-05-16 03:24:00+00:00, run_after=2026-05-16 03:26:00+00:00
[2026-05-16T03:26:04.440+0000] {processor.py:183} INFO - Processing /home/airflow/.local/lib/python3.8/site-packages/airflow/example_dags/example_sla_dag.py took 0.155 seconds
[2026-05-16T03:26:35.117+0000] {processor.py:161} INFO - Started process (PID=5549) to work on /home/airflow/.local/lib/python3.8/site-packages/airflow/example_dags/example_sla_dag.py
[2026-05-16T03:26:35.118+0000] {processor.py:830} INFO - Processing file /home/airflow/.local/lib/python3.8/site-packages/airflow/example_dags/example_sla_dag.py for tasks to queue
[2026-05-16T03:26:35.121+0000] {logging_mixin.py:188} INFO - [2026-05-16T03:26:35.121+0000] {dagbag.py:538} INFO - Filling up the DagBag from /home/airflow/.local/lib/python3.8/site-packages/airflow/example_dags/example_sla_dag.py
[2026-05-16T03:26:35.136+0000] {processor.py:840} INFO - DAG(s) 'example_sla_dag' retrieved from /home/airflow/.local/lib/python3.8/site-packages/airflow/example_dags/example_sla_dag.py
[2026-05-16T03:26:35.176+0000] {logging_mixin.py:188} INFO - [2026-05-16T03:26:35.176+0000] {dag.py:3036} INFO - Sync 1 DAGs
[2026-05-16T03:26:35.229+0000] {logging_mixin.py:188} INFO - [2026-05-16T03:26:35.229+0000] {dag.py:3823} INFO - Setting next_dagrun for example_sla_dag to 2026-05-16 03:24:00+00:00, run_after=2026-05-16 03:26:00+00:00
[2026-05-16T03:26:35.262+0000] {processor.py:183} INFO - Processing /home/airflow/.local/lib/python3.8/site-packages/airflow/example_dags/example_sla_dag.py took 0.150 seconds
[2026-05-16T03:27:05.804+0000] {processor.py:161} INFO - Started process (PID=5614) to work on /home/airflow/.local/lib/python3.8/site-packages/airflow/example_dags/example_sla_dag.py
[2026-05-16T03:27:05.806+0000] {processor.py:830} INFO - Processing file /home/airflow/.local/lib/python3.8/site-packages/airflow/example_dags/example_sla_dag.py for tasks to queue
[2026-05-16T03:27:05.809+0000] {logging_mixin.py:188} INFO - [2026-05-16T03:27:05.809+0000] {dagbag.py:538} INFO - Filling up the DagBag from /home/airflow/.local/lib/python3.8/site-packages/airflow/example_dags/example_sla_dag.py
[2026-05-16T03:27:05.824+0000] {processor.py:840} INFO - DAG(s) 'example_sla_dag' retrieved from /home/airflow/.local/lib/python3.8/site-packages/airflow/example_dags/example_sla_dag.py
[2026-05-16T03:27:05.865+0000] {logging_mixin.py:188} INFO - [2026-05-16T03:27:05.864+0000] {dag.py:3036} INFO - Sync 1 DAGs
[2026-05-16T03:27:05.917+0000] {logging_mixin.py:188} INFO - [2026-05-16T03:27:05.916+0000] {dag.py:3823} INFO - Setting next_dagrun for example_sla_dag to 2026-05-16 03:24:00+00:00, run_after=2026-05-16 03:26:00+00:00
[2026-05-16T03:27:05.951+0000] {processor.py:183} INFO - Processing /home/airflow/.local/lib/python3.8/site-packages/airflow/example_dags/example_sla_dag.py took 0.152 seconds
[2026-05-16T03:27:36.482+0000] {processor.py:161} INFO - Started process (PID=5678) to work on /home/airflow/.local/lib/python3.8/site-packages/airflow/example_dags/example_sla_dag.py
[2026-05-16T03:27:36.486+0000] {processor.py:830} INFO - Processing file /home/airflow/.local/lib/python3.8/site-packages/airflow/example_dags/example_sla_dag.py for tasks to queue
[2026-05-16T03:27:36.490+0000] {logging_mixin.py:188} INFO - [2026-05-16T03:27:36.490+0000] {dagbag.py:538} INFO - Filling up the DagBag from /home/airflow/.local/lib/python3.8/site-packages/airflow/example_dags/example_sla_dag.py
[2026-05-16T03:27:36.538+0000] {processor.py:840} INFO - DAG(s) 'example_sla_dag' retrieved from /home/airflow/.local/lib/python3.8/site-packages/airflow/example_dags/example_sla_dag.py
[2026-05-16T03:27:36.614+0000] {logging_mixin.py:188} INFO - [2026-05-16T03:27:36.613+0000] {dag.py:3036} INFO - Sync 1 DAGs
[2026-05-16T03:27:36.694+0000] {logging_mixin.py:188} INFO - [2026-05-16T03:27:36.693+0000] {dag.py:3823} INFO - Setting next_dagrun for example_sla_dag to 2026-05-16 03:24:00+00:00, run_after=2026-05-16 03:26:00+00:00
[2026-05-16T03:27:36.735+0000] {processor.py:183} INFO - Processing /home/airflow/.local/lib/python3.8/site-packages/airflow/example_dags/example_sla_dag.py took 0.263 seconds
[2026-05-16T03:28:07.239+0000] {processor.py:161} INFO - Started process (PID=5744) to work on /home/airflow/.local/lib/python3.8/site-packages/airflow/example_dags/example_sla_dag.py
[2026-05-16T03:28:07.241+0000] {processor.py:830} INFO - Processing file /home/airflow/.local/lib/python3.8/site-packages/airflow/example_dags/example_sla_dag.py for tasks to queue
[2026-05-16T03:28:07.245+0000] {logging_mixin.py:188} INFO - [2026-05-16T03:28:07.244+0000] {dagbag.py:538} INFO - Filling up the DagBag from /home/airflow/.local/lib/python3.8/site-packages/airflow/example_dags/example_sla_dag.py
[2026-05-16T03:28:07.262+0000] {processor.py:840} INFO - DAG(s) 'example_sla_dag' retrieved from /home/airflow/.local/lib/python3.8/site-packages/airflow/example_dags/example_sla_dag.py
[2026-05-16T03:28:07.304+0000] {logging_mixin.py:188} INFO - [2026-05-16T03:28:07.304+0000] {dag.py:3036} INFO - Sync 1 DAGs
[2026-05-16T03:28:07.358+0000] {logging_mixin.py:188} INFO - [2026-05-16T03:28:07.357+0000] {dag.py:3823} INFO - Setting next_dagrun for example_sla_dag to 2026-05-16 03:26:00+00:00, run_after=2026-05-16 03:28:00+00:00
[2026-05-16T03:28:07.392+0000] {processor.py:183} INFO - Processing /home/airflow/.local/lib/python3.8/site-packages/airflow/example_dags/example_sla_dag.py took 0.159 seconds
[2026-05-16T03:28:37.643+0000] {processor.py:161} INFO - Started process (PID=5808) to work on /home/airflow/.local/lib/python3.8/site-packages/airflow/example_dags/example_sla_dag.py
[2026-05-16T03:28:37.644+0000] {processor.py:830} INFO - Processing file /home/airflow/.local/lib/python3.8/site-packages/airflow/example_dags/example_sla_dag.py for tasks to queue
[2026-05-16T03:28:37.647+0000] {logging_mixin.py:188} INFO - [2026-05-16T03:28:37.647+0000] {dagbag.py:538} INFO - Filling up the DagBag from /home/airflow/.local/lib/python3.8/site-packages/airflow/example_dags/example_sla_dag.py
[2026-05-16T03:28:37.662+0000] {processor.py:840} INFO - DAG(s) 'example_sla_dag' retrieved from /home/airflow/.local/lib/python3.8/site-packages/airflow/example_dags/example_sla_dag.py
[2026-05-16T03:28:37.702+0000] {logging_mixin.py:188} INFO - [2026-05-16T03:28:37.702+0000] {dag.py:3036} INFO - Sync 1 DAGs
[2026-05-16T03:28:37.749+0000] {logging_mixin.py:188} INFO - [2026-05-16T03:28:37.749+0000] {dag.py:3823} INFO - Setting next_dagrun for example_sla_dag to 2026-05-16 03:26:00+00:00, run_after=2026-05-16 03:28:00+00:00
[2026-05-16T03:28:37.783+0000] {processor.py:183} INFO - Processing /home/airflow/.local/lib/python3.8/site-packages/airflow/example_dags/example_sla_dag.py took 0.145 seconds
[2026-05-16T03:29:08.393+0000] {processor.py:161} INFO - Started process (PID=5871) to work on /home/airflow/.local/lib/python3.8/site-packages/airflow/example_dags/example_sla_dag.py
[2026-05-16T03:29:08.395+0000] {processor.py:830} INFO - Processing file /home/airflow/.local/lib/python3.8/site-packages/airflow/example_dags/example_sla_dag.py for tasks to queue
[2026-05-16T03:29:08.398+0000] {logging_mixin.py:188} INFO - [2026-05-16T03:29:08.398+0000] {dagbag.py:538} INFO - Filling up the DagBag from /home/airflow/.local/lib/python3.8/site-packages/airflow/example_dags/example_sla_dag.py
[2026-05-16T03:29:08.414+0000] {processor.py:840} INFO - DAG(s) 'example_sla_dag' retrieved from /home/airflow/.local/lib/python3.8/site-packages/airflow/example_dags/example_sla_dag.py
[2026-05-16T03:29:08.450+0000] {logging_mixin.py:188} INFO - [2026-05-16T03:29:08.450+0000] {dag.py:3036} INFO - Sync 1 DAGs
[2026-05-16T03:29:08.494+0000] {logging_mixin.py:188} INFO - [2026-05-16T03:29:08.494+0000] {dag.py:3823} INFO - Setting next_dagrun for example_sla_dag to 2026-05-16 03:26:00+00:00, run_after=2026-05-16 03:28:00+00:00
[2026-05-16T03:29:08.525+0000] {processor.py:183} INFO - Processing /home/airflow/.local/lib/python3.8/site-packages/airflow/example_dags/example_sla_dag.py took 0.138 seconds
[2026-05-16T03:29:38.833+0000] {processor.py:161} INFO - Started process (PID=5936) to work on /home/airflow/.local/lib/python3.8/site-packages/airflow/example_dags/example_sla_dag.py
[2026-05-16T03:29:38.835+0000] {processor.py:830} INFO - Processing file /home/airflow/.local/lib/python3.8/site-packages/airflow/example_dags/example_sla_dag.py for tasks to queue
[2026-05-16T03:29:38.838+0000] {logging_mixin.py:188} INFO - [2026-05-16T03:29:38.837+0000] {dagbag.py:538} INFO - Filling up the DagBag from /home/airflow/.local/lib/python3.8/site-packages/airflow/example_dags/example_sla_dag.py
[2026-05-16T03:29:38.853+0000] {processor.py:840} INFO - DAG(s) 'example_sla_dag' retrieved from /home/airflow/.local/lib/python3.8/site-packages/airflow/example_dags/example_sla_dag.py
[2026-05-16T03:29:38.894+0000] {logging_mixin.py:188} INFO - [2026-05-16T03:29:38.894+0000] {dag.py:3036} INFO - Sync 1 DAGs
[2026-05-16T03:29:38.937+0000] {logging_mixin.py:188} INFO - [2026-05-16T03:29:38.937+0000] {dag.py:3823} INFO - Setting next_dagrun for example_sla_dag to 2026-05-16 03:26:00+00:00, run_after=2026-05-16 03:28:00+00:00
[2026-05-16T03:29:38.969+0000] {processor.py:183} INFO - Processing /home/airflow/.local/lib/python3.8/site-packages/airflow/example_dags/example_sla_dag.py took 0.140 seconds
[2026-05-16T03:30:09.349+0000] {processor.py:161} INFO - Started process (PID=6000) to work on /home/airflow/.local/lib/python3.8/site-packages/airflow/example_dags/example_sla_dag.py
[2026-05-16T03:30:09.350+0000] {processor.py:830} INFO - Processing file /home/airflow/.local/lib/python3.8/site-packages/airflow/example_dags/example_sla_dag.py for tasks to queue
[2026-05-16T03:30:09.352+0000] {logging_mixin.py:188} INFO - [2026-05-16T03:30:09.352+0000] {dagbag.py:538} INFO - Filling up the DagBag from /home/airflow/.local/lib/python3.8/site-packages/airflow/example_dags/example_sla_dag.py
[2026-05-16T03:30:09.368+0000] {processor.py:840} INFO - DAG(s) 'example_sla_dag' retrieved from /home/airflow/.local/lib/python3.8/site-packages/airflow/example_dags/example_sla_dag.py
[2026-05-16T03:30:09.406+0000] {logging_mixin.py:188} INFO - [2026-05-16T03:30:09.406+0000] {dag.py:3036} INFO - Sync 1 DAGs
[2026-05-16T03:30:09.450+0000] {logging_mixin.py:188} INFO - [2026-05-16T03:30:09.449+0000] {dag.py:3823} INFO - Setting next_dagrun for example_sla_dag to 2026-05-16 03:28:00+00:00, run_after=2026-05-16 03:30:00+00:00
[2026-05-16T03:30:09.484+0000] {processor.py:183} INFO - Processing /home/airflow/.local/lib/python3.8/site-packages/airflow/example_dags/example_sla_dag.py took 0.141 seconds
[2026-05-16T03:30:39.797+0000] {processor.py:161} INFO - Started process (PID=6065) to work on /home/airflow/.local/lib/python3.8/site-packages/airflow/example_dags/example_sla_dag.py
[2026-05-16T03:30:39.798+0000] {processor.py:830} INFO - Processing file /home/airflow/.local/lib/python3.8/site-packages/airflow/example_dags/example_sla_dag.py for tasks to queue
[2026-05-16T03:30:39.801+0000] {logging_mixin.py:188} INFO - [2026-05-16T03:30:39.800+0000] {dagbag.py:538} INFO - Filling up the DagBag from /home/airflow/.local/lib/python3.8/site-packages/airflow/example_dags/example_sla_dag.py
[2026-05-16T03:30:39.816+0000] {processor.py:840} INFO - DAG(s) 'example_sla_dag' retrieved from /home/airflow/.local/lib/python3.8/site-packages/airflow/example_dags/example_sla_dag.py
[2026-05-16T03:30:39.854+0000] {logging_mixin.py:188} INFO - [2026-05-16T03:30:39.853+0000] {dag.py:3036} INFO - Sync 1 DAGs
[2026-05-16T03:30:39.904+0000] {logging_mixin.py:188} INFO - [2026-05-16T03:30:39.904+0000] {dag.py:3823} INFO - Setting next_dagrun for example_sla_dag to 2026-05-16 03:28:00+00:00, run_after=2026-05-16 03:30:00+00:00
[2026-05-16T03:30:39.938+0000] {processor.py:183} INFO - Processing /home/airflow/.local/lib/python3.8/site-packages/airflow/example_dags/example_sla_dag.py took 0.147 seconds
[2026-05-16T03:31:10.723+0000] {processor.py:161} INFO - Started process (PID=6128) to work on /home/airflow/.local/lib/python3.8/site-packages/airflow/example_dags/example_sla_dag.py
[2026-05-16T03:31:10.725+0000] {processor.py:830} INFO - Processing file /home/airflow/.local/lib/python3.8/site-packages/airflow/example_dags/example_sla_dag.py for tasks to queue
[2026-05-16T03:31:10.728+0000] {logging_mixin.py:188} INFO - [2026-05-16T03:31:10.727+0000] {dagbag.py:538} INFO - Filling up the DagBag from /home/airflow/.local/lib/python3.8/site-packages/airflow/example_dags/example_sla_dag.py
[2026-05-16T03:31:10.743+0000] {processor.py:840} INFO - DAG(s) 'example_sla_dag' retrieved from /home/airflow/.local/lib/python3.8/site-packages/airflow/example_dags/example_sla_dag.py
[2026-05-16T03:31:10.780+0000] {logging_mixin.py:188} INFO - [2026-05-16T03:31:10.779+0000] {dag.py:3036} INFO - Sync 1 DAGs
[2026-05-16T03:31:10.826+0000] {logging_mixin.py:188} INFO - [2026-05-16T03:31:10.826+0000] {dag.py:3823} INFO - Setting next_dagrun for example_sla_dag to 2026-05-16 03:28:00+00:00, run_after=2026-05-16 03:30:00+00:00
[2026-05-16T03:31:10.856+0000] {processor.py:183} INFO - Processing /home/airflow/.local/lib/python3.8/site-packages/airflow/example_dags/example_sla_dag.py took 0.138 seconds
[2026-05-16T03:31:41.023+0000] {processor.py:161} INFO - Started process (PID=6192) to work on /home/airflow/.local/lib/python3.8/site-packages/airflow/example_dags/example_sla_dag.py
[2026-05-16T03:31:41.025+0000] {processor.py:830} INFO - Processing file /home/airflow/.local/lib/python3.8/site-packages/airflow/example_dags/example_sla_dag.py for tasks to queue
[2026-05-16T03:31:41.029+0000] {logging_mixin.py:188} INFO - [2026-05-16T03:31:41.028+0000] {dagbag.py:538} INFO - Filling up the DagBag from /home/airflow/.local/lib/python3.8/site-packages/airflow/example_dags/example_sla_dag.py
[2026-05-16T03:31:41.044+0000] {processor.py:840} INFO - DAG(s) 'example_sla_dag' retrieved from /home/airflow/.local/lib/python3.8/site-packages/airflow/example_dags/example_sla_dag.py
[2026-05-16T03:31:41.080+0000] {logging_mixin.py:188} INFO - [2026-05-16T03:31:41.079+0000] {dag.py:3036} INFO - Sync 1 DAGs
[2026-05-16T03:31:41.127+0000] {logging_mixin.py:188} INFO - [2026-05-16T03:31:41.126+0000] {dag.py:3823} INFO - Setting next_dagrun for example_sla_dag to 2026-05-16 03:28:00+00:00, run_after=2026-05-16 03:30:00+00:00
[2026-05-16T03:31:41.160+0000] {processor.py:183} INFO - Processing /home/airflow/.local/lib/python3.8/site-packages/airflow/example_dags/example_sla_dag.py took 0.142 seconds
[2026-05-16T03:32:11.412+0000] {processor.py:161} INFO - Started process (PID=6258) to work on /home/airflow/.local/lib/python3.8/site-packages/airflow/example_dags/example_sla_dag.py
[2026-05-16T03:32:11.414+0000] {processor.py:830} INFO - Processing file /home/airflow/.local/lib/python3.8/site-packages/airflow/example_dags/example_sla_dag.py for tasks to queue
[2026-05-16T03:32:11.416+0000] {logging_mixin.py:188} INFO - [2026-05-16T03:32:11.416+0000] {dagbag.py:538} INFO - Filling up the DagBag from /home/airflow/.local/lib/python3.8/site-packages/airflow/example_dags/example_sla_dag.py
[2026-05-16T03:32:11.430+0000] {processor.py:840} INFO - DAG(s) 'example_sla_dag' retrieved from /home/airflow/.local/lib/python3.8/site-packages/airflow/example_dags/example_sla_dag.py
[2026-05-16T03:32:11.464+0000] {logging_mixin.py:188} INFO - [2026-05-16T03:32:11.464+0000] {dag.py:3036} INFO - Sync 1 DAGs
[2026-05-16T03:32:11.509+0000] {logging_mixin.py:188} INFO - [2026-05-16T03:32:11.508+0000] {dag.py:3823} INFO - Setting next_dagrun for example_sla_dag to 2026-05-16 03:30:00+00:00, run_after=2026-05-16 03:32:00+00:00
[2026-05-16T03:32:11.538+0000] {processor.py:183} INFO - Processing /home/airflow/.local/lib/python3.8/site-packages/airflow/example_dags/example_sla_dag.py took 0.132 seconds
[2026-05-16T03:32:41.793+0000] {processor.py:161} INFO - Started process (PID=6323) to work on /home/airflow/.local/lib/python3.8/site-packages/airflow/example_dags/example_sla_dag.py
[2026-05-16T03:32:41.795+0000] {processor.py:830} INFO - Processing file /home/airflow/.local/lib/python3.8/site-packages/airflow/example_dags/example_sla_dag.py for tasks to queue
[2026-05-16T03:32:41.797+0000] {logging_mixin.py:188} INFO - [2026-05-16T03:32:41.797+0000] {dagbag.py:538} INFO - Filling up the DagBag from /home/airflow/.local/lib/python3.8/site-packages/airflow/example_dags/example_sla_dag.py
[2026-05-16T03:32:41.812+0000] {processor.py:840} INFO - DAG(s) 'example_sla_dag' retrieved from /home/airflow/.local/lib/python3.8/site-packages/airflow/example_dags/example_sla_dag.py
[2026-05-16T03:32:41.850+0000] {logging_mixin.py:188} INFO - [2026-05-16T03:32:41.850+0000] {dag.py:3036} INFO - Sync 1 DAGs
[2026-05-16T03:32:41.891+0000] {logging_mixin.py:188} INFO - [2026-05-16T03:32:41.891+0000] {dag.py:3823} INFO - Setting next_dagrun for example_sla_dag to 2026-05-16 03:30:00+00:00, run_after=2026-05-16 03:32:00+00:00
[2026-05-16T03:32:41.921+0000] {processor.py:183} INFO - Processing /home/airflow/.local/lib/python3.8/site-packages/airflow/example_dags/example_sla_dag.py took 0.134 seconds
[2026-05-16T03:33:12.845+0000] {processor.py:161} INFO - Started process (PID=6388) to work on /home/airflow/.local/lib/python3.8/site-packages/airflow/example_dags/example_sla_dag.py
[2026-05-16T03:33:12.848+0000] {processor.py:830} INFO - Processing file /home/airflow/.local/lib/python3.8/site-packages/airflow/example_dags/example_sla_dag.py for tasks to queue
[2026-05-16T03:33:12.852+0000] {logging_mixin.py:188} INFO - [2026-05-16T03:33:12.852+0000] {dagbag.py:538} INFO - Filling up the DagBag from /home/airflow/.local/lib/python3.8/site-packages/airflow/example_dags/example_sla_dag.py
[2026-05-16T03:33:12.888+0000] {processor.py:840} INFO - DAG(s) 'example_sla_dag' retrieved from /home/airflow/.local/lib/python3.8/site-packages/airflow/example_dags/example_sla_dag.py
[2026-05-16T03:33:12.973+0000] {logging_mixin.py:188} INFO - [2026-05-16T03:33:12.973+0000] {dag.py:3036} INFO - Sync 1 DAGs
[2026-05-16T03:33:13.029+0000] {logging_mixin.py:188} INFO - [2026-05-16T03:33:13.029+0000] {dag.py:3823} INFO - Setting next_dagrun for example_sla_dag to 2026-05-16 03:30:00+00:00, run_after=2026-05-16 03:32:00+00:00
[2026-05-16T03:33:13.061+0000] {processor.py:183} INFO - Processing /home/airflow/.local/lib/python3.8/site-packages/airflow/example_dags/example_sla_dag.py took 0.222 seconds
[2026-05-16T03:33:43.388+0000] {processor.py:161} INFO - Started process (PID=6459) to work on /home/airflow/.local/lib/python3.8/site-packages/airflow/example_dags/example_sla_dag.py
[2026-05-16T03:33:43.400+0000] {processor.py:830} INFO - Processing file /home/airflow/.local/lib/python3.8/site-packages/airflow/example_dags/example_sla_dag.py for tasks to queue
[2026-05-16T03:33:43.406+0000] {logging_mixin.py:188} INFO - [2026-05-16T03:33:43.406+0000] {dagbag.py:538} INFO - Filling up the DagBag from /home/airflow/.local/lib/python3.8/site-packages/airflow/example_dags/example_sla_dag.py
[2026-05-16T03:33:43.440+0000] {processor.py:840} INFO - DAG(s) 'example_sla_dag' retrieved from /home/airflow/.local/lib/python3.8/site-packages/airflow/example_dags/example_sla_dag.py
[2026-05-16T03:33:43.482+0000] {logging_mixin.py:188} INFO - [2026-05-16T03:33:43.481+0000] {dag.py:3036} INFO - Sync 1 DAGs
[2026-05-16T03:33:43.535+0000] {logging_mixin.py:188} INFO - [2026-05-16T03:33:43.534+0000] {dag.py:3823} INFO - Setting next_dagrun for example_sla_dag to 2026-05-16 03:30:00+00:00, run_after=2026-05-16 03:32:00+00:00
[2026-05-16T03:33:43.566+0000] {processor.py:183} INFO - Processing /home/airflow/.local/lib/python3.8/site-packages/airflow/example_dags/example_sla_dag.py took 0.185 seconds
[2026-05-16T03:34:14.254+0000] {processor.py:161} INFO - Started process (PID=6528) to work on /home/airflow/.local/lib/python3.8/site-packages/airflow/example_dags/example_sla_dag.py
[2026-05-16T03:34:14.256+0000] {processor.py:830} INFO - Processing file /home/airflow/.local/lib/python3.8/site-packages/airflow/example_dags/example_sla_dag.py for tasks to queue
[2026-05-16T03:34:14.260+0000] {logging_mixin.py:188} INFO - [2026-05-16T03:34:14.259+0000] {dagbag.py:538} INFO - Filling up the DagBag from /home/airflow/.local/lib/python3.8/site-packages/airflow/example_dags/example_sla_dag.py
[2026-05-16T03:34:14.277+0000] {processor.py:840} INFO - DAG(s) 'example_sla_dag' retrieved from /home/airflow/.local/lib/python3.8/site-packages/airflow/example_dags/example_sla_dag.py
[2026-05-16T03:34:14.323+0000] {logging_mixin.py:188} INFO - [2026-05-16T03:34:14.322+0000] {dag.py:3036} INFO - Sync 1 DAGs
[2026-05-16T03:34:14.375+0000] {logging_mixin.py:188} INFO - [2026-05-16T03:34:14.375+0000] {dag.py:3823} INFO - Setting next_dagrun for example_sla_dag to 2026-05-16 03:32:00+00:00, run_after=2026-05-16 03:34:00+00:00
[2026-05-16T03:34:14.409+0000] {processor.py:183} INFO - Processing /home/airflow/.local/lib/python3.8/site-packages/airflow/example_dags/example_sla_dag.py took 0.160 seconds
[2026-05-16T03:34:44.599+0000] {processor.py:161} INFO - Started process (PID=6593) to work on /home/airflow/.local/lib/python3.8/site-packages/airflow/example_dags/example_sla_dag.py
[2026-05-16T03:34:44.601+0000] {processor.py:830} INFO - Processing file /home/airflow/.local/lib/python3.8/site-packages/airflow/example_dags/example_sla_dag.py for tasks to queue
[2026-05-16T03:34:44.604+0000] {logging_mixin.py:188} INFO - [2026-05-16T03:34:44.603+0000] {dagbag.py:538} INFO - Filling up the DagBag from /home/airflow/.local/lib/python3.8/site-packages/airflow/example_dags/example_sla_dag.py
[2026-05-16T03:34:44.618+0000] {processor.py:840} INFO - DAG(s) 'example_sla_dag' retrieved from /home/airflow/.local/lib/python3.8/site-packages/airflow/example_dags/example_sla_dag.py
[2026-05-16T03:34:44.656+0000] {logging_mixin.py:188} INFO - [2026-05-16T03:34:44.656+0000] {dag.py:3036} INFO - Sync 1 DAGs
[2026-05-16T03:34:44.704+0000] {logging_mixin.py:188} INFO - [2026-05-16T03:34:44.703+0000] {dag.py:3823} INFO - Setting next_dagrun for example_sla_dag to 2026-05-16 03:32:00+00:00, run_after=2026-05-16 03:34:00+00:00
[2026-05-16T03:34:44.734+0000] {processor.py:183} INFO - Processing /home/airflow/.local/lib/python3.8/site-packages/airflow/example_dags/example_sla_dag.py took 0.141 seconds
[2026-05-16T03:35:15.696+0000] {processor.py:161} INFO - Started process (PID=6657) to work on /home/airflow/.local/lib/python3.8/site-packages/airflow/example_dags/example_sla_dag.py
[2026-05-16T03:35:15.698+0000] {processor.py:830} INFO - Processing file /home/airflow/.local/lib/python3.8/site-packages/airflow/example_dags/example_sla_dag.py for tasks to queue
[2026-05-16T03:35:15.702+0000] {logging_mixin.py:188} INFO - [2026-05-16T03:35:15.701+0000] {dagbag.py:538} INFO - Filling up the DagBag from /home/airflow/.local/lib/python3.8/site-packages/airflow/example_dags/example_sla_dag.py
[2026-05-16T03:35:15.716+0000] {processor.py:840} INFO - DAG(s) 'example_sla_dag' retrieved from /home/airflow/.local/lib/python3.8/site-packages/airflow/example_dags/example_sla_dag.py
[2026-05-16T03:35:15.759+0000] {logging_mixin.py:188} INFO - [2026-05-16T03:35:15.757+0000] {dag.py:3036} INFO - Sync 1 DAGs
[2026-05-16T03:35:15.835+0000] {logging_mixin.py:188} INFO - [2026-05-16T03:35:15.835+0000] {dag.py:3823} INFO - Setting next_dagrun for example_sla_dag to 2026-05-16 03:32:00+00:00, run_after=2026-05-16 03:34:00+00:00
[2026-05-16T03:35:15.871+0000] {processor.py:183} INFO - Processing /home/airflow/.local/lib/python3.8/site-packages/airflow/example_dags/example_sla_dag.py took 0.181 seconds
[2026-05-16T03:35:46.003+0000] {processor.py:161} INFO - Started process (PID=6722) to work on /home/airflow/.local/lib/python3.8/site-packages/airflow/example_dags/example_sla_dag.py
[2026-05-16T03:35:46.005+0000] {processor.py:830} INFO - Processing file /home/airflow/.local/lib/python3.8/site-packages/airflow/example_dags/example_sla_dag.py for tasks to queue
[2026-05-16T03:35:46.008+0000] {logging_mixin.py:188} INFO - [2026-05-16T03:35:46.008+0000] {dagbag.py:538} INFO - Filling up the DagBag from /home/airflow/.local/lib/python3.8/site-packages/airflow/example_dags/example_sla_dag.py
[2026-05-16T03:35:46.024+0000] {processor.py:840} INFO - DAG(s) 'example_sla_dag' retrieved from /home/airflow/.local/lib/python3.8/site-packages/airflow/example_dags/example_sla_dag.py
[2026-05-16T03:35:46.064+0000] {logging_mixin.py:188} INFO - [2026-05-16T03:35:46.063+0000] {dag.py:3036} INFO - Sync 1 DAGs
[2026-05-16T03:35:46.115+0000] {logging_mixin.py:188} INFO - [2026-05-16T03:35:46.114+0000] {dag.py:3823} INFO - Setting next_dagrun for example_sla_dag to 2026-05-16 03:32:00+00:00, run_after=2026-05-16 03:34:00+00:00
[2026-05-16T03:35:46.145+0000] {processor.py:183} INFO - Processing /home/airflow/.local/lib/python3.8/site-packages/airflow/example_dags/example_sla_dag.py took 0.147 seconds
[2026-05-16T03:36:16.604+0000] {processor.py:161} INFO - Started process (PID=6788) to work on /home/airflow/.local/lib/python3.8/site-packages/airflow/example_dags/example_sla_dag.py
[2026-05-16T03:36:16.607+0000] {processor.py:830} INFO - Processing file /home/airflow/.local/lib/python3.8/site-packages/airflow/example_dags/example_sla_dag.py for tasks to queue
[2026-05-16T03:36:16.610+0000] {logging_mixin.py:188} INFO - [2026-05-16T03:36:16.609+0000] {dagbag.py:538} INFO - Filling up the DagBag from /home/airflow/.local/lib/python3.8/site-packages/airflow/example_dags/example_sla_dag.py
[2026-05-16T03:36:16.623+0000] {processor.py:840} INFO - DAG(s) 'example_sla_dag' retrieved from /home/airflow/.local/lib/python3.8/site-packages/airflow/example_dags/example_sla_dag.py
[2026-05-16T03:36:16.658+0000] {logging_mixin.py:188} INFO - [2026-05-16T03:36:16.658+0000] {dag.py:3036} INFO - Sync 1 DAGs
[2026-05-16T03:36:16.709+0000] {logging_mixin.py:188} INFO - [2026-05-16T03:36:16.708+0000] {dag.py:3823} INFO - Setting next_dagrun for example_sla_dag to 2026-05-16 03:34:00+00:00, run_after=2026-05-16 03:36:00+00:00
[2026-05-16T03:36:16.742+0000] {processor.py:183} INFO - Processing /home/airflow/.local/lib/python3.8/site-packages/airflow/example_dags/example_sla_dag.py took 0.142 seconds
[2026-05-16T03:36:47.206+0000] {processor.py:161} INFO - Started process (PID=6851) to work on /home/airflow/.local/lib/python3.8/site-packages/airflow/example_dags/example_sla_dag.py
[2026-05-16T03:36:47.208+0000] {processor.py:830} INFO - Processing file /home/airflow/.local/lib/python3.8/site-packages/airflow/example_dags/example_sla_dag.py for tasks to queue
[2026-05-16T03:36:47.211+0000] {logging_mixin.py:188} INFO - [2026-05-16T03:36:47.210+0000] {dagbag.py:538} INFO - Filling up the DagBag from /home/airflow/.local/lib/python3.8/site-packages/airflow/example_dags/example_sla_dag.py
[2026-05-16T03:36:47.225+0000] {processor.py:840} INFO - DAG(s) 'example_sla_dag' retrieved from /home/airflow/.local/lib/python3.8/site-packages/airflow/example_dags/example_sla_dag.py
[2026-05-16T03:36:47.261+0000] {logging_mixin.py:188} INFO - [2026-05-16T03:36:47.260+0000] {dag.py:3036} INFO - Sync 1 DAGs
[2026-05-16T03:36:47.316+0000] {logging_mixin.py:188} INFO - [2026-05-16T03:36:47.316+0000] {dag.py:3823} INFO - Setting next_dagrun for example_sla_dag to 2026-05-16 03:34:00+00:00, run_after=2026-05-16 03:36:00+00:00
[2026-05-16T03:36:47.347+0000] {processor.py:183} INFO - Processing /home/airflow/.local/lib/python3.8/site-packages/airflow/example_dags/example_sla_dag.py took 0.146 seconds
[2026-05-16T03:37:18.280+0000] {processor.py:161} INFO - Started process (PID=6916) to work on /home/airflow/.local/lib/python3.8/site-packages/airflow/example_dags/example_sla_dag.py
[2026-05-16T03:37:18.283+0000] {processor.py:830} INFO - Processing file /home/airflow/.local/lib/python3.8/site-packages/airflow/example_dags/example_sla_dag.py for tasks to queue
[2026-05-16T03:37:18.286+0000] {logging_mixin.py:188} INFO - [2026-05-16T03:37:18.285+0000] {dagbag.py:538} INFO - Filling up the DagBag from /home/airflow/.local/lib/python3.8/site-packages/airflow/example_dags/example_sla_dag.py
[2026-05-16T03:37:18.299+0000] {processor.py:840} INFO - DAG(s) 'example_sla_dag' retrieved from /home/airflow/.local/lib/python3.8/site-packages/airflow/example_dags/example_sla_dag.py
[2026-05-16T03:37:18.338+0000] {logging_mixin.py:188} INFO - [2026-05-16T03:37:18.337+0000] {dag.py:3036} INFO - Sync 1 DAGs
[2026-05-16T03:37:18.386+0000] {logging_mixin.py:188} INFO - [2026-05-16T03:37:18.386+0000] {dag.py:3823} INFO - Setting next_dagrun for example_sla_dag to 2026-05-16 03:34:00+00:00, run_after=2026-05-16 03:36:00+00:00
[2026-05-16T03:37:18.417+0000] {processor.py:183} INFO - Processing /home/airflow/.local/lib/python3.8/site-packages/airflow/example_dags/example_sla_dag.py took 0.142 seconds
[2026-05-16T03:37:48.493+0000] {processor.py:161} INFO - Started process (PID=6980) to work on /home/airflow/.local/lib/python3.8/site-packages/airflow/example_dags/example_sla_dag.py
[2026-05-16T03:37:48.494+0000] {processor.py:830} INFO - Processing file /home/airflow/.local/lib/python3.8/site-packages/airflow/example_dags/example_sla_dag.py for tasks to queue
[2026-05-16T03:37:48.496+0000] {logging_mixin.py:188} INFO - [2026-05-16T03:37:48.496+0000] {dagbag.py:538} INFO - Filling up the DagBag from /home/airflow/.local/lib/python3.8/site-packages/airflow/example_dags/example_sla_dag.py
[2026-05-16T03:37:48.509+0000] {processor.py:840} INFO - DAG(s) 'example_sla_dag' retrieved from /home/airflow/.local/lib/python3.8/site-packages/airflow/example_dags/example_sla_dag.py
[2026-05-16T03:37:48.544+0000] {logging_mixin.py:188} INFO - [2026-05-16T03:37:48.544+0000] {dag.py:3036} INFO - Sync 1 DAGs
[2026-05-16T03:37:48.585+0000] {logging_mixin.py:188} INFO - [2026-05-16T03:37:48.585+0000] {dag.py:3823} INFO - Setting next_dagrun for example_sla_dag to 2026-05-16 03:34:00+00:00, run_after=2026-05-16 03:36:00+00:00
[2026-05-16T03:37:48.612+0000] {processor.py:183} INFO - Processing /home/airflow/.local/lib/python3.8/site-packages/airflow/example_dags/example_sla_dag.py took 0.124 seconds
[2026-05-16T03:38:18.742+0000] {processor.py:161} INFO - Started process (PID=7044) to work on /home/airflow/.local/lib/python3.8/site-packages/airflow/example_dags/example_sla_dag.py
[2026-05-16T03:38:18.744+0000] {processor.py:830} INFO - Processing file /home/airflow/.local/lib/python3.8/site-packages/airflow/example_dags/example_sla_dag.py for tasks to queue
[2026-05-16T03:38:18.746+0000] {logging_mixin.py:188} INFO - [2026-05-16T03:38:18.746+0000] {dagbag.py:538} INFO - Filling up the DagBag from /home/airflow/.local/lib/python3.8/site-packages/airflow/example_dags/example_sla_dag.py
[2026-05-16T03:38:18.759+0000] {processor.py:840} INFO - DAG(s) 'example_sla_dag' retrieved from /home/airflow/.local/lib/python3.8/site-packages/airflow/example_dags/example_sla_dag.py
[2026-05-16T03:38:18.792+0000] {logging_mixin.py:188} INFO - [2026-05-16T03:38:18.792+0000] {dag.py:3036} INFO - Sync 1 DAGs
[2026-05-16T03:38:18.834+0000] {logging_mixin.py:188} INFO - [2026-05-16T03:38:18.834+0000] {dag.py:3823} INFO - Setting next_dagrun for example_sla_dag to 2026-05-16 03:36:00+00:00, run_after=2026-05-16 03:38:00+00:00
[2026-05-16T03:38:18.862+0000] {processor.py:183} INFO - Processing /home/airflow/.local/lib/python3.8/site-packages/airflow/example_dags/example_sla_dag.py took 0.125 seconds
[2026-05-16T03:38:49.363+0000] {processor.py:161} INFO - Started process (PID=7109) to work on /home/airflow/.local/lib/python3.8/site-packages/airflow/example_dags/example_sla_dag.py
[2026-05-16T03:38:49.364+0000] {processor.py:830} INFO - Processing file /home/airflow/.local/lib/python3.8/site-packages/airflow/example_dags/example_sla_dag.py for tasks to queue
[2026-05-16T03:38:49.367+0000] {logging_mixin.py:188} INFO - [2026-05-16T03:38:49.366+0000] {dagbag.py:538} INFO - Filling up the DagBag from /home/airflow/.local/lib/python3.8/site-packages/airflow/example_dags/example_sla_dag.py
[2026-05-16T03:38:49.380+0000] {processor.py:840} INFO - DAG(s) 'example_sla_dag' retrieved from /home/airflow/.local/lib/python3.8/site-packages/airflow/example_dags/example_sla_dag.py
[2026-05-16T03:38:49.414+0000] {logging_mixin.py:188} INFO - [2026-05-16T03:38:49.413+0000] {dag.py:3036} INFO - Sync 1 DAGs
[2026-05-16T03:38:49.455+0000] {logging_mixin.py:188} INFO - [2026-05-16T03:38:49.455+0000] {dag.py:3823} INFO - Setting next_dagrun for example_sla_dag to 2026-05-16 03:36:00+00:00, run_after=2026-05-16 03:38:00+00:00
[2026-05-16T03:38:49.484+0000] {processor.py:183} INFO - Processing /home/airflow/.local/lib/python3.8/site-packages/airflow/example_dags/example_sla_dag.py took 0.126 seconds
[2026-05-16T03:39:20.196+0000] {processor.py:161} INFO - Started process (PID=7181) to work on /home/airflow/.local/lib/python3.8/site-packages/airflow/example_dags/example_sla_dag.py
[2026-05-16T03:39:20.198+0000] {processor.py:830} INFO - Processing file /home/airflow/.local/lib/python3.8/site-packages/airflow/example_dags/example_sla_dag.py for tasks to queue
[2026-05-16T03:39:20.201+0000] {logging_mixin.py:188} INFO - [2026-05-16T03:39:20.201+0000] {dagbag.py:538} INFO - Filling up the DagBag from /home/airflow/.local/lib/python3.8/site-packages/airflow/example_dags/example_sla_dag.py
[2026-05-16T03:39:20.215+0000] {processor.py:840} INFO - DAG(s) 'example_sla_dag' retrieved from /home/airflow/.local/lib/python3.8/site-packages/airflow/example_dags/example_sla_dag.py
[2026-05-16T03:39:20.249+0000] {logging_mixin.py:188} INFO - [2026-05-16T03:39:20.248+0000] {dag.py:3036} INFO - Sync 1 DAGs
[2026-05-16T03:39:20.291+0000] {logging_mixin.py:188} INFO - [2026-05-16T03:39:20.291+0000] {dag.py:3823} INFO - Setting next_dagrun for example_sla_dag to 2026-05-16 03:36:00+00:00, run_after=2026-05-16 03:38:00+00:00
[2026-05-16T03:39:20.321+0000] {processor.py:183} INFO - Processing /home/airflow/.local/lib/python3.8/site-packages/airflow/example_dags/example_sla_dag.py took 0.129 seconds
