[2026-05-16T02:44:19.497+0000] {processor.py:161} INFO - Started process (PID=85) to work on /home/airflow/.local/lib/python3.8/site-packages/airflow/example_dags/example_branch_labels.py
[2026-05-16T02:44:19.498+0000] {processor.py:830} INFO - Processing file /home/airflow/.local/lib/python3.8/site-packages/airflow/example_dags/example_branch_labels.py for tasks to queue
[2026-05-16T02:44:19.501+0000] {logging_mixin.py:188} INFO - [2026-05-16T02:44:19.501+0000] {dagbag.py:538} INFO - Filling up the DagBag from /home/airflow/.local/lib/python3.8/site-packages/airflow/example_dags/example_branch_labels.py
[2026-05-16T02:44:19.519+0000] {processor.py:840} INFO - DAG(s) 'example_branch_labels' retrieved from /home/airflow/.local/lib/python3.8/site-packages/airflow/example_dags/example_branch_labels.py
[2026-05-16T02:44:19.742+0000] {logging_mixin.py:188} INFO - [2026-05-16T02:44:19.742+0000] {dag.py:3036} INFO - Sync 1 DAGs
[2026-05-16T02:44:19.789+0000] {logging_mixin.py:188} INFO - [2026-05-16T02:44:19.788+0000] {dag.py:3823} INFO - Setting next_dagrun for example_branch_labels to 2026-05-15 00:00:00+00:00, run_after=2026-05-16 00:00:00+00:00
[2026-05-16T02:44:19.824+0000] {processor.py:183} INFO - Processing /home/airflow/.local/lib/python3.8/site-packages/airflow/example_dags/example_branch_labels.py took 0.335 seconds
[2026-05-16T02:44:49.891+0000] {processor.py:161} INFO - Started process (PID=150) to work on /home/airflow/.local/lib/python3.8/site-packages/airflow/example_dags/example_branch_labels.py
[2026-05-16T02:44:49.892+0000] {processor.py:830} INFO - Processing file /home/airflow/.local/lib/python3.8/site-packages/airflow/example_dags/example_branch_labels.py for tasks to queue
[2026-05-16T02:44:49.895+0000] {logging_mixin.py:188} INFO - [2026-05-16T02:44:49.895+0000] {dagbag.py:538} INFO - Filling up the DagBag from /home/airflow/.local/lib/python3.8/site-packages/airflow/example_dags/example_branch_labels.py
[2026-05-16T02:44:49.910+0000] {processor.py:840} INFO - DAG(s) 'example_branch_labels' retrieved from /home/airflow/.local/lib/python3.8/site-packages/airflow/example_dags/example_branch_labels.py
[2026-05-16T02:44:49.959+0000] {logging_mixin.py:188} INFO - [2026-05-16T02:44:49.958+0000] {dag.py:3036} INFO - Sync 1 DAGs
[2026-05-16T02:44:50.003+0000] {logging_mixin.py:188} INFO - [2026-05-16T02:44:50.002+0000] {dag.py:3823} INFO - Setting next_dagrun for example_branch_labels to 2026-05-15 00:00:00+00:00, run_after=2026-05-16 00:00:00+00:00
[2026-05-16T02:44:50.034+0000] {processor.py:183} INFO - Processing /home/airflow/.local/lib/python3.8/site-packages/airflow/example_dags/example_branch_labels.py took 0.149 seconds
[2026-05-16T02:45:20.347+0000] {processor.py:161} INFO - Started process (PID=215) to work on /home/airflow/.local/lib/python3.8/site-packages/airflow/example_dags/example_branch_labels.py
[2026-05-16T02:45:20.349+0000] {processor.py:830} INFO - Processing file /home/airflow/.local/lib/python3.8/site-packages/airflow/example_dags/example_branch_labels.py for tasks to queue
[2026-05-16T02:45:20.352+0000] {logging_mixin.py:188} INFO - [2026-05-16T02:45:20.352+0000] {dagbag.py:538} INFO - Filling up the DagBag from /home/airflow/.local/lib/python3.8/site-packages/airflow/example_dags/example_branch_labels.py
[2026-05-16T02:45:20.368+0000] {processor.py:840} INFO - DAG(s) 'example_branch_labels' retrieved from /home/airflow/.local/lib/python3.8/site-packages/airflow/example_dags/example_branch_labels.py
[2026-05-16T02:45:20.409+0000] {logging_mixin.py:188} INFO - [2026-05-16T02:45:20.409+0000] {dag.py:3036} INFO - Sync 1 DAGs
[2026-05-16T02:45:20.448+0000] {logging_mixin.py:188} INFO - [2026-05-16T02:45:20.448+0000] {dag.py:3823} INFO - Setting next_dagrun for example_branch_labels to 2026-05-15 00:00:00+00:00, run_after=2026-05-16 00:00:00+00:00
[2026-05-16T02:45:20.478+0000] {processor.py:183} INFO - Processing /home/airflow/.local/lib/python3.8/site-packages/airflow/example_dags/example_branch_labels.py took 0.137 seconds
[2026-05-16T02:45:50.878+0000] {processor.py:161} INFO - Started process (PID=279) to work on /home/airflow/.local/lib/python3.8/site-packages/airflow/example_dags/example_branch_labels.py
[2026-05-16T02:45:50.880+0000] {processor.py:830} INFO - Processing file /home/airflow/.local/lib/python3.8/site-packages/airflow/example_dags/example_branch_labels.py for tasks to queue
[2026-05-16T02:45:50.883+0000] {logging_mixin.py:188} INFO - [2026-05-16T02:45:50.883+0000] {dagbag.py:538} INFO - Filling up the DagBag from /home/airflow/.local/lib/python3.8/site-packages/airflow/example_dags/example_branch_labels.py
[2026-05-16T02:45:50.899+0000] {processor.py:840} INFO - DAG(s) 'example_branch_labels' retrieved from /home/airflow/.local/lib/python3.8/site-packages/airflow/example_dags/example_branch_labels.py
[2026-05-16T02:45:50.952+0000] {logging_mixin.py:188} INFO - [2026-05-16T02:45:50.952+0000] {dag.py:3036} INFO - Sync 1 DAGs
[2026-05-16T02:45:50.993+0000] {logging_mixin.py:188} INFO - [2026-05-16T02:45:50.992+0000] {dag.py:3823} INFO - Setting next_dagrun for example_branch_labels to 2026-05-15 00:00:00+00:00, run_after=2026-05-16 00:00:00+00:00
[2026-05-16T02:45:51.023+0000] {processor.py:183} INFO - Processing /home/airflow/.local/lib/python3.8/site-packages/airflow/example_dags/example_branch_labels.py took 0.152 seconds
[2026-05-16T02:46:21.241+0000] {processor.py:161} INFO - Started process (PID=344) to work on /home/airflow/.local/lib/python3.8/site-packages/airflow/example_dags/example_branch_labels.py
[2026-05-16T02:46:21.245+0000] {processor.py:830} INFO - Processing file /home/airflow/.local/lib/python3.8/site-packages/airflow/example_dags/example_branch_labels.py for tasks to queue
[2026-05-16T02:46:21.247+0000] {logging_mixin.py:188} INFO - [2026-05-16T02:46:21.247+0000] {dagbag.py:538} INFO - Filling up the DagBag from /home/airflow/.local/lib/python3.8/site-packages/airflow/example_dags/example_branch_labels.py
[2026-05-16T02:46:21.264+0000] {processor.py:840} INFO - DAG(s) 'example_branch_labels' retrieved from /home/airflow/.local/lib/python3.8/site-packages/airflow/example_dags/example_branch_labels.py
[2026-05-16T02:46:21.305+0000] {logging_mixin.py:188} INFO - [2026-05-16T02:46:21.305+0000] {dag.py:3036} INFO - Sync 1 DAGs
[2026-05-16T02:46:21.350+0000] {logging_mixin.py:188} INFO - [2026-05-16T02:46:21.350+0000] {dag.py:3823} INFO - Setting next_dagrun for example_branch_labels to 2026-05-15 00:00:00+00:00, run_after=2026-05-16 00:00:00+00:00
[2026-05-16T02:46:21.381+0000] {processor.py:183} INFO - Processing /home/airflow/.local/lib/python3.8/site-packages/airflow/example_dags/example_branch_labels.py took 0.147 seconds
[2026-05-16T02:46:52.411+0000] {processor.py:161} INFO - Started process (PID=408) to work on /home/airflow/.local/lib/python3.8/site-packages/airflow/example_dags/example_branch_labels.py
[2026-05-16T02:46:52.413+0000] {processor.py:830} INFO - Processing file /home/airflow/.local/lib/python3.8/site-packages/airflow/example_dags/example_branch_labels.py for tasks to queue
[2026-05-16T02:46:52.416+0000] {logging_mixin.py:188} INFO - [2026-05-16T02:46:52.415+0000] {dagbag.py:538} INFO - Filling up the DagBag from /home/airflow/.local/lib/python3.8/site-packages/airflow/example_dags/example_branch_labels.py
[2026-05-16T02:46:52.430+0000] {processor.py:840} INFO - DAG(s) 'example_branch_labels' retrieved from /home/airflow/.local/lib/python3.8/site-packages/airflow/example_dags/example_branch_labels.py
[2026-05-16T02:46:52.476+0000] {logging_mixin.py:188} INFO - [2026-05-16T02:46:52.476+0000] {dag.py:3036} INFO - Sync 1 DAGs
[2026-05-16T02:46:52.517+0000] {logging_mixin.py:188} INFO - [2026-05-16T02:46:52.516+0000] {dag.py:3823} INFO - Setting next_dagrun for example_branch_labels to 2026-05-15 00:00:00+00:00, run_after=2026-05-16 00:00:00+00:00
[2026-05-16T02:46:52.547+0000] {processor.py:183} INFO - Processing /home/airflow/.local/lib/python3.8/site-packages/airflow/example_dags/example_branch_labels.py took 0.141 seconds
[2026-05-16T02:47:22.834+0000] {processor.py:161} INFO - Started process (PID=472) to work on /home/airflow/.local/lib/python3.8/site-packages/airflow/example_dags/example_branch_labels.py
[2026-05-16T02:47:22.836+0000] {processor.py:830} INFO - Processing file /home/airflow/.local/lib/python3.8/site-packages/airflow/example_dags/example_branch_labels.py for tasks to queue
[2026-05-16T02:47:22.839+0000] {logging_mixin.py:188} INFO - [2026-05-16T02:47:22.839+0000] {dagbag.py:538} INFO - Filling up the DagBag from /home/airflow/.local/lib/python3.8/site-packages/airflow/example_dags/example_branch_labels.py
[2026-05-16T02:47:22.852+0000] {processor.py:840} INFO - DAG(s) 'example_branch_labels' retrieved from /home/airflow/.local/lib/python3.8/site-packages/airflow/example_dags/example_branch_labels.py
[2026-05-16T02:47:22.891+0000] {logging_mixin.py:188} INFO - [2026-05-16T02:47:22.890+0000] {dag.py:3036} INFO - Sync 1 DAGs
[2026-05-16T02:47:22.937+0000] {logging_mixin.py:188} INFO - [2026-05-16T02:47:22.937+0000] {dag.py:3823} INFO - Setting next_dagrun for example_branch_labels to 2026-05-15 00:00:00+00:00, run_after=2026-05-16 00:00:00+00:00
[2026-05-16T02:47:22.966+0000] {processor.py:183} INFO - Processing /home/airflow/.local/lib/python3.8/site-packages/airflow/example_dags/example_branch_labels.py took 0.137 seconds
[2026-05-16T02:47:53.621+0000] {processor.py:161} INFO - Started process (PID=537) to work on /home/airflow/.local/lib/python3.8/site-packages/airflow/example_dags/example_branch_labels.py
[2026-05-16T02:47:53.622+0000] {processor.py:830} INFO - Processing file /home/airflow/.local/lib/python3.8/site-packages/airflow/example_dags/example_branch_labels.py for tasks to queue
[2026-05-16T02:47:53.625+0000] {logging_mixin.py:188} INFO - [2026-05-16T02:47:53.625+0000] {dagbag.py:538} INFO - Filling up the DagBag from /home/airflow/.local/lib/python3.8/site-packages/airflow/example_dags/example_branch_labels.py
[2026-05-16T02:47:53.639+0000] {processor.py:840} INFO - DAG(s) 'example_branch_labels' retrieved from /home/airflow/.local/lib/python3.8/site-packages/airflow/example_dags/example_branch_labels.py
[2026-05-16T02:47:53.684+0000] {logging_mixin.py:188} INFO - [2026-05-16T02:47:53.683+0000] {dag.py:3036} INFO - Sync 1 DAGs
[2026-05-16T02:47:53.733+0000] {logging_mixin.py:188} INFO - [2026-05-16T02:47:53.733+0000] {dag.py:3823} INFO - Setting next_dagrun for example_branch_labels to 2026-05-15 00:00:00+00:00, run_after=2026-05-16 00:00:00+00:00
[2026-05-16T02:47:53.763+0000] {processor.py:183} INFO - Processing /home/airflow/.local/lib/python3.8/site-packages/airflow/example_dags/example_branch_labels.py took 0.147 seconds
[2026-05-16T02:48:23.998+0000] {processor.py:161} INFO - Started process (PID=603) to work on /home/airflow/.local/lib/python3.8/site-packages/airflow/example_dags/example_branch_labels.py
[2026-05-16T02:48:24.000+0000] {processor.py:830} INFO - Processing file /home/airflow/.local/lib/python3.8/site-packages/airflow/example_dags/example_branch_labels.py for tasks to queue
[2026-05-16T02:48:24.003+0000] {logging_mixin.py:188} INFO - [2026-05-16T02:48:24.003+0000] {dagbag.py:538} INFO - Filling up the DagBag from /home/airflow/.local/lib/python3.8/site-packages/airflow/example_dags/example_branch_labels.py
[2026-05-16T02:48:24.017+0000] {processor.py:840} INFO - DAG(s) 'example_branch_labels' retrieved from /home/airflow/.local/lib/python3.8/site-packages/airflow/example_dags/example_branch_labels.py
[2026-05-16T02:48:24.072+0000] {logging_mixin.py:188} INFO - [2026-05-16T02:48:24.071+0000] {dag.py:3036} INFO - Sync 1 DAGs
[2026-05-16T02:48:24.121+0000] {logging_mixin.py:188} INFO - [2026-05-16T02:48:24.120+0000] {dag.py:3823} INFO - Setting next_dagrun for example_branch_labels to 2026-05-15 00:00:00+00:00, run_after=2026-05-16 00:00:00+00:00
[2026-05-16T02:48:24.149+0000] {processor.py:183} INFO - Processing /home/airflow/.local/lib/python3.8/site-packages/airflow/example_dags/example_branch_labels.py took 0.157 seconds
[2026-05-16T02:48:54.253+0000] {processor.py:161} INFO - Started process (PID=674) to work on /home/airflow/.local/lib/python3.8/site-packages/airflow/example_dags/example_branch_labels.py
[2026-05-16T02:48:54.254+0000] {processor.py:830} INFO - Processing file /home/airflow/.local/lib/python3.8/site-packages/airflow/example_dags/example_branch_labels.py for tasks to queue
[2026-05-16T02:48:54.257+0000] {logging_mixin.py:188} INFO - [2026-05-16T02:48:54.257+0000] {dagbag.py:538} INFO - Filling up the DagBag from /home/airflow/.local/lib/python3.8/site-packages/airflow/example_dags/example_branch_labels.py
[2026-05-16T02:48:54.270+0000] {processor.py:840} INFO - DAG(s) 'example_branch_labels' retrieved from /home/airflow/.local/lib/python3.8/site-packages/airflow/example_dags/example_branch_labels.py
[2026-05-16T02:48:54.306+0000] {logging_mixin.py:188} INFO - [2026-05-16T02:48:54.306+0000] {dag.py:3036} INFO - Sync 1 DAGs
[2026-05-16T02:48:54.341+0000] {logging_mixin.py:188} INFO - [2026-05-16T02:48:54.341+0000] {dag.py:3823} INFO - Setting next_dagrun for example_branch_labels to 2026-05-15 00:00:00+00:00, run_after=2026-05-16 00:00:00+00:00
[2026-05-16T02:48:54.369+0000] {processor.py:183} INFO - Processing /home/airflow/.local/lib/python3.8/site-packages/airflow/example_dags/example_branch_labels.py took 0.120 seconds
[2026-05-16T02:49:24.718+0000] {processor.py:161} INFO - Started process (PID=739) to work on /home/airflow/.local/lib/python3.8/site-packages/airflow/example_dags/example_branch_labels.py
[2026-05-16T02:49:24.720+0000] {processor.py:830} INFO - Processing file /home/airflow/.local/lib/python3.8/site-packages/airflow/example_dags/example_branch_labels.py for tasks to queue
[2026-05-16T02:49:24.722+0000] {logging_mixin.py:188} INFO - [2026-05-16T02:49:24.722+0000] {dagbag.py:538} INFO - Filling up the DagBag from /home/airflow/.local/lib/python3.8/site-packages/airflow/example_dags/example_branch_labels.py
[2026-05-16T02:49:24.737+0000] {processor.py:840} INFO - DAG(s) 'example_branch_labels' retrieved from /home/airflow/.local/lib/python3.8/site-packages/airflow/example_dags/example_branch_labels.py
[2026-05-16T02:49:24.774+0000] {logging_mixin.py:188} INFO - [2026-05-16T02:49:24.774+0000] {dag.py:3036} INFO - Sync 1 DAGs
[2026-05-16T02:49:24.818+0000] {logging_mixin.py:188} INFO - [2026-05-16T02:49:24.817+0000] {dag.py:3823} INFO - Setting next_dagrun for example_branch_labels to 2026-05-15 00:00:00+00:00, run_after=2026-05-16 00:00:00+00:00
[2026-05-16T02:49:24.852+0000] {processor.py:183} INFO - Processing /home/airflow/.local/lib/python3.8/site-packages/airflow/example_dags/example_branch_labels.py took 0.139 seconds
[2026-05-16T02:49:54.942+0000] {processor.py:161} INFO - Started process (PID=804) to work on /home/airflow/.local/lib/python3.8/site-packages/airflow/example_dags/example_branch_labels.py
[2026-05-16T02:49:54.944+0000] {processor.py:830} INFO - Processing file /home/airflow/.local/lib/python3.8/site-packages/airflow/example_dags/example_branch_labels.py for tasks to queue
[2026-05-16T02:49:54.946+0000] {logging_mixin.py:188} INFO - [2026-05-16T02:49:54.946+0000] {dagbag.py:538} INFO - Filling up the DagBag from /home/airflow/.local/lib/python3.8/site-packages/airflow/example_dags/example_branch_labels.py
[2026-05-16T02:49:54.960+0000] {processor.py:840} INFO - DAG(s) 'example_branch_labels' retrieved from /home/airflow/.local/lib/python3.8/site-packages/airflow/example_dags/example_branch_labels.py
[2026-05-16T02:49:55.005+0000] {logging_mixin.py:188} INFO - [2026-05-16T02:49:55.004+0000] {dag.py:3036} INFO - Sync 1 DAGs
[2026-05-16T02:49:55.049+0000] {logging_mixin.py:188} INFO - [2026-05-16T02:49:55.049+0000] {dag.py:3823} INFO - Setting next_dagrun for example_branch_labels to 2026-05-15 00:00:00+00:00, run_after=2026-05-16 00:00:00+00:00
[2026-05-16T02:49:55.085+0000] {processor.py:183} INFO - Processing /home/airflow/.local/lib/python3.8/site-packages/airflow/example_dags/example_branch_labels.py took 0.148 seconds
[2026-05-16T02:50:25.326+0000] {processor.py:161} INFO - Started process (PID=868) to work on /home/airflow/.local/lib/python3.8/site-packages/airflow/example_dags/example_branch_labels.py
[2026-05-16T02:50:25.328+0000] {processor.py:830} INFO - Processing file /home/airflow/.local/lib/python3.8/site-packages/airflow/example_dags/example_branch_labels.py for tasks to queue
[2026-05-16T02:50:25.331+0000] {logging_mixin.py:188} INFO - [2026-05-16T02:50:25.330+0000] {dagbag.py:538} INFO - Filling up the DagBag from /home/airflow/.local/lib/python3.8/site-packages/airflow/example_dags/example_branch_labels.py
[2026-05-16T02:50:25.344+0000] {processor.py:840} INFO - DAG(s) 'example_branch_labels' retrieved from /home/airflow/.local/lib/python3.8/site-packages/airflow/example_dags/example_branch_labels.py
[2026-05-16T02:50:25.383+0000] {logging_mixin.py:188} INFO - [2026-05-16T02:50:25.382+0000] {dag.py:3036} INFO - Sync 1 DAGs
[2026-05-16T02:50:25.431+0000] {logging_mixin.py:188} INFO - [2026-05-16T02:50:25.430+0000] {dag.py:3823} INFO - Setting next_dagrun for example_branch_labels to 2026-05-15 00:00:00+00:00, run_after=2026-05-16 00:00:00+00:00
[2026-05-16T02:50:25.464+0000] {processor.py:183} INFO - Processing /home/airflow/.local/lib/python3.8/site-packages/airflow/example_dags/example_branch_labels.py took 0.143 seconds
[2026-05-16T02:50:55.869+0000] {processor.py:161} INFO - Started process (PID=933) to work on /home/airflow/.local/lib/python3.8/site-packages/airflow/example_dags/example_branch_labels.py
[2026-05-16T02:50:55.870+0000] {processor.py:830} INFO - Processing file /home/airflow/.local/lib/python3.8/site-packages/airflow/example_dags/example_branch_labels.py for tasks to queue
[2026-05-16T02:50:55.873+0000] {logging_mixin.py:188} INFO - [2026-05-16T02:50:55.872+0000] {dagbag.py:538} INFO - Filling up the DagBag from /home/airflow/.local/lib/python3.8/site-packages/airflow/example_dags/example_branch_labels.py
[2026-05-16T02:50:55.886+0000] {processor.py:840} INFO - DAG(s) 'example_branch_labels' retrieved from /home/airflow/.local/lib/python3.8/site-packages/airflow/example_dags/example_branch_labels.py
[2026-05-16T02:50:55.928+0000] {logging_mixin.py:188} INFO - [2026-05-16T02:50:55.925+0000] {dag.py:3036} INFO - Sync 1 DAGs
[2026-05-16T02:50:55.972+0000] {logging_mixin.py:188} INFO - [2026-05-16T02:50:55.971+0000] {dag.py:3823} INFO - Setting next_dagrun for example_branch_labels to 2026-05-15 00:00:00+00:00, run_after=2026-05-16 00:00:00+00:00
[2026-05-16T02:50:56.004+0000] {processor.py:183} INFO - Processing /home/airflow/.local/lib/python3.8/site-packages/airflow/example_dags/example_branch_labels.py took 0.140 seconds
[2026-05-16T02:51:26.391+0000] {processor.py:161} INFO - Started process (PID=997) to work on /home/airflow/.local/lib/python3.8/site-packages/airflow/example_dags/example_branch_labels.py
[2026-05-16T02:51:26.393+0000] {processor.py:830} INFO - Processing file /home/airflow/.local/lib/python3.8/site-packages/airflow/example_dags/example_branch_labels.py for tasks to queue
[2026-05-16T02:51:26.396+0000] {logging_mixin.py:188} INFO - [2026-05-16T02:51:26.395+0000] {dagbag.py:538} INFO - Filling up the DagBag from /home/airflow/.local/lib/python3.8/site-packages/airflow/example_dags/example_branch_labels.py
[2026-05-16T02:51:26.411+0000] {processor.py:840} INFO - DAG(s) 'example_branch_labels' retrieved from /home/airflow/.local/lib/python3.8/site-packages/airflow/example_dags/example_branch_labels.py
[2026-05-16T02:51:26.451+0000] {logging_mixin.py:188} INFO - [2026-05-16T02:51:26.451+0000] {dag.py:3036} INFO - Sync 1 DAGs
[2026-05-16T02:51:26.490+0000] {logging_mixin.py:188} INFO - [2026-05-16T02:51:26.489+0000] {dag.py:3823} INFO - Setting next_dagrun for example_branch_labels to 2026-05-15 00:00:00+00:00, run_after=2026-05-16 00:00:00+00:00
[2026-05-16T02:51:26.519+0000] {processor.py:183} INFO - Processing /home/airflow/.local/lib/python3.8/site-packages/airflow/example_dags/example_branch_labels.py took 0.134 seconds
[2026-05-16T02:51:57.358+0000] {processor.py:161} INFO - Started process (PID=1062) to work on /home/airflow/.local/lib/python3.8/site-packages/airflow/example_dags/example_branch_labels.py
[2026-05-16T02:51:57.360+0000] {processor.py:830} INFO - Processing file /home/airflow/.local/lib/python3.8/site-packages/airflow/example_dags/example_branch_labels.py for tasks to queue
[2026-05-16T02:51:57.363+0000] {logging_mixin.py:188} INFO - [2026-05-16T02:51:57.363+0000] {dagbag.py:538} INFO - Filling up the DagBag from /home/airflow/.local/lib/python3.8/site-packages/airflow/example_dags/example_branch_labels.py
[2026-05-16T02:51:57.378+0000] {processor.py:840} INFO - DAG(s) 'example_branch_labels' retrieved from /home/airflow/.local/lib/python3.8/site-packages/airflow/example_dags/example_branch_labels.py
[2026-05-16T02:51:57.418+0000] {logging_mixin.py:188} INFO - [2026-05-16T02:51:57.418+0000] {dag.py:3036} INFO - Sync 1 DAGs
[2026-05-16T02:51:57.466+0000] {logging_mixin.py:188} INFO - [2026-05-16T02:51:57.466+0000] {dag.py:3823} INFO - Setting next_dagrun for example_branch_labels to 2026-05-15 00:00:00+00:00, run_after=2026-05-16 00:00:00+00:00
[2026-05-16T02:51:57.500+0000] {processor.py:183} INFO - Processing /home/airflow/.local/lib/python3.8/site-packages/airflow/example_dags/example_branch_labels.py took 0.147 seconds
[2026-05-16T02:52:27.570+0000] {processor.py:161} INFO - Started process (PID=1127) to work on /home/airflow/.local/lib/python3.8/site-packages/airflow/example_dags/example_branch_labels.py
[2026-05-16T02:52:27.572+0000] {processor.py:830} INFO - Processing file /home/airflow/.local/lib/python3.8/site-packages/airflow/example_dags/example_branch_labels.py for tasks to queue
[2026-05-16T02:52:27.576+0000] {logging_mixin.py:188} INFO - [2026-05-16T02:52:27.575+0000] {dagbag.py:538} INFO - Filling up the DagBag from /home/airflow/.local/lib/python3.8/site-packages/airflow/example_dags/example_branch_labels.py
[2026-05-16T02:52:27.591+0000] {processor.py:840} INFO - DAG(s) 'example_branch_labels' retrieved from /home/airflow/.local/lib/python3.8/site-packages/airflow/example_dags/example_branch_labels.py
[2026-05-16T02:52:27.633+0000] {logging_mixin.py:188} INFO - [2026-05-16T02:52:27.632+0000] {dag.py:3036} INFO - Sync 1 DAGs
[2026-05-16T02:52:27.674+0000] {logging_mixin.py:188} INFO - [2026-05-16T02:52:27.673+0000] {dag.py:3823} INFO - Setting next_dagrun for example_branch_labels to 2026-05-15 00:00:00+00:00, run_after=2026-05-16 00:00:00+00:00
[2026-05-16T02:52:27.709+0000] {processor.py:183} INFO - Processing /home/airflow/.local/lib/python3.8/site-packages/airflow/example_dags/example_branch_labels.py took 0.146 seconds
[2026-05-16T02:52:57.897+0000] {processor.py:161} INFO - Started process (PID=1193) to work on /home/airflow/.local/lib/python3.8/site-packages/airflow/example_dags/example_branch_labels.py
[2026-05-16T02:52:57.899+0000] {processor.py:830} INFO - Processing file /home/airflow/.local/lib/python3.8/site-packages/airflow/example_dags/example_branch_labels.py for tasks to queue
[2026-05-16T02:52:57.902+0000] {logging_mixin.py:188} INFO - [2026-05-16T02:52:57.902+0000] {dagbag.py:538} INFO - Filling up the DagBag from /home/airflow/.local/lib/python3.8/site-packages/airflow/example_dags/example_branch_labels.py
[2026-05-16T02:52:57.918+0000] {processor.py:840} INFO - DAG(s) 'example_branch_labels' retrieved from /home/airflow/.local/lib/python3.8/site-packages/airflow/example_dags/example_branch_labels.py
[2026-05-16T02:52:57.960+0000] {logging_mixin.py:188} INFO - [2026-05-16T02:52:57.959+0000] {dag.py:3036} INFO - Sync 1 DAGs
[2026-05-16T02:52:57.999+0000] {logging_mixin.py:188} INFO - [2026-05-16T02:52:57.999+0000] {dag.py:3823} INFO - Setting next_dagrun for example_branch_labels to 2026-05-15 00:00:00+00:00, run_after=2026-05-16 00:00:00+00:00
[2026-05-16T02:52:58.029+0000] {processor.py:183} INFO - Processing /home/airflow/.local/lib/python3.8/site-packages/airflow/example_dags/example_branch_labels.py took 0.138 seconds
[2026-05-16T02:53:28.414+0000] {processor.py:161} INFO - Started process (PID=1258) to work on /home/airflow/.local/lib/python3.8/site-packages/airflow/example_dags/example_branch_labels.py
[2026-05-16T02:53:28.416+0000] {processor.py:830} INFO - Processing file /home/airflow/.local/lib/python3.8/site-packages/airflow/example_dags/example_branch_labels.py for tasks to queue
[2026-05-16T02:53:28.419+0000] {logging_mixin.py:188} INFO - [2026-05-16T02:53:28.418+0000] {dagbag.py:538} INFO - Filling up the DagBag from /home/airflow/.local/lib/python3.8/site-packages/airflow/example_dags/example_branch_labels.py
[2026-05-16T02:53:28.432+0000] {processor.py:840} INFO - DAG(s) 'example_branch_labels' retrieved from /home/airflow/.local/lib/python3.8/site-packages/airflow/example_dags/example_branch_labels.py
[2026-05-16T02:53:28.472+0000] {logging_mixin.py:188} INFO - [2026-05-16T02:53:28.471+0000] {dag.py:3036} INFO - Sync 1 DAGs
[2026-05-16T02:53:28.524+0000] {logging_mixin.py:188} INFO - [2026-05-16T02:53:28.524+0000] {dag.py:3823} INFO - Setting next_dagrun for example_branch_labels to 2026-05-15 00:00:00+00:00, run_after=2026-05-16 00:00:00+00:00
[2026-05-16T02:53:28.556+0000] {processor.py:183} INFO - Processing /home/airflow/.local/lib/python3.8/site-packages/airflow/example_dags/example_branch_labels.py took 0.147 seconds
[2026-05-16T02:53:58.621+0000] {processor.py:161} INFO - Started process (PID=1322) to work on /home/airflow/.local/lib/python3.8/site-packages/airflow/example_dags/example_branch_labels.py
[2026-05-16T02:53:58.623+0000] {processor.py:830} INFO - Processing file /home/airflow/.local/lib/python3.8/site-packages/airflow/example_dags/example_branch_labels.py for tasks to queue
[2026-05-16T02:53:58.626+0000] {logging_mixin.py:188} INFO - [2026-05-16T02:53:58.625+0000] {dagbag.py:538} INFO - Filling up the DagBag from /home/airflow/.local/lib/python3.8/site-packages/airflow/example_dags/example_branch_labels.py
[2026-05-16T02:53:58.640+0000] {processor.py:840} INFO - DAG(s) 'example_branch_labels' retrieved from /home/airflow/.local/lib/python3.8/site-packages/airflow/example_dags/example_branch_labels.py
[2026-05-16T02:53:58.685+0000] {logging_mixin.py:188} INFO - [2026-05-16T02:53:58.684+0000] {dag.py:3036} INFO - Sync 1 DAGs
[2026-05-16T02:53:58.732+0000] {logging_mixin.py:188} INFO - [2026-05-16T02:53:58.731+0000] {dag.py:3823} INFO - Setting next_dagrun for example_branch_labels to 2026-05-15 00:00:00+00:00, run_after=2026-05-16 00:00:00+00:00
[2026-05-16T02:53:58.767+0000] {processor.py:183} INFO - Processing /home/airflow/.local/lib/python3.8/site-packages/airflow/example_dags/example_branch_labels.py took 0.152 seconds
[2026-05-16T02:54:29.172+0000] {processor.py:161} INFO - Started process (PID=1394) to work on /home/airflow/.local/lib/python3.8/site-packages/airflow/example_dags/example_branch_labels.py
[2026-05-16T02:54:29.175+0000] {processor.py:830} INFO - Processing file /home/airflow/.local/lib/python3.8/site-packages/airflow/example_dags/example_branch_labels.py for tasks to queue
[2026-05-16T02:54:29.177+0000] {logging_mixin.py:188} INFO - [2026-05-16T02:54:29.177+0000] {dagbag.py:538} INFO - Filling up the DagBag from /home/airflow/.local/lib/python3.8/site-packages/airflow/example_dags/example_branch_labels.py
[2026-05-16T02:54:29.190+0000] {processor.py:840} INFO - DAG(s) 'example_branch_labels' retrieved from /home/airflow/.local/lib/python3.8/site-packages/airflow/example_dags/example_branch_labels.py
[2026-05-16T02:54:29.229+0000] {logging_mixin.py:188} INFO - [2026-05-16T02:54:29.229+0000] {dag.py:3036} INFO - Sync 1 DAGs
[2026-05-16T02:54:29.268+0000] {logging_mixin.py:188} INFO - [2026-05-16T02:54:29.267+0000] {dag.py:3823} INFO - Setting next_dagrun for example_branch_labels to 2026-05-15 00:00:00+00:00, run_after=2026-05-16 00:00:00+00:00
[2026-05-16T02:54:29.298+0000] {processor.py:183} INFO - Processing /home/airflow/.local/lib/python3.8/site-packages/airflow/example_dags/example_branch_labels.py took 0.130 seconds
[2026-05-16T02:54:59.790+0000] {processor.py:161} INFO - Started process (PID=1460) to work on /home/airflow/.local/lib/python3.8/site-packages/airflow/example_dags/example_branch_labels.py
[2026-05-16T02:54:59.791+0000] {processor.py:830} INFO - Processing file /home/airflow/.local/lib/python3.8/site-packages/airflow/example_dags/example_branch_labels.py for tasks to queue
[2026-05-16T02:54:59.794+0000] {logging_mixin.py:188} INFO - [2026-05-16T02:54:59.794+0000] {dagbag.py:538} INFO - Filling up the DagBag from /home/airflow/.local/lib/python3.8/site-packages/airflow/example_dags/example_branch_labels.py
[2026-05-16T02:54:59.809+0000] {processor.py:840} INFO - DAG(s) 'example_branch_labels' retrieved from /home/airflow/.local/lib/python3.8/site-packages/airflow/example_dags/example_branch_labels.py
[2026-05-16T02:54:59.856+0000] {logging_mixin.py:188} INFO - [2026-05-16T02:54:59.856+0000] {dag.py:3036} INFO - Sync 1 DAGs
[2026-05-16T02:54:59.914+0000] {logging_mixin.py:188} INFO - [2026-05-16T02:54:59.913+0000] {dag.py:3823} INFO - Setting next_dagrun for example_branch_labels to 2026-05-15 00:00:00+00:00, run_after=2026-05-16 00:00:00+00:00
[2026-05-16T02:54:59.950+0000] {processor.py:183} INFO - Processing /home/airflow/.local/lib/python3.8/site-packages/airflow/example_dags/example_branch_labels.py took 0.167 seconds
[2026-05-16T02:55:30.128+0000] {processor.py:161} INFO - Started process (PID=1527) to work on /home/airflow/.local/lib/python3.8/site-packages/airflow/example_dags/example_branch_labels.py
[2026-05-16T02:55:30.130+0000] {processor.py:830} INFO - Processing file /home/airflow/.local/lib/python3.8/site-packages/airflow/example_dags/example_branch_labels.py for tasks to queue
[2026-05-16T02:55:30.133+0000] {logging_mixin.py:188} INFO - [2026-05-16T02:55:30.133+0000] {dagbag.py:538} INFO - Filling up the DagBag from /home/airflow/.local/lib/python3.8/site-packages/airflow/example_dags/example_branch_labels.py
[2026-05-16T02:55:30.148+0000] {processor.py:840} INFO - DAG(s) 'example_branch_labels' retrieved from /home/airflow/.local/lib/python3.8/site-packages/airflow/example_dags/example_branch_labels.py
[2026-05-16T02:55:30.193+0000] {logging_mixin.py:188} INFO - [2026-05-16T02:55:30.193+0000] {dag.py:3036} INFO - Sync 1 DAGs
[2026-05-16T02:55:30.241+0000] {logging_mixin.py:188} INFO - [2026-05-16T02:55:30.240+0000] {dag.py:3823} INFO - Setting next_dagrun for example_branch_labels to 2026-05-15 00:00:00+00:00, run_after=2026-05-16 00:00:00+00:00
[2026-05-16T02:55:30.274+0000] {processor.py:183} INFO - Processing /home/airflow/.local/lib/python3.8/site-packages/airflow/example_dags/example_branch_labels.py took 0.151 seconds
[2026-05-16T02:56:00.457+0000] {processor.py:161} INFO - Started process (PID=1591) to work on /home/airflow/.local/lib/python3.8/site-packages/airflow/example_dags/example_branch_labels.py
[2026-05-16T02:56:00.459+0000] {processor.py:830} INFO - Processing file /home/airflow/.local/lib/python3.8/site-packages/airflow/example_dags/example_branch_labels.py for tasks to queue
[2026-05-16T02:56:00.462+0000] {logging_mixin.py:188} INFO - [2026-05-16T02:56:00.461+0000] {dagbag.py:538} INFO - Filling up the DagBag from /home/airflow/.local/lib/python3.8/site-packages/airflow/example_dags/example_branch_labels.py
[2026-05-16T02:56:00.478+0000] {processor.py:840} INFO - DAG(s) 'example_branch_labels' retrieved from /home/airflow/.local/lib/python3.8/site-packages/airflow/example_dags/example_branch_labels.py
[2026-05-16T02:56:00.525+0000] {logging_mixin.py:188} INFO - [2026-05-16T02:56:00.524+0000] {dag.py:3036} INFO - Sync 1 DAGs
[2026-05-16T02:56:00.573+0000] {logging_mixin.py:188} INFO - [2026-05-16T02:56:00.573+0000] {dag.py:3823} INFO - Setting next_dagrun for example_branch_labels to 2026-05-15 00:00:00+00:00, run_after=2026-05-16 00:00:00+00:00
[2026-05-16T02:56:00.609+0000] {processor.py:183} INFO - Processing /home/airflow/.local/lib/python3.8/site-packages/airflow/example_dags/example_branch_labels.py took 0.158 seconds
[2026-05-16T02:56:31.123+0000] {processor.py:161} INFO - Started process (PID=1656) to work on /home/airflow/.local/lib/python3.8/site-packages/airflow/example_dags/example_branch_labels.py
[2026-05-16T02:56:31.125+0000] {processor.py:830} INFO - Processing file /home/airflow/.local/lib/python3.8/site-packages/airflow/example_dags/example_branch_labels.py for tasks to queue
[2026-05-16T02:56:31.129+0000] {logging_mixin.py:188} INFO - [2026-05-16T02:56:31.128+0000] {dagbag.py:538} INFO - Filling up the DagBag from /home/airflow/.local/lib/python3.8/site-packages/airflow/example_dags/example_branch_labels.py
[2026-05-16T02:56:31.146+0000] {processor.py:840} INFO - DAG(s) 'example_branch_labels' retrieved from /home/airflow/.local/lib/python3.8/site-packages/airflow/example_dags/example_branch_labels.py
[2026-05-16T02:56:31.197+0000] {logging_mixin.py:188} INFO - [2026-05-16T02:56:31.197+0000] {dag.py:3036} INFO - Sync 1 DAGs
[2026-05-16T02:56:31.242+0000] {logging_mixin.py:188} INFO - [2026-05-16T02:56:31.242+0000] {dag.py:3823} INFO - Setting next_dagrun for example_branch_labels to 2026-05-15 00:00:00+00:00, run_after=2026-05-16 00:00:00+00:00
[2026-05-16T02:56:31.276+0000] {processor.py:183} INFO - Processing /home/airflow/.local/lib/python3.8/site-packages/airflow/example_dags/example_branch_labels.py took 0.160 seconds
[2026-05-16T02:57:01.487+0000] {processor.py:161} INFO - Started process (PID=1722) to work on /home/airflow/.local/lib/python3.8/site-packages/airflow/example_dags/example_branch_labels.py
[2026-05-16T02:57:01.488+0000] {processor.py:830} INFO - Processing file /home/airflow/.local/lib/python3.8/site-packages/airflow/example_dags/example_branch_labels.py for tasks to queue
[2026-05-16T02:57:01.491+0000] {logging_mixin.py:188} INFO - [2026-05-16T02:57:01.490+0000] {dagbag.py:538} INFO - Filling up the DagBag from /home/airflow/.local/lib/python3.8/site-packages/airflow/example_dags/example_branch_labels.py
[2026-05-16T02:57:01.504+0000] {processor.py:840} INFO - DAG(s) 'example_branch_labels' retrieved from /home/airflow/.local/lib/python3.8/site-packages/airflow/example_dags/example_branch_labels.py
[2026-05-16T02:57:01.544+0000] {logging_mixin.py:188} INFO - [2026-05-16T02:57:01.543+0000] {dag.py:3036} INFO - Sync 1 DAGs
[2026-05-16T02:57:01.588+0000] {logging_mixin.py:188} INFO - [2026-05-16T02:57:01.588+0000] {dag.py:3823} INFO - Setting next_dagrun for example_branch_labels to 2026-05-15 00:00:00+00:00, run_after=2026-05-16 00:00:00+00:00
[2026-05-16T02:57:01.618+0000] {processor.py:183} INFO - Processing /home/airflow/.local/lib/python3.8/site-packages/airflow/example_dags/example_branch_labels.py took 0.137 seconds
[2026-05-16T02:57:31.795+0000] {processor.py:161} INFO - Started process (PID=1788) to work on /home/airflow/.local/lib/python3.8/site-packages/airflow/example_dags/example_branch_labels.py
[2026-05-16T02:57:31.796+0000] {processor.py:830} INFO - Processing file /home/airflow/.local/lib/python3.8/site-packages/airflow/example_dags/example_branch_labels.py for tasks to queue
[2026-05-16T02:57:31.799+0000] {logging_mixin.py:188} INFO - [2026-05-16T02:57:31.799+0000] {dagbag.py:538} INFO - Filling up the DagBag from /home/airflow/.local/lib/python3.8/site-packages/airflow/example_dags/example_branch_labels.py
[2026-05-16T02:57:31.812+0000] {processor.py:840} INFO - DAG(s) 'example_branch_labels' retrieved from /home/airflow/.local/lib/python3.8/site-packages/airflow/example_dags/example_branch_labels.py
[2026-05-16T02:57:31.850+0000] {logging_mixin.py:188} INFO - [2026-05-16T02:57:31.850+0000] {dag.py:3036} INFO - Sync 1 DAGs
[2026-05-16T02:57:31.894+0000] {logging_mixin.py:188} INFO - [2026-05-16T02:57:31.893+0000] {dag.py:3823} INFO - Setting next_dagrun for example_branch_labels to 2026-05-15 00:00:00+00:00, run_after=2026-05-16 00:00:00+00:00
[2026-05-16T02:57:31.923+0000] {processor.py:183} INFO - Processing /home/airflow/.local/lib/python3.8/site-packages/airflow/example_dags/example_branch_labels.py took 0.134 seconds
[2026-05-16T02:58:02.129+0000] {processor.py:161} INFO - Started process (PID=1854) to work on /home/airflow/.local/lib/python3.8/site-packages/airflow/example_dags/example_branch_labels.py
[2026-05-16T02:58:02.131+0000] {processor.py:830} INFO - Processing file /home/airflow/.local/lib/python3.8/site-packages/airflow/example_dags/example_branch_labels.py for tasks to queue
[2026-05-16T02:58:02.133+0000] {logging_mixin.py:188} INFO - [2026-05-16T02:58:02.133+0000] {dagbag.py:538} INFO - Filling up the DagBag from /home/airflow/.local/lib/python3.8/site-packages/airflow/example_dags/example_branch_labels.py
[2026-05-16T02:58:02.146+0000] {processor.py:840} INFO - DAG(s) 'example_branch_labels' retrieved from /home/airflow/.local/lib/python3.8/site-packages/airflow/example_dags/example_branch_labels.py
[2026-05-16T02:58:02.185+0000] {logging_mixin.py:188} INFO - [2026-05-16T02:58:02.184+0000] {dag.py:3036} INFO - Sync 1 DAGs
[2026-05-16T02:58:02.225+0000] {logging_mixin.py:188} INFO - [2026-05-16T02:58:02.224+0000] {dag.py:3823} INFO - Setting next_dagrun for example_branch_labels to 2026-05-15 00:00:00+00:00, run_after=2026-05-16 00:00:00+00:00
[2026-05-16T02:58:02.253+0000] {processor.py:183} INFO - Processing /home/airflow/.local/lib/python3.8/site-packages/airflow/example_dags/example_branch_labels.py took 0.128 seconds
[2026-05-16T02:58:32.474+0000] {processor.py:161} INFO - Started process (PID=1919) to work on /home/airflow/.local/lib/python3.8/site-packages/airflow/example_dags/example_branch_labels.py
[2026-05-16T02:58:32.477+0000] {processor.py:830} INFO - Processing file /home/airflow/.local/lib/python3.8/site-packages/airflow/example_dags/example_branch_labels.py for tasks to queue
[2026-05-16T02:58:32.480+0000] {logging_mixin.py:188} INFO - [2026-05-16T02:58:32.479+0000] {dagbag.py:538} INFO - Filling up the DagBag from /home/airflow/.local/lib/python3.8/site-packages/airflow/example_dags/example_branch_labels.py
[2026-05-16T02:58:32.493+0000] {processor.py:840} INFO - DAG(s) 'example_branch_labels' retrieved from /home/airflow/.local/lib/python3.8/site-packages/airflow/example_dags/example_branch_labels.py
[2026-05-16T02:58:32.532+0000] {logging_mixin.py:188} INFO - [2026-05-16T02:58:32.532+0000] {dag.py:3036} INFO - Sync 1 DAGs
[2026-05-16T02:58:32.572+0000] {logging_mixin.py:188} INFO - [2026-05-16T02:58:32.572+0000] {dag.py:3823} INFO - Setting next_dagrun for example_branch_labels to 2026-05-15 00:00:00+00:00, run_after=2026-05-16 00:00:00+00:00
[2026-05-16T02:58:32.599+0000] {processor.py:183} INFO - Processing /home/airflow/.local/lib/python3.8/site-packages/airflow/example_dags/example_branch_labels.py took 0.130 seconds
[2026-05-16T02:59:03.140+0000] {processor.py:161} INFO - Started process (PID=1984) to work on /home/airflow/.local/lib/python3.8/site-packages/airflow/example_dags/example_branch_labels.py
[2026-05-16T02:59:03.141+0000] {processor.py:830} INFO - Processing file /home/airflow/.local/lib/python3.8/site-packages/airflow/example_dags/example_branch_labels.py for tasks to queue
[2026-05-16T02:59:03.143+0000] {logging_mixin.py:188} INFO - [2026-05-16T02:59:03.143+0000] {dagbag.py:538} INFO - Filling up the DagBag from /home/airflow/.local/lib/python3.8/site-packages/airflow/example_dags/example_branch_labels.py
[2026-05-16T02:59:03.157+0000] {processor.py:840} INFO - DAG(s) 'example_branch_labels' retrieved from /home/airflow/.local/lib/python3.8/site-packages/airflow/example_dags/example_branch_labels.py
[2026-05-16T02:59:03.192+0000] {logging_mixin.py:188} INFO - [2026-05-16T02:59:03.192+0000] {dag.py:3036} INFO - Sync 1 DAGs
[2026-05-16T02:59:03.230+0000] {logging_mixin.py:188} INFO - [2026-05-16T02:59:03.230+0000] {dag.py:3823} INFO - Setting next_dagrun for example_branch_labels to 2026-05-15 00:00:00+00:00, run_after=2026-05-16 00:00:00+00:00
[2026-05-16T02:59:03.260+0000] {processor.py:183} INFO - Processing /home/airflow/.local/lib/python3.8/site-packages/airflow/example_dags/example_branch_labels.py took 0.125 seconds
[2026-05-16T02:59:33.928+0000] {processor.py:161} INFO - Started process (PID=2048) to work on /home/airflow/.local/lib/python3.8/site-packages/airflow/example_dags/example_branch_labels.py
[2026-05-16T02:59:33.932+0000] {processor.py:830} INFO - Processing file /home/airflow/.local/lib/python3.8/site-packages/airflow/example_dags/example_branch_labels.py for tasks to queue
[2026-05-16T02:59:33.935+0000] {logging_mixin.py:188} INFO - [2026-05-16T02:59:33.935+0000] {dagbag.py:538} INFO - Filling up the DagBag from /home/airflow/.local/lib/python3.8/site-packages/airflow/example_dags/example_branch_labels.py
[2026-05-16T02:59:33.950+0000] {processor.py:840} INFO - DAG(s) 'example_branch_labels' retrieved from /home/airflow/.local/lib/python3.8/site-packages/airflow/example_dags/example_branch_labels.py
[2026-05-16T02:59:33.993+0000] {logging_mixin.py:188} INFO - [2026-05-16T02:59:33.993+0000] {dag.py:3036} INFO - Sync 1 DAGs
[2026-05-16T02:59:34.040+0000] {logging_mixin.py:188} INFO - [2026-05-16T02:59:34.040+0000] {dag.py:3823} INFO - Setting next_dagrun for example_branch_labels to 2026-05-15 00:00:00+00:00, run_after=2026-05-16 00:00:00+00:00
[2026-05-16T02:59:34.076+0000] {processor.py:183} INFO - Processing /home/airflow/.local/lib/python3.8/site-packages/airflow/example_dags/example_branch_labels.py took 0.154 seconds
[2026-05-16T03:00:04.907+0000] {processor.py:161} INFO - Started process (PID=2113) to work on /home/airflow/.local/lib/python3.8/site-packages/airflow/example_dags/example_branch_labels.py
[2026-05-16T03:00:04.910+0000] {processor.py:830} INFO - Processing file /home/airflow/.local/lib/python3.8/site-packages/airflow/example_dags/example_branch_labels.py for tasks to queue
[2026-05-16T03:00:04.913+0000] {logging_mixin.py:188} INFO - [2026-05-16T03:00:04.913+0000] {dagbag.py:538} INFO - Filling up the DagBag from /home/airflow/.local/lib/python3.8/site-packages/airflow/example_dags/example_branch_labels.py
[2026-05-16T03:00:04.931+0000] {processor.py:840} INFO - DAG(s) 'example_branch_labels' retrieved from /home/airflow/.local/lib/python3.8/site-packages/airflow/example_dags/example_branch_labels.py
[2026-05-16T03:00:04.980+0000] {logging_mixin.py:188} INFO - [2026-05-16T03:00:04.979+0000] {dag.py:3036} INFO - Sync 1 DAGs
[2026-05-16T03:00:05.025+0000] {logging_mixin.py:188} INFO - [2026-05-16T03:00:05.024+0000] {dag.py:3823} INFO - Setting next_dagrun for example_branch_labels to 2026-05-15 00:00:00+00:00, run_after=2026-05-16 00:00:00+00:00
[2026-05-16T03:00:05.071+0000] {processor.py:183} INFO - Processing /home/airflow/.local/lib/python3.8/site-packages/airflow/example_dags/example_branch_labels.py took 0.170 seconds
[2026-05-16T03:00:35.406+0000] {processor.py:161} INFO - Started process (PID=2185) to work on /home/airflow/.local/lib/python3.8/site-packages/airflow/example_dags/example_branch_labels.py
[2026-05-16T03:00:35.408+0000] {processor.py:830} INFO - Processing file /home/airflow/.local/lib/python3.8/site-packages/airflow/example_dags/example_branch_labels.py for tasks to queue
[2026-05-16T03:00:35.411+0000] {logging_mixin.py:188} INFO - [2026-05-16T03:00:35.410+0000] {dagbag.py:538} INFO - Filling up the DagBag from /home/airflow/.local/lib/python3.8/site-packages/airflow/example_dags/example_branch_labels.py
[2026-05-16T03:00:35.424+0000] {processor.py:840} INFO - DAG(s) 'example_branch_labels' retrieved from /home/airflow/.local/lib/python3.8/site-packages/airflow/example_dags/example_branch_labels.py
[2026-05-16T03:00:35.468+0000] {logging_mixin.py:188} INFO - [2026-05-16T03:00:35.467+0000] {dag.py:3036} INFO - Sync 1 DAGs
[2026-05-16T03:00:35.517+0000] {logging_mixin.py:188} INFO - [2026-05-16T03:00:35.516+0000] {dag.py:3823} INFO - Setting next_dagrun for example_branch_labels to 2026-05-15 00:00:00+00:00, run_after=2026-05-16 00:00:00+00:00
[2026-05-16T03:00:35.550+0000] {processor.py:183} INFO - Processing /home/airflow/.local/lib/python3.8/site-packages/airflow/example_dags/example_branch_labels.py took 0.148 seconds
[2026-05-16T03:01:05.881+0000] {processor.py:161} INFO - Started process (PID=2250) to work on /home/airflow/.local/lib/python3.8/site-packages/airflow/example_dags/example_branch_labels.py
[2026-05-16T03:01:05.883+0000] {processor.py:830} INFO - Processing file /home/airflow/.local/lib/python3.8/site-packages/airflow/example_dags/example_branch_labels.py for tasks to queue
[2026-05-16T03:01:05.886+0000] {logging_mixin.py:188} INFO - [2026-05-16T03:01:05.885+0000] {dagbag.py:538} INFO - Filling up the DagBag from /home/airflow/.local/lib/python3.8/site-packages/airflow/example_dags/example_branch_labels.py
[2026-05-16T03:01:05.901+0000] {processor.py:840} INFO - DAG(s) 'example_branch_labels' retrieved from /home/airflow/.local/lib/python3.8/site-packages/airflow/example_dags/example_branch_labels.py
[2026-05-16T03:01:05.949+0000] {logging_mixin.py:188} INFO - [2026-05-16T03:01:05.948+0000] {dag.py:3036} INFO - Sync 1 DAGs
[2026-05-16T03:01:05.996+0000] {logging_mixin.py:188} INFO - [2026-05-16T03:01:05.995+0000] {dag.py:3823} INFO - Setting next_dagrun for example_branch_labels to 2026-05-15 00:00:00+00:00, run_after=2026-05-16 00:00:00+00:00
[2026-05-16T03:01:06.039+0000] {processor.py:183} INFO - Processing /home/airflow/.local/lib/python3.8/site-packages/airflow/example_dags/example_branch_labels.py took 0.164 seconds
[2026-05-16T03:01:36.157+0000] {processor.py:161} INFO - Started process (PID=2317) to work on /home/airflow/.local/lib/python3.8/site-packages/airflow/example_dags/example_branch_labels.py
[2026-05-16T03:01:36.159+0000] {processor.py:830} INFO - Processing file /home/airflow/.local/lib/python3.8/site-packages/airflow/example_dags/example_branch_labels.py for tasks to queue
[2026-05-16T03:01:36.162+0000] {logging_mixin.py:188} INFO - [2026-05-16T03:01:36.161+0000] {dagbag.py:538} INFO - Filling up the DagBag from /home/airflow/.local/lib/python3.8/site-packages/airflow/example_dags/example_branch_labels.py
[2026-05-16T03:01:36.174+0000] {processor.py:840} INFO - DAG(s) 'example_branch_labels' retrieved from /home/airflow/.local/lib/python3.8/site-packages/airflow/example_dags/example_branch_labels.py
[2026-05-16T03:01:36.213+0000] {logging_mixin.py:188} INFO - [2026-05-16T03:01:36.213+0000] {dag.py:3036} INFO - Sync 1 DAGs
[2026-05-16T03:01:36.254+0000] {logging_mixin.py:188} INFO - [2026-05-16T03:01:36.253+0000] {dag.py:3823} INFO - Setting next_dagrun for example_branch_labels to 2026-05-15 00:00:00+00:00, run_after=2026-05-16 00:00:00+00:00
[2026-05-16T03:01:36.285+0000] {processor.py:183} INFO - Processing /home/airflow/.local/lib/python3.8/site-packages/airflow/example_dags/example_branch_labels.py took 0.134 seconds
[2026-05-16T03:02:06.557+0000] {processor.py:161} INFO - Started process (PID=2381) to work on /home/airflow/.local/lib/python3.8/site-packages/airflow/example_dags/example_branch_labels.py
[2026-05-16T03:02:06.560+0000] {processor.py:830} INFO - Processing file /home/airflow/.local/lib/python3.8/site-packages/airflow/example_dags/example_branch_labels.py for tasks to queue
[2026-05-16T03:02:06.563+0000] {logging_mixin.py:188} INFO - [2026-05-16T03:02:06.562+0000] {dagbag.py:538} INFO - Filling up the DagBag from /home/airflow/.local/lib/python3.8/site-packages/airflow/example_dags/example_branch_labels.py
[2026-05-16T03:02:06.579+0000] {processor.py:840} INFO - DAG(s) 'example_branch_labels' retrieved from /home/airflow/.local/lib/python3.8/site-packages/airflow/example_dags/example_branch_labels.py
[2026-05-16T03:02:06.626+0000] {logging_mixin.py:188} INFO - [2026-05-16T03:02:06.626+0000] {dag.py:3036} INFO - Sync 1 DAGs
[2026-05-16T03:02:06.674+0000] {logging_mixin.py:188} INFO - [2026-05-16T03:02:06.673+0000] {dag.py:3823} INFO - Setting next_dagrun for example_branch_labels to 2026-05-15 00:00:00+00:00, run_after=2026-05-16 00:00:00+00:00
[2026-05-16T03:02:06.710+0000] {processor.py:183} INFO - Processing /home/airflow/.local/lib/python3.8/site-packages/airflow/example_dags/example_branch_labels.py took 0.158 seconds
[2026-05-16T03:02:37.180+0000] {processor.py:161} INFO - Started process (PID=2446) to work on /home/airflow/.local/lib/python3.8/site-packages/airflow/example_dags/example_branch_labels.py
[2026-05-16T03:02:37.186+0000] {processor.py:830} INFO - Processing file /home/airflow/.local/lib/python3.8/site-packages/airflow/example_dags/example_branch_labels.py for tasks to queue
[2026-05-16T03:02:37.195+0000] {logging_mixin.py:188} INFO - [2026-05-16T03:02:37.194+0000] {dagbag.py:538} INFO - Filling up the DagBag from /home/airflow/.local/lib/python3.8/site-packages/airflow/example_dags/example_branch_labels.py
[2026-05-16T03:02:37.211+0000] {processor.py:840} INFO - DAG(s) 'example_branch_labels' retrieved from /home/airflow/.local/lib/python3.8/site-packages/airflow/example_dags/example_branch_labels.py
[2026-05-16T03:02:37.271+0000] {logging_mixin.py:188} INFO - [2026-05-16T03:02:37.270+0000] {dag.py:3036} INFO - Sync 1 DAGs
[2026-05-16T03:02:37.314+0000] {logging_mixin.py:188} INFO - [2026-05-16T03:02:37.313+0000] {dag.py:3823} INFO - Setting next_dagrun for example_branch_labels to 2026-05-15 00:00:00+00:00, run_after=2026-05-16 00:00:00+00:00
[2026-05-16T03:02:37.343+0000] {processor.py:183} INFO - Processing /home/airflow/.local/lib/python3.8/site-packages/airflow/example_dags/example_branch_labels.py took 0.170 seconds
[2026-05-16T03:03:07.942+0000] {processor.py:161} INFO - Started process (PID=2511) to work on /home/airflow/.local/lib/python3.8/site-packages/airflow/example_dags/example_branch_labels.py
[2026-05-16T03:03:07.944+0000] {processor.py:830} INFO - Processing file /home/airflow/.local/lib/python3.8/site-packages/airflow/example_dags/example_branch_labels.py for tasks to queue
[2026-05-16T03:03:07.947+0000] {logging_mixin.py:188} INFO - [2026-05-16T03:03:07.946+0000] {dagbag.py:538} INFO - Filling up the DagBag from /home/airflow/.local/lib/python3.8/site-packages/airflow/example_dags/example_branch_labels.py
[2026-05-16T03:03:07.960+0000] {processor.py:840} INFO - DAG(s) 'example_branch_labels' retrieved from /home/airflow/.local/lib/python3.8/site-packages/airflow/example_dags/example_branch_labels.py
[2026-05-16T03:03:07.998+0000] {logging_mixin.py:188} INFO - [2026-05-16T03:03:07.997+0000] {dag.py:3036} INFO - Sync 1 DAGs
[2026-05-16T03:03:08.038+0000] {logging_mixin.py:188} INFO - [2026-05-16T03:03:08.038+0000] {dag.py:3823} INFO - Setting next_dagrun for example_branch_labels to 2026-05-15 00:00:00+00:00, run_after=2026-05-16 00:00:00+00:00
[2026-05-16T03:03:08.066+0000] {processor.py:183} INFO - Processing /home/airflow/.local/lib/python3.8/site-packages/airflow/example_dags/example_branch_labels.py took 0.129 seconds
[2026-05-16T03:03:38.309+0000] {processor.py:161} INFO - Started process (PID=2576) to work on /home/airflow/.local/lib/python3.8/site-packages/airflow/example_dags/example_branch_labels.py
[2026-05-16T03:03:38.310+0000] {processor.py:830} INFO - Processing file /home/airflow/.local/lib/python3.8/site-packages/airflow/example_dags/example_branch_labels.py for tasks to queue
[2026-05-16T03:03:38.313+0000] {logging_mixin.py:188} INFO - [2026-05-16T03:03:38.313+0000] {dagbag.py:538} INFO - Filling up the DagBag from /home/airflow/.local/lib/python3.8/site-packages/airflow/example_dags/example_branch_labels.py
[2026-05-16T03:03:38.331+0000] {processor.py:840} INFO - DAG(s) 'example_branch_labels' retrieved from /home/airflow/.local/lib/python3.8/site-packages/airflow/example_dags/example_branch_labels.py
[2026-05-16T03:03:38.377+0000] {logging_mixin.py:188} INFO - [2026-05-16T03:03:38.377+0000] {dag.py:3036} INFO - Sync 1 DAGs
[2026-05-16T03:03:38.424+0000] {logging_mixin.py:188} INFO - [2026-05-16T03:03:38.424+0000] {dag.py:3823} INFO - Setting next_dagrun for example_branch_labels to 2026-05-15 00:00:00+00:00, run_after=2026-05-16 00:00:00+00:00
[2026-05-16T03:03:38.458+0000] {processor.py:183} INFO - Processing /home/airflow/.local/lib/python3.8/site-packages/airflow/example_dags/example_branch_labels.py took 0.156 seconds
[2026-05-16T03:04:09.028+0000] {processor.py:161} INFO - Started process (PID=2641) to work on /home/airflow/.local/lib/python3.8/site-packages/airflow/example_dags/example_branch_labels.py
[2026-05-16T03:04:09.030+0000] {processor.py:830} INFO - Processing file /home/airflow/.local/lib/python3.8/site-packages/airflow/example_dags/example_branch_labels.py for tasks to queue
[2026-05-16T03:04:09.033+0000] {logging_mixin.py:188} INFO - [2026-05-16T03:04:09.032+0000] {dagbag.py:538} INFO - Filling up the DagBag from /home/airflow/.local/lib/python3.8/site-packages/airflow/example_dags/example_branch_labels.py
[2026-05-16T03:04:09.045+0000] {processor.py:840} INFO - DAG(s) 'example_branch_labels' retrieved from /home/airflow/.local/lib/python3.8/site-packages/airflow/example_dags/example_branch_labels.py
[2026-05-16T03:04:09.095+0000] {logging_mixin.py:188} INFO - [2026-05-16T03:04:09.095+0000] {dag.py:3036} INFO - Sync 1 DAGs
[2026-05-16T03:04:09.147+0000] {logging_mixin.py:188} INFO - [2026-05-16T03:04:09.147+0000] {dag.py:3823} INFO - Setting next_dagrun for example_branch_labels to 2026-05-15 00:00:00+00:00, run_after=2026-05-16 00:00:00+00:00
[2026-05-16T03:04:09.178+0000] {processor.py:183} INFO - Processing /home/airflow/.local/lib/python3.8/site-packages/airflow/example_dags/example_branch_labels.py took 0.155 seconds
[2026-05-16T03:04:39.638+0000] {processor.py:161} INFO - Started process (PID=2706) to work on /home/airflow/.local/lib/python3.8/site-packages/airflow/example_dags/example_branch_labels.py
[2026-05-16T03:04:39.639+0000] {processor.py:830} INFO - Processing file /home/airflow/.local/lib/python3.8/site-packages/airflow/example_dags/example_branch_labels.py for tasks to queue
[2026-05-16T03:04:39.641+0000] {logging_mixin.py:188} INFO - [2026-05-16T03:04:39.641+0000] {dagbag.py:538} INFO - Filling up the DagBag from /home/airflow/.local/lib/python3.8/site-packages/airflow/example_dags/example_branch_labels.py
[2026-05-16T03:04:39.654+0000] {processor.py:840} INFO - DAG(s) 'example_branch_labels' retrieved from /home/airflow/.local/lib/python3.8/site-packages/airflow/example_dags/example_branch_labels.py
[2026-05-16T03:04:39.690+0000] {logging_mixin.py:188} INFO - [2026-05-16T03:04:39.689+0000] {dag.py:3036} INFO - Sync 1 DAGs
[2026-05-16T03:04:39.727+0000] {logging_mixin.py:188} INFO - [2026-05-16T03:04:39.726+0000] {dag.py:3823} INFO - Setting next_dagrun for example_branch_labels to 2026-05-15 00:00:00+00:00, run_after=2026-05-16 00:00:00+00:00
[2026-05-16T03:04:39.753+0000] {processor.py:183} INFO - Processing /home/airflow/.local/lib/python3.8/site-packages/airflow/example_dags/example_branch_labels.py took 0.120 seconds
[2026-05-16T03:05:10.193+0000] {processor.py:161} INFO - Started process (PID=2772) to work on /home/airflow/.local/lib/python3.8/site-packages/airflow/example_dags/example_branch_labels.py
[2026-05-16T03:05:10.195+0000] {processor.py:830} INFO - Processing file /home/airflow/.local/lib/python3.8/site-packages/airflow/example_dags/example_branch_labels.py for tasks to queue
[2026-05-16T03:05:10.198+0000] {logging_mixin.py:188} INFO - [2026-05-16T03:05:10.198+0000] {dagbag.py:538} INFO - Filling up the DagBag from /home/airflow/.local/lib/python3.8/site-packages/airflow/example_dags/example_branch_labels.py
[2026-05-16T03:05:10.212+0000] {processor.py:840} INFO - DAG(s) 'example_branch_labels' retrieved from /home/airflow/.local/lib/python3.8/site-packages/airflow/example_dags/example_branch_labels.py
[2026-05-16T03:05:10.255+0000] {logging_mixin.py:188} INFO - [2026-05-16T03:05:10.255+0000] {dag.py:3036} INFO - Sync 1 DAGs
[2026-05-16T03:05:10.302+0000] {logging_mixin.py:188} INFO - [2026-05-16T03:05:10.302+0000] {dag.py:3823} INFO - Setting next_dagrun for example_branch_labels to 2026-05-15 00:00:00+00:00, run_after=2026-05-16 00:00:00+00:00
[2026-05-16T03:05:10.334+0000] {processor.py:183} INFO - Processing /home/airflow/.local/lib/python3.8/site-packages/airflow/example_dags/example_branch_labels.py took 0.146 seconds
[2026-05-16T03:05:40.542+0000] {processor.py:161} INFO - Started process (PID=2837) to work on /home/airflow/.local/lib/python3.8/site-packages/airflow/example_dags/example_branch_labels.py
[2026-05-16T03:05:40.544+0000] {processor.py:830} INFO - Processing file /home/airflow/.local/lib/python3.8/site-packages/airflow/example_dags/example_branch_labels.py for tasks to queue
[2026-05-16T03:05:40.546+0000] {logging_mixin.py:188} INFO - [2026-05-16T03:05:40.546+0000] {dagbag.py:538} INFO - Filling up the DagBag from /home/airflow/.local/lib/python3.8/site-packages/airflow/example_dags/example_branch_labels.py
[2026-05-16T03:05:40.559+0000] {processor.py:840} INFO - DAG(s) 'example_branch_labels' retrieved from /home/airflow/.local/lib/python3.8/site-packages/airflow/example_dags/example_branch_labels.py
[2026-05-16T03:05:40.596+0000] {logging_mixin.py:188} INFO - [2026-05-16T03:05:40.596+0000] {dag.py:3036} INFO - Sync 1 DAGs
[2026-05-16T03:05:40.632+0000] {logging_mixin.py:188} INFO - [2026-05-16T03:05:40.632+0000] {dag.py:3823} INFO - Setting next_dagrun for example_branch_labels to 2026-05-15 00:00:00+00:00, run_after=2026-05-16 00:00:00+00:00
[2026-05-16T03:05:40.664+0000] {processor.py:183} INFO - Processing /home/airflow/.local/lib/python3.8/site-packages/airflow/example_dags/example_branch_labels.py took 0.128 seconds
[2026-05-16T03:06:11.110+0000] {processor.py:161} INFO - Started process (PID=2903) to work on /home/airflow/.local/lib/python3.8/site-packages/airflow/example_dags/example_branch_labels.py
[2026-05-16T03:06:11.112+0000] {processor.py:830} INFO - Processing file /home/airflow/.local/lib/python3.8/site-packages/airflow/example_dags/example_branch_labels.py for tasks to queue
[2026-05-16T03:06:11.114+0000] {logging_mixin.py:188} INFO - [2026-05-16T03:06:11.114+0000] {dagbag.py:538} INFO - Filling up the DagBag from /home/airflow/.local/lib/python3.8/site-packages/airflow/example_dags/example_branch_labels.py
[2026-05-16T03:06:11.127+0000] {processor.py:840} INFO - DAG(s) 'example_branch_labels' retrieved from /home/airflow/.local/lib/python3.8/site-packages/airflow/example_dags/example_branch_labels.py
[2026-05-16T03:06:11.165+0000] {logging_mixin.py:188} INFO - [2026-05-16T03:06:11.165+0000] {dag.py:3036} INFO - Sync 1 DAGs
[2026-05-16T03:06:11.205+0000] {logging_mixin.py:188} INFO - [2026-05-16T03:06:11.205+0000] {dag.py:3823} INFO - Setting next_dagrun for example_branch_labels to 2026-05-15 00:00:00+00:00, run_after=2026-05-16 00:00:00+00:00
[2026-05-16T03:06:11.235+0000] {processor.py:183} INFO - Processing /home/airflow/.local/lib/python3.8/site-packages/airflow/example_dags/example_branch_labels.py took 0.130 seconds
[2026-05-16T03:06:41.414+0000] {processor.py:161} INFO - Started process (PID=2968) to work on /home/airflow/.local/lib/python3.8/site-packages/airflow/example_dags/example_branch_labels.py
[2026-05-16T03:06:41.417+0000] {processor.py:830} INFO - Processing file /home/airflow/.local/lib/python3.8/site-packages/airflow/example_dags/example_branch_labels.py for tasks to queue
[2026-05-16T03:06:41.419+0000] {logging_mixin.py:188} INFO - [2026-05-16T03:06:41.419+0000] {dagbag.py:538} INFO - Filling up the DagBag from /home/airflow/.local/lib/python3.8/site-packages/airflow/example_dags/example_branch_labels.py
[2026-05-16T03:06:41.432+0000] {processor.py:840} INFO - DAG(s) 'example_branch_labels' retrieved from /home/airflow/.local/lib/python3.8/site-packages/airflow/example_dags/example_branch_labels.py
[2026-05-16T03:06:41.469+0000] {logging_mixin.py:188} INFO - [2026-05-16T03:06:41.469+0000] {dag.py:3036} INFO - Sync 1 DAGs
[2026-05-16T03:06:41.511+0000] {logging_mixin.py:188} INFO - [2026-05-16T03:06:41.511+0000] {dag.py:3823} INFO - Setting next_dagrun for example_branch_labels to 2026-05-15 00:00:00+00:00, run_after=2026-05-16 00:00:00+00:00
[2026-05-16T03:06:41.539+0000] {processor.py:183} INFO - Processing /home/airflow/.local/lib/python3.8/site-packages/airflow/example_dags/example_branch_labels.py took 0.129 seconds
[2026-05-16T03:07:11.831+0000] {processor.py:161} INFO - Started process (PID=3040) to work on /home/airflow/.local/lib/python3.8/site-packages/airflow/example_dags/example_branch_labels.py
[2026-05-16T03:07:11.832+0000] {processor.py:830} INFO - Processing file /home/airflow/.local/lib/python3.8/site-packages/airflow/example_dags/example_branch_labels.py for tasks to queue
[2026-05-16T03:07:11.835+0000] {logging_mixin.py:188} INFO - [2026-05-16T03:07:11.835+0000] {dagbag.py:538} INFO - Filling up the DagBag from /home/airflow/.local/lib/python3.8/site-packages/airflow/example_dags/example_branch_labels.py
[2026-05-16T03:07:11.851+0000] {processor.py:840} INFO - DAG(s) 'example_branch_labels' retrieved from /home/airflow/.local/lib/python3.8/site-packages/airflow/example_dags/example_branch_labels.py
[2026-05-16T03:07:11.892+0000] {logging_mixin.py:188} INFO - [2026-05-16T03:07:11.891+0000] {dag.py:3036} INFO - Sync 1 DAGs
[2026-05-16T03:07:11.933+0000] {logging_mixin.py:188} INFO - [2026-05-16T03:07:11.933+0000] {dag.py:3823} INFO - Setting next_dagrun for example_branch_labels to 2026-05-15 00:00:00+00:00, run_after=2026-05-16 00:00:00+00:00
[2026-05-16T03:07:11.963+0000] {processor.py:183} INFO - Processing /home/airflow/.local/lib/python3.8/site-packages/airflow/example_dags/example_branch_labels.py took 0.138 seconds
[2026-05-16T03:07:42.903+0000] {processor.py:161} INFO - Started process (PID=3106) to work on /home/airflow/.local/lib/python3.8/site-packages/airflow/example_dags/example_branch_labels.py
[2026-05-16T03:07:42.905+0000] {processor.py:830} INFO - Processing file /home/airflow/.local/lib/python3.8/site-packages/airflow/example_dags/example_branch_labels.py for tasks to queue
[2026-05-16T03:07:42.908+0000] {logging_mixin.py:188} INFO - [2026-05-16T03:07:42.908+0000] {dagbag.py:538} INFO - Filling up the DagBag from /home/airflow/.local/lib/python3.8/site-packages/airflow/example_dags/example_branch_labels.py
[2026-05-16T03:07:42.923+0000] {processor.py:840} INFO - DAG(s) 'example_branch_labels' retrieved from /home/airflow/.local/lib/python3.8/site-packages/airflow/example_dags/example_branch_labels.py
[2026-05-16T03:07:42.967+0000] {logging_mixin.py:188} INFO - [2026-05-16T03:07:42.967+0000] {dag.py:3036} INFO - Sync 1 DAGs
[2026-05-16T03:07:43.013+0000] {logging_mixin.py:188} INFO - [2026-05-16T03:07:43.012+0000] {dag.py:3823} INFO - Setting next_dagrun for example_branch_labels to 2026-05-15 00:00:00+00:00, run_after=2026-05-16 00:00:00+00:00
[2026-05-16T03:07:43.046+0000] {processor.py:183} INFO - Processing /home/airflow/.local/lib/python3.8/site-packages/airflow/example_dags/example_branch_labels.py took 0.149 seconds
[2026-05-16T03:08:13.195+0000] {processor.py:161} INFO - Started process (PID=3171) to work on /home/airflow/.local/lib/python3.8/site-packages/airflow/example_dags/example_branch_labels.py
[2026-05-16T03:08:13.197+0000] {processor.py:830} INFO - Processing file /home/airflow/.local/lib/python3.8/site-packages/airflow/example_dags/example_branch_labels.py for tasks to queue
[2026-05-16T03:08:13.200+0000] {logging_mixin.py:188} INFO - [2026-05-16T03:08:13.200+0000] {dagbag.py:538} INFO - Filling up the DagBag from /home/airflow/.local/lib/python3.8/site-packages/airflow/example_dags/example_branch_labels.py
[2026-05-16T03:08:13.213+0000] {processor.py:840} INFO - DAG(s) 'example_branch_labels' retrieved from /home/airflow/.local/lib/python3.8/site-packages/airflow/example_dags/example_branch_labels.py
[2026-05-16T03:08:13.258+0000] {logging_mixin.py:188} INFO - [2026-05-16T03:08:13.258+0000] {dag.py:3036} INFO - Sync 1 DAGs
[2026-05-16T03:08:13.300+0000] {logging_mixin.py:188} INFO - [2026-05-16T03:08:13.300+0000] {dag.py:3823} INFO - Setting next_dagrun for example_branch_labels to 2026-05-15 00:00:00+00:00, run_after=2026-05-16 00:00:00+00:00
[2026-05-16T03:08:13.329+0000] {processor.py:183} INFO - Processing /home/airflow/.local/lib/python3.8/site-packages/airflow/example_dags/example_branch_labels.py took 0.139 seconds
[2026-05-16T03:08:43.839+0000] {processor.py:161} INFO - Started process (PID=3237) to work on /home/airflow/.local/lib/python3.8/site-packages/airflow/example_dags/example_branch_labels.py
[2026-05-16T03:08:43.848+0000] {processor.py:830} INFO - Processing file /home/airflow/.local/lib/python3.8/site-packages/airflow/example_dags/example_branch_labels.py for tasks to queue
[2026-05-16T03:08:43.866+0000] {logging_mixin.py:188} INFO - [2026-05-16T03:08:43.865+0000] {dagbag.py:538} INFO - Filling up the DagBag from /home/airflow/.local/lib/python3.8/site-packages/airflow/example_dags/example_branch_labels.py
[2026-05-16T03:08:43.889+0000] {processor.py:840} INFO - DAG(s) 'example_branch_labels' retrieved from /home/airflow/.local/lib/python3.8/site-packages/airflow/example_dags/example_branch_labels.py
[2026-05-16T03:08:43.947+0000] {logging_mixin.py:188} INFO - [2026-05-16T03:08:43.947+0000] {dag.py:3036} INFO - Sync 1 DAGs
[2026-05-16T03:08:43.993+0000] {logging_mixin.py:188} INFO - [2026-05-16T03:08:43.993+0000] {dag.py:3823} INFO - Setting next_dagrun for example_branch_labels to 2026-05-15 00:00:00+00:00, run_after=2026-05-16 00:00:00+00:00
[2026-05-16T03:08:44.029+0000] {processor.py:183} INFO - Processing /home/airflow/.local/lib/python3.8/site-packages/airflow/example_dags/example_branch_labels.py took 0.210 seconds
[2026-05-16T03:09:14.631+0000] {processor.py:161} INFO - Started process (PID=3302) to work on /home/airflow/.local/lib/python3.8/site-packages/airflow/example_dags/example_branch_labels.py
[2026-05-16T03:09:14.632+0000] {processor.py:830} INFO - Processing file /home/airflow/.local/lib/python3.8/site-packages/airflow/example_dags/example_branch_labels.py for tasks to queue
[2026-05-16T03:09:14.635+0000] {logging_mixin.py:188} INFO - [2026-05-16T03:09:14.635+0000] {dagbag.py:538} INFO - Filling up the DagBag from /home/airflow/.local/lib/python3.8/site-packages/airflow/example_dags/example_branch_labels.py
[2026-05-16T03:09:14.650+0000] {processor.py:840} INFO - DAG(s) 'example_branch_labels' retrieved from /home/airflow/.local/lib/python3.8/site-packages/airflow/example_dags/example_branch_labels.py
[2026-05-16T03:09:14.694+0000] {logging_mixin.py:188} INFO - [2026-05-16T03:09:14.694+0000] {dag.py:3036} INFO - Sync 1 DAGs
[2026-05-16T03:09:14.737+0000] {logging_mixin.py:188} INFO - [2026-05-16T03:09:14.737+0000] {dag.py:3823} INFO - Setting next_dagrun for example_branch_labels to 2026-05-15 00:00:00+00:00, run_after=2026-05-16 00:00:00+00:00
[2026-05-16T03:09:14.973+0000] {processor.py:183} INFO - Processing /home/airflow/.local/lib/python3.8/site-packages/airflow/example_dags/example_branch_labels.py took 0.348 seconds
[2026-05-16T03:09:45.324+0000] {processor.py:161} INFO - Started process (PID=3368) to work on /home/airflow/.local/lib/python3.8/site-packages/airflow/example_dags/example_branch_labels.py
[2026-05-16T03:09:45.326+0000] {processor.py:830} INFO - Processing file /home/airflow/.local/lib/python3.8/site-packages/airflow/example_dags/example_branch_labels.py for tasks to queue
[2026-05-16T03:09:45.329+0000] {logging_mixin.py:188} INFO - [2026-05-16T03:09:45.328+0000] {dagbag.py:538} INFO - Filling up the DagBag from /home/airflow/.local/lib/python3.8/site-packages/airflow/example_dags/example_branch_labels.py
[2026-05-16T03:09:45.345+0000] {processor.py:840} INFO - DAG(s) 'example_branch_labels' retrieved from /home/airflow/.local/lib/python3.8/site-packages/airflow/example_dags/example_branch_labels.py
[2026-05-16T03:09:45.387+0000] {logging_mixin.py:188} INFO - [2026-05-16T03:09:45.386+0000] {dag.py:3036} INFO - Sync 1 DAGs
[2026-05-16T03:09:45.432+0000] {logging_mixin.py:188} INFO - [2026-05-16T03:09:45.431+0000] {dag.py:3823} INFO - Setting next_dagrun for example_branch_labels to 2026-05-15 00:00:00+00:00, run_after=2026-05-16 00:00:00+00:00
[2026-05-16T03:09:45.468+0000] {processor.py:183} INFO - Processing /home/airflow/.local/lib/python3.8/site-packages/airflow/example_dags/example_branch_labels.py took 0.151 seconds
[2026-05-16T03:10:16.430+0000] {processor.py:161} INFO - Started process (PID=3433) to work on /home/airflow/.local/lib/python3.8/site-packages/airflow/example_dags/example_branch_labels.py
[2026-05-16T03:10:16.432+0000] {processor.py:830} INFO - Processing file /home/airflow/.local/lib/python3.8/site-packages/airflow/example_dags/example_branch_labels.py for tasks to queue
[2026-05-16T03:10:16.435+0000] {logging_mixin.py:188} INFO - [2026-05-16T03:10:16.434+0000] {dagbag.py:538} INFO - Filling up the DagBag from /home/airflow/.local/lib/python3.8/site-packages/airflow/example_dags/example_branch_labels.py
[2026-05-16T03:10:16.448+0000] {processor.py:840} INFO - DAG(s) 'example_branch_labels' retrieved from /home/airflow/.local/lib/python3.8/site-packages/airflow/example_dags/example_branch_labels.py
[2026-05-16T03:10:16.490+0000] {logging_mixin.py:188} INFO - [2026-05-16T03:10:16.489+0000] {dag.py:3036} INFO - Sync 1 DAGs
[2026-05-16T03:10:16.533+0000] {logging_mixin.py:188} INFO - [2026-05-16T03:10:16.533+0000] {dag.py:3823} INFO - Setting next_dagrun for example_branch_labels to 2026-05-15 00:00:00+00:00, run_after=2026-05-16 00:00:00+00:00
[2026-05-16T03:10:16.564+0000] {processor.py:183} INFO - Processing /home/airflow/.local/lib/python3.8/site-packages/airflow/example_dags/example_branch_labels.py took 0.139 seconds
[2026-05-16T03:10:46.742+0000] {processor.py:161} INFO - Started process (PID=3498) to work on /home/airflow/.local/lib/python3.8/site-packages/airflow/example_dags/example_branch_labels.py
[2026-05-16T03:10:46.744+0000] {processor.py:830} INFO - Processing file /home/airflow/.local/lib/python3.8/site-packages/airflow/example_dags/example_branch_labels.py for tasks to queue
[2026-05-16T03:10:46.747+0000] {logging_mixin.py:188} INFO - [2026-05-16T03:10:46.747+0000] {dagbag.py:538} INFO - Filling up the DagBag from /home/airflow/.local/lib/python3.8/site-packages/airflow/example_dags/example_branch_labels.py
[2026-05-16T03:10:46.761+0000] {processor.py:840} INFO - DAG(s) 'example_branch_labels' retrieved from /home/airflow/.local/lib/python3.8/site-packages/airflow/example_dags/example_branch_labels.py
[2026-05-16T03:10:46.808+0000] {logging_mixin.py:188} INFO - [2026-05-16T03:10:46.807+0000] {dag.py:3036} INFO - Sync 1 DAGs
[2026-05-16T03:10:46.860+0000] {logging_mixin.py:188} INFO - [2026-05-16T03:10:46.859+0000] {dag.py:3823} INFO - Setting next_dagrun for example_branch_labels to 2026-05-15 00:00:00+00:00, run_after=2026-05-16 00:00:00+00:00
[2026-05-16T03:10:46.893+0000] {processor.py:183} INFO - Processing /home/airflow/.local/lib/python3.8/site-packages/airflow/example_dags/example_branch_labels.py took 0.156 seconds
[2026-05-16T03:11:17.746+0000] {processor.py:161} INFO - Started process (PID=3563) to work on /home/airflow/.local/lib/python3.8/site-packages/airflow/example_dags/example_branch_labels.py
[2026-05-16T03:11:17.748+0000] {processor.py:830} INFO - Processing file /home/airflow/.local/lib/python3.8/site-packages/airflow/example_dags/example_branch_labels.py for tasks to queue
[2026-05-16T03:11:17.751+0000] {logging_mixin.py:188} INFO - [2026-05-16T03:11:17.750+0000] {dagbag.py:538} INFO - Filling up the DagBag from /home/airflow/.local/lib/python3.8/site-packages/airflow/example_dags/example_branch_labels.py
[2026-05-16T03:11:17.767+0000] {processor.py:840} INFO - DAG(s) 'example_branch_labels' retrieved from /home/airflow/.local/lib/python3.8/site-packages/airflow/example_dags/example_branch_labels.py
[2026-05-16T03:11:17.829+0000] {logging_mixin.py:188} INFO - [2026-05-16T03:11:17.828+0000] {dag.py:3036} INFO - Sync 1 DAGs
[2026-05-16T03:11:17.878+0000] {logging_mixin.py:188} INFO - [2026-05-16T03:11:17.878+0000] {dag.py:3823} INFO - Setting next_dagrun for example_branch_labels to 2026-05-15 00:00:00+00:00, run_after=2026-05-16 00:00:00+00:00
[2026-05-16T03:11:17.915+0000] {processor.py:183} INFO - Processing /home/airflow/.local/lib/python3.8/site-packages/airflow/example_dags/example_branch_labels.py took 0.176 seconds
[2026-05-16T03:11:48.902+0000] {processor.py:161} INFO - Started process (PID=3628) to work on /home/airflow/.local/lib/python3.8/site-packages/airflow/example_dags/example_branch_labels.py
[2026-05-16T03:11:48.904+0000] {processor.py:830} INFO - Processing file /home/airflow/.local/lib/python3.8/site-packages/airflow/example_dags/example_branch_labels.py for tasks to queue
[2026-05-16T03:11:48.907+0000] {logging_mixin.py:188} INFO - [2026-05-16T03:11:48.907+0000] {dagbag.py:538} INFO - Filling up the DagBag from /home/airflow/.local/lib/python3.8/site-packages/airflow/example_dags/example_branch_labels.py
[2026-05-16T03:11:48.921+0000] {processor.py:840} INFO - DAG(s) 'example_branch_labels' retrieved from /home/airflow/.local/lib/python3.8/site-packages/airflow/example_dags/example_branch_labels.py
[2026-05-16T03:11:48.967+0000] {logging_mixin.py:188} INFO - [2026-05-16T03:11:48.967+0000] {dag.py:3036} INFO - Sync 1 DAGs
[2026-05-16T03:11:49.205+0000] {logging_mixin.py:188} INFO - [2026-05-16T03:11:49.205+0000] {dag.py:3823} INFO - Setting next_dagrun for example_branch_labels to 2026-05-15 00:00:00+00:00, run_after=2026-05-16 00:00:00+00:00
[2026-05-16T03:11:49.235+0000] {processor.py:183} INFO - Processing /home/airflow/.local/lib/python3.8/site-packages/airflow/example_dags/example_branch_labels.py took 0.339 seconds
[2026-05-16T03:12:19.415+0000] {processor.py:161} INFO - Started process (PID=3694) to work on /home/airflow/.local/lib/python3.8/site-packages/airflow/example_dags/example_branch_labels.py
[2026-05-16T03:12:19.427+0000] {processor.py:830} INFO - Processing file /home/airflow/.local/lib/python3.8/site-packages/airflow/example_dags/example_branch_labels.py for tasks to queue
[2026-05-16T03:12:19.431+0000] {logging_mixin.py:188} INFO - [2026-05-16T03:12:19.430+0000] {dagbag.py:538} INFO - Filling up the DagBag from /home/airflow/.local/lib/python3.8/site-packages/airflow/example_dags/example_branch_labels.py
[2026-05-16T03:12:19.446+0000] {processor.py:840} INFO - DAG(s) 'example_branch_labels' retrieved from /home/airflow/.local/lib/python3.8/site-packages/airflow/example_dags/example_branch_labels.py
[2026-05-16T03:12:19.489+0000] {logging_mixin.py:188} INFO - [2026-05-16T03:12:19.489+0000] {dag.py:3036} INFO - Sync 1 DAGs
[2026-05-16T03:12:19.535+0000] {logging_mixin.py:188} INFO - [2026-05-16T03:12:19.534+0000] {dag.py:3823} INFO - Setting next_dagrun for example_branch_labels to 2026-05-15 00:00:00+00:00, run_after=2026-05-16 00:00:00+00:00
[2026-05-16T03:12:19.762+0000] {processor.py:183} INFO - Processing /home/airflow/.local/lib/python3.8/site-packages/airflow/example_dags/example_branch_labels.py took 0.353 seconds
[2026-05-16T03:12:50.079+0000] {processor.py:161} INFO - Started process (PID=3759) to work on /home/airflow/.local/lib/python3.8/site-packages/airflow/example_dags/example_branch_labels.py
[2026-05-16T03:12:50.081+0000] {processor.py:830} INFO - Processing file /home/airflow/.local/lib/python3.8/site-packages/airflow/example_dags/example_branch_labels.py for tasks to queue
[2026-05-16T03:12:50.084+0000] {logging_mixin.py:188} INFO - [2026-05-16T03:12:50.083+0000] {dagbag.py:538} INFO - Filling up the DagBag from /home/airflow/.local/lib/python3.8/site-packages/airflow/example_dags/example_branch_labels.py
[2026-05-16T03:12:50.099+0000] {processor.py:840} INFO - DAG(s) 'example_branch_labels' retrieved from /home/airflow/.local/lib/python3.8/site-packages/airflow/example_dags/example_branch_labels.py
[2026-05-16T03:12:50.144+0000] {logging_mixin.py:188} INFO - [2026-05-16T03:12:50.143+0000] {dag.py:3036} INFO - Sync 1 DAGs
[2026-05-16T03:12:50.190+0000] {logging_mixin.py:188} INFO - [2026-05-16T03:12:50.190+0000] {dag.py:3823} INFO - Setting next_dagrun for example_branch_labels to 2026-05-15 00:00:00+00:00, run_after=2026-05-16 00:00:00+00:00
[2026-05-16T03:12:50.222+0000] {processor.py:183} INFO - Processing /home/airflow/.local/lib/python3.8/site-packages/airflow/example_dags/example_branch_labels.py took 0.149 seconds
[2026-05-16T03:13:21.076+0000] {processor.py:161} INFO - Started process (PID=3824) to work on /home/airflow/.local/lib/python3.8/site-packages/airflow/example_dags/example_branch_labels.py
[2026-05-16T03:13:21.078+0000] {processor.py:830} INFO - Processing file /home/airflow/.local/lib/python3.8/site-packages/airflow/example_dags/example_branch_labels.py for tasks to queue
[2026-05-16T03:13:21.081+0000] {logging_mixin.py:188} INFO - [2026-05-16T03:13:21.080+0000] {dagbag.py:538} INFO - Filling up the DagBag from /home/airflow/.local/lib/python3.8/site-packages/airflow/example_dags/example_branch_labels.py
[2026-05-16T03:13:21.291+0000] {processor.py:840} INFO - DAG(s) 'example_branch_labels' retrieved from /home/airflow/.local/lib/python3.8/site-packages/airflow/example_dags/example_branch_labels.py
[2026-05-16T03:13:21.331+0000] {logging_mixin.py:188} INFO - [2026-05-16T03:13:21.330+0000] {dag.py:3036} INFO - Sync 1 DAGs
[2026-05-16T03:13:21.371+0000] {logging_mixin.py:188} INFO - [2026-05-16T03:13:21.371+0000] {dag.py:3823} INFO - Setting next_dagrun for example_branch_labels to 2026-05-15 00:00:00+00:00, run_after=2026-05-16 00:00:00+00:00
[2026-05-16T03:13:21.399+0000] {processor.py:183} INFO - Processing /home/airflow/.local/lib/python3.8/site-packages/airflow/example_dags/example_branch_labels.py took 0.329 seconds
[2026-05-16T03:13:51.636+0000] {processor.py:161} INFO - Started process (PID=3897) to work on /home/airflow/.local/lib/python3.8/site-packages/airflow/example_dags/example_branch_labels.py
[2026-05-16T03:13:51.639+0000] {processor.py:830} INFO - Processing file /home/airflow/.local/lib/python3.8/site-packages/airflow/example_dags/example_branch_labels.py for tasks to queue
[2026-05-16T03:13:51.641+0000] {logging_mixin.py:188} INFO - [2026-05-16T03:13:51.641+0000] {dagbag.py:538} INFO - Filling up the DagBag from /home/airflow/.local/lib/python3.8/site-packages/airflow/example_dags/example_branch_labels.py
[2026-05-16T03:13:51.655+0000] {processor.py:840} INFO - DAG(s) 'example_branch_labels' retrieved from /home/airflow/.local/lib/python3.8/site-packages/airflow/example_dags/example_branch_labels.py
[2026-05-16T03:13:51.717+0000] {logging_mixin.py:188} INFO - [2026-05-16T03:13:51.716+0000] {dag.py:3036} INFO - Sync 1 DAGs
[2026-05-16T03:13:51.766+0000] {logging_mixin.py:188} INFO - [2026-05-16T03:13:51.765+0000] {dag.py:3823} INFO - Setting next_dagrun for example_branch_labels to 2026-05-15 00:00:00+00:00, run_after=2026-05-16 00:00:00+00:00
[2026-05-16T03:13:51.798+0000] {processor.py:183} INFO - Processing /home/airflow/.local/lib/python3.8/site-packages/airflow/example_dags/example_branch_labels.py took 0.168 seconds
[2026-05-16T03:14:21.956+0000] {processor.py:161} INFO - Started process (PID=3963) to work on /home/airflow/.local/lib/python3.8/site-packages/airflow/example_dags/example_branch_labels.py
[2026-05-16T03:14:21.958+0000] {processor.py:830} INFO - Processing file /home/airflow/.local/lib/python3.8/site-packages/airflow/example_dags/example_branch_labels.py for tasks to queue
[2026-05-16T03:14:21.961+0000] {logging_mixin.py:188} INFO - [2026-05-16T03:14:21.960+0000] {dagbag.py:538} INFO - Filling up the DagBag from /home/airflow/.local/lib/python3.8/site-packages/airflow/example_dags/example_branch_labels.py
[2026-05-16T03:14:21.974+0000] {processor.py:840} INFO - DAG(s) 'example_branch_labels' retrieved from /home/airflow/.local/lib/python3.8/site-packages/airflow/example_dags/example_branch_labels.py
[2026-05-16T03:14:22.013+0000] {logging_mixin.py:188} INFO - [2026-05-16T03:14:22.013+0000] {dag.py:3036} INFO - Sync 1 DAGs
[2026-05-16T03:14:22.053+0000] {logging_mixin.py:188} INFO - [2026-05-16T03:14:22.052+0000] {dag.py:3823} INFO - Setting next_dagrun for example_branch_labels to 2026-05-15 00:00:00+00:00, run_after=2026-05-16 00:00:00+00:00
[2026-05-16T03:14:22.082+0000] {processor.py:183} INFO - Processing /home/airflow/.local/lib/python3.8/site-packages/airflow/example_dags/example_branch_labels.py took 0.131 seconds
[2026-05-16T03:14:52.253+0000] {processor.py:161} INFO - Started process (PID=4027) to work on /home/airflow/.local/lib/python3.8/site-packages/airflow/example_dags/example_branch_labels.py
[2026-05-16T03:14:52.254+0000] {processor.py:830} INFO - Processing file /home/airflow/.local/lib/python3.8/site-packages/airflow/example_dags/example_branch_labels.py for tasks to queue
[2026-05-16T03:14:52.257+0000] {logging_mixin.py:188} INFO - [2026-05-16T03:14:52.257+0000] {dagbag.py:538} INFO - Filling up the DagBag from /home/airflow/.local/lib/python3.8/site-packages/airflow/example_dags/example_branch_labels.py
[2026-05-16T03:14:52.271+0000] {processor.py:840} INFO - DAG(s) 'example_branch_labels' retrieved from /home/airflow/.local/lib/python3.8/site-packages/airflow/example_dags/example_branch_labels.py
[2026-05-16T03:14:52.311+0000] {logging_mixin.py:188} INFO - [2026-05-16T03:14:52.311+0000] {dag.py:3036} INFO - Sync 1 DAGs
[2026-05-16T03:14:52.356+0000] {logging_mixin.py:188} INFO - [2026-05-16T03:14:52.356+0000] {dag.py:3823} INFO - Setting next_dagrun for example_branch_labels to 2026-05-15 00:00:00+00:00, run_after=2026-05-16 00:00:00+00:00
[2026-05-16T03:14:52.390+0000] {processor.py:183} INFO - Processing /home/airflow/.local/lib/python3.8/site-packages/airflow/example_dags/example_branch_labels.py took 0.142 seconds
[2026-05-16T03:15:22.714+0000] {processor.py:161} INFO - Started process (PID=4092) to work on /home/airflow/.local/lib/python3.8/site-packages/airflow/example_dags/example_branch_labels.py
[2026-05-16T03:15:22.716+0000] {processor.py:830} INFO - Processing file /home/airflow/.local/lib/python3.8/site-packages/airflow/example_dags/example_branch_labels.py for tasks to queue
[2026-05-16T03:15:22.720+0000] {logging_mixin.py:188} INFO - [2026-05-16T03:15:22.719+0000] {dagbag.py:538} INFO - Filling up the DagBag from /home/airflow/.local/lib/python3.8/site-packages/airflow/example_dags/example_branch_labels.py
[2026-05-16T03:15:22.735+0000] {processor.py:840} INFO - DAG(s) 'example_branch_labels' retrieved from /home/airflow/.local/lib/python3.8/site-packages/airflow/example_dags/example_branch_labels.py
[2026-05-16T03:15:22.799+0000] {logging_mixin.py:188} INFO - [2026-05-16T03:15:22.798+0000] {dag.py:3036} INFO - Sync 1 DAGs
[2026-05-16T03:15:22.850+0000] {logging_mixin.py:188} INFO - [2026-05-16T03:15:22.849+0000] {dag.py:3823} INFO - Setting next_dagrun for example_branch_labels to 2026-05-15 00:00:00+00:00, run_after=2026-05-16 00:00:00+00:00
[2026-05-16T03:15:22.888+0000] {processor.py:183} INFO - Processing /home/airflow/.local/lib/python3.8/site-packages/airflow/example_dags/example_branch_labels.py took 0.181 seconds
[2026-05-16T03:15:53.096+0000] {processor.py:161} INFO - Started process (PID=4157) to work on /home/airflow/.local/lib/python3.8/site-packages/airflow/example_dags/example_branch_labels.py
[2026-05-16T03:15:53.097+0000] {processor.py:830} INFO - Processing file /home/airflow/.local/lib/python3.8/site-packages/airflow/example_dags/example_branch_labels.py for tasks to queue
[2026-05-16T03:15:53.100+0000] {logging_mixin.py:188} INFO - [2026-05-16T03:15:53.099+0000] {dagbag.py:538} INFO - Filling up the DagBag from /home/airflow/.local/lib/python3.8/site-packages/airflow/example_dags/example_branch_labels.py
[2026-05-16T03:15:53.114+0000] {processor.py:840} INFO - DAG(s) 'example_branch_labels' retrieved from /home/airflow/.local/lib/python3.8/site-packages/airflow/example_dags/example_branch_labels.py
[2026-05-16T03:15:53.160+0000] {logging_mixin.py:188} INFO - [2026-05-16T03:15:53.160+0000] {dag.py:3036} INFO - Sync 1 DAGs
[2026-05-16T03:15:53.208+0000] {logging_mixin.py:188} INFO - [2026-05-16T03:15:53.207+0000] {dag.py:3823} INFO - Setting next_dagrun for example_branch_labels to 2026-05-15 00:00:00+00:00, run_after=2026-05-16 00:00:00+00:00
[2026-05-16T03:15:53.235+0000] {processor.py:183} INFO - Processing /home/airflow/.local/lib/python3.8/site-packages/airflow/example_dags/example_branch_labels.py took 0.144 seconds
[2026-05-16T03:16:23.493+0000] {processor.py:161} INFO - Started process (PID=4221) to work on /home/airflow/.local/lib/python3.8/site-packages/airflow/example_dags/example_branch_labels.py
[2026-05-16T03:16:23.495+0000] {processor.py:830} INFO - Processing file /home/airflow/.local/lib/python3.8/site-packages/airflow/example_dags/example_branch_labels.py for tasks to queue
[2026-05-16T03:16:23.498+0000] {logging_mixin.py:188} INFO - [2026-05-16T03:16:23.498+0000] {dagbag.py:538} INFO - Filling up the DagBag from /home/airflow/.local/lib/python3.8/site-packages/airflow/example_dags/example_branch_labels.py
[2026-05-16T03:16:23.512+0000] {processor.py:840} INFO - DAG(s) 'example_branch_labels' retrieved from /home/airflow/.local/lib/python3.8/site-packages/airflow/example_dags/example_branch_labels.py
[2026-05-16T03:16:23.557+0000] {logging_mixin.py:188} INFO - [2026-05-16T03:16:23.557+0000] {dag.py:3036} INFO - Sync 1 DAGs
[2026-05-16T03:16:23.608+0000] {logging_mixin.py:188} INFO - [2026-05-16T03:16:23.607+0000] {dag.py:3823} INFO - Setting next_dagrun for example_branch_labels to 2026-05-15 00:00:00+00:00, run_after=2026-05-16 00:00:00+00:00
[2026-05-16T03:16:23.642+0000] {processor.py:183} INFO - Processing /home/airflow/.local/lib/python3.8/site-packages/airflow/example_dags/example_branch_labels.py took 0.155 seconds
[2026-05-16T03:16:54.136+0000] {processor.py:161} INFO - Started process (PID=4286) to work on /home/airflow/.local/lib/python3.8/site-packages/airflow/example_dags/example_branch_labels.py
[2026-05-16T03:16:54.137+0000] {processor.py:830} INFO - Processing file /home/airflow/.local/lib/python3.8/site-packages/airflow/example_dags/example_branch_labels.py for tasks to queue
[2026-05-16T03:16:54.140+0000] {logging_mixin.py:188} INFO - [2026-05-16T03:16:54.139+0000] {dagbag.py:538} INFO - Filling up the DagBag from /home/airflow/.local/lib/python3.8/site-packages/airflow/example_dags/example_branch_labels.py
[2026-05-16T03:16:54.153+0000] {processor.py:840} INFO - DAG(s) 'example_branch_labels' retrieved from /home/airflow/.local/lib/python3.8/site-packages/airflow/example_dags/example_branch_labels.py
[2026-05-16T03:16:54.196+0000] {logging_mixin.py:188} INFO - [2026-05-16T03:16:54.196+0000] {dag.py:3036} INFO - Sync 1 DAGs
[2026-05-16T03:16:54.238+0000] {logging_mixin.py:188} INFO - [2026-05-16T03:16:54.237+0000] {dag.py:3823} INFO - Setting next_dagrun for example_branch_labels to 2026-05-15 00:00:00+00:00, run_after=2026-05-16 00:00:00+00:00
[2026-05-16T03:16:54.273+0000] {processor.py:183} INFO - Processing /home/airflow/.local/lib/python3.8/site-packages/airflow/example_dags/example_branch_labels.py took 0.143 seconds
[2026-05-16T03:17:24.524+0000] {processor.py:161} INFO - Started process (PID=4351) to work on /home/airflow/.local/lib/python3.8/site-packages/airflow/example_dags/example_branch_labels.py
[2026-05-16T03:17:24.526+0000] {processor.py:830} INFO - Processing file /home/airflow/.local/lib/python3.8/site-packages/airflow/example_dags/example_branch_labels.py for tasks to queue
[2026-05-16T03:17:24.529+0000] {logging_mixin.py:188} INFO - [2026-05-16T03:17:24.529+0000] {dagbag.py:538} INFO - Filling up the DagBag from /home/airflow/.local/lib/python3.8/site-packages/airflow/example_dags/example_branch_labels.py
[2026-05-16T03:17:24.542+0000] {processor.py:840} INFO - DAG(s) 'example_branch_labels' retrieved from /home/airflow/.local/lib/python3.8/site-packages/airflow/example_dags/example_branch_labels.py
[2026-05-16T03:17:24.578+0000] {logging_mixin.py:188} INFO - [2026-05-16T03:17:24.578+0000] {dag.py:3036} INFO - Sync 1 DAGs
[2026-05-16T03:17:24.617+0000] {logging_mixin.py:188} INFO - [2026-05-16T03:17:24.617+0000] {dag.py:3823} INFO - Setting next_dagrun for example_branch_labels to 2026-05-15 00:00:00+00:00, run_after=2026-05-16 00:00:00+00:00
[2026-05-16T03:17:24.646+0000] {processor.py:183} INFO - Processing /home/airflow/.local/lib/python3.8/site-packages/airflow/example_dags/example_branch_labels.py took 0.127 seconds
[2026-05-16T03:17:54.763+0000] {processor.py:161} INFO - Started process (PID=4416) to work on /home/airflow/.local/lib/python3.8/site-packages/airflow/example_dags/example_branch_labels.py
[2026-05-16T03:17:54.764+0000] {processor.py:830} INFO - Processing file /home/airflow/.local/lib/python3.8/site-packages/airflow/example_dags/example_branch_labels.py for tasks to queue
[2026-05-16T03:17:54.767+0000] {logging_mixin.py:188} INFO - [2026-05-16T03:17:54.767+0000] {dagbag.py:538} INFO - Filling up the DagBag from /home/airflow/.local/lib/python3.8/site-packages/airflow/example_dags/example_branch_labels.py
[2026-05-16T03:17:54.780+0000] {processor.py:840} INFO - DAG(s) 'example_branch_labels' retrieved from /home/airflow/.local/lib/python3.8/site-packages/airflow/example_dags/example_branch_labels.py
[2026-05-16T03:17:54.823+0000] {logging_mixin.py:188} INFO - [2026-05-16T03:17:54.822+0000] {dag.py:3036} INFO - Sync 1 DAGs
[2026-05-16T03:17:54.868+0000] {logging_mixin.py:188} INFO - [2026-05-16T03:17:54.868+0000] {dag.py:3823} INFO - Setting next_dagrun for example_branch_labels to 2026-05-15 00:00:00+00:00, run_after=2026-05-16 00:00:00+00:00
[2026-05-16T03:17:54.902+0000] {processor.py:183} INFO - Processing /home/airflow/.local/lib/python3.8/site-packages/airflow/example_dags/example_branch_labels.py took 0.145 seconds
[2026-05-16T03:18:25.058+0000] {processor.py:161} INFO - Started process (PID=4481) to work on /home/airflow/.local/lib/python3.8/site-packages/airflow/example_dags/example_branch_labels.py
[2026-05-16T03:18:25.060+0000] {processor.py:830} INFO - Processing file /home/airflow/.local/lib/python3.8/site-packages/airflow/example_dags/example_branch_labels.py for tasks to queue
[2026-05-16T03:18:25.063+0000] {logging_mixin.py:188} INFO - [2026-05-16T03:18:25.063+0000] {dagbag.py:538} INFO - Filling up the DagBag from /home/airflow/.local/lib/python3.8/site-packages/airflow/example_dags/example_branch_labels.py
[2026-05-16T03:18:25.078+0000] {processor.py:840} INFO - DAG(s) 'example_branch_labels' retrieved from /home/airflow/.local/lib/python3.8/site-packages/airflow/example_dags/example_branch_labels.py
[2026-05-16T03:18:25.123+0000] {logging_mixin.py:188} INFO - [2026-05-16T03:18:25.122+0000] {dag.py:3036} INFO - Sync 1 DAGs
[2026-05-16T03:18:25.166+0000] {logging_mixin.py:188} INFO - [2026-05-16T03:18:25.165+0000] {dag.py:3823} INFO - Setting next_dagrun for example_branch_labels to 2026-05-15 00:00:00+00:00, run_after=2026-05-16 00:00:00+00:00
[2026-05-16T03:18:25.202+0000] {processor.py:183} INFO - Processing /home/airflow/.local/lib/python3.8/site-packages/airflow/example_dags/example_branch_labels.py took 0.149 seconds
[2026-05-16T03:18:55.406+0000] {processor.py:161} INFO - Started process (PID=4546) to work on /home/airflow/.local/lib/python3.8/site-packages/airflow/example_dags/example_branch_labels.py
[2026-05-16T03:18:55.407+0000] {processor.py:830} INFO - Processing file /home/airflow/.local/lib/python3.8/site-packages/airflow/example_dags/example_branch_labels.py for tasks to queue
[2026-05-16T03:18:55.410+0000] {logging_mixin.py:188} INFO - [2026-05-16T03:18:55.409+0000] {dagbag.py:538} INFO - Filling up the DagBag from /home/airflow/.local/lib/python3.8/site-packages/airflow/example_dags/example_branch_labels.py
[2026-05-16T03:18:55.423+0000] {processor.py:840} INFO - DAG(s) 'example_branch_labels' retrieved from /home/airflow/.local/lib/python3.8/site-packages/airflow/example_dags/example_branch_labels.py
[2026-05-16T03:18:55.466+0000] {logging_mixin.py:188} INFO - [2026-05-16T03:18:55.465+0000] {dag.py:3036} INFO - Sync 1 DAGs
[2026-05-16T03:18:55.509+0000] {logging_mixin.py:188} INFO - [2026-05-16T03:18:55.508+0000] {dag.py:3823} INFO - Setting next_dagrun for example_branch_labels to 2026-05-15 00:00:00+00:00, run_after=2026-05-16 00:00:00+00:00
[2026-05-16T03:18:55.542+0000] {processor.py:183} INFO - Processing /home/airflow/.local/lib/python3.8/site-packages/airflow/example_dags/example_branch_labels.py took 0.142 seconds
[2026-05-16T03:19:25.758+0000] {processor.py:161} INFO - Started process (PID=4611) to work on /home/airflow/.local/lib/python3.8/site-packages/airflow/example_dags/example_branch_labels.py
[2026-05-16T03:19:25.760+0000] {processor.py:830} INFO - Processing file /home/airflow/.local/lib/python3.8/site-packages/airflow/example_dags/example_branch_labels.py for tasks to queue
[2026-05-16T03:19:25.763+0000] {logging_mixin.py:188} INFO - [2026-05-16T03:19:25.762+0000] {dagbag.py:538} INFO - Filling up the DagBag from /home/airflow/.local/lib/python3.8/site-packages/airflow/example_dags/example_branch_labels.py
[2026-05-16T03:19:25.777+0000] {processor.py:840} INFO - DAG(s) 'example_branch_labels' retrieved from /home/airflow/.local/lib/python3.8/site-packages/airflow/example_dags/example_branch_labels.py
[2026-05-16T03:19:25.814+0000] {logging_mixin.py:188} INFO - [2026-05-16T03:19:25.814+0000] {dag.py:3036} INFO - Sync 1 DAGs
[2026-05-16T03:19:25.853+0000] {logging_mixin.py:188} INFO - [2026-05-16T03:19:25.853+0000] {dag.py:3823} INFO - Setting next_dagrun for example_branch_labels to 2026-05-15 00:00:00+00:00, run_after=2026-05-16 00:00:00+00:00
[2026-05-16T03:19:25.884+0000] {processor.py:183} INFO - Processing /home/airflow/.local/lib/python3.8/site-packages/airflow/example_dags/example_branch_labels.py took 0.131 seconds
[2026-05-16T03:19:56.013+0000] {processor.py:161} INFO - Started process (PID=4676) to work on /home/airflow/.local/lib/python3.8/site-packages/airflow/example_dags/example_branch_labels.py
[2026-05-16T03:19:56.014+0000] {processor.py:830} INFO - Processing file /home/airflow/.local/lib/python3.8/site-packages/airflow/example_dags/example_branch_labels.py for tasks to queue
[2026-05-16T03:19:56.017+0000] {logging_mixin.py:188} INFO - [2026-05-16T03:19:56.017+0000] {dagbag.py:538} INFO - Filling up the DagBag from /home/airflow/.local/lib/python3.8/site-packages/airflow/example_dags/example_branch_labels.py
[2026-05-16T03:19:56.030+0000] {processor.py:840} INFO - DAG(s) 'example_branch_labels' retrieved from /home/airflow/.local/lib/python3.8/site-packages/airflow/example_dags/example_branch_labels.py
[2026-05-16T03:19:56.071+0000] {logging_mixin.py:188} INFO - [2026-05-16T03:19:56.071+0000] {dag.py:3036} INFO - Sync 1 DAGs
[2026-05-16T03:19:56.116+0000] {logging_mixin.py:188} INFO - [2026-05-16T03:19:56.115+0000] {dag.py:3823} INFO - Setting next_dagrun for example_branch_labels to 2026-05-15 00:00:00+00:00, run_after=2026-05-16 00:00:00+00:00
[2026-05-16T03:19:56.149+0000] {processor.py:183} INFO - Processing /home/airflow/.local/lib/python3.8/site-packages/airflow/example_dags/example_branch_labels.py took 0.142 seconds
[2026-05-16T03:20:26.438+0000] {processor.py:161} INFO - Started process (PID=4740) to work on /home/airflow/.local/lib/python3.8/site-packages/airflow/example_dags/example_branch_labels.py
[2026-05-16T03:20:26.441+0000] {processor.py:830} INFO - Processing file /home/airflow/.local/lib/python3.8/site-packages/airflow/example_dags/example_branch_labels.py for tasks to queue
[2026-05-16T03:20:26.444+0000] {logging_mixin.py:188} INFO - [2026-05-16T03:20:26.444+0000] {dagbag.py:538} INFO - Filling up the DagBag from /home/airflow/.local/lib/python3.8/site-packages/airflow/example_dags/example_branch_labels.py
[2026-05-16T03:20:26.460+0000] {processor.py:840} INFO - DAG(s) 'example_branch_labels' retrieved from /home/airflow/.local/lib/python3.8/site-packages/airflow/example_dags/example_branch_labels.py
[2026-05-16T03:20:26.510+0000] {logging_mixin.py:188} INFO - [2026-05-16T03:20:26.510+0000] {dag.py:3036} INFO - Sync 1 DAGs
[2026-05-16T03:20:26.558+0000] {logging_mixin.py:188} INFO - [2026-05-16T03:20:26.557+0000] {dag.py:3823} INFO - Setting next_dagrun for example_branch_labels to 2026-05-15 00:00:00+00:00, run_after=2026-05-16 00:00:00+00:00
[2026-05-16T03:20:26.592+0000] {processor.py:183} INFO - Processing /home/airflow/.local/lib/python3.8/site-packages/airflow/example_dags/example_branch_labels.py took 0.173 seconds
[2026-05-16T03:20:56.727+0000] {processor.py:161} INFO - Started process (PID=4805) to work on /home/airflow/.local/lib/python3.8/site-packages/airflow/example_dags/example_branch_labels.py
[2026-05-16T03:20:56.729+0000] {processor.py:830} INFO - Processing file /home/airflow/.local/lib/python3.8/site-packages/airflow/example_dags/example_branch_labels.py for tasks to queue
[2026-05-16T03:20:56.732+0000] {logging_mixin.py:188} INFO - [2026-05-16T03:20:56.731+0000] {dagbag.py:538} INFO - Filling up the DagBag from /home/airflow/.local/lib/python3.8/site-packages/airflow/example_dags/example_branch_labels.py
[2026-05-16T03:20:56.748+0000] {processor.py:840} INFO - DAG(s) 'example_branch_labels' retrieved from /home/airflow/.local/lib/python3.8/site-packages/airflow/example_dags/example_branch_labels.py
[2026-05-16T03:20:56.796+0000] {logging_mixin.py:188} INFO - [2026-05-16T03:20:56.796+0000] {dag.py:3036} INFO - Sync 1 DAGs
[2026-05-16T03:20:56.843+0000] {logging_mixin.py:188} INFO - [2026-05-16T03:20:56.843+0000] {dag.py:3823} INFO - Setting next_dagrun for example_branch_labels to 2026-05-15 00:00:00+00:00, run_after=2026-05-16 00:00:00+00:00
[2026-05-16T03:20:56.883+0000] {processor.py:183} INFO - Processing /home/airflow/.local/lib/python3.8/site-packages/airflow/example_dags/example_branch_labels.py took 0.162 seconds
[2026-05-16T03:21:27.140+0000] {processor.py:161} INFO - Started process (PID=4877) to work on /home/airflow/.local/lib/python3.8/site-packages/airflow/example_dags/example_branch_labels.py
[2026-05-16T03:21:27.142+0000] {processor.py:830} INFO - Processing file /home/airflow/.local/lib/python3.8/site-packages/airflow/example_dags/example_branch_labels.py for tasks to queue
[2026-05-16T03:21:27.145+0000] {logging_mixin.py:188} INFO - [2026-05-16T03:21:27.145+0000] {dagbag.py:538} INFO - Filling up the DagBag from /home/airflow/.local/lib/python3.8/site-packages/airflow/example_dags/example_branch_labels.py
[2026-05-16T03:21:27.161+0000] {processor.py:840} INFO - DAG(s) 'example_branch_labels' retrieved from /home/airflow/.local/lib/python3.8/site-packages/airflow/example_dags/example_branch_labels.py
[2026-05-16T03:21:27.218+0000] {logging_mixin.py:188} INFO - [2026-05-16T03:21:27.218+0000] {dag.py:3036} INFO - Sync 1 DAGs
[2026-05-16T03:21:27.268+0000] {logging_mixin.py:188} INFO - [2026-05-16T03:21:27.268+0000] {dag.py:3823} INFO - Setting next_dagrun for example_branch_labels to 2026-05-15 00:00:00+00:00, run_after=2026-05-16 00:00:00+00:00
[2026-05-16T03:21:27.302+0000] {processor.py:183} INFO - Processing /home/airflow/.local/lib/python3.8/site-packages/airflow/example_dags/example_branch_labels.py took 0.168 seconds
[2026-05-16T03:21:58.210+0000] {processor.py:161} INFO - Started process (PID=4943) to work on /home/airflow/.local/lib/python3.8/site-packages/airflow/example_dags/example_branch_labels.py
[2026-05-16T03:21:58.212+0000] {processor.py:830} INFO - Processing file /home/airflow/.local/lib/python3.8/site-packages/airflow/example_dags/example_branch_labels.py for tasks to queue
[2026-05-16T03:21:58.215+0000] {logging_mixin.py:188} INFO - [2026-05-16T03:21:58.214+0000] {dagbag.py:538} INFO - Filling up the DagBag from /home/airflow/.local/lib/python3.8/site-packages/airflow/example_dags/example_branch_labels.py
[2026-05-16T03:21:58.230+0000] {processor.py:840} INFO - DAG(s) 'example_branch_labels' retrieved from /home/airflow/.local/lib/python3.8/site-packages/airflow/example_dags/example_branch_labels.py
[2026-05-16T03:21:58.272+0000] {logging_mixin.py:188} INFO - [2026-05-16T03:21:58.271+0000] {dag.py:3036} INFO - Sync 1 DAGs
[2026-05-16T03:21:58.317+0000] {logging_mixin.py:188} INFO - [2026-05-16T03:21:58.317+0000] {dag.py:3823} INFO - Setting next_dagrun for example_branch_labels to 2026-05-15 00:00:00+00:00, run_after=2026-05-16 00:00:00+00:00
[2026-05-16T03:21:58.351+0000] {processor.py:183} INFO - Processing /home/airflow/.local/lib/python3.8/site-packages/airflow/example_dags/example_branch_labels.py took 0.146 seconds
[2026-05-16T03:22:28.717+0000] {processor.py:161} INFO - Started process (PID=5007) to work on /home/airflow/.local/lib/python3.8/site-packages/airflow/example_dags/example_branch_labels.py
[2026-05-16T03:22:28.719+0000] {processor.py:830} INFO - Processing file /home/airflow/.local/lib/python3.8/site-packages/airflow/example_dags/example_branch_labels.py for tasks to queue
[2026-05-16T03:22:28.721+0000] {logging_mixin.py:188} INFO - [2026-05-16T03:22:28.721+0000] {dagbag.py:538} INFO - Filling up the DagBag from /home/airflow/.local/lib/python3.8/site-packages/airflow/example_dags/example_branch_labels.py
[2026-05-16T03:22:28.734+0000] {processor.py:840} INFO - DAG(s) 'example_branch_labels' retrieved from /home/airflow/.local/lib/python3.8/site-packages/airflow/example_dags/example_branch_labels.py
[2026-05-16T03:22:28.777+0000] {logging_mixin.py:188} INFO - [2026-05-16T03:22:28.776+0000] {dag.py:3036} INFO - Sync 1 DAGs
[2026-05-16T03:22:28.822+0000] {logging_mixin.py:188} INFO - [2026-05-16T03:22:28.822+0000] {dag.py:3823} INFO - Setting next_dagrun for example_branch_labels to 2026-05-15 00:00:00+00:00, run_after=2026-05-16 00:00:00+00:00
[2026-05-16T03:22:28.855+0000] {processor.py:183} INFO - Processing /home/airflow/.local/lib/python3.8/site-packages/airflow/example_dags/example_branch_labels.py took 0.143 seconds
[2026-05-16T03:22:59.160+0000] {processor.py:161} INFO - Started process (PID=5072) to work on /home/airflow/.local/lib/python3.8/site-packages/airflow/example_dags/example_branch_labels.py
[2026-05-16T03:22:59.162+0000] {processor.py:830} INFO - Processing file /home/airflow/.local/lib/python3.8/site-packages/airflow/example_dags/example_branch_labels.py for tasks to queue
[2026-05-16T03:22:59.164+0000] {logging_mixin.py:188} INFO - [2026-05-16T03:22:59.164+0000] {dagbag.py:538} INFO - Filling up the DagBag from /home/airflow/.local/lib/python3.8/site-packages/airflow/example_dags/example_branch_labels.py
[2026-05-16T03:22:59.177+0000] {processor.py:840} INFO - DAG(s) 'example_branch_labels' retrieved from /home/airflow/.local/lib/python3.8/site-packages/airflow/example_dags/example_branch_labels.py
[2026-05-16T03:22:59.231+0000] {logging_mixin.py:188} INFO - [2026-05-16T03:22:59.230+0000] {dag.py:3036} INFO - Sync 1 DAGs
[2026-05-16T03:22:59.308+0000] {logging_mixin.py:188} INFO - [2026-05-16T03:22:59.307+0000] {dag.py:3823} INFO - Setting next_dagrun for example_branch_labels to 2026-05-15 00:00:00+00:00, run_after=2026-05-16 00:00:00+00:00
[2026-05-16T03:22:59.346+0000] {processor.py:183} INFO - Processing /home/airflow/.local/lib/python3.8/site-packages/airflow/example_dags/example_branch_labels.py took 0.192 seconds
[2026-05-16T03:23:29.774+0000] {processor.py:161} INFO - Started process (PID=5139) to work on /home/airflow/.local/lib/python3.8/site-packages/airflow/example_dags/example_branch_labels.py
[2026-05-16T03:23:29.776+0000] {processor.py:830} INFO - Processing file /home/airflow/.local/lib/python3.8/site-packages/airflow/example_dags/example_branch_labels.py for tasks to queue
[2026-05-16T03:23:29.778+0000] {logging_mixin.py:188} INFO - [2026-05-16T03:23:29.778+0000] {dagbag.py:538} INFO - Filling up the DagBag from /home/airflow/.local/lib/python3.8/site-packages/airflow/example_dags/example_branch_labels.py
[2026-05-16T03:23:29.792+0000] {processor.py:840} INFO - DAG(s) 'example_branch_labels' retrieved from /home/airflow/.local/lib/python3.8/site-packages/airflow/example_dags/example_branch_labels.py
[2026-05-16T03:23:29.833+0000] {logging_mixin.py:188} INFO - [2026-05-16T03:23:29.832+0000] {dag.py:3036} INFO - Sync 1 DAGs
[2026-05-16T03:23:29.872+0000] {logging_mixin.py:188} INFO - [2026-05-16T03:23:29.871+0000] {dag.py:3823} INFO - Setting next_dagrun for example_branch_labels to 2026-05-15 00:00:00+00:00, run_after=2026-05-16 00:00:00+00:00
[2026-05-16T03:23:29.898+0000] {processor.py:183} INFO - Processing /home/airflow/.local/lib/python3.8/site-packages/airflow/example_dags/example_branch_labels.py took 0.128 seconds
[2026-05-16T03:24:00.393+0000] {processor.py:161} INFO - Started process (PID=5205) to work on /home/airflow/.local/lib/python3.8/site-packages/airflow/example_dags/example_branch_labels.py
[2026-05-16T03:24:00.395+0000] {processor.py:830} INFO - Processing file /home/airflow/.local/lib/python3.8/site-packages/airflow/example_dags/example_branch_labels.py for tasks to queue
[2026-05-16T03:24:00.398+0000] {logging_mixin.py:188} INFO - [2026-05-16T03:24:00.398+0000] {dagbag.py:538} INFO - Filling up the DagBag from /home/airflow/.local/lib/python3.8/site-packages/airflow/example_dags/example_branch_labels.py
[2026-05-16T03:24:00.412+0000] {processor.py:840} INFO - DAG(s) 'example_branch_labels' retrieved from /home/airflow/.local/lib/python3.8/site-packages/airflow/example_dags/example_branch_labels.py
[2026-05-16T03:24:00.454+0000] {logging_mixin.py:188} INFO - [2026-05-16T03:24:00.453+0000] {dag.py:3036} INFO - Sync 1 DAGs
[2026-05-16T03:24:00.498+0000] {logging_mixin.py:188} INFO - [2026-05-16T03:24:00.497+0000] {dag.py:3823} INFO - Setting next_dagrun for example_branch_labels to 2026-05-15 00:00:00+00:00, run_after=2026-05-16 00:00:00+00:00
[2026-05-16T03:24:00.530+0000] {processor.py:183} INFO - Processing /home/airflow/.local/lib/python3.8/site-packages/airflow/example_dags/example_branch_labels.py took 0.142 seconds
[2026-05-16T03:24:31.051+0000] {processor.py:161} INFO - Started process (PID=5271) to work on /home/airflow/.local/lib/python3.8/site-packages/airflow/example_dags/example_branch_labels.py
[2026-05-16T03:24:31.053+0000] {processor.py:830} INFO - Processing file /home/airflow/.local/lib/python3.8/site-packages/airflow/example_dags/example_branch_labels.py for tasks to queue
[2026-05-16T03:24:31.056+0000] {logging_mixin.py:188} INFO - [2026-05-16T03:24:31.055+0000] {dagbag.py:538} INFO - Filling up the DagBag from /home/airflow/.local/lib/python3.8/site-packages/airflow/example_dags/example_branch_labels.py
[2026-05-16T03:24:31.070+0000] {processor.py:840} INFO - DAG(s) 'example_branch_labels' retrieved from /home/airflow/.local/lib/python3.8/site-packages/airflow/example_dags/example_branch_labels.py
[2026-05-16T03:24:31.112+0000] {logging_mixin.py:188} INFO - [2026-05-16T03:24:31.111+0000] {dag.py:3036} INFO - Sync 1 DAGs
[2026-05-16T03:24:31.150+0000] {logging_mixin.py:188} INFO - [2026-05-16T03:24:31.150+0000] {dag.py:3823} INFO - Setting next_dagrun for example_branch_labels to 2026-05-15 00:00:00+00:00, run_after=2026-05-16 00:00:00+00:00
[2026-05-16T03:24:31.179+0000] {processor.py:183} INFO - Processing /home/airflow/.local/lib/python3.8/site-packages/airflow/example_dags/example_branch_labels.py took 0.134 seconds
[2026-05-16T03:25:01.682+0000] {processor.py:161} INFO - Started process (PID=5337) to work on /home/airflow/.local/lib/python3.8/site-packages/airflow/example_dags/example_branch_labels.py
[2026-05-16T03:25:01.684+0000] {processor.py:830} INFO - Processing file /home/airflow/.local/lib/python3.8/site-packages/airflow/example_dags/example_branch_labels.py for tasks to queue
[2026-05-16T03:25:01.686+0000] {logging_mixin.py:188} INFO - [2026-05-16T03:25:01.686+0000] {dagbag.py:538} INFO - Filling up the DagBag from /home/airflow/.local/lib/python3.8/site-packages/airflow/example_dags/example_branch_labels.py
[2026-05-16T03:25:01.701+0000] {processor.py:840} INFO - DAG(s) 'example_branch_labels' retrieved from /home/airflow/.local/lib/python3.8/site-packages/airflow/example_dags/example_branch_labels.py
[2026-05-16T03:25:01.744+0000] {logging_mixin.py:188} INFO - [2026-05-16T03:25:01.743+0000] {dag.py:3036} INFO - Sync 1 DAGs
[2026-05-16T03:25:01.790+0000] {logging_mixin.py:188} INFO - [2026-05-16T03:25:01.790+0000] {dag.py:3823} INFO - Setting next_dagrun for example_branch_labels to 2026-05-15 00:00:00+00:00, run_after=2026-05-16 00:00:00+00:00
[2026-05-16T03:25:01.828+0000] {processor.py:183} INFO - Processing /home/airflow/.local/lib/python3.8/site-packages/airflow/example_dags/example_branch_labels.py took 0.152 seconds
[2026-05-16T03:25:32.008+0000] {processor.py:161} INFO - Started process (PID=5402) to work on /home/airflow/.local/lib/python3.8/site-packages/airflow/example_dags/example_branch_labels.py
[2026-05-16T03:25:32.009+0000] {processor.py:830} INFO - Processing file /home/airflow/.local/lib/python3.8/site-packages/airflow/example_dags/example_branch_labels.py for tasks to queue
[2026-05-16T03:25:32.012+0000] {logging_mixin.py:188} INFO - [2026-05-16T03:25:32.012+0000] {dagbag.py:538} INFO - Filling up the DagBag from /home/airflow/.local/lib/python3.8/site-packages/airflow/example_dags/example_branch_labels.py
[2026-05-16T03:25:32.028+0000] {processor.py:840} INFO - DAG(s) 'example_branch_labels' retrieved from /home/airflow/.local/lib/python3.8/site-packages/airflow/example_dags/example_branch_labels.py
[2026-05-16T03:25:32.068+0000] {logging_mixin.py:188} INFO - [2026-05-16T03:25:32.067+0000] {dag.py:3036} INFO - Sync 1 DAGs
[2026-05-16T03:25:32.112+0000] {logging_mixin.py:188} INFO - [2026-05-16T03:25:32.111+0000] {dag.py:3823} INFO - Setting next_dagrun for example_branch_labels to 2026-05-15 00:00:00+00:00, run_after=2026-05-16 00:00:00+00:00
[2026-05-16T03:25:32.142+0000] {processor.py:183} INFO - Processing /home/airflow/.local/lib/python3.8/site-packages/airflow/example_dags/example_branch_labels.py took 0.140 seconds
[2026-05-16T03:26:02.319+0000] {processor.py:161} INFO - Started process (PID=5465) to work on /home/airflow/.local/lib/python3.8/site-packages/airflow/example_dags/example_branch_labels.py
[2026-05-16T03:26:02.321+0000] {processor.py:830} INFO - Processing file /home/airflow/.local/lib/python3.8/site-packages/airflow/example_dags/example_branch_labels.py for tasks to queue
[2026-05-16T03:26:02.324+0000] {logging_mixin.py:188} INFO - [2026-05-16T03:26:02.323+0000] {dagbag.py:538} INFO - Filling up the DagBag from /home/airflow/.local/lib/python3.8/site-packages/airflow/example_dags/example_branch_labels.py
[2026-05-16T03:26:02.337+0000] {processor.py:840} INFO - DAG(s) 'example_branch_labels' retrieved from /home/airflow/.local/lib/python3.8/site-packages/airflow/example_dags/example_branch_labels.py
[2026-05-16T03:26:02.381+0000] {logging_mixin.py:188} INFO - [2026-05-16T03:26:02.381+0000] {dag.py:3036} INFO - Sync 1 DAGs
[2026-05-16T03:26:02.423+0000] {logging_mixin.py:188} INFO - [2026-05-16T03:26:02.423+0000] {dag.py:3823} INFO - Setting next_dagrun for example_branch_labels to 2026-05-15 00:00:00+00:00, run_after=2026-05-16 00:00:00+00:00
[2026-05-16T03:26:02.455+0000] {processor.py:183} INFO - Processing /home/airflow/.local/lib/python3.8/site-packages/airflow/example_dags/example_branch_labels.py took 0.141 seconds
[2026-05-16T03:26:33.142+0000] {processor.py:161} INFO - Started process (PID=5530) to work on /home/airflow/.local/lib/python3.8/site-packages/airflow/example_dags/example_branch_labels.py
[2026-05-16T03:26:33.144+0000] {processor.py:830} INFO - Processing file /home/airflow/.local/lib/python3.8/site-packages/airflow/example_dags/example_branch_labels.py for tasks to queue
[2026-05-16T03:26:33.147+0000] {logging_mixin.py:188} INFO - [2026-05-16T03:26:33.146+0000] {dagbag.py:538} INFO - Filling up the DagBag from /home/airflow/.local/lib/python3.8/site-packages/airflow/example_dags/example_branch_labels.py
[2026-05-16T03:26:33.162+0000] {processor.py:840} INFO - DAG(s) 'example_branch_labels' retrieved from /home/airflow/.local/lib/python3.8/site-packages/airflow/example_dags/example_branch_labels.py
[2026-05-16T03:26:33.202+0000] {logging_mixin.py:188} INFO - [2026-05-16T03:26:33.202+0000] {dag.py:3036} INFO - Sync 1 DAGs
[2026-05-16T03:26:33.245+0000] {logging_mixin.py:188} INFO - [2026-05-16T03:26:33.244+0000] {dag.py:3823} INFO - Setting next_dagrun for example_branch_labels to 2026-05-15 00:00:00+00:00, run_after=2026-05-16 00:00:00+00:00
[2026-05-16T03:26:33.282+0000] {processor.py:183} INFO - Processing /home/airflow/.local/lib/python3.8/site-packages/airflow/example_dags/example_branch_labels.py took 0.145 seconds
[2026-05-16T03:27:03.705+0000] {processor.py:161} INFO - Started process (PID=5603) to work on /home/airflow/.local/lib/python3.8/site-packages/airflow/example_dags/example_branch_labels.py
[2026-05-16T03:27:03.707+0000] {processor.py:830} INFO - Processing file /home/airflow/.local/lib/python3.8/site-packages/airflow/example_dags/example_branch_labels.py for tasks to queue
[2026-05-16T03:27:03.710+0000] {logging_mixin.py:188} INFO - [2026-05-16T03:27:03.710+0000] {dagbag.py:538} INFO - Filling up the DagBag from /home/airflow/.local/lib/python3.8/site-packages/airflow/example_dags/example_branch_labels.py
[2026-05-16T03:27:03.723+0000] {processor.py:840} INFO - DAG(s) 'example_branch_labels' retrieved from /home/airflow/.local/lib/python3.8/site-packages/airflow/example_dags/example_branch_labels.py
[2026-05-16T03:27:03.768+0000] {logging_mixin.py:188} INFO - [2026-05-16T03:27:03.768+0000] {dag.py:3036} INFO - Sync 1 DAGs
[2026-05-16T03:27:03.813+0000] {logging_mixin.py:188} INFO - [2026-05-16T03:27:03.813+0000] {dag.py:3823} INFO - Setting next_dagrun for example_branch_labels to 2026-05-15 00:00:00+00:00, run_after=2026-05-16 00:00:00+00:00
[2026-05-16T03:27:03.847+0000] {processor.py:183} INFO - Processing /home/airflow/.local/lib/python3.8/site-packages/airflow/example_dags/example_branch_labels.py took 0.147 seconds
[2026-05-16T03:27:34.398+0000] {processor.py:161} INFO - Started process (PID=5667) to work on /home/airflow/.local/lib/python3.8/site-packages/airflow/example_dags/example_branch_labels.py
[2026-05-16T03:27:34.400+0000] {processor.py:830} INFO - Processing file /home/airflow/.local/lib/python3.8/site-packages/airflow/example_dags/example_branch_labels.py for tasks to queue
[2026-05-16T03:27:34.403+0000] {logging_mixin.py:188} INFO - [2026-05-16T03:27:34.402+0000] {dagbag.py:538} INFO - Filling up the DagBag from /home/airflow/.local/lib/python3.8/site-packages/airflow/example_dags/example_branch_labels.py
[2026-05-16T03:27:34.419+0000] {processor.py:840} INFO - DAG(s) 'example_branch_labels' retrieved from /home/airflow/.local/lib/python3.8/site-packages/airflow/example_dags/example_branch_labels.py
[2026-05-16T03:27:34.463+0000] {logging_mixin.py:188} INFO - [2026-05-16T03:27:34.462+0000] {dag.py:3036} INFO - Sync 1 DAGs
[2026-05-16T03:27:34.506+0000] {logging_mixin.py:188} INFO - [2026-05-16T03:27:34.506+0000] {dag.py:3823} INFO - Setting next_dagrun for example_branch_labels to 2026-05-15 00:00:00+00:00, run_after=2026-05-16 00:00:00+00:00
[2026-05-16T03:27:34.537+0000] {processor.py:183} INFO - Processing /home/airflow/.local/lib/python3.8/site-packages/airflow/example_dags/example_branch_labels.py took 0.145 seconds
[2026-05-16T03:28:05.166+0000] {processor.py:161} INFO - Started process (PID=5733) to work on /home/airflow/.local/lib/python3.8/site-packages/airflow/example_dags/example_branch_labels.py
[2026-05-16T03:28:05.168+0000] {processor.py:830} INFO - Processing file /home/airflow/.local/lib/python3.8/site-packages/airflow/example_dags/example_branch_labels.py for tasks to queue
[2026-05-16T03:28:05.171+0000] {logging_mixin.py:188} INFO - [2026-05-16T03:28:05.170+0000] {dagbag.py:538} INFO - Filling up the DagBag from /home/airflow/.local/lib/python3.8/site-packages/airflow/example_dags/example_branch_labels.py
[2026-05-16T03:28:05.187+0000] {processor.py:840} INFO - DAG(s) 'example_branch_labels' retrieved from /home/airflow/.local/lib/python3.8/site-packages/airflow/example_dags/example_branch_labels.py
[2026-05-16T03:28:05.231+0000] {logging_mixin.py:188} INFO - [2026-05-16T03:28:05.230+0000] {dag.py:3036} INFO - Sync 1 DAGs
[2026-05-16T03:28:05.274+0000] {logging_mixin.py:188} INFO - [2026-05-16T03:28:05.274+0000] {dag.py:3823} INFO - Setting next_dagrun for example_branch_labels to 2026-05-15 00:00:00+00:00, run_after=2026-05-16 00:00:00+00:00
[2026-05-16T03:28:05.307+0000] {processor.py:183} INFO - Processing /home/airflow/.local/lib/python3.8/site-packages/airflow/example_dags/example_branch_labels.py took 0.148 seconds
[2026-05-16T03:28:35.565+0000] {processor.py:161} INFO - Started process (PID=5797) to work on /home/airflow/.local/lib/python3.8/site-packages/airflow/example_dags/example_branch_labels.py
[2026-05-16T03:28:35.566+0000] {processor.py:830} INFO - Processing file /home/airflow/.local/lib/python3.8/site-packages/airflow/example_dags/example_branch_labels.py for tasks to queue
[2026-05-16T03:28:35.569+0000] {logging_mixin.py:188} INFO - [2026-05-16T03:28:35.569+0000] {dagbag.py:538} INFO - Filling up the DagBag from /home/airflow/.local/lib/python3.8/site-packages/airflow/example_dags/example_branch_labels.py
[2026-05-16T03:28:35.585+0000] {processor.py:840} INFO - DAG(s) 'example_branch_labels' retrieved from /home/airflow/.local/lib/python3.8/site-packages/airflow/example_dags/example_branch_labels.py
[2026-05-16T03:28:35.630+0000] {logging_mixin.py:188} INFO - [2026-05-16T03:28:35.630+0000] {dag.py:3036} INFO - Sync 1 DAGs
[2026-05-16T03:28:35.681+0000] {logging_mixin.py:188} INFO - [2026-05-16T03:28:35.680+0000] {dag.py:3823} INFO - Setting next_dagrun for example_branch_labels to 2026-05-15 00:00:00+00:00, run_after=2026-05-16 00:00:00+00:00
[2026-05-16T03:28:35.712+0000] {processor.py:183} INFO - Processing /home/airflow/.local/lib/python3.8/site-packages/airflow/example_dags/example_branch_labels.py took 0.153 seconds
[2026-05-16T03:29:06.232+0000] {processor.py:161} INFO - Started process (PID=5860) to work on /home/airflow/.local/lib/python3.8/site-packages/airflow/example_dags/example_branch_labels.py
[2026-05-16T03:29:06.234+0000] {processor.py:830} INFO - Processing file /home/airflow/.local/lib/python3.8/site-packages/airflow/example_dags/example_branch_labels.py for tasks to queue
[2026-05-16T03:29:06.236+0000] {logging_mixin.py:188} INFO - [2026-05-16T03:29:06.236+0000] {dagbag.py:538} INFO - Filling up the DagBag from /home/airflow/.local/lib/python3.8/site-packages/airflow/example_dags/example_branch_labels.py
[2026-05-16T03:29:06.250+0000] {processor.py:840} INFO - DAG(s) 'example_branch_labels' retrieved from /home/airflow/.local/lib/python3.8/site-packages/airflow/example_dags/example_branch_labels.py
[2026-05-16T03:29:06.295+0000] {logging_mixin.py:188} INFO - [2026-05-16T03:29:06.295+0000] {dag.py:3036} INFO - Sync 1 DAGs
[2026-05-16T03:29:06.348+0000] {logging_mixin.py:188} INFO - [2026-05-16T03:29:06.347+0000] {dag.py:3823} INFO - Setting next_dagrun for example_branch_labels to 2026-05-15 00:00:00+00:00, run_after=2026-05-16 00:00:00+00:00
[2026-05-16T03:29:06.386+0000] {processor.py:183} INFO - Processing /home/airflow/.local/lib/python3.8/site-packages/airflow/example_dags/example_branch_labels.py took 0.160 seconds
[2026-05-16T03:29:36.552+0000] {processor.py:161} INFO - Started process (PID=5924) to work on /home/airflow/.local/lib/python3.8/site-packages/airflow/example_dags/example_branch_labels.py
[2026-05-16T03:29:36.555+0000] {processor.py:830} INFO - Processing file /home/airflow/.local/lib/python3.8/site-packages/airflow/example_dags/example_branch_labels.py for tasks to queue
[2026-05-16T03:29:36.558+0000] {logging_mixin.py:188} INFO - [2026-05-16T03:29:36.558+0000] {dagbag.py:538} INFO - Filling up the DagBag from /home/airflow/.local/lib/python3.8/site-packages/airflow/example_dags/example_branch_labels.py
[2026-05-16T03:29:36.574+0000] {processor.py:840} INFO - DAG(s) 'example_branch_labels' retrieved from /home/airflow/.local/lib/python3.8/site-packages/airflow/example_dags/example_branch_labels.py
[2026-05-16T03:29:36.620+0000] {logging_mixin.py:188} INFO - [2026-05-16T03:29:36.620+0000] {dag.py:3036} INFO - Sync 1 DAGs
[2026-05-16T03:29:36.668+0000] {logging_mixin.py:188} INFO - [2026-05-16T03:29:36.667+0000] {dag.py:3823} INFO - Setting next_dagrun for example_branch_labels to 2026-05-15 00:00:00+00:00, run_after=2026-05-16 00:00:00+00:00
[2026-05-16T03:29:36.700+0000] {processor.py:183} INFO - Processing /home/airflow/.local/lib/python3.8/site-packages/airflow/example_dags/example_branch_labels.py took 0.154 seconds
[2026-05-16T03:30:07.068+0000] {processor.py:161} INFO - Started process (PID=5987) to work on /home/airflow/.local/lib/python3.8/site-packages/airflow/example_dags/example_branch_labels.py
[2026-05-16T03:30:07.070+0000] {processor.py:830} INFO - Processing file /home/airflow/.local/lib/python3.8/site-packages/airflow/example_dags/example_branch_labels.py for tasks to queue
[2026-05-16T03:30:07.073+0000] {logging_mixin.py:188} INFO - [2026-05-16T03:30:07.073+0000] {dagbag.py:538} INFO - Filling up the DagBag from /home/airflow/.local/lib/python3.8/site-packages/airflow/example_dags/example_branch_labels.py
[2026-05-16T03:30:07.085+0000] {processor.py:840} INFO - DAG(s) 'example_branch_labels' retrieved from /home/airflow/.local/lib/python3.8/site-packages/airflow/example_dags/example_branch_labels.py
[2026-05-16T03:30:07.124+0000] {logging_mixin.py:188} INFO - [2026-05-16T03:30:07.123+0000] {dag.py:3036} INFO - Sync 1 DAGs
[2026-05-16T03:30:07.166+0000] {logging_mixin.py:188} INFO - [2026-05-16T03:30:07.165+0000] {dag.py:3823} INFO - Setting next_dagrun for example_branch_labels to 2026-05-15 00:00:00+00:00, run_after=2026-05-16 00:00:00+00:00
[2026-05-16T03:30:07.200+0000] {processor.py:183} INFO - Processing /home/airflow/.local/lib/python3.8/site-packages/airflow/example_dags/example_branch_labels.py took 0.138 seconds
[2026-05-16T03:30:38.095+0000] {processor.py:161} INFO - Started process (PID=6052) to work on /home/airflow/.local/lib/python3.8/site-packages/airflow/example_dags/example_branch_labels.py
[2026-05-16T03:30:38.097+0000] {processor.py:830} INFO - Processing file /home/airflow/.local/lib/python3.8/site-packages/airflow/example_dags/example_branch_labels.py for tasks to queue
[2026-05-16T03:30:38.100+0000] {logging_mixin.py:188} INFO - [2026-05-16T03:30:38.099+0000] {dagbag.py:538} INFO - Filling up the DagBag from /home/airflow/.local/lib/python3.8/site-packages/airflow/example_dags/example_branch_labels.py
[2026-05-16T03:30:38.112+0000] {processor.py:840} INFO - DAG(s) 'example_branch_labels' retrieved from /home/airflow/.local/lib/python3.8/site-packages/airflow/example_dags/example_branch_labels.py
[2026-05-16T03:30:38.153+0000] {logging_mixin.py:188} INFO - [2026-05-16T03:30:38.153+0000] {dag.py:3036} INFO - Sync 1 DAGs
[2026-05-16T03:30:38.197+0000] {logging_mixin.py:188} INFO - [2026-05-16T03:30:38.197+0000] {dag.py:3823} INFO - Setting next_dagrun for example_branch_labels to 2026-05-15 00:00:00+00:00, run_after=2026-05-16 00:00:00+00:00
[2026-05-16T03:30:38.226+0000] {processor.py:183} INFO - Processing /home/airflow/.local/lib/python3.8/site-packages/airflow/example_dags/example_branch_labels.py took 0.136 seconds
[2026-05-16T03:31:08.343+0000] {processor.py:161} INFO - Started process (PID=6116) to work on /home/airflow/.local/lib/python3.8/site-packages/airflow/example_dags/example_branch_labels.py
[2026-05-16T03:31:08.344+0000] {processor.py:830} INFO - Processing file /home/airflow/.local/lib/python3.8/site-packages/airflow/example_dags/example_branch_labels.py for tasks to queue
[2026-05-16T03:31:08.348+0000] {logging_mixin.py:188} INFO - [2026-05-16T03:31:08.347+0000] {dagbag.py:538} INFO - Filling up the DagBag from /home/airflow/.local/lib/python3.8/site-packages/airflow/example_dags/example_branch_labels.py
[2026-05-16T03:31:08.363+0000] {processor.py:840} INFO - DAG(s) 'example_branch_labels' retrieved from /home/airflow/.local/lib/python3.8/site-packages/airflow/example_dags/example_branch_labels.py
[2026-05-16T03:31:08.402+0000] {logging_mixin.py:188} INFO - [2026-05-16T03:31:08.402+0000] {dag.py:3036} INFO - Sync 1 DAGs
[2026-05-16T03:31:08.440+0000] {logging_mixin.py:188} INFO - [2026-05-16T03:31:08.440+0000] {dag.py:3823} INFO - Setting next_dagrun for example_branch_labels to 2026-05-15 00:00:00+00:00, run_after=2026-05-16 00:00:00+00:00
[2026-05-16T03:31:08.469+0000] {processor.py:183} INFO - Processing /home/airflow/.local/lib/python3.8/site-packages/airflow/example_dags/example_branch_labels.py took 0.132 seconds
[2026-05-16T03:31:38.622+0000] {processor.py:161} INFO - Started process (PID=6180) to work on /home/airflow/.local/lib/python3.8/site-packages/airflow/example_dags/example_branch_labels.py
[2026-05-16T03:31:38.623+0000] {processor.py:830} INFO - Processing file /home/airflow/.local/lib/python3.8/site-packages/airflow/example_dags/example_branch_labels.py for tasks to queue
[2026-05-16T03:31:38.626+0000] {logging_mixin.py:188} INFO - [2026-05-16T03:31:38.626+0000] {dagbag.py:538} INFO - Filling up the DagBag from /home/airflow/.local/lib/python3.8/site-packages/airflow/example_dags/example_branch_labels.py
[2026-05-16T03:31:38.640+0000] {processor.py:840} INFO - DAG(s) 'example_branch_labels' retrieved from /home/airflow/.local/lib/python3.8/site-packages/airflow/example_dags/example_branch_labels.py
[2026-05-16T03:31:38.682+0000] {logging_mixin.py:188} INFO - [2026-05-16T03:31:38.681+0000] {dag.py:3036} INFO - Sync 1 DAGs
[2026-05-16T03:31:38.722+0000] {logging_mixin.py:188} INFO - [2026-05-16T03:31:38.722+0000] {dag.py:3823} INFO - Setting next_dagrun for example_branch_labels to 2026-05-15 00:00:00+00:00, run_after=2026-05-16 00:00:00+00:00
[2026-05-16T03:31:38.753+0000] {processor.py:183} INFO - Processing /home/airflow/.local/lib/python3.8/site-packages/airflow/example_dags/example_branch_labels.py took 0.137 seconds
[2026-05-16T03:32:08.836+0000] {processor.py:161} INFO - Started process (PID=6246) to work on /home/airflow/.local/lib/python3.8/site-packages/airflow/example_dags/example_branch_labels.py
[2026-05-16T03:32:08.838+0000] {processor.py:830} INFO - Processing file /home/airflow/.local/lib/python3.8/site-packages/airflow/example_dags/example_branch_labels.py for tasks to queue
[2026-05-16T03:32:08.841+0000] {logging_mixin.py:188} INFO - [2026-05-16T03:32:08.840+0000] {dagbag.py:538} INFO - Filling up the DagBag from /home/airflow/.local/lib/python3.8/site-packages/airflow/example_dags/example_branch_labels.py
[2026-05-16T03:32:08.854+0000] {processor.py:840} INFO - DAG(s) 'example_branch_labels' retrieved from /home/airflow/.local/lib/python3.8/site-packages/airflow/example_dags/example_branch_labels.py
[2026-05-16T03:32:08.893+0000] {logging_mixin.py:188} INFO - [2026-05-16T03:32:08.892+0000] {dag.py:3036} INFO - Sync 1 DAGs
[2026-05-16T03:32:08.936+0000] {logging_mixin.py:188} INFO - [2026-05-16T03:32:08.935+0000] {dag.py:3823} INFO - Setting next_dagrun for example_branch_labels to 2026-05-15 00:00:00+00:00, run_after=2026-05-16 00:00:00+00:00
[2026-05-16T03:32:08.967+0000] {processor.py:183} INFO - Processing /home/airflow/.local/lib/python3.8/site-packages/airflow/example_dags/example_branch_labels.py took 0.137 seconds
[2026-05-16T03:32:39.232+0000] {processor.py:161} INFO - Started process (PID=6311) to work on /home/airflow/.local/lib/python3.8/site-packages/airflow/example_dags/example_branch_labels.py
[2026-05-16T03:32:39.234+0000] {processor.py:830} INFO - Processing file /home/airflow/.local/lib/python3.8/site-packages/airflow/example_dags/example_branch_labels.py for tasks to queue
[2026-05-16T03:32:39.237+0000] {logging_mixin.py:188} INFO - [2026-05-16T03:32:39.237+0000] {dagbag.py:538} INFO - Filling up the DagBag from /home/airflow/.local/lib/python3.8/site-packages/airflow/example_dags/example_branch_labels.py
[2026-05-16T03:32:39.252+0000] {processor.py:840} INFO - DAG(s) 'example_branch_labels' retrieved from /home/airflow/.local/lib/python3.8/site-packages/airflow/example_dags/example_branch_labels.py
[2026-05-16T03:32:39.293+0000] {logging_mixin.py:188} INFO - [2026-05-16T03:32:39.293+0000] {dag.py:3036} INFO - Sync 1 DAGs
[2026-05-16T03:32:39.330+0000] {logging_mixin.py:188} INFO - [2026-05-16T03:32:39.329+0000] {dag.py:3823} INFO - Setting next_dagrun for example_branch_labels to 2026-05-15 00:00:00+00:00, run_after=2026-05-16 00:00:00+00:00
[2026-05-16T03:32:39.357+0000] {processor.py:183} INFO - Processing /home/airflow/.local/lib/python3.8/site-packages/airflow/example_dags/example_branch_labels.py took 0.130 seconds
[2026-05-16T03:33:09.942+0000] {processor.py:161} INFO - Started process (PID=6376) to work on /home/airflow/.local/lib/python3.8/site-packages/airflow/example_dags/example_branch_labels.py
[2026-05-16T03:33:09.955+0000] {processor.py:830} INFO - Processing file /home/airflow/.local/lib/python3.8/site-packages/airflow/example_dags/example_branch_labels.py for tasks to queue
[2026-05-16T03:33:09.958+0000] {logging_mixin.py:188} INFO - [2026-05-16T03:33:09.958+0000] {dagbag.py:538} INFO - Filling up the DagBag from /home/airflow/.local/lib/python3.8/site-packages/airflow/example_dags/example_branch_labels.py
[2026-05-16T03:33:09.982+0000] {processor.py:840} INFO - DAG(s) 'example_branch_labels' retrieved from /home/airflow/.local/lib/python3.8/site-packages/airflow/example_dags/example_branch_labels.py
[2026-05-16T03:33:10.036+0000] {logging_mixin.py:188} INFO - [2026-05-16T03:33:10.035+0000] {dag.py:3036} INFO - Sync 1 DAGs
[2026-05-16T03:33:10.094+0000] {logging_mixin.py:188} INFO - [2026-05-16T03:33:10.094+0000] {dag.py:3823} INFO - Setting next_dagrun for example_branch_labels to 2026-05-15 00:00:00+00:00, run_after=2026-05-16 00:00:00+00:00
[2026-05-16T03:33:10.161+0000] {processor.py:183} INFO - Processing /home/airflow/.local/lib/python3.8/site-packages/airflow/example_dags/example_branch_labels.py took 0.226 seconds
[2026-05-16T03:33:40.661+0000] {processor.py:161} INFO - Started process (PID=6441) to work on /home/airflow/.local/lib/python3.8/site-packages/airflow/example_dags/example_branch_labels.py
[2026-05-16T03:33:40.670+0000] {processor.py:830} INFO - Processing file /home/airflow/.local/lib/python3.8/site-packages/airflow/example_dags/example_branch_labels.py for tasks to queue
[2026-05-16T03:33:40.674+0000] {logging_mixin.py:188} INFO - [2026-05-16T03:33:40.673+0000] {dagbag.py:538} INFO - Filling up the DagBag from /home/airflow/.local/lib/python3.8/site-packages/airflow/example_dags/example_branch_labels.py
[2026-05-16T03:33:40.689+0000] {processor.py:840} INFO - DAG(s) 'example_branch_labels' retrieved from /home/airflow/.local/lib/python3.8/site-packages/airflow/example_dags/example_branch_labels.py
[2026-05-16T03:33:40.734+0000] {logging_mixin.py:188} INFO - [2026-05-16T03:33:40.734+0000] {dag.py:3036} INFO - Sync 1 DAGs
[2026-05-16T03:33:40.783+0000] {logging_mixin.py:188} INFO - [2026-05-16T03:33:40.782+0000] {dag.py:3823} INFO - Setting next_dagrun for example_branch_labels to 2026-05-15 00:00:00+00:00, run_after=2026-05-16 00:00:00+00:00
[2026-05-16T03:33:40.820+0000] {processor.py:183} INFO - Processing /home/airflow/.local/lib/python3.8/site-packages/airflow/example_dags/example_branch_labels.py took 0.164 seconds
[2026-05-16T03:34:11.801+0000] {processor.py:161} INFO - Started process (PID=6506) to work on /home/airflow/.local/lib/python3.8/site-packages/airflow/example_dags/example_branch_labels.py
[2026-05-16T03:34:11.803+0000] {processor.py:830} INFO - Processing file /home/airflow/.local/lib/python3.8/site-packages/airflow/example_dags/example_branch_labels.py for tasks to queue
[2026-05-16T03:34:11.806+0000] {logging_mixin.py:188} INFO - [2026-05-16T03:34:11.805+0000] {dagbag.py:538} INFO - Filling up the DagBag from /home/airflow/.local/lib/python3.8/site-packages/airflow/example_dags/example_branch_labels.py
[2026-05-16T03:34:11.818+0000] {processor.py:840} INFO - DAG(s) 'example_branch_labels' retrieved from /home/airflow/.local/lib/python3.8/site-packages/airflow/example_dags/example_branch_labels.py
[2026-05-16T03:34:11.862+0000] {logging_mixin.py:188} INFO - [2026-05-16T03:34:11.861+0000] {dag.py:3036} INFO - Sync 1 DAGs
[2026-05-16T03:34:11.905+0000] {logging_mixin.py:188} INFO - [2026-05-16T03:34:11.904+0000] {dag.py:3823} INFO - Setting next_dagrun for example_branch_labels to 2026-05-15 00:00:00+00:00, run_after=2026-05-16 00:00:00+00:00
[2026-05-16T03:34:11.940+0000] {processor.py:183} INFO - Processing /home/airflow/.local/lib/python3.8/site-packages/airflow/example_dags/example_branch_labels.py took 0.144 seconds
[2026-05-16T03:34:42.114+0000] {processor.py:161} INFO - Started process (PID=6579) to work on /home/airflow/.local/lib/python3.8/site-packages/airflow/example_dags/example_branch_labels.py
[2026-05-16T03:34:42.115+0000] {processor.py:830} INFO - Processing file /home/airflow/.local/lib/python3.8/site-packages/airflow/example_dags/example_branch_labels.py for tasks to queue
[2026-05-16T03:34:42.119+0000] {logging_mixin.py:188} INFO - [2026-05-16T03:34:42.118+0000] {dagbag.py:538} INFO - Filling up the DagBag from /home/airflow/.local/lib/python3.8/site-packages/airflow/example_dags/example_branch_labels.py
[2026-05-16T03:34:42.132+0000] {processor.py:840} INFO - DAG(s) 'example_branch_labels' retrieved from /home/airflow/.local/lib/python3.8/site-packages/airflow/example_dags/example_branch_labels.py
[2026-05-16T03:34:42.169+0000] {logging_mixin.py:188} INFO - [2026-05-16T03:34:42.168+0000] {dag.py:3036} INFO - Sync 1 DAGs
[2026-05-16T03:34:42.209+0000] {logging_mixin.py:188} INFO - [2026-05-16T03:34:42.208+0000] {dag.py:3823} INFO - Setting next_dagrun for example_branch_labels to 2026-05-15 00:00:00+00:00, run_after=2026-05-16 00:00:00+00:00
[2026-05-16T03:34:42.237+0000] {processor.py:183} INFO - Processing /home/airflow/.local/lib/python3.8/site-packages/airflow/example_dags/example_branch_labels.py took 0.128 seconds
[2026-05-16T03:35:12.601+0000] {processor.py:161} INFO - Started process (PID=6645) to work on /home/airflow/.local/lib/python3.8/site-packages/airflow/example_dags/example_branch_labels.py
[2026-05-16T03:35:12.603+0000] {processor.py:830} INFO - Processing file /home/airflow/.local/lib/python3.8/site-packages/airflow/example_dags/example_branch_labels.py for tasks to queue
[2026-05-16T03:35:12.606+0000] {logging_mixin.py:188} INFO - [2026-05-16T03:35:12.606+0000] {dagbag.py:538} INFO - Filling up the DagBag from /home/airflow/.local/lib/python3.8/site-packages/airflow/example_dags/example_branch_labels.py
[2026-05-16T03:35:12.622+0000] {processor.py:840} INFO - DAG(s) 'example_branch_labels' retrieved from /home/airflow/.local/lib/python3.8/site-packages/airflow/example_dags/example_branch_labels.py
[2026-05-16T03:35:12.668+0000] {logging_mixin.py:188} INFO - [2026-05-16T03:35:12.668+0000] {dag.py:3036} INFO - Sync 1 DAGs
[2026-05-16T03:35:12.716+0000] {logging_mixin.py:188} INFO - [2026-05-16T03:35:12.715+0000] {dag.py:3823} INFO - Setting next_dagrun for example_branch_labels to 2026-05-15 00:00:00+00:00, run_after=2026-05-16 00:00:00+00:00
[2026-05-16T03:35:12.752+0000] {processor.py:183} INFO - Processing /home/airflow/.local/lib/python3.8/site-packages/airflow/example_dags/example_branch_labels.py took 0.156 seconds
[2026-05-16T03:35:42.870+0000] {processor.py:161} INFO - Started process (PID=6710) to work on /home/airflow/.local/lib/python3.8/site-packages/airflow/example_dags/example_branch_labels.py
[2026-05-16T03:35:42.872+0000] {processor.py:830} INFO - Processing file /home/airflow/.local/lib/python3.8/site-packages/airflow/example_dags/example_branch_labels.py for tasks to queue
[2026-05-16T03:35:42.875+0000] {logging_mixin.py:188} INFO - [2026-05-16T03:35:42.874+0000] {dagbag.py:538} INFO - Filling up the DagBag from /home/airflow/.local/lib/python3.8/site-packages/airflow/example_dags/example_branch_labels.py
[2026-05-16T03:35:42.891+0000] {processor.py:840} INFO - DAG(s) 'example_branch_labels' retrieved from /home/airflow/.local/lib/python3.8/site-packages/airflow/example_dags/example_branch_labels.py
[2026-05-16T03:35:42.936+0000] {logging_mixin.py:188} INFO - [2026-05-16T03:35:42.936+0000] {dag.py:3036} INFO - Sync 1 DAGs
[2026-05-16T03:35:42.984+0000] {logging_mixin.py:188} INFO - [2026-05-16T03:35:42.984+0000] {dag.py:3823} INFO - Setting next_dagrun for example_branch_labels to 2026-05-15 00:00:00+00:00, run_after=2026-05-16 00:00:00+00:00
[2026-05-16T03:35:43.019+0000] {processor.py:183} INFO - Processing /home/airflow/.local/lib/python3.8/site-packages/airflow/example_dags/example_branch_labels.py took 0.154 seconds
[2026-05-16T03:36:13.097+0000] {processor.py:161} INFO - Started process (PID=6776) to work on /home/airflow/.local/lib/python3.8/site-packages/airflow/example_dags/example_branch_labels.py
[2026-05-16T03:36:13.099+0000] {processor.py:830} INFO - Processing file /home/airflow/.local/lib/python3.8/site-packages/airflow/example_dags/example_branch_labels.py for tasks to queue
[2026-05-16T03:36:13.102+0000] {logging_mixin.py:188} INFO - [2026-05-16T03:36:13.101+0000] {dagbag.py:538} INFO - Filling up the DagBag from /home/airflow/.local/lib/python3.8/site-packages/airflow/example_dags/example_branch_labels.py
[2026-05-16T03:36:13.116+0000] {processor.py:840} INFO - DAG(s) 'example_branch_labels' retrieved from /home/airflow/.local/lib/python3.8/site-packages/airflow/example_dags/example_branch_labels.py
[2026-05-16T03:36:13.161+0000] {logging_mixin.py:188} INFO - [2026-05-16T03:36:13.160+0000] {dag.py:3036} INFO - Sync 1 DAGs
[2026-05-16T03:36:13.204+0000] {logging_mixin.py:188} INFO - [2026-05-16T03:36:13.203+0000] {dag.py:3823} INFO - Setting next_dagrun for example_branch_labels to 2026-05-15 00:00:00+00:00, run_after=2026-05-16 00:00:00+00:00
[2026-05-16T03:36:13.234+0000] {processor.py:183} INFO - Processing /home/airflow/.local/lib/python3.8/site-packages/airflow/example_dags/example_branch_labels.py took 0.142 seconds
[2026-05-16T03:36:43.722+0000] {processor.py:161} INFO - Started process (PID=6839) to work on /home/airflow/.local/lib/python3.8/site-packages/airflow/example_dags/example_branch_labels.py
[2026-05-16T03:36:43.723+0000] {processor.py:830} INFO - Processing file /home/airflow/.local/lib/python3.8/site-packages/airflow/example_dags/example_branch_labels.py for tasks to queue
[2026-05-16T03:36:43.727+0000] {logging_mixin.py:188} INFO - [2026-05-16T03:36:43.726+0000] {dagbag.py:538} INFO - Filling up the DagBag from /home/airflow/.local/lib/python3.8/site-packages/airflow/example_dags/example_branch_labels.py
[2026-05-16T03:36:43.741+0000] {processor.py:840} INFO - DAG(s) 'example_branch_labels' retrieved from /home/airflow/.local/lib/python3.8/site-packages/airflow/example_dags/example_branch_labels.py
[2026-05-16T03:36:43.784+0000] {logging_mixin.py:188} INFO - [2026-05-16T03:36:43.784+0000] {dag.py:3036} INFO - Sync 1 DAGs
[2026-05-16T03:36:43.825+0000] {logging_mixin.py:188} INFO - [2026-05-16T03:36:43.825+0000] {dag.py:3823} INFO - Setting next_dagrun for example_branch_labels to 2026-05-15 00:00:00+00:00, run_after=2026-05-16 00:00:00+00:00
[2026-05-16T03:36:43.860+0000] {processor.py:183} INFO - Processing /home/airflow/.local/lib/python3.8/site-packages/airflow/example_dags/example_branch_labels.py took 0.145 seconds
[2026-05-16T03:37:14.083+0000] {processor.py:161} INFO - Started process (PID=6904) to work on /home/airflow/.local/lib/python3.8/site-packages/airflow/example_dags/example_branch_labels.py
[2026-05-16T03:37:14.089+0000] {processor.py:830} INFO - Processing file /home/airflow/.local/lib/python3.8/site-packages/airflow/example_dags/example_branch_labels.py for tasks to queue
[2026-05-16T03:37:14.092+0000] {logging_mixin.py:188} INFO - [2026-05-16T03:37:14.091+0000] {dagbag.py:538} INFO - Filling up the DagBag from /home/airflow/.local/lib/python3.8/site-packages/airflow/example_dags/example_branch_labels.py
[2026-05-16T03:37:14.107+0000] {processor.py:840} INFO - DAG(s) 'example_branch_labels' retrieved from /home/airflow/.local/lib/python3.8/site-packages/airflow/example_dags/example_branch_labels.py
[2026-05-16T03:37:14.154+0000] {logging_mixin.py:188} INFO - [2026-05-16T03:37:14.154+0000] {dag.py:3036} INFO - Sync 1 DAGs
[2026-05-16T03:37:14.201+0000] {logging_mixin.py:188} INFO - [2026-05-16T03:37:14.201+0000] {dag.py:3823} INFO - Setting next_dagrun for example_branch_labels to 2026-05-15 00:00:00+00:00, run_after=2026-05-16 00:00:00+00:00
[2026-05-16T03:37:14.233+0000] {processor.py:183} INFO - Processing /home/airflow/.local/lib/python3.8/site-packages/airflow/example_dags/example_branch_labels.py took 0.155 seconds
[2026-05-16T03:37:44.510+0000] {processor.py:161} INFO - Started process (PID=6969) to work on /home/airflow/.local/lib/python3.8/site-packages/airflow/example_dags/example_branch_labels.py
[2026-05-16T03:37:44.511+0000] {processor.py:830} INFO - Processing file /home/airflow/.local/lib/python3.8/site-packages/airflow/example_dags/example_branch_labels.py for tasks to queue
[2026-05-16T03:37:44.514+0000] {logging_mixin.py:188} INFO - [2026-05-16T03:37:44.513+0000] {dagbag.py:538} INFO - Filling up the DagBag from /home/airflow/.local/lib/python3.8/site-packages/airflow/example_dags/example_branch_labels.py
[2026-05-16T03:37:44.526+0000] {processor.py:840} INFO - DAG(s) 'example_branch_labels' retrieved from /home/airflow/.local/lib/python3.8/site-packages/airflow/example_dags/example_branch_labels.py
[2026-05-16T03:37:44.573+0000] {logging_mixin.py:188} INFO - [2026-05-16T03:37:44.572+0000] {dag.py:3036} INFO - Sync 1 DAGs
[2026-05-16T03:37:44.628+0000] {logging_mixin.py:188} INFO - [2026-05-16T03:37:44.628+0000] {dag.py:3823} INFO - Setting next_dagrun for example_branch_labels to 2026-05-15 00:00:00+00:00, run_after=2026-05-16 00:00:00+00:00
[2026-05-16T03:37:44.675+0000] {processor.py:183} INFO - Processing /home/airflow/.local/lib/python3.8/site-packages/airflow/example_dags/example_branch_labels.py took 0.171 seconds
[2026-05-16T03:38:14.839+0000] {processor.py:161} INFO - Started process (PID=7033) to work on /home/airflow/.local/lib/python3.8/site-packages/airflow/example_dags/example_branch_labels.py
[2026-05-16T03:38:14.841+0000] {processor.py:830} INFO - Processing file /home/airflow/.local/lib/python3.8/site-packages/airflow/example_dags/example_branch_labels.py for tasks to queue
[2026-05-16T03:38:14.845+0000] {logging_mixin.py:188} INFO - [2026-05-16T03:38:14.844+0000] {dagbag.py:538} INFO - Filling up the DagBag from /home/airflow/.local/lib/python3.8/site-packages/airflow/example_dags/example_branch_labels.py
[2026-05-16T03:38:14.860+0000] {processor.py:840} INFO - DAG(s) 'example_branch_labels' retrieved from /home/airflow/.local/lib/python3.8/site-packages/airflow/example_dags/example_branch_labels.py
[2026-05-16T03:38:14.903+0000] {logging_mixin.py:188} INFO - [2026-05-16T03:38:14.902+0000] {dag.py:3036} INFO - Sync 1 DAGs
[2026-05-16T03:38:14.948+0000] {logging_mixin.py:188} INFO - [2026-05-16T03:38:14.948+0000] {dag.py:3823} INFO - Setting next_dagrun for example_branch_labels to 2026-05-15 00:00:00+00:00, run_after=2026-05-16 00:00:00+00:00
[2026-05-16T03:38:14.984+0000] {processor.py:183} INFO - Processing /home/airflow/.local/lib/python3.8/site-packages/airflow/example_dags/example_branch_labels.py took 0.151 seconds
[2026-05-16T03:38:45.462+0000] {processor.py:161} INFO - Started process (PID=7098) to work on /home/airflow/.local/lib/python3.8/site-packages/airflow/example_dags/example_branch_labels.py
[2026-05-16T03:38:45.464+0000] {processor.py:830} INFO - Processing file /home/airflow/.local/lib/python3.8/site-packages/airflow/example_dags/example_branch_labels.py for tasks to queue
[2026-05-16T03:38:45.467+0000] {logging_mixin.py:188} INFO - [2026-05-16T03:38:45.467+0000] {dagbag.py:538} INFO - Filling up the DagBag from /home/airflow/.local/lib/python3.8/site-packages/airflow/example_dags/example_branch_labels.py
[2026-05-16T03:38:45.482+0000] {processor.py:840} INFO - DAG(s) 'example_branch_labels' retrieved from /home/airflow/.local/lib/python3.8/site-packages/airflow/example_dags/example_branch_labels.py
[2026-05-16T03:38:45.520+0000] {logging_mixin.py:188} INFO - [2026-05-16T03:38:45.520+0000] {dag.py:3036} INFO - Sync 1 DAGs
[2026-05-16T03:38:45.562+0000] {logging_mixin.py:188} INFO - [2026-05-16T03:38:45.562+0000] {dag.py:3823} INFO - Setting next_dagrun for example_branch_labels to 2026-05-15 00:00:00+00:00, run_after=2026-05-16 00:00:00+00:00
[2026-05-16T03:38:45.595+0000] {processor.py:183} INFO - Processing /home/airflow/.local/lib/python3.8/site-packages/airflow/example_dags/example_branch_labels.py took 0.138 seconds
[2026-05-16T03:39:16.242+0000] {processor.py:161} INFO - Started process (PID=7162) to work on /home/airflow/.local/lib/python3.8/site-packages/airflow/example_dags/example_branch_labels.py
[2026-05-16T03:39:16.244+0000] {processor.py:830} INFO - Processing file /home/airflow/.local/lib/python3.8/site-packages/airflow/example_dags/example_branch_labels.py for tasks to queue
[2026-05-16T03:39:16.246+0000] {logging_mixin.py:188} INFO - [2026-05-16T03:39:16.246+0000] {dagbag.py:538} INFO - Filling up the DagBag from /home/airflow/.local/lib/python3.8/site-packages/airflow/example_dags/example_branch_labels.py
[2026-05-16T03:39:16.261+0000] {processor.py:840} INFO - DAG(s) 'example_branch_labels' retrieved from /home/airflow/.local/lib/python3.8/site-packages/airflow/example_dags/example_branch_labels.py
[2026-05-16T03:39:16.297+0000] {logging_mixin.py:188} INFO - [2026-05-16T03:39:16.296+0000] {dag.py:3036} INFO - Sync 1 DAGs
[2026-05-16T03:39:16.337+0000] {logging_mixin.py:188} INFO - [2026-05-16T03:39:16.337+0000] {dag.py:3823} INFO - Setting next_dagrun for example_branch_labels to 2026-05-15 00:00:00+00:00, run_after=2026-05-16 00:00:00+00:00
[2026-05-16T03:39:16.367+0000] {processor.py:183} INFO - Processing /home/airflow/.local/lib/python3.8/site-packages/airflow/example_dags/example_branch_labels.py took 0.131 seconds
