[2026-05-16T02:44:20.083+0000] {processor.py:161} INFO - Started process (PID=87) to work on /home/airflow/.local/lib/python3.8/site-packages/airflow/example_dags/example_short_circuit_operator.py
[2026-05-16T02:44:20.084+0000] {processor.py:830} INFO - Processing file /home/airflow/.local/lib/python3.8/site-packages/airflow/example_dags/example_short_circuit_operator.py for tasks to queue
[2026-05-16T02:44:20.087+0000] {logging_mixin.py:188} INFO - [2026-05-16T02:44:20.087+0000] {dagbag.py:538} INFO - Filling up the DagBag from /home/airflow/.local/lib/python3.8/site-packages/airflow/example_dags/example_short_circuit_operator.py
[2026-05-16T02:44:20.104+0000] {processor.py:840} INFO - DAG(s) 'example_short_circuit_operator' retrieved from /home/airflow/.local/lib/python3.8/site-packages/airflow/example_dags/example_short_circuit_operator.py
[2026-05-16T02:44:20.309+0000] {logging_mixin.py:188} INFO - [2026-05-16T02:44:20.308+0000] {dag.py:3036} INFO - Sync 1 DAGs
[2026-05-16T02:44:20.355+0000] {logging_mixin.py:188} INFO - [2026-05-16T02:44:20.354+0000] {dag.py:3823} INFO - Setting next_dagrun for example_short_circuit_operator to 2026-05-15 00:00:00+00:00, run_after=2026-05-16 00:00:00+00:00
[2026-05-16T02:44:20.391+0000] {processor.py:183} INFO - Processing /home/airflow/.local/lib/python3.8/site-packages/airflow/example_dags/example_short_circuit_operator.py took 0.314 seconds
[2026-05-16T02:44:51.382+0000] {processor.py:161} INFO - Started process (PID=153) to work on /home/airflow/.local/lib/python3.8/site-packages/airflow/example_dags/example_short_circuit_operator.py
[2026-05-16T02:44:51.384+0000] {processor.py:830} INFO - Processing file /home/airflow/.local/lib/python3.8/site-packages/airflow/example_dags/example_short_circuit_operator.py for tasks to queue
[2026-05-16T02:44:51.387+0000] {logging_mixin.py:188} INFO - [2026-05-16T02:44:51.387+0000] {dagbag.py:538} INFO - Filling up the DagBag from /home/airflow/.local/lib/python3.8/site-packages/airflow/example_dags/example_short_circuit_operator.py
[2026-05-16T02:44:51.401+0000] {processor.py:840} INFO - DAG(s) 'example_short_circuit_operator' retrieved from /home/airflow/.local/lib/python3.8/site-packages/airflow/example_dags/example_short_circuit_operator.py
[2026-05-16T02:44:51.452+0000] {logging_mixin.py:188} INFO - [2026-05-16T02:44:51.451+0000] {dag.py:3036} INFO - Sync 1 DAGs
[2026-05-16T02:44:51.498+0000] {logging_mixin.py:188} INFO - [2026-05-16T02:44:51.497+0000] {dag.py:3823} INFO - Setting next_dagrun for example_short_circuit_operator to 2026-05-15 00:00:00+00:00, run_after=2026-05-16 00:00:00+00:00
[2026-05-16T02:44:51.533+0000] {processor.py:183} INFO - Processing /home/airflow/.local/lib/python3.8/site-packages/airflow/example_dags/example_short_circuit_operator.py took 0.156 seconds
[2026-05-16T02:45:21.699+0000] {processor.py:161} INFO - Started process (PID=218) to work on /home/airflow/.local/lib/python3.8/site-packages/airflow/example_dags/example_short_circuit_operator.py
[2026-05-16T02:45:21.701+0000] {processor.py:830} INFO - Processing file /home/airflow/.local/lib/python3.8/site-packages/airflow/example_dags/example_short_circuit_operator.py for tasks to queue
[2026-05-16T02:45:21.704+0000] {logging_mixin.py:188} INFO - [2026-05-16T02:45:21.703+0000] {dagbag.py:538} INFO - Filling up the DagBag from /home/airflow/.local/lib/python3.8/site-packages/airflow/example_dags/example_short_circuit_operator.py
[2026-05-16T02:45:21.719+0000] {processor.py:840} INFO - DAG(s) 'example_short_circuit_operator' retrieved from /home/airflow/.local/lib/python3.8/site-packages/airflow/example_dags/example_short_circuit_operator.py
[2026-05-16T02:45:21.769+0000] {logging_mixin.py:188} INFO - [2026-05-16T02:45:21.769+0000] {dag.py:3036} INFO - Sync 1 DAGs
[2026-05-16T02:45:21.816+0000] {logging_mixin.py:188} INFO - [2026-05-16T02:45:21.816+0000] {dag.py:3823} INFO - Setting next_dagrun for example_short_circuit_operator to 2026-05-15 00:00:00+00:00, run_after=2026-05-16 00:00:00+00:00
[2026-05-16T02:45:21.854+0000] {processor.py:183} INFO - Processing /home/airflow/.local/lib/python3.8/site-packages/airflow/example_dags/example_short_circuit_operator.py took 0.160 seconds
[2026-05-16T02:45:51.908+0000] {processor.py:161} INFO - Started process (PID=281) to work on /home/airflow/.local/lib/python3.8/site-packages/airflow/example_dags/example_short_circuit_operator.py
[2026-05-16T02:45:51.909+0000] {processor.py:830} INFO - Processing file /home/airflow/.local/lib/python3.8/site-packages/airflow/example_dags/example_short_circuit_operator.py for tasks to queue
[2026-05-16T02:45:51.912+0000] {logging_mixin.py:188} INFO - [2026-05-16T02:45:51.912+0000] {dagbag.py:538} INFO - Filling up the DagBag from /home/airflow/.local/lib/python3.8/site-packages/airflow/example_dags/example_short_circuit_operator.py
[2026-05-16T02:45:51.928+0000] {processor.py:840} INFO - DAG(s) 'example_short_circuit_operator' retrieved from /home/airflow/.local/lib/python3.8/site-packages/airflow/example_dags/example_short_circuit_operator.py
[2026-05-16T02:45:51.978+0000] {logging_mixin.py:188} INFO - [2026-05-16T02:45:51.978+0000] {dag.py:3036} INFO - Sync 1 DAGs
[2026-05-16T02:45:52.020+0000] {logging_mixin.py:188} INFO - [2026-05-16T02:45:52.020+0000] {dag.py:3823} INFO - Setting next_dagrun for example_short_circuit_operator to 2026-05-15 00:00:00+00:00, run_after=2026-05-16 00:00:00+00:00
[2026-05-16T02:45:52.052+0000] {processor.py:183} INFO - Processing /home/airflow/.local/lib/python3.8/site-packages/airflow/example_dags/example_short_circuit_operator.py took 0.149 seconds
[2026-05-16T02:46:22.269+0000] {processor.py:161} INFO - Started process (PID=346) to work on /home/airflow/.local/lib/python3.8/site-packages/airflow/example_dags/example_short_circuit_operator.py
[2026-05-16T02:46:22.271+0000] {processor.py:830} INFO - Processing file /home/airflow/.local/lib/python3.8/site-packages/airflow/example_dags/example_short_circuit_operator.py for tasks to queue
[2026-05-16T02:46:22.274+0000] {logging_mixin.py:188} INFO - [2026-05-16T02:46:22.274+0000] {dagbag.py:538} INFO - Filling up the DagBag from /home/airflow/.local/lib/python3.8/site-packages/airflow/example_dags/example_short_circuit_operator.py
[2026-05-16T02:46:22.289+0000] {processor.py:840} INFO - DAG(s) 'example_short_circuit_operator' retrieved from /home/airflow/.local/lib/python3.8/site-packages/airflow/example_dags/example_short_circuit_operator.py
[2026-05-16T02:46:22.339+0000] {logging_mixin.py:188} INFO - [2026-05-16T02:46:22.338+0000] {dag.py:3036} INFO - Sync 1 DAGs
[2026-05-16T02:46:22.382+0000] {logging_mixin.py:188} INFO - [2026-05-16T02:46:22.381+0000] {dag.py:3823} INFO - Setting next_dagrun for example_short_circuit_operator to 2026-05-15 00:00:00+00:00, run_after=2026-05-16 00:00:00+00:00
[2026-05-16T02:46:22.417+0000] {processor.py:183} INFO - Processing /home/airflow/.local/lib/python3.8/site-packages/airflow/example_dags/example_short_circuit_operator.py took 0.154 seconds
[2026-05-16T02:46:52.585+0000] {processor.py:161} INFO - Started process (PID=410) to work on /home/airflow/.local/lib/python3.8/site-packages/airflow/example_dags/example_short_circuit_operator.py
[2026-05-16T02:46:52.586+0000] {processor.py:830} INFO - Processing file /home/airflow/.local/lib/python3.8/site-packages/airflow/example_dags/example_short_circuit_operator.py for tasks to queue
[2026-05-16T02:46:52.589+0000] {logging_mixin.py:188} INFO - [2026-05-16T02:46:52.588+0000] {dagbag.py:538} INFO - Filling up the DagBag from /home/airflow/.local/lib/python3.8/site-packages/airflow/example_dags/example_short_circuit_operator.py
[2026-05-16T02:46:52.600+0000] {processor.py:840} INFO - DAG(s) 'example_short_circuit_operator' retrieved from /home/airflow/.local/lib/python3.8/site-packages/airflow/example_dags/example_short_circuit_operator.py
[2026-05-16T02:46:52.640+0000] {logging_mixin.py:188} INFO - [2026-05-16T02:46:52.639+0000] {dag.py:3036} INFO - Sync 1 DAGs
[2026-05-16T02:46:52.675+0000] {logging_mixin.py:188} INFO - [2026-05-16T02:46:52.675+0000] {dag.py:3823} INFO - Setting next_dagrun for example_short_circuit_operator to 2026-05-15 00:00:00+00:00, run_after=2026-05-16 00:00:00+00:00
[2026-05-16T02:46:52.702+0000] {processor.py:183} INFO - Processing /home/airflow/.local/lib/python3.8/site-packages/airflow/example_dags/example_short_circuit_operator.py took 0.122 seconds
[2026-05-16T02:47:23.168+0000] {processor.py:161} INFO - Started process (PID=474) to work on /home/airflow/.local/lib/python3.8/site-packages/airflow/example_dags/example_short_circuit_operator.py
[2026-05-16T02:47:23.170+0000] {processor.py:830} INFO - Processing file /home/airflow/.local/lib/python3.8/site-packages/airflow/example_dags/example_short_circuit_operator.py for tasks to queue
[2026-05-16T02:47:23.172+0000] {logging_mixin.py:188} INFO - [2026-05-16T02:47:23.172+0000] {dagbag.py:538} INFO - Filling up the DagBag from /home/airflow/.local/lib/python3.8/site-packages/airflow/example_dags/example_short_circuit_operator.py
[2026-05-16T02:47:23.186+0000] {processor.py:840} INFO - DAG(s) 'example_short_circuit_operator' retrieved from /home/airflow/.local/lib/python3.8/site-packages/airflow/example_dags/example_short_circuit_operator.py
[2026-05-16T02:47:23.234+0000] {logging_mixin.py:188} INFO - [2026-05-16T02:47:23.234+0000] {dag.py:3036} INFO - Sync 1 DAGs
[2026-05-16T02:47:23.275+0000] {logging_mixin.py:188} INFO - [2026-05-16T02:47:23.275+0000] {dag.py:3823} INFO - Setting next_dagrun for example_short_circuit_operator to 2026-05-15 00:00:00+00:00, run_after=2026-05-16 00:00:00+00:00
[2026-05-16T02:47:23.316+0000] {processor.py:183} INFO - Processing /home/airflow/.local/lib/python3.8/site-packages/airflow/example_dags/example_short_circuit_operator.py took 0.154 seconds
[2026-05-16T02:47:53.809+0000] {processor.py:161} INFO - Started process (PID=539) to work on /home/airflow/.local/lib/python3.8/site-packages/airflow/example_dags/example_short_circuit_operator.py
[2026-05-16T02:47:53.810+0000] {processor.py:830} INFO - Processing file /home/airflow/.local/lib/python3.8/site-packages/airflow/example_dags/example_short_circuit_operator.py for tasks to queue
[2026-05-16T02:47:53.814+0000] {logging_mixin.py:188} INFO - [2026-05-16T02:47:53.813+0000] {dagbag.py:538} INFO - Filling up the DagBag from /home/airflow/.local/lib/python3.8/site-packages/airflow/example_dags/example_short_circuit_operator.py
[2026-05-16T02:47:53.828+0000] {processor.py:840} INFO - DAG(s) 'example_short_circuit_operator' retrieved from /home/airflow/.local/lib/python3.8/site-packages/airflow/example_dags/example_short_circuit_operator.py
[2026-05-16T02:47:53.879+0000] {logging_mixin.py:188} INFO - [2026-05-16T02:47:53.879+0000] {dag.py:3036} INFO - Sync 1 DAGs
[2026-05-16T02:47:53.925+0000] {logging_mixin.py:188} INFO - [2026-05-16T02:47:53.924+0000] {dag.py:3823} INFO - Setting next_dagrun for example_short_circuit_operator to 2026-05-15 00:00:00+00:00, run_after=2026-05-16 00:00:00+00:00
[2026-05-16T02:47:53.960+0000] {processor.py:183} INFO - Processing /home/airflow/.local/lib/python3.8/site-packages/airflow/example_dags/example_short_circuit_operator.py took 0.155 seconds
[2026-05-16T02:48:24.195+0000] {processor.py:161} INFO - Started process (PID=605) to work on /home/airflow/.local/lib/python3.8/site-packages/airflow/example_dags/example_short_circuit_operator.py
[2026-05-16T02:48:24.198+0000] {processor.py:830} INFO - Processing file /home/airflow/.local/lib/python3.8/site-packages/airflow/example_dags/example_short_circuit_operator.py for tasks to queue
[2026-05-16T02:48:24.202+0000] {logging_mixin.py:188} INFO - [2026-05-16T02:48:24.201+0000] {dagbag.py:538} INFO - Filling up the DagBag from /home/airflow/.local/lib/python3.8/site-packages/airflow/example_dags/example_short_circuit_operator.py
[2026-05-16T02:48:24.217+0000] {processor.py:840} INFO - DAG(s) 'example_short_circuit_operator' retrieved from /home/airflow/.local/lib/python3.8/site-packages/airflow/example_dags/example_short_circuit_operator.py
[2026-05-16T02:48:24.259+0000] {logging_mixin.py:188} INFO - [2026-05-16T02:48:24.259+0000] {dag.py:3036} INFO - Sync 1 DAGs
[2026-05-16T02:48:24.295+0000] {logging_mixin.py:188} INFO - [2026-05-16T02:48:24.294+0000] {dag.py:3823} INFO - Setting next_dagrun for example_short_circuit_operator to 2026-05-15 00:00:00+00:00, run_after=2026-05-16 00:00:00+00:00
[2026-05-16T02:48:24.327+0000] {processor.py:183} INFO - Processing /home/airflow/.local/lib/python3.8/site-packages/airflow/example_dags/example_short_circuit_operator.py took 0.137 seconds
[2026-05-16T02:48:54.436+0000] {processor.py:161} INFO - Started process (PID=676) to work on /home/airflow/.local/lib/python3.8/site-packages/airflow/example_dags/example_short_circuit_operator.py
[2026-05-16T02:48:54.438+0000] {processor.py:830} INFO - Processing file /home/airflow/.local/lib/python3.8/site-packages/airflow/example_dags/example_short_circuit_operator.py for tasks to queue
[2026-05-16T02:48:54.441+0000] {logging_mixin.py:188} INFO - [2026-05-16T02:48:54.440+0000] {dagbag.py:538} INFO - Filling up the DagBag from /home/airflow/.local/lib/python3.8/site-packages/airflow/example_dags/example_short_circuit_operator.py
[2026-05-16T02:48:54.455+0000] {processor.py:840} INFO - DAG(s) 'example_short_circuit_operator' retrieved from /home/airflow/.local/lib/python3.8/site-packages/airflow/example_dags/example_short_circuit_operator.py
[2026-05-16T02:48:54.506+0000] {logging_mixin.py:188} INFO - [2026-05-16T02:48:54.505+0000] {dag.py:3036} INFO - Sync 1 DAGs
[2026-05-16T02:48:54.548+0000] {logging_mixin.py:188} INFO - [2026-05-16T02:48:54.548+0000] {dag.py:3823} INFO - Setting next_dagrun for example_short_circuit_operator to 2026-05-15 00:00:00+00:00, run_after=2026-05-16 00:00:00+00:00
[2026-05-16T02:48:54.578+0000] {processor.py:183} INFO - Processing /home/airflow/.local/lib/python3.8/site-packages/airflow/example_dags/example_short_circuit_operator.py took 0.147 seconds
[2026-05-16T02:49:24.897+0000] {processor.py:161} INFO - Started process (PID=741) to work on /home/airflow/.local/lib/python3.8/site-packages/airflow/example_dags/example_short_circuit_operator.py
[2026-05-16T02:49:24.899+0000] {processor.py:830} INFO - Processing file /home/airflow/.local/lib/python3.8/site-packages/airflow/example_dags/example_short_circuit_operator.py for tasks to queue
[2026-05-16T02:49:24.902+0000] {logging_mixin.py:188} INFO - [2026-05-16T02:49:24.901+0000] {dagbag.py:538} INFO - Filling up the DagBag from /home/airflow/.local/lib/python3.8/site-packages/airflow/example_dags/example_short_circuit_operator.py
[2026-05-16T02:49:24.916+0000] {processor.py:840} INFO - DAG(s) 'example_short_circuit_operator' retrieved from /home/airflow/.local/lib/python3.8/site-packages/airflow/example_dags/example_short_circuit_operator.py
[2026-05-16T02:49:24.964+0000] {logging_mixin.py:188} INFO - [2026-05-16T02:49:24.964+0000] {dag.py:3036} INFO - Sync 1 DAGs
[2026-05-16T02:49:25.006+0000] {logging_mixin.py:188} INFO - [2026-05-16T02:49:25.006+0000] {dag.py:3823} INFO - Setting next_dagrun for example_short_circuit_operator to 2026-05-15 00:00:00+00:00, run_after=2026-05-16 00:00:00+00:00
[2026-05-16T02:49:25.039+0000] {processor.py:183} INFO - Processing /home/airflow/.local/lib/python3.8/site-packages/airflow/example_dags/example_short_circuit_operator.py took 0.148 seconds
[2026-05-16T02:49:55.127+0000] {processor.py:161} INFO - Started process (PID=806) to work on /home/airflow/.local/lib/python3.8/site-packages/airflow/example_dags/example_short_circuit_operator.py
[2026-05-16T02:49:55.128+0000] {processor.py:830} INFO - Processing file /home/airflow/.local/lib/python3.8/site-packages/airflow/example_dags/example_short_circuit_operator.py for tasks to queue
[2026-05-16T02:49:55.131+0000] {logging_mixin.py:188} INFO - [2026-05-16T02:49:55.130+0000] {dagbag.py:538} INFO - Filling up the DagBag from /home/airflow/.local/lib/python3.8/site-packages/airflow/example_dags/example_short_circuit_operator.py
[2026-05-16T02:49:55.144+0000] {processor.py:840} INFO - DAG(s) 'example_short_circuit_operator' retrieved from /home/airflow/.local/lib/python3.8/site-packages/airflow/example_dags/example_short_circuit_operator.py
[2026-05-16T02:49:55.189+0000] {logging_mixin.py:188} INFO - [2026-05-16T02:49:55.188+0000] {dag.py:3036} INFO - Sync 1 DAGs
[2026-05-16T02:49:55.227+0000] {logging_mixin.py:188} INFO - [2026-05-16T02:49:55.227+0000] {dag.py:3823} INFO - Setting next_dagrun for example_short_circuit_operator to 2026-05-15 00:00:00+00:00, run_after=2026-05-16 00:00:00+00:00
[2026-05-16T02:49:55.260+0000] {processor.py:183} INFO - Processing /home/airflow/.local/lib/python3.8/site-packages/airflow/example_dags/example_short_circuit_operator.py took 0.138 seconds
[2026-05-16T02:50:25.511+0000] {processor.py:161} INFO - Started process (PID=870) to work on /home/airflow/.local/lib/python3.8/site-packages/airflow/example_dags/example_short_circuit_operator.py
[2026-05-16T02:50:25.513+0000] {processor.py:830} INFO - Processing file /home/airflow/.local/lib/python3.8/site-packages/airflow/example_dags/example_short_circuit_operator.py for tasks to queue
[2026-05-16T02:50:25.516+0000] {logging_mixin.py:188} INFO - [2026-05-16T02:50:25.516+0000] {dagbag.py:538} INFO - Filling up the DagBag from /home/airflow/.local/lib/python3.8/site-packages/airflow/example_dags/example_short_circuit_operator.py
[2026-05-16T02:50:25.530+0000] {processor.py:840} INFO - DAG(s) 'example_short_circuit_operator' retrieved from /home/airflow/.local/lib/python3.8/site-packages/airflow/example_dags/example_short_circuit_operator.py
[2026-05-16T02:50:25.580+0000] {logging_mixin.py:188} INFO - [2026-05-16T02:50:25.579+0000] {dag.py:3036} INFO - Sync 1 DAGs
[2026-05-16T02:50:25.617+0000] {logging_mixin.py:188} INFO - [2026-05-16T02:50:25.617+0000] {dag.py:3823} INFO - Setting next_dagrun for example_short_circuit_operator to 2026-05-15 00:00:00+00:00, run_after=2026-05-16 00:00:00+00:00
[2026-05-16T02:50:25.652+0000] {processor.py:183} INFO - Processing /home/airflow/.local/lib/python3.8/site-packages/airflow/example_dags/example_short_circuit_operator.py took 0.148 seconds
[2026-05-16T02:50:56.045+0000] {processor.py:161} INFO - Started process (PID=935) to work on /home/airflow/.local/lib/python3.8/site-packages/airflow/example_dags/example_short_circuit_operator.py
[2026-05-16T02:50:56.046+0000] {processor.py:830} INFO - Processing file /home/airflow/.local/lib/python3.8/site-packages/airflow/example_dags/example_short_circuit_operator.py for tasks to queue
[2026-05-16T02:50:56.049+0000] {logging_mixin.py:188} INFO - [2026-05-16T02:50:56.048+0000] {dagbag.py:538} INFO - Filling up the DagBag from /home/airflow/.local/lib/python3.8/site-packages/airflow/example_dags/example_short_circuit_operator.py
[2026-05-16T02:50:56.060+0000] {processor.py:840} INFO - DAG(s) 'example_short_circuit_operator' retrieved from /home/airflow/.local/lib/python3.8/site-packages/airflow/example_dags/example_short_circuit_operator.py
[2026-05-16T02:50:56.103+0000] {logging_mixin.py:188} INFO - [2026-05-16T02:50:56.102+0000] {dag.py:3036} INFO - Sync 1 DAGs
[2026-05-16T02:50:56.139+0000] {logging_mixin.py:188} INFO - [2026-05-16T02:50:56.138+0000] {dag.py:3823} INFO - Setting next_dagrun for example_short_circuit_operator to 2026-05-15 00:00:00+00:00, run_after=2026-05-16 00:00:00+00:00
[2026-05-16T02:50:56.167+0000] {processor.py:183} INFO - Processing /home/airflow/.local/lib/python3.8/site-packages/airflow/example_dags/example_short_circuit_operator.py took 0.128 seconds
[2026-05-16T02:51:26.563+0000] {processor.py:161} INFO - Started process (PID=999) to work on /home/airflow/.local/lib/python3.8/site-packages/airflow/example_dags/example_short_circuit_operator.py
[2026-05-16T02:51:26.566+0000] {processor.py:830} INFO - Processing file /home/airflow/.local/lib/python3.8/site-packages/airflow/example_dags/example_short_circuit_operator.py for tasks to queue
[2026-05-16T02:51:26.570+0000] {logging_mixin.py:188} INFO - [2026-05-16T02:51:26.569+0000] {dagbag.py:538} INFO - Filling up the DagBag from /home/airflow/.local/lib/python3.8/site-packages/airflow/example_dags/example_short_circuit_operator.py
[2026-05-16T02:51:26.585+0000] {processor.py:840} INFO - DAG(s) 'example_short_circuit_operator' retrieved from /home/airflow/.local/lib/python3.8/site-packages/airflow/example_dags/example_short_circuit_operator.py
[2026-05-16T02:51:26.636+0000] {logging_mixin.py:188} INFO - [2026-05-16T02:51:26.635+0000] {dag.py:3036} INFO - Sync 1 DAGs
[2026-05-16T02:51:26.681+0000] {logging_mixin.py:188} INFO - [2026-05-16T02:51:26.680+0000] {dag.py:3823} INFO - Setting next_dagrun for example_short_circuit_operator to 2026-05-15 00:00:00+00:00, run_after=2026-05-16 00:00:00+00:00
[2026-05-16T02:51:26.717+0000] {processor.py:183} INFO - Processing /home/airflow/.local/lib/python3.8/site-packages/airflow/example_dags/example_short_circuit_operator.py took 0.160 seconds
[2026-05-16T02:51:57.550+0000] {processor.py:161} INFO - Started process (PID=1064) to work on /home/airflow/.local/lib/python3.8/site-packages/airflow/example_dags/example_short_circuit_operator.py
[2026-05-16T02:51:57.551+0000] {processor.py:830} INFO - Processing file /home/airflow/.local/lib/python3.8/site-packages/airflow/example_dags/example_short_circuit_operator.py for tasks to queue
[2026-05-16T02:51:57.554+0000] {logging_mixin.py:188} INFO - [2026-05-16T02:51:57.554+0000] {dagbag.py:538} INFO - Filling up the DagBag from /home/airflow/.local/lib/python3.8/site-packages/airflow/example_dags/example_short_circuit_operator.py
[2026-05-16T02:51:57.569+0000] {processor.py:840} INFO - DAG(s) 'example_short_circuit_operator' retrieved from /home/airflow/.local/lib/python3.8/site-packages/airflow/example_dags/example_short_circuit_operator.py
[2026-05-16T02:51:57.610+0000] {logging_mixin.py:188} INFO - [2026-05-16T02:51:57.610+0000] {dag.py:3036} INFO - Sync 1 DAGs
[2026-05-16T02:51:57.652+0000] {logging_mixin.py:188} INFO - [2026-05-16T02:51:57.652+0000] {dag.py:3823} INFO - Setting next_dagrun for example_short_circuit_operator to 2026-05-15 00:00:00+00:00, run_after=2026-05-16 00:00:00+00:00
[2026-05-16T02:51:57.682+0000] {processor.py:183} INFO - Processing /home/airflow/.local/lib/python3.8/site-packages/airflow/example_dags/example_short_circuit_operator.py took 0.139 seconds
[2026-05-16T02:52:27.773+0000] {processor.py:161} INFO - Started process (PID=1129) to work on /home/airflow/.local/lib/python3.8/site-packages/airflow/example_dags/example_short_circuit_operator.py
[2026-05-16T02:52:27.776+0000] {processor.py:830} INFO - Processing file /home/airflow/.local/lib/python3.8/site-packages/airflow/example_dags/example_short_circuit_operator.py for tasks to queue
[2026-05-16T02:52:27.779+0000] {logging_mixin.py:188} INFO - [2026-05-16T02:52:27.778+0000] {dagbag.py:538} INFO - Filling up the DagBag from /home/airflow/.local/lib/python3.8/site-packages/airflow/example_dags/example_short_circuit_operator.py
[2026-05-16T02:52:27.793+0000] {processor.py:840} INFO - DAG(s) 'example_short_circuit_operator' retrieved from /home/airflow/.local/lib/python3.8/site-packages/airflow/example_dags/example_short_circuit_operator.py
[2026-05-16T02:52:27.841+0000] {logging_mixin.py:188} INFO - [2026-05-16T02:52:27.841+0000] {dag.py:3036} INFO - Sync 1 DAGs
[2026-05-16T02:52:27.883+0000] {logging_mixin.py:188} INFO - [2026-05-16T02:52:27.882+0000] {dag.py:3823} INFO - Setting next_dagrun for example_short_circuit_operator to 2026-05-15 00:00:00+00:00, run_after=2026-05-16 00:00:00+00:00
[2026-05-16T02:52:27.913+0000] {processor.py:183} INFO - Processing /home/airflow/.local/lib/python3.8/site-packages/airflow/example_dags/example_short_circuit_operator.py took 0.146 seconds
[2026-05-16T02:52:58.071+0000] {processor.py:161} INFO - Started process (PID=1195) to work on /home/airflow/.local/lib/python3.8/site-packages/airflow/example_dags/example_short_circuit_operator.py
[2026-05-16T02:52:58.072+0000] {processor.py:830} INFO - Processing file /home/airflow/.local/lib/python3.8/site-packages/airflow/example_dags/example_short_circuit_operator.py for tasks to queue
[2026-05-16T02:52:58.075+0000] {logging_mixin.py:188} INFO - [2026-05-16T02:52:58.074+0000] {dagbag.py:538} INFO - Filling up the DagBag from /home/airflow/.local/lib/python3.8/site-packages/airflow/example_dags/example_short_circuit_operator.py
[2026-05-16T02:52:58.087+0000] {processor.py:840} INFO - DAG(s) 'example_short_circuit_operator' retrieved from /home/airflow/.local/lib/python3.8/site-packages/airflow/example_dags/example_short_circuit_operator.py
[2026-05-16T02:52:58.128+0000] {logging_mixin.py:188} INFO - [2026-05-16T02:52:58.128+0000] {dag.py:3036} INFO - Sync 1 DAGs
[2026-05-16T02:52:58.164+0000] {logging_mixin.py:188} INFO - [2026-05-16T02:52:58.164+0000] {dag.py:3823} INFO - Setting next_dagrun for example_short_circuit_operator to 2026-05-15 00:00:00+00:00, run_after=2026-05-16 00:00:00+00:00
[2026-05-16T02:52:58.194+0000] {processor.py:183} INFO - Processing /home/airflow/.local/lib/python3.8/site-packages/airflow/example_dags/example_short_circuit_operator.py took 0.128 seconds
[2026-05-16T02:53:28.599+0000] {processor.py:161} INFO - Started process (PID=1260) to work on /home/airflow/.local/lib/python3.8/site-packages/airflow/example_dags/example_short_circuit_operator.py
[2026-05-16T02:53:28.602+0000] {processor.py:830} INFO - Processing file /home/airflow/.local/lib/python3.8/site-packages/airflow/example_dags/example_short_circuit_operator.py for tasks to queue
[2026-05-16T02:53:28.604+0000] {logging_mixin.py:188} INFO - [2026-05-16T02:53:28.604+0000] {dagbag.py:538} INFO - Filling up the DagBag from /home/airflow/.local/lib/python3.8/site-packages/airflow/example_dags/example_short_circuit_operator.py
[2026-05-16T02:53:28.617+0000] {processor.py:840} INFO - DAG(s) 'example_short_circuit_operator' retrieved from /home/airflow/.local/lib/python3.8/site-packages/airflow/example_dags/example_short_circuit_operator.py
[2026-05-16T02:53:28.665+0000] {logging_mixin.py:188} INFO - [2026-05-16T02:53:28.665+0000] {dag.py:3036} INFO - Sync 1 DAGs
[2026-05-16T02:53:28.713+0000] {logging_mixin.py:188} INFO - [2026-05-16T02:53:28.713+0000] {dag.py:3823} INFO - Setting next_dagrun for example_short_circuit_operator to 2026-05-15 00:00:00+00:00, run_after=2026-05-16 00:00:00+00:00
[2026-05-16T02:53:28.753+0000] {processor.py:183} INFO - Processing /home/airflow/.local/lib/python3.8/site-packages/airflow/example_dags/example_short_circuit_operator.py took 0.158 seconds
[2026-05-16T02:53:58.811+0000] {processor.py:161} INFO - Started process (PID=1324) to work on /home/airflow/.local/lib/python3.8/site-packages/airflow/example_dags/example_short_circuit_operator.py
[2026-05-16T02:53:58.812+0000] {processor.py:830} INFO - Processing file /home/airflow/.local/lib/python3.8/site-packages/airflow/example_dags/example_short_circuit_operator.py for tasks to queue
[2026-05-16T02:53:58.815+0000] {logging_mixin.py:188} INFO - [2026-05-16T02:53:58.815+0000] {dagbag.py:538} INFO - Filling up the DagBag from /home/airflow/.local/lib/python3.8/site-packages/airflow/example_dags/example_short_circuit_operator.py
[2026-05-16T02:53:58.830+0000] {processor.py:840} INFO - DAG(s) 'example_short_circuit_operator' retrieved from /home/airflow/.local/lib/python3.8/site-packages/airflow/example_dags/example_short_circuit_operator.py
[2026-05-16T02:53:58.878+0000] {logging_mixin.py:188} INFO - [2026-05-16T02:53:58.878+0000] {dag.py:3036} INFO - Sync 1 DAGs
[2026-05-16T02:53:58.919+0000] {logging_mixin.py:188} INFO - [2026-05-16T02:53:58.919+0000] {dag.py:3823} INFO - Setting next_dagrun for example_short_circuit_operator to 2026-05-15 00:00:00+00:00, run_after=2026-05-16 00:00:00+00:00
[2026-05-16T02:53:58.952+0000] {processor.py:183} INFO - Processing /home/airflow/.local/lib/python3.8/site-packages/airflow/example_dags/example_short_circuit_operator.py took 0.146 seconds
[2026-05-16T02:54:29.483+0000] {processor.py:161} INFO - Started process (PID=1396) to work on /home/airflow/.local/lib/python3.8/site-packages/airflow/example_dags/example_short_circuit_operator.py
[2026-05-16T02:54:29.485+0000] {processor.py:830} INFO - Processing file /home/airflow/.local/lib/python3.8/site-packages/airflow/example_dags/example_short_circuit_operator.py for tasks to queue
[2026-05-16T02:54:29.488+0000] {logging_mixin.py:188} INFO - [2026-05-16T02:54:29.488+0000] {dagbag.py:538} INFO - Filling up the DagBag from /home/airflow/.local/lib/python3.8/site-packages/airflow/example_dags/example_short_circuit_operator.py
[2026-05-16T02:54:29.500+0000] {processor.py:840} INFO - DAG(s) 'example_short_circuit_operator' retrieved from /home/airflow/.local/lib/python3.8/site-packages/airflow/example_dags/example_short_circuit_operator.py
[2026-05-16T02:54:29.543+0000] {logging_mixin.py:188} INFO - [2026-05-16T02:54:29.543+0000] {dag.py:3036} INFO - Sync 1 DAGs
[2026-05-16T02:54:29.580+0000] {logging_mixin.py:188} INFO - [2026-05-16T02:54:29.580+0000] {dag.py:3823} INFO - Setting next_dagrun for example_short_circuit_operator to 2026-05-15 00:00:00+00:00, run_after=2026-05-16 00:00:00+00:00
[2026-05-16T02:54:29.610+0000] {processor.py:183} INFO - Processing /home/airflow/.local/lib/python3.8/site-packages/airflow/example_dags/example_short_circuit_operator.py took 0.132 seconds
[2026-05-16T02:55:00.005+0000] {processor.py:161} INFO - Started process (PID=1462) to work on /home/airflow/.local/lib/python3.8/site-packages/airflow/example_dags/example_short_circuit_operator.py
[2026-05-16T02:55:00.006+0000] {processor.py:830} INFO - Processing file /home/airflow/.local/lib/python3.8/site-packages/airflow/example_dags/example_short_circuit_operator.py for tasks to queue
[2026-05-16T02:55:00.011+0000] {logging_mixin.py:188} INFO - [2026-05-16T02:55:00.010+0000] {dagbag.py:538} INFO - Filling up the DagBag from /home/airflow/.local/lib/python3.8/site-packages/airflow/example_dags/example_short_circuit_operator.py
[2026-05-16T02:55:00.031+0000] {processor.py:840} INFO - DAG(s) 'example_short_circuit_operator' retrieved from /home/airflow/.local/lib/python3.8/site-packages/airflow/example_dags/example_short_circuit_operator.py
[2026-05-16T02:55:00.084+0000] {logging_mixin.py:188} INFO - [2026-05-16T02:55:00.084+0000] {dag.py:3036} INFO - Sync 1 DAGs
[2026-05-16T02:55:00.129+0000] {logging_mixin.py:188} INFO - [2026-05-16T02:55:00.128+0000] {dag.py:3823} INFO - Setting next_dagrun for example_short_circuit_operator to 2026-05-15 00:00:00+00:00, run_after=2026-05-16 00:00:00+00:00
[2026-05-16T02:55:00.163+0000] {processor.py:183} INFO - Processing /home/airflow/.local/lib/python3.8/site-packages/airflow/example_dags/example_short_circuit_operator.py took 0.164 seconds
[2026-05-16T02:55:30.323+0000] {processor.py:161} INFO - Started process (PID=1529) to work on /home/airflow/.local/lib/python3.8/site-packages/airflow/example_dags/example_short_circuit_operator.py
[2026-05-16T02:55:30.325+0000] {processor.py:830} INFO - Processing file /home/airflow/.local/lib/python3.8/site-packages/airflow/example_dags/example_short_circuit_operator.py for tasks to queue
[2026-05-16T02:55:30.328+0000] {logging_mixin.py:188} INFO - [2026-05-16T02:55:30.327+0000] {dagbag.py:538} INFO - Filling up the DagBag from /home/airflow/.local/lib/python3.8/site-packages/airflow/example_dags/example_short_circuit_operator.py
[2026-05-16T02:55:30.343+0000] {processor.py:840} INFO - DAG(s) 'example_short_circuit_operator' retrieved from /home/airflow/.local/lib/python3.8/site-packages/airflow/example_dags/example_short_circuit_operator.py
[2026-05-16T02:55:30.408+0000] {logging_mixin.py:188} INFO - [2026-05-16T02:55:30.407+0000] {dag.py:3036} INFO - Sync 1 DAGs
[2026-05-16T02:55:30.457+0000] {logging_mixin.py:188} INFO - [2026-05-16T02:55:30.457+0000] {dag.py:3823} INFO - Setting next_dagrun for example_short_circuit_operator to 2026-05-15 00:00:00+00:00, run_after=2026-05-16 00:00:00+00:00
[2026-05-16T02:55:30.492+0000] {processor.py:183} INFO - Processing /home/airflow/.local/lib/python3.8/site-packages/airflow/example_dags/example_short_circuit_operator.py took 0.175 seconds
[2026-05-16T02:56:00.835+0000] {processor.py:161} INFO - Started process (PID=1593) to work on /home/airflow/.local/lib/python3.8/site-packages/airflow/example_dags/example_short_circuit_operator.py
[2026-05-16T02:56:00.836+0000] {processor.py:830} INFO - Processing file /home/airflow/.local/lib/python3.8/site-packages/airflow/example_dags/example_short_circuit_operator.py for tasks to queue
[2026-05-16T02:56:00.840+0000] {logging_mixin.py:188} INFO - [2026-05-16T02:56:00.839+0000] {dagbag.py:538} INFO - Filling up the DagBag from /home/airflow/.local/lib/python3.8/site-packages/airflow/example_dags/example_short_circuit_operator.py
[2026-05-16T02:56:00.855+0000] {processor.py:840} INFO - DAG(s) 'example_short_circuit_operator' retrieved from /home/airflow/.local/lib/python3.8/site-packages/airflow/example_dags/example_short_circuit_operator.py
[2026-05-16T02:56:00.908+0000] {logging_mixin.py:188} INFO - [2026-05-16T02:56:00.907+0000] {dag.py:3036} INFO - Sync 1 DAGs
[2026-05-16T02:56:00.955+0000] {logging_mixin.py:188} INFO - [2026-05-16T02:56:00.955+0000] {dag.py:3823} INFO - Setting next_dagrun for example_short_circuit_operator to 2026-05-15 00:00:00+00:00, run_after=2026-05-16 00:00:00+00:00
[2026-05-16T02:56:00.991+0000] {processor.py:183} INFO - Processing /home/airflow/.local/lib/python3.8/site-packages/airflow/example_dags/example_short_circuit_operator.py took 0.162 seconds
[2026-05-16T02:56:31.322+0000] {processor.py:161} INFO - Started process (PID=1658) to work on /home/airflow/.local/lib/python3.8/site-packages/airflow/example_dags/example_short_circuit_operator.py
[2026-05-16T02:56:31.324+0000] {processor.py:830} INFO - Processing file /home/airflow/.local/lib/python3.8/site-packages/airflow/example_dags/example_short_circuit_operator.py for tasks to queue
[2026-05-16T02:56:31.327+0000] {logging_mixin.py:188} INFO - [2026-05-16T02:56:31.327+0000] {dagbag.py:538} INFO - Filling up the DagBag from /home/airflow/.local/lib/python3.8/site-packages/airflow/example_dags/example_short_circuit_operator.py
[2026-05-16T02:56:31.342+0000] {processor.py:840} INFO - DAG(s) 'example_short_circuit_operator' retrieved from /home/airflow/.local/lib/python3.8/site-packages/airflow/example_dags/example_short_circuit_operator.py
[2026-05-16T02:56:31.393+0000] {logging_mixin.py:188} INFO - [2026-05-16T02:56:31.393+0000] {dag.py:3036} INFO - Sync 1 DAGs
[2026-05-16T02:56:31.434+0000] {logging_mixin.py:188} INFO - [2026-05-16T02:56:31.434+0000] {dag.py:3823} INFO - Setting next_dagrun for example_short_circuit_operator to 2026-05-15 00:00:00+00:00, run_after=2026-05-16 00:00:00+00:00
[2026-05-16T02:56:31.469+0000] {processor.py:183} INFO - Processing /home/airflow/.local/lib/python3.8/site-packages/airflow/example_dags/example_short_circuit_operator.py took 0.153 seconds
[2026-05-16T02:57:01.660+0000] {processor.py:161} INFO - Started process (PID=1724) to work on /home/airflow/.local/lib/python3.8/site-packages/airflow/example_dags/example_short_circuit_operator.py
[2026-05-16T02:57:01.661+0000] {processor.py:830} INFO - Processing file /home/airflow/.local/lib/python3.8/site-packages/airflow/example_dags/example_short_circuit_operator.py for tasks to queue
[2026-05-16T02:57:01.663+0000] {logging_mixin.py:188} INFO - [2026-05-16T02:57:01.663+0000] {dagbag.py:538} INFO - Filling up the DagBag from /home/airflow/.local/lib/python3.8/site-packages/airflow/example_dags/example_short_circuit_operator.py
[2026-05-16T02:57:01.676+0000] {processor.py:840} INFO - DAG(s) 'example_short_circuit_operator' retrieved from /home/airflow/.local/lib/python3.8/site-packages/airflow/example_dags/example_short_circuit_operator.py
[2026-05-16T02:57:01.716+0000] {logging_mixin.py:188} INFO - [2026-05-16T02:57:01.716+0000] {dag.py:3036} INFO - Sync 1 DAGs
[2026-05-16T02:57:01.750+0000] {logging_mixin.py:188} INFO - [2026-05-16T02:57:01.750+0000] {dag.py:3823} INFO - Setting next_dagrun for example_short_circuit_operator to 2026-05-15 00:00:00+00:00, run_after=2026-05-16 00:00:00+00:00
[2026-05-16T02:57:01.776+0000] {processor.py:183} INFO - Processing /home/airflow/.local/lib/python3.8/site-packages/airflow/example_dags/example_short_circuit_operator.py took 0.121 seconds
[2026-05-16T02:57:31.967+0000] {processor.py:161} INFO - Started process (PID=1790) to work on /home/airflow/.local/lib/python3.8/site-packages/airflow/example_dags/example_short_circuit_operator.py
[2026-05-16T02:57:31.969+0000] {processor.py:830} INFO - Processing file /home/airflow/.local/lib/python3.8/site-packages/airflow/example_dags/example_short_circuit_operator.py for tasks to queue
[2026-05-16T02:57:31.972+0000] {logging_mixin.py:188} INFO - [2026-05-16T02:57:31.971+0000] {dagbag.py:538} INFO - Filling up the DagBag from /home/airflow/.local/lib/python3.8/site-packages/airflow/example_dags/example_short_circuit_operator.py
[2026-05-16T02:57:31.985+0000] {processor.py:840} INFO - DAG(s) 'example_short_circuit_operator' retrieved from /home/airflow/.local/lib/python3.8/site-packages/airflow/example_dags/example_short_circuit_operator.py
[2026-05-16T02:57:32.028+0000] {logging_mixin.py:188} INFO - [2026-05-16T02:57:32.027+0000] {dag.py:3036} INFO - Sync 1 DAGs
[2026-05-16T02:57:32.064+0000] {logging_mixin.py:188} INFO - [2026-05-16T02:57:32.064+0000] {dag.py:3823} INFO - Setting next_dagrun for example_short_circuit_operator to 2026-05-15 00:00:00+00:00, run_after=2026-05-16 00:00:00+00:00
[2026-05-16T02:57:32.097+0000] {processor.py:183} INFO - Processing /home/airflow/.local/lib/python3.8/site-packages/airflow/example_dags/example_short_circuit_operator.py took 0.135 seconds
[2026-05-16T02:58:02.438+0000] {processor.py:161} INFO - Started process (PID=1856) to work on /home/airflow/.local/lib/python3.8/site-packages/airflow/example_dags/example_short_circuit_operator.py
[2026-05-16T02:58:02.439+0000] {processor.py:830} INFO - Processing file /home/airflow/.local/lib/python3.8/site-packages/airflow/example_dags/example_short_circuit_operator.py for tasks to queue
[2026-05-16T02:58:02.442+0000] {logging_mixin.py:188} INFO - [2026-05-16T02:58:02.442+0000] {dagbag.py:538} INFO - Filling up the DagBag from /home/airflow/.local/lib/python3.8/site-packages/airflow/example_dags/example_short_circuit_operator.py
[2026-05-16T02:58:02.456+0000] {processor.py:840} INFO - DAG(s) 'example_short_circuit_operator' retrieved from /home/airflow/.local/lib/python3.8/site-packages/airflow/example_dags/example_short_circuit_operator.py
[2026-05-16T02:58:02.504+0000] {logging_mixin.py:188} INFO - [2026-05-16T02:58:02.503+0000] {dag.py:3036} INFO - Sync 1 DAGs
[2026-05-16T02:58:02.546+0000] {logging_mixin.py:188} INFO - [2026-05-16T02:58:02.546+0000] {dag.py:3823} INFO - Setting next_dagrun for example_short_circuit_operator to 2026-05-15 00:00:00+00:00, run_after=2026-05-16 00:00:00+00:00
[2026-05-16T02:58:02.583+0000] {processor.py:183} INFO - Processing /home/airflow/.local/lib/python3.8/site-packages/airflow/example_dags/example_short_circuit_operator.py took 0.150 seconds
[2026-05-16T02:58:32.647+0000] {processor.py:161} INFO - Started process (PID=1921) to work on /home/airflow/.local/lib/python3.8/site-packages/airflow/example_dags/example_short_circuit_operator.py
[2026-05-16T02:58:32.649+0000] {processor.py:830} INFO - Processing file /home/airflow/.local/lib/python3.8/site-packages/airflow/example_dags/example_short_circuit_operator.py for tasks to queue
[2026-05-16T02:58:32.652+0000] {logging_mixin.py:188} INFO - [2026-05-16T02:58:32.652+0000] {dagbag.py:538} INFO - Filling up the DagBag from /home/airflow/.local/lib/python3.8/site-packages/airflow/example_dags/example_short_circuit_operator.py
[2026-05-16T02:58:32.665+0000] {processor.py:840} INFO - DAG(s) 'example_short_circuit_operator' retrieved from /home/airflow/.local/lib/python3.8/site-packages/airflow/example_dags/example_short_circuit_operator.py
[2026-05-16T02:58:32.710+0000] {logging_mixin.py:188} INFO - [2026-05-16T02:58:32.709+0000] {dag.py:3036} INFO - Sync 1 DAGs
[2026-05-16T02:58:32.749+0000] {logging_mixin.py:188} INFO - [2026-05-16T02:58:32.749+0000] {dag.py:3823} INFO - Setting next_dagrun for example_short_circuit_operator to 2026-05-15 00:00:00+00:00, run_after=2026-05-16 00:00:00+00:00
[2026-05-16T02:58:32.782+0000] {processor.py:183} INFO - Processing /home/airflow/.local/lib/python3.8/site-packages/airflow/example_dags/example_short_circuit_operator.py took 0.140 seconds
[2026-05-16T02:59:03.310+0000] {processor.py:161} INFO - Started process (PID=1986) to work on /home/airflow/.local/lib/python3.8/site-packages/airflow/example_dags/example_short_circuit_operator.py
[2026-05-16T02:59:03.312+0000] {processor.py:830} INFO - Processing file /home/airflow/.local/lib/python3.8/site-packages/airflow/example_dags/example_short_circuit_operator.py for tasks to queue
[2026-05-16T02:59:03.314+0000] {logging_mixin.py:188} INFO - [2026-05-16T02:59:03.314+0000] {dagbag.py:538} INFO - Filling up the DagBag from /home/airflow/.local/lib/python3.8/site-packages/airflow/example_dags/example_short_circuit_operator.py
[2026-05-16T02:59:03.328+0000] {processor.py:840} INFO - DAG(s) 'example_short_circuit_operator' retrieved from /home/airflow/.local/lib/python3.8/site-packages/airflow/example_dags/example_short_circuit_operator.py
[2026-05-16T02:59:03.374+0000] {logging_mixin.py:188} INFO - [2026-05-16T02:59:03.374+0000] {dag.py:3036} INFO - Sync 1 DAGs
[2026-05-16T02:59:03.418+0000] {logging_mixin.py:188} INFO - [2026-05-16T02:59:03.417+0000] {dag.py:3823} INFO - Setting next_dagrun for example_short_circuit_operator to 2026-05-15 00:00:00+00:00, run_after=2026-05-16 00:00:00+00:00
[2026-05-16T02:59:03.454+0000] {processor.py:183} INFO - Processing /home/airflow/.local/lib/python3.8/site-packages/airflow/example_dags/example_short_circuit_operator.py took 0.149 seconds
[2026-05-16T02:59:34.124+0000] {processor.py:161} INFO - Started process (PID=2050) to work on /home/airflow/.local/lib/python3.8/site-packages/airflow/example_dags/example_short_circuit_operator.py
[2026-05-16T02:59:34.126+0000] {processor.py:830} INFO - Processing file /home/airflow/.local/lib/python3.8/site-packages/airflow/example_dags/example_short_circuit_operator.py for tasks to queue
[2026-05-16T02:59:34.129+0000] {logging_mixin.py:188} INFO - [2026-05-16T02:59:34.129+0000] {dagbag.py:538} INFO - Filling up the DagBag from /home/airflow/.local/lib/python3.8/site-packages/airflow/example_dags/example_short_circuit_operator.py
[2026-05-16T02:59:34.143+0000] {processor.py:840} INFO - DAG(s) 'example_short_circuit_operator' retrieved from /home/airflow/.local/lib/python3.8/site-packages/airflow/example_dags/example_short_circuit_operator.py
[2026-05-16T02:59:34.185+0000] {logging_mixin.py:188} INFO - [2026-05-16T02:59:34.185+0000] {dag.py:3036} INFO - Sync 1 DAGs
[2026-05-16T02:59:34.225+0000] {logging_mixin.py:188} INFO - [2026-05-16T02:59:34.225+0000] {dag.py:3823} INFO - Setting next_dagrun for example_short_circuit_operator to 2026-05-15 00:00:00+00:00, run_after=2026-05-16 00:00:00+00:00
[2026-05-16T02:59:34.254+0000] {processor.py:183} INFO - Processing /home/airflow/.local/lib/python3.8/site-packages/airflow/example_dags/example_short_circuit_operator.py took 0.134 seconds
[2026-05-16T03:00:05.118+0000] {processor.py:161} INFO - Started process (PID=2115) to work on /home/airflow/.local/lib/python3.8/site-packages/airflow/example_dags/example_short_circuit_operator.py
[2026-05-16T03:00:05.120+0000] {processor.py:830} INFO - Processing file /home/airflow/.local/lib/python3.8/site-packages/airflow/example_dags/example_short_circuit_operator.py for tasks to queue
[2026-05-16T03:00:05.123+0000] {logging_mixin.py:188} INFO - [2026-05-16T03:00:05.123+0000] {dagbag.py:538} INFO - Filling up the DagBag from /home/airflow/.local/lib/python3.8/site-packages/airflow/example_dags/example_short_circuit_operator.py
[2026-05-16T03:00:05.140+0000] {processor.py:840} INFO - DAG(s) 'example_short_circuit_operator' retrieved from /home/airflow/.local/lib/python3.8/site-packages/airflow/example_dags/example_short_circuit_operator.py
[2026-05-16T03:00:05.192+0000] {logging_mixin.py:188} INFO - [2026-05-16T03:00:05.191+0000] {dag.py:3036} INFO - Sync 1 DAGs
[2026-05-16T03:00:05.230+0000] {logging_mixin.py:188} INFO - [2026-05-16T03:00:05.229+0000] {dag.py:3823} INFO - Setting next_dagrun for example_short_circuit_operator to 2026-05-15 00:00:00+00:00, run_after=2026-05-16 00:00:00+00:00
[2026-05-16T03:00:05.260+0000] {processor.py:183} INFO - Processing /home/airflow/.local/lib/python3.8/site-packages/airflow/example_dags/example_short_circuit_operator.py took 0.149 seconds
[2026-05-16T03:00:35.608+0000] {processor.py:161} INFO - Started process (PID=2187) to work on /home/airflow/.local/lib/python3.8/site-packages/airflow/example_dags/example_short_circuit_operator.py
[2026-05-16T03:00:35.610+0000] {processor.py:830} INFO - Processing file /home/airflow/.local/lib/python3.8/site-packages/airflow/example_dags/example_short_circuit_operator.py for tasks to queue
[2026-05-16T03:00:35.613+0000] {logging_mixin.py:188} INFO - [2026-05-16T03:00:35.613+0000] {dagbag.py:538} INFO - Filling up the DagBag from /home/airflow/.local/lib/python3.8/site-packages/airflow/example_dags/example_short_circuit_operator.py
[2026-05-16T03:00:35.628+0000] {processor.py:840} INFO - DAG(s) 'example_short_circuit_operator' retrieved from /home/airflow/.local/lib/python3.8/site-packages/airflow/example_dags/example_short_circuit_operator.py
[2026-05-16T03:00:35.680+0000] {logging_mixin.py:188} INFO - [2026-05-16T03:00:35.680+0000] {dag.py:3036} INFO - Sync 1 DAGs
[2026-05-16T03:00:35.741+0000] {logging_mixin.py:188} INFO - [2026-05-16T03:00:35.741+0000] {dag.py:3823} INFO - Setting next_dagrun for example_short_circuit_operator to 2026-05-15 00:00:00+00:00, run_after=2026-05-16 00:00:00+00:00
[2026-05-16T03:00:35.775+0000] {processor.py:183} INFO - Processing /home/airflow/.local/lib/python3.8/site-packages/airflow/example_dags/example_short_circuit_operator.py took 0.173 seconds
[2026-05-16T03:01:06.083+0000] {processor.py:161} INFO - Started process (PID=2252) to work on /home/airflow/.local/lib/python3.8/site-packages/airflow/example_dags/example_short_circuit_operator.py
[2026-05-16T03:01:06.084+0000] {processor.py:830} INFO - Processing file /home/airflow/.local/lib/python3.8/site-packages/airflow/example_dags/example_short_circuit_operator.py for tasks to queue
[2026-05-16T03:01:06.087+0000] {logging_mixin.py:188} INFO - [2026-05-16T03:01:06.087+0000] {dagbag.py:538} INFO - Filling up the DagBag from /home/airflow/.local/lib/python3.8/site-packages/airflow/example_dags/example_short_circuit_operator.py
[2026-05-16T03:01:06.101+0000] {processor.py:840} INFO - DAG(s) 'example_short_circuit_operator' retrieved from /home/airflow/.local/lib/python3.8/site-packages/airflow/example_dags/example_short_circuit_operator.py
[2026-05-16T03:01:06.152+0000] {logging_mixin.py:188} INFO - [2026-05-16T03:01:06.151+0000] {dag.py:3036} INFO - Sync 1 DAGs
[2026-05-16T03:01:06.191+0000] {logging_mixin.py:188} INFO - [2026-05-16T03:01:06.190+0000] {dag.py:3823} INFO - Setting next_dagrun for example_short_circuit_operator to 2026-05-15 00:00:00+00:00, run_after=2026-05-16 00:00:00+00:00
[2026-05-16T03:01:06.228+0000] {processor.py:183} INFO - Processing /home/airflow/.local/lib/python3.8/site-packages/airflow/example_dags/example_short_circuit_operator.py took 0.151 seconds
[2026-05-16T03:01:36.328+0000] {processor.py:161} INFO - Started process (PID=2319) to work on /home/airflow/.local/lib/python3.8/site-packages/airflow/example_dags/example_short_circuit_operator.py
[2026-05-16T03:01:36.330+0000] {processor.py:830} INFO - Processing file /home/airflow/.local/lib/python3.8/site-packages/airflow/example_dags/example_short_circuit_operator.py for tasks to queue
[2026-05-16T03:01:36.333+0000] {logging_mixin.py:188} INFO - [2026-05-16T03:01:36.333+0000] {dagbag.py:538} INFO - Filling up the DagBag from /home/airflow/.local/lib/python3.8/site-packages/airflow/example_dags/example_short_circuit_operator.py
[2026-05-16T03:01:36.348+0000] {processor.py:840} INFO - DAG(s) 'example_short_circuit_operator' retrieved from /home/airflow/.local/lib/python3.8/site-packages/airflow/example_dags/example_short_circuit_operator.py
[2026-05-16T03:01:36.397+0000] {logging_mixin.py:188} INFO - [2026-05-16T03:01:36.396+0000] {dag.py:3036} INFO - Sync 1 DAGs
[2026-05-16T03:01:36.439+0000] {logging_mixin.py:188} INFO - [2026-05-16T03:01:36.439+0000] {dag.py:3823} INFO - Setting next_dagrun for example_short_circuit_operator to 2026-05-15 00:00:00+00:00, run_after=2026-05-16 00:00:00+00:00
[2026-05-16T03:01:36.473+0000] {processor.py:183} INFO - Processing /home/airflow/.local/lib/python3.8/site-packages/airflow/example_dags/example_short_circuit_operator.py took 0.150 seconds
[2026-05-16T03:02:06.955+0000] {processor.py:161} INFO - Started process (PID=2384) to work on /home/airflow/.local/lib/python3.8/site-packages/airflow/example_dags/example_short_circuit_operator.py
[2026-05-16T03:02:06.957+0000] {processor.py:830} INFO - Processing file /home/airflow/.local/lib/python3.8/site-packages/airflow/example_dags/example_short_circuit_operator.py for tasks to queue
[2026-05-16T03:02:06.961+0000] {logging_mixin.py:188} INFO - [2026-05-16T03:02:06.961+0000] {dagbag.py:538} INFO - Filling up the DagBag from /home/airflow/.local/lib/python3.8/site-packages/airflow/example_dags/example_short_circuit_operator.py
[2026-05-16T03:02:06.976+0000] {processor.py:840} INFO - DAG(s) 'example_short_circuit_operator' retrieved from /home/airflow/.local/lib/python3.8/site-packages/airflow/example_dags/example_short_circuit_operator.py
[2026-05-16T03:02:07.040+0000] {logging_mixin.py:188} INFO - [2026-05-16T03:02:07.039+0000] {dag.py:3036} INFO - Sync 1 DAGs
[2026-05-16T03:02:07.083+0000] {logging_mixin.py:188} INFO - [2026-05-16T03:02:07.082+0000] {dag.py:3823} INFO - Setting next_dagrun for example_short_circuit_operator to 2026-05-15 00:00:00+00:00, run_after=2026-05-16 00:00:00+00:00
[2026-05-16T03:02:07.116+0000] {processor.py:183} INFO - Processing /home/airflow/.local/lib/python3.8/site-packages/airflow/example_dags/example_short_circuit_operator.py took 0.168 seconds
[2026-05-16T03:02:37.384+0000] {processor.py:161} INFO - Started process (PID=2448) to work on /home/airflow/.local/lib/python3.8/site-packages/airflow/example_dags/example_short_circuit_operator.py
[2026-05-16T03:02:37.386+0000] {processor.py:830} INFO - Processing file /home/airflow/.local/lib/python3.8/site-packages/airflow/example_dags/example_short_circuit_operator.py for tasks to queue
[2026-05-16T03:02:37.388+0000] {logging_mixin.py:188} INFO - [2026-05-16T03:02:37.388+0000] {dagbag.py:538} INFO - Filling up the DagBag from /home/airflow/.local/lib/python3.8/site-packages/airflow/example_dags/example_short_circuit_operator.py
[2026-05-16T03:02:37.401+0000] {processor.py:840} INFO - DAG(s) 'example_short_circuit_operator' retrieved from /home/airflow/.local/lib/python3.8/site-packages/airflow/example_dags/example_short_circuit_operator.py
[2026-05-16T03:02:37.453+0000] {logging_mixin.py:188} INFO - [2026-05-16T03:02:37.453+0000] {dag.py:3036} INFO - Sync 1 DAGs
[2026-05-16T03:02:37.493+0000] {logging_mixin.py:188} INFO - [2026-05-16T03:02:37.493+0000] {dag.py:3823} INFO - Setting next_dagrun for example_short_circuit_operator to 2026-05-15 00:00:00+00:00, run_after=2026-05-16 00:00:00+00:00
[2026-05-16T03:02:37.529+0000] {processor.py:183} INFO - Processing /home/airflow/.local/lib/python3.8/site-packages/airflow/example_dags/example_short_circuit_operator.py took 0.150 seconds
[2026-05-16T03:03:08.132+0000] {processor.py:161} INFO - Started process (PID=2513) to work on /home/airflow/.local/lib/python3.8/site-packages/airflow/example_dags/example_short_circuit_operator.py
[2026-05-16T03:03:08.134+0000] {processor.py:830} INFO - Processing file /home/airflow/.local/lib/python3.8/site-packages/airflow/example_dags/example_short_circuit_operator.py for tasks to queue
[2026-05-16T03:03:08.140+0000] {logging_mixin.py:188} INFO - [2026-05-16T03:03:08.139+0000] {dagbag.py:538} INFO - Filling up the DagBag from /home/airflow/.local/lib/python3.8/site-packages/airflow/example_dags/example_short_circuit_operator.py
[2026-05-16T03:03:08.153+0000] {processor.py:840} INFO - DAG(s) 'example_short_circuit_operator' retrieved from /home/airflow/.local/lib/python3.8/site-packages/airflow/example_dags/example_short_circuit_operator.py
[2026-05-16T03:03:08.197+0000] {logging_mixin.py:188} INFO - [2026-05-16T03:03:08.196+0000] {dag.py:3036} INFO - Sync 1 DAGs
[2026-05-16T03:03:08.241+0000] {logging_mixin.py:188} INFO - [2026-05-16T03:03:08.241+0000] {dag.py:3823} INFO - Setting next_dagrun for example_short_circuit_operator to 2026-05-15 00:00:00+00:00, run_after=2026-05-16 00:00:00+00:00
[2026-05-16T03:03:08.274+0000] {processor.py:183} INFO - Processing /home/airflow/.local/lib/python3.8/site-packages/airflow/example_dags/example_short_circuit_operator.py took 0.147 seconds
[2026-05-16T03:03:38.502+0000] {processor.py:161} INFO - Started process (PID=2578) to work on /home/airflow/.local/lib/python3.8/site-packages/airflow/example_dags/example_short_circuit_operator.py
[2026-05-16T03:03:38.504+0000] {processor.py:830} INFO - Processing file /home/airflow/.local/lib/python3.8/site-packages/airflow/example_dags/example_short_circuit_operator.py for tasks to queue
[2026-05-16T03:03:38.506+0000] {logging_mixin.py:188} INFO - [2026-05-16T03:03:38.506+0000] {dagbag.py:538} INFO - Filling up the DagBag from /home/airflow/.local/lib/python3.8/site-packages/airflow/example_dags/example_short_circuit_operator.py
[2026-05-16T03:03:38.519+0000] {processor.py:840} INFO - DAG(s) 'example_short_circuit_operator' retrieved from /home/airflow/.local/lib/python3.8/site-packages/airflow/example_dags/example_short_circuit_operator.py
[2026-05-16T03:03:38.565+0000] {logging_mixin.py:188} INFO - [2026-05-16T03:03:38.565+0000] {dag.py:3036} INFO - Sync 1 DAGs
[2026-05-16T03:03:38.603+0000] {logging_mixin.py:188} INFO - [2026-05-16T03:03:38.602+0000] {dag.py:3823} INFO - Setting next_dagrun for example_short_circuit_operator to 2026-05-15 00:00:00+00:00, run_after=2026-05-16 00:00:00+00:00
[2026-05-16T03:03:38.633+0000] {processor.py:183} INFO - Processing /home/airflow/.local/lib/python3.8/site-packages/airflow/example_dags/example_short_circuit_operator.py took 0.136 seconds
[2026-05-16T03:04:09.234+0000] {processor.py:161} INFO - Started process (PID=2643) to work on /home/airflow/.local/lib/python3.8/site-packages/airflow/example_dags/example_short_circuit_operator.py
[2026-05-16T03:04:09.236+0000] {processor.py:830} INFO - Processing file /home/airflow/.local/lib/python3.8/site-packages/airflow/example_dags/example_short_circuit_operator.py for tasks to queue
[2026-05-16T03:04:09.238+0000] {logging_mixin.py:188} INFO - [2026-05-16T03:04:09.238+0000] {dagbag.py:538} INFO - Filling up the DagBag from /home/airflow/.local/lib/python3.8/site-packages/airflow/example_dags/example_short_circuit_operator.py
[2026-05-16T03:04:09.253+0000] {processor.py:840} INFO - DAG(s) 'example_short_circuit_operator' retrieved from /home/airflow/.local/lib/python3.8/site-packages/airflow/example_dags/example_short_circuit_operator.py
[2026-05-16T03:04:09.296+0000] {logging_mixin.py:188} INFO - [2026-05-16T03:04:09.296+0000] {dag.py:3036} INFO - Sync 1 DAGs
[2026-05-16T03:04:09.335+0000] {logging_mixin.py:188} INFO - [2026-05-16T03:04:09.335+0000] {dag.py:3823} INFO - Setting next_dagrun for example_short_circuit_operator to 2026-05-15 00:00:00+00:00, run_after=2026-05-16 00:00:00+00:00
[2026-05-16T03:04:09.366+0000] {processor.py:183} INFO - Processing /home/airflow/.local/lib/python3.8/site-packages/airflow/example_dags/example_short_circuit_operator.py took 0.138 seconds
[2026-05-16T03:04:39.805+0000] {processor.py:161} INFO - Started process (PID=2708) to work on /home/airflow/.local/lib/python3.8/site-packages/airflow/example_dags/example_short_circuit_operator.py
[2026-05-16T03:04:39.807+0000] {processor.py:830} INFO - Processing file /home/airflow/.local/lib/python3.8/site-packages/airflow/example_dags/example_short_circuit_operator.py for tasks to queue
[2026-05-16T03:04:39.809+0000] {logging_mixin.py:188} INFO - [2026-05-16T03:04:39.809+0000] {dagbag.py:538} INFO - Filling up the DagBag from /home/airflow/.local/lib/python3.8/site-packages/airflow/example_dags/example_short_circuit_operator.py
[2026-05-16T03:04:39.822+0000] {processor.py:840} INFO - DAG(s) 'example_short_circuit_operator' retrieved from /home/airflow/.local/lib/python3.8/site-packages/airflow/example_dags/example_short_circuit_operator.py
[2026-05-16T03:04:39.871+0000] {logging_mixin.py:188} INFO - [2026-05-16T03:04:39.870+0000] {dag.py:3036} INFO - Sync 1 DAGs
[2026-05-16T03:04:39.910+0000] {logging_mixin.py:188} INFO - [2026-05-16T03:04:39.910+0000] {dag.py:3823} INFO - Setting next_dagrun for example_short_circuit_operator to 2026-05-15 00:00:00+00:00, run_after=2026-05-16 00:00:00+00:00
[2026-05-16T03:04:39.947+0000] {processor.py:183} INFO - Processing /home/airflow/.local/lib/python3.8/site-packages/airflow/example_dags/example_short_circuit_operator.py took 0.147 seconds
[2026-05-16T03:05:10.372+0000] {processor.py:161} INFO - Started process (PID=2774) to work on /home/airflow/.local/lib/python3.8/site-packages/airflow/example_dags/example_short_circuit_operator.py
[2026-05-16T03:05:10.374+0000] {processor.py:830} INFO - Processing file /home/airflow/.local/lib/python3.8/site-packages/airflow/example_dags/example_short_circuit_operator.py for tasks to queue
[2026-05-16T03:05:10.376+0000] {logging_mixin.py:188} INFO - [2026-05-16T03:05:10.376+0000] {dagbag.py:538} INFO - Filling up the DagBag from /home/airflow/.local/lib/python3.8/site-packages/airflow/example_dags/example_short_circuit_operator.py
[2026-05-16T03:05:10.389+0000] {processor.py:840} INFO - DAG(s) 'example_short_circuit_operator' retrieved from /home/airflow/.local/lib/python3.8/site-packages/airflow/example_dags/example_short_circuit_operator.py
[2026-05-16T03:05:10.432+0000] {logging_mixin.py:188} INFO - [2026-05-16T03:05:10.432+0000] {dag.py:3036} INFO - Sync 1 DAGs
[2026-05-16T03:05:10.467+0000] {logging_mixin.py:188} INFO - [2026-05-16T03:05:10.466+0000] {dag.py:3823} INFO - Setting next_dagrun for example_short_circuit_operator to 2026-05-15 00:00:00+00:00, run_after=2026-05-16 00:00:00+00:00
[2026-05-16T03:05:10.498+0000] {processor.py:183} INFO - Processing /home/airflow/.local/lib/python3.8/site-packages/airflow/example_dags/example_short_circuit_operator.py took 0.130 seconds
[2026-05-16T03:05:40.849+0000] {processor.py:161} INFO - Started process (PID=2839) to work on /home/airflow/.local/lib/python3.8/site-packages/airflow/example_dags/example_short_circuit_operator.py
[2026-05-16T03:05:40.851+0000] {processor.py:830} INFO - Processing file /home/airflow/.local/lib/python3.8/site-packages/airflow/example_dags/example_short_circuit_operator.py for tasks to queue
[2026-05-16T03:05:40.853+0000] {logging_mixin.py:188} INFO - [2026-05-16T03:05:40.853+0000] {dagbag.py:538} INFO - Filling up the DagBag from /home/airflow/.local/lib/python3.8/site-packages/airflow/example_dags/example_short_circuit_operator.py
[2026-05-16T03:05:40.867+0000] {processor.py:840} INFO - DAG(s) 'example_short_circuit_operator' retrieved from /home/airflow/.local/lib/python3.8/site-packages/airflow/example_dags/example_short_circuit_operator.py
[2026-05-16T03:05:40.912+0000] {logging_mixin.py:188} INFO - [2026-05-16T03:05:40.912+0000] {dag.py:3036} INFO - Sync 1 DAGs
[2026-05-16T03:05:40.955+0000] {logging_mixin.py:188} INFO - [2026-05-16T03:05:40.955+0000] {dag.py:3823} INFO - Setting next_dagrun for example_short_circuit_operator to 2026-05-15 00:00:00+00:00, run_after=2026-05-16 00:00:00+00:00
[2026-05-16T03:05:40.990+0000] {processor.py:183} INFO - Processing /home/airflow/.local/lib/python3.8/site-packages/airflow/example_dags/example_short_circuit_operator.py took 0.147 seconds
[2026-05-16T03:06:11.428+0000] {processor.py:161} INFO - Started process (PID=2905) to work on /home/airflow/.local/lib/python3.8/site-packages/airflow/example_dags/example_short_circuit_operator.py
[2026-05-16T03:06:11.429+0000] {processor.py:830} INFO - Processing file /home/airflow/.local/lib/python3.8/site-packages/airflow/example_dags/example_short_circuit_operator.py for tasks to queue
[2026-05-16T03:06:11.432+0000] {logging_mixin.py:188} INFO - [2026-05-16T03:06:11.431+0000] {dagbag.py:538} INFO - Filling up the DagBag from /home/airflow/.local/lib/python3.8/site-packages/airflow/example_dags/example_short_circuit_operator.py
[2026-05-16T03:06:11.444+0000] {processor.py:840} INFO - DAG(s) 'example_short_circuit_operator' retrieved from /home/airflow/.local/lib/python3.8/site-packages/airflow/example_dags/example_short_circuit_operator.py
[2026-05-16T03:06:11.493+0000] {logging_mixin.py:188} INFO - [2026-05-16T03:06:11.492+0000] {dag.py:3036} INFO - Sync 1 DAGs
[2026-05-16T03:06:11.537+0000] {logging_mixin.py:188} INFO - [2026-05-16T03:06:11.536+0000] {dag.py:3823} INFO - Setting next_dagrun for example_short_circuit_operator to 2026-05-15 00:00:00+00:00, run_after=2026-05-16 00:00:00+00:00
[2026-05-16T03:06:11.573+0000] {processor.py:183} INFO - Processing /home/airflow/.local/lib/python3.8/site-packages/airflow/example_dags/example_short_circuit_operator.py took 0.151 seconds
[2026-05-16T03:06:41.726+0000] {processor.py:161} INFO - Started process (PID=2970) to work on /home/airflow/.local/lib/python3.8/site-packages/airflow/example_dags/example_short_circuit_operator.py
[2026-05-16T03:06:41.728+0000] {processor.py:830} INFO - Processing file /home/airflow/.local/lib/python3.8/site-packages/airflow/example_dags/example_short_circuit_operator.py for tasks to queue
[2026-05-16T03:06:41.732+0000] {logging_mixin.py:188} INFO - [2026-05-16T03:06:41.732+0000] {dagbag.py:538} INFO - Filling up the DagBag from /home/airflow/.local/lib/python3.8/site-packages/airflow/example_dags/example_short_circuit_operator.py
[2026-05-16T03:06:41.745+0000] {processor.py:840} INFO - DAG(s) 'example_short_circuit_operator' retrieved from /home/airflow/.local/lib/python3.8/site-packages/airflow/example_dags/example_short_circuit_operator.py
[2026-05-16T03:06:41.790+0000] {logging_mixin.py:188} INFO - [2026-05-16T03:06:41.789+0000] {dag.py:3036} INFO - Sync 1 DAGs
[2026-05-16T03:06:41.831+0000] {logging_mixin.py:188} INFO - [2026-05-16T03:06:41.831+0000] {dag.py:3823} INFO - Setting next_dagrun for example_short_circuit_operator to 2026-05-15 00:00:00+00:00, run_after=2026-05-16 00:00:00+00:00
[2026-05-16T03:06:41.863+0000] {processor.py:183} INFO - Processing /home/airflow/.local/lib/python3.8/site-packages/airflow/example_dags/example_short_circuit_operator.py took 0.142 seconds
[2026-05-16T03:07:12.015+0000] {processor.py:161} INFO - Started process (PID=3042) to work on /home/airflow/.local/lib/python3.8/site-packages/airflow/example_dags/example_short_circuit_operator.py
[2026-05-16T03:07:12.017+0000] {processor.py:830} INFO - Processing file /home/airflow/.local/lib/python3.8/site-packages/airflow/example_dags/example_short_circuit_operator.py for tasks to queue
[2026-05-16T03:07:12.020+0000] {logging_mixin.py:188} INFO - [2026-05-16T03:07:12.019+0000] {dagbag.py:538} INFO - Filling up the DagBag from /home/airflow/.local/lib/python3.8/site-packages/airflow/example_dags/example_short_circuit_operator.py
[2026-05-16T03:07:12.035+0000] {processor.py:840} INFO - DAG(s) 'example_short_circuit_operator' retrieved from /home/airflow/.local/lib/python3.8/site-packages/airflow/example_dags/example_short_circuit_operator.py
[2026-05-16T03:07:12.086+0000] {logging_mixin.py:188} INFO - [2026-05-16T03:07:12.086+0000] {dag.py:3036} INFO - Sync 1 DAGs
[2026-05-16T03:07:12.131+0000] {logging_mixin.py:188} INFO - [2026-05-16T03:07:12.131+0000] {dag.py:3823} INFO - Setting next_dagrun for example_short_circuit_operator to 2026-05-15 00:00:00+00:00, run_after=2026-05-16 00:00:00+00:00
[2026-05-16T03:07:12.167+0000] {processor.py:183} INFO - Processing /home/airflow/.local/lib/python3.8/site-packages/airflow/example_dags/example_short_circuit_operator.py took 0.158 seconds
[2026-05-16T03:07:43.094+0000] {processor.py:161} INFO - Started process (PID=3108) to work on /home/airflow/.local/lib/python3.8/site-packages/airflow/example_dags/example_short_circuit_operator.py
[2026-05-16T03:07:43.097+0000] {processor.py:830} INFO - Processing file /home/airflow/.local/lib/python3.8/site-packages/airflow/example_dags/example_short_circuit_operator.py for tasks to queue
[2026-05-16T03:07:43.101+0000] {logging_mixin.py:188} INFO - [2026-05-16T03:07:43.100+0000] {dagbag.py:538} INFO - Filling up the DagBag from /home/airflow/.local/lib/python3.8/site-packages/airflow/example_dags/example_short_circuit_operator.py
[2026-05-16T03:07:43.118+0000] {processor.py:840} INFO - DAG(s) 'example_short_circuit_operator' retrieved from /home/airflow/.local/lib/python3.8/site-packages/airflow/example_dags/example_short_circuit_operator.py
[2026-05-16T03:07:43.172+0000] {logging_mixin.py:188} INFO - [2026-05-16T03:07:43.172+0000] {dag.py:3036} INFO - Sync 1 DAGs
[2026-05-16T03:07:43.217+0000] {logging_mixin.py:188} INFO - [2026-05-16T03:07:43.217+0000] {dag.py:3823} INFO - Setting next_dagrun for example_short_circuit_operator to 2026-05-15 00:00:00+00:00, run_after=2026-05-16 00:00:00+00:00
[2026-05-16T03:07:43.257+0000] {processor.py:183} INFO - Processing /home/airflow/.local/lib/python3.8/site-packages/airflow/example_dags/example_short_circuit_operator.py took 0.169 seconds
[2026-05-16T03:08:13.554+0000] {processor.py:161} INFO - Started process (PID=3173) to work on /home/airflow/.local/lib/python3.8/site-packages/airflow/example_dags/example_short_circuit_operator.py
[2026-05-16T03:08:13.556+0000] {processor.py:830} INFO - Processing file /home/airflow/.local/lib/python3.8/site-packages/airflow/example_dags/example_short_circuit_operator.py for tasks to queue
[2026-05-16T03:08:13.559+0000] {logging_mixin.py:188} INFO - [2026-05-16T03:08:13.559+0000] {dagbag.py:538} INFO - Filling up the DagBag from /home/airflow/.local/lib/python3.8/site-packages/airflow/example_dags/example_short_circuit_operator.py
[2026-05-16T03:08:13.574+0000] {processor.py:840} INFO - DAG(s) 'example_short_circuit_operator' retrieved from /home/airflow/.local/lib/python3.8/site-packages/airflow/example_dags/example_short_circuit_operator.py
[2026-05-16T03:08:13.625+0000] {logging_mixin.py:188} INFO - [2026-05-16T03:08:13.625+0000] {dag.py:3036} INFO - Sync 1 DAGs
[2026-05-16T03:08:13.671+0000] {logging_mixin.py:188} INFO - [2026-05-16T03:08:13.671+0000] {dag.py:3823} INFO - Setting next_dagrun for example_short_circuit_operator to 2026-05-15 00:00:00+00:00, run_after=2026-05-16 00:00:00+00:00
[2026-05-16T03:08:13.711+0000] {processor.py:183} INFO - Processing /home/airflow/.local/lib/python3.8/site-packages/airflow/example_dags/example_short_circuit_operator.py took 0.163 seconds
[2026-05-16T03:08:44.081+0000] {processor.py:161} INFO - Started process (PID=3239) to work on /home/airflow/.local/lib/python3.8/site-packages/airflow/example_dags/example_short_circuit_operator.py
[2026-05-16T03:08:44.084+0000] {processor.py:830} INFO - Processing file /home/airflow/.local/lib/python3.8/site-packages/airflow/example_dags/example_short_circuit_operator.py for tasks to queue
[2026-05-16T03:08:44.087+0000] {logging_mixin.py:188} INFO - [2026-05-16T03:08:44.086+0000] {dagbag.py:538} INFO - Filling up the DagBag from /home/airflow/.local/lib/python3.8/site-packages/airflow/example_dags/example_short_circuit_operator.py
[2026-05-16T03:08:44.102+0000] {processor.py:840} INFO - DAG(s) 'example_short_circuit_operator' retrieved from /home/airflow/.local/lib/python3.8/site-packages/airflow/example_dags/example_short_circuit_operator.py
[2026-05-16T03:08:44.150+0000] {logging_mixin.py:188} INFO - [2026-05-16T03:08:44.150+0000] {dag.py:3036} INFO - Sync 1 DAGs
[2026-05-16T03:08:44.192+0000] {logging_mixin.py:188} INFO - [2026-05-16T03:08:44.191+0000] {dag.py:3823} INFO - Setting next_dagrun for example_short_circuit_operator to 2026-05-15 00:00:00+00:00, run_after=2026-05-16 00:00:00+00:00
[2026-05-16T03:08:44.225+0000] {processor.py:183} INFO - Processing /home/airflow/.local/lib/python3.8/site-packages/airflow/example_dags/example_short_circuit_operator.py took 0.150 seconds
[2026-05-16T03:09:14.902+0000] {processor.py:161} INFO - Started process (PID=3304) to work on /home/airflow/.local/lib/python3.8/site-packages/airflow/example_dags/example_short_circuit_operator.py
[2026-05-16T03:09:14.904+0000] {processor.py:830} INFO - Processing file /home/airflow/.local/lib/python3.8/site-packages/airflow/example_dags/example_short_circuit_operator.py for tasks to queue
[2026-05-16T03:09:14.906+0000] {logging_mixin.py:188} INFO - [2026-05-16T03:09:14.906+0000] {dagbag.py:538} INFO - Filling up the DagBag from /home/airflow/.local/lib/python3.8/site-packages/airflow/example_dags/example_short_circuit_operator.py
[2026-05-16T03:09:14.919+0000] {processor.py:840} INFO - DAG(s) 'example_short_circuit_operator' retrieved from /home/airflow/.local/lib/python3.8/site-packages/airflow/example_dags/example_short_circuit_operator.py
[2026-05-16T03:09:14.965+0000] {logging_mixin.py:188} INFO - [2026-05-16T03:09:14.965+0000] {dag.py:3036} INFO - Sync 1 DAGs
[2026-05-16T03:09:15.008+0000] {logging_mixin.py:188} INFO - [2026-05-16T03:09:15.008+0000] {dag.py:3823} INFO - Setting next_dagrun for example_short_circuit_operator to 2026-05-15 00:00:00+00:00, run_after=2026-05-16 00:00:00+00:00
[2026-05-16T03:09:15.056+0000] {processor.py:183} INFO - Processing /home/airflow/.local/lib/python3.8/site-packages/airflow/example_dags/example_short_circuit_operator.py took 0.159 seconds
[2026-05-16T03:09:45.509+0000] {processor.py:161} INFO - Started process (PID=3370) to work on /home/airflow/.local/lib/python3.8/site-packages/airflow/example_dags/example_short_circuit_operator.py
[2026-05-16T03:09:45.511+0000] {processor.py:830} INFO - Processing file /home/airflow/.local/lib/python3.8/site-packages/airflow/example_dags/example_short_circuit_operator.py for tasks to queue
[2026-05-16T03:09:45.514+0000] {logging_mixin.py:188} INFO - [2026-05-16T03:09:45.513+0000] {dagbag.py:538} INFO - Filling up the DagBag from /home/airflow/.local/lib/python3.8/site-packages/airflow/example_dags/example_short_circuit_operator.py
[2026-05-16T03:09:45.528+0000] {processor.py:840} INFO - DAG(s) 'example_short_circuit_operator' retrieved from /home/airflow/.local/lib/python3.8/site-packages/airflow/example_dags/example_short_circuit_operator.py
[2026-05-16T03:09:45.602+0000] {logging_mixin.py:188} INFO - [2026-05-16T03:09:45.602+0000] {dag.py:3036} INFO - Sync 1 DAGs
[2026-05-16T03:09:45.682+0000] {logging_mixin.py:188} INFO - [2026-05-16T03:09:45.682+0000] {dag.py:3823} INFO - Setting next_dagrun for example_short_circuit_operator to 2026-05-15 00:00:00+00:00, run_after=2026-05-16 00:00:00+00:00
[2026-05-16T03:09:45.712+0000] {processor.py:183} INFO - Processing /home/airflow/.local/lib/python3.8/site-packages/airflow/example_dags/example_short_circuit_operator.py took 0.209 seconds
[2026-05-16T03:10:16.608+0000] {processor.py:161} INFO - Started process (PID=3435) to work on /home/airflow/.local/lib/python3.8/site-packages/airflow/example_dags/example_short_circuit_operator.py
[2026-05-16T03:10:16.610+0000] {processor.py:830} INFO - Processing file /home/airflow/.local/lib/python3.8/site-packages/airflow/example_dags/example_short_circuit_operator.py for tasks to queue
[2026-05-16T03:10:16.612+0000] {logging_mixin.py:188} INFO - [2026-05-16T03:10:16.612+0000] {dagbag.py:538} INFO - Filling up the DagBag from /home/airflow/.local/lib/python3.8/site-packages/airflow/example_dags/example_short_circuit_operator.py
[2026-05-16T03:10:16.628+0000] {processor.py:840} INFO - DAG(s) 'example_short_circuit_operator' retrieved from /home/airflow/.local/lib/python3.8/site-packages/airflow/example_dags/example_short_circuit_operator.py
[2026-05-16T03:10:16.674+0000] {logging_mixin.py:188} INFO - [2026-05-16T03:10:16.674+0000] {dag.py:3036} INFO - Sync 1 DAGs
[2026-05-16T03:10:16.721+0000] {logging_mixin.py:188} INFO - [2026-05-16T03:10:16.718+0000] {dag.py:3823} INFO - Setting next_dagrun for example_short_circuit_operator to 2026-05-15 00:00:00+00:00, run_after=2026-05-16 00:00:00+00:00
[2026-05-16T03:10:16.761+0000] {processor.py:183} INFO - Processing /home/airflow/.local/lib/python3.8/site-packages/airflow/example_dags/example_short_circuit_operator.py took 0.158 seconds
[2026-05-16T03:10:46.946+0000] {processor.py:161} INFO - Started process (PID=3500) to work on /home/airflow/.local/lib/python3.8/site-packages/airflow/example_dags/example_short_circuit_operator.py
[2026-05-16T03:10:46.948+0000] {processor.py:830} INFO - Processing file /home/airflow/.local/lib/python3.8/site-packages/airflow/example_dags/example_short_circuit_operator.py for tasks to queue
[2026-05-16T03:10:46.951+0000] {logging_mixin.py:188} INFO - [2026-05-16T03:10:46.951+0000] {dagbag.py:538} INFO - Filling up the DagBag from /home/airflow/.local/lib/python3.8/site-packages/airflow/example_dags/example_short_circuit_operator.py
[2026-05-16T03:10:46.964+0000] {processor.py:840} INFO - DAG(s) 'example_short_circuit_operator' retrieved from /home/airflow/.local/lib/python3.8/site-packages/airflow/example_dags/example_short_circuit_operator.py
[2026-05-16T03:10:47.010+0000] {logging_mixin.py:188} INFO - [2026-05-16T03:10:47.009+0000] {dag.py:3036} INFO - Sync 1 DAGs
[2026-05-16T03:10:47.048+0000] {logging_mixin.py:188} INFO - [2026-05-16T03:10:47.048+0000] {dag.py:3823} INFO - Setting next_dagrun for example_short_circuit_operator to 2026-05-15 00:00:00+00:00, run_after=2026-05-16 00:00:00+00:00
[2026-05-16T03:10:47.079+0000] {processor.py:183} INFO - Processing /home/airflow/.local/lib/python3.8/site-packages/airflow/example_dags/example_short_circuit_operator.py took 0.139 seconds
[2026-05-16T03:11:17.973+0000] {processor.py:161} INFO - Started process (PID=3565) to work on /home/airflow/.local/lib/python3.8/site-packages/airflow/example_dags/example_short_circuit_operator.py
[2026-05-16T03:11:17.975+0000] {processor.py:830} INFO - Processing file /home/airflow/.local/lib/python3.8/site-packages/airflow/example_dags/example_short_circuit_operator.py for tasks to queue
[2026-05-16T03:11:17.978+0000] {logging_mixin.py:188} INFO - [2026-05-16T03:11:17.978+0000] {dagbag.py:538} INFO - Filling up the DagBag from /home/airflow/.local/lib/python3.8/site-packages/airflow/example_dags/example_short_circuit_operator.py
[2026-05-16T03:11:17.994+0000] {processor.py:840} INFO - DAG(s) 'example_short_circuit_operator' retrieved from /home/airflow/.local/lib/python3.8/site-packages/airflow/example_dags/example_short_circuit_operator.py
[2026-05-16T03:11:18.046+0000] {logging_mixin.py:188} INFO - [2026-05-16T03:11:18.046+0000] {dag.py:3036} INFO - Sync 1 DAGs
[2026-05-16T03:11:18.089+0000] {logging_mixin.py:188} INFO - [2026-05-16T03:11:18.089+0000] {dag.py:3823} INFO - Setting next_dagrun for example_short_circuit_operator to 2026-05-15 00:00:00+00:00, run_after=2026-05-16 00:00:00+00:00
[2026-05-16T03:11:18.125+0000] {processor.py:183} INFO - Processing /home/airflow/.local/lib/python3.8/site-packages/airflow/example_dags/example_short_circuit_operator.py took 0.157 seconds
[2026-05-16T03:11:49.283+0000] {processor.py:161} INFO - Started process (PID=3630) to work on /home/airflow/.local/lib/python3.8/site-packages/airflow/example_dags/example_short_circuit_operator.py
[2026-05-16T03:11:49.285+0000] {processor.py:830} INFO - Processing file /home/airflow/.local/lib/python3.8/site-packages/airflow/example_dags/example_short_circuit_operator.py for tasks to queue
[2026-05-16T03:11:49.288+0000] {logging_mixin.py:188} INFO - [2026-05-16T03:11:49.288+0000] {dagbag.py:538} INFO - Filling up the DagBag from /home/airflow/.local/lib/python3.8/site-packages/airflow/example_dags/example_short_circuit_operator.py
[2026-05-16T03:11:49.302+0000] {processor.py:840} INFO - DAG(s) 'example_short_circuit_operator' retrieved from /home/airflow/.local/lib/python3.8/site-packages/airflow/example_dags/example_short_circuit_operator.py
[2026-05-16T03:11:49.347+0000] {logging_mixin.py:188} INFO - [2026-05-16T03:11:49.346+0000] {dag.py:3036} INFO - Sync 1 DAGs
[2026-05-16T03:11:49.593+0000] {logging_mixin.py:188} INFO - [2026-05-16T03:11:49.593+0000] {dag.py:3823} INFO - Setting next_dagrun for example_short_circuit_operator to 2026-05-15 00:00:00+00:00, run_after=2026-05-16 00:00:00+00:00
[2026-05-16T03:11:49.628+0000] {processor.py:183} INFO - Processing /home/airflow/.local/lib/python3.8/site-packages/airflow/example_dags/example_short_circuit_operator.py took 0.350 seconds
[2026-05-16T03:12:19.848+0000] {processor.py:161} INFO - Started process (PID=3696) to work on /home/airflow/.local/lib/python3.8/site-packages/airflow/example_dags/example_short_circuit_operator.py
[2026-05-16T03:12:19.850+0000] {processor.py:830} INFO - Processing file /home/airflow/.local/lib/python3.8/site-packages/airflow/example_dags/example_short_circuit_operator.py for tasks to queue
[2026-05-16T03:12:19.853+0000] {logging_mixin.py:188} INFO - [2026-05-16T03:12:19.853+0000] {dagbag.py:538} INFO - Filling up the DagBag from /home/airflow/.local/lib/python3.8/site-packages/airflow/example_dags/example_short_circuit_operator.py
[2026-05-16T03:12:19.870+0000] {processor.py:840} INFO - DAG(s) 'example_short_circuit_operator' retrieved from /home/airflow/.local/lib/python3.8/site-packages/airflow/example_dags/example_short_circuit_operator.py
[2026-05-16T03:12:19.925+0000] {logging_mixin.py:188} INFO - [2026-05-16T03:12:19.924+0000] {dag.py:3036} INFO - Sync 1 DAGs
[2026-05-16T03:12:19.967+0000] {logging_mixin.py:188} INFO - [2026-05-16T03:12:19.966+0000] {dag.py:3823} INFO - Setting next_dagrun for example_short_circuit_operator to 2026-05-15 00:00:00+00:00, run_after=2026-05-16 00:00:00+00:00
[2026-05-16T03:12:20.193+0000] {processor.py:183} INFO - Processing /home/airflow/.local/lib/python3.8/site-packages/airflow/example_dags/example_short_circuit_operator.py took 0.351 seconds
[2026-05-16T03:12:50.279+0000] {processor.py:161} INFO - Started process (PID=3761) to work on /home/airflow/.local/lib/python3.8/site-packages/airflow/example_dags/example_short_circuit_operator.py
[2026-05-16T03:12:50.281+0000] {processor.py:830} INFO - Processing file /home/airflow/.local/lib/python3.8/site-packages/airflow/example_dags/example_short_circuit_operator.py for tasks to queue
[2026-05-16T03:12:50.284+0000] {logging_mixin.py:188} INFO - [2026-05-16T03:12:50.283+0000] {dagbag.py:538} INFO - Filling up the DagBag from /home/airflow/.local/lib/python3.8/site-packages/airflow/example_dags/example_short_circuit_operator.py
[2026-05-16T03:12:50.296+0000] {processor.py:840} INFO - DAG(s) 'example_short_circuit_operator' retrieved from /home/airflow/.local/lib/python3.8/site-packages/airflow/example_dags/example_short_circuit_operator.py
[2026-05-16T03:12:50.338+0000] {logging_mixin.py:188} INFO - [2026-05-16T03:12:50.337+0000] {dag.py:3036} INFO - Sync 1 DAGs
[2026-05-16T03:12:50.375+0000] {logging_mixin.py:188} INFO - [2026-05-16T03:12:50.374+0000] {dag.py:3823} INFO - Setting next_dagrun for example_short_circuit_operator to 2026-05-15 00:00:00+00:00, run_after=2026-05-16 00:00:00+00:00
[2026-05-16T03:12:50.406+0000] {processor.py:183} INFO - Processing /home/airflow/.local/lib/python3.8/site-packages/airflow/example_dags/example_short_circuit_operator.py took 0.133 seconds
[2026-05-16T03:13:21.450+0000] {processor.py:161} INFO - Started process (PID=3826) to work on /home/airflow/.local/lib/python3.8/site-packages/airflow/example_dags/example_short_circuit_operator.py
[2026-05-16T03:13:21.452+0000] {processor.py:830} INFO - Processing file /home/airflow/.local/lib/python3.8/site-packages/airflow/example_dags/example_short_circuit_operator.py for tasks to queue
[2026-05-16T03:13:21.454+0000] {logging_mixin.py:188} INFO - [2026-05-16T03:13:21.454+0000] {dagbag.py:538} INFO - Filling up the DagBag from /home/airflow/.local/lib/python3.8/site-packages/airflow/example_dags/example_short_circuit_operator.py
[2026-05-16T03:13:21.658+0000] {processor.py:840} INFO - DAG(s) 'example_short_circuit_operator' retrieved from /home/airflow/.local/lib/python3.8/site-packages/airflow/example_dags/example_short_circuit_operator.py
[2026-05-16T03:13:21.699+0000] {logging_mixin.py:188} INFO - [2026-05-16T03:13:21.699+0000] {dag.py:3036} INFO - Sync 1 DAGs
[2026-05-16T03:13:21.733+0000] {logging_mixin.py:188} INFO - [2026-05-16T03:13:21.733+0000] {dag.py:3823} INFO - Setting next_dagrun for example_short_circuit_operator to 2026-05-15 00:00:00+00:00, run_after=2026-05-16 00:00:00+00:00
[2026-05-16T03:13:21.771+0000] {processor.py:183} INFO - Processing /home/airflow/.local/lib/python3.8/site-packages/airflow/example_dags/example_short_circuit_operator.py took 0.326 seconds
[2026-05-16T03:13:52.004+0000] {processor.py:161} INFO - Started process (PID=3900) to work on /home/airflow/.local/lib/python3.8/site-packages/airflow/example_dags/example_short_circuit_operator.py
[2026-05-16T03:13:52.005+0000] {processor.py:830} INFO - Processing file /home/airflow/.local/lib/python3.8/site-packages/airflow/example_dags/example_short_circuit_operator.py for tasks to queue
[2026-05-16T03:13:52.008+0000] {logging_mixin.py:188} INFO - [2026-05-16T03:13:52.008+0000] {dagbag.py:538} INFO - Filling up the DagBag from /home/airflow/.local/lib/python3.8/site-packages/airflow/example_dags/example_short_circuit_operator.py
[2026-05-16T03:13:52.020+0000] {processor.py:840} INFO - DAG(s) 'example_short_circuit_operator' retrieved from /home/airflow/.local/lib/python3.8/site-packages/airflow/example_dags/example_short_circuit_operator.py
[2026-05-16T03:13:52.061+0000] {logging_mixin.py:188} INFO - [2026-05-16T03:13:52.061+0000] {dag.py:3036} INFO - Sync 1 DAGs
[2026-05-16T03:13:52.096+0000] {logging_mixin.py:188} INFO - [2026-05-16T03:13:52.095+0000] {dag.py:3823} INFO - Setting next_dagrun for example_short_circuit_operator to 2026-05-15 00:00:00+00:00, run_after=2026-05-16 00:00:00+00:00
[2026-05-16T03:13:52.124+0000] {processor.py:183} INFO - Processing /home/airflow/.local/lib/python3.8/site-packages/airflow/example_dags/example_short_circuit_operator.py took 0.125 seconds
[2026-05-16T03:14:22.275+0000] {processor.py:161} INFO - Started process (PID=3965) to work on /home/airflow/.local/lib/python3.8/site-packages/airflow/example_dags/example_short_circuit_operator.py
[2026-05-16T03:14:22.277+0000] {processor.py:830} INFO - Processing file /home/airflow/.local/lib/python3.8/site-packages/airflow/example_dags/example_short_circuit_operator.py for tasks to queue
[2026-05-16T03:14:22.279+0000] {logging_mixin.py:188} INFO - [2026-05-16T03:14:22.279+0000] {dagbag.py:538} INFO - Filling up the DagBag from /home/airflow/.local/lib/python3.8/site-packages/airflow/example_dags/example_short_circuit_operator.py
[2026-05-16T03:14:22.292+0000] {processor.py:840} INFO - DAG(s) 'example_short_circuit_operator' retrieved from /home/airflow/.local/lib/python3.8/site-packages/airflow/example_dags/example_short_circuit_operator.py
[2026-05-16T03:14:22.334+0000] {logging_mixin.py:188} INFO - [2026-05-16T03:14:22.334+0000] {dag.py:3036} INFO - Sync 1 DAGs
[2026-05-16T03:14:22.373+0000] {logging_mixin.py:188} INFO - [2026-05-16T03:14:22.372+0000] {dag.py:3823} INFO - Setting next_dagrun for example_short_circuit_operator to 2026-05-15 00:00:00+00:00, run_after=2026-05-16 00:00:00+00:00
[2026-05-16T03:14:22.404+0000] {processor.py:183} INFO - Processing /home/airflow/.local/lib/python3.8/site-packages/airflow/example_dags/example_short_circuit_operator.py took 0.135 seconds
[2026-05-16T03:14:52.599+0000] {processor.py:161} INFO - Started process (PID=4029) to work on /home/airflow/.local/lib/python3.8/site-packages/airflow/example_dags/example_short_circuit_operator.py
[2026-05-16T03:14:52.601+0000] {processor.py:830} INFO - Processing file /home/airflow/.local/lib/python3.8/site-packages/airflow/example_dags/example_short_circuit_operator.py for tasks to queue
[2026-05-16T03:14:52.603+0000] {logging_mixin.py:188} INFO - [2026-05-16T03:14:52.603+0000] {dagbag.py:538} INFO - Filling up the DagBag from /home/airflow/.local/lib/python3.8/site-packages/airflow/example_dags/example_short_circuit_operator.py
[2026-05-16T03:14:52.616+0000] {processor.py:840} INFO - DAG(s) 'example_short_circuit_operator' retrieved from /home/airflow/.local/lib/python3.8/site-packages/airflow/example_dags/example_short_circuit_operator.py
[2026-05-16T03:14:52.666+0000] {logging_mixin.py:188} INFO - [2026-05-16T03:14:52.666+0000] {dag.py:3036} INFO - Sync 1 DAGs
[2026-05-16T03:14:52.711+0000] {logging_mixin.py:188} INFO - [2026-05-16T03:14:52.710+0000] {dag.py:3823} INFO - Setting next_dagrun for example_short_circuit_operator to 2026-05-15 00:00:00+00:00, run_after=2026-05-16 00:00:00+00:00
[2026-05-16T03:14:52.746+0000] {processor.py:183} INFO - Processing /home/airflow/.local/lib/python3.8/site-packages/airflow/example_dags/example_short_circuit_operator.py took 0.152 seconds
[2026-05-16T03:15:22.941+0000] {processor.py:161} INFO - Started process (PID=4094) to work on /home/airflow/.local/lib/python3.8/site-packages/airflow/example_dags/example_short_circuit_operator.py
[2026-05-16T03:15:22.943+0000] {processor.py:830} INFO - Processing file /home/airflow/.local/lib/python3.8/site-packages/airflow/example_dags/example_short_circuit_operator.py for tasks to queue
[2026-05-16T03:15:22.947+0000] {logging_mixin.py:188} INFO - [2026-05-16T03:15:22.946+0000] {dagbag.py:538} INFO - Filling up the DagBag from /home/airflow/.local/lib/python3.8/site-packages/airflow/example_dags/example_short_circuit_operator.py
[2026-05-16T03:15:22.962+0000] {processor.py:840} INFO - DAG(s) 'example_short_circuit_operator' retrieved from /home/airflow/.local/lib/python3.8/site-packages/airflow/example_dags/example_short_circuit_operator.py
[2026-05-16T03:15:23.016+0000] {logging_mixin.py:188} INFO - [2026-05-16T03:15:23.015+0000] {dag.py:3036} INFO - Sync 1 DAGs
[2026-05-16T03:15:23.060+0000] {logging_mixin.py:188} INFO - [2026-05-16T03:15:23.059+0000] {dag.py:3823} INFO - Setting next_dagrun for example_short_circuit_operator to 2026-05-15 00:00:00+00:00, run_after=2026-05-16 00:00:00+00:00
[2026-05-16T03:15:23.097+0000] {processor.py:183} INFO - Processing /home/airflow/.local/lib/python3.8/site-packages/airflow/example_dags/example_short_circuit_operator.py took 0.163 seconds
[2026-05-16T03:15:53.277+0000] {processor.py:161} INFO - Started process (PID=4159) to work on /home/airflow/.local/lib/python3.8/site-packages/airflow/example_dags/example_short_circuit_operator.py
[2026-05-16T03:15:53.279+0000] {processor.py:830} INFO - Processing file /home/airflow/.local/lib/python3.8/site-packages/airflow/example_dags/example_short_circuit_operator.py for tasks to queue
[2026-05-16T03:15:53.282+0000] {logging_mixin.py:188} INFO - [2026-05-16T03:15:53.281+0000] {dagbag.py:538} INFO - Filling up the DagBag from /home/airflow/.local/lib/python3.8/site-packages/airflow/example_dags/example_short_circuit_operator.py
[2026-05-16T03:15:53.296+0000] {processor.py:840} INFO - DAG(s) 'example_short_circuit_operator' retrieved from /home/airflow/.local/lib/python3.8/site-packages/airflow/example_dags/example_short_circuit_operator.py
[2026-05-16T03:15:53.347+0000] {logging_mixin.py:188} INFO - [2026-05-16T03:15:53.347+0000] {dag.py:3036} INFO - Sync 1 DAGs
[2026-05-16T03:15:53.387+0000] {logging_mixin.py:188} INFO - [2026-05-16T03:15:53.387+0000] {dag.py:3823} INFO - Setting next_dagrun for example_short_circuit_operator to 2026-05-15 00:00:00+00:00, run_after=2026-05-16 00:00:00+00:00
[2026-05-16T03:15:53.418+0000] {processor.py:183} INFO - Processing /home/airflow/.local/lib/python3.8/site-packages/airflow/example_dags/example_short_circuit_operator.py took 0.146 seconds
[2026-05-16T03:16:23.690+0000] {processor.py:161} INFO - Started process (PID=4223) to work on /home/airflow/.local/lib/python3.8/site-packages/airflow/example_dags/example_short_circuit_operator.py
[2026-05-16T03:16:23.692+0000] {processor.py:830} INFO - Processing file /home/airflow/.local/lib/python3.8/site-packages/airflow/example_dags/example_short_circuit_operator.py for tasks to queue
[2026-05-16T03:16:23.696+0000] {logging_mixin.py:188} INFO - [2026-05-16T03:16:23.695+0000] {dagbag.py:538} INFO - Filling up the DagBag from /home/airflow/.local/lib/python3.8/site-packages/airflow/example_dags/example_short_circuit_operator.py
[2026-05-16T03:16:23.711+0000] {processor.py:840} INFO - DAG(s) 'example_short_circuit_operator' retrieved from /home/airflow/.local/lib/python3.8/site-packages/airflow/example_dags/example_short_circuit_operator.py
[2026-05-16T03:16:23.765+0000] {logging_mixin.py:188} INFO - [2026-05-16T03:16:23.764+0000] {dag.py:3036} INFO - Sync 1 DAGs
[2026-05-16T03:16:23.811+0000] {logging_mixin.py:188} INFO - [2026-05-16T03:16:23.811+0000] {dag.py:3823} INFO - Setting next_dagrun for example_short_circuit_operator to 2026-05-15 00:00:00+00:00, run_after=2026-05-16 00:00:00+00:00
[2026-05-16T03:16:23.846+0000] {processor.py:183} INFO - Processing /home/airflow/.local/lib/python3.8/site-packages/airflow/example_dags/example_short_circuit_operator.py took 0.162 seconds
[2026-05-16T03:16:54.468+0000] {processor.py:161} INFO - Started process (PID=4288) to work on /home/airflow/.local/lib/python3.8/site-packages/airflow/example_dags/example_short_circuit_operator.py
[2026-05-16T03:16:54.471+0000] {processor.py:830} INFO - Processing file /home/airflow/.local/lib/python3.8/site-packages/airflow/example_dags/example_short_circuit_operator.py for tasks to queue
[2026-05-16T03:16:54.474+0000] {logging_mixin.py:188} INFO - [2026-05-16T03:16:54.473+0000] {dagbag.py:538} INFO - Filling up the DagBag from /home/airflow/.local/lib/python3.8/site-packages/airflow/example_dags/example_short_circuit_operator.py
[2026-05-16T03:16:54.486+0000] {processor.py:840} INFO - DAG(s) 'example_short_circuit_operator' retrieved from /home/airflow/.local/lib/python3.8/site-packages/airflow/example_dags/example_short_circuit_operator.py
[2026-05-16T03:16:54.529+0000] {logging_mixin.py:188} INFO - [2026-05-16T03:16:54.528+0000] {dag.py:3036} INFO - Sync 1 DAGs
[2026-05-16T03:16:54.574+0000] {logging_mixin.py:188} INFO - [2026-05-16T03:16:54.573+0000] {dag.py:3823} INFO - Setting next_dagrun for example_short_circuit_operator to 2026-05-15 00:00:00+00:00, run_after=2026-05-16 00:00:00+00:00
[2026-05-16T03:16:54.607+0000] {processor.py:183} INFO - Processing /home/airflow/.local/lib/python3.8/site-packages/airflow/example_dags/example_short_circuit_operator.py took 0.144 seconds
[2026-05-16T03:17:24.825+0000] {processor.py:161} INFO - Started process (PID=4353) to work on /home/airflow/.local/lib/python3.8/site-packages/airflow/example_dags/example_short_circuit_operator.py
[2026-05-16T03:17:24.826+0000] {processor.py:830} INFO - Processing file /home/airflow/.local/lib/python3.8/site-packages/airflow/example_dags/example_short_circuit_operator.py for tasks to queue
[2026-05-16T03:17:24.829+0000] {logging_mixin.py:188} INFO - [2026-05-16T03:17:24.829+0000] {dagbag.py:538} INFO - Filling up the DagBag from /home/airflow/.local/lib/python3.8/site-packages/airflow/example_dags/example_short_circuit_operator.py
[2026-05-16T03:17:24.844+0000] {processor.py:840} INFO - DAG(s) 'example_short_circuit_operator' retrieved from /home/airflow/.local/lib/python3.8/site-packages/airflow/example_dags/example_short_circuit_operator.py
[2026-05-16T03:17:24.886+0000] {logging_mixin.py:188} INFO - [2026-05-16T03:17:24.886+0000] {dag.py:3036} INFO - Sync 1 DAGs
[2026-05-16T03:17:24.925+0000] {logging_mixin.py:188} INFO - [2026-05-16T03:17:24.924+0000] {dag.py:3823} INFO - Setting next_dagrun for example_short_circuit_operator to 2026-05-15 00:00:00+00:00, run_after=2026-05-16 00:00:00+00:00
[2026-05-16T03:17:24.957+0000] {processor.py:183} INFO - Processing /home/airflow/.local/lib/python3.8/site-packages/airflow/example_dags/example_short_circuit_operator.py took 0.137 seconds
[2026-05-16T03:17:55.104+0000] {processor.py:161} INFO - Started process (PID=4418) to work on /home/airflow/.local/lib/python3.8/site-packages/airflow/example_dags/example_short_circuit_operator.py
[2026-05-16T03:17:55.106+0000] {processor.py:830} INFO - Processing file /home/airflow/.local/lib/python3.8/site-packages/airflow/example_dags/example_short_circuit_operator.py for tasks to queue
[2026-05-16T03:17:55.109+0000] {logging_mixin.py:188} INFO - [2026-05-16T03:17:55.109+0000] {dagbag.py:538} INFO - Filling up the DagBag from /home/airflow/.local/lib/python3.8/site-packages/airflow/example_dags/example_short_circuit_operator.py
[2026-05-16T03:17:55.121+0000] {processor.py:840} INFO - DAG(s) 'example_short_circuit_operator' retrieved from /home/airflow/.local/lib/python3.8/site-packages/airflow/example_dags/example_short_circuit_operator.py
[2026-05-16T03:17:55.168+0000] {logging_mixin.py:188} INFO - [2026-05-16T03:17:55.168+0000] {dag.py:3036} INFO - Sync 1 DAGs
[2026-05-16T03:17:55.212+0000] {logging_mixin.py:188} INFO - [2026-05-16T03:17:55.211+0000] {dag.py:3823} INFO - Setting next_dagrun for example_short_circuit_operator to 2026-05-15 00:00:00+00:00, run_after=2026-05-16 00:00:00+00:00
[2026-05-16T03:17:55.244+0000] {processor.py:183} INFO - Processing /home/airflow/.local/lib/python3.8/site-packages/airflow/example_dags/example_short_circuit_operator.py took 0.144 seconds
[2026-05-16T03:18:25.398+0000] {processor.py:161} INFO - Started process (PID=4483) to work on /home/airflow/.local/lib/python3.8/site-packages/airflow/example_dags/example_short_circuit_operator.py
[2026-05-16T03:18:25.399+0000] {processor.py:830} INFO - Processing file /home/airflow/.local/lib/python3.8/site-packages/airflow/example_dags/example_short_circuit_operator.py for tasks to queue
[2026-05-16T03:18:25.402+0000] {logging_mixin.py:188} INFO - [2026-05-16T03:18:25.402+0000] {dagbag.py:538} INFO - Filling up the DagBag from /home/airflow/.local/lib/python3.8/site-packages/airflow/example_dags/example_short_circuit_operator.py
[2026-05-16T03:18:25.418+0000] {processor.py:840} INFO - DAG(s) 'example_short_circuit_operator' retrieved from /home/airflow/.local/lib/python3.8/site-packages/airflow/example_dags/example_short_circuit_operator.py
[2026-05-16T03:18:25.468+0000] {logging_mixin.py:188} INFO - [2026-05-16T03:18:25.468+0000] {dag.py:3036} INFO - Sync 1 DAGs
[2026-05-16T03:18:25.509+0000] {logging_mixin.py:188} INFO - [2026-05-16T03:18:25.509+0000] {dag.py:3823} INFO - Setting next_dagrun for example_short_circuit_operator to 2026-05-15 00:00:00+00:00, run_after=2026-05-16 00:00:00+00:00
[2026-05-16T03:18:25.545+0000] {processor.py:183} INFO - Processing /home/airflow/.local/lib/python3.8/site-packages/airflow/example_dags/example_short_circuit_operator.py took 0.152 seconds
[2026-05-16T03:18:55.758+0000] {processor.py:161} INFO - Started process (PID=4548) to work on /home/airflow/.local/lib/python3.8/site-packages/airflow/example_dags/example_short_circuit_operator.py
[2026-05-16T03:18:55.760+0000] {processor.py:830} INFO - Processing file /home/airflow/.local/lib/python3.8/site-packages/airflow/example_dags/example_short_circuit_operator.py for tasks to queue
[2026-05-16T03:18:55.763+0000] {logging_mixin.py:188} INFO - [2026-05-16T03:18:55.762+0000] {dagbag.py:538} INFO - Filling up the DagBag from /home/airflow/.local/lib/python3.8/site-packages/airflow/example_dags/example_short_circuit_operator.py
[2026-05-16T03:18:55.781+0000] {processor.py:840} INFO - DAG(s) 'example_short_circuit_operator' retrieved from /home/airflow/.local/lib/python3.8/site-packages/airflow/example_dags/example_short_circuit_operator.py
[2026-05-16T03:18:55.829+0000] {logging_mixin.py:188} INFO - [2026-05-16T03:18:55.829+0000] {dag.py:3036} INFO - Sync 1 DAGs
[2026-05-16T03:18:55.874+0000] {logging_mixin.py:188} INFO - [2026-05-16T03:18:55.874+0000] {dag.py:3823} INFO - Setting next_dagrun for example_short_circuit_operator to 2026-05-15 00:00:00+00:00, run_after=2026-05-16 00:00:00+00:00
[2026-05-16T03:18:55.910+0000] {processor.py:183} INFO - Processing /home/airflow/.local/lib/python3.8/site-packages/airflow/example_dags/example_short_circuit_operator.py took 0.159 seconds
[2026-05-16T03:19:26.069+0000] {processor.py:161} INFO - Started process (PID=4613) to work on /home/airflow/.local/lib/python3.8/site-packages/airflow/example_dags/example_short_circuit_operator.py
[2026-05-16T03:19:26.070+0000] {processor.py:830} INFO - Processing file /home/airflow/.local/lib/python3.8/site-packages/airflow/example_dags/example_short_circuit_operator.py for tasks to queue
[2026-05-16T03:19:26.072+0000] {logging_mixin.py:188} INFO - [2026-05-16T03:19:26.072+0000] {dagbag.py:538} INFO - Filling up the DagBag from /home/airflow/.local/lib/python3.8/site-packages/airflow/example_dags/example_short_circuit_operator.py
[2026-05-16T03:19:26.084+0000] {processor.py:840} INFO - DAG(s) 'example_short_circuit_operator' retrieved from /home/airflow/.local/lib/python3.8/site-packages/airflow/example_dags/example_short_circuit_operator.py
[2026-05-16T03:19:26.126+0000] {logging_mixin.py:188} INFO - [2026-05-16T03:19:26.126+0000] {dag.py:3036} INFO - Sync 1 DAGs
[2026-05-16T03:19:26.162+0000] {logging_mixin.py:188} INFO - [2026-05-16T03:19:26.162+0000] {dag.py:3823} INFO - Setting next_dagrun for example_short_circuit_operator to 2026-05-15 00:00:00+00:00, run_after=2026-05-16 00:00:00+00:00
[2026-05-16T03:19:26.193+0000] {processor.py:183} INFO - Processing /home/airflow/.local/lib/python3.8/site-packages/airflow/example_dags/example_short_circuit_operator.py took 0.130 seconds
[2026-05-16T03:19:56.343+0000] {processor.py:161} INFO - Started process (PID=4678) to work on /home/airflow/.local/lib/python3.8/site-packages/airflow/example_dags/example_short_circuit_operator.py
[2026-05-16T03:19:56.345+0000] {processor.py:830} INFO - Processing file /home/airflow/.local/lib/python3.8/site-packages/airflow/example_dags/example_short_circuit_operator.py for tasks to queue
[2026-05-16T03:19:56.348+0000] {logging_mixin.py:188} INFO - [2026-05-16T03:19:56.348+0000] {dagbag.py:538} INFO - Filling up the DagBag from /home/airflow/.local/lib/python3.8/site-packages/airflow/example_dags/example_short_circuit_operator.py
[2026-05-16T03:19:56.361+0000] {processor.py:840} INFO - DAG(s) 'example_short_circuit_operator' retrieved from /home/airflow/.local/lib/python3.8/site-packages/airflow/example_dags/example_short_circuit_operator.py
[2026-05-16T03:19:56.401+0000] {logging_mixin.py:188} INFO - [2026-05-16T03:19:56.401+0000] {dag.py:3036} INFO - Sync 1 DAGs
[2026-05-16T03:19:56.435+0000] {logging_mixin.py:188} INFO - [2026-05-16T03:19:56.435+0000] {dag.py:3823} INFO - Setting next_dagrun for example_short_circuit_operator to 2026-05-15 00:00:00+00:00, run_after=2026-05-16 00:00:00+00:00
[2026-05-16T03:19:56.464+0000] {processor.py:183} INFO - Processing /home/airflow/.local/lib/python3.8/site-packages/airflow/example_dags/example_short_circuit_operator.py took 0.126 seconds
[2026-05-16T03:20:26.643+0000] {processor.py:161} INFO - Started process (PID=4742) to work on /home/airflow/.local/lib/python3.8/site-packages/airflow/example_dags/example_short_circuit_operator.py
[2026-05-16T03:20:26.644+0000] {processor.py:830} INFO - Processing file /home/airflow/.local/lib/python3.8/site-packages/airflow/example_dags/example_short_circuit_operator.py for tasks to queue
[2026-05-16T03:20:26.647+0000] {logging_mixin.py:188} INFO - [2026-05-16T03:20:26.647+0000] {dagbag.py:538} INFO - Filling up the DagBag from /home/airflow/.local/lib/python3.8/site-packages/airflow/example_dags/example_short_circuit_operator.py
[2026-05-16T03:20:26.663+0000] {processor.py:840} INFO - DAG(s) 'example_short_circuit_operator' retrieved from /home/airflow/.local/lib/python3.8/site-packages/airflow/example_dags/example_short_circuit_operator.py
[2026-05-16T03:20:26.714+0000] {logging_mixin.py:188} INFO - [2026-05-16T03:20:26.714+0000] {dag.py:3036} INFO - Sync 1 DAGs
[2026-05-16T03:20:26.759+0000] {logging_mixin.py:188} INFO - [2026-05-16T03:20:26.759+0000] {dag.py:3823} INFO - Setting next_dagrun for example_short_circuit_operator to 2026-05-15 00:00:00+00:00, run_after=2026-05-16 00:00:00+00:00
[2026-05-16T03:20:26.793+0000] {processor.py:183} INFO - Processing /home/airflow/.local/lib/python3.8/site-packages/airflow/example_dags/example_short_circuit_operator.py took 0.156 seconds
[2026-05-16T03:20:56.939+0000] {processor.py:161} INFO - Started process (PID=4807) to work on /home/airflow/.local/lib/python3.8/site-packages/airflow/example_dags/example_short_circuit_operator.py
[2026-05-16T03:20:56.941+0000] {processor.py:830} INFO - Processing file /home/airflow/.local/lib/python3.8/site-packages/airflow/example_dags/example_short_circuit_operator.py for tasks to queue
[2026-05-16T03:20:56.944+0000] {logging_mixin.py:188} INFO - [2026-05-16T03:20:56.944+0000] {dagbag.py:538} INFO - Filling up the DagBag from /home/airflow/.local/lib/python3.8/site-packages/airflow/example_dags/example_short_circuit_operator.py
[2026-05-16T03:20:56.959+0000] {processor.py:840} INFO - DAG(s) 'example_short_circuit_operator' retrieved from /home/airflow/.local/lib/python3.8/site-packages/airflow/example_dags/example_short_circuit_operator.py
[2026-05-16T03:20:57.012+0000] {logging_mixin.py:188} INFO - [2026-05-16T03:20:57.011+0000] {dag.py:3036} INFO - Sync 1 DAGs
[2026-05-16T03:20:57.056+0000] {logging_mixin.py:188} INFO - [2026-05-16T03:20:57.056+0000] {dag.py:3823} INFO - Setting next_dagrun for example_short_circuit_operator to 2026-05-15 00:00:00+00:00, run_after=2026-05-16 00:00:00+00:00
[2026-05-16T03:20:57.086+0000] {processor.py:183} INFO - Processing /home/airflow/.local/lib/python3.8/site-packages/airflow/example_dags/example_short_circuit_operator.py took 0.154 seconds
[2026-05-16T03:21:27.550+0000] {processor.py:161} INFO - Started process (PID=4879) to work on /home/airflow/.local/lib/python3.8/site-packages/airflow/example_dags/example_short_circuit_operator.py
[2026-05-16T03:21:27.552+0000] {processor.py:830} INFO - Processing file /home/airflow/.local/lib/python3.8/site-packages/airflow/example_dags/example_short_circuit_operator.py for tasks to queue
[2026-05-16T03:21:27.555+0000] {logging_mixin.py:188} INFO - [2026-05-16T03:21:27.554+0000] {dagbag.py:538} INFO - Filling up the DagBag from /home/airflow/.local/lib/python3.8/site-packages/airflow/example_dags/example_short_circuit_operator.py
[2026-05-16T03:21:27.571+0000] {processor.py:840} INFO - DAG(s) 'example_short_circuit_operator' retrieved from /home/airflow/.local/lib/python3.8/site-packages/airflow/example_dags/example_short_circuit_operator.py
[2026-05-16T03:21:27.622+0000] {logging_mixin.py:188} INFO - [2026-05-16T03:21:27.622+0000] {dag.py:3036} INFO - Sync 1 DAGs
[2026-05-16T03:21:27.676+0000] {logging_mixin.py:188} INFO - [2026-05-16T03:21:27.676+0000] {dag.py:3823} INFO - Setting next_dagrun for example_short_circuit_operator to 2026-05-15 00:00:00+00:00, run_after=2026-05-16 00:00:00+00:00
[2026-05-16T03:21:27.713+0000] {processor.py:183} INFO - Processing /home/airflow/.local/lib/python3.8/site-packages/airflow/example_dags/example_short_circuit_operator.py took 0.169 seconds
[2026-05-16T03:21:58.398+0000] {processor.py:161} INFO - Started process (PID=4945) to work on /home/airflow/.local/lib/python3.8/site-packages/airflow/example_dags/example_short_circuit_operator.py
[2026-05-16T03:21:58.401+0000] {processor.py:830} INFO - Processing file /home/airflow/.local/lib/python3.8/site-packages/airflow/example_dags/example_short_circuit_operator.py for tasks to queue
[2026-05-16T03:21:58.404+0000] {logging_mixin.py:188} INFO - [2026-05-16T03:21:58.403+0000] {dagbag.py:538} INFO - Filling up the DagBag from /home/airflow/.local/lib/python3.8/site-packages/airflow/example_dags/example_short_circuit_operator.py
[2026-05-16T03:21:58.417+0000] {processor.py:840} INFO - DAG(s) 'example_short_circuit_operator' retrieved from /home/airflow/.local/lib/python3.8/site-packages/airflow/example_dags/example_short_circuit_operator.py
[2026-05-16T03:21:58.458+0000] {logging_mixin.py:188} INFO - [2026-05-16T03:21:58.457+0000] {dag.py:3036} INFO - Sync 1 DAGs
[2026-05-16T03:21:58.497+0000] {logging_mixin.py:188} INFO - [2026-05-16T03:21:58.497+0000] {dag.py:3823} INFO - Setting next_dagrun for example_short_circuit_operator to 2026-05-15 00:00:00+00:00, run_after=2026-05-16 00:00:00+00:00
[2026-05-16T03:21:58.534+0000] {processor.py:183} INFO - Processing /home/airflow/.local/lib/python3.8/site-packages/airflow/example_dags/example_short_circuit_operator.py took 0.141 seconds
[2026-05-16T03:22:29.059+0000] {processor.py:161} INFO - Started process (PID=5009) to work on /home/airflow/.local/lib/python3.8/site-packages/airflow/example_dags/example_short_circuit_operator.py
[2026-05-16T03:22:29.060+0000] {processor.py:830} INFO - Processing file /home/airflow/.local/lib/python3.8/site-packages/airflow/example_dags/example_short_circuit_operator.py for tasks to queue
[2026-05-16T03:22:29.063+0000] {logging_mixin.py:188} INFO - [2026-05-16T03:22:29.063+0000] {dagbag.py:538} INFO - Filling up the DagBag from /home/airflow/.local/lib/python3.8/site-packages/airflow/example_dags/example_short_circuit_operator.py
[2026-05-16T03:22:29.076+0000] {processor.py:840} INFO - DAG(s) 'example_short_circuit_operator' retrieved from /home/airflow/.local/lib/python3.8/site-packages/airflow/example_dags/example_short_circuit_operator.py
[2026-05-16T03:22:29.118+0000] {logging_mixin.py:188} INFO - [2026-05-16T03:22:29.118+0000] {dag.py:3036} INFO - Sync 1 DAGs
[2026-05-16T03:22:29.160+0000] {logging_mixin.py:188} INFO - [2026-05-16T03:22:29.159+0000] {dag.py:3823} INFO - Setting next_dagrun for example_short_circuit_operator to 2026-05-15 00:00:00+00:00, run_after=2026-05-16 00:00:00+00:00
[2026-05-16T03:22:29.192+0000] {processor.py:183} INFO - Processing /home/airflow/.local/lib/python3.8/site-packages/airflow/example_dags/example_short_circuit_operator.py took 0.139 seconds
[2026-05-16T03:22:59.407+0000] {processor.py:161} INFO - Started process (PID=5074) to work on /home/airflow/.local/lib/python3.8/site-packages/airflow/example_dags/example_short_circuit_operator.py
[2026-05-16T03:22:59.411+0000] {processor.py:830} INFO - Processing file /home/airflow/.local/lib/python3.8/site-packages/airflow/example_dags/example_short_circuit_operator.py for tasks to queue
[2026-05-16T03:22:59.414+0000] {logging_mixin.py:188} INFO - [2026-05-16T03:22:59.413+0000] {dagbag.py:538} INFO - Filling up the DagBag from /home/airflow/.local/lib/python3.8/site-packages/airflow/example_dags/example_short_circuit_operator.py
[2026-05-16T03:22:59.429+0000] {processor.py:840} INFO - DAG(s) 'example_short_circuit_operator' retrieved from /home/airflow/.local/lib/python3.8/site-packages/airflow/example_dags/example_short_circuit_operator.py
[2026-05-16T03:22:59.476+0000] {logging_mixin.py:188} INFO - [2026-05-16T03:22:59.476+0000] {dag.py:3036} INFO - Sync 1 DAGs
[2026-05-16T03:22:59.516+0000] {logging_mixin.py:188} INFO - [2026-05-16T03:22:59.515+0000] {dag.py:3823} INFO - Setting next_dagrun for example_short_circuit_operator to 2026-05-15 00:00:00+00:00, run_after=2026-05-16 00:00:00+00:00
[2026-05-16T03:22:59.548+0000] {processor.py:183} INFO - Processing /home/airflow/.local/lib/python3.8/site-packages/airflow/example_dags/example_short_circuit_operator.py took 0.149 seconds
[2026-05-16T03:23:29.937+0000] {processor.py:161} INFO - Started process (PID=5141) to work on /home/airflow/.local/lib/python3.8/site-packages/airflow/example_dags/example_short_circuit_operator.py
[2026-05-16T03:23:29.938+0000] {processor.py:830} INFO - Processing file /home/airflow/.local/lib/python3.8/site-packages/airflow/example_dags/example_short_circuit_operator.py for tasks to queue
[2026-05-16T03:23:29.941+0000] {logging_mixin.py:188} INFO - [2026-05-16T03:23:29.940+0000] {dagbag.py:538} INFO - Filling up the DagBag from /home/airflow/.local/lib/python3.8/site-packages/airflow/example_dags/example_short_circuit_operator.py
[2026-05-16T03:23:29.953+0000] {processor.py:840} INFO - DAG(s) 'example_short_circuit_operator' retrieved from /home/airflow/.local/lib/python3.8/site-packages/airflow/example_dags/example_short_circuit_operator.py
[2026-05-16T03:23:29.996+0000] {logging_mixin.py:188} INFO - [2026-05-16T03:23:29.995+0000] {dag.py:3036} INFO - Sync 1 DAGs
[2026-05-16T03:23:30.030+0000] {logging_mixin.py:188} INFO - [2026-05-16T03:23:30.030+0000] {dag.py:3823} INFO - Setting next_dagrun for example_short_circuit_operator to 2026-05-15 00:00:00+00:00, run_after=2026-05-16 00:00:00+00:00
[2026-05-16T03:23:30.058+0000] {processor.py:183} INFO - Processing /home/airflow/.local/lib/python3.8/site-packages/airflow/example_dags/example_short_circuit_operator.py took 0.127 seconds
[2026-05-16T03:24:00.573+0000] {processor.py:161} INFO - Started process (PID=5207) to work on /home/airflow/.local/lib/python3.8/site-packages/airflow/example_dags/example_short_circuit_operator.py
[2026-05-16T03:24:00.575+0000] {processor.py:830} INFO - Processing file /home/airflow/.local/lib/python3.8/site-packages/airflow/example_dags/example_short_circuit_operator.py for tasks to queue
[2026-05-16T03:24:00.578+0000] {logging_mixin.py:188} INFO - [2026-05-16T03:24:00.578+0000] {dagbag.py:538} INFO - Filling up the DagBag from /home/airflow/.local/lib/python3.8/site-packages/airflow/example_dags/example_short_circuit_operator.py
[2026-05-16T03:24:00.591+0000] {processor.py:840} INFO - DAG(s) 'example_short_circuit_operator' retrieved from /home/airflow/.local/lib/python3.8/site-packages/airflow/example_dags/example_short_circuit_operator.py
[2026-05-16T03:24:00.639+0000] {logging_mixin.py:188} INFO - [2026-05-16T03:24:00.639+0000] {dag.py:3036} INFO - Sync 1 DAGs
[2026-05-16T03:24:00.681+0000] {logging_mixin.py:188} INFO - [2026-05-16T03:24:00.681+0000] {dag.py:3823} INFO - Setting next_dagrun for example_short_circuit_operator to 2026-05-15 00:00:00+00:00, run_after=2026-05-16 00:00:00+00:00
[2026-05-16T03:24:00.711+0000] {processor.py:183} INFO - Processing /home/airflow/.local/lib/python3.8/site-packages/airflow/example_dags/example_short_circuit_operator.py took 0.143 seconds
[2026-05-16T03:24:31.224+0000] {processor.py:161} INFO - Started process (PID=5273) to work on /home/airflow/.local/lib/python3.8/site-packages/airflow/example_dags/example_short_circuit_operator.py
[2026-05-16T03:24:31.225+0000] {processor.py:830} INFO - Processing file /home/airflow/.local/lib/python3.8/site-packages/airflow/example_dags/example_short_circuit_operator.py for tasks to queue
[2026-05-16T03:24:31.228+0000] {logging_mixin.py:188} INFO - [2026-05-16T03:24:31.228+0000] {dagbag.py:538} INFO - Filling up the DagBag from /home/airflow/.local/lib/python3.8/site-packages/airflow/example_dags/example_short_circuit_operator.py
[2026-05-16T03:24:31.244+0000] {processor.py:840} INFO - DAG(s) 'example_short_circuit_operator' retrieved from /home/airflow/.local/lib/python3.8/site-packages/airflow/example_dags/example_short_circuit_operator.py
[2026-05-16T03:24:31.292+0000] {logging_mixin.py:188} INFO - [2026-05-16T03:24:31.292+0000] {dag.py:3036} INFO - Sync 1 DAGs
[2026-05-16T03:24:31.339+0000] {logging_mixin.py:188} INFO - [2026-05-16T03:24:31.339+0000] {dag.py:3823} INFO - Setting next_dagrun for example_short_circuit_operator to 2026-05-15 00:00:00+00:00, run_after=2026-05-16 00:00:00+00:00
[2026-05-16T03:24:31.373+0000] {processor.py:183} INFO - Processing /home/airflow/.local/lib/python3.8/site-packages/airflow/example_dags/example_short_circuit_operator.py took 0.156 seconds
[2026-05-16T03:25:01.872+0000] {processor.py:161} INFO - Started process (PID=5339) to work on /home/airflow/.local/lib/python3.8/site-packages/airflow/example_dags/example_short_circuit_operator.py
[2026-05-16T03:25:01.873+0000] {processor.py:830} INFO - Processing file /home/airflow/.local/lib/python3.8/site-packages/airflow/example_dags/example_short_circuit_operator.py for tasks to queue
[2026-05-16T03:25:01.876+0000] {logging_mixin.py:188} INFO - [2026-05-16T03:25:01.876+0000] {dagbag.py:538} INFO - Filling up the DagBag from /home/airflow/.local/lib/python3.8/site-packages/airflow/example_dags/example_short_circuit_operator.py
[2026-05-16T03:25:01.890+0000] {processor.py:840} INFO - DAG(s) 'example_short_circuit_operator' retrieved from /home/airflow/.local/lib/python3.8/site-packages/airflow/example_dags/example_short_circuit_operator.py
[2026-05-16T03:25:01.938+0000] {logging_mixin.py:188} INFO - [2026-05-16T03:25:01.938+0000] {dag.py:3036} INFO - Sync 1 DAGs
[2026-05-16T03:25:01.987+0000] {logging_mixin.py:188} INFO - [2026-05-16T03:25:01.987+0000] {dag.py:3823} INFO - Setting next_dagrun for example_short_circuit_operator to 2026-05-15 00:00:00+00:00, run_after=2026-05-16 00:00:00+00:00
[2026-05-16T03:25:02.024+0000] {processor.py:183} INFO - Processing /home/airflow/.local/lib/python3.8/site-packages/airflow/example_dags/example_short_circuit_operator.py took 0.158 seconds
[2026-05-16T03:25:32.187+0000] {processor.py:161} INFO - Started process (PID=5404) to work on /home/airflow/.local/lib/python3.8/site-packages/airflow/example_dags/example_short_circuit_operator.py
[2026-05-16T03:25:32.189+0000] {processor.py:830} INFO - Processing file /home/airflow/.local/lib/python3.8/site-packages/airflow/example_dags/example_short_circuit_operator.py for tasks to queue
[2026-05-16T03:25:32.192+0000] {logging_mixin.py:188} INFO - [2026-05-16T03:25:32.191+0000] {dagbag.py:538} INFO - Filling up the DagBag from /home/airflow/.local/lib/python3.8/site-packages/airflow/example_dags/example_short_circuit_operator.py
[2026-05-16T03:25:32.203+0000] {processor.py:840} INFO - DAG(s) 'example_short_circuit_operator' retrieved from /home/airflow/.local/lib/python3.8/site-packages/airflow/example_dags/example_short_circuit_operator.py
[2026-05-16T03:25:32.248+0000] {logging_mixin.py:188} INFO - [2026-05-16T03:25:32.248+0000] {dag.py:3036} INFO - Sync 1 DAGs
[2026-05-16T03:25:32.289+0000] {logging_mixin.py:188} INFO - [2026-05-16T03:25:32.288+0000] {dag.py:3823} INFO - Setting next_dagrun for example_short_circuit_operator to 2026-05-15 00:00:00+00:00, run_after=2026-05-16 00:00:00+00:00
[2026-05-16T03:25:32.320+0000] {processor.py:183} INFO - Processing /home/airflow/.local/lib/python3.8/site-packages/airflow/example_dags/example_short_circuit_operator.py took 0.138 seconds
[2026-05-16T03:26:02.504+0000] {processor.py:161} INFO - Started process (PID=5467) to work on /home/airflow/.local/lib/python3.8/site-packages/airflow/example_dags/example_short_circuit_operator.py
[2026-05-16T03:26:02.507+0000] {processor.py:830} INFO - Processing file /home/airflow/.local/lib/python3.8/site-packages/airflow/example_dags/example_short_circuit_operator.py for tasks to queue
[2026-05-16T03:26:02.510+0000] {logging_mixin.py:188} INFO - [2026-05-16T03:26:02.509+0000] {dagbag.py:538} INFO - Filling up the DagBag from /home/airflow/.local/lib/python3.8/site-packages/airflow/example_dags/example_short_circuit_operator.py
[2026-05-16T03:26:02.525+0000] {processor.py:840} INFO - DAG(s) 'example_short_circuit_operator' retrieved from /home/airflow/.local/lib/python3.8/site-packages/airflow/example_dags/example_short_circuit_operator.py
[2026-05-16T03:26:02.572+0000] {logging_mixin.py:188} INFO - [2026-05-16T03:26:02.572+0000] {dag.py:3036} INFO - Sync 1 DAGs
[2026-05-16T03:26:02.615+0000] {logging_mixin.py:188} INFO - [2026-05-16T03:26:02.614+0000] {dag.py:3823} INFO - Setting next_dagrun for example_short_circuit_operator to 2026-05-15 00:00:00+00:00, run_after=2026-05-16 00:00:00+00:00
[2026-05-16T03:26:02.645+0000] {processor.py:183} INFO - Processing /home/airflow/.local/lib/python3.8/site-packages/airflow/example_dags/example_short_circuit_operator.py took 0.147 seconds
[2026-05-16T03:26:33.323+0000] {processor.py:161} INFO - Started process (PID=5532) to work on /home/airflow/.local/lib/python3.8/site-packages/airflow/example_dags/example_short_circuit_operator.py
[2026-05-16T03:26:33.326+0000] {processor.py:830} INFO - Processing file /home/airflow/.local/lib/python3.8/site-packages/airflow/example_dags/example_short_circuit_operator.py for tasks to queue
[2026-05-16T03:26:33.329+0000] {logging_mixin.py:188} INFO - [2026-05-16T03:26:33.328+0000] {dagbag.py:538} INFO - Filling up the DagBag from /home/airflow/.local/lib/python3.8/site-packages/airflow/example_dags/example_short_circuit_operator.py
[2026-05-16T03:26:33.342+0000] {processor.py:840} INFO - DAG(s) 'example_short_circuit_operator' retrieved from /home/airflow/.local/lib/python3.8/site-packages/airflow/example_dags/example_short_circuit_operator.py
[2026-05-16T03:26:33.393+0000] {logging_mixin.py:188} INFO - [2026-05-16T03:26:33.392+0000] {dag.py:3036} INFO - Sync 1 DAGs
[2026-05-16T03:26:33.435+0000] {logging_mixin.py:188} INFO - [2026-05-16T03:26:33.434+0000] {dag.py:3823} INFO - Setting next_dagrun for example_short_circuit_operator to 2026-05-15 00:00:00+00:00, run_after=2026-05-16 00:00:00+00:00
[2026-05-16T03:26:33.473+0000] {processor.py:183} INFO - Processing /home/airflow/.local/lib/python3.8/site-packages/airflow/example_dags/example_short_circuit_operator.py took 0.154 seconds
[2026-05-16T03:27:03.893+0000] {processor.py:161} INFO - Started process (PID=5605) to work on /home/airflow/.local/lib/python3.8/site-packages/airflow/example_dags/example_short_circuit_operator.py
[2026-05-16T03:27:03.895+0000] {processor.py:830} INFO - Processing file /home/airflow/.local/lib/python3.8/site-packages/airflow/example_dags/example_short_circuit_operator.py for tasks to queue
[2026-05-16T03:27:03.897+0000] {logging_mixin.py:188} INFO - [2026-05-16T03:27:03.897+0000] {dagbag.py:538} INFO - Filling up the DagBag from /home/airflow/.local/lib/python3.8/site-packages/airflow/example_dags/example_short_circuit_operator.py
[2026-05-16T03:27:03.909+0000] {processor.py:840} INFO - DAG(s) 'example_short_circuit_operator' retrieved from /home/airflow/.local/lib/python3.8/site-packages/airflow/example_dags/example_short_circuit_operator.py
[2026-05-16T03:27:03.962+0000] {logging_mixin.py:188} INFO - [2026-05-16T03:27:03.961+0000] {dag.py:3036} INFO - Sync 1 DAGs
[2026-05-16T03:27:04.011+0000] {logging_mixin.py:188} INFO - [2026-05-16T03:27:04.010+0000] {dag.py:3823} INFO - Setting next_dagrun for example_short_circuit_operator to 2026-05-15 00:00:00+00:00, run_after=2026-05-16 00:00:00+00:00
[2026-05-16T03:27:04.056+0000] {processor.py:183} INFO - Processing /home/airflow/.local/lib/python3.8/site-packages/airflow/example_dags/example_short_circuit_operator.py took 0.169 seconds
[2026-05-16T03:27:34.581+0000] {processor.py:161} INFO - Started process (PID=5669) to work on /home/airflow/.local/lib/python3.8/site-packages/airflow/example_dags/example_short_circuit_operator.py
[2026-05-16T03:27:34.583+0000] {processor.py:830} INFO - Processing file /home/airflow/.local/lib/python3.8/site-packages/airflow/example_dags/example_short_circuit_operator.py for tasks to queue
[2026-05-16T03:27:34.586+0000] {logging_mixin.py:188} INFO - [2026-05-16T03:27:34.586+0000] {dagbag.py:538} INFO - Filling up the DagBag from /home/airflow/.local/lib/python3.8/site-packages/airflow/example_dags/example_short_circuit_operator.py
[2026-05-16T03:27:34.600+0000] {processor.py:840} INFO - DAG(s) 'example_short_circuit_operator' retrieved from /home/airflow/.local/lib/python3.8/site-packages/airflow/example_dags/example_short_circuit_operator.py
[2026-05-16T03:27:34.643+0000] {logging_mixin.py:188} INFO - [2026-05-16T03:27:34.642+0000] {dag.py:3036} INFO - Sync 1 DAGs
[2026-05-16T03:27:34.679+0000] {logging_mixin.py:188} INFO - [2026-05-16T03:27:34.679+0000] {dag.py:3823} INFO - Setting next_dagrun for example_short_circuit_operator to 2026-05-15 00:00:00+00:00, run_after=2026-05-16 00:00:00+00:00
[2026-05-16T03:27:34.711+0000] {processor.py:183} INFO - Processing /home/airflow/.local/lib/python3.8/site-packages/airflow/example_dags/example_short_circuit_operator.py took 0.135 seconds
[2026-05-16T03:28:05.360+0000] {processor.py:161} INFO - Started process (PID=5735) to work on /home/airflow/.local/lib/python3.8/site-packages/airflow/example_dags/example_short_circuit_operator.py
[2026-05-16T03:28:05.362+0000] {processor.py:830} INFO - Processing file /home/airflow/.local/lib/python3.8/site-packages/airflow/example_dags/example_short_circuit_operator.py for tasks to queue
[2026-05-16T03:28:05.366+0000] {logging_mixin.py:188} INFO - [2026-05-16T03:28:05.365+0000] {dagbag.py:538} INFO - Filling up the DagBag from /home/airflow/.local/lib/python3.8/site-packages/airflow/example_dags/example_short_circuit_operator.py
[2026-05-16T03:28:05.384+0000] {processor.py:840} INFO - DAG(s) 'example_short_circuit_operator' retrieved from /home/airflow/.local/lib/python3.8/site-packages/airflow/example_dags/example_short_circuit_operator.py
[2026-05-16T03:28:05.437+0000] {logging_mixin.py:188} INFO - [2026-05-16T03:28:05.437+0000] {dag.py:3036} INFO - Sync 1 DAGs
[2026-05-16T03:28:05.483+0000] {logging_mixin.py:188} INFO - [2026-05-16T03:28:05.482+0000] {dag.py:3823} INFO - Setting next_dagrun for example_short_circuit_operator to 2026-05-15 00:00:00+00:00, run_after=2026-05-16 00:00:00+00:00
[2026-05-16T03:28:05.517+0000] {processor.py:183} INFO - Processing /home/airflow/.local/lib/python3.8/site-packages/airflow/example_dags/example_short_circuit_operator.py took 0.165 seconds
[2026-05-16T03:28:35.749+0000] {processor.py:161} INFO - Started process (PID=5799) to work on /home/airflow/.local/lib/python3.8/site-packages/airflow/example_dags/example_short_circuit_operator.py
[2026-05-16T03:28:35.751+0000] {processor.py:830} INFO - Processing file /home/airflow/.local/lib/python3.8/site-packages/airflow/example_dags/example_short_circuit_operator.py for tasks to queue
[2026-05-16T03:28:35.753+0000] {logging_mixin.py:188} INFO - [2026-05-16T03:28:35.752+0000] {dagbag.py:538} INFO - Filling up the DagBag from /home/airflow/.local/lib/python3.8/site-packages/airflow/example_dags/example_short_circuit_operator.py
[2026-05-16T03:28:35.765+0000] {processor.py:840} INFO - DAG(s) 'example_short_circuit_operator' retrieved from /home/airflow/.local/lib/python3.8/site-packages/airflow/example_dags/example_short_circuit_operator.py
[2026-05-16T03:28:35.808+0000] {logging_mixin.py:188} INFO - [2026-05-16T03:28:35.808+0000] {dag.py:3036} INFO - Sync 1 DAGs
[2026-05-16T03:28:35.848+0000] {logging_mixin.py:188} INFO - [2026-05-16T03:28:35.848+0000] {dag.py:3823} INFO - Setting next_dagrun for example_short_circuit_operator to 2026-05-15 00:00:00+00:00, run_after=2026-05-16 00:00:00+00:00
[2026-05-16T03:28:35.884+0000] {processor.py:183} INFO - Processing /home/airflow/.local/lib/python3.8/site-packages/airflow/example_dags/example_short_circuit_operator.py took 0.139 seconds
[2026-05-16T03:29:06.441+0000] {processor.py:161} INFO - Started process (PID=5862) to work on /home/airflow/.local/lib/python3.8/site-packages/airflow/example_dags/example_short_circuit_operator.py
[2026-05-16T03:29:06.443+0000] {processor.py:830} INFO - Processing file /home/airflow/.local/lib/python3.8/site-packages/airflow/example_dags/example_short_circuit_operator.py for tasks to queue
[2026-05-16T03:29:06.446+0000] {logging_mixin.py:188} INFO - [2026-05-16T03:29:06.446+0000] {dagbag.py:538} INFO - Filling up the DagBag from /home/airflow/.local/lib/python3.8/site-packages/airflow/example_dags/example_short_circuit_operator.py
[2026-05-16T03:29:06.459+0000] {processor.py:840} INFO - DAG(s) 'example_short_circuit_operator' retrieved from /home/airflow/.local/lib/python3.8/site-packages/airflow/example_dags/example_short_circuit_operator.py
[2026-05-16T03:29:06.508+0000] {logging_mixin.py:188} INFO - [2026-05-16T03:29:06.508+0000] {dag.py:3036} INFO - Sync 1 DAGs
[2026-05-16T03:29:06.547+0000] {logging_mixin.py:188} INFO - [2026-05-16T03:29:06.546+0000] {dag.py:3823} INFO - Setting next_dagrun for example_short_circuit_operator to 2026-05-15 00:00:00+00:00, run_after=2026-05-16 00:00:00+00:00
[2026-05-16T03:29:06.581+0000] {processor.py:183} INFO - Processing /home/airflow/.local/lib/python3.8/site-packages/airflow/example_dags/example_short_circuit_operator.py took 0.145 seconds
[2026-05-16T03:29:36.930+0000] {processor.py:161} INFO - Started process (PID=5927) to work on /home/airflow/.local/lib/python3.8/site-packages/airflow/example_dags/example_short_circuit_operator.py
[2026-05-16T03:29:36.932+0000] {processor.py:830} INFO - Processing file /home/airflow/.local/lib/python3.8/site-packages/airflow/example_dags/example_short_circuit_operator.py for tasks to queue
[2026-05-16T03:29:36.935+0000] {logging_mixin.py:188} INFO - [2026-05-16T03:29:36.934+0000] {dagbag.py:538} INFO - Filling up the DagBag from /home/airflow/.local/lib/python3.8/site-packages/airflow/example_dags/example_short_circuit_operator.py
[2026-05-16T03:29:36.950+0000] {processor.py:840} INFO - DAG(s) 'example_short_circuit_operator' retrieved from /home/airflow/.local/lib/python3.8/site-packages/airflow/example_dags/example_short_circuit_operator.py
[2026-05-16T03:29:37.002+0000] {logging_mixin.py:188} INFO - [2026-05-16T03:29:37.002+0000] {dag.py:3036} INFO - Sync 1 DAGs
[2026-05-16T03:29:37.052+0000] {logging_mixin.py:188} INFO - [2026-05-16T03:29:37.051+0000] {dag.py:3823} INFO - Setting next_dagrun for example_short_circuit_operator to 2026-05-15 00:00:00+00:00, run_after=2026-05-16 00:00:00+00:00
[2026-05-16T03:29:37.086+0000] {processor.py:183} INFO - Processing /home/airflow/.local/lib/python3.8/site-packages/airflow/example_dags/example_short_circuit_operator.py took 0.162 seconds
[2026-05-16T03:30:07.243+0000] {processor.py:161} INFO - Started process (PID=5989) to work on /home/airflow/.local/lib/python3.8/site-packages/airflow/example_dags/example_short_circuit_operator.py
[2026-05-16T03:30:07.245+0000] {processor.py:830} INFO - Processing file /home/airflow/.local/lib/python3.8/site-packages/airflow/example_dags/example_short_circuit_operator.py for tasks to queue
[2026-05-16T03:30:07.247+0000] {logging_mixin.py:188} INFO - [2026-05-16T03:30:07.247+0000] {dagbag.py:538} INFO - Filling up the DagBag from /home/airflow/.local/lib/python3.8/site-packages/airflow/example_dags/example_short_circuit_operator.py
[2026-05-16T03:30:07.261+0000] {processor.py:840} INFO - DAG(s) 'example_short_circuit_operator' retrieved from /home/airflow/.local/lib/python3.8/site-packages/airflow/example_dags/example_short_circuit_operator.py
[2026-05-16T03:30:07.306+0000] {logging_mixin.py:188} INFO - [2026-05-16T03:30:07.305+0000] {dag.py:3036} INFO - Sync 1 DAGs
[2026-05-16T03:30:07.343+0000] {logging_mixin.py:188} INFO - [2026-05-16T03:30:07.343+0000] {dag.py:3823} INFO - Setting next_dagrun for example_short_circuit_operator to 2026-05-15 00:00:00+00:00, run_after=2026-05-16 00:00:00+00:00
[2026-05-16T03:30:07.377+0000] {processor.py:183} INFO - Processing /home/airflow/.local/lib/python3.8/site-packages/airflow/example_dags/example_short_circuit_operator.py took 0.139 seconds
[2026-05-16T03:30:38.463+0000] {processor.py:161} INFO - Started process (PID=6054) to work on /home/airflow/.local/lib/python3.8/site-packages/airflow/example_dags/example_short_circuit_operator.py
[2026-05-16T03:30:38.465+0000] {processor.py:830} INFO - Processing file /home/airflow/.local/lib/python3.8/site-packages/airflow/example_dags/example_short_circuit_operator.py for tasks to queue
[2026-05-16T03:30:38.468+0000] {logging_mixin.py:188} INFO - [2026-05-16T03:30:38.467+0000] {dagbag.py:538} INFO - Filling up the DagBag from /home/airflow/.local/lib/python3.8/site-packages/airflow/example_dags/example_short_circuit_operator.py
[2026-05-16T03:30:38.484+0000] {processor.py:840} INFO - DAG(s) 'example_short_circuit_operator' retrieved from /home/airflow/.local/lib/python3.8/site-packages/airflow/example_dags/example_short_circuit_operator.py
[2026-05-16T03:30:38.534+0000] {logging_mixin.py:188} INFO - [2026-05-16T03:30:38.534+0000] {dag.py:3036} INFO - Sync 1 DAGs
[2026-05-16T03:30:38.575+0000] {logging_mixin.py:188} INFO - [2026-05-16T03:30:38.575+0000] {dag.py:3823} INFO - Setting next_dagrun for example_short_circuit_operator to 2026-05-15 00:00:00+00:00, run_after=2026-05-16 00:00:00+00:00
[2026-05-16T03:30:38.608+0000] {processor.py:183} INFO - Processing /home/airflow/.local/lib/python3.8/site-packages/airflow/example_dags/example_short_circuit_operator.py took 0.151 seconds
[2026-05-16T03:31:08.682+0000] {processor.py:161} INFO - Started process (PID=6119) to work on /home/airflow/.local/lib/python3.8/site-packages/airflow/example_dags/example_short_circuit_operator.py
[2026-05-16T03:31:08.685+0000] {processor.py:830} INFO - Processing file /home/airflow/.local/lib/python3.8/site-packages/airflow/example_dags/example_short_circuit_operator.py for tasks to queue
[2026-05-16T03:31:08.688+0000] {logging_mixin.py:188} INFO - [2026-05-16T03:31:08.687+0000] {dagbag.py:538} INFO - Filling up the DagBag from /home/airflow/.local/lib/python3.8/site-packages/airflow/example_dags/example_short_circuit_operator.py
[2026-05-16T03:31:08.703+0000] {processor.py:840} INFO - DAG(s) 'example_short_circuit_operator' retrieved from /home/airflow/.local/lib/python3.8/site-packages/airflow/example_dags/example_short_circuit_operator.py
[2026-05-16T03:31:08.762+0000] {logging_mixin.py:188} INFO - [2026-05-16T03:31:08.761+0000] {dag.py:3036} INFO - Sync 1 DAGs
[2026-05-16T03:31:08.804+0000] {logging_mixin.py:188} INFO - [2026-05-16T03:31:08.803+0000] {dag.py:3823} INFO - Setting next_dagrun for example_short_circuit_operator to 2026-05-15 00:00:00+00:00, run_after=2026-05-16 00:00:00+00:00
[2026-05-16T03:31:08.836+0000] {processor.py:183} INFO - Processing /home/airflow/.local/lib/python3.8/site-packages/airflow/example_dags/example_short_circuit_operator.py took 0.160 seconds
[2026-05-16T03:31:38.940+0000] {processor.py:161} INFO - Started process (PID=6182) to work on /home/airflow/.local/lib/python3.8/site-packages/airflow/example_dags/example_short_circuit_operator.py
[2026-05-16T03:31:38.942+0000] {processor.py:830} INFO - Processing file /home/airflow/.local/lib/python3.8/site-packages/airflow/example_dags/example_short_circuit_operator.py for tasks to queue
[2026-05-16T03:31:38.945+0000] {logging_mixin.py:188} INFO - [2026-05-16T03:31:38.944+0000] {dagbag.py:538} INFO - Filling up the DagBag from /home/airflow/.local/lib/python3.8/site-packages/airflow/example_dags/example_short_circuit_operator.py
[2026-05-16T03:31:38.957+0000] {processor.py:840} INFO - DAG(s) 'example_short_circuit_operator' retrieved from /home/airflow/.local/lib/python3.8/site-packages/airflow/example_dags/example_short_circuit_operator.py
[2026-05-16T03:31:39.004+0000] {logging_mixin.py:188} INFO - [2026-05-16T03:31:39.004+0000] {dag.py:3036} INFO - Sync 1 DAGs
[2026-05-16T03:31:39.051+0000] {logging_mixin.py:188} INFO - [2026-05-16T03:31:39.051+0000] {dag.py:3823} INFO - Setting next_dagrun for example_short_circuit_operator to 2026-05-15 00:00:00+00:00, run_after=2026-05-16 00:00:00+00:00
[2026-05-16T03:31:39.087+0000] {processor.py:183} INFO - Processing /home/airflow/.local/lib/python3.8/site-packages/airflow/example_dags/example_short_circuit_operator.py took 0.152 seconds
[2026-05-16T03:32:10.029+0000] {processor.py:161} INFO - Started process (PID=6249) to work on /home/airflow/.local/lib/python3.8/site-packages/airflow/example_dags/example_short_circuit_operator.py
[2026-05-16T03:32:10.031+0000] {processor.py:830} INFO - Processing file /home/airflow/.local/lib/python3.8/site-packages/airflow/example_dags/example_short_circuit_operator.py for tasks to queue
[2026-05-16T03:32:10.034+0000] {logging_mixin.py:188} INFO - [2026-05-16T03:32:10.034+0000] {dagbag.py:538} INFO - Filling up the DagBag from /home/airflow/.local/lib/python3.8/site-packages/airflow/example_dags/example_short_circuit_operator.py
[2026-05-16T03:32:10.049+0000] {processor.py:840} INFO - DAG(s) 'example_short_circuit_operator' retrieved from /home/airflow/.local/lib/python3.8/site-packages/airflow/example_dags/example_short_circuit_operator.py
[2026-05-16T03:32:10.100+0000] {logging_mixin.py:188} INFO - [2026-05-16T03:32:10.100+0000] {dag.py:3036} INFO - Sync 1 DAGs
[2026-05-16T03:32:10.145+0000] {logging_mixin.py:188} INFO - [2026-05-16T03:32:10.144+0000] {dag.py:3823} INFO - Setting next_dagrun for example_short_circuit_operator to 2026-05-15 00:00:00+00:00, run_after=2026-05-16 00:00:00+00:00
[2026-05-16T03:32:10.177+0000] {processor.py:183} INFO - Processing /home/airflow/.local/lib/python3.8/site-packages/airflow/example_dags/example_short_circuit_operator.py took 0.155 seconds
[2026-05-16T03:32:40.402+0000] {processor.py:161} INFO - Started process (PID=6313) to work on /home/airflow/.local/lib/python3.8/site-packages/airflow/example_dags/example_short_circuit_operator.py
[2026-05-16T03:32:40.404+0000] {processor.py:830} INFO - Processing file /home/airflow/.local/lib/python3.8/site-packages/airflow/example_dags/example_short_circuit_operator.py for tasks to queue
[2026-05-16T03:32:40.407+0000] {logging_mixin.py:188} INFO - [2026-05-16T03:32:40.407+0000] {dagbag.py:538} INFO - Filling up the DagBag from /home/airflow/.local/lib/python3.8/site-packages/airflow/example_dags/example_short_circuit_operator.py
[2026-05-16T03:32:40.420+0000] {processor.py:840} INFO - DAG(s) 'example_short_circuit_operator' retrieved from /home/airflow/.local/lib/python3.8/site-packages/airflow/example_dags/example_short_circuit_operator.py
[2026-05-16T03:32:40.470+0000] {logging_mixin.py:188} INFO - [2026-05-16T03:32:40.470+0000] {dag.py:3036} INFO - Sync 1 DAGs
[2026-05-16T03:32:40.514+0000] {logging_mixin.py:188} INFO - [2026-05-16T03:32:40.513+0000] {dag.py:3823} INFO - Setting next_dagrun for example_short_circuit_operator to 2026-05-15 00:00:00+00:00, run_after=2026-05-16 00:00:00+00:00
[2026-05-16T03:32:40.557+0000] {processor.py:183} INFO - Processing /home/airflow/.local/lib/python3.8/site-packages/airflow/example_dags/example_short_circuit_operator.py took 0.160 seconds
[2026-05-16T03:33:11.264+0000] {processor.py:161} INFO - Started process (PID=6379) to work on /home/airflow/.local/lib/python3.8/site-packages/airflow/example_dags/example_short_circuit_operator.py
[2026-05-16T03:33:11.275+0000] {processor.py:830} INFO - Processing file /home/airflow/.local/lib/python3.8/site-packages/airflow/example_dags/example_short_circuit_operator.py for tasks to queue
[2026-05-16T03:33:11.278+0000] {logging_mixin.py:188} INFO - [2026-05-16T03:33:11.278+0000] {dagbag.py:538} INFO - Filling up the DagBag from /home/airflow/.local/lib/python3.8/site-packages/airflow/example_dags/example_short_circuit_operator.py
[2026-05-16T03:33:11.306+0000] {processor.py:840} INFO - DAG(s) 'example_short_circuit_operator' retrieved from /home/airflow/.local/lib/python3.8/site-packages/airflow/example_dags/example_short_circuit_operator.py
[2026-05-16T03:33:11.436+0000] {logging_mixin.py:188} INFO - [2026-05-16T03:33:11.435+0000] {dag.py:3036} INFO - Sync 1 DAGs
[2026-05-16T03:33:11.529+0000] {logging_mixin.py:188} INFO - [2026-05-16T03:33:11.529+0000] {dag.py:3823} INFO - Setting next_dagrun for example_short_circuit_operator to 2026-05-15 00:00:00+00:00, run_after=2026-05-16 00:00:00+00:00
[2026-05-16T03:33:11.589+0000] {processor.py:183} INFO - Processing /home/airflow/.local/lib/python3.8/site-packages/airflow/example_dags/example_short_circuit_operator.py took 0.340 seconds
[2026-05-16T03:33:41.905+0000] {processor.py:161} INFO - Started process (PID=6444) to work on /home/airflow/.local/lib/python3.8/site-packages/airflow/example_dags/example_short_circuit_operator.py
[2026-05-16T03:33:41.910+0000] {processor.py:830} INFO - Processing file /home/airflow/.local/lib/python3.8/site-packages/airflow/example_dags/example_short_circuit_operator.py for tasks to queue
[2026-05-16T03:33:41.915+0000] {logging_mixin.py:188} INFO - [2026-05-16T03:33:41.914+0000] {dagbag.py:538} INFO - Filling up the DagBag from /home/airflow/.local/lib/python3.8/site-packages/airflow/example_dags/example_short_circuit_operator.py
[2026-05-16T03:33:41.953+0000] {processor.py:840} INFO - DAG(s) 'example_short_circuit_operator' retrieved from /home/airflow/.local/lib/python3.8/site-packages/airflow/example_dags/example_short_circuit_operator.py
[2026-05-16T03:33:42.040+0000] {logging_mixin.py:188} INFO - [2026-05-16T03:33:42.039+0000] {dag.py:3036} INFO - Sync 1 DAGs
[2026-05-16T03:33:42.123+0000] {logging_mixin.py:188} INFO - [2026-05-16T03:33:42.122+0000] {dag.py:3823} INFO - Setting next_dagrun for example_short_circuit_operator to 2026-05-15 00:00:00+00:00, run_after=2026-05-16 00:00:00+00:00
[2026-05-16T03:33:42.236+0000] {processor.py:183} INFO - Processing /home/airflow/.local/lib/python3.8/site-packages/airflow/example_dags/example_short_circuit_operator.py took 0.337 seconds
[2026-05-16T03:34:13.012+0000] {processor.py:161} INFO - Started process (PID=6517) to work on /home/airflow/.local/lib/python3.8/site-packages/airflow/example_dags/example_short_circuit_operator.py
[2026-05-16T03:34:13.014+0000] {processor.py:830} INFO - Processing file /home/airflow/.local/lib/python3.8/site-packages/airflow/example_dags/example_short_circuit_operator.py for tasks to queue
[2026-05-16T03:34:13.017+0000] {logging_mixin.py:188} INFO - [2026-05-16T03:34:13.016+0000] {dagbag.py:538} INFO - Filling up the DagBag from /home/airflow/.local/lib/python3.8/site-packages/airflow/example_dags/example_short_circuit_operator.py
[2026-05-16T03:34:13.032+0000] {processor.py:840} INFO - DAG(s) 'example_short_circuit_operator' retrieved from /home/airflow/.local/lib/python3.8/site-packages/airflow/example_dags/example_short_circuit_operator.py
[2026-05-16T03:34:13.085+0000] {logging_mixin.py:188} INFO - [2026-05-16T03:34:13.084+0000] {dag.py:3036} INFO - Sync 1 DAGs
[2026-05-16T03:34:13.131+0000] {logging_mixin.py:188} INFO - [2026-05-16T03:34:13.131+0000] {dag.py:3823} INFO - Setting next_dagrun for example_short_circuit_operator to 2026-05-15 00:00:00+00:00, run_after=2026-05-16 00:00:00+00:00
[2026-05-16T03:34:13.169+0000] {processor.py:183} INFO - Processing /home/airflow/.local/lib/python3.8/site-packages/airflow/example_dags/example_short_circuit_operator.py took 0.164 seconds
[2026-05-16T03:34:43.284+0000] {processor.py:161} INFO - Started process (PID=6582) to work on /home/airflow/.local/lib/python3.8/site-packages/airflow/example_dags/example_short_circuit_operator.py
[2026-05-16T03:34:43.285+0000] {processor.py:830} INFO - Processing file /home/airflow/.local/lib/python3.8/site-packages/airflow/example_dags/example_short_circuit_operator.py for tasks to queue
[2026-05-16T03:34:43.288+0000] {logging_mixin.py:188} INFO - [2026-05-16T03:34:43.287+0000] {dagbag.py:538} INFO - Filling up the DagBag from /home/airflow/.local/lib/python3.8/site-packages/airflow/example_dags/example_short_circuit_operator.py
[2026-05-16T03:34:43.301+0000] {processor.py:840} INFO - DAG(s) 'example_short_circuit_operator' retrieved from /home/airflow/.local/lib/python3.8/site-packages/airflow/example_dags/example_short_circuit_operator.py
[2026-05-16T03:34:43.343+0000] {logging_mixin.py:188} INFO - [2026-05-16T03:34:43.342+0000] {dag.py:3036} INFO - Sync 1 DAGs
[2026-05-16T03:34:43.380+0000] {logging_mixin.py:188} INFO - [2026-05-16T03:34:43.380+0000] {dag.py:3823} INFO - Setting next_dagrun for example_short_circuit_operator to 2026-05-15 00:00:00+00:00, run_after=2026-05-16 00:00:00+00:00
[2026-05-16T03:34:43.408+0000] {processor.py:183} INFO - Processing /home/airflow/.local/lib/python3.8/site-packages/airflow/example_dags/example_short_circuit_operator.py took 0.130 seconds
[2026-05-16T03:35:13.637+0000] {processor.py:161} INFO - Started process (PID=6647) to work on /home/airflow/.local/lib/python3.8/site-packages/airflow/example_dags/example_short_circuit_operator.py
[2026-05-16T03:35:13.639+0000] {processor.py:830} INFO - Processing file /home/airflow/.local/lib/python3.8/site-packages/airflow/example_dags/example_short_circuit_operator.py for tasks to queue
[2026-05-16T03:35:13.642+0000] {logging_mixin.py:188} INFO - [2026-05-16T03:35:13.641+0000] {dagbag.py:538} INFO - Filling up the DagBag from /home/airflow/.local/lib/python3.8/site-packages/airflow/example_dags/example_short_circuit_operator.py
[2026-05-16T03:35:13.654+0000] {processor.py:840} INFO - DAG(s) 'example_short_circuit_operator' retrieved from /home/airflow/.local/lib/python3.8/site-packages/airflow/example_dags/example_short_circuit_operator.py
[2026-05-16T03:35:13.700+0000] {logging_mixin.py:188} INFO - [2026-05-16T03:35:13.699+0000] {dag.py:3036} INFO - Sync 1 DAGs
[2026-05-16T03:35:13.740+0000] {logging_mixin.py:188} INFO - [2026-05-16T03:35:13.740+0000] {dag.py:3823} INFO - Setting next_dagrun for example_short_circuit_operator to 2026-05-15 00:00:00+00:00, run_after=2026-05-16 00:00:00+00:00
[2026-05-16T03:35:13.776+0000] {processor.py:183} INFO - Processing /home/airflow/.local/lib/python3.8/site-packages/airflow/example_dags/example_short_circuit_operator.py took 0.144 seconds
[2026-05-16T03:35:43.919+0000] {processor.py:161} INFO - Started process (PID=6712) to work on /home/airflow/.local/lib/python3.8/site-packages/airflow/example_dags/example_short_circuit_operator.py
[2026-05-16T03:35:43.920+0000] {processor.py:830} INFO - Processing file /home/airflow/.local/lib/python3.8/site-packages/airflow/example_dags/example_short_circuit_operator.py for tasks to queue
[2026-05-16T03:35:43.923+0000] {logging_mixin.py:188} INFO - [2026-05-16T03:35:43.923+0000] {dagbag.py:538} INFO - Filling up the DagBag from /home/airflow/.local/lib/python3.8/site-packages/airflow/example_dags/example_short_circuit_operator.py
[2026-05-16T03:35:43.935+0000] {processor.py:840} INFO - DAG(s) 'example_short_circuit_operator' retrieved from /home/airflow/.local/lib/python3.8/site-packages/airflow/example_dags/example_short_circuit_operator.py
[2026-05-16T03:35:43.981+0000] {logging_mixin.py:188} INFO - [2026-05-16T03:35:43.981+0000] {dag.py:3036} INFO - Sync 1 DAGs
[2026-05-16T03:35:44.024+0000] {logging_mixin.py:188} INFO - [2026-05-16T03:35:44.024+0000] {dag.py:3823} INFO - Setting next_dagrun for example_short_circuit_operator to 2026-05-15 00:00:00+00:00, run_after=2026-05-16 00:00:00+00:00
[2026-05-16T03:35:44.056+0000] {processor.py:183} INFO - Processing /home/airflow/.local/lib/python3.8/site-packages/airflow/example_dags/example_short_circuit_operator.py took 0.143 seconds
[2026-05-16T03:36:14.281+0000] {processor.py:161} INFO - Started process (PID=6778) to work on /home/airflow/.local/lib/python3.8/site-packages/airflow/example_dags/example_short_circuit_operator.py
[2026-05-16T03:36:14.283+0000] {processor.py:830} INFO - Processing file /home/airflow/.local/lib/python3.8/site-packages/airflow/example_dags/example_short_circuit_operator.py for tasks to queue
[2026-05-16T03:36:14.286+0000] {logging_mixin.py:188} INFO - [2026-05-16T03:36:14.285+0000] {dagbag.py:538} INFO - Filling up the DagBag from /home/airflow/.local/lib/python3.8/site-packages/airflow/example_dags/example_short_circuit_operator.py
[2026-05-16T03:36:14.298+0000] {processor.py:840} INFO - DAG(s) 'example_short_circuit_operator' retrieved from /home/airflow/.local/lib/python3.8/site-packages/airflow/example_dags/example_short_circuit_operator.py
[2026-05-16T03:36:14.343+0000] {logging_mixin.py:188} INFO - [2026-05-16T03:36:14.342+0000] {dag.py:3036} INFO - Sync 1 DAGs
[2026-05-16T03:36:14.382+0000] {logging_mixin.py:188} INFO - [2026-05-16T03:36:14.382+0000] {dag.py:3823} INFO - Setting next_dagrun for example_short_circuit_operator to 2026-05-15 00:00:00+00:00, run_after=2026-05-16 00:00:00+00:00
[2026-05-16T03:36:14.418+0000] {processor.py:183} INFO - Processing /home/airflow/.local/lib/python3.8/site-packages/airflow/example_dags/example_short_circuit_operator.py took 0.142 seconds
[2026-05-16T03:36:44.914+0000] {processor.py:161} INFO - Started process (PID=6841) to work on /home/airflow/.local/lib/python3.8/site-packages/airflow/example_dags/example_short_circuit_operator.py
[2026-05-16T03:36:44.915+0000] {processor.py:830} INFO - Processing file /home/airflow/.local/lib/python3.8/site-packages/airflow/example_dags/example_short_circuit_operator.py for tasks to queue
[2026-05-16T03:36:44.918+0000] {logging_mixin.py:188} INFO - [2026-05-16T03:36:44.917+0000] {dagbag.py:538} INFO - Filling up the DagBag from /home/airflow/.local/lib/python3.8/site-packages/airflow/example_dags/example_short_circuit_operator.py
[2026-05-16T03:36:44.930+0000] {processor.py:840} INFO - DAG(s) 'example_short_circuit_operator' retrieved from /home/airflow/.local/lib/python3.8/site-packages/airflow/example_dags/example_short_circuit_operator.py
[2026-05-16T03:36:44.978+0000] {logging_mixin.py:188} INFO - [2026-05-16T03:36:44.978+0000] {dag.py:3036} INFO - Sync 1 DAGs
[2026-05-16T03:36:45.017+0000] {logging_mixin.py:188} INFO - [2026-05-16T03:36:45.017+0000] {dag.py:3823} INFO - Setting next_dagrun for example_short_circuit_operator to 2026-05-15 00:00:00+00:00, run_after=2026-05-16 00:00:00+00:00
[2026-05-16T03:36:45.050+0000] {processor.py:183} INFO - Processing /home/airflow/.local/lib/python3.8/site-packages/airflow/example_dags/example_short_circuit_operator.py took 0.141 seconds
[2026-05-16T03:37:15.283+0000] {processor.py:161} INFO - Started process (PID=6906) to work on /home/airflow/.local/lib/python3.8/site-packages/airflow/example_dags/example_short_circuit_operator.py
[2026-05-16T03:37:15.285+0000] {processor.py:830} INFO - Processing file /home/airflow/.local/lib/python3.8/site-packages/airflow/example_dags/example_short_circuit_operator.py for tasks to queue
[2026-05-16T03:37:15.288+0000] {logging_mixin.py:188} INFO - [2026-05-16T03:37:15.288+0000] {dagbag.py:538} INFO - Filling up the DagBag from /home/airflow/.local/lib/python3.8/site-packages/airflow/example_dags/example_short_circuit_operator.py
[2026-05-16T03:37:15.304+0000] {processor.py:840} INFO - DAG(s) 'example_short_circuit_operator' retrieved from /home/airflow/.local/lib/python3.8/site-packages/airflow/example_dags/example_short_circuit_operator.py
[2026-05-16T03:37:15.355+0000] {logging_mixin.py:188} INFO - [2026-05-16T03:37:15.355+0000] {dag.py:3036} INFO - Sync 1 DAGs
[2026-05-16T03:37:15.403+0000] {logging_mixin.py:188} INFO - [2026-05-16T03:37:15.402+0000] {dag.py:3823} INFO - Setting next_dagrun for example_short_circuit_operator to 2026-05-15 00:00:00+00:00, run_after=2026-05-16 00:00:00+00:00
[2026-05-16T03:37:15.437+0000] {processor.py:183} INFO - Processing /home/airflow/.local/lib/python3.8/site-packages/airflow/example_dags/example_short_circuit_operator.py took 0.160 seconds
[2026-05-16T03:37:45.735+0000] {processor.py:161} INFO - Started process (PID=6971) to work on /home/airflow/.local/lib/python3.8/site-packages/airflow/example_dags/example_short_circuit_operator.py
[2026-05-16T03:37:45.736+0000] {processor.py:830} INFO - Processing file /home/airflow/.local/lib/python3.8/site-packages/airflow/example_dags/example_short_circuit_operator.py for tasks to queue
[2026-05-16T03:37:45.739+0000] {logging_mixin.py:188} INFO - [2026-05-16T03:37:45.738+0000] {dagbag.py:538} INFO - Filling up the DagBag from /home/airflow/.local/lib/python3.8/site-packages/airflow/example_dags/example_short_circuit_operator.py
[2026-05-16T03:37:45.752+0000] {processor.py:840} INFO - DAG(s) 'example_short_circuit_operator' retrieved from /home/airflow/.local/lib/python3.8/site-packages/airflow/example_dags/example_short_circuit_operator.py
[2026-05-16T03:37:45.799+0000] {logging_mixin.py:188} INFO - [2026-05-16T03:37:45.799+0000] {dag.py:3036} INFO - Sync 1 DAGs
[2026-05-16T03:37:45.845+0000] {logging_mixin.py:188} INFO - [2026-05-16T03:37:45.844+0000] {dag.py:3823} INFO - Setting next_dagrun for example_short_circuit_operator to 2026-05-15 00:00:00+00:00, run_after=2026-05-16 00:00:00+00:00
[2026-05-16T03:37:45.881+0000] {processor.py:183} INFO - Processing /home/airflow/.local/lib/python3.8/site-packages/airflow/example_dags/example_short_circuit_operator.py took 0.153 seconds
[2026-05-16T03:38:16.032+0000] {processor.py:161} INFO - Started process (PID=7035) to work on /home/airflow/.local/lib/python3.8/site-packages/airflow/example_dags/example_short_circuit_operator.py
[2026-05-16T03:38:16.034+0000] {processor.py:830} INFO - Processing file /home/airflow/.local/lib/python3.8/site-packages/airflow/example_dags/example_short_circuit_operator.py for tasks to queue
[2026-05-16T03:38:16.037+0000] {logging_mixin.py:188} INFO - [2026-05-16T03:38:16.036+0000] {dagbag.py:538} INFO - Filling up the DagBag from /home/airflow/.local/lib/python3.8/site-packages/airflow/example_dags/example_short_circuit_operator.py
[2026-05-16T03:38:16.049+0000] {processor.py:840} INFO - DAG(s) 'example_short_circuit_operator' retrieved from /home/airflow/.local/lib/python3.8/site-packages/airflow/example_dags/example_short_circuit_operator.py
[2026-05-16T03:38:16.093+0000] {logging_mixin.py:188} INFO - [2026-05-16T03:38:16.093+0000] {dag.py:3036} INFO - Sync 1 DAGs
[2026-05-16T03:38:16.129+0000] {logging_mixin.py:188} INFO - [2026-05-16T03:38:16.129+0000] {dag.py:3823} INFO - Setting next_dagrun for example_short_circuit_operator to 2026-05-15 00:00:00+00:00, run_after=2026-05-16 00:00:00+00:00
[2026-05-16T03:38:16.159+0000] {processor.py:183} INFO - Processing /home/airflow/.local/lib/python3.8/site-packages/airflow/example_dags/example_short_circuit_operator.py took 0.132 seconds
[2026-05-16T03:38:46.642+0000] {processor.py:161} INFO - Started process (PID=7100) to work on /home/airflow/.local/lib/python3.8/site-packages/airflow/example_dags/example_short_circuit_operator.py
[2026-05-16T03:38:46.643+0000] {processor.py:830} INFO - Processing file /home/airflow/.local/lib/python3.8/site-packages/airflow/example_dags/example_short_circuit_operator.py for tasks to queue
[2026-05-16T03:38:46.646+0000] {logging_mixin.py:188} INFO - [2026-05-16T03:38:46.645+0000] {dagbag.py:538} INFO - Filling up the DagBag from /home/airflow/.local/lib/python3.8/site-packages/airflow/example_dags/example_short_circuit_operator.py
[2026-05-16T03:38:46.659+0000] {processor.py:840} INFO - DAG(s) 'example_short_circuit_operator' retrieved from /home/airflow/.local/lib/python3.8/site-packages/airflow/example_dags/example_short_circuit_operator.py
[2026-05-16T03:38:46.702+0000] {logging_mixin.py:188} INFO - [2026-05-16T03:38:46.702+0000] {dag.py:3036} INFO - Sync 1 DAGs
[2026-05-16T03:38:46.737+0000] {logging_mixin.py:188} INFO - [2026-05-16T03:38:46.736+0000] {dag.py:3823} INFO - Setting next_dagrun for example_short_circuit_operator to 2026-05-15 00:00:00+00:00, run_after=2026-05-16 00:00:00+00:00
[2026-05-16T03:38:46.768+0000] {processor.py:183} INFO - Processing /home/airflow/.local/lib/python3.8/site-packages/airflow/example_dags/example_short_circuit_operator.py took 0.131 seconds
[2026-05-16T03:39:17.415+0000] {processor.py:161} INFO - Started process (PID=7164) to work on /home/airflow/.local/lib/python3.8/site-packages/airflow/example_dags/example_short_circuit_operator.py
[2026-05-16T03:39:17.417+0000] {processor.py:830} INFO - Processing file /home/airflow/.local/lib/python3.8/site-packages/airflow/example_dags/example_short_circuit_operator.py for tasks to queue
[2026-05-16T03:39:17.420+0000] {logging_mixin.py:188} INFO - [2026-05-16T03:39:17.420+0000] {dagbag.py:538} INFO - Filling up the DagBag from /home/airflow/.local/lib/python3.8/site-packages/airflow/example_dags/example_short_circuit_operator.py
[2026-05-16T03:39:17.434+0000] {processor.py:840} INFO - DAG(s) 'example_short_circuit_operator' retrieved from /home/airflow/.local/lib/python3.8/site-packages/airflow/example_dags/example_short_circuit_operator.py
[2026-05-16T03:39:17.483+0000] {logging_mixin.py:188} INFO - [2026-05-16T03:39:17.483+0000] {dag.py:3036} INFO - Sync 1 DAGs
[2026-05-16T03:39:17.527+0000] {logging_mixin.py:188} INFO - [2026-05-16T03:39:17.527+0000] {dag.py:3823} INFO - Setting next_dagrun for example_short_circuit_operator to 2026-05-15 00:00:00+00:00, run_after=2026-05-16 00:00:00+00:00
[2026-05-16T03:39:17.561+0000] {processor.py:183} INFO - Processing /home/airflow/.local/lib/python3.8/site-packages/airflow/example_dags/example_short_circuit_operator.py took 0.152 seconds
