[2026-05-16T02:44:21.894+0000] {processor.py:161} INFO - Started process (PID=97) to work on /home/airflow/.local/lib/python3.8/site-packages/airflow/example_dags/example_sensor_decorator.py
[2026-05-16T02:44:21.895+0000] {processor.py:830} INFO - Processing file /home/airflow/.local/lib/python3.8/site-packages/airflow/example_dags/example_sensor_decorator.py for tasks to queue
[2026-05-16T02:44:21.898+0000] {logging_mixin.py:188} INFO - [2026-05-16T02:44:21.897+0000] {dagbag.py:538} INFO - Filling up the DagBag from /home/airflow/.local/lib/python3.8/site-packages/airflow/example_dags/example_sensor_decorator.py
[2026-05-16T02:44:21.909+0000] {processor.py:840} INFO - DAG(s) 'example_sensor_decorator' retrieved from /home/airflow/.local/lib/python3.8/site-packages/airflow/example_dags/example_sensor_decorator.py
[2026-05-16T02:44:22.091+0000] {logging_mixin.py:188} INFO - [2026-05-16T02:44:22.091+0000] {dag.py:3036} INFO - Sync 1 DAGs
[2026-05-16T02:44:22.116+0000] {logging_mixin.py:188} INFO - [2026-05-16T02:44:22.116+0000] {dag.py:3823} INFO - Setting next_dagrun for example_sensor_decorator to None, run_after=None
[2026-05-16T02:44:22.155+0000] {processor.py:183} INFO - Processing /home/airflow/.local/lib/python3.8/site-packages/airflow/example_dags/example_sensor_decorator.py took 0.267 seconds
[2026-05-16T02:44:52.462+0000] {processor.py:161} INFO - Started process (PID=163) to work on /home/airflow/.local/lib/python3.8/site-packages/airflow/example_dags/example_sensor_decorator.py
[2026-05-16T02:44:52.464+0000] {processor.py:830} INFO - Processing file /home/airflow/.local/lib/python3.8/site-packages/airflow/example_dags/example_sensor_decorator.py for tasks to queue
[2026-05-16T02:44:52.467+0000] {logging_mixin.py:188} INFO - [2026-05-16T02:44:52.466+0000] {dagbag.py:538} INFO - Filling up the DagBag from /home/airflow/.local/lib/python3.8/site-packages/airflow/example_dags/example_sensor_decorator.py
[2026-05-16T02:44:52.478+0000] {processor.py:840} INFO - DAG(s) 'example_sensor_decorator' retrieved from /home/airflow/.local/lib/python3.8/site-packages/airflow/example_dags/example_sensor_decorator.py
[2026-05-16T02:44:52.516+0000] {logging_mixin.py:188} INFO - [2026-05-16T02:44:52.515+0000] {dag.py:3036} INFO - Sync 1 DAGs
[2026-05-16T02:44:52.538+0000] {logging_mixin.py:188} INFO - [2026-05-16T02:44:52.537+0000] {dag.py:3823} INFO - Setting next_dagrun for example_sensor_decorator to None, run_after=None
[2026-05-16T02:44:52.568+0000] {processor.py:183} INFO - Processing /home/airflow/.local/lib/python3.8/site-packages/airflow/example_dags/example_sensor_decorator.py took 0.111 seconds
[2026-05-16T02:45:22.768+0000] {processor.py:161} INFO - Started process (PID=228) to work on /home/airflow/.local/lib/python3.8/site-packages/airflow/example_dags/example_sensor_decorator.py
[2026-05-16T02:45:22.770+0000] {processor.py:830} INFO - Processing file /home/airflow/.local/lib/python3.8/site-packages/airflow/example_dags/example_sensor_decorator.py for tasks to queue
[2026-05-16T02:45:22.774+0000] {logging_mixin.py:188} INFO - [2026-05-16T02:45:22.773+0000] {dagbag.py:538} INFO - Filling up the DagBag from /home/airflow/.local/lib/python3.8/site-packages/airflow/example_dags/example_sensor_decorator.py
[2026-05-16T02:45:22.785+0000] {processor.py:840} INFO - DAG(s) 'example_sensor_decorator' retrieved from /home/airflow/.local/lib/python3.8/site-packages/airflow/example_dags/example_sensor_decorator.py
[2026-05-16T02:45:22.824+0000] {logging_mixin.py:188} INFO - [2026-05-16T02:45:22.824+0000] {dag.py:3036} INFO - Sync 1 DAGs
[2026-05-16T02:45:22.846+0000] {logging_mixin.py:188} INFO - [2026-05-16T02:45:22.846+0000] {dag.py:3823} INFO - Setting next_dagrun for example_sensor_decorator to None, run_after=None
[2026-05-16T02:45:22.878+0000] {processor.py:183} INFO - Processing /home/airflow/.local/lib/python3.8/site-packages/airflow/example_dags/example_sensor_decorator.py took 0.119 seconds
[2026-05-16T02:45:53.118+0000] {processor.py:161} INFO - Started process (PID=292) to work on /home/airflow/.local/lib/python3.8/site-packages/airflow/example_dags/example_sensor_decorator.py
[2026-05-16T02:45:53.120+0000] {processor.py:830} INFO - Processing file /home/airflow/.local/lib/python3.8/site-packages/airflow/example_dags/example_sensor_decorator.py for tasks to queue
[2026-05-16T02:45:53.123+0000] {logging_mixin.py:188} INFO - [2026-05-16T02:45:53.122+0000] {dagbag.py:538} INFO - Filling up the DagBag from /home/airflow/.local/lib/python3.8/site-packages/airflow/example_dags/example_sensor_decorator.py
[2026-05-16T02:45:53.133+0000] {processor.py:840} INFO - DAG(s) 'example_sensor_decorator' retrieved from /home/airflow/.local/lib/python3.8/site-packages/airflow/example_dags/example_sensor_decorator.py
[2026-05-16T02:45:53.171+0000] {logging_mixin.py:188} INFO - [2026-05-16T02:45:53.171+0000] {dag.py:3036} INFO - Sync 1 DAGs
[2026-05-16T02:45:53.196+0000] {logging_mixin.py:188} INFO - [2026-05-16T02:45:53.195+0000] {dag.py:3823} INFO - Setting next_dagrun for example_sensor_decorator to None, run_after=None
[2026-05-16T02:45:53.231+0000] {processor.py:183} INFO - Processing /home/airflow/.local/lib/python3.8/site-packages/airflow/example_dags/example_sensor_decorator.py took 0.118 seconds
[2026-05-16T02:46:23.576+0000] {processor.py:161} INFO - Started process (PID=357) to work on /home/airflow/.local/lib/python3.8/site-packages/airflow/example_dags/example_sensor_decorator.py
[2026-05-16T02:46:23.578+0000] {processor.py:830} INFO - Processing file /home/airflow/.local/lib/python3.8/site-packages/airflow/example_dags/example_sensor_decorator.py for tasks to queue
[2026-05-16T02:46:23.581+0000] {logging_mixin.py:188} INFO - [2026-05-16T02:46:23.581+0000] {dagbag.py:538} INFO - Filling up the DagBag from /home/airflow/.local/lib/python3.8/site-packages/airflow/example_dags/example_sensor_decorator.py
[2026-05-16T02:46:23.592+0000] {processor.py:840} INFO - DAG(s) 'example_sensor_decorator' retrieved from /home/airflow/.local/lib/python3.8/site-packages/airflow/example_dags/example_sensor_decorator.py
[2026-05-16T02:46:23.636+0000] {logging_mixin.py:188} INFO - [2026-05-16T02:46:23.636+0000] {dag.py:3036} INFO - Sync 1 DAGs
[2026-05-16T02:46:23.671+0000] {logging_mixin.py:188} INFO - [2026-05-16T02:46:23.670+0000] {dag.py:3823} INFO - Setting next_dagrun for example_sensor_decorator to None, run_after=None
[2026-05-16T02:46:23.741+0000] {processor.py:183} INFO - Processing /home/airflow/.local/lib/python3.8/site-packages/airflow/example_dags/example_sensor_decorator.py took 0.172 seconds
[2026-05-16T02:46:53.924+0000] {processor.py:161} INFO - Started process (PID=421) to work on /home/airflow/.local/lib/python3.8/site-packages/airflow/example_dags/example_sensor_decorator.py
[2026-05-16T02:46:53.927+0000] {processor.py:830} INFO - Processing file /home/airflow/.local/lib/python3.8/site-packages/airflow/example_dags/example_sensor_decorator.py for tasks to queue
[2026-05-16T02:46:53.930+0000] {logging_mixin.py:188} INFO - [2026-05-16T02:46:53.930+0000] {dagbag.py:538} INFO - Filling up the DagBag from /home/airflow/.local/lib/python3.8/site-packages/airflow/example_dags/example_sensor_decorator.py
[2026-05-16T02:46:53.941+0000] {processor.py:840} INFO - DAG(s) 'example_sensor_decorator' retrieved from /home/airflow/.local/lib/python3.8/site-packages/airflow/example_dags/example_sensor_decorator.py
[2026-05-16T02:46:53.979+0000] {logging_mixin.py:188} INFO - [2026-05-16T02:46:53.978+0000] {dag.py:3036} INFO - Sync 1 DAGs
[2026-05-16T02:46:54.000+0000] {logging_mixin.py:188} INFO - [2026-05-16T02:46:54.000+0000] {dag.py:3823} INFO - Setting next_dagrun for example_sensor_decorator to None, run_after=None
[2026-05-16T02:46:54.034+0000] {processor.py:183} INFO - Processing /home/airflow/.local/lib/python3.8/site-packages/airflow/example_dags/example_sensor_decorator.py took 0.116 seconds
[2026-05-16T02:47:24.685+0000] {processor.py:161} INFO - Started process (PID=485) to work on /home/airflow/.local/lib/python3.8/site-packages/airflow/example_dags/example_sensor_decorator.py
[2026-05-16T02:47:24.688+0000] {processor.py:830} INFO - Processing file /home/airflow/.local/lib/python3.8/site-packages/airflow/example_dags/example_sensor_decorator.py for tasks to queue
[2026-05-16T02:47:24.692+0000] {logging_mixin.py:188} INFO - [2026-05-16T02:47:24.691+0000] {dagbag.py:538} INFO - Filling up the DagBag from /home/airflow/.local/lib/python3.8/site-packages/airflow/example_dags/example_sensor_decorator.py
[2026-05-16T02:47:24.704+0000] {processor.py:840} INFO - DAG(s) 'example_sensor_decorator' retrieved from /home/airflow/.local/lib/python3.8/site-packages/airflow/example_dags/example_sensor_decorator.py
[2026-05-16T02:47:24.747+0000] {logging_mixin.py:188} INFO - [2026-05-16T02:47:24.746+0000] {dag.py:3036} INFO - Sync 1 DAGs
[2026-05-16T02:47:24.769+0000] {logging_mixin.py:188} INFO - [2026-05-16T02:47:24.769+0000] {dag.py:3823} INFO - Setting next_dagrun for example_sensor_decorator to None, run_after=None
[2026-05-16T02:47:24.800+0000] {processor.py:183} INFO - Processing /home/airflow/.local/lib/python3.8/site-packages/airflow/example_dags/example_sensor_decorator.py took 0.120 seconds
[2026-05-16T02:47:55.184+0000] {processor.py:161} INFO - Started process (PID=550) to work on /home/airflow/.local/lib/python3.8/site-packages/airflow/example_dags/example_sensor_decorator.py
[2026-05-16T02:47:55.186+0000] {processor.py:830} INFO - Processing file /home/airflow/.local/lib/python3.8/site-packages/airflow/example_dags/example_sensor_decorator.py for tasks to queue
[2026-05-16T02:47:55.189+0000] {logging_mixin.py:188} INFO - [2026-05-16T02:47:55.189+0000] {dagbag.py:538} INFO - Filling up the DagBag from /home/airflow/.local/lib/python3.8/site-packages/airflow/example_dags/example_sensor_decorator.py
[2026-05-16T02:47:55.206+0000] {processor.py:840} INFO - DAG(s) 'example_sensor_decorator' retrieved from /home/airflow/.local/lib/python3.8/site-packages/airflow/example_dags/example_sensor_decorator.py
[2026-05-16T02:47:55.256+0000] {logging_mixin.py:188} INFO - [2026-05-16T02:47:55.256+0000] {dag.py:3036} INFO - Sync 1 DAGs
[2026-05-16T02:47:55.281+0000] {logging_mixin.py:188} INFO - [2026-05-16T02:47:55.280+0000] {dag.py:3823} INFO - Setting next_dagrun for example_sensor_decorator to None, run_after=None
[2026-05-16T02:47:55.318+0000] {processor.py:183} INFO - Processing /home/airflow/.local/lib/python3.8/site-packages/airflow/example_dags/example_sensor_decorator.py took 0.140 seconds
[2026-05-16T02:48:26.245+0000] {processor.py:161} INFO - Started process (PID=624) to work on /home/airflow/.local/lib/python3.8/site-packages/airflow/example_dags/example_sensor_decorator.py
[2026-05-16T02:48:26.247+0000] {processor.py:830} INFO - Processing file /home/airflow/.local/lib/python3.8/site-packages/airflow/example_dags/example_sensor_decorator.py for tasks to queue
[2026-05-16T02:48:26.249+0000] {logging_mixin.py:188} INFO - [2026-05-16T02:48:26.249+0000] {dagbag.py:538} INFO - Filling up the DagBag from /home/airflow/.local/lib/python3.8/site-packages/airflow/example_dags/example_sensor_decorator.py
[2026-05-16T02:48:26.261+0000] {processor.py:840} INFO - DAG(s) 'example_sensor_decorator' retrieved from /home/airflow/.local/lib/python3.8/site-packages/airflow/example_dags/example_sensor_decorator.py
[2026-05-16T02:48:26.298+0000] {logging_mixin.py:188} INFO - [2026-05-16T02:48:26.298+0000] {dag.py:3036} INFO - Sync 1 DAGs
[2026-05-16T02:48:26.319+0000] {logging_mixin.py:188} INFO - [2026-05-16T02:48:26.319+0000] {dag.py:3823} INFO - Setting next_dagrun for example_sensor_decorator to None, run_after=None
[2026-05-16T02:48:26.354+0000] {processor.py:183} INFO - Processing /home/airflow/.local/lib/python3.8/site-packages/airflow/example_dags/example_sensor_decorator.py took 0.114 seconds
[2026-05-16T02:48:56.776+0000] {processor.py:161} INFO - Started process (PID=688) to work on /home/airflow/.local/lib/python3.8/site-packages/airflow/example_dags/example_sensor_decorator.py
[2026-05-16T02:48:56.778+0000] {processor.py:830} INFO - Processing file /home/airflow/.local/lib/python3.8/site-packages/airflow/example_dags/example_sensor_decorator.py for tasks to queue
[2026-05-16T02:48:56.781+0000] {logging_mixin.py:188} INFO - [2026-05-16T02:48:56.781+0000] {dagbag.py:538} INFO - Filling up the DagBag from /home/airflow/.local/lib/python3.8/site-packages/airflow/example_dags/example_sensor_decorator.py
[2026-05-16T02:48:56.791+0000] {processor.py:840} INFO - DAG(s) 'example_sensor_decorator' retrieved from /home/airflow/.local/lib/python3.8/site-packages/airflow/example_dags/example_sensor_decorator.py
[2026-05-16T02:48:56.824+0000] {logging_mixin.py:188} INFO - [2026-05-16T02:48:56.824+0000] {dag.py:3036} INFO - Sync 1 DAGs
[2026-05-16T02:48:56.843+0000] {logging_mixin.py:188} INFO - [2026-05-16T02:48:56.843+0000] {dag.py:3823} INFO - Setting next_dagrun for example_sensor_decorator to None, run_after=None
[2026-05-16T02:48:56.875+0000] {processor.py:183} INFO - Processing /home/airflow/.local/lib/python3.8/site-packages/airflow/example_dags/example_sensor_decorator.py took 0.104 seconds
[2026-05-16T02:49:27.209+0000] {processor.py:161} INFO - Started process (PID=752) to work on /home/airflow/.local/lib/python3.8/site-packages/airflow/example_dags/example_sensor_decorator.py
[2026-05-16T02:49:27.210+0000] {processor.py:830} INFO - Processing file /home/airflow/.local/lib/python3.8/site-packages/airflow/example_dags/example_sensor_decorator.py for tasks to queue
[2026-05-16T02:49:27.213+0000] {logging_mixin.py:188} INFO - [2026-05-16T02:49:27.213+0000] {dagbag.py:538} INFO - Filling up the DagBag from /home/airflow/.local/lib/python3.8/site-packages/airflow/example_dags/example_sensor_decorator.py
[2026-05-16T02:49:27.223+0000] {processor.py:840} INFO - DAG(s) 'example_sensor_decorator' retrieved from /home/airflow/.local/lib/python3.8/site-packages/airflow/example_dags/example_sensor_decorator.py
[2026-05-16T02:49:27.266+0000] {logging_mixin.py:188} INFO - [2026-05-16T02:49:27.266+0000] {dag.py:3036} INFO - Sync 1 DAGs
[2026-05-16T02:49:27.287+0000] {logging_mixin.py:188} INFO - [2026-05-16T02:49:27.286+0000] {dag.py:3823} INFO - Setting next_dagrun for example_sensor_decorator to None, run_after=None
[2026-05-16T02:49:27.315+0000] {processor.py:183} INFO - Processing /home/airflow/.local/lib/python3.8/site-packages/airflow/example_dags/example_sensor_decorator.py took 0.113 seconds
[2026-05-16T02:49:58.086+0000] {processor.py:161} INFO - Started process (PID=817) to work on /home/airflow/.local/lib/python3.8/site-packages/airflow/example_dags/example_sensor_decorator.py
[2026-05-16T02:49:58.088+0000] {processor.py:830} INFO - Processing file /home/airflow/.local/lib/python3.8/site-packages/airflow/example_dags/example_sensor_decorator.py for tasks to queue
[2026-05-16T02:49:58.091+0000] {logging_mixin.py:188} INFO - [2026-05-16T02:49:58.091+0000] {dagbag.py:538} INFO - Filling up the DagBag from /home/airflow/.local/lib/python3.8/site-packages/airflow/example_dags/example_sensor_decorator.py
[2026-05-16T02:49:58.101+0000] {processor.py:840} INFO - DAG(s) 'example_sensor_decorator' retrieved from /home/airflow/.local/lib/python3.8/site-packages/airflow/example_dags/example_sensor_decorator.py
[2026-05-16T02:49:58.136+0000] {logging_mixin.py:188} INFO - [2026-05-16T02:49:58.136+0000] {dag.py:3036} INFO - Sync 1 DAGs
[2026-05-16T02:49:58.155+0000] {logging_mixin.py:188} INFO - [2026-05-16T02:49:58.154+0000] {dag.py:3823} INFO - Setting next_dagrun for example_sensor_decorator to None, run_after=None
[2026-05-16T02:49:58.184+0000] {processor.py:183} INFO - Processing /home/airflow/.local/lib/python3.8/site-packages/airflow/example_dags/example_sensor_decorator.py took 0.103 seconds
[2026-05-16T02:50:28.328+0000] {processor.py:161} INFO - Started process (PID=880) to work on /home/airflow/.local/lib/python3.8/site-packages/airflow/example_dags/example_sensor_decorator.py
[2026-05-16T02:50:28.330+0000] {processor.py:830} INFO - Processing file /home/airflow/.local/lib/python3.8/site-packages/airflow/example_dags/example_sensor_decorator.py for tasks to queue
[2026-05-16T02:50:28.333+0000] {logging_mixin.py:188} INFO - [2026-05-16T02:50:28.332+0000] {dagbag.py:538} INFO - Filling up the DagBag from /home/airflow/.local/lib/python3.8/site-packages/airflow/example_dags/example_sensor_decorator.py
[2026-05-16T02:50:28.343+0000] {processor.py:840} INFO - DAG(s) 'example_sensor_decorator' retrieved from /home/airflow/.local/lib/python3.8/site-packages/airflow/example_dags/example_sensor_decorator.py
[2026-05-16T02:50:28.385+0000] {logging_mixin.py:188} INFO - [2026-05-16T02:50:28.385+0000] {dag.py:3036} INFO - Sync 1 DAGs
[2026-05-16T02:50:28.410+0000] {logging_mixin.py:188} INFO - [2026-05-16T02:50:28.410+0000] {dag.py:3823} INFO - Setting next_dagrun for example_sensor_decorator to None, run_after=None
[2026-05-16T02:50:28.445+0000] {processor.py:183} INFO - Processing /home/airflow/.local/lib/python3.8/site-packages/airflow/example_dags/example_sensor_decorator.py took 0.122 seconds
[2026-05-16T02:50:58.951+0000] {processor.py:161} INFO - Started process (PID=945) to work on /home/airflow/.local/lib/python3.8/site-packages/airflow/example_dags/example_sensor_decorator.py
[2026-05-16T02:50:58.954+0000] {processor.py:830} INFO - Processing file /home/airflow/.local/lib/python3.8/site-packages/airflow/example_dags/example_sensor_decorator.py for tasks to queue
[2026-05-16T02:50:58.957+0000] {logging_mixin.py:188} INFO - [2026-05-16T02:50:58.957+0000] {dagbag.py:538} INFO - Filling up the DagBag from /home/airflow/.local/lib/python3.8/site-packages/airflow/example_dags/example_sensor_decorator.py
[2026-05-16T02:50:58.968+0000] {processor.py:840} INFO - DAG(s) 'example_sensor_decorator' retrieved from /home/airflow/.local/lib/python3.8/site-packages/airflow/example_dags/example_sensor_decorator.py
[2026-05-16T02:50:59.007+0000] {logging_mixin.py:188} INFO - [2026-05-16T02:50:59.007+0000] {dag.py:3036} INFO - Sync 1 DAGs
[2026-05-16T02:50:59.033+0000] {logging_mixin.py:188} INFO - [2026-05-16T02:50:59.032+0000] {dag.py:3823} INFO - Setting next_dagrun for example_sensor_decorator to None, run_after=None
[2026-05-16T02:50:59.064+0000] {processor.py:183} INFO - Processing /home/airflow/.local/lib/python3.8/site-packages/airflow/example_dags/example_sensor_decorator.py took 0.119 seconds
[2026-05-16T02:51:29.511+0000] {processor.py:161} INFO - Started process (PID=1009) to work on /home/airflow/.local/lib/python3.8/site-packages/airflow/example_dags/example_sensor_decorator.py
[2026-05-16T02:51:29.512+0000] {processor.py:830} INFO - Processing file /home/airflow/.local/lib/python3.8/site-packages/airflow/example_dags/example_sensor_decorator.py for tasks to queue
[2026-05-16T02:51:29.515+0000] {logging_mixin.py:188} INFO - [2026-05-16T02:51:29.514+0000] {dagbag.py:538} INFO - Filling up the DagBag from /home/airflow/.local/lib/python3.8/site-packages/airflow/example_dags/example_sensor_decorator.py
[2026-05-16T02:51:29.525+0000] {processor.py:840} INFO - DAG(s) 'example_sensor_decorator' retrieved from /home/airflow/.local/lib/python3.8/site-packages/airflow/example_dags/example_sensor_decorator.py
[2026-05-16T02:51:29.561+0000] {logging_mixin.py:188} INFO - [2026-05-16T02:51:29.561+0000] {dag.py:3036} INFO - Sync 1 DAGs
[2026-05-16T02:51:29.584+0000] {logging_mixin.py:188} INFO - [2026-05-16T02:51:29.584+0000] {dag.py:3823} INFO - Setting next_dagrun for example_sensor_decorator to None, run_after=None
[2026-05-16T02:51:29.617+0000] {processor.py:183} INFO - Processing /home/airflow/.local/lib/python3.8/site-packages/airflow/example_dags/example_sensor_decorator.py took 0.112 seconds
[2026-05-16T02:52:00.471+0000] {processor.py:161} INFO - Started process (PID=1075) to work on /home/airflow/.local/lib/python3.8/site-packages/airflow/example_dags/example_sensor_decorator.py
[2026-05-16T02:52:00.473+0000] {processor.py:830} INFO - Processing file /home/airflow/.local/lib/python3.8/site-packages/airflow/example_dags/example_sensor_decorator.py for tasks to queue
[2026-05-16T02:52:00.475+0000] {logging_mixin.py:188} INFO - [2026-05-16T02:52:00.475+0000] {dagbag.py:538} INFO - Filling up the DagBag from /home/airflow/.local/lib/python3.8/site-packages/airflow/example_dags/example_sensor_decorator.py
[2026-05-16T02:52:00.485+0000] {processor.py:840} INFO - DAG(s) 'example_sensor_decorator' retrieved from /home/airflow/.local/lib/python3.8/site-packages/airflow/example_dags/example_sensor_decorator.py
[2026-05-16T02:52:00.520+0000] {logging_mixin.py:188} INFO - [2026-05-16T02:52:00.520+0000] {dag.py:3036} INFO - Sync 1 DAGs
[2026-05-16T02:52:00.539+0000] {logging_mixin.py:188} INFO - [2026-05-16T02:52:00.538+0000] {dag.py:3823} INFO - Setting next_dagrun for example_sensor_decorator to None, run_after=None
[2026-05-16T02:52:00.567+0000] {processor.py:183} INFO - Processing /home/airflow/.local/lib/python3.8/site-packages/airflow/example_dags/example_sensor_decorator.py took 0.102 seconds
[2026-05-16T02:52:30.649+0000] {processor.py:161} INFO - Started process (PID=1139) to work on /home/airflow/.local/lib/python3.8/site-packages/airflow/example_dags/example_sensor_decorator.py
[2026-05-16T02:52:30.650+0000] {processor.py:830} INFO - Processing file /home/airflow/.local/lib/python3.8/site-packages/airflow/example_dags/example_sensor_decorator.py for tasks to queue
[2026-05-16T02:52:30.653+0000] {logging_mixin.py:188} INFO - [2026-05-16T02:52:30.652+0000] {dagbag.py:538} INFO - Filling up the DagBag from /home/airflow/.local/lib/python3.8/site-packages/airflow/example_dags/example_sensor_decorator.py
[2026-05-16T02:52:30.662+0000] {processor.py:840} INFO - DAG(s) 'example_sensor_decorator' retrieved from /home/airflow/.local/lib/python3.8/site-packages/airflow/example_dags/example_sensor_decorator.py
[2026-05-16T02:52:30.696+0000] {logging_mixin.py:188} INFO - [2026-05-16T02:52:30.696+0000] {dag.py:3036} INFO - Sync 1 DAGs
[2026-05-16T02:52:30.718+0000] {logging_mixin.py:188} INFO - [2026-05-16T02:52:30.718+0000] {dag.py:3823} INFO - Setting next_dagrun for example_sensor_decorator to None, run_after=None
[2026-05-16T02:52:30.750+0000] {processor.py:183} INFO - Processing /home/airflow/.local/lib/python3.8/site-packages/airflow/example_dags/example_sensor_decorator.py took 0.106 seconds
[2026-05-16T02:53:00.886+0000] {processor.py:161} INFO - Started process (PID=1205) to work on /home/airflow/.local/lib/python3.8/site-packages/airflow/example_dags/example_sensor_decorator.py
[2026-05-16T02:53:00.888+0000] {processor.py:830} INFO - Processing file /home/airflow/.local/lib/python3.8/site-packages/airflow/example_dags/example_sensor_decorator.py for tasks to queue
[2026-05-16T02:53:00.891+0000] {logging_mixin.py:188} INFO - [2026-05-16T02:53:00.891+0000] {dagbag.py:538} INFO - Filling up the DagBag from /home/airflow/.local/lib/python3.8/site-packages/airflow/example_dags/example_sensor_decorator.py
[2026-05-16T02:53:00.901+0000] {processor.py:840} INFO - DAG(s) 'example_sensor_decorator' retrieved from /home/airflow/.local/lib/python3.8/site-packages/airflow/example_dags/example_sensor_decorator.py
[2026-05-16T02:53:00.938+0000] {logging_mixin.py:188} INFO - [2026-05-16T02:53:00.937+0000] {dag.py:3036} INFO - Sync 1 DAGs
[2026-05-16T02:53:00.962+0000] {logging_mixin.py:188} INFO - [2026-05-16T02:53:00.961+0000] {dag.py:3823} INFO - Setting next_dagrun for example_sensor_decorator to None, run_after=None
[2026-05-16T02:53:00.998+0000] {processor.py:183} INFO - Processing /home/airflow/.local/lib/python3.8/site-packages/airflow/example_dags/example_sensor_decorator.py took 0.117 seconds
[2026-05-16T02:53:31.567+0000] {processor.py:161} INFO - Started process (PID=1278) to work on /home/airflow/.local/lib/python3.8/site-packages/airflow/example_dags/example_sensor_decorator.py
[2026-05-16T02:53:31.569+0000] {processor.py:830} INFO - Processing file /home/airflow/.local/lib/python3.8/site-packages/airflow/example_dags/example_sensor_decorator.py for tasks to queue
[2026-05-16T02:53:31.572+0000] {logging_mixin.py:188} INFO - [2026-05-16T02:53:31.571+0000] {dagbag.py:538} INFO - Filling up the DagBag from /home/airflow/.local/lib/python3.8/site-packages/airflow/example_dags/example_sensor_decorator.py
[2026-05-16T02:53:31.583+0000] {processor.py:840} INFO - DAG(s) 'example_sensor_decorator' retrieved from /home/airflow/.local/lib/python3.8/site-packages/airflow/example_dags/example_sensor_decorator.py
[2026-05-16T02:53:31.622+0000] {logging_mixin.py:188} INFO - [2026-05-16T02:53:31.622+0000] {dag.py:3036} INFO - Sync 1 DAGs
[2026-05-16T02:53:31.645+0000] {logging_mixin.py:188} INFO - [2026-05-16T02:53:31.644+0000] {dag.py:3823} INFO - Setting next_dagrun for example_sensor_decorator to None, run_after=None
[2026-05-16T02:53:31.681+0000] {processor.py:183} INFO - Processing /home/airflow/.local/lib/python3.8/site-packages/airflow/example_dags/example_sensor_decorator.py took 0.120 seconds
[2026-05-16T02:54:01.783+0000] {processor.py:161} INFO - Started process (PID=1342) to work on /home/airflow/.local/lib/python3.8/site-packages/airflow/example_dags/example_sensor_decorator.py
[2026-05-16T02:54:01.784+0000] {processor.py:830} INFO - Processing file /home/airflow/.local/lib/python3.8/site-packages/airflow/example_dags/example_sensor_decorator.py for tasks to queue
[2026-05-16T02:54:01.787+0000] {logging_mixin.py:188} INFO - [2026-05-16T02:54:01.787+0000] {dagbag.py:538} INFO - Filling up the DagBag from /home/airflow/.local/lib/python3.8/site-packages/airflow/example_dags/example_sensor_decorator.py
[2026-05-16T02:54:01.800+0000] {processor.py:840} INFO - DAG(s) 'example_sensor_decorator' retrieved from /home/airflow/.local/lib/python3.8/site-packages/airflow/example_dags/example_sensor_decorator.py
[2026-05-16T02:54:01.842+0000] {logging_mixin.py:188} INFO - [2026-05-16T02:54:01.841+0000] {dag.py:3036} INFO - Sync 1 DAGs
[2026-05-16T02:54:01.867+0000] {logging_mixin.py:188} INFO - [2026-05-16T02:54:01.866+0000] {dag.py:3823} INFO - Setting next_dagrun for example_sensor_decorator to None, run_after=None
[2026-05-16T02:54:01.911+0000] {processor.py:183} INFO - Processing /home/airflow/.local/lib/python3.8/site-packages/airflow/example_dags/example_sensor_decorator.py took 0.134 seconds
[2026-05-16T02:54:32.509+0000] {processor.py:161} INFO - Started process (PID=1407) to work on /home/airflow/.local/lib/python3.8/site-packages/airflow/example_dags/example_sensor_decorator.py
[2026-05-16T02:54:32.511+0000] {processor.py:830} INFO - Processing file /home/airflow/.local/lib/python3.8/site-packages/airflow/example_dags/example_sensor_decorator.py for tasks to queue
[2026-05-16T02:54:32.514+0000] {logging_mixin.py:188} INFO - [2026-05-16T02:54:32.514+0000] {dagbag.py:538} INFO - Filling up the DagBag from /home/airflow/.local/lib/python3.8/site-packages/airflow/example_dags/example_sensor_decorator.py
[2026-05-16T02:54:32.525+0000] {processor.py:840} INFO - DAG(s) 'example_sensor_decorator' retrieved from /home/airflow/.local/lib/python3.8/site-packages/airflow/example_dags/example_sensor_decorator.py
[2026-05-16T02:54:32.566+0000] {logging_mixin.py:188} INFO - [2026-05-16T02:54:32.566+0000] {dag.py:3036} INFO - Sync 1 DAGs
[2026-05-16T02:54:32.591+0000] {logging_mixin.py:188} INFO - [2026-05-16T02:54:32.590+0000] {dag.py:3823} INFO - Setting next_dagrun for example_sensor_decorator to None, run_after=None
[2026-05-16T02:54:32.625+0000] {processor.py:183} INFO - Processing /home/airflow/.local/lib/python3.8/site-packages/airflow/example_dags/example_sensor_decorator.py took 0.122 seconds
[2026-05-16T02:55:03.166+0000] {processor.py:161} INFO - Started process (PID=1472) to work on /home/airflow/.local/lib/python3.8/site-packages/airflow/example_dags/example_sensor_decorator.py
[2026-05-16T02:55:03.168+0000] {processor.py:830} INFO - Processing file /home/airflow/.local/lib/python3.8/site-packages/airflow/example_dags/example_sensor_decorator.py for tasks to queue
[2026-05-16T02:55:03.172+0000] {logging_mixin.py:188} INFO - [2026-05-16T02:55:03.171+0000] {dagbag.py:538} INFO - Filling up the DagBag from /home/airflow/.local/lib/python3.8/site-packages/airflow/example_dags/example_sensor_decorator.py
[2026-05-16T02:55:03.183+0000] {processor.py:840} INFO - DAG(s) 'example_sensor_decorator' retrieved from /home/airflow/.local/lib/python3.8/site-packages/airflow/example_dags/example_sensor_decorator.py
[2026-05-16T02:55:03.233+0000] {logging_mixin.py:188} INFO - [2026-05-16T02:55:03.233+0000] {dag.py:3036} INFO - Sync 1 DAGs
[2026-05-16T02:55:03.259+0000] {logging_mixin.py:188} INFO - [2026-05-16T02:55:03.258+0000] {dag.py:3823} INFO - Setting next_dagrun for example_sensor_decorator to None, run_after=None
[2026-05-16T02:55:03.318+0000] {processor.py:183} INFO - Processing /home/airflow/.local/lib/python3.8/site-packages/airflow/example_dags/example_sensor_decorator.py took 0.158 seconds
[2026-05-16T02:55:33.532+0000] {processor.py:161} INFO - Started process (PID=1539) to work on /home/airflow/.local/lib/python3.8/site-packages/airflow/example_dags/example_sensor_decorator.py
[2026-05-16T02:55:33.533+0000] {processor.py:830} INFO - Processing file /home/airflow/.local/lib/python3.8/site-packages/airflow/example_dags/example_sensor_decorator.py for tasks to queue
[2026-05-16T02:55:33.536+0000] {logging_mixin.py:188} INFO - [2026-05-16T02:55:33.536+0000] {dagbag.py:538} INFO - Filling up the DagBag from /home/airflow/.local/lib/python3.8/site-packages/airflow/example_dags/example_sensor_decorator.py
[2026-05-16T02:55:33.544+0000] {processor.py:840} INFO - DAG(s) 'example_sensor_decorator' retrieved from /home/airflow/.local/lib/python3.8/site-packages/airflow/example_dags/example_sensor_decorator.py
[2026-05-16T02:55:33.579+0000] {logging_mixin.py:188} INFO - [2026-05-16T02:55:33.579+0000] {dag.py:3036} INFO - Sync 1 DAGs
[2026-05-16T02:55:33.602+0000] {logging_mixin.py:188} INFO - [2026-05-16T02:55:33.602+0000] {dag.py:3823} INFO - Setting next_dagrun for example_sensor_decorator to None, run_after=None
[2026-05-16T02:55:33.632+0000] {processor.py:183} INFO - Processing /home/airflow/.local/lib/python3.8/site-packages/airflow/example_dags/example_sensor_decorator.py took 0.105 seconds
[2026-05-16T02:56:03.858+0000] {processor.py:161} INFO - Started process (PID=1604) to work on /home/airflow/.local/lib/python3.8/site-packages/airflow/example_dags/example_sensor_decorator.py
[2026-05-16T02:56:03.859+0000] {processor.py:830} INFO - Processing file /home/airflow/.local/lib/python3.8/site-packages/airflow/example_dags/example_sensor_decorator.py for tasks to queue
[2026-05-16T02:56:03.862+0000] {logging_mixin.py:188} INFO - [2026-05-16T02:56:03.862+0000] {dagbag.py:538} INFO - Filling up the DagBag from /home/airflow/.local/lib/python3.8/site-packages/airflow/example_dags/example_sensor_decorator.py
[2026-05-16T02:56:03.873+0000] {processor.py:840} INFO - DAG(s) 'example_sensor_decorator' retrieved from /home/airflow/.local/lib/python3.8/site-packages/airflow/example_dags/example_sensor_decorator.py
[2026-05-16T02:56:03.910+0000] {logging_mixin.py:188} INFO - [2026-05-16T02:56:03.909+0000] {dag.py:3036} INFO - Sync 1 DAGs
[2026-05-16T02:56:03.932+0000] {logging_mixin.py:188} INFO - [2026-05-16T02:56:03.932+0000] {dag.py:3823} INFO - Setting next_dagrun for example_sensor_decorator to None, run_after=None
[2026-05-16T02:56:03.972+0000] {processor.py:183} INFO - Processing /home/airflow/.local/lib/python3.8/site-packages/airflow/example_dags/example_sensor_decorator.py took 0.120 seconds
[2026-05-16T02:56:34.204+0000] {processor.py:161} INFO - Started process (PID=1668) to work on /home/airflow/.local/lib/python3.8/site-packages/airflow/example_dags/example_sensor_decorator.py
[2026-05-16T02:56:34.206+0000] {processor.py:830} INFO - Processing file /home/airflow/.local/lib/python3.8/site-packages/airflow/example_dags/example_sensor_decorator.py for tasks to queue
[2026-05-16T02:56:34.208+0000] {logging_mixin.py:188} INFO - [2026-05-16T02:56:34.208+0000] {dagbag.py:538} INFO - Filling up the DagBag from /home/airflow/.local/lib/python3.8/site-packages/airflow/example_dags/example_sensor_decorator.py
[2026-05-16T02:56:34.217+0000] {processor.py:840} INFO - DAG(s) 'example_sensor_decorator' retrieved from /home/airflow/.local/lib/python3.8/site-packages/airflow/example_dags/example_sensor_decorator.py
[2026-05-16T02:56:34.252+0000] {logging_mixin.py:188} INFO - [2026-05-16T02:56:34.252+0000] {dag.py:3036} INFO - Sync 1 DAGs
[2026-05-16T02:56:34.274+0000] {logging_mixin.py:188} INFO - [2026-05-16T02:56:34.273+0000] {dag.py:3823} INFO - Setting next_dagrun for example_sensor_decorator to None, run_after=None
[2026-05-16T02:56:34.304+0000] {processor.py:183} INFO - Processing /home/airflow/.local/lib/python3.8/site-packages/airflow/example_dags/example_sensor_decorator.py took 0.105 seconds
[2026-05-16T02:57:04.632+0000] {processor.py:161} INFO - Started process (PID=1734) to work on /home/airflow/.local/lib/python3.8/site-packages/airflow/example_dags/example_sensor_decorator.py
[2026-05-16T02:57:04.634+0000] {processor.py:830} INFO - Processing file /home/airflow/.local/lib/python3.8/site-packages/airflow/example_dags/example_sensor_decorator.py for tasks to queue
[2026-05-16T02:57:04.636+0000] {logging_mixin.py:188} INFO - [2026-05-16T02:57:04.636+0000] {dagbag.py:538} INFO - Filling up the DagBag from /home/airflow/.local/lib/python3.8/site-packages/airflow/example_dags/example_sensor_decorator.py
[2026-05-16T02:57:04.646+0000] {processor.py:840} INFO - DAG(s) 'example_sensor_decorator' retrieved from /home/airflow/.local/lib/python3.8/site-packages/airflow/example_dags/example_sensor_decorator.py
[2026-05-16T02:57:04.686+0000] {logging_mixin.py:188} INFO - [2026-05-16T02:57:04.686+0000] {dag.py:3036} INFO - Sync 1 DAGs
[2026-05-16T02:57:04.711+0000] {logging_mixin.py:188} INFO - [2026-05-16T02:57:04.711+0000] {dag.py:3823} INFO - Setting next_dagrun for example_sensor_decorator to None, run_after=None
[2026-05-16T02:57:04.747+0000] {processor.py:183} INFO - Processing /home/airflow/.local/lib/python3.8/site-packages/airflow/example_dags/example_sensor_decorator.py took 0.121 seconds
[2026-05-16T02:57:35.003+0000] {processor.py:161} INFO - Started process (PID=1800) to work on /home/airflow/.local/lib/python3.8/site-packages/airflow/example_dags/example_sensor_decorator.py
[2026-05-16T02:57:35.005+0000] {processor.py:830} INFO - Processing file /home/airflow/.local/lib/python3.8/site-packages/airflow/example_dags/example_sensor_decorator.py for tasks to queue
[2026-05-16T02:57:35.008+0000] {logging_mixin.py:188} INFO - [2026-05-16T02:57:35.008+0000] {dagbag.py:538} INFO - Filling up the DagBag from /home/airflow/.local/lib/python3.8/site-packages/airflow/example_dags/example_sensor_decorator.py
[2026-05-16T02:57:35.018+0000] {processor.py:840} INFO - DAG(s) 'example_sensor_decorator' retrieved from /home/airflow/.local/lib/python3.8/site-packages/airflow/example_dags/example_sensor_decorator.py
[2026-05-16T02:57:35.054+0000] {logging_mixin.py:188} INFO - [2026-05-16T02:57:35.054+0000] {dag.py:3036} INFO - Sync 1 DAGs
[2026-05-16T02:57:35.073+0000] {logging_mixin.py:188} INFO - [2026-05-16T02:57:35.073+0000] {dag.py:3823} INFO - Setting next_dagrun for example_sensor_decorator to None, run_after=None
[2026-05-16T02:57:35.103+0000] {processor.py:183} INFO - Processing /home/airflow/.local/lib/python3.8/site-packages/airflow/example_dags/example_sensor_decorator.py took 0.105 seconds
[2026-05-16T02:58:05.301+0000] {processor.py:161} INFO - Started process (PID=1867) to work on /home/airflow/.local/lib/python3.8/site-packages/airflow/example_dags/example_sensor_decorator.py
[2026-05-16T02:58:05.303+0000] {processor.py:830} INFO - Processing file /home/airflow/.local/lib/python3.8/site-packages/airflow/example_dags/example_sensor_decorator.py for tasks to queue
[2026-05-16T02:58:05.306+0000] {logging_mixin.py:188} INFO - [2026-05-16T02:58:05.305+0000] {dagbag.py:538} INFO - Filling up the DagBag from /home/airflow/.local/lib/python3.8/site-packages/airflow/example_dags/example_sensor_decorator.py
[2026-05-16T02:58:05.315+0000] {processor.py:840} INFO - DAG(s) 'example_sensor_decorator' retrieved from /home/airflow/.local/lib/python3.8/site-packages/airflow/example_dags/example_sensor_decorator.py
[2026-05-16T02:58:05.351+0000] {logging_mixin.py:188} INFO - [2026-05-16T02:58:05.351+0000] {dag.py:3036} INFO - Sync 1 DAGs
[2026-05-16T02:58:05.373+0000] {logging_mixin.py:188} INFO - [2026-05-16T02:58:05.372+0000] {dag.py:3823} INFO - Setting next_dagrun for example_sensor_decorator to None, run_after=None
[2026-05-16T02:58:05.404+0000] {processor.py:183} INFO - Processing /home/airflow/.local/lib/python3.8/site-packages/airflow/example_dags/example_sensor_decorator.py took 0.110 seconds
[2026-05-16T02:58:35.575+0000] {processor.py:161} INFO - Started process (PID=1932) to work on /home/airflow/.local/lib/python3.8/site-packages/airflow/example_dags/example_sensor_decorator.py
[2026-05-16T02:58:35.577+0000] {processor.py:830} INFO - Processing file /home/airflow/.local/lib/python3.8/site-packages/airflow/example_dags/example_sensor_decorator.py for tasks to queue
[2026-05-16T02:58:35.580+0000] {logging_mixin.py:188} INFO - [2026-05-16T02:58:35.579+0000] {dagbag.py:538} INFO - Filling up the DagBag from /home/airflow/.local/lib/python3.8/site-packages/airflow/example_dags/example_sensor_decorator.py
[2026-05-16T02:58:35.589+0000] {processor.py:840} INFO - DAG(s) 'example_sensor_decorator' retrieved from /home/airflow/.local/lib/python3.8/site-packages/airflow/example_dags/example_sensor_decorator.py
[2026-05-16T02:58:35.627+0000] {logging_mixin.py:188} INFO - [2026-05-16T02:58:35.627+0000] {dag.py:3036} INFO - Sync 1 DAGs
[2026-05-16T02:58:35.651+0000] {logging_mixin.py:188} INFO - [2026-05-16T02:58:35.651+0000] {dag.py:3823} INFO - Setting next_dagrun for example_sensor_decorator to None, run_after=None
[2026-05-16T02:58:35.686+0000] {processor.py:183} INFO - Processing /home/airflow/.local/lib/python3.8/site-packages/airflow/example_dags/example_sensor_decorator.py took 0.116 seconds
[2026-05-16T02:59:06.211+0000] {processor.py:161} INFO - Started process (PID=1996) to work on /home/airflow/.local/lib/python3.8/site-packages/airflow/example_dags/example_sensor_decorator.py
[2026-05-16T02:59:06.212+0000] {processor.py:830} INFO - Processing file /home/airflow/.local/lib/python3.8/site-packages/airflow/example_dags/example_sensor_decorator.py for tasks to queue
[2026-05-16T02:59:06.216+0000] {logging_mixin.py:188} INFO - [2026-05-16T02:59:06.215+0000] {dagbag.py:538} INFO - Filling up the DagBag from /home/airflow/.local/lib/python3.8/site-packages/airflow/example_dags/example_sensor_decorator.py
[2026-05-16T02:59:06.226+0000] {processor.py:840} INFO - DAG(s) 'example_sensor_decorator' retrieved from /home/airflow/.local/lib/python3.8/site-packages/airflow/example_dags/example_sensor_decorator.py
[2026-05-16T02:59:06.265+0000] {logging_mixin.py:188} INFO - [2026-05-16T02:59:06.264+0000] {dag.py:3036} INFO - Sync 1 DAGs
[2026-05-16T02:59:06.288+0000] {logging_mixin.py:188} INFO - [2026-05-16T02:59:06.287+0000] {dag.py:3823} INFO - Setting next_dagrun for example_sensor_decorator to None, run_after=None
[2026-05-16T02:59:06.323+0000] {processor.py:183} INFO - Processing /home/airflow/.local/lib/python3.8/site-packages/airflow/example_dags/example_sensor_decorator.py took 0.118 seconds
[2026-05-16T02:59:37.027+0000] {processor.py:161} INFO - Started process (PID=2067) to work on /home/airflow/.local/lib/python3.8/site-packages/airflow/example_dags/example_sensor_decorator.py
[2026-05-16T02:59:37.032+0000] {processor.py:830} INFO - Processing file /home/airflow/.local/lib/python3.8/site-packages/airflow/example_dags/example_sensor_decorator.py for tasks to queue
[2026-05-16T02:59:37.035+0000] {logging_mixin.py:188} INFO - [2026-05-16T02:59:37.035+0000] {dagbag.py:538} INFO - Filling up the DagBag from /home/airflow/.local/lib/python3.8/site-packages/airflow/example_dags/example_sensor_decorator.py
[2026-05-16T02:59:37.046+0000] {processor.py:840} INFO - DAG(s) 'example_sensor_decorator' retrieved from /home/airflow/.local/lib/python3.8/site-packages/airflow/example_dags/example_sensor_decorator.py
[2026-05-16T02:59:37.086+0000] {logging_mixin.py:188} INFO - [2026-05-16T02:59:37.085+0000] {dag.py:3036} INFO - Sync 1 DAGs
[2026-05-16T02:59:37.109+0000] {logging_mixin.py:188} INFO - [2026-05-16T02:59:37.108+0000] {dag.py:3823} INFO - Setting next_dagrun for example_sensor_decorator to None, run_after=None
[2026-05-16T02:59:37.138+0000] {processor.py:183} INFO - Processing /home/airflow/.local/lib/python3.8/site-packages/airflow/example_dags/example_sensor_decorator.py took 0.118 seconds
[2026-05-16T03:00:08.065+0000] {processor.py:161} INFO - Started process (PID=2133) to work on /home/airflow/.local/lib/python3.8/site-packages/airflow/example_dags/example_sensor_decorator.py
[2026-05-16T03:00:08.067+0000] {processor.py:830} INFO - Processing file /home/airflow/.local/lib/python3.8/site-packages/airflow/example_dags/example_sensor_decorator.py for tasks to queue
[2026-05-16T03:00:08.070+0000] {logging_mixin.py:188} INFO - [2026-05-16T03:00:08.070+0000] {dagbag.py:538} INFO - Filling up the DagBag from /home/airflow/.local/lib/python3.8/site-packages/airflow/example_dags/example_sensor_decorator.py
[2026-05-16T03:00:08.082+0000] {processor.py:840} INFO - DAG(s) 'example_sensor_decorator' retrieved from /home/airflow/.local/lib/python3.8/site-packages/airflow/example_dags/example_sensor_decorator.py
[2026-05-16T03:00:08.123+0000] {logging_mixin.py:188} INFO - [2026-05-16T03:00:08.122+0000] {dag.py:3036} INFO - Sync 1 DAGs
[2026-05-16T03:00:08.148+0000] {logging_mixin.py:188} INFO - [2026-05-16T03:00:08.147+0000] {dag.py:3823} INFO - Setting next_dagrun for example_sensor_decorator to None, run_after=None
[2026-05-16T03:00:08.187+0000] {processor.py:183} INFO - Processing /home/airflow/.local/lib/python3.8/site-packages/airflow/example_dags/example_sensor_decorator.py took 0.127 seconds
[2026-05-16T03:00:38.582+0000] {processor.py:161} INFO - Started process (PID=2198) to work on /home/airflow/.local/lib/python3.8/site-packages/airflow/example_dags/example_sensor_decorator.py
[2026-05-16T03:00:38.584+0000] {processor.py:830} INFO - Processing file /home/airflow/.local/lib/python3.8/site-packages/airflow/example_dags/example_sensor_decorator.py for tasks to queue
[2026-05-16T03:00:38.587+0000] {logging_mixin.py:188} INFO - [2026-05-16T03:00:38.586+0000] {dagbag.py:538} INFO - Filling up the DagBag from /home/airflow/.local/lib/python3.8/site-packages/airflow/example_dags/example_sensor_decorator.py
[2026-05-16T03:00:38.598+0000] {processor.py:840} INFO - DAG(s) 'example_sensor_decorator' retrieved from /home/airflow/.local/lib/python3.8/site-packages/airflow/example_dags/example_sensor_decorator.py
[2026-05-16T03:00:38.637+0000] {logging_mixin.py:188} INFO - [2026-05-16T03:00:38.636+0000] {dag.py:3036} INFO - Sync 1 DAGs
[2026-05-16T03:00:38.662+0000] {logging_mixin.py:188} INFO - [2026-05-16T03:00:38.662+0000] {dag.py:3823} INFO - Setting next_dagrun for example_sensor_decorator to None, run_after=None
[2026-05-16T03:00:38.697+0000] {processor.py:183} INFO - Processing /home/airflow/.local/lib/python3.8/site-packages/airflow/example_dags/example_sensor_decorator.py took 0.121 seconds
[2026-05-16T03:01:09.067+0000] {processor.py:161} INFO - Started process (PID=2262) to work on /home/airflow/.local/lib/python3.8/site-packages/airflow/example_dags/example_sensor_decorator.py
[2026-05-16T03:01:09.068+0000] {processor.py:830} INFO - Processing file /home/airflow/.local/lib/python3.8/site-packages/airflow/example_dags/example_sensor_decorator.py for tasks to queue
[2026-05-16T03:01:09.070+0000] {logging_mixin.py:188} INFO - [2026-05-16T03:01:09.070+0000] {dagbag.py:538} INFO - Filling up the DagBag from /home/airflow/.local/lib/python3.8/site-packages/airflow/example_dags/example_sensor_decorator.py
[2026-05-16T03:01:09.080+0000] {processor.py:840} INFO - DAG(s) 'example_sensor_decorator' retrieved from /home/airflow/.local/lib/python3.8/site-packages/airflow/example_dags/example_sensor_decorator.py
[2026-05-16T03:01:09.137+0000] {logging_mixin.py:188} INFO - [2026-05-16T03:01:09.136+0000] {dag.py:3036} INFO - Sync 1 DAGs
[2026-05-16T03:01:09.179+0000] {logging_mixin.py:188} INFO - [2026-05-16T03:01:09.178+0000] {dag.py:3823} INFO - Setting next_dagrun for example_sensor_decorator to None, run_after=None
[2026-05-16T03:01:09.216+0000] {processor.py:183} INFO - Processing /home/airflow/.local/lib/python3.8/site-packages/airflow/example_dags/example_sensor_decorator.py took 0.154 seconds
[2026-05-16T03:01:39.329+0000] {processor.py:161} INFO - Started process (PID=2330) to work on /home/airflow/.local/lib/python3.8/site-packages/airflow/example_dags/example_sensor_decorator.py
[2026-05-16T03:01:39.331+0000] {processor.py:830} INFO - Processing file /home/airflow/.local/lib/python3.8/site-packages/airflow/example_dags/example_sensor_decorator.py for tasks to queue
[2026-05-16T03:01:39.334+0000] {logging_mixin.py:188} INFO - [2026-05-16T03:01:39.333+0000] {dagbag.py:538} INFO - Filling up the DagBag from /home/airflow/.local/lib/python3.8/site-packages/airflow/example_dags/example_sensor_decorator.py
[2026-05-16T03:01:39.343+0000] {processor.py:840} INFO - DAG(s) 'example_sensor_decorator' retrieved from /home/airflow/.local/lib/python3.8/site-packages/airflow/example_dags/example_sensor_decorator.py
[2026-05-16T03:01:39.377+0000] {logging_mixin.py:188} INFO - [2026-05-16T03:01:39.377+0000] {dag.py:3036} INFO - Sync 1 DAGs
[2026-05-16T03:01:39.397+0000] {logging_mixin.py:188} INFO - [2026-05-16T03:01:39.397+0000] {dag.py:3823} INFO - Setting next_dagrun for example_sensor_decorator to None, run_after=None
[2026-05-16T03:01:39.429+0000] {processor.py:183} INFO - Processing /home/airflow/.local/lib/python3.8/site-packages/airflow/example_dags/example_sensor_decorator.py took 0.105 seconds
[2026-05-16T03:02:10.006+0000] {processor.py:161} INFO - Started process (PID=2394) to work on /home/airflow/.local/lib/python3.8/site-packages/airflow/example_dags/example_sensor_decorator.py
[2026-05-16T03:02:10.008+0000] {processor.py:830} INFO - Processing file /home/airflow/.local/lib/python3.8/site-packages/airflow/example_dags/example_sensor_decorator.py for tasks to queue
[2026-05-16T03:02:10.011+0000] {logging_mixin.py:188} INFO - [2026-05-16T03:02:10.010+0000] {dagbag.py:538} INFO - Filling up the DagBag from /home/airflow/.local/lib/python3.8/site-packages/airflow/example_dags/example_sensor_decorator.py
[2026-05-16T03:02:10.020+0000] {processor.py:840} INFO - DAG(s) 'example_sensor_decorator' retrieved from /home/airflow/.local/lib/python3.8/site-packages/airflow/example_dags/example_sensor_decorator.py
[2026-05-16T03:02:10.063+0000] {logging_mixin.py:188} INFO - [2026-05-16T03:02:10.062+0000] {dag.py:3036} INFO - Sync 1 DAGs
[2026-05-16T03:02:10.087+0000] {logging_mixin.py:188} INFO - [2026-05-16T03:02:10.086+0000] {dag.py:3823} INFO - Setting next_dagrun for example_sensor_decorator to None, run_after=None
[2026-05-16T03:02:10.120+0000] {processor.py:183} INFO - Processing /home/airflow/.local/lib/python3.8/site-packages/airflow/example_dags/example_sensor_decorator.py took 0.120 seconds
[2026-05-16T03:02:40.691+0000] {processor.py:161} INFO - Started process (PID=2460) to work on /home/airflow/.local/lib/python3.8/site-packages/airflow/example_dags/example_sensor_decorator.py
[2026-05-16T03:02:40.692+0000] {processor.py:830} INFO - Processing file /home/airflow/.local/lib/python3.8/site-packages/airflow/example_dags/example_sensor_decorator.py for tasks to queue
[2026-05-16T03:02:40.695+0000] {logging_mixin.py:188} INFO - [2026-05-16T03:02:40.694+0000] {dagbag.py:538} INFO - Filling up the DagBag from /home/airflow/.local/lib/python3.8/site-packages/airflow/example_dags/example_sensor_decorator.py
[2026-05-16T03:02:40.705+0000] {processor.py:840} INFO - DAG(s) 'example_sensor_decorator' retrieved from /home/airflow/.local/lib/python3.8/site-packages/airflow/example_dags/example_sensor_decorator.py
[2026-05-16T03:02:40.749+0000] {logging_mixin.py:188} INFO - [2026-05-16T03:02:40.749+0000] {dag.py:3036} INFO - Sync 1 DAGs
[2026-05-16T03:02:40.776+0000] {logging_mixin.py:188} INFO - [2026-05-16T03:02:40.775+0000] {dag.py:3823} INFO - Setting next_dagrun for example_sensor_decorator to None, run_after=None
[2026-05-16T03:02:40.814+0000] {processor.py:183} INFO - Processing /home/airflow/.local/lib/python3.8/site-packages/airflow/example_dags/example_sensor_decorator.py took 0.128 seconds
[2026-05-16T03:03:11.297+0000] {processor.py:161} INFO - Started process (PID=2525) to work on /home/airflow/.local/lib/python3.8/site-packages/airflow/example_dags/example_sensor_decorator.py
[2026-05-16T03:03:11.299+0000] {processor.py:830} INFO - Processing file /home/airflow/.local/lib/python3.8/site-packages/airflow/example_dags/example_sensor_decorator.py for tasks to queue
[2026-05-16T03:03:11.302+0000] {logging_mixin.py:188} INFO - [2026-05-16T03:03:11.302+0000] {dagbag.py:538} INFO - Filling up the DagBag from /home/airflow/.local/lib/python3.8/site-packages/airflow/example_dags/example_sensor_decorator.py
[2026-05-16T03:03:11.312+0000] {processor.py:840} INFO - DAG(s) 'example_sensor_decorator' retrieved from /home/airflow/.local/lib/python3.8/site-packages/airflow/example_dags/example_sensor_decorator.py
[2026-05-16T03:03:11.352+0000] {logging_mixin.py:188} INFO - [2026-05-16T03:03:11.352+0000] {dag.py:3036} INFO - Sync 1 DAGs
[2026-05-16T03:03:11.378+0000] {logging_mixin.py:188} INFO - [2026-05-16T03:03:11.377+0000] {dag.py:3823} INFO - Setting next_dagrun for example_sensor_decorator to None, run_after=None
[2026-05-16T03:03:11.413+0000] {processor.py:183} INFO - Processing /home/airflow/.local/lib/python3.8/site-packages/airflow/example_dags/example_sensor_decorator.py took 0.122 seconds
[2026-05-16T03:03:41.865+0000] {processor.py:161} INFO - Started process (PID=2590) to work on /home/airflow/.local/lib/python3.8/site-packages/airflow/example_dags/example_sensor_decorator.py
[2026-05-16T03:03:41.867+0000] {processor.py:830} INFO - Processing file /home/airflow/.local/lib/python3.8/site-packages/airflow/example_dags/example_sensor_decorator.py for tasks to queue
[2026-05-16T03:03:41.869+0000] {logging_mixin.py:188} INFO - [2026-05-16T03:03:41.869+0000] {dagbag.py:538} INFO - Filling up the DagBag from /home/airflow/.local/lib/python3.8/site-packages/airflow/example_dags/example_sensor_decorator.py
[2026-05-16T03:03:41.880+0000] {processor.py:840} INFO - DAG(s) 'example_sensor_decorator' retrieved from /home/airflow/.local/lib/python3.8/site-packages/airflow/example_dags/example_sensor_decorator.py
[2026-05-16T03:03:41.918+0000] {logging_mixin.py:188} INFO - [2026-05-16T03:03:41.917+0000] {dag.py:3036} INFO - Sync 1 DAGs
[2026-05-16T03:03:41.944+0000] {logging_mixin.py:188} INFO - [2026-05-16T03:03:41.943+0000] {dag.py:3823} INFO - Setting next_dagrun for example_sensor_decorator to None, run_after=None
[2026-05-16T03:03:41.977+0000] {processor.py:183} INFO - Processing /home/airflow/.local/lib/python3.8/site-packages/airflow/example_dags/example_sensor_decorator.py took 0.117 seconds
[2026-05-16T03:04:12.495+0000] {processor.py:161} INFO - Started process (PID=2655) to work on /home/airflow/.local/lib/python3.8/site-packages/airflow/example_dags/example_sensor_decorator.py
[2026-05-16T03:04:12.497+0000] {processor.py:830} INFO - Processing file /home/airflow/.local/lib/python3.8/site-packages/airflow/example_dags/example_sensor_decorator.py for tasks to queue
[2026-05-16T03:04:12.499+0000] {logging_mixin.py:188} INFO - [2026-05-16T03:04:12.499+0000] {dagbag.py:538} INFO - Filling up the DagBag from /home/airflow/.local/lib/python3.8/site-packages/airflow/example_dags/example_sensor_decorator.py
[2026-05-16T03:04:12.510+0000] {processor.py:840} INFO - DAG(s) 'example_sensor_decorator' retrieved from /home/airflow/.local/lib/python3.8/site-packages/airflow/example_dags/example_sensor_decorator.py
[2026-05-16T03:04:12.550+0000] {logging_mixin.py:188} INFO - [2026-05-16T03:04:12.549+0000] {dag.py:3036} INFO - Sync 1 DAGs
[2026-05-16T03:04:12.572+0000] {logging_mixin.py:188} INFO - [2026-05-16T03:04:12.571+0000] {dag.py:3823} INFO - Setting next_dagrun for example_sensor_decorator to None, run_after=None
[2026-05-16T03:04:12.603+0000] {processor.py:183} INFO - Processing /home/airflow/.local/lib/python3.8/site-packages/airflow/example_dags/example_sensor_decorator.py took 0.114 seconds
[2026-05-16T03:04:43.352+0000] {processor.py:161} INFO - Started process (PID=2720) to work on /home/airflow/.local/lib/python3.8/site-packages/airflow/example_dags/example_sensor_decorator.py
[2026-05-16T03:04:43.353+0000] {processor.py:830} INFO - Processing file /home/airflow/.local/lib/python3.8/site-packages/airflow/example_dags/example_sensor_decorator.py for tasks to queue
[2026-05-16T03:04:43.356+0000] {logging_mixin.py:188} INFO - [2026-05-16T03:04:43.356+0000] {dagbag.py:538} INFO - Filling up the DagBag from /home/airflow/.local/lib/python3.8/site-packages/airflow/example_dags/example_sensor_decorator.py
[2026-05-16T03:04:43.365+0000] {processor.py:840} INFO - DAG(s) 'example_sensor_decorator' retrieved from /home/airflow/.local/lib/python3.8/site-packages/airflow/example_dags/example_sensor_decorator.py
[2026-05-16T03:04:43.400+0000] {logging_mixin.py:188} INFO - [2026-05-16T03:04:43.399+0000] {dag.py:3036} INFO - Sync 1 DAGs
[2026-05-16T03:04:43.420+0000] {logging_mixin.py:188} INFO - [2026-05-16T03:04:43.419+0000] {dag.py:3823} INFO - Setting next_dagrun for example_sensor_decorator to None, run_after=None
[2026-05-16T03:04:43.450+0000] {processor.py:183} INFO - Processing /home/airflow/.local/lib/python3.8/site-packages/airflow/example_dags/example_sensor_decorator.py took 0.103 seconds
[2026-05-16T03:05:14.248+0000] {processor.py:161} INFO - Started process (PID=2790) to work on /home/airflow/.local/lib/python3.8/site-packages/airflow/example_dags/example_sensor_decorator.py
[2026-05-16T03:05:14.250+0000] {processor.py:830} INFO - Processing file /home/airflow/.local/lib/python3.8/site-packages/airflow/example_dags/example_sensor_decorator.py for tasks to queue
[2026-05-16T03:05:14.254+0000] {logging_mixin.py:188} INFO - [2026-05-16T03:05:14.254+0000] {dagbag.py:538} INFO - Filling up the DagBag from /home/airflow/.local/lib/python3.8/site-packages/airflow/example_dags/example_sensor_decorator.py
[2026-05-16T03:05:14.266+0000] {processor.py:840} INFO - DAG(s) 'example_sensor_decorator' retrieved from /home/airflow/.local/lib/python3.8/site-packages/airflow/example_dags/example_sensor_decorator.py
[2026-05-16T03:05:14.308+0000] {logging_mixin.py:188} INFO - [2026-05-16T03:05:14.308+0000] {dag.py:3036} INFO - Sync 1 DAGs
[2026-05-16T03:05:14.332+0000] {logging_mixin.py:188} INFO - [2026-05-16T03:05:14.332+0000] {dag.py:3823} INFO - Setting next_dagrun for example_sensor_decorator to None, run_after=None
[2026-05-16T03:05:14.366+0000] {processor.py:183} INFO - Processing /home/airflow/.local/lib/python3.8/site-packages/airflow/example_dags/example_sensor_decorator.py took 0.123 seconds
[2026-05-16T03:05:44.730+0000] {processor.py:161} INFO - Started process (PID=2857) to work on /home/airflow/.local/lib/python3.8/site-packages/airflow/example_dags/example_sensor_decorator.py
[2026-05-16T03:05:44.732+0000] {processor.py:830} INFO - Processing file /home/airflow/.local/lib/python3.8/site-packages/airflow/example_dags/example_sensor_decorator.py for tasks to queue
[2026-05-16T03:05:44.735+0000] {logging_mixin.py:188} INFO - [2026-05-16T03:05:44.734+0000] {dagbag.py:538} INFO - Filling up the DagBag from /home/airflow/.local/lib/python3.8/site-packages/airflow/example_dags/example_sensor_decorator.py
[2026-05-16T03:05:44.745+0000] {processor.py:840} INFO - DAG(s) 'example_sensor_decorator' retrieved from /home/airflow/.local/lib/python3.8/site-packages/airflow/example_dags/example_sensor_decorator.py
[2026-05-16T03:05:44.785+0000] {logging_mixin.py:188} INFO - [2026-05-16T03:05:44.784+0000] {dag.py:3036} INFO - Sync 1 DAGs
[2026-05-16T03:05:44.810+0000] {logging_mixin.py:188} INFO - [2026-05-16T03:05:44.809+0000] {dag.py:3823} INFO - Setting next_dagrun for example_sensor_decorator to None, run_after=None
[2026-05-16T03:05:44.846+0000] {processor.py:183} INFO - Processing /home/airflow/.local/lib/python3.8/site-packages/airflow/example_dags/example_sensor_decorator.py took 0.121 seconds
[2026-05-16T03:06:15.326+0000] {processor.py:161} INFO - Started process (PID=2923) to work on /home/airflow/.local/lib/python3.8/site-packages/airflow/example_dags/example_sensor_decorator.py
[2026-05-16T03:06:15.328+0000] {processor.py:830} INFO - Processing file /home/airflow/.local/lib/python3.8/site-packages/airflow/example_dags/example_sensor_decorator.py for tasks to queue
[2026-05-16T03:06:15.331+0000] {logging_mixin.py:188} INFO - [2026-05-16T03:06:15.331+0000] {dagbag.py:538} INFO - Filling up the DagBag from /home/airflow/.local/lib/python3.8/site-packages/airflow/example_dags/example_sensor_decorator.py
[2026-05-16T03:06:15.344+0000] {processor.py:840} INFO - DAG(s) 'example_sensor_decorator' retrieved from /home/airflow/.local/lib/python3.8/site-packages/airflow/example_dags/example_sensor_decorator.py
[2026-05-16T03:06:15.384+0000] {logging_mixin.py:188} INFO - [2026-05-16T03:06:15.384+0000] {dag.py:3036} INFO - Sync 1 DAGs
[2026-05-16T03:06:15.410+0000] {logging_mixin.py:188} INFO - [2026-05-16T03:06:15.410+0000] {dag.py:3823} INFO - Setting next_dagrun for example_sensor_decorator to None, run_after=None
[2026-05-16T03:06:15.444+0000] {processor.py:183} INFO - Processing /home/airflow/.local/lib/python3.8/site-packages/airflow/example_dags/example_sensor_decorator.py took 0.124 seconds
[2026-05-16T03:06:45.560+0000] {processor.py:161} INFO - Started process (PID=2988) to work on /home/airflow/.local/lib/python3.8/site-packages/airflow/example_dags/example_sensor_decorator.py
[2026-05-16T03:06:45.563+0000] {processor.py:830} INFO - Processing file /home/airflow/.local/lib/python3.8/site-packages/airflow/example_dags/example_sensor_decorator.py for tasks to queue
[2026-05-16T03:06:45.566+0000] {logging_mixin.py:188} INFO - [2026-05-16T03:06:45.565+0000] {dagbag.py:538} INFO - Filling up the DagBag from /home/airflow/.local/lib/python3.8/site-packages/airflow/example_dags/example_sensor_decorator.py
[2026-05-16T03:06:45.577+0000] {processor.py:840} INFO - DAG(s) 'example_sensor_decorator' retrieved from /home/airflow/.local/lib/python3.8/site-packages/airflow/example_dags/example_sensor_decorator.py
[2026-05-16T03:06:45.618+0000] {logging_mixin.py:188} INFO - [2026-05-16T03:06:45.618+0000] {dag.py:3036} INFO - Sync 1 DAGs
[2026-05-16T03:06:45.647+0000] {logging_mixin.py:188} INFO - [2026-05-16T03:06:45.647+0000] {dag.py:3823} INFO - Setting next_dagrun for example_sensor_decorator to None, run_after=None
[2026-05-16T03:06:45.691+0000] {processor.py:183} INFO - Processing /home/airflow/.local/lib/python3.8/site-packages/airflow/example_dags/example_sensor_decorator.py took 0.137 seconds
[2026-05-16T03:07:16.064+0000] {processor.py:161} INFO - Started process (PID=3053) to work on /home/airflow/.local/lib/python3.8/site-packages/airflow/example_dags/example_sensor_decorator.py
[2026-05-16T03:07:16.066+0000] {processor.py:830} INFO - Processing file /home/airflow/.local/lib/python3.8/site-packages/airflow/example_dags/example_sensor_decorator.py for tasks to queue
[2026-05-16T03:07:16.072+0000] {logging_mixin.py:188} INFO - [2026-05-16T03:07:16.070+0000] {dagbag.py:538} INFO - Filling up the DagBag from /home/airflow/.local/lib/python3.8/site-packages/airflow/example_dags/example_sensor_decorator.py
[2026-05-16T03:07:16.086+0000] {processor.py:840} INFO - DAG(s) 'example_sensor_decorator' retrieved from /home/airflow/.local/lib/python3.8/site-packages/airflow/example_dags/example_sensor_decorator.py
[2026-05-16T03:07:16.127+0000] {logging_mixin.py:188} INFO - [2026-05-16T03:07:16.126+0000] {dag.py:3036} INFO - Sync 1 DAGs
[2026-05-16T03:07:16.168+0000] {logging_mixin.py:188} INFO - [2026-05-16T03:07:16.167+0000] {dag.py:3823} INFO - Setting next_dagrun for example_sensor_decorator to None, run_after=None
[2026-05-16T03:07:16.256+0000] {processor.py:183} INFO - Processing /home/airflow/.local/lib/python3.8/site-packages/airflow/example_dags/example_sensor_decorator.py took 0.199 seconds
[2026-05-16T03:07:46.373+0000] {processor.py:161} INFO - Started process (PID=3118) to work on /home/airflow/.local/lib/python3.8/site-packages/airflow/example_dags/example_sensor_decorator.py
[2026-05-16T03:07:46.375+0000] {processor.py:830} INFO - Processing file /home/airflow/.local/lib/python3.8/site-packages/airflow/example_dags/example_sensor_decorator.py for tasks to queue
[2026-05-16T03:07:46.378+0000] {logging_mixin.py:188} INFO - [2026-05-16T03:07:46.378+0000] {dagbag.py:538} INFO - Filling up the DagBag from /home/airflow/.local/lib/python3.8/site-packages/airflow/example_dags/example_sensor_decorator.py
[2026-05-16T03:07:46.392+0000] {processor.py:840} INFO - DAG(s) 'example_sensor_decorator' retrieved from /home/airflow/.local/lib/python3.8/site-packages/airflow/example_dags/example_sensor_decorator.py
[2026-05-16T03:07:46.426+0000] {logging_mixin.py:188} INFO - [2026-05-16T03:07:46.426+0000] {dag.py:3036} INFO - Sync 1 DAGs
[2026-05-16T03:07:46.448+0000] {logging_mixin.py:188} INFO - [2026-05-16T03:07:46.447+0000] {dag.py:3823} INFO - Setting next_dagrun for example_sensor_decorator to None, run_after=None
[2026-05-16T03:07:46.487+0000] {processor.py:183} INFO - Processing /home/airflow/.local/lib/python3.8/site-packages/airflow/example_dags/example_sensor_decorator.py took 0.120 seconds
[2026-05-16T03:08:16.828+0000] {processor.py:161} INFO - Started process (PID=3183) to work on /home/airflow/.local/lib/python3.8/site-packages/airflow/example_dags/example_sensor_decorator.py
[2026-05-16T03:08:16.830+0000] {processor.py:830} INFO - Processing file /home/airflow/.local/lib/python3.8/site-packages/airflow/example_dags/example_sensor_decorator.py for tasks to queue
[2026-05-16T03:08:16.833+0000] {logging_mixin.py:188} INFO - [2026-05-16T03:08:16.833+0000] {dagbag.py:538} INFO - Filling up the DagBag from /home/airflow/.local/lib/python3.8/site-packages/airflow/example_dags/example_sensor_decorator.py
[2026-05-16T03:08:16.844+0000] {processor.py:840} INFO - DAG(s) 'example_sensor_decorator' retrieved from /home/airflow/.local/lib/python3.8/site-packages/airflow/example_dags/example_sensor_decorator.py
[2026-05-16T03:08:16.879+0000] {logging_mixin.py:188} INFO - [2026-05-16T03:08:16.878+0000] {dag.py:3036} INFO - Sync 1 DAGs
[2026-05-16T03:08:16.902+0000] {logging_mixin.py:188} INFO - [2026-05-16T03:08:16.902+0000] {dag.py:3823} INFO - Setting next_dagrun for example_sensor_decorator to None, run_after=None
[2026-05-16T03:08:16.940+0000] {processor.py:183} INFO - Processing /home/airflow/.local/lib/python3.8/site-packages/airflow/example_dags/example_sensor_decorator.py took 0.118 seconds
[2026-05-16T03:08:47.189+0000] {processor.py:161} INFO - Started process (PID=3249) to work on /home/airflow/.local/lib/python3.8/site-packages/airflow/example_dags/example_sensor_decorator.py
[2026-05-16T03:08:47.191+0000] {processor.py:830} INFO - Processing file /home/airflow/.local/lib/python3.8/site-packages/airflow/example_dags/example_sensor_decorator.py for tasks to queue
[2026-05-16T03:08:47.194+0000] {logging_mixin.py:188} INFO - [2026-05-16T03:08:47.194+0000] {dagbag.py:538} INFO - Filling up the DagBag from /home/airflow/.local/lib/python3.8/site-packages/airflow/example_dags/example_sensor_decorator.py
[2026-05-16T03:08:47.204+0000] {processor.py:840} INFO - DAG(s) 'example_sensor_decorator' retrieved from /home/airflow/.local/lib/python3.8/site-packages/airflow/example_dags/example_sensor_decorator.py
[2026-05-16T03:08:47.241+0000] {logging_mixin.py:188} INFO - [2026-05-16T03:08:47.240+0000] {dag.py:3036} INFO - Sync 1 DAGs
[2026-05-16T03:08:47.262+0000] {logging_mixin.py:188} INFO - [2026-05-16T03:08:47.261+0000] {dag.py:3823} INFO - Setting next_dagrun for example_sensor_decorator to None, run_after=None
[2026-05-16T03:08:47.294+0000] {processor.py:183} INFO - Processing /home/airflow/.local/lib/python3.8/site-packages/airflow/example_dags/example_sensor_decorator.py took 0.110 seconds
[2026-05-16T03:09:17.901+0000] {processor.py:161} INFO - Started process (PID=3314) to work on /home/airflow/.local/lib/python3.8/site-packages/airflow/example_dags/example_sensor_decorator.py
[2026-05-16T03:09:17.903+0000] {processor.py:830} INFO - Processing file /home/airflow/.local/lib/python3.8/site-packages/airflow/example_dags/example_sensor_decorator.py for tasks to queue
[2026-05-16T03:09:17.905+0000] {logging_mixin.py:188} INFO - [2026-05-16T03:09:17.905+0000] {dagbag.py:538} INFO - Filling up the DagBag from /home/airflow/.local/lib/python3.8/site-packages/airflow/example_dags/example_sensor_decorator.py
[2026-05-16T03:09:17.915+0000] {processor.py:840} INFO - DAG(s) 'example_sensor_decorator' retrieved from /home/airflow/.local/lib/python3.8/site-packages/airflow/example_dags/example_sensor_decorator.py
[2026-05-16T03:09:17.955+0000] {logging_mixin.py:188} INFO - [2026-05-16T03:09:17.955+0000] {dag.py:3036} INFO - Sync 1 DAGs
[2026-05-16T03:09:17.976+0000] {logging_mixin.py:188} INFO - [2026-05-16T03:09:17.976+0000] {dag.py:3823} INFO - Setting next_dagrun for example_sensor_decorator to None, run_after=None
[2026-05-16T03:09:18.010+0000] {processor.py:183} INFO - Processing /home/airflow/.local/lib/python3.8/site-packages/airflow/example_dags/example_sensor_decorator.py took 0.114 seconds
[2026-05-16T03:09:48.333+0000] {processor.py:161} INFO - Started process (PID=3380) to work on /home/airflow/.local/lib/python3.8/site-packages/airflow/example_dags/example_sensor_decorator.py
[2026-05-16T03:09:48.335+0000] {processor.py:830} INFO - Processing file /home/airflow/.local/lib/python3.8/site-packages/airflow/example_dags/example_sensor_decorator.py for tasks to queue
[2026-05-16T03:09:48.338+0000] {logging_mixin.py:188} INFO - [2026-05-16T03:09:48.338+0000] {dagbag.py:538} INFO - Filling up the DagBag from /home/airflow/.local/lib/python3.8/site-packages/airflow/example_dags/example_sensor_decorator.py
[2026-05-16T03:09:48.348+0000] {processor.py:840} INFO - DAG(s) 'example_sensor_decorator' retrieved from /home/airflow/.local/lib/python3.8/site-packages/airflow/example_dags/example_sensor_decorator.py
[2026-05-16T03:09:48.384+0000] {logging_mixin.py:188} INFO - [2026-05-16T03:09:48.383+0000] {dag.py:3036} INFO - Sync 1 DAGs
[2026-05-16T03:09:48.405+0000] {logging_mixin.py:188} INFO - [2026-05-16T03:09:48.405+0000] {dag.py:3823} INFO - Setting next_dagrun for example_sensor_decorator to None, run_after=None
[2026-05-16T03:09:48.624+0000] {processor.py:183} INFO - Processing /home/airflow/.local/lib/python3.8/site-packages/airflow/example_dags/example_sensor_decorator.py took 0.296 seconds
[2026-05-16T03:10:18.694+0000] {processor.py:161} INFO - Started process (PID=3447) to work on /home/airflow/.local/lib/python3.8/site-packages/airflow/example_dags/example_sensor_decorator.py
[2026-05-16T03:10:18.695+0000] {processor.py:830} INFO - Processing file /home/airflow/.local/lib/python3.8/site-packages/airflow/example_dags/example_sensor_decorator.py for tasks to queue
[2026-05-16T03:10:18.697+0000] {logging_mixin.py:188} INFO - [2026-05-16T03:10:18.697+0000] {dagbag.py:538} INFO - Filling up the DagBag from /home/airflow/.local/lib/python3.8/site-packages/airflow/example_dags/example_sensor_decorator.py
[2026-05-16T03:10:18.706+0000] {processor.py:840} INFO - DAG(s) 'example_sensor_decorator' retrieved from /home/airflow/.local/lib/python3.8/site-packages/airflow/example_dags/example_sensor_decorator.py
[2026-05-16T03:10:18.746+0000] {logging_mixin.py:188} INFO - [2026-05-16T03:10:18.745+0000] {dag.py:3036} INFO - Sync 1 DAGs
[2026-05-16T03:10:18.766+0000] {logging_mixin.py:188} INFO - [2026-05-16T03:10:18.766+0000] {dag.py:3823} INFO - Setting next_dagrun for example_sensor_decorator to None, run_after=None
[2026-05-16T03:10:18.797+0000] {processor.py:183} INFO - Processing /home/airflow/.local/lib/python3.8/site-packages/airflow/example_dags/example_sensor_decorator.py took 0.108 seconds
[2026-05-16T03:10:48.834+0000] {processor.py:161} INFO - Started process (PID=3510) to work on /home/airflow/.local/lib/python3.8/site-packages/airflow/example_dags/example_sensor_decorator.py
[2026-05-16T03:10:48.836+0000] {processor.py:830} INFO - Processing file /home/airflow/.local/lib/python3.8/site-packages/airflow/example_dags/example_sensor_decorator.py for tasks to queue
[2026-05-16T03:10:48.839+0000] {logging_mixin.py:188} INFO - [2026-05-16T03:10:48.838+0000] {dagbag.py:538} INFO - Filling up the DagBag from /home/airflow/.local/lib/python3.8/site-packages/airflow/example_dags/example_sensor_decorator.py
[2026-05-16T03:10:48.849+0000] {processor.py:840} INFO - DAG(s) 'example_sensor_decorator' retrieved from /home/airflow/.local/lib/python3.8/site-packages/airflow/example_dags/example_sensor_decorator.py
[2026-05-16T03:10:48.886+0000] {logging_mixin.py:188} INFO - [2026-05-16T03:10:48.886+0000] {dag.py:3036} INFO - Sync 1 DAGs
[2026-05-16T03:10:48.908+0000] {logging_mixin.py:188} INFO - [2026-05-16T03:10:48.907+0000] {dag.py:3823} INFO - Setting next_dagrun for example_sensor_decorator to None, run_after=None
[2026-05-16T03:10:48.942+0000] {processor.py:183} INFO - Processing /home/airflow/.local/lib/python3.8/site-packages/airflow/example_dags/example_sensor_decorator.py took 0.113 seconds
[2026-05-16T03:11:18.995+0000] {processor.py:161} INFO - Started process (PID=3575) to work on /home/airflow/.local/lib/python3.8/site-packages/airflow/example_dags/example_sensor_decorator.py
[2026-05-16T03:11:18.996+0000] {processor.py:830} INFO - Processing file /home/airflow/.local/lib/python3.8/site-packages/airflow/example_dags/example_sensor_decorator.py for tasks to queue
[2026-05-16T03:11:18.999+0000] {logging_mixin.py:188} INFO - [2026-05-16T03:11:18.998+0000] {dagbag.py:538} INFO - Filling up the DagBag from /home/airflow/.local/lib/python3.8/site-packages/airflow/example_dags/example_sensor_decorator.py
[2026-05-16T03:11:19.009+0000] {processor.py:840} INFO - DAG(s) 'example_sensor_decorator' retrieved from /home/airflow/.local/lib/python3.8/site-packages/airflow/example_dags/example_sensor_decorator.py
[2026-05-16T03:11:19.048+0000] {logging_mixin.py:188} INFO - [2026-05-16T03:11:19.048+0000] {dag.py:3036} INFO - Sync 1 DAGs
[2026-05-16T03:11:19.073+0000] {logging_mixin.py:188} INFO - [2026-05-16T03:11:19.072+0000] {dag.py:3823} INFO - Setting next_dagrun for example_sensor_decorator to None, run_after=None
[2026-05-16T03:11:19.109+0000] {processor.py:183} INFO - Processing /home/airflow/.local/lib/python3.8/site-packages/airflow/example_dags/example_sensor_decorator.py took 0.122 seconds
[2026-05-16T03:11:50.758+0000] {processor.py:161} INFO - Started process (PID=3640) to work on /home/airflow/.local/lib/python3.8/site-packages/airflow/example_dags/example_sensor_decorator.py
[2026-05-16T03:11:50.760+0000] {processor.py:830} INFO - Processing file /home/airflow/.local/lib/python3.8/site-packages/airflow/example_dags/example_sensor_decorator.py for tasks to queue
[2026-05-16T03:11:50.762+0000] {logging_mixin.py:188} INFO - [2026-05-16T03:11:50.762+0000] {dagbag.py:538} INFO - Filling up the DagBag from /home/airflow/.local/lib/python3.8/site-packages/airflow/example_dags/example_sensor_decorator.py
[2026-05-16T03:11:50.771+0000] {processor.py:840} INFO - DAG(s) 'example_sensor_decorator' retrieved from /home/airflow/.local/lib/python3.8/site-packages/airflow/example_dags/example_sensor_decorator.py
[2026-05-16T03:11:50.809+0000] {logging_mixin.py:188} INFO - [2026-05-16T03:11:50.809+0000] {dag.py:3036} INFO - Sync 1 DAGs
[2026-05-16T03:11:50.832+0000] {logging_mixin.py:188} INFO - [2026-05-16T03:11:50.832+0000] {dag.py:3823} INFO - Setting next_dagrun for example_sensor_decorator to None, run_after=None
[2026-05-16T03:11:50.864+0000] {processor.py:183} INFO - Processing /home/airflow/.local/lib/python3.8/site-packages/airflow/example_dags/example_sensor_decorator.py took 0.112 seconds
[2026-05-16T03:12:22.193+0000] {processor.py:161} INFO - Started process (PID=3706) to work on /home/airflow/.local/lib/python3.8/site-packages/airflow/example_dags/example_sensor_decorator.py
[2026-05-16T03:12:22.196+0000] {processor.py:830} INFO - Processing file /home/airflow/.local/lib/python3.8/site-packages/airflow/example_dags/example_sensor_decorator.py for tasks to queue
[2026-05-16T03:12:22.198+0000] {logging_mixin.py:188} INFO - [2026-05-16T03:12:22.198+0000] {dagbag.py:538} INFO - Filling up the DagBag from /home/airflow/.local/lib/python3.8/site-packages/airflow/example_dags/example_sensor_decorator.py
[2026-05-16T03:12:22.207+0000] {processor.py:840} INFO - DAG(s) 'example_sensor_decorator' retrieved from /home/airflow/.local/lib/python3.8/site-packages/airflow/example_dags/example_sensor_decorator.py
[2026-05-16T03:12:22.247+0000] {logging_mixin.py:188} INFO - [2026-05-16T03:12:22.247+0000] {dag.py:3036} INFO - Sync 1 DAGs
[2026-05-16T03:12:22.273+0000] {logging_mixin.py:188} INFO - [2026-05-16T03:12:22.272+0000] {dag.py:3823} INFO - Setting next_dagrun for example_sensor_decorator to None, run_after=None
[2026-05-16T03:12:22.521+0000] {processor.py:183} INFO - Processing /home/airflow/.local/lib/python3.8/site-packages/airflow/example_dags/example_sensor_decorator.py took 0.332 seconds
[2026-05-16T03:12:52.751+0000] {processor.py:161} INFO - Started process (PID=3778) to work on /home/airflow/.local/lib/python3.8/site-packages/airflow/example_dags/example_sensor_decorator.py
[2026-05-16T03:12:52.753+0000] {processor.py:830} INFO - Processing file /home/airflow/.local/lib/python3.8/site-packages/airflow/example_dags/example_sensor_decorator.py for tasks to queue
[2026-05-16T03:12:52.756+0000] {logging_mixin.py:188} INFO - [2026-05-16T03:12:52.755+0000] {dagbag.py:538} INFO - Filling up the DagBag from /home/airflow/.local/lib/python3.8/site-packages/airflow/example_dags/example_sensor_decorator.py
[2026-05-16T03:12:52.767+0000] {processor.py:840} INFO - DAG(s) 'example_sensor_decorator' retrieved from /home/airflow/.local/lib/python3.8/site-packages/airflow/example_dags/example_sensor_decorator.py
[2026-05-16T03:12:52.809+0000] {logging_mixin.py:188} INFO - [2026-05-16T03:12:52.808+0000] {dag.py:3036} INFO - Sync 1 DAGs
[2026-05-16T03:12:52.837+0000] {logging_mixin.py:188} INFO - [2026-05-16T03:12:52.837+0000] {dag.py:3823} INFO - Setting next_dagrun for example_sensor_decorator to None, run_after=None
[2026-05-16T03:12:52.877+0000] {processor.py:183} INFO - Processing /home/airflow/.local/lib/python3.8/site-packages/airflow/example_dags/example_sensor_decorator.py took 0.131 seconds
[2026-05-16T03:13:22.965+0000] {processor.py:161} INFO - Started process (PID=3843) to work on /home/airflow/.local/lib/python3.8/site-packages/airflow/example_dags/example_sensor_decorator.py
[2026-05-16T03:13:22.967+0000] {processor.py:830} INFO - Processing file /home/airflow/.local/lib/python3.8/site-packages/airflow/example_dags/example_sensor_decorator.py for tasks to queue
[2026-05-16T03:13:22.970+0000] {logging_mixin.py:188} INFO - [2026-05-16T03:13:22.969+0000] {dagbag.py:538} INFO - Filling up the DagBag from /home/airflow/.local/lib/python3.8/site-packages/airflow/example_dags/example_sensor_decorator.py
[2026-05-16T03:13:22.980+0000] {processor.py:840} INFO - DAG(s) 'example_sensor_decorator' retrieved from /home/airflow/.local/lib/python3.8/site-packages/airflow/example_dags/example_sensor_decorator.py
[2026-05-16T03:13:23.020+0000] {logging_mixin.py:188} INFO - [2026-05-16T03:13:23.019+0000] {dag.py:3036} INFO - Sync 1 DAGs
[2026-05-16T03:13:23.041+0000] {logging_mixin.py:188} INFO - [2026-05-16T03:13:23.041+0000] {dag.py:3823} INFO - Setting next_dagrun for example_sensor_decorator to None, run_after=None
[2026-05-16T03:13:23.077+0000] {processor.py:183} INFO - Processing /home/airflow/.local/lib/python3.8/site-packages/airflow/example_dags/example_sensor_decorator.py took 0.117 seconds
[2026-05-16T03:13:53.208+0000] {processor.py:161} INFO - Started process (PID=3909) to work on /home/airflow/.local/lib/python3.8/site-packages/airflow/example_dags/example_sensor_decorator.py
[2026-05-16T03:13:53.210+0000] {processor.py:830} INFO - Processing file /home/airflow/.local/lib/python3.8/site-packages/airflow/example_dags/example_sensor_decorator.py for tasks to queue
[2026-05-16T03:13:53.213+0000] {logging_mixin.py:188} INFO - [2026-05-16T03:13:53.212+0000] {dagbag.py:538} INFO - Filling up the DagBag from /home/airflow/.local/lib/python3.8/site-packages/airflow/example_dags/example_sensor_decorator.py
[2026-05-16T03:13:53.221+0000] {processor.py:840} INFO - DAG(s) 'example_sensor_decorator' retrieved from /home/airflow/.local/lib/python3.8/site-packages/airflow/example_dags/example_sensor_decorator.py
[2026-05-16T03:13:53.258+0000] {logging_mixin.py:188} INFO - [2026-05-16T03:13:53.258+0000] {dag.py:3036} INFO - Sync 1 DAGs
[2026-05-16T03:13:53.281+0000] {logging_mixin.py:188} INFO - [2026-05-16T03:13:53.281+0000] {dag.py:3823} INFO - Setting next_dagrun for example_sensor_decorator to None, run_after=None
[2026-05-16T03:13:53.312+0000] {processor.py:183} INFO - Processing /home/airflow/.local/lib/python3.8/site-packages/airflow/example_dags/example_sensor_decorator.py took 0.109 seconds
[2026-05-16T03:14:23.428+0000] {processor.py:161} INFO - Started process (PID=3975) to work on /home/airflow/.local/lib/python3.8/site-packages/airflow/example_dags/example_sensor_decorator.py
[2026-05-16T03:14:23.430+0000] {processor.py:830} INFO - Processing file /home/airflow/.local/lib/python3.8/site-packages/airflow/example_dags/example_sensor_decorator.py for tasks to queue
[2026-05-16T03:14:23.433+0000] {logging_mixin.py:188} INFO - [2026-05-16T03:14:23.433+0000] {dagbag.py:538} INFO - Filling up the DagBag from /home/airflow/.local/lib/python3.8/site-packages/airflow/example_dags/example_sensor_decorator.py
[2026-05-16T03:14:23.444+0000] {processor.py:840} INFO - DAG(s) 'example_sensor_decorator' retrieved from /home/airflow/.local/lib/python3.8/site-packages/airflow/example_dags/example_sensor_decorator.py
[2026-05-16T03:14:23.485+0000] {logging_mixin.py:188} INFO - [2026-05-16T03:14:23.485+0000] {dag.py:3036} INFO - Sync 1 DAGs
[2026-05-16T03:14:23.510+0000] {logging_mixin.py:188} INFO - [2026-05-16T03:14:23.510+0000] {dag.py:3823} INFO - Setting next_dagrun for example_sensor_decorator to None, run_after=None
[2026-05-16T03:14:23.543+0000] {processor.py:183} INFO - Processing /home/airflow/.local/lib/python3.8/site-packages/airflow/example_dags/example_sensor_decorator.py took 0.121 seconds
[2026-05-16T03:14:53.727+0000] {processor.py:161} INFO - Started process (PID=4038) to work on /home/airflow/.local/lib/python3.8/site-packages/airflow/example_dags/example_sensor_decorator.py
[2026-05-16T03:14:53.729+0000] {processor.py:830} INFO - Processing file /home/airflow/.local/lib/python3.8/site-packages/airflow/example_dags/example_sensor_decorator.py for tasks to queue
[2026-05-16T03:14:53.732+0000] {logging_mixin.py:188} INFO - [2026-05-16T03:14:53.731+0000] {dagbag.py:538} INFO - Filling up the DagBag from /home/airflow/.local/lib/python3.8/site-packages/airflow/example_dags/example_sensor_decorator.py
[2026-05-16T03:14:53.742+0000] {processor.py:840} INFO - DAG(s) 'example_sensor_decorator' retrieved from /home/airflow/.local/lib/python3.8/site-packages/airflow/example_dags/example_sensor_decorator.py
[2026-05-16T03:14:53.786+0000] {logging_mixin.py:188} INFO - [2026-05-16T03:14:53.785+0000] {dag.py:3036} INFO - Sync 1 DAGs
[2026-05-16T03:14:53.813+0000] {logging_mixin.py:188} INFO - [2026-05-16T03:14:53.813+0000] {dag.py:3823} INFO - Setting next_dagrun for example_sensor_decorator to None, run_after=None
[2026-05-16T03:14:53.847+0000] {processor.py:183} INFO - Processing /home/airflow/.local/lib/python3.8/site-packages/airflow/example_dags/example_sensor_decorator.py took 0.126 seconds
[2026-05-16T03:15:24.849+0000] {processor.py:161} INFO - Started process (PID=4103) to work on /home/airflow/.local/lib/python3.8/site-packages/airflow/example_dags/example_sensor_decorator.py
[2026-05-16T03:15:24.852+0000] {processor.py:830} INFO - Processing file /home/airflow/.local/lib/python3.8/site-packages/airflow/example_dags/example_sensor_decorator.py for tasks to queue
[2026-05-16T03:15:24.856+0000] {logging_mixin.py:188} INFO - [2026-05-16T03:15:24.856+0000] {dagbag.py:538} INFO - Filling up the DagBag from /home/airflow/.local/lib/python3.8/site-packages/airflow/example_dags/example_sensor_decorator.py
[2026-05-16T03:15:24.867+0000] {processor.py:840} INFO - DAG(s) 'example_sensor_decorator' retrieved from /home/airflow/.local/lib/python3.8/site-packages/airflow/example_dags/example_sensor_decorator.py
[2026-05-16T03:15:24.904+0000] {logging_mixin.py:188} INFO - [2026-05-16T03:15:24.904+0000] {dag.py:3036} INFO - Sync 1 DAGs
[2026-05-16T03:15:24.929+0000] {logging_mixin.py:188} INFO - [2026-05-16T03:15:24.928+0000] {dag.py:3823} INFO - Setting next_dagrun for example_sensor_decorator to None, run_after=None
[2026-05-16T03:15:24.966+0000] {processor.py:183} INFO - Processing /home/airflow/.local/lib/python3.8/site-packages/airflow/example_dags/example_sensor_decorator.py took 0.121 seconds
[2026-05-16T03:15:55.149+0000] {processor.py:161} INFO - Started process (PID=4168) to work on /home/airflow/.local/lib/python3.8/site-packages/airflow/example_dags/example_sensor_decorator.py
[2026-05-16T03:15:55.151+0000] {processor.py:830} INFO - Processing file /home/airflow/.local/lib/python3.8/site-packages/airflow/example_dags/example_sensor_decorator.py for tasks to queue
[2026-05-16T03:15:55.154+0000] {logging_mixin.py:188} INFO - [2026-05-16T03:15:55.154+0000] {dagbag.py:538} INFO - Filling up the DagBag from /home/airflow/.local/lib/python3.8/site-packages/airflow/example_dags/example_sensor_decorator.py
[2026-05-16T03:15:55.165+0000] {processor.py:840} INFO - DAG(s) 'example_sensor_decorator' retrieved from /home/airflow/.local/lib/python3.8/site-packages/airflow/example_dags/example_sensor_decorator.py
[2026-05-16T03:15:55.202+0000] {logging_mixin.py:188} INFO - [2026-05-16T03:15:55.202+0000] {dag.py:3036} INFO - Sync 1 DAGs
[2026-05-16T03:15:55.225+0000] {logging_mixin.py:188} INFO - [2026-05-16T03:15:55.225+0000] {dag.py:3823} INFO - Setting next_dagrun for example_sensor_decorator to None, run_after=None
[2026-05-16T03:15:55.261+0000] {processor.py:183} INFO - Processing /home/airflow/.local/lib/python3.8/site-packages/airflow/example_dags/example_sensor_decorator.py took 0.117 seconds
[2026-05-16T03:16:25.579+0000] {processor.py:161} INFO - Started process (PID=4232) to work on /home/airflow/.local/lib/python3.8/site-packages/airflow/example_dags/example_sensor_decorator.py
[2026-05-16T03:16:25.581+0000] {processor.py:830} INFO - Processing file /home/airflow/.local/lib/python3.8/site-packages/airflow/example_dags/example_sensor_decorator.py for tasks to queue
[2026-05-16T03:16:25.584+0000] {logging_mixin.py:188} INFO - [2026-05-16T03:16:25.583+0000] {dagbag.py:538} INFO - Filling up the DagBag from /home/airflow/.local/lib/python3.8/site-packages/airflow/example_dags/example_sensor_decorator.py
[2026-05-16T03:16:25.594+0000] {processor.py:840} INFO - DAG(s) 'example_sensor_decorator' retrieved from /home/airflow/.local/lib/python3.8/site-packages/airflow/example_dags/example_sensor_decorator.py
[2026-05-16T03:16:25.645+0000] {logging_mixin.py:188} INFO - [2026-05-16T03:16:25.645+0000] {dag.py:3036} INFO - Sync 1 DAGs
[2026-05-16T03:16:25.670+0000] {logging_mixin.py:188} INFO - [2026-05-16T03:16:25.669+0000] {dag.py:3823} INFO - Setting next_dagrun for example_sensor_decorator to None, run_after=None
[2026-05-16T03:16:25.706+0000] {processor.py:183} INFO - Processing /home/airflow/.local/lib/python3.8/site-packages/airflow/example_dags/example_sensor_decorator.py took 0.133 seconds
[2026-05-16T03:16:56.343+0000] {processor.py:161} INFO - Started process (PID=4298) to work on /home/airflow/.local/lib/python3.8/site-packages/airflow/example_dags/example_sensor_decorator.py
[2026-05-16T03:16:56.344+0000] {processor.py:830} INFO - Processing file /home/airflow/.local/lib/python3.8/site-packages/airflow/example_dags/example_sensor_decorator.py for tasks to queue
[2026-05-16T03:16:56.347+0000] {logging_mixin.py:188} INFO - [2026-05-16T03:16:56.347+0000] {dagbag.py:538} INFO - Filling up the DagBag from /home/airflow/.local/lib/python3.8/site-packages/airflow/example_dags/example_sensor_decorator.py
[2026-05-16T03:16:56.356+0000] {processor.py:840} INFO - DAG(s) 'example_sensor_decorator' retrieved from /home/airflow/.local/lib/python3.8/site-packages/airflow/example_dags/example_sensor_decorator.py
[2026-05-16T03:16:56.390+0000] {logging_mixin.py:188} INFO - [2026-05-16T03:16:56.389+0000] {dag.py:3036} INFO - Sync 1 DAGs
[2026-05-16T03:16:56.411+0000] {logging_mixin.py:188} INFO - [2026-05-16T03:16:56.410+0000] {dag.py:3823} INFO - Setting next_dagrun for example_sensor_decorator to None, run_after=None
[2026-05-16T03:16:56.443+0000] {processor.py:183} INFO - Processing /home/airflow/.local/lib/python3.8/site-packages/airflow/example_dags/example_sensor_decorator.py took 0.105 seconds
[2026-05-16T03:17:26.542+0000] {processor.py:161} INFO - Started process (PID=4363) to work on /home/airflow/.local/lib/python3.8/site-packages/airflow/example_dags/example_sensor_decorator.py
[2026-05-16T03:17:26.544+0000] {processor.py:830} INFO - Processing file /home/airflow/.local/lib/python3.8/site-packages/airflow/example_dags/example_sensor_decorator.py for tasks to queue
[2026-05-16T03:17:26.547+0000] {logging_mixin.py:188} INFO - [2026-05-16T03:17:26.547+0000] {dagbag.py:538} INFO - Filling up the DagBag from /home/airflow/.local/lib/python3.8/site-packages/airflow/example_dags/example_sensor_decorator.py
[2026-05-16T03:17:26.558+0000] {processor.py:840} INFO - DAG(s) 'example_sensor_decorator' retrieved from /home/airflow/.local/lib/python3.8/site-packages/airflow/example_dags/example_sensor_decorator.py
[2026-05-16T03:17:26.595+0000] {logging_mixin.py:188} INFO - [2026-05-16T03:17:26.594+0000] {dag.py:3036} INFO - Sync 1 DAGs
[2026-05-16T03:17:26.616+0000] {logging_mixin.py:188} INFO - [2026-05-16T03:17:26.616+0000] {dag.py:3823} INFO - Setting next_dagrun for example_sensor_decorator to None, run_after=None
[2026-05-16T03:17:26.648+0000] {processor.py:183} INFO - Processing /home/airflow/.local/lib/python3.8/site-packages/airflow/example_dags/example_sensor_decorator.py took 0.111 seconds
[2026-05-16T03:17:56.862+0000] {processor.py:161} INFO - Started process (PID=4428) to work on /home/airflow/.local/lib/python3.8/site-packages/airflow/example_dags/example_sensor_decorator.py
[2026-05-16T03:17:56.864+0000] {processor.py:830} INFO - Processing file /home/airflow/.local/lib/python3.8/site-packages/airflow/example_dags/example_sensor_decorator.py for tasks to queue
[2026-05-16T03:17:56.867+0000] {logging_mixin.py:188} INFO - [2026-05-16T03:17:56.866+0000] {dagbag.py:538} INFO - Filling up the DagBag from /home/airflow/.local/lib/python3.8/site-packages/airflow/example_dags/example_sensor_decorator.py
[2026-05-16T03:17:56.891+0000] {processor.py:840} INFO - DAG(s) 'example_sensor_decorator' retrieved from /home/airflow/.local/lib/python3.8/site-packages/airflow/example_dags/example_sensor_decorator.py
[2026-05-16T03:17:56.930+0000] {logging_mixin.py:188} INFO - [2026-05-16T03:17:56.929+0000] {dag.py:3036} INFO - Sync 1 DAGs
[2026-05-16T03:17:56.957+0000] {logging_mixin.py:188} INFO - [2026-05-16T03:17:56.957+0000] {dag.py:3823} INFO - Setting next_dagrun for example_sensor_decorator to None, run_after=None
[2026-05-16T03:17:56.993+0000] {processor.py:183} INFO - Processing /home/airflow/.local/lib/python3.8/site-packages/airflow/example_dags/example_sensor_decorator.py took 0.137 seconds
[2026-05-16T03:18:27.155+0000] {processor.py:161} INFO - Started process (PID=4493) to work on /home/airflow/.local/lib/python3.8/site-packages/airflow/example_dags/example_sensor_decorator.py
[2026-05-16T03:18:27.158+0000] {processor.py:830} INFO - Processing file /home/airflow/.local/lib/python3.8/site-packages/airflow/example_dags/example_sensor_decorator.py for tasks to queue
[2026-05-16T03:18:27.160+0000] {logging_mixin.py:188} INFO - [2026-05-16T03:18:27.160+0000] {dagbag.py:538} INFO - Filling up the DagBag from /home/airflow/.local/lib/python3.8/site-packages/airflow/example_dags/example_sensor_decorator.py
[2026-05-16T03:18:27.169+0000] {processor.py:840} INFO - DAG(s) 'example_sensor_decorator' retrieved from /home/airflow/.local/lib/python3.8/site-packages/airflow/example_dags/example_sensor_decorator.py
[2026-05-16T03:18:27.205+0000] {logging_mixin.py:188} INFO - [2026-05-16T03:18:27.204+0000] {dag.py:3036} INFO - Sync 1 DAGs
[2026-05-16T03:18:27.225+0000] {logging_mixin.py:188} INFO - [2026-05-16T03:18:27.225+0000] {dag.py:3823} INFO - Setting next_dagrun for example_sensor_decorator to None, run_after=None
[2026-05-16T03:18:27.255+0000] {processor.py:183} INFO - Processing /home/airflow/.local/lib/python3.8/site-packages/airflow/example_dags/example_sensor_decorator.py took 0.105 seconds
[2026-05-16T03:18:57.935+0000] {processor.py:161} INFO - Started process (PID=4565) to work on /home/airflow/.local/lib/python3.8/site-packages/airflow/example_dags/example_sensor_decorator.py
[2026-05-16T03:18:57.936+0000] {processor.py:830} INFO - Processing file /home/airflow/.local/lib/python3.8/site-packages/airflow/example_dags/example_sensor_decorator.py for tasks to queue
[2026-05-16T03:18:57.939+0000] {logging_mixin.py:188} INFO - [2026-05-16T03:18:57.939+0000] {dagbag.py:538} INFO - Filling up the DagBag from /home/airflow/.local/lib/python3.8/site-packages/airflow/example_dags/example_sensor_decorator.py
[2026-05-16T03:18:57.949+0000] {processor.py:840} INFO - DAG(s) 'example_sensor_decorator' retrieved from /home/airflow/.local/lib/python3.8/site-packages/airflow/example_dags/example_sensor_decorator.py
[2026-05-16T03:18:57.989+0000] {logging_mixin.py:188} INFO - [2026-05-16T03:18:57.988+0000] {dag.py:3036} INFO - Sync 1 DAGs
[2026-05-16T03:18:58.018+0000] {logging_mixin.py:188} INFO - [2026-05-16T03:18:58.018+0000] {dag.py:3823} INFO - Setting next_dagrun for example_sensor_decorator to None, run_after=None
[2026-05-16T03:18:58.052+0000] {processor.py:183} INFO - Processing /home/airflow/.local/lib/python3.8/site-packages/airflow/example_dags/example_sensor_decorator.py took 0.122 seconds
[2026-05-16T03:19:28.194+0000] {processor.py:161} INFO - Started process (PID=4630) to work on /home/airflow/.local/lib/python3.8/site-packages/airflow/example_dags/example_sensor_decorator.py
[2026-05-16T03:19:28.196+0000] {processor.py:830} INFO - Processing file /home/airflow/.local/lib/python3.8/site-packages/airflow/example_dags/example_sensor_decorator.py for tasks to queue
[2026-05-16T03:19:28.200+0000] {logging_mixin.py:188} INFO - [2026-05-16T03:19:28.199+0000] {dagbag.py:538} INFO - Filling up the DagBag from /home/airflow/.local/lib/python3.8/site-packages/airflow/example_dags/example_sensor_decorator.py
[2026-05-16T03:19:28.209+0000] {processor.py:840} INFO - DAG(s) 'example_sensor_decorator' retrieved from /home/airflow/.local/lib/python3.8/site-packages/airflow/example_dags/example_sensor_decorator.py
[2026-05-16T03:19:28.249+0000] {logging_mixin.py:188} INFO - [2026-05-16T03:19:28.248+0000] {dag.py:3036} INFO - Sync 1 DAGs
[2026-05-16T03:19:28.276+0000] {logging_mixin.py:188} INFO - [2026-05-16T03:19:28.276+0000] {dag.py:3823} INFO - Setting next_dagrun for example_sensor_decorator to None, run_after=None
[2026-05-16T03:19:28.311+0000] {processor.py:183} INFO - Processing /home/airflow/.local/lib/python3.8/site-packages/airflow/example_dags/example_sensor_decorator.py took 0.123 seconds
[2026-05-16T03:19:58.480+0000] {processor.py:161} INFO - Started process (PID=4696) to work on /home/airflow/.local/lib/python3.8/site-packages/airflow/example_dags/example_sensor_decorator.py
[2026-05-16T03:19:58.481+0000] {processor.py:830} INFO - Processing file /home/airflow/.local/lib/python3.8/site-packages/airflow/example_dags/example_sensor_decorator.py for tasks to queue
[2026-05-16T03:19:58.488+0000] {logging_mixin.py:188} INFO - [2026-05-16T03:19:58.487+0000] {dagbag.py:538} INFO - Filling up the DagBag from /home/airflow/.local/lib/python3.8/site-packages/airflow/example_dags/example_sensor_decorator.py
[2026-05-16T03:19:58.506+0000] {processor.py:840} INFO - DAG(s) 'example_sensor_decorator' retrieved from /home/airflow/.local/lib/python3.8/site-packages/airflow/example_dags/example_sensor_decorator.py
[2026-05-16T03:19:58.560+0000] {logging_mixin.py:188} INFO - [2026-05-16T03:19:58.559+0000] {dag.py:3036} INFO - Sync 1 DAGs
[2026-05-16T03:19:58.583+0000] {logging_mixin.py:188} INFO - [2026-05-16T03:19:58.582+0000] {dag.py:3823} INFO - Setting next_dagrun for example_sensor_decorator to None, run_after=None
[2026-05-16T03:19:58.615+0000] {processor.py:183} INFO - Processing /home/airflow/.local/lib/python3.8/site-packages/airflow/example_dags/example_sensor_decorator.py took 0.151 seconds
[2026-05-16T03:20:28.855+0000] {processor.py:161} INFO - Started process (PID=4761) to work on /home/airflow/.local/lib/python3.8/site-packages/airflow/example_dags/example_sensor_decorator.py
[2026-05-16T03:20:28.858+0000] {processor.py:830} INFO - Processing file /home/airflow/.local/lib/python3.8/site-packages/airflow/example_dags/example_sensor_decorator.py for tasks to queue
[2026-05-16T03:20:28.861+0000] {logging_mixin.py:188} INFO - [2026-05-16T03:20:28.861+0000] {dagbag.py:538} INFO - Filling up the DagBag from /home/airflow/.local/lib/python3.8/site-packages/airflow/example_dags/example_sensor_decorator.py
[2026-05-16T03:20:28.872+0000] {processor.py:840} INFO - DAG(s) 'example_sensor_decorator' retrieved from /home/airflow/.local/lib/python3.8/site-packages/airflow/example_dags/example_sensor_decorator.py
[2026-05-16T03:20:28.914+0000] {logging_mixin.py:188} INFO - [2026-05-16T03:20:28.913+0000] {dag.py:3036} INFO - Sync 1 DAGs
[2026-05-16T03:20:28.941+0000] {logging_mixin.py:188} INFO - [2026-05-16T03:20:28.940+0000] {dag.py:3823} INFO - Setting next_dagrun for example_sensor_decorator to None, run_after=None
[2026-05-16T03:20:28.981+0000] {processor.py:183} INFO - Processing /home/airflow/.local/lib/python3.8/site-packages/airflow/example_dags/example_sensor_decorator.py took 0.131 seconds
[2026-05-16T03:20:59.208+0000] {processor.py:161} INFO - Started process (PID=4825) to work on /home/airflow/.local/lib/python3.8/site-packages/airflow/example_dags/example_sensor_decorator.py
[2026-05-16T03:20:59.210+0000] {processor.py:830} INFO - Processing file /home/airflow/.local/lib/python3.8/site-packages/airflow/example_dags/example_sensor_decorator.py for tasks to queue
[2026-05-16T03:20:59.213+0000] {logging_mixin.py:188} INFO - [2026-05-16T03:20:59.212+0000] {dagbag.py:538} INFO - Filling up the DagBag from /home/airflow/.local/lib/python3.8/site-packages/airflow/example_dags/example_sensor_decorator.py
[2026-05-16T03:20:59.224+0000] {processor.py:840} INFO - DAG(s) 'example_sensor_decorator' retrieved from /home/airflow/.local/lib/python3.8/site-packages/airflow/example_dags/example_sensor_decorator.py
[2026-05-16T03:20:59.269+0000] {logging_mixin.py:188} INFO - [2026-05-16T03:20:59.268+0000] {dag.py:3036} INFO - Sync 1 DAGs
[2026-05-16T03:20:59.295+0000] {logging_mixin.py:188} INFO - [2026-05-16T03:20:59.295+0000] {dag.py:3823} INFO - Setting next_dagrun for example_sensor_decorator to None, run_after=None
[2026-05-16T03:20:59.330+0000] {processor.py:183} INFO - Processing /home/airflow/.local/lib/python3.8/site-packages/airflow/example_dags/example_sensor_decorator.py took 0.128 seconds
[2026-05-16T03:21:29.591+0000] {processor.py:161} INFO - Started process (PID=4890) to work on /home/airflow/.local/lib/python3.8/site-packages/airflow/example_dags/example_sensor_decorator.py
[2026-05-16T03:21:29.593+0000] {processor.py:830} INFO - Processing file /home/airflow/.local/lib/python3.8/site-packages/airflow/example_dags/example_sensor_decorator.py for tasks to queue
[2026-05-16T03:21:29.595+0000] {logging_mixin.py:188} INFO - [2026-05-16T03:21:29.595+0000] {dagbag.py:538} INFO - Filling up the DagBag from /home/airflow/.local/lib/python3.8/site-packages/airflow/example_dags/example_sensor_decorator.py
[2026-05-16T03:21:29.606+0000] {processor.py:840} INFO - DAG(s) 'example_sensor_decorator' retrieved from /home/airflow/.local/lib/python3.8/site-packages/airflow/example_dags/example_sensor_decorator.py
[2026-05-16T03:21:29.644+0000] {logging_mixin.py:188} INFO - [2026-05-16T03:21:29.643+0000] {dag.py:3036} INFO - Sync 1 DAGs
[2026-05-16T03:21:29.669+0000] {logging_mixin.py:188} INFO - [2026-05-16T03:21:29.668+0000] {dag.py:3823} INFO - Setting next_dagrun for example_sensor_decorator to None, run_after=None
[2026-05-16T03:21:29.702+0000] {processor.py:183} INFO - Processing /home/airflow/.local/lib/python3.8/site-packages/airflow/example_dags/example_sensor_decorator.py took 0.117 seconds
[2026-05-16T03:22:00.223+0000] {processor.py:161} INFO - Started process (PID=4955) to work on /home/airflow/.local/lib/python3.8/site-packages/airflow/example_dags/example_sensor_decorator.py
[2026-05-16T03:22:00.225+0000] {processor.py:830} INFO - Processing file /home/airflow/.local/lib/python3.8/site-packages/airflow/example_dags/example_sensor_decorator.py for tasks to queue
[2026-05-16T03:22:00.227+0000] {logging_mixin.py:188} INFO - [2026-05-16T03:22:00.227+0000] {dagbag.py:538} INFO - Filling up the DagBag from /home/airflow/.local/lib/python3.8/site-packages/airflow/example_dags/example_sensor_decorator.py
[2026-05-16T03:22:00.238+0000] {processor.py:840} INFO - DAG(s) 'example_sensor_decorator' retrieved from /home/airflow/.local/lib/python3.8/site-packages/airflow/example_dags/example_sensor_decorator.py
[2026-05-16T03:22:00.283+0000] {logging_mixin.py:188} INFO - [2026-05-16T03:22:00.282+0000] {dag.py:3036} INFO - Sync 1 DAGs
[2026-05-16T03:22:00.304+0000] {logging_mixin.py:188} INFO - [2026-05-16T03:22:00.303+0000] {dag.py:3823} INFO - Setting next_dagrun for example_sensor_decorator to None, run_after=None
[2026-05-16T03:22:00.336+0000] {processor.py:183} INFO - Processing /home/airflow/.local/lib/python3.8/site-packages/airflow/example_dags/example_sensor_decorator.py took 0.118 seconds
[2026-05-16T03:22:31.002+0000] {processor.py:161} INFO - Started process (PID=5019) to work on /home/airflow/.local/lib/python3.8/site-packages/airflow/example_dags/example_sensor_decorator.py
[2026-05-16T03:22:31.004+0000] {processor.py:830} INFO - Processing file /home/airflow/.local/lib/python3.8/site-packages/airflow/example_dags/example_sensor_decorator.py for tasks to queue
[2026-05-16T03:22:31.007+0000] {logging_mixin.py:188} INFO - [2026-05-16T03:22:31.007+0000] {dagbag.py:538} INFO - Filling up the DagBag from /home/airflow/.local/lib/python3.8/site-packages/airflow/example_dags/example_sensor_decorator.py
[2026-05-16T03:22:31.018+0000] {processor.py:840} INFO - DAG(s) 'example_sensor_decorator' retrieved from /home/airflow/.local/lib/python3.8/site-packages/airflow/example_dags/example_sensor_decorator.py
[2026-05-16T03:22:31.055+0000] {logging_mixin.py:188} INFO - [2026-05-16T03:22:31.055+0000] {dag.py:3036} INFO - Sync 1 DAGs
[2026-05-16T03:22:31.076+0000] {logging_mixin.py:188} INFO - [2026-05-16T03:22:31.075+0000] {dag.py:3823} INFO - Setting next_dagrun for example_sensor_decorator to None, run_after=None
[2026-05-16T03:22:31.109+0000] {processor.py:183} INFO - Processing /home/airflow/.local/lib/python3.8/site-packages/airflow/example_dags/example_sensor_decorator.py took 0.112 seconds
[2026-05-16T03:23:01.323+0000] {processor.py:161} INFO - Started process (PID=5084) to work on /home/airflow/.local/lib/python3.8/site-packages/airflow/example_dags/example_sensor_decorator.py
[2026-05-16T03:23:01.326+0000] {processor.py:830} INFO - Processing file /home/airflow/.local/lib/python3.8/site-packages/airflow/example_dags/example_sensor_decorator.py for tasks to queue
[2026-05-16T03:23:01.329+0000] {logging_mixin.py:188} INFO - [2026-05-16T03:23:01.328+0000] {dagbag.py:538} INFO - Filling up the DagBag from /home/airflow/.local/lib/python3.8/site-packages/airflow/example_dags/example_sensor_decorator.py
[2026-05-16T03:23:01.339+0000] {processor.py:840} INFO - DAG(s) 'example_sensor_decorator' retrieved from /home/airflow/.local/lib/python3.8/site-packages/airflow/example_dags/example_sensor_decorator.py
[2026-05-16T03:23:01.377+0000] {logging_mixin.py:188} INFO - [2026-05-16T03:23:01.376+0000] {dag.py:3036} INFO - Sync 1 DAGs
[2026-05-16T03:23:01.401+0000] {logging_mixin.py:188} INFO - [2026-05-16T03:23:01.400+0000] {dag.py:3823} INFO - Setting next_dagrun for example_sensor_decorator to None, run_after=None
[2026-05-16T03:23:01.434+0000] {processor.py:183} INFO - Processing /home/airflow/.local/lib/python3.8/site-packages/airflow/example_dags/example_sensor_decorator.py took 0.117 seconds
[2026-05-16T03:23:31.674+0000] {processor.py:161} INFO - Started process (PID=5151) to work on /home/airflow/.local/lib/python3.8/site-packages/airflow/example_dags/example_sensor_decorator.py
[2026-05-16T03:23:31.676+0000] {processor.py:830} INFO - Processing file /home/airflow/.local/lib/python3.8/site-packages/airflow/example_dags/example_sensor_decorator.py for tasks to queue
[2026-05-16T03:23:31.679+0000] {logging_mixin.py:188} INFO - [2026-05-16T03:23:31.678+0000] {dagbag.py:538} INFO - Filling up the DagBag from /home/airflow/.local/lib/python3.8/site-packages/airflow/example_dags/example_sensor_decorator.py
[2026-05-16T03:23:31.690+0000] {processor.py:840} INFO - DAG(s) 'example_sensor_decorator' retrieved from /home/airflow/.local/lib/python3.8/site-packages/airflow/example_dags/example_sensor_decorator.py
[2026-05-16T03:23:31.727+0000] {logging_mixin.py:188} INFO - [2026-05-16T03:23:31.727+0000] {dag.py:3036} INFO - Sync 1 DAGs
[2026-05-16T03:23:31.749+0000] {logging_mixin.py:188} INFO - [2026-05-16T03:23:31.748+0000] {dag.py:3823} INFO - Setting next_dagrun for example_sensor_decorator to None, run_after=None
[2026-05-16T03:23:31.780+0000] {processor.py:183} INFO - Processing /home/airflow/.local/lib/python3.8/site-packages/airflow/example_dags/example_sensor_decorator.py took 0.112 seconds
[2026-05-16T03:24:02.455+0000] {processor.py:161} INFO - Started process (PID=5217) to work on /home/airflow/.local/lib/python3.8/site-packages/airflow/example_dags/example_sensor_decorator.py
[2026-05-16T03:24:02.457+0000] {processor.py:830} INFO - Processing file /home/airflow/.local/lib/python3.8/site-packages/airflow/example_dags/example_sensor_decorator.py for tasks to queue
[2026-05-16T03:24:02.460+0000] {logging_mixin.py:188} INFO - [2026-05-16T03:24:02.460+0000] {dagbag.py:538} INFO - Filling up the DagBag from /home/airflow/.local/lib/python3.8/site-packages/airflow/example_dags/example_sensor_decorator.py
[2026-05-16T03:24:02.472+0000] {processor.py:840} INFO - DAG(s) 'example_sensor_decorator' retrieved from /home/airflow/.local/lib/python3.8/site-packages/airflow/example_dags/example_sensor_decorator.py
[2026-05-16T03:24:02.516+0000] {logging_mixin.py:188} INFO - [2026-05-16T03:24:02.515+0000] {dag.py:3036} INFO - Sync 1 DAGs
[2026-05-16T03:24:02.540+0000] {logging_mixin.py:188} INFO - [2026-05-16T03:24:02.540+0000] {dag.py:3823} INFO - Setting next_dagrun for example_sensor_decorator to None, run_after=None
[2026-05-16T03:24:02.580+0000] {processor.py:183} INFO - Processing /home/airflow/.local/lib/python3.8/site-packages/airflow/example_dags/example_sensor_decorator.py took 0.131 seconds
[2026-05-16T03:24:33.031+0000] {processor.py:161} INFO - Started process (PID=5283) to work on /home/airflow/.local/lib/python3.8/site-packages/airflow/example_dags/example_sensor_decorator.py
[2026-05-16T03:24:33.033+0000] {processor.py:830} INFO - Processing file /home/airflow/.local/lib/python3.8/site-packages/airflow/example_dags/example_sensor_decorator.py for tasks to queue
[2026-05-16T03:24:33.036+0000] {logging_mixin.py:188} INFO - [2026-05-16T03:24:33.035+0000] {dagbag.py:538} INFO - Filling up the DagBag from /home/airflow/.local/lib/python3.8/site-packages/airflow/example_dags/example_sensor_decorator.py
[2026-05-16T03:24:33.047+0000] {processor.py:840} INFO - DAG(s) 'example_sensor_decorator' retrieved from /home/airflow/.local/lib/python3.8/site-packages/airflow/example_dags/example_sensor_decorator.py
[2026-05-16T03:24:33.089+0000] {logging_mixin.py:188} INFO - [2026-05-16T03:24:33.088+0000] {dag.py:3036} INFO - Sync 1 DAGs
[2026-05-16T03:24:33.113+0000] {logging_mixin.py:188} INFO - [2026-05-16T03:24:33.113+0000] {dag.py:3823} INFO - Setting next_dagrun for example_sensor_decorator to None, run_after=None
[2026-05-16T03:24:33.156+0000] {processor.py:183} INFO - Processing /home/airflow/.local/lib/python3.8/site-packages/airflow/example_dags/example_sensor_decorator.py took 0.131 seconds
[2026-05-16T03:25:03.837+0000] {processor.py:161} INFO - Started process (PID=5349) to work on /home/airflow/.local/lib/python3.8/site-packages/airflow/example_dags/example_sensor_decorator.py
[2026-05-16T03:25:03.840+0000] {processor.py:830} INFO - Processing file /home/airflow/.local/lib/python3.8/site-packages/airflow/example_dags/example_sensor_decorator.py for tasks to queue
[2026-05-16T03:25:03.842+0000] {logging_mixin.py:188} INFO - [2026-05-16T03:25:03.842+0000] {dagbag.py:538} INFO - Filling up the DagBag from /home/airflow/.local/lib/python3.8/site-packages/airflow/example_dags/example_sensor_decorator.py
[2026-05-16T03:25:03.852+0000] {processor.py:840} INFO - DAG(s) 'example_sensor_decorator' retrieved from /home/airflow/.local/lib/python3.8/site-packages/airflow/example_dags/example_sensor_decorator.py
[2026-05-16T03:25:03.889+0000] {logging_mixin.py:188} INFO - [2026-05-16T03:25:03.888+0000] {dag.py:3036} INFO - Sync 1 DAGs
[2026-05-16T03:25:03.913+0000] {logging_mixin.py:188} INFO - [2026-05-16T03:25:03.913+0000] {dag.py:3823} INFO - Setting next_dagrun for example_sensor_decorator to None, run_after=None
[2026-05-16T03:25:03.948+0000] {processor.py:183} INFO - Processing /home/airflow/.local/lib/python3.8/site-packages/airflow/example_dags/example_sensor_decorator.py took 0.116 seconds
[2026-05-16T03:25:34.076+0000] {processor.py:161} INFO - Started process (PID=5414) to work on /home/airflow/.local/lib/python3.8/site-packages/airflow/example_dags/example_sensor_decorator.py
[2026-05-16T03:25:34.078+0000] {processor.py:830} INFO - Processing file /home/airflow/.local/lib/python3.8/site-packages/airflow/example_dags/example_sensor_decorator.py for tasks to queue
[2026-05-16T03:25:34.082+0000] {logging_mixin.py:188} INFO - [2026-05-16T03:25:34.082+0000] {dagbag.py:538} INFO - Filling up the DagBag from /home/airflow/.local/lib/python3.8/site-packages/airflow/example_dags/example_sensor_decorator.py
[2026-05-16T03:25:34.093+0000] {processor.py:840} INFO - DAG(s) 'example_sensor_decorator' retrieved from /home/airflow/.local/lib/python3.8/site-packages/airflow/example_dags/example_sensor_decorator.py
[2026-05-16T03:25:34.132+0000] {logging_mixin.py:188} INFO - [2026-05-16T03:25:34.132+0000] {dag.py:3036} INFO - Sync 1 DAGs
[2026-05-16T03:25:34.157+0000] {logging_mixin.py:188} INFO - [2026-05-16T03:25:34.156+0000] {dag.py:3823} INFO - Setting next_dagrun for example_sensor_decorator to None, run_after=None
[2026-05-16T03:25:34.190+0000] {processor.py:183} INFO - Processing /home/airflow/.local/lib/python3.8/site-packages/airflow/example_dags/example_sensor_decorator.py took 0.120 seconds
[2026-05-16T03:26:04.338+0000] {processor.py:161} INFO - Started process (PID=5484) to work on /home/airflow/.local/lib/python3.8/site-packages/airflow/example_dags/example_sensor_decorator.py
[2026-05-16T03:26:04.340+0000] {processor.py:830} INFO - Processing file /home/airflow/.local/lib/python3.8/site-packages/airflow/example_dags/example_sensor_decorator.py for tasks to queue
[2026-05-16T03:26:04.343+0000] {logging_mixin.py:188} INFO - [2026-05-16T03:26:04.343+0000] {dagbag.py:538} INFO - Filling up the DagBag from /home/airflow/.local/lib/python3.8/site-packages/airflow/example_dags/example_sensor_decorator.py
[2026-05-16T03:26:04.355+0000] {processor.py:840} INFO - DAG(s) 'example_sensor_decorator' retrieved from /home/airflow/.local/lib/python3.8/site-packages/airflow/example_dags/example_sensor_decorator.py
[2026-05-16T03:26:04.399+0000] {logging_mixin.py:188} INFO - [2026-05-16T03:26:04.399+0000] {dag.py:3036} INFO - Sync 1 DAGs
[2026-05-16T03:26:04.425+0000] {logging_mixin.py:188} INFO - [2026-05-16T03:26:04.425+0000] {dag.py:3823} INFO - Setting next_dagrun for example_sensor_decorator to None, run_after=None
[2026-05-16T03:26:04.459+0000] {processor.py:183} INFO - Processing /home/airflow/.local/lib/python3.8/site-packages/airflow/example_dags/example_sensor_decorator.py took 0.127 seconds
[2026-05-16T03:26:35.159+0000] {processor.py:161} INFO - Started process (PID=5550) to work on /home/airflow/.local/lib/python3.8/site-packages/airflow/example_dags/example_sensor_decorator.py
[2026-05-16T03:26:35.161+0000] {processor.py:830} INFO - Processing file /home/airflow/.local/lib/python3.8/site-packages/airflow/example_dags/example_sensor_decorator.py for tasks to queue
[2026-05-16T03:26:35.164+0000] {logging_mixin.py:188} INFO - [2026-05-16T03:26:35.163+0000] {dagbag.py:538} INFO - Filling up the DagBag from /home/airflow/.local/lib/python3.8/site-packages/airflow/example_dags/example_sensor_decorator.py
[2026-05-16T03:26:35.175+0000] {processor.py:840} INFO - DAG(s) 'example_sensor_decorator' retrieved from /home/airflow/.local/lib/python3.8/site-packages/airflow/example_dags/example_sensor_decorator.py
[2026-05-16T03:26:35.214+0000] {logging_mixin.py:188} INFO - [2026-05-16T03:26:35.213+0000] {dag.py:3036} INFO - Sync 1 DAGs
[2026-05-16T03:26:35.237+0000] {logging_mixin.py:188} INFO - [2026-05-16T03:26:35.236+0000] {dag.py:3823} INFO - Setting next_dagrun for example_sensor_decorator to None, run_after=None
[2026-05-16T03:26:35.272+0000] {processor.py:183} INFO - Processing /home/airflow/.local/lib/python3.8/site-packages/airflow/example_dags/example_sensor_decorator.py took 0.118 seconds
[2026-05-16T03:27:05.862+0000] {processor.py:161} INFO - Started process (PID=5615) to work on /home/airflow/.local/lib/python3.8/site-packages/airflow/example_dags/example_sensor_decorator.py
[2026-05-16T03:27:05.864+0000] {processor.py:830} INFO - Processing file /home/airflow/.local/lib/python3.8/site-packages/airflow/example_dags/example_sensor_decorator.py for tasks to queue
[2026-05-16T03:27:05.866+0000] {logging_mixin.py:188} INFO - [2026-05-16T03:27:05.866+0000] {dagbag.py:538} INFO - Filling up the DagBag from /home/airflow/.local/lib/python3.8/site-packages/airflow/example_dags/example_sensor_decorator.py
[2026-05-16T03:27:05.875+0000] {processor.py:840} INFO - DAG(s) 'example_sensor_decorator' retrieved from /home/airflow/.local/lib/python3.8/site-packages/airflow/example_dags/example_sensor_decorator.py
[2026-05-16T03:27:05.911+0000] {logging_mixin.py:188} INFO - [2026-05-16T03:27:05.911+0000] {dag.py:3036} INFO - Sync 1 DAGs
[2026-05-16T03:27:05.934+0000] {logging_mixin.py:188} INFO - [2026-05-16T03:27:05.934+0000] {dag.py:3823} INFO - Setting next_dagrun for example_sensor_decorator to None, run_after=None
[2026-05-16T03:27:05.967+0000] {processor.py:183} INFO - Processing /home/airflow/.local/lib/python3.8/site-packages/airflow/example_dags/example_sensor_decorator.py took 0.111 seconds
[2026-05-16T03:27:36.742+0000] {processor.py:161} INFO - Started process (PID=5679) to work on /home/airflow/.local/lib/python3.8/site-packages/airflow/example_dags/example_sensor_decorator.py
[2026-05-16T03:27:36.744+0000] {processor.py:830} INFO - Processing file /home/airflow/.local/lib/python3.8/site-packages/airflow/example_dags/example_sensor_decorator.py for tasks to queue
[2026-05-16T03:27:36.749+0000] {logging_mixin.py:188} INFO - [2026-05-16T03:27:36.748+0000] {dagbag.py:538} INFO - Filling up the DagBag from /home/airflow/.local/lib/python3.8/site-packages/airflow/example_dags/example_sensor_decorator.py
[2026-05-16T03:27:36.767+0000] {processor.py:840} INFO - DAG(s) 'example_sensor_decorator' retrieved from /home/airflow/.local/lib/python3.8/site-packages/airflow/example_dags/example_sensor_decorator.py
[2026-05-16T03:27:36.810+0000] {logging_mixin.py:188} INFO - [2026-05-16T03:27:36.809+0000] {dag.py:3036} INFO - Sync 1 DAGs
[2026-05-16T03:27:36.837+0000] {logging_mixin.py:188} INFO - [2026-05-16T03:27:36.836+0000] {dag.py:3823} INFO - Setting next_dagrun for example_sensor_decorator to None, run_after=None
[2026-05-16T03:27:36.872+0000] {processor.py:183} INFO - Processing /home/airflow/.local/lib/python3.8/site-packages/airflow/example_dags/example_sensor_decorator.py took 0.142 seconds
[2026-05-16T03:28:07.404+0000] {processor.py:161} INFO - Started process (PID=5745) to work on /home/airflow/.local/lib/python3.8/site-packages/airflow/example_dags/example_sensor_decorator.py
[2026-05-16T03:28:07.406+0000] {processor.py:830} INFO - Processing file /home/airflow/.local/lib/python3.8/site-packages/airflow/example_dags/example_sensor_decorator.py for tasks to queue
[2026-05-16T03:28:07.409+0000] {logging_mixin.py:188} INFO - [2026-05-16T03:28:07.408+0000] {dagbag.py:538} INFO - Filling up the DagBag from /home/airflow/.local/lib/python3.8/site-packages/airflow/example_dags/example_sensor_decorator.py
[2026-05-16T03:28:07.420+0000] {processor.py:840} INFO - DAG(s) 'example_sensor_decorator' retrieved from /home/airflow/.local/lib/python3.8/site-packages/airflow/example_dags/example_sensor_decorator.py
[2026-05-16T03:28:07.468+0000] {logging_mixin.py:188} INFO - [2026-05-16T03:28:07.467+0000] {dag.py:3036} INFO - Sync 1 DAGs
[2026-05-16T03:28:07.491+0000] {logging_mixin.py:188} INFO - [2026-05-16T03:28:07.490+0000] {dag.py:3823} INFO - Setting next_dagrun for example_sensor_decorator to None, run_after=None
[2026-05-16T03:28:07.524+0000] {processor.py:183} INFO - Processing /home/airflow/.local/lib/python3.8/site-packages/airflow/example_dags/example_sensor_decorator.py took 0.128 seconds
[2026-05-16T03:28:37.677+0000] {processor.py:161} INFO - Started process (PID=5809) to work on /home/airflow/.local/lib/python3.8/site-packages/airflow/example_dags/example_sensor_decorator.py
[2026-05-16T03:28:37.678+0000] {processor.py:830} INFO - Processing file /home/airflow/.local/lib/python3.8/site-packages/airflow/example_dags/example_sensor_decorator.py for tasks to queue
[2026-05-16T03:28:37.682+0000] {logging_mixin.py:188} INFO - [2026-05-16T03:28:37.681+0000] {dagbag.py:538} INFO - Filling up the DagBag from /home/airflow/.local/lib/python3.8/site-packages/airflow/example_dags/example_sensor_decorator.py
[2026-05-16T03:28:37.703+0000] {processor.py:840} INFO - DAG(s) 'example_sensor_decorator' retrieved from /home/airflow/.local/lib/python3.8/site-packages/airflow/example_dags/example_sensor_decorator.py
[2026-05-16T03:28:37.759+0000] {logging_mixin.py:188} INFO - [2026-05-16T03:28:37.758+0000] {dag.py:3036} INFO - Sync 1 DAGs
[2026-05-16T03:28:37.785+0000] {logging_mixin.py:188} INFO - [2026-05-16T03:28:37.784+0000] {dag.py:3823} INFO - Setting next_dagrun for example_sensor_decorator to None, run_after=None
[2026-05-16T03:28:37.820+0000] {processor.py:183} INFO - Processing /home/airflow/.local/lib/python3.8/site-packages/airflow/example_dags/example_sensor_decorator.py took 0.150 seconds
[2026-05-16T03:29:08.423+0000] {processor.py:161} INFO - Started process (PID=5872) to work on /home/airflow/.local/lib/python3.8/site-packages/airflow/example_dags/example_sensor_decorator.py
[2026-05-16T03:29:08.425+0000] {processor.py:830} INFO - Processing file /home/airflow/.local/lib/python3.8/site-packages/airflow/example_dags/example_sensor_decorator.py for tasks to queue
[2026-05-16T03:29:08.428+0000] {logging_mixin.py:188} INFO - [2026-05-16T03:29:08.428+0000] {dagbag.py:538} INFO - Filling up the DagBag from /home/airflow/.local/lib/python3.8/site-packages/airflow/example_dags/example_sensor_decorator.py
[2026-05-16T03:29:08.438+0000] {processor.py:840} INFO - DAG(s) 'example_sensor_decorator' retrieved from /home/airflow/.local/lib/python3.8/site-packages/airflow/example_dags/example_sensor_decorator.py
[2026-05-16T03:29:08.475+0000] {logging_mixin.py:188} INFO - [2026-05-16T03:29:08.475+0000] {dag.py:3036} INFO - Sync 1 DAGs
[2026-05-16T03:29:08.496+0000] {logging_mixin.py:188} INFO - [2026-05-16T03:29:08.496+0000] {dag.py:3823} INFO - Setting next_dagrun for example_sensor_decorator to None, run_after=None
[2026-05-16T03:29:08.529+0000] {processor.py:183} INFO - Processing /home/airflow/.local/lib/python3.8/site-packages/airflow/example_dags/example_sensor_decorator.py took 0.112 seconds
[2026-05-16T03:29:38.865+0000] {processor.py:161} INFO - Started process (PID=5937) to work on /home/airflow/.local/lib/python3.8/site-packages/airflow/example_dags/example_sensor_decorator.py
[2026-05-16T03:29:38.867+0000] {processor.py:830} INFO - Processing file /home/airflow/.local/lib/python3.8/site-packages/airflow/example_dags/example_sensor_decorator.py for tasks to queue
[2026-05-16T03:29:38.870+0000] {logging_mixin.py:188} INFO - [2026-05-16T03:29:38.869+0000] {dagbag.py:538} INFO - Filling up the DagBag from /home/airflow/.local/lib/python3.8/site-packages/airflow/example_dags/example_sensor_decorator.py
[2026-05-16T03:29:38.880+0000] {processor.py:840} INFO - DAG(s) 'example_sensor_decorator' retrieved from /home/airflow/.local/lib/python3.8/site-packages/airflow/example_dags/example_sensor_decorator.py
[2026-05-16T03:29:38.924+0000] {logging_mixin.py:188} INFO - [2026-05-16T03:29:38.924+0000] {dag.py:3036} INFO - Sync 1 DAGs
[2026-05-16T03:29:38.951+0000] {logging_mixin.py:188} INFO - [2026-05-16T03:29:38.950+0000] {dag.py:3823} INFO - Setting next_dagrun for example_sensor_decorator to None, run_after=None
[2026-05-16T03:29:38.992+0000] {processor.py:183} INFO - Processing /home/airflow/.local/lib/python3.8/site-packages/airflow/example_dags/example_sensor_decorator.py took 0.133 seconds
[2026-05-16T03:30:09.505+0000] {processor.py:161} INFO - Started process (PID=6001) to work on /home/airflow/.local/lib/python3.8/site-packages/airflow/example_dags/example_sensor_decorator.py
[2026-05-16T03:30:09.507+0000] {processor.py:830} INFO - Processing file /home/airflow/.local/lib/python3.8/site-packages/airflow/example_dags/example_sensor_decorator.py for tasks to queue
[2026-05-16T03:30:09.510+0000] {logging_mixin.py:188} INFO - [2026-05-16T03:30:09.510+0000] {dagbag.py:538} INFO - Filling up the DagBag from /home/airflow/.local/lib/python3.8/site-packages/airflow/example_dags/example_sensor_decorator.py
[2026-05-16T03:30:09.520+0000] {processor.py:840} INFO - DAG(s) 'example_sensor_decorator' retrieved from /home/airflow/.local/lib/python3.8/site-packages/airflow/example_dags/example_sensor_decorator.py
[2026-05-16T03:30:09.557+0000] {logging_mixin.py:188} INFO - [2026-05-16T03:30:09.557+0000] {dag.py:3036} INFO - Sync 1 DAGs
[2026-05-16T03:30:09.579+0000] {logging_mixin.py:188} INFO - [2026-05-16T03:30:09.578+0000] {dag.py:3823} INFO - Setting next_dagrun for example_sensor_decorator to None, run_after=None
[2026-05-16T03:30:09.614+0000] {processor.py:183} INFO - Processing /home/airflow/.local/lib/python3.8/site-packages/airflow/example_dags/example_sensor_decorator.py took 0.114 seconds
[2026-05-16T03:30:39.918+0000] {processor.py:161} INFO - Started process (PID=6067) to work on /home/airflow/.local/lib/python3.8/site-packages/airflow/example_dags/example_sensor_decorator.py
[2026-05-16T03:30:39.920+0000] {processor.py:830} INFO - Processing file /home/airflow/.local/lib/python3.8/site-packages/airflow/example_dags/example_sensor_decorator.py for tasks to queue
[2026-05-16T03:30:39.923+0000] {logging_mixin.py:188} INFO - [2026-05-16T03:30:39.922+0000] {dagbag.py:538} INFO - Filling up the DagBag from /home/airflow/.local/lib/python3.8/site-packages/airflow/example_dags/example_sensor_decorator.py
[2026-05-16T03:30:39.934+0000] {processor.py:840} INFO - DAG(s) 'example_sensor_decorator' retrieved from /home/airflow/.local/lib/python3.8/site-packages/airflow/example_dags/example_sensor_decorator.py
[2026-05-16T03:30:39.974+0000] {logging_mixin.py:188} INFO - [2026-05-16T03:30:39.974+0000] {dag.py:3036} INFO - Sync 1 DAGs
[2026-05-16T03:30:39.995+0000] {logging_mixin.py:188} INFO - [2026-05-16T03:30:39.994+0000] {dag.py:3823} INFO - Setting next_dagrun for example_sensor_decorator to None, run_after=None
[2026-05-16T03:30:40.027+0000] {processor.py:183} INFO - Processing /home/airflow/.local/lib/python3.8/site-packages/airflow/example_dags/example_sensor_decorator.py took 0.114 seconds
[2026-05-16T03:31:10.878+0000] {processor.py:161} INFO - Started process (PID=6129) to work on /home/airflow/.local/lib/python3.8/site-packages/airflow/example_dags/example_sensor_decorator.py
[2026-05-16T03:31:10.880+0000] {processor.py:830} INFO - Processing file /home/airflow/.local/lib/python3.8/site-packages/airflow/example_dags/example_sensor_decorator.py for tasks to queue
[2026-05-16T03:31:10.883+0000] {logging_mixin.py:188} INFO - [2026-05-16T03:31:10.883+0000] {dagbag.py:538} INFO - Filling up the DagBag from /home/airflow/.local/lib/python3.8/site-packages/airflow/example_dags/example_sensor_decorator.py
[2026-05-16T03:31:10.893+0000] {processor.py:840} INFO - DAG(s) 'example_sensor_decorator' retrieved from /home/airflow/.local/lib/python3.8/site-packages/airflow/example_dags/example_sensor_decorator.py
[2026-05-16T03:31:10.929+0000] {logging_mixin.py:188} INFO - [2026-05-16T03:31:10.929+0000] {dag.py:3036} INFO - Sync 1 DAGs
[2026-05-16T03:31:10.955+0000] {logging_mixin.py:188} INFO - [2026-05-16T03:31:10.955+0000] {dag.py:3823} INFO - Setting next_dagrun for example_sensor_decorator to None, run_after=None
[2026-05-16T03:31:10.988+0000] {processor.py:183} INFO - Processing /home/airflow/.local/lib/python3.8/site-packages/airflow/example_dags/example_sensor_decorator.py took 0.115 seconds
[2026-05-16T03:31:41.268+0000] {processor.py:161} INFO - Started process (PID=6194) to work on /home/airflow/.local/lib/python3.8/site-packages/airflow/example_dags/example_sensor_decorator.py
[2026-05-16T03:31:41.270+0000] {processor.py:830} INFO - Processing file /home/airflow/.local/lib/python3.8/site-packages/airflow/example_dags/example_sensor_decorator.py for tasks to queue
[2026-05-16T03:31:41.273+0000] {logging_mixin.py:188} INFO - [2026-05-16T03:31:41.273+0000] {dagbag.py:538} INFO - Filling up the DagBag from /home/airflow/.local/lib/python3.8/site-packages/airflow/example_dags/example_sensor_decorator.py
[2026-05-16T03:31:41.283+0000] {processor.py:840} INFO - DAG(s) 'example_sensor_decorator' retrieved from /home/airflow/.local/lib/python3.8/site-packages/airflow/example_dags/example_sensor_decorator.py
[2026-05-16T03:31:41.323+0000] {logging_mixin.py:188} INFO - [2026-05-16T03:31:41.322+0000] {dag.py:3036} INFO - Sync 1 DAGs
[2026-05-16T03:31:41.349+0000] {logging_mixin.py:188} INFO - [2026-05-16T03:31:41.348+0000] {dag.py:3823} INFO - Setting next_dagrun for example_sensor_decorator to None, run_after=None
[2026-05-16T03:31:41.384+0000] {processor.py:183} INFO - Processing /home/airflow/.local/lib/python3.8/site-packages/airflow/example_dags/example_sensor_decorator.py took 0.121 seconds
[2026-05-16T03:32:11.442+0000] {processor.py:161} INFO - Started process (PID=6259) to work on /home/airflow/.local/lib/python3.8/site-packages/airflow/example_dags/example_sensor_decorator.py
[2026-05-16T03:32:11.445+0000] {processor.py:830} INFO - Processing file /home/airflow/.local/lib/python3.8/site-packages/airflow/example_dags/example_sensor_decorator.py for tasks to queue
[2026-05-16T03:32:11.448+0000] {logging_mixin.py:188} INFO - [2026-05-16T03:32:11.448+0000] {dagbag.py:538} INFO - Filling up the DagBag from /home/airflow/.local/lib/python3.8/site-packages/airflow/example_dags/example_sensor_decorator.py
[2026-05-16T03:32:11.459+0000] {processor.py:840} INFO - DAG(s) 'example_sensor_decorator' retrieved from /home/airflow/.local/lib/python3.8/site-packages/airflow/example_dags/example_sensor_decorator.py
[2026-05-16T03:32:11.501+0000] {logging_mixin.py:188} INFO - [2026-05-16T03:32:11.500+0000] {dag.py:3036} INFO - Sync 1 DAGs
[2026-05-16T03:32:11.525+0000] {logging_mixin.py:188} INFO - [2026-05-16T03:32:11.525+0000] {dag.py:3823} INFO - Setting next_dagrun for example_sensor_decorator to None, run_after=None
[2026-05-16T03:32:11.559+0000] {processor.py:183} INFO - Processing /home/airflow/.local/lib/python3.8/site-packages/airflow/example_dags/example_sensor_decorator.py took 0.123 seconds
[2026-05-16T03:32:41.816+0000] {processor.py:161} INFO - Started process (PID=6324) to work on /home/airflow/.local/lib/python3.8/site-packages/airflow/example_dags/example_sensor_decorator.py
[2026-05-16T03:32:41.819+0000] {processor.py:830} INFO - Processing file /home/airflow/.local/lib/python3.8/site-packages/airflow/example_dags/example_sensor_decorator.py for tasks to queue
[2026-05-16T03:32:41.822+0000] {logging_mixin.py:188} INFO - [2026-05-16T03:32:41.822+0000] {dagbag.py:538} INFO - Filling up the DagBag from /home/airflow/.local/lib/python3.8/site-packages/airflow/example_dags/example_sensor_decorator.py
[2026-05-16T03:32:41.833+0000] {processor.py:840} INFO - DAG(s) 'example_sensor_decorator' retrieved from /home/airflow/.local/lib/python3.8/site-packages/airflow/example_dags/example_sensor_decorator.py
[2026-05-16T03:32:41.875+0000] {logging_mixin.py:188} INFO - [2026-05-16T03:32:41.875+0000] {dag.py:3036} INFO - Sync 1 DAGs
[2026-05-16T03:32:41.900+0000] {logging_mixin.py:188} INFO - [2026-05-16T03:32:41.900+0000] {dag.py:3823} INFO - Setting next_dagrun for example_sensor_decorator to None, run_after=None
[2026-05-16T03:32:41.936+0000] {processor.py:183} INFO - Processing /home/airflow/.local/lib/python3.8/site-packages/airflow/example_dags/example_sensor_decorator.py took 0.125 seconds
[2026-05-16T03:33:13.087+0000] {processor.py:161} INFO - Started process (PID=6389) to work on /home/airflow/.local/lib/python3.8/site-packages/airflow/example_dags/example_sensor_decorator.py
[2026-05-16T03:33:13.099+0000] {processor.py:830} INFO - Processing file /home/airflow/.local/lib/python3.8/site-packages/airflow/example_dags/example_sensor_decorator.py for tasks to queue
[2026-05-16T03:33:13.102+0000] {logging_mixin.py:188} INFO - [2026-05-16T03:33:13.102+0000] {dagbag.py:538} INFO - Filling up the DagBag from /home/airflow/.local/lib/python3.8/site-packages/airflow/example_dags/example_sensor_decorator.py
[2026-05-16T03:33:13.121+0000] {processor.py:840} INFO - DAG(s) 'example_sensor_decorator' retrieved from /home/airflow/.local/lib/python3.8/site-packages/airflow/example_dags/example_sensor_decorator.py
[2026-05-16T03:33:13.245+0000] {logging_mixin.py:188} INFO - [2026-05-16T03:33:13.245+0000] {dag.py:3036} INFO - Sync 1 DAGs
[2026-05-16T03:33:13.319+0000] {logging_mixin.py:188} INFO - [2026-05-16T03:33:13.306+0000] {dag.py:3823} INFO - Setting next_dagrun for example_sensor_decorator to None, run_after=None
[2026-05-16T03:33:13.400+0000] {processor.py:183} INFO - Processing /home/airflow/.local/lib/python3.8/site-packages/airflow/example_dags/example_sensor_decorator.py took 0.328 seconds
[2026-05-16T03:33:43.589+0000] {processor.py:161} INFO - Started process (PID=6462) to work on /home/airflow/.local/lib/python3.8/site-packages/airflow/example_dags/example_sensor_decorator.py
[2026-05-16T03:33:43.591+0000] {processor.py:830} INFO - Processing file /home/airflow/.local/lib/python3.8/site-packages/airflow/example_dags/example_sensor_decorator.py for tasks to queue
[2026-05-16T03:33:43.594+0000] {logging_mixin.py:188} INFO - [2026-05-16T03:33:43.594+0000] {dagbag.py:538} INFO - Filling up the DagBag from /home/airflow/.local/lib/python3.8/site-packages/airflow/example_dags/example_sensor_decorator.py
[2026-05-16T03:33:43.604+0000] {processor.py:840} INFO - DAG(s) 'example_sensor_decorator' retrieved from /home/airflow/.local/lib/python3.8/site-packages/airflow/example_dags/example_sensor_decorator.py
[2026-05-16T03:33:43.641+0000] {logging_mixin.py:188} INFO - [2026-05-16T03:33:43.640+0000] {dag.py:3036} INFO - Sync 1 DAGs
[2026-05-16T03:33:43.666+0000] {logging_mixin.py:188} INFO - [2026-05-16T03:33:43.666+0000] {dag.py:3823} INFO - Setting next_dagrun for example_sensor_decorator to None, run_after=None
[2026-05-16T03:33:43.700+0000] {processor.py:183} INFO - Processing /home/airflow/.local/lib/python3.8/site-packages/airflow/example_dags/example_sensor_decorator.py took 0.117 seconds
[2026-05-16T03:34:14.329+0000] {processor.py:161} INFO - Started process (PID=6529) to work on /home/airflow/.local/lib/python3.8/site-packages/airflow/example_dags/example_sensor_decorator.py
[2026-05-16T03:34:14.331+0000] {processor.py:830} INFO - Processing file /home/airflow/.local/lib/python3.8/site-packages/airflow/example_dags/example_sensor_decorator.py for tasks to queue
[2026-05-16T03:34:14.335+0000] {logging_mixin.py:188} INFO - [2026-05-16T03:34:14.334+0000] {dagbag.py:538} INFO - Filling up the DagBag from /home/airflow/.local/lib/python3.8/site-packages/airflow/example_dags/example_sensor_decorator.py
[2026-05-16T03:34:14.347+0000] {processor.py:840} INFO - DAG(s) 'example_sensor_decorator' retrieved from /home/airflow/.local/lib/python3.8/site-packages/airflow/example_dags/example_sensor_decorator.py
[2026-05-16T03:34:14.390+0000] {logging_mixin.py:188} INFO - [2026-05-16T03:34:14.389+0000] {dag.py:3036} INFO - Sync 1 DAGs
[2026-05-16T03:34:14.416+0000] {logging_mixin.py:188} INFO - [2026-05-16T03:34:14.415+0000] {dag.py:3823} INFO - Setting next_dagrun for example_sensor_decorator to None, run_after=None
[2026-05-16T03:34:14.447+0000] {processor.py:183} INFO - Processing /home/airflow/.local/lib/python3.8/site-packages/airflow/example_dags/example_sensor_decorator.py took 0.126 seconds
[2026-05-16T03:34:44.772+0000] {processor.py:161} INFO - Started process (PID=6594) to work on /home/airflow/.local/lib/python3.8/site-packages/airflow/example_dags/example_sensor_decorator.py
[2026-05-16T03:34:44.773+0000] {processor.py:830} INFO - Processing file /home/airflow/.local/lib/python3.8/site-packages/airflow/example_dags/example_sensor_decorator.py for tasks to queue
[2026-05-16T03:34:44.776+0000] {logging_mixin.py:188} INFO - [2026-05-16T03:34:44.776+0000] {dagbag.py:538} INFO - Filling up the DagBag from /home/airflow/.local/lib/python3.8/site-packages/airflow/example_dags/example_sensor_decorator.py
[2026-05-16T03:34:44.786+0000] {processor.py:840} INFO - DAG(s) 'example_sensor_decorator' retrieved from /home/airflow/.local/lib/python3.8/site-packages/airflow/example_dags/example_sensor_decorator.py
[2026-05-16T03:34:44.825+0000] {logging_mixin.py:188} INFO - [2026-05-16T03:34:44.824+0000] {dag.py:3036} INFO - Sync 1 DAGs
[2026-05-16T03:34:44.849+0000] {logging_mixin.py:188} INFO - [2026-05-16T03:34:44.848+0000] {dag.py:3823} INFO - Setting next_dagrun for example_sensor_decorator to None, run_after=None
[2026-05-16T03:34:44.883+0000] {processor.py:183} INFO - Processing /home/airflow/.local/lib/python3.8/site-packages/airflow/example_dags/example_sensor_decorator.py took 0.117 seconds
[2026-05-16T03:35:15.915+0000] {processor.py:161} INFO - Started process (PID=6659) to work on /home/airflow/.local/lib/python3.8/site-packages/airflow/example_dags/example_sensor_decorator.py
[2026-05-16T03:35:15.917+0000] {processor.py:830} INFO - Processing file /home/airflow/.local/lib/python3.8/site-packages/airflow/example_dags/example_sensor_decorator.py for tasks to queue
[2026-05-16T03:35:15.920+0000] {logging_mixin.py:188} INFO - [2026-05-16T03:35:15.919+0000] {dagbag.py:538} INFO - Filling up the DagBag from /home/airflow/.local/lib/python3.8/site-packages/airflow/example_dags/example_sensor_decorator.py
[2026-05-16T03:35:15.932+0000] {processor.py:840} INFO - DAG(s) 'example_sensor_decorator' retrieved from /home/airflow/.local/lib/python3.8/site-packages/airflow/example_dags/example_sensor_decorator.py
[2026-05-16T03:35:15.970+0000] {logging_mixin.py:188} INFO - [2026-05-16T03:35:15.970+0000] {dag.py:3036} INFO - Sync 1 DAGs
[2026-05-16T03:35:15.991+0000] {logging_mixin.py:188} INFO - [2026-05-16T03:35:15.991+0000] {dag.py:3823} INFO - Setting next_dagrun for example_sensor_decorator to None, run_after=None
[2026-05-16T03:35:16.022+0000] {processor.py:183} INFO - Processing /home/airflow/.local/lib/python3.8/site-packages/airflow/example_dags/example_sensor_decorator.py took 0.113 seconds
[2026-05-16T03:35:46.189+0000] {processor.py:161} INFO - Started process (PID=6724) to work on /home/airflow/.local/lib/python3.8/site-packages/airflow/example_dags/example_sensor_decorator.py
[2026-05-16T03:35:46.191+0000] {processor.py:830} INFO - Processing file /home/airflow/.local/lib/python3.8/site-packages/airflow/example_dags/example_sensor_decorator.py for tasks to queue
[2026-05-16T03:35:46.193+0000] {logging_mixin.py:188} INFO - [2026-05-16T03:35:46.193+0000] {dagbag.py:538} INFO - Filling up the DagBag from /home/airflow/.local/lib/python3.8/site-packages/airflow/example_dags/example_sensor_decorator.py
[2026-05-16T03:35:46.202+0000] {processor.py:840} INFO - DAG(s) 'example_sensor_decorator' retrieved from /home/airflow/.local/lib/python3.8/site-packages/airflow/example_dags/example_sensor_decorator.py
[2026-05-16T03:35:46.238+0000] {logging_mixin.py:188} INFO - [2026-05-16T03:35:46.237+0000] {dag.py:3036} INFO - Sync 1 DAGs
[2026-05-16T03:35:46.259+0000] {logging_mixin.py:188} INFO - [2026-05-16T03:35:46.259+0000] {dag.py:3823} INFO - Setting next_dagrun for example_sensor_decorator to None, run_after=None
[2026-05-16T03:35:46.294+0000] {processor.py:183} INFO - Processing /home/airflow/.local/lib/python3.8/site-packages/airflow/example_dags/example_sensor_decorator.py took 0.111 seconds
[2026-05-16T03:36:16.625+0000] {processor.py:161} INFO - Started process (PID=6789) to work on /home/airflow/.local/lib/python3.8/site-packages/airflow/example_dags/example_sensor_decorator.py
[2026-05-16T03:36:16.628+0000] {processor.py:830} INFO - Processing file /home/airflow/.local/lib/python3.8/site-packages/airflow/example_dags/example_sensor_decorator.py for tasks to queue
[2026-05-16T03:36:16.631+0000] {logging_mixin.py:188} INFO - [2026-05-16T03:36:16.630+0000] {dagbag.py:538} INFO - Filling up the DagBag from /home/airflow/.local/lib/python3.8/site-packages/airflow/example_dags/example_sensor_decorator.py
[2026-05-16T03:36:16.642+0000] {processor.py:840} INFO - DAG(s) 'example_sensor_decorator' retrieved from /home/airflow/.local/lib/python3.8/site-packages/airflow/example_dags/example_sensor_decorator.py
[2026-05-16T03:36:16.684+0000] {logging_mixin.py:188} INFO - [2026-05-16T03:36:16.684+0000] {dag.py:3036} INFO - Sync 1 DAGs
[2026-05-16T03:36:16.710+0000] {logging_mixin.py:188} INFO - [2026-05-16T03:36:16.710+0000] {dag.py:3823} INFO - Setting next_dagrun for example_sensor_decorator to None, run_after=None
[2026-05-16T03:36:16.748+0000] {processor.py:183} INFO - Processing /home/airflow/.local/lib/python3.8/site-packages/airflow/example_dags/example_sensor_decorator.py took 0.129 seconds
[2026-05-16T03:36:47.233+0000] {processor.py:161} INFO - Started process (PID=6852) to work on /home/airflow/.local/lib/python3.8/site-packages/airflow/example_dags/example_sensor_decorator.py
[2026-05-16T03:36:47.235+0000] {processor.py:830} INFO - Processing file /home/airflow/.local/lib/python3.8/site-packages/airflow/example_dags/example_sensor_decorator.py for tasks to queue
[2026-05-16T03:36:47.238+0000] {logging_mixin.py:188} INFO - [2026-05-16T03:36:47.237+0000] {dagbag.py:538} INFO - Filling up the DagBag from /home/airflow/.local/lib/python3.8/site-packages/airflow/example_dags/example_sensor_decorator.py
[2026-05-16T03:36:47.249+0000] {processor.py:840} INFO - DAG(s) 'example_sensor_decorator' retrieved from /home/airflow/.local/lib/python3.8/site-packages/airflow/example_dags/example_sensor_decorator.py
[2026-05-16T03:36:47.291+0000] {logging_mixin.py:188} INFO - [2026-05-16T03:36:47.290+0000] {dag.py:3036} INFO - Sync 1 DAGs
[2026-05-16T03:36:47.316+0000] {logging_mixin.py:188} INFO - [2026-05-16T03:36:47.316+0000] {dag.py:3823} INFO - Setting next_dagrun for example_sensor_decorator to None, run_after=None
[2026-05-16T03:36:47.353+0000] {processor.py:183} INFO - Processing /home/airflow/.local/lib/python3.8/site-packages/airflow/example_dags/example_sensor_decorator.py took 0.126 seconds
[2026-05-16T03:37:18.460+0000] {processor.py:161} INFO - Started process (PID=6917) to work on /home/airflow/.local/lib/python3.8/site-packages/airflow/example_dags/example_sensor_decorator.py
[2026-05-16T03:37:18.463+0000] {processor.py:830} INFO - Processing file /home/airflow/.local/lib/python3.8/site-packages/airflow/example_dags/example_sensor_decorator.py for tasks to queue
[2026-05-16T03:37:18.466+0000] {logging_mixin.py:188} INFO - [2026-05-16T03:37:18.465+0000] {dagbag.py:538} INFO - Filling up the DagBag from /home/airflow/.local/lib/python3.8/site-packages/airflow/example_dags/example_sensor_decorator.py
[2026-05-16T03:37:18.478+0000] {processor.py:840} INFO - DAG(s) 'example_sensor_decorator' retrieved from /home/airflow/.local/lib/python3.8/site-packages/airflow/example_dags/example_sensor_decorator.py
[2026-05-16T03:37:18.520+0000] {logging_mixin.py:188} INFO - [2026-05-16T03:37:18.520+0000] {dag.py:3036} INFO - Sync 1 DAGs
[2026-05-16T03:37:18.546+0000] {logging_mixin.py:188} INFO - [2026-05-16T03:37:18.546+0000] {dag.py:3823} INFO - Setting next_dagrun for example_sensor_decorator to None, run_after=None
[2026-05-16T03:37:18.596+0000] {processor.py:183} INFO - Processing /home/airflow/.local/lib/python3.8/site-packages/airflow/example_dags/example_sensor_decorator.py took 0.144 seconds
[2026-05-16T03:37:48.662+0000] {processor.py:161} INFO - Started process (PID=6982) to work on /home/airflow/.local/lib/python3.8/site-packages/airflow/example_dags/example_sensor_decorator.py
[2026-05-16T03:37:48.663+0000] {processor.py:830} INFO - Processing file /home/airflow/.local/lib/python3.8/site-packages/airflow/example_dags/example_sensor_decorator.py for tasks to queue
[2026-05-16T03:37:48.665+0000] {logging_mixin.py:188} INFO - [2026-05-16T03:37:48.665+0000] {dagbag.py:538} INFO - Filling up the DagBag from /home/airflow/.local/lib/python3.8/site-packages/airflow/example_dags/example_sensor_decorator.py
[2026-05-16T03:37:48.675+0000] {processor.py:840} INFO - DAG(s) 'example_sensor_decorator' retrieved from /home/airflow/.local/lib/python3.8/site-packages/airflow/example_dags/example_sensor_decorator.py
[2026-05-16T03:37:48.713+0000] {logging_mixin.py:188} INFO - [2026-05-16T03:37:48.713+0000] {dag.py:3036} INFO - Sync 1 DAGs
[2026-05-16T03:37:48.736+0000] {logging_mixin.py:188} INFO - [2026-05-16T03:37:48.735+0000] {dag.py:3823} INFO - Setting next_dagrun for example_sensor_decorator to None, run_after=None
[2026-05-16T03:37:48.765+0000] {processor.py:183} INFO - Processing /home/airflow/.local/lib/python3.8/site-packages/airflow/example_dags/example_sensor_decorator.py took 0.110 seconds
[2026-05-16T03:38:18.898+0000] {processor.py:161} INFO - Started process (PID=7045) to work on /home/airflow/.local/lib/python3.8/site-packages/airflow/example_dags/example_sensor_decorator.py
[2026-05-16T03:38:18.900+0000] {processor.py:830} INFO - Processing file /home/airflow/.local/lib/python3.8/site-packages/airflow/example_dags/example_sensor_decorator.py for tasks to queue
[2026-05-16T03:38:18.902+0000] {logging_mixin.py:188} INFO - [2026-05-16T03:38:18.902+0000] {dagbag.py:538} INFO - Filling up the DagBag from /home/airflow/.local/lib/python3.8/site-packages/airflow/example_dags/example_sensor_decorator.py
[2026-05-16T03:38:18.911+0000] {processor.py:840} INFO - DAG(s) 'example_sensor_decorator' retrieved from /home/airflow/.local/lib/python3.8/site-packages/airflow/example_dags/example_sensor_decorator.py
[2026-05-16T03:38:18.948+0000] {logging_mixin.py:188} INFO - [2026-05-16T03:38:18.947+0000] {dag.py:3036} INFO - Sync 1 DAGs
[2026-05-16T03:38:18.967+0000] {logging_mixin.py:188} INFO - [2026-05-16T03:38:18.967+0000] {dag.py:3823} INFO - Setting next_dagrun for example_sensor_decorator to None, run_after=None
[2026-05-16T03:38:19.000+0000] {processor.py:183} INFO - Processing /home/airflow/.local/lib/python3.8/site-packages/airflow/example_dags/example_sensor_decorator.py took 0.107 seconds
[2026-05-16T03:38:49.523+0000] {processor.py:161} INFO - Started process (PID=7110) to work on /home/airflow/.local/lib/python3.8/site-packages/airflow/example_dags/example_sensor_decorator.py
[2026-05-16T03:38:49.524+0000] {processor.py:830} INFO - Processing file /home/airflow/.local/lib/python3.8/site-packages/airflow/example_dags/example_sensor_decorator.py for tasks to queue
[2026-05-16T03:38:49.528+0000] {logging_mixin.py:188} INFO - [2026-05-16T03:38:49.527+0000] {dagbag.py:538} INFO - Filling up the DagBag from /home/airflow/.local/lib/python3.8/site-packages/airflow/example_dags/example_sensor_decorator.py
[2026-05-16T03:38:49.537+0000] {processor.py:840} INFO - DAG(s) 'example_sensor_decorator' retrieved from /home/airflow/.local/lib/python3.8/site-packages/airflow/example_dags/example_sensor_decorator.py
[2026-05-16T03:38:49.578+0000] {logging_mixin.py:188} INFO - [2026-05-16T03:38:49.578+0000] {dag.py:3036} INFO - Sync 1 DAGs
[2026-05-16T03:38:49.600+0000] {logging_mixin.py:188} INFO - [2026-05-16T03:38:49.600+0000] {dag.py:3823} INFO - Setting next_dagrun for example_sensor_decorator to None, run_after=None
[2026-05-16T03:38:49.632+0000] {processor.py:183} INFO - Processing /home/airflow/.local/lib/python3.8/site-packages/airflow/example_dags/example_sensor_decorator.py took 0.115 seconds
[2026-05-16T03:39:20.222+0000] {processor.py:161} INFO - Started process (PID=7182) to work on /home/airflow/.local/lib/python3.8/site-packages/airflow/example_dags/example_sensor_decorator.py
[2026-05-16T03:39:20.229+0000] {processor.py:830} INFO - Processing file /home/airflow/.local/lib/python3.8/site-packages/airflow/example_dags/example_sensor_decorator.py for tasks to queue
[2026-05-16T03:39:20.232+0000] {logging_mixin.py:188} INFO - [2026-05-16T03:39:20.231+0000] {dagbag.py:538} INFO - Filling up the DagBag from /home/airflow/.local/lib/python3.8/site-packages/airflow/example_dags/example_sensor_decorator.py
[2026-05-16T03:39:20.243+0000] {processor.py:840} INFO - DAG(s) 'example_sensor_decorator' retrieved from /home/airflow/.local/lib/python3.8/site-packages/airflow/example_dags/example_sensor_decorator.py
[2026-05-16T03:39:20.284+0000] {logging_mixin.py:188} INFO - [2026-05-16T03:39:20.284+0000] {dag.py:3036} INFO - Sync 1 DAGs
[2026-05-16T03:39:20.310+0000] {logging_mixin.py:188} INFO - [2026-05-16T03:39:20.309+0000] {dag.py:3823} INFO - Setting next_dagrun for example_sensor_decorator to None, run_after=None
[2026-05-16T03:39:20.344+0000] {processor.py:183} INFO - Processing /home/airflow/.local/lib/python3.8/site-packages/airflow/example_dags/example_sensor_decorator.py took 0.127 seconds
