[2026-05-16T02:44:16.369+0000] {processor.py:161} INFO - Started process (PID=72) to work on /home/airflow/.local/lib/python3.8/site-packages/airflow/example_dags/example_task_group.py
[2026-05-16T02:44:16.370+0000] {processor.py:830} INFO - Processing file /home/airflow/.local/lib/python3.8/site-packages/airflow/example_dags/example_task_group.py for tasks to queue
[2026-05-16T02:44:16.374+0000] {logging_mixin.py:188} INFO - [2026-05-16T02:44:16.373+0000] {dagbag.py:538} INFO - Filling up the DagBag from /home/airflow/.local/lib/python3.8/site-packages/airflow/example_dags/example_task_group.py
[2026-05-16T02:44:16.389+0000] {processor.py:840} INFO - DAG(s) 'example_task_group' retrieved from /home/airflow/.local/lib/python3.8/site-packages/airflow/example_dags/example_task_group.py
[2026-05-16T02:44:16.766+0000] {logging_mixin.py:188} INFO - [2026-05-16T02:44:16.765+0000] {dag.py:3036} INFO - Sync 1 DAGs
[2026-05-16T02:44:16.808+0000] {logging_mixin.py:188} INFO - [2026-05-16T02:44:16.808+0000] {dag.py:3823} INFO - Setting next_dagrun for example_task_group to 2026-05-15 00:00:00+00:00, run_after=2026-05-16 00:00:00+00:00
[2026-05-16T02:44:16.847+0000] {processor.py:183} INFO - Processing /home/airflow/.local/lib/python3.8/site-packages/airflow/example_dags/example_task_group.py took 0.484 seconds
[2026-05-16T02:44:47.130+0000] {processor.py:161} INFO - Started process (PID=138) to work on /home/airflow/.local/lib/python3.8/site-packages/airflow/example_dags/example_task_group.py
[2026-05-16T02:44:47.131+0000] {processor.py:830} INFO - Processing file /home/airflow/.local/lib/python3.8/site-packages/airflow/example_dags/example_task_group.py for tasks to queue
[2026-05-16T02:44:47.134+0000] {logging_mixin.py:188} INFO - [2026-05-16T02:44:47.134+0000] {dagbag.py:538} INFO - Filling up the DagBag from /home/airflow/.local/lib/python3.8/site-packages/airflow/example_dags/example_task_group.py
[2026-05-16T02:44:47.153+0000] {processor.py:840} INFO - DAG(s) 'example_task_group' retrieved from /home/airflow/.local/lib/python3.8/site-packages/airflow/example_dags/example_task_group.py
[2026-05-16T02:44:47.203+0000] {logging_mixin.py:188} INFO - [2026-05-16T02:44:47.202+0000] {dag.py:3036} INFO - Sync 1 DAGs
[2026-05-16T02:44:47.238+0000] {logging_mixin.py:188} INFO - [2026-05-16T02:44:47.238+0000] {dag.py:3823} INFO - Setting next_dagrun for example_task_group to 2026-05-15 00:00:00+00:00, run_after=2026-05-16 00:00:00+00:00
[2026-05-16T02:44:47.269+0000] {processor.py:183} INFO - Processing /home/airflow/.local/lib/python3.8/site-packages/airflow/example_dags/example_task_group.py took 0.148 seconds
[2026-05-16T02:45:17.339+0000] {processor.py:161} INFO - Started process (PID=203) to work on /home/airflow/.local/lib/python3.8/site-packages/airflow/example_dags/example_task_group.py
[2026-05-16T02:45:17.341+0000] {processor.py:830} INFO - Processing file /home/airflow/.local/lib/python3.8/site-packages/airflow/example_dags/example_task_group.py for tasks to queue
[2026-05-16T02:45:17.343+0000] {logging_mixin.py:188} INFO - [2026-05-16T02:45:17.343+0000] {dagbag.py:538} INFO - Filling up the DagBag from /home/airflow/.local/lib/python3.8/site-packages/airflow/example_dags/example_task_group.py
[2026-05-16T02:45:17.356+0000] {processor.py:840} INFO - DAG(s) 'example_task_group' retrieved from /home/airflow/.local/lib/python3.8/site-packages/airflow/example_dags/example_task_group.py
[2026-05-16T02:45:17.398+0000] {logging_mixin.py:188} INFO - [2026-05-16T02:45:17.398+0000] {dag.py:3036} INFO - Sync 1 DAGs
[2026-05-16T02:45:17.438+0000] {logging_mixin.py:188} INFO - [2026-05-16T02:45:17.438+0000] {dag.py:3823} INFO - Setting next_dagrun for example_task_group to 2026-05-15 00:00:00+00:00, run_after=2026-05-16 00:00:00+00:00
[2026-05-16T02:45:17.479+0000] {processor.py:183} INFO - Processing /home/airflow/.local/lib/python3.8/site-packages/airflow/example_dags/example_task_group.py took 0.146 seconds
[2026-05-16T02:45:47.671+0000] {processor.py:161} INFO - Started process (PID=267) to work on /home/airflow/.local/lib/python3.8/site-packages/airflow/example_dags/example_task_group.py
[2026-05-16T02:45:47.672+0000] {processor.py:830} INFO - Processing file /home/airflow/.local/lib/python3.8/site-packages/airflow/example_dags/example_task_group.py for tasks to queue
[2026-05-16T02:45:47.675+0000] {logging_mixin.py:188} INFO - [2026-05-16T02:45:47.674+0000] {dagbag.py:538} INFO - Filling up the DagBag from /home/airflow/.local/lib/python3.8/site-packages/airflow/example_dags/example_task_group.py
[2026-05-16T02:45:47.690+0000] {processor.py:840} INFO - DAG(s) 'example_task_group' retrieved from /home/airflow/.local/lib/python3.8/site-packages/airflow/example_dags/example_task_group.py
[2026-05-16T02:45:47.737+0000] {logging_mixin.py:188} INFO - [2026-05-16T02:45:47.736+0000] {dag.py:3036} INFO - Sync 1 DAGs
[2026-05-16T02:45:47.795+0000] {logging_mixin.py:188} INFO - [2026-05-16T02:45:47.795+0000] {dag.py:3823} INFO - Setting next_dagrun for example_task_group to 2026-05-15 00:00:00+00:00, run_after=2026-05-16 00:00:00+00:00
[2026-05-16T02:45:47.831+0000] {processor.py:183} INFO - Processing /home/airflow/.local/lib/python3.8/site-packages/airflow/example_dags/example_task_group.py took 0.166 seconds
[2026-05-16T02:46:17.893+0000] {processor.py:161} INFO - Started process (PID=332) to work on /home/airflow/.local/lib/python3.8/site-packages/airflow/example_dags/example_task_group.py
[2026-05-16T02:46:17.895+0000] {processor.py:830} INFO - Processing file /home/airflow/.local/lib/python3.8/site-packages/airflow/example_dags/example_task_group.py for tasks to queue
[2026-05-16T02:46:17.898+0000] {logging_mixin.py:188} INFO - [2026-05-16T02:46:17.898+0000] {dagbag.py:538} INFO - Filling up the DagBag from /home/airflow/.local/lib/python3.8/site-packages/airflow/example_dags/example_task_group.py
[2026-05-16T02:46:17.910+0000] {processor.py:840} INFO - DAG(s) 'example_task_group' retrieved from /home/airflow/.local/lib/python3.8/site-packages/airflow/example_dags/example_task_group.py
[2026-05-16T02:46:17.954+0000] {logging_mixin.py:188} INFO - [2026-05-16T02:46:17.954+0000] {dag.py:3036} INFO - Sync 1 DAGs
[2026-05-16T02:46:17.995+0000] {logging_mixin.py:188} INFO - [2026-05-16T02:46:17.995+0000] {dag.py:3823} INFO - Setting next_dagrun for example_task_group to 2026-05-15 00:00:00+00:00, run_after=2026-05-16 00:00:00+00:00
[2026-05-16T02:46:18.031+0000] {processor.py:183} INFO - Processing /home/airflow/.local/lib/python3.8/site-packages/airflow/example_dags/example_task_group.py took 0.144 seconds
[2026-05-16T02:46:48.269+0000] {processor.py:161} INFO - Started process (PID=396) to work on /home/airflow/.local/lib/python3.8/site-packages/airflow/example_dags/example_task_group.py
[2026-05-16T02:46:48.270+0000] {processor.py:830} INFO - Processing file /home/airflow/.local/lib/python3.8/site-packages/airflow/example_dags/example_task_group.py for tasks to queue
[2026-05-16T02:46:48.273+0000] {logging_mixin.py:188} INFO - [2026-05-16T02:46:48.273+0000] {dagbag.py:538} INFO - Filling up the DagBag from /home/airflow/.local/lib/python3.8/site-packages/airflow/example_dags/example_task_group.py
[2026-05-16T02:46:48.285+0000] {processor.py:840} INFO - DAG(s) 'example_task_group' retrieved from /home/airflow/.local/lib/python3.8/site-packages/airflow/example_dags/example_task_group.py
[2026-05-16T02:46:48.328+0000] {logging_mixin.py:188} INFO - [2026-05-16T02:46:48.327+0000] {dag.py:3036} INFO - Sync 1 DAGs
[2026-05-16T02:46:48.366+0000] {logging_mixin.py:188} INFO - [2026-05-16T02:46:48.366+0000] {dag.py:3823} INFO - Setting next_dagrun for example_task_group to 2026-05-15 00:00:00+00:00, run_after=2026-05-16 00:00:00+00:00
[2026-05-16T02:46:48.397+0000] {processor.py:183} INFO - Processing /home/airflow/.local/lib/python3.8/site-packages/airflow/example_dags/example_task_group.py took 0.133 seconds
[2026-05-16T02:47:18.635+0000] {processor.py:161} INFO - Started process (PID=460) to work on /home/airflow/.local/lib/python3.8/site-packages/airflow/example_dags/example_task_group.py
[2026-05-16T02:47:18.637+0000] {processor.py:830} INFO - Processing file /home/airflow/.local/lib/python3.8/site-packages/airflow/example_dags/example_task_group.py for tasks to queue
[2026-05-16T02:47:18.640+0000] {logging_mixin.py:188} INFO - [2026-05-16T02:47:18.639+0000] {dagbag.py:538} INFO - Filling up the DagBag from /home/airflow/.local/lib/python3.8/site-packages/airflow/example_dags/example_task_group.py
[2026-05-16T02:47:18.652+0000] {processor.py:840} INFO - DAG(s) 'example_task_group' retrieved from /home/airflow/.local/lib/python3.8/site-packages/airflow/example_dags/example_task_group.py
[2026-05-16T02:47:18.695+0000] {logging_mixin.py:188} INFO - [2026-05-16T02:47:18.695+0000] {dag.py:3036} INFO - Sync 1 DAGs
[2026-05-16T02:47:18.740+0000] {logging_mixin.py:188} INFO - [2026-05-16T02:47:18.740+0000] {dag.py:3823} INFO - Setting next_dagrun for example_task_group to 2026-05-15 00:00:00+00:00, run_after=2026-05-16 00:00:00+00:00
[2026-05-16T02:47:18.774+0000] {processor.py:183} INFO - Processing /home/airflow/.local/lib/python3.8/site-packages/airflow/example_dags/example_task_group.py took 0.144 seconds
[2026-05-16T02:47:49.374+0000] {processor.py:161} INFO - Started process (PID=525) to work on /home/airflow/.local/lib/python3.8/site-packages/airflow/example_dags/example_task_group.py
[2026-05-16T02:47:49.375+0000] {processor.py:830} INFO - Processing file /home/airflow/.local/lib/python3.8/site-packages/airflow/example_dags/example_task_group.py for tasks to queue
[2026-05-16T02:47:49.378+0000] {logging_mixin.py:188} INFO - [2026-05-16T02:47:49.377+0000] {dagbag.py:538} INFO - Filling up the DagBag from /home/airflow/.local/lib/python3.8/site-packages/airflow/example_dags/example_task_group.py
[2026-05-16T02:47:49.390+0000] {processor.py:840} INFO - DAG(s) 'example_task_group' retrieved from /home/airflow/.local/lib/python3.8/site-packages/airflow/example_dags/example_task_group.py
[2026-05-16T02:47:49.432+0000] {logging_mixin.py:188} INFO - [2026-05-16T02:47:49.431+0000] {dag.py:3036} INFO - Sync 1 DAGs
[2026-05-16T02:47:49.469+0000] {logging_mixin.py:188} INFO - [2026-05-16T02:47:49.469+0000] {dag.py:3823} INFO - Setting next_dagrun for example_task_group to 2026-05-15 00:00:00+00:00, run_after=2026-05-16 00:00:00+00:00
[2026-05-16T02:47:49.502+0000] {processor.py:183} INFO - Processing /home/airflow/.local/lib/python3.8/site-packages/airflow/example_dags/example_task_group.py took 0.133 seconds
[2026-05-16T02:48:19.709+0000] {processor.py:161} INFO - Started process (PID=591) to work on /home/airflow/.local/lib/python3.8/site-packages/airflow/example_dags/example_task_group.py
[2026-05-16T02:48:19.711+0000] {processor.py:830} INFO - Processing file /home/airflow/.local/lib/python3.8/site-packages/airflow/example_dags/example_task_group.py for tasks to queue
[2026-05-16T02:48:19.714+0000] {logging_mixin.py:188} INFO - [2026-05-16T02:48:19.714+0000] {dagbag.py:538} INFO - Filling up the DagBag from /home/airflow/.local/lib/python3.8/site-packages/airflow/example_dags/example_task_group.py
[2026-05-16T02:48:19.727+0000] {processor.py:840} INFO - DAG(s) 'example_task_group' retrieved from /home/airflow/.local/lib/python3.8/site-packages/airflow/example_dags/example_task_group.py
[2026-05-16T02:48:19.772+0000] {logging_mixin.py:188} INFO - [2026-05-16T02:48:19.771+0000] {dag.py:3036} INFO - Sync 1 DAGs
[2026-05-16T02:48:19.816+0000] {logging_mixin.py:188} INFO - [2026-05-16T02:48:19.816+0000] {dag.py:3823} INFO - Setting next_dagrun for example_task_group to 2026-05-15 00:00:00+00:00, run_after=2026-05-16 00:00:00+00:00
[2026-05-16T02:48:19.849+0000] {processor.py:183} INFO - Processing /home/airflow/.local/lib/python3.8/site-packages/airflow/example_dags/example_task_group.py took 0.146 seconds
[2026-05-16T02:48:50.120+0000] {processor.py:161} INFO - Started process (PID=656) to work on /home/airflow/.local/lib/python3.8/site-packages/airflow/example_dags/example_task_group.py
[2026-05-16T02:48:50.121+0000] {processor.py:830} INFO - Processing file /home/airflow/.local/lib/python3.8/site-packages/airflow/example_dags/example_task_group.py for tasks to queue
[2026-05-16T02:48:50.123+0000] {logging_mixin.py:188} INFO - [2026-05-16T02:48:50.123+0000] {dagbag.py:538} INFO - Filling up the DagBag from /home/airflow/.local/lib/python3.8/site-packages/airflow/example_dags/example_task_group.py
[2026-05-16T02:48:50.134+0000] {processor.py:840} INFO - DAG(s) 'example_task_group' retrieved from /home/airflow/.local/lib/python3.8/site-packages/airflow/example_dags/example_task_group.py
[2026-05-16T02:48:50.176+0000] {logging_mixin.py:188} INFO - [2026-05-16T02:48:50.176+0000] {dag.py:3036} INFO - Sync 1 DAGs
[2026-05-16T02:48:50.219+0000] {logging_mixin.py:188} INFO - [2026-05-16T02:48:50.219+0000] {dag.py:3823} INFO - Setting next_dagrun for example_task_group to 2026-05-15 00:00:00+00:00, run_after=2026-05-16 00:00:00+00:00
[2026-05-16T02:48:50.251+0000] {processor.py:183} INFO - Processing /home/airflow/.local/lib/python3.8/site-packages/airflow/example_dags/example_task_group.py took 0.136 seconds
[2026-05-16T02:49:20.565+0000] {processor.py:161} INFO - Started process (PID=720) to work on /home/airflow/.local/lib/python3.8/site-packages/airflow/example_dags/example_task_group.py
[2026-05-16T02:49:20.567+0000] {processor.py:830} INFO - Processing file /home/airflow/.local/lib/python3.8/site-packages/airflow/example_dags/example_task_group.py for tasks to queue
[2026-05-16T02:49:20.570+0000] {logging_mixin.py:188} INFO - [2026-05-16T02:49:20.569+0000] {dagbag.py:538} INFO - Filling up the DagBag from /home/airflow/.local/lib/python3.8/site-packages/airflow/example_dags/example_task_group.py
[2026-05-16T02:49:20.584+0000] {processor.py:840} INFO - DAG(s) 'example_task_group' retrieved from /home/airflow/.local/lib/python3.8/site-packages/airflow/example_dags/example_task_group.py
[2026-05-16T02:49:20.631+0000] {logging_mixin.py:188} INFO - [2026-05-16T02:49:20.630+0000] {dag.py:3036} INFO - Sync 1 DAGs
[2026-05-16T02:49:20.674+0000] {logging_mixin.py:188} INFO - [2026-05-16T02:49:20.674+0000] {dag.py:3823} INFO - Setting next_dagrun for example_task_group to 2026-05-15 00:00:00+00:00, run_after=2026-05-16 00:00:00+00:00
[2026-05-16T02:49:20.710+0000] {processor.py:183} INFO - Processing /home/airflow/.local/lib/python3.8/site-packages/airflow/example_dags/example_task_group.py took 0.151 seconds
[2026-05-16T02:49:50.768+0000] {processor.py:161} INFO - Started process (PID=785) to work on /home/airflow/.local/lib/python3.8/site-packages/airflow/example_dags/example_task_group.py
[2026-05-16T02:49:50.769+0000] {processor.py:830} INFO - Processing file /home/airflow/.local/lib/python3.8/site-packages/airflow/example_dags/example_task_group.py for tasks to queue
[2026-05-16T02:49:50.772+0000] {logging_mixin.py:188} INFO - [2026-05-16T02:49:50.771+0000] {dagbag.py:538} INFO - Filling up the DagBag from /home/airflow/.local/lib/python3.8/site-packages/airflow/example_dags/example_task_group.py
[2026-05-16T02:49:50.783+0000] {processor.py:840} INFO - DAG(s) 'example_task_group' retrieved from /home/airflow/.local/lib/python3.8/site-packages/airflow/example_dags/example_task_group.py
[2026-05-16T02:49:50.826+0000] {logging_mixin.py:188} INFO - [2026-05-16T02:49:50.826+0000] {dag.py:3036} INFO - Sync 1 DAGs
[2026-05-16T02:49:50.864+0000] {logging_mixin.py:188} INFO - [2026-05-16T02:49:50.863+0000] {dag.py:3823} INFO - Setting next_dagrun for example_task_group to 2026-05-15 00:00:00+00:00, run_after=2026-05-16 00:00:00+00:00
[2026-05-16T02:49:50.894+0000] {processor.py:183} INFO - Processing /home/airflow/.local/lib/python3.8/site-packages/airflow/example_dags/example_task_group.py took 0.131 seconds
[2026-05-16T02:50:21.127+0000] {processor.py:161} INFO - Started process (PID=855) to work on /home/airflow/.local/lib/python3.8/site-packages/airflow/example_dags/example_task_group.py
[2026-05-16T02:50:21.130+0000] {processor.py:830} INFO - Processing file /home/airflow/.local/lib/python3.8/site-packages/airflow/example_dags/example_task_group.py for tasks to queue
[2026-05-16T02:50:21.133+0000] {logging_mixin.py:188} INFO - [2026-05-16T02:50:21.132+0000] {dagbag.py:538} INFO - Filling up the DagBag from /home/airflow/.local/lib/python3.8/site-packages/airflow/example_dags/example_task_group.py
[2026-05-16T02:50:21.147+0000] {processor.py:840} INFO - DAG(s) 'example_task_group' retrieved from /home/airflow/.local/lib/python3.8/site-packages/airflow/example_dags/example_task_group.py
[2026-05-16T02:50:21.193+0000] {logging_mixin.py:188} INFO - [2026-05-16T02:50:21.193+0000] {dag.py:3036} INFO - Sync 1 DAGs
[2026-05-16T02:50:21.238+0000] {logging_mixin.py:188} INFO - [2026-05-16T02:50:21.238+0000] {dag.py:3823} INFO - Setting next_dagrun for example_task_group to 2026-05-15 00:00:00+00:00, run_after=2026-05-16 00:00:00+00:00
[2026-05-16T02:50:21.272+0000] {processor.py:183} INFO - Processing /home/airflow/.local/lib/python3.8/site-packages/airflow/example_dags/example_task_group.py took 0.151 seconds
[2026-05-16T02:50:51.631+0000] {processor.py:161} INFO - Started process (PID=921) to work on /home/airflow/.local/lib/python3.8/site-packages/airflow/example_dags/example_task_group.py
[2026-05-16T02:50:51.632+0000] {processor.py:830} INFO - Processing file /home/airflow/.local/lib/python3.8/site-packages/airflow/example_dags/example_task_group.py for tasks to queue
[2026-05-16T02:50:51.635+0000] {logging_mixin.py:188} INFO - [2026-05-16T02:50:51.635+0000] {dagbag.py:538} INFO - Filling up the DagBag from /home/airflow/.local/lib/python3.8/site-packages/airflow/example_dags/example_task_group.py
[2026-05-16T02:50:51.650+0000] {processor.py:840} INFO - DAG(s) 'example_task_group' retrieved from /home/airflow/.local/lib/python3.8/site-packages/airflow/example_dags/example_task_group.py
[2026-05-16T02:50:51.698+0000] {logging_mixin.py:188} INFO - [2026-05-16T02:50:51.698+0000] {dag.py:3036} INFO - Sync 1 DAGs
[2026-05-16T02:50:51.745+0000] {logging_mixin.py:188} INFO - [2026-05-16T02:50:51.744+0000] {dag.py:3823} INFO - Setting next_dagrun for example_task_group to 2026-05-15 00:00:00+00:00, run_after=2026-05-16 00:00:00+00:00
[2026-05-16T02:50:51.777+0000] {processor.py:183} INFO - Processing /home/airflow/.local/lib/python3.8/site-packages/airflow/example_dags/example_task_group.py took 0.153 seconds
[2026-05-16T02:51:22.833+0000] {processor.py:161} INFO - Started process (PID=985) to work on /home/airflow/.local/lib/python3.8/site-packages/airflow/example_dags/example_task_group.py
[2026-05-16T02:51:22.835+0000] {processor.py:830} INFO - Processing file /home/airflow/.local/lib/python3.8/site-packages/airflow/example_dags/example_task_group.py for tasks to queue
[2026-05-16T02:51:22.838+0000] {logging_mixin.py:188} INFO - [2026-05-16T02:51:22.837+0000] {dagbag.py:538} INFO - Filling up the DagBag from /home/airflow/.local/lib/python3.8/site-packages/airflow/example_dags/example_task_group.py
[2026-05-16T02:51:22.852+0000] {processor.py:840} INFO - DAG(s) 'example_task_group' retrieved from /home/airflow/.local/lib/python3.8/site-packages/airflow/example_dags/example_task_group.py
[2026-05-16T02:51:22.895+0000] {logging_mixin.py:188} INFO - [2026-05-16T02:51:22.895+0000] {dag.py:3036} INFO - Sync 1 DAGs
[2026-05-16T02:51:22.936+0000] {logging_mixin.py:188} INFO - [2026-05-16T02:51:22.936+0000] {dag.py:3823} INFO - Setting next_dagrun for example_task_group to 2026-05-15 00:00:00+00:00, run_after=2026-05-16 00:00:00+00:00
[2026-05-16T02:51:22.966+0000] {processor.py:183} INFO - Processing /home/airflow/.local/lib/python3.8/site-packages/airflow/example_dags/example_task_group.py took 0.139 seconds
[2026-05-16T02:51:53.099+0000] {processor.py:161} INFO - Started process (PID=1050) to work on /home/airflow/.local/lib/python3.8/site-packages/airflow/example_dags/example_task_group.py
[2026-05-16T02:51:53.100+0000] {processor.py:830} INFO - Processing file /home/airflow/.local/lib/python3.8/site-packages/airflow/example_dags/example_task_group.py for tasks to queue
[2026-05-16T02:51:53.102+0000] {logging_mixin.py:188} INFO - [2026-05-16T02:51:53.102+0000] {dagbag.py:538} INFO - Filling up the DagBag from /home/airflow/.local/lib/python3.8/site-packages/airflow/example_dags/example_task_group.py
[2026-05-16T02:51:53.113+0000] {processor.py:840} INFO - DAG(s) 'example_task_group' retrieved from /home/airflow/.local/lib/python3.8/site-packages/airflow/example_dags/example_task_group.py
[2026-05-16T02:51:53.149+0000] {logging_mixin.py:188} INFO - [2026-05-16T02:51:53.149+0000] {dag.py:3036} INFO - Sync 1 DAGs
[2026-05-16T02:51:53.184+0000] {logging_mixin.py:188} INFO - [2026-05-16T02:51:53.183+0000] {dag.py:3823} INFO - Setting next_dagrun for example_task_group to 2026-05-15 00:00:00+00:00, run_after=2026-05-16 00:00:00+00:00
[2026-05-16T02:51:53.210+0000] {processor.py:183} INFO - Processing /home/airflow/.local/lib/python3.8/site-packages/airflow/example_dags/example_task_group.py took 0.117 seconds
[2026-05-16T02:52:23.404+0000] {processor.py:161} INFO - Started process (PID=1115) to work on /home/airflow/.local/lib/python3.8/site-packages/airflow/example_dags/example_task_group.py
[2026-05-16T02:52:23.405+0000] {processor.py:830} INFO - Processing file /home/airflow/.local/lib/python3.8/site-packages/airflow/example_dags/example_task_group.py for tasks to queue
[2026-05-16T02:52:23.408+0000] {logging_mixin.py:188} INFO - [2026-05-16T02:52:23.408+0000] {dagbag.py:538} INFO - Filling up the DagBag from /home/airflow/.local/lib/python3.8/site-packages/airflow/example_dags/example_task_group.py
[2026-05-16T02:52:23.419+0000] {processor.py:840} INFO - DAG(s) 'example_task_group' retrieved from /home/airflow/.local/lib/python3.8/site-packages/airflow/example_dags/example_task_group.py
[2026-05-16T02:52:23.458+0000] {logging_mixin.py:188} INFO - [2026-05-16T02:52:23.457+0000] {dag.py:3036} INFO - Sync 1 DAGs
[2026-05-16T02:52:23.492+0000] {logging_mixin.py:188} INFO - [2026-05-16T02:52:23.491+0000] {dag.py:3823} INFO - Setting next_dagrun for example_task_group to 2026-05-15 00:00:00+00:00, run_after=2026-05-16 00:00:00+00:00
[2026-05-16T02:52:23.520+0000] {processor.py:183} INFO - Processing /home/airflow/.local/lib/python3.8/site-packages/airflow/example_dags/example_task_group.py took 0.121 seconds
[2026-05-16T02:52:53.962+0000] {processor.py:161} INFO - Started process (PID=1181) to work on /home/airflow/.local/lib/python3.8/site-packages/airflow/example_dags/example_task_group.py
[2026-05-16T02:52:53.963+0000] {processor.py:830} INFO - Processing file /home/airflow/.local/lib/python3.8/site-packages/airflow/example_dags/example_task_group.py for tasks to queue
[2026-05-16T02:52:53.966+0000] {logging_mixin.py:188} INFO - [2026-05-16T02:52:53.965+0000] {dagbag.py:538} INFO - Filling up the DagBag from /home/airflow/.local/lib/python3.8/site-packages/airflow/example_dags/example_task_group.py
[2026-05-16T02:52:53.979+0000] {processor.py:840} INFO - DAG(s) 'example_task_group' retrieved from /home/airflow/.local/lib/python3.8/site-packages/airflow/example_dags/example_task_group.py
[2026-05-16T02:52:54.022+0000] {logging_mixin.py:188} INFO - [2026-05-16T02:52:54.022+0000] {dag.py:3036} INFO - Sync 1 DAGs
[2026-05-16T02:52:54.062+0000] {logging_mixin.py:188} INFO - [2026-05-16T02:52:54.062+0000] {dag.py:3823} INFO - Setting next_dagrun for example_task_group to 2026-05-15 00:00:00+00:00, run_after=2026-05-16 00:00:00+00:00
[2026-05-16T02:52:54.094+0000] {processor.py:183} INFO - Processing /home/airflow/.local/lib/python3.8/site-packages/airflow/example_dags/example_task_group.py took 0.138 seconds
[2026-05-16T02:53:24.403+0000] {processor.py:161} INFO - Started process (PID=1246) to work on /home/airflow/.local/lib/python3.8/site-packages/airflow/example_dags/example_task_group.py
[2026-05-16T02:53:24.405+0000] {processor.py:830} INFO - Processing file /home/airflow/.local/lib/python3.8/site-packages/airflow/example_dags/example_task_group.py for tasks to queue
[2026-05-16T02:53:24.408+0000] {logging_mixin.py:188} INFO - [2026-05-16T02:53:24.408+0000] {dagbag.py:538} INFO - Filling up the DagBag from /home/airflow/.local/lib/python3.8/site-packages/airflow/example_dags/example_task_group.py
[2026-05-16T02:53:24.422+0000] {processor.py:840} INFO - DAG(s) 'example_task_group' retrieved from /home/airflow/.local/lib/python3.8/site-packages/airflow/example_dags/example_task_group.py
[2026-05-16T02:53:24.475+0000] {logging_mixin.py:188} INFO - [2026-05-16T02:53:24.475+0000] {dag.py:3036} INFO - Sync 1 DAGs
[2026-05-16T02:53:24.521+0000] {logging_mixin.py:188} INFO - [2026-05-16T02:53:24.520+0000] {dag.py:3823} INFO - Setting next_dagrun for example_task_group to 2026-05-15 00:00:00+00:00, run_after=2026-05-16 00:00:00+00:00
[2026-05-16T02:53:24.559+0000] {processor.py:183} INFO - Processing /home/airflow/.local/lib/python3.8/site-packages/airflow/example_dags/example_task_group.py took 0.163 seconds
[2026-05-16T02:53:54.671+0000] {processor.py:161} INFO - Started process (PID=1310) to work on /home/airflow/.local/lib/python3.8/site-packages/airflow/example_dags/example_task_group.py
[2026-05-16T02:53:54.673+0000] {processor.py:830} INFO - Processing file /home/airflow/.local/lib/python3.8/site-packages/airflow/example_dags/example_task_group.py for tasks to queue
[2026-05-16T02:53:54.675+0000] {logging_mixin.py:188} INFO - [2026-05-16T02:53:54.675+0000] {dagbag.py:538} INFO - Filling up the DagBag from /home/airflow/.local/lib/python3.8/site-packages/airflow/example_dags/example_task_group.py
[2026-05-16T02:53:54.687+0000] {processor.py:840} INFO - DAG(s) 'example_task_group' retrieved from /home/airflow/.local/lib/python3.8/site-packages/airflow/example_dags/example_task_group.py
[2026-05-16T02:53:54.725+0000] {logging_mixin.py:188} INFO - [2026-05-16T02:53:54.725+0000] {dag.py:3036} INFO - Sync 1 DAGs
[2026-05-16T02:53:54.760+0000] {logging_mixin.py:188} INFO - [2026-05-16T02:53:54.759+0000] {dag.py:3823} INFO - Setting next_dagrun for example_task_group to 2026-05-15 00:00:00+00:00, run_after=2026-05-16 00:00:00+00:00
[2026-05-16T02:53:54.788+0000] {processor.py:183} INFO - Processing /home/airflow/.local/lib/python3.8/site-packages/airflow/example_dags/example_task_group.py took 0.122 seconds
[2026-05-16T02:54:25.153+0000] {processor.py:161} INFO - Started process (PID=1375) to work on /home/airflow/.local/lib/python3.8/site-packages/airflow/example_dags/example_task_group.py
[2026-05-16T02:54:25.155+0000] {processor.py:830} INFO - Processing file /home/airflow/.local/lib/python3.8/site-packages/airflow/example_dags/example_task_group.py for tasks to queue
[2026-05-16T02:54:25.158+0000] {logging_mixin.py:188} INFO - [2026-05-16T02:54:25.158+0000] {dagbag.py:538} INFO - Filling up the DagBag from /home/airflow/.local/lib/python3.8/site-packages/airflow/example_dags/example_task_group.py
[2026-05-16T02:54:25.173+0000] {processor.py:840} INFO - DAG(s) 'example_task_group' retrieved from /home/airflow/.local/lib/python3.8/site-packages/airflow/example_dags/example_task_group.py
[2026-05-16T02:54:25.215+0000] {logging_mixin.py:188} INFO - [2026-05-16T02:54:25.215+0000] {dag.py:3036} INFO - Sync 1 DAGs
[2026-05-16T02:54:25.256+0000] {logging_mixin.py:188} INFO - [2026-05-16T02:54:25.256+0000] {dag.py:3823} INFO - Setting next_dagrun for example_task_group to 2026-05-15 00:00:00+00:00, run_after=2026-05-16 00:00:00+00:00
[2026-05-16T02:54:25.289+0000] {processor.py:183} INFO - Processing /home/airflow/.local/lib/python3.8/site-packages/airflow/example_dags/example_task_group.py took 0.141 seconds
[2026-05-16T02:54:55.509+0000] {processor.py:161} INFO - Started process (PID=1440) to work on /home/airflow/.local/lib/python3.8/site-packages/airflow/example_dags/example_task_group.py
[2026-05-16T02:54:55.511+0000] {processor.py:830} INFO - Processing file /home/airflow/.local/lib/python3.8/site-packages/airflow/example_dags/example_task_group.py for tasks to queue
[2026-05-16T02:54:55.514+0000] {logging_mixin.py:188} INFO - [2026-05-16T02:54:55.513+0000] {dagbag.py:538} INFO - Filling up the DagBag from /home/airflow/.local/lib/python3.8/site-packages/airflow/example_dags/example_task_group.py
[2026-05-16T02:54:55.527+0000] {processor.py:840} INFO - DAG(s) 'example_task_group' retrieved from /home/airflow/.local/lib/python3.8/site-packages/airflow/example_dags/example_task_group.py
[2026-05-16T02:54:55.566+0000] {logging_mixin.py:188} INFO - [2026-05-16T02:54:55.566+0000] {dag.py:3036} INFO - Sync 1 DAGs
[2026-05-16T02:54:55.604+0000] {logging_mixin.py:188} INFO - [2026-05-16T02:54:55.604+0000] {dag.py:3823} INFO - Setting next_dagrun for example_task_group to 2026-05-15 00:00:00+00:00, run_after=2026-05-16 00:00:00+00:00
[2026-05-16T02:54:55.636+0000] {processor.py:183} INFO - Processing /home/airflow/.local/lib/python3.8/site-packages/airflow/example_dags/example_task_group.py took 0.133 seconds
[2026-05-16T02:55:25.912+0000] {processor.py:161} INFO - Started process (PID=1506) to work on /home/airflow/.local/lib/python3.8/site-packages/airflow/example_dags/example_task_group.py
[2026-05-16T02:55:25.914+0000] {processor.py:830} INFO - Processing file /home/airflow/.local/lib/python3.8/site-packages/airflow/example_dags/example_task_group.py for tasks to queue
[2026-05-16T02:55:25.917+0000] {logging_mixin.py:188} INFO - [2026-05-16T02:55:25.916+0000] {dagbag.py:538} INFO - Filling up the DagBag from /home/airflow/.local/lib/python3.8/site-packages/airflow/example_dags/example_task_group.py
[2026-05-16T02:55:25.931+0000] {processor.py:840} INFO - DAG(s) 'example_task_group' retrieved from /home/airflow/.local/lib/python3.8/site-packages/airflow/example_dags/example_task_group.py
[2026-05-16T02:55:25.975+0000] {logging_mixin.py:188} INFO - [2026-05-16T02:55:25.974+0000] {dag.py:3036} INFO - Sync 1 DAGs
[2026-05-16T02:55:26.011+0000] {logging_mixin.py:188} INFO - [2026-05-16T02:55:26.011+0000] {dag.py:3823} INFO - Setting next_dagrun for example_task_group to 2026-05-15 00:00:00+00:00, run_after=2026-05-16 00:00:00+00:00
[2026-05-16T02:55:26.042+0000] {processor.py:183} INFO - Processing /home/airflow/.local/lib/python3.8/site-packages/airflow/example_dags/example_task_group.py took 0.136 seconds
[2026-05-16T02:55:56.305+0000] {processor.py:161} INFO - Started process (PID=1572) to work on /home/airflow/.local/lib/python3.8/site-packages/airflow/example_dags/example_task_group.py
[2026-05-16T02:55:56.306+0000] {processor.py:830} INFO - Processing file /home/airflow/.local/lib/python3.8/site-packages/airflow/example_dags/example_task_group.py for tasks to queue
[2026-05-16T02:55:56.310+0000] {logging_mixin.py:188} INFO - [2026-05-16T02:55:56.309+0000] {dagbag.py:538} INFO - Filling up the DagBag from /home/airflow/.local/lib/python3.8/site-packages/airflow/example_dags/example_task_group.py
[2026-05-16T02:55:56.323+0000] {processor.py:840} INFO - DAG(s) 'example_task_group' retrieved from /home/airflow/.local/lib/python3.8/site-packages/airflow/example_dags/example_task_group.py
[2026-05-16T02:55:56.361+0000] {logging_mixin.py:188} INFO - [2026-05-16T02:55:56.361+0000] {dag.py:3036} INFO - Sync 1 DAGs
[2026-05-16T02:55:56.400+0000] {logging_mixin.py:188} INFO - [2026-05-16T02:55:56.399+0000] {dag.py:3823} INFO - Setting next_dagrun for example_task_group to 2026-05-15 00:00:00+00:00, run_after=2026-05-16 00:00:00+00:00
[2026-05-16T02:55:56.431+0000] {processor.py:183} INFO - Processing /home/airflow/.local/lib/python3.8/site-packages/airflow/example_dags/example_task_group.py took 0.131 seconds
[2026-05-16T02:56:26.723+0000] {processor.py:161} INFO - Started process (PID=1636) to work on /home/airflow/.local/lib/python3.8/site-packages/airflow/example_dags/example_task_group.py
[2026-05-16T02:56:26.725+0000] {processor.py:830} INFO - Processing file /home/airflow/.local/lib/python3.8/site-packages/airflow/example_dags/example_task_group.py for tasks to queue
[2026-05-16T02:56:26.729+0000] {logging_mixin.py:188} INFO - [2026-05-16T02:56:26.728+0000] {dagbag.py:538} INFO - Filling up the DagBag from /home/airflow/.local/lib/python3.8/site-packages/airflow/example_dags/example_task_group.py
[2026-05-16T02:56:26.742+0000] {processor.py:840} INFO - DAG(s) 'example_task_group' retrieved from /home/airflow/.local/lib/python3.8/site-packages/airflow/example_dags/example_task_group.py
[2026-05-16T02:56:26.796+0000] {logging_mixin.py:188} INFO - [2026-05-16T02:56:26.795+0000] {dag.py:3036} INFO - Sync 1 DAGs
[2026-05-16T02:56:26.841+0000] {logging_mixin.py:188} INFO - [2026-05-16T02:56:26.841+0000] {dag.py:3823} INFO - Setting next_dagrun for example_task_group to 2026-05-15 00:00:00+00:00, run_after=2026-05-16 00:00:00+00:00
[2026-05-16T02:56:26.883+0000] {processor.py:183} INFO - Processing /home/airflow/.local/lib/python3.8/site-packages/airflow/example_dags/example_task_group.py took 0.166 seconds
[2026-05-16T02:56:57.142+0000] {processor.py:161} INFO - Started process (PID=1709) to work on /home/airflow/.local/lib/python3.8/site-packages/airflow/example_dags/example_task_group.py
[2026-05-16T02:56:57.144+0000] {processor.py:830} INFO - Processing file /home/airflow/.local/lib/python3.8/site-packages/airflow/example_dags/example_task_group.py for tasks to queue
[2026-05-16T02:56:57.147+0000] {logging_mixin.py:188} INFO - [2026-05-16T02:56:57.146+0000] {dagbag.py:538} INFO - Filling up the DagBag from /home/airflow/.local/lib/python3.8/site-packages/airflow/example_dags/example_task_group.py
[2026-05-16T02:56:57.175+0000] {processor.py:840} INFO - DAG(s) 'example_task_group' retrieved from /home/airflow/.local/lib/python3.8/site-packages/airflow/example_dags/example_task_group.py
[2026-05-16T02:56:57.249+0000] {logging_mixin.py:188} INFO - [2026-05-16T02:56:57.249+0000] {dag.py:3036} INFO - Sync 1 DAGs
[2026-05-16T02:56:57.309+0000] {logging_mixin.py:188} INFO - [2026-05-16T02:56:57.309+0000] {dag.py:3823} INFO - Setting next_dagrun for example_task_group to 2026-05-15 00:00:00+00:00, run_after=2026-05-16 00:00:00+00:00
[2026-05-16T02:56:57.341+0000] {processor.py:183} INFO - Processing /home/airflow/.local/lib/python3.8/site-packages/airflow/example_dags/example_task_group.py took 0.204 seconds
[2026-05-16T02:57:27.575+0000] {processor.py:161} INFO - Started process (PID=1776) to work on /home/airflow/.local/lib/python3.8/site-packages/airflow/example_dags/example_task_group.py
[2026-05-16T02:57:27.579+0000] {processor.py:830} INFO - Processing file /home/airflow/.local/lib/python3.8/site-packages/airflow/example_dags/example_task_group.py for tasks to queue
[2026-05-16T02:57:27.585+0000] {logging_mixin.py:188} INFO - [2026-05-16T02:57:27.585+0000] {dagbag.py:538} INFO - Filling up the DagBag from /home/airflow/.local/lib/python3.8/site-packages/airflow/example_dags/example_task_group.py
[2026-05-16T02:57:27.601+0000] {processor.py:840} INFO - DAG(s) 'example_task_group' retrieved from /home/airflow/.local/lib/python3.8/site-packages/airflow/example_dags/example_task_group.py
[2026-05-16T02:57:27.647+0000] {logging_mixin.py:188} INFO - [2026-05-16T02:57:27.647+0000] {dag.py:3036} INFO - Sync 1 DAGs
[2026-05-16T02:57:27.700+0000] {logging_mixin.py:188} INFO - [2026-05-16T02:57:27.700+0000] {dag.py:3823} INFO - Setting next_dagrun for example_task_group to 2026-05-15 00:00:00+00:00, run_after=2026-05-16 00:00:00+00:00
[2026-05-16T02:57:27.738+0000] {processor.py:183} INFO - Processing /home/airflow/.local/lib/python3.8/site-packages/airflow/example_dags/example_task_group.py took 0.175 seconds
[2026-05-16T02:57:58.120+0000] {processor.py:161} INFO - Started process (PID=1842) to work on /home/airflow/.local/lib/python3.8/site-packages/airflow/example_dags/example_task_group.py
[2026-05-16T02:57:58.121+0000] {processor.py:830} INFO - Processing file /home/airflow/.local/lib/python3.8/site-packages/airflow/example_dags/example_task_group.py for tasks to queue
[2026-05-16T02:57:58.124+0000] {logging_mixin.py:188} INFO - [2026-05-16T02:57:58.124+0000] {dagbag.py:538} INFO - Filling up the DagBag from /home/airflow/.local/lib/python3.8/site-packages/airflow/example_dags/example_task_group.py
[2026-05-16T02:57:58.142+0000] {processor.py:840} INFO - DAG(s) 'example_task_group' retrieved from /home/airflow/.local/lib/python3.8/site-packages/airflow/example_dags/example_task_group.py
[2026-05-16T02:57:58.195+0000] {logging_mixin.py:188} INFO - [2026-05-16T02:57:58.195+0000] {dag.py:3036} INFO - Sync 1 DAGs
[2026-05-16T02:57:58.239+0000] {logging_mixin.py:188} INFO - [2026-05-16T02:57:58.239+0000] {dag.py:3823} INFO - Setting next_dagrun for example_task_group to 2026-05-15 00:00:00+00:00, run_after=2026-05-16 00:00:00+00:00
[2026-05-16T02:57:58.271+0000] {processor.py:183} INFO - Processing /home/airflow/.local/lib/python3.8/site-packages/airflow/example_dags/example_task_group.py took 0.159 seconds
[2026-05-16T02:58:29.381+0000] {processor.py:161} INFO - Started process (PID=1907) to work on /home/airflow/.local/lib/python3.8/site-packages/airflow/example_dags/example_task_group.py
[2026-05-16T02:58:29.383+0000] {processor.py:830} INFO - Processing file /home/airflow/.local/lib/python3.8/site-packages/airflow/example_dags/example_task_group.py for tasks to queue
[2026-05-16T02:58:29.386+0000] {logging_mixin.py:188} INFO - [2026-05-16T02:58:29.386+0000] {dagbag.py:538} INFO - Filling up the DagBag from /home/airflow/.local/lib/python3.8/site-packages/airflow/example_dags/example_task_group.py
[2026-05-16T02:58:29.397+0000] {processor.py:840} INFO - DAG(s) 'example_task_group' retrieved from /home/airflow/.local/lib/python3.8/site-packages/airflow/example_dags/example_task_group.py
[2026-05-16T02:58:29.439+0000] {logging_mixin.py:188} INFO - [2026-05-16T02:58:29.439+0000] {dag.py:3036} INFO - Sync 1 DAGs
[2026-05-16T02:58:29.480+0000] {logging_mixin.py:188} INFO - [2026-05-16T02:58:29.480+0000] {dag.py:3823} INFO - Setting next_dagrun for example_task_group to 2026-05-15 00:00:00+00:00, run_after=2026-05-16 00:00:00+00:00
[2026-05-16T02:58:29.514+0000] {processor.py:183} INFO - Processing /home/airflow/.local/lib/python3.8/site-packages/airflow/example_dags/example_task_group.py took 0.138 seconds
[2026-05-16T02:58:59.838+0000] {processor.py:161} INFO - Started process (PID=1971) to work on /home/airflow/.local/lib/python3.8/site-packages/airflow/example_dags/example_task_group.py
[2026-05-16T02:58:59.839+0000] {processor.py:830} INFO - Processing file /home/airflow/.local/lib/python3.8/site-packages/airflow/example_dags/example_task_group.py for tasks to queue
[2026-05-16T02:58:59.842+0000] {logging_mixin.py:188} INFO - [2026-05-16T02:58:59.842+0000] {dagbag.py:538} INFO - Filling up the DagBag from /home/airflow/.local/lib/python3.8/site-packages/airflow/example_dags/example_task_group.py
[2026-05-16T02:58:59.854+0000] {processor.py:840} INFO - DAG(s) 'example_task_group' retrieved from /home/airflow/.local/lib/python3.8/site-packages/airflow/example_dags/example_task_group.py
[2026-05-16T02:58:59.895+0000] {logging_mixin.py:188} INFO - [2026-05-16T02:58:59.895+0000] {dag.py:3036} INFO - Sync 1 DAGs
[2026-05-16T02:58:59.932+0000] {logging_mixin.py:188} INFO - [2026-05-16T02:58:59.932+0000] {dag.py:3823} INFO - Setting next_dagrun for example_task_group to 2026-05-15 00:00:00+00:00, run_after=2026-05-16 00:00:00+00:00
[2026-05-16T02:58:59.964+0000] {processor.py:183} INFO - Processing /home/airflow/.local/lib/python3.8/site-packages/airflow/example_dags/example_task_group.py took 0.130 seconds
[2026-05-16T02:59:30.233+0000] {processor.py:161} INFO - Started process (PID=2034) to work on /home/airflow/.local/lib/python3.8/site-packages/airflow/example_dags/example_task_group.py
[2026-05-16T02:59:30.235+0000] {processor.py:830} INFO - Processing file /home/airflow/.local/lib/python3.8/site-packages/airflow/example_dags/example_task_group.py for tasks to queue
[2026-05-16T02:59:30.237+0000] {logging_mixin.py:188} INFO - [2026-05-16T02:59:30.237+0000] {dagbag.py:538} INFO - Filling up the DagBag from /home/airflow/.local/lib/python3.8/site-packages/airflow/example_dags/example_task_group.py
[2026-05-16T02:59:30.248+0000] {processor.py:840} INFO - DAG(s) 'example_task_group' retrieved from /home/airflow/.local/lib/python3.8/site-packages/airflow/example_dags/example_task_group.py
[2026-05-16T02:59:30.293+0000] {logging_mixin.py:188} INFO - [2026-05-16T02:59:30.293+0000] {dag.py:3036} INFO - Sync 1 DAGs
[2026-05-16T02:59:30.333+0000] {logging_mixin.py:188} INFO - [2026-05-16T02:59:30.332+0000] {dag.py:3823} INFO - Setting next_dagrun for example_task_group to 2026-05-15 00:00:00+00:00, run_after=2026-05-16 00:00:00+00:00
[2026-05-16T02:59:30.363+0000] {processor.py:183} INFO - Processing /home/airflow/.local/lib/python3.8/site-packages/airflow/example_dags/example_task_group.py took 0.135 seconds
[2026-05-16T03:00:00.995+0000] {processor.py:161} INFO - Started process (PID=2099) to work on /home/airflow/.local/lib/python3.8/site-packages/airflow/example_dags/example_task_group.py
[2026-05-16T03:00:00.998+0000] {processor.py:830} INFO - Processing file /home/airflow/.local/lib/python3.8/site-packages/airflow/example_dags/example_task_group.py for tasks to queue
[2026-05-16T03:00:01.001+0000] {logging_mixin.py:188} INFO - [2026-05-16T03:00:01.001+0000] {dagbag.py:538} INFO - Filling up the DagBag from /home/airflow/.local/lib/python3.8/site-packages/airflow/example_dags/example_task_group.py
[2026-05-16T03:00:01.016+0000] {processor.py:840} INFO - DAG(s) 'example_task_group' retrieved from /home/airflow/.local/lib/python3.8/site-packages/airflow/example_dags/example_task_group.py
[2026-05-16T03:00:01.064+0000] {logging_mixin.py:188} INFO - [2026-05-16T03:00:01.063+0000] {dag.py:3036} INFO - Sync 1 DAGs
[2026-05-16T03:00:01.109+0000] {logging_mixin.py:188} INFO - [2026-05-16T03:00:01.109+0000] {dag.py:3823} INFO - Setting next_dagrun for example_task_group to 2026-05-15 00:00:00+00:00, run_after=2026-05-16 00:00:00+00:00
[2026-05-16T03:00:01.147+0000] {processor.py:183} INFO - Processing /home/airflow/.local/lib/python3.8/site-packages/airflow/example_dags/example_task_group.py took 0.158 seconds
[2026-05-16T03:00:31.589+0000] {processor.py:161} INFO - Started process (PID=2164) to work on /home/airflow/.local/lib/python3.8/site-packages/airflow/example_dags/example_task_group.py
[2026-05-16T03:00:31.591+0000] {processor.py:830} INFO - Processing file /home/airflow/.local/lib/python3.8/site-packages/airflow/example_dags/example_task_group.py for tasks to queue
[2026-05-16T03:00:31.593+0000] {logging_mixin.py:188} INFO - [2026-05-16T03:00:31.593+0000] {dagbag.py:538} INFO - Filling up the DagBag from /home/airflow/.local/lib/python3.8/site-packages/airflow/example_dags/example_task_group.py
[2026-05-16T03:00:31.607+0000] {processor.py:840} INFO - DAG(s) 'example_task_group' retrieved from /home/airflow/.local/lib/python3.8/site-packages/airflow/example_dags/example_task_group.py
[2026-05-16T03:00:31.653+0000] {logging_mixin.py:188} INFO - [2026-05-16T03:00:31.653+0000] {dag.py:3036} INFO - Sync 1 DAGs
[2026-05-16T03:00:31.698+0000] {logging_mixin.py:188} INFO - [2026-05-16T03:00:31.698+0000] {dag.py:3823} INFO - Setting next_dagrun for example_task_group to 2026-05-15 00:00:00+00:00, run_after=2026-05-16 00:00:00+00:00
[2026-05-16T03:00:31.737+0000] {processor.py:183} INFO - Processing /home/airflow/.local/lib/python3.8/site-packages/airflow/example_dags/example_task_group.py took 0.154 seconds
[2026-05-16T03:01:02.262+0000] {processor.py:161} INFO - Started process (PID=2229) to work on /home/airflow/.local/lib/python3.8/site-packages/airflow/example_dags/example_task_group.py
[2026-05-16T03:01:02.263+0000] {processor.py:830} INFO - Processing file /home/airflow/.local/lib/python3.8/site-packages/airflow/example_dags/example_task_group.py for tasks to queue
[2026-05-16T03:01:02.266+0000] {logging_mixin.py:188} INFO - [2026-05-16T03:01:02.265+0000] {dagbag.py:538} INFO - Filling up the DagBag from /home/airflow/.local/lib/python3.8/site-packages/airflow/example_dags/example_task_group.py
[2026-05-16T03:01:02.278+0000] {processor.py:840} INFO - DAG(s) 'example_task_group' retrieved from /home/airflow/.local/lib/python3.8/site-packages/airflow/example_dags/example_task_group.py
[2026-05-16T03:01:02.320+0000] {logging_mixin.py:188} INFO - [2026-05-16T03:01:02.320+0000] {dag.py:3036} INFO - Sync 1 DAGs
[2026-05-16T03:01:02.359+0000] {logging_mixin.py:188} INFO - [2026-05-16T03:01:02.358+0000] {dag.py:3823} INFO - Setting next_dagrun for example_task_group to 2026-05-15 00:00:00+00:00, run_after=2026-05-16 00:00:00+00:00
[2026-05-16T03:01:02.393+0000] {processor.py:183} INFO - Processing /home/airflow/.local/lib/python3.8/site-packages/airflow/example_dags/example_task_group.py took 0.137 seconds
[2026-05-16T03:01:32.524+0000] {processor.py:161} INFO - Started process (PID=2294) to work on /home/airflow/.local/lib/python3.8/site-packages/airflow/example_dags/example_task_group.py
[2026-05-16T03:01:32.526+0000] {processor.py:830} INFO - Processing file /home/airflow/.local/lib/python3.8/site-packages/airflow/example_dags/example_task_group.py for tasks to queue
[2026-05-16T03:01:32.529+0000] {logging_mixin.py:188} INFO - [2026-05-16T03:01:32.528+0000] {dagbag.py:538} INFO - Filling up the DagBag from /home/airflow/.local/lib/python3.8/site-packages/airflow/example_dags/example_task_group.py
[2026-05-16T03:01:32.540+0000] {processor.py:840} INFO - DAG(s) 'example_task_group' retrieved from /home/airflow/.local/lib/python3.8/site-packages/airflow/example_dags/example_task_group.py
[2026-05-16T03:01:32.579+0000] {logging_mixin.py:188} INFO - [2026-05-16T03:01:32.578+0000] {dag.py:3036} INFO - Sync 1 DAGs
[2026-05-16T03:01:32.614+0000] {logging_mixin.py:188} INFO - [2026-05-16T03:01:32.613+0000] {dag.py:3823} INFO - Setting next_dagrun for example_task_group to 2026-05-15 00:00:00+00:00, run_after=2026-05-16 00:00:00+00:00
[2026-05-16T03:01:32.643+0000] {processor.py:183} INFO - Processing /home/airflow/.local/lib/python3.8/site-packages/airflow/example_dags/example_task_group.py took 0.124 seconds
[2026-05-16T03:02:03.244+0000] {processor.py:161} INFO - Started process (PID=2360) to work on /home/airflow/.local/lib/python3.8/site-packages/airflow/example_dags/example_task_group.py
[2026-05-16T03:02:03.246+0000] {processor.py:830} INFO - Processing file /home/airflow/.local/lib/python3.8/site-packages/airflow/example_dags/example_task_group.py for tasks to queue
[2026-05-16T03:02:03.249+0000] {logging_mixin.py:188} INFO - [2026-05-16T03:02:03.248+0000] {dagbag.py:538} INFO - Filling up the DagBag from /home/airflow/.local/lib/python3.8/site-packages/airflow/example_dags/example_task_group.py
[2026-05-16T03:02:03.262+0000] {processor.py:840} INFO - DAG(s) 'example_task_group' retrieved from /home/airflow/.local/lib/python3.8/site-packages/airflow/example_dags/example_task_group.py
[2026-05-16T03:02:03.303+0000] {logging_mixin.py:188} INFO - [2026-05-16T03:02:03.302+0000] {dag.py:3036} INFO - Sync 1 DAGs
[2026-05-16T03:02:03.343+0000] {logging_mixin.py:188} INFO - [2026-05-16T03:02:03.343+0000] {dag.py:3823} INFO - Setting next_dagrun for example_task_group to 2026-05-15 00:00:00+00:00, run_after=2026-05-16 00:00:00+00:00
[2026-05-16T03:02:03.384+0000] {processor.py:183} INFO - Processing /home/airflow/.local/lib/python3.8/site-packages/airflow/example_dags/example_task_group.py took 0.145 seconds
[2026-05-16T03:02:33.950+0000] {processor.py:161} INFO - Started process (PID=2434) to work on /home/airflow/.local/lib/python3.8/site-packages/airflow/example_dags/example_task_group.py
[2026-05-16T03:02:33.952+0000] {processor.py:830} INFO - Processing file /home/airflow/.local/lib/python3.8/site-packages/airflow/example_dags/example_task_group.py for tasks to queue
[2026-05-16T03:02:33.955+0000] {logging_mixin.py:188} INFO - [2026-05-16T03:02:33.954+0000] {dagbag.py:538} INFO - Filling up the DagBag from /home/airflow/.local/lib/python3.8/site-packages/airflow/example_dags/example_task_group.py
[2026-05-16T03:02:33.970+0000] {processor.py:840} INFO - DAG(s) 'example_task_group' retrieved from /home/airflow/.local/lib/python3.8/site-packages/airflow/example_dags/example_task_group.py
[2026-05-16T03:02:34.017+0000] {logging_mixin.py:188} INFO - [2026-05-16T03:02:34.017+0000] {dag.py:3036} INFO - Sync 1 DAGs
[2026-05-16T03:02:34.081+0000] {logging_mixin.py:188} INFO - [2026-05-16T03:02:34.081+0000] {dag.py:3823} INFO - Setting next_dagrun for example_task_group to 2026-05-15 00:00:00+00:00, run_after=2026-05-16 00:00:00+00:00
[2026-05-16T03:02:34.126+0000] {processor.py:183} INFO - Processing /home/airflow/.local/lib/python3.8/site-packages/airflow/example_dags/example_task_group.py took 0.182 seconds
[2026-05-16T03:03:04.694+0000] {processor.py:161} INFO - Started process (PID=2499) to work on /home/airflow/.local/lib/python3.8/site-packages/airflow/example_dags/example_task_group.py
[2026-05-16T03:03:04.696+0000] {processor.py:830} INFO - Processing file /home/airflow/.local/lib/python3.8/site-packages/airflow/example_dags/example_task_group.py for tasks to queue
[2026-05-16T03:03:04.699+0000] {logging_mixin.py:188} INFO - [2026-05-16T03:03:04.698+0000] {dagbag.py:538} INFO - Filling up the DagBag from /home/airflow/.local/lib/python3.8/site-packages/airflow/example_dags/example_task_group.py
[2026-05-16T03:03:04.710+0000] {processor.py:840} INFO - DAG(s) 'example_task_group' retrieved from /home/airflow/.local/lib/python3.8/site-packages/airflow/example_dags/example_task_group.py
[2026-05-16T03:03:04.754+0000] {logging_mixin.py:188} INFO - [2026-05-16T03:03:04.754+0000] {dag.py:3036} INFO - Sync 1 DAGs
[2026-05-16T03:03:04.793+0000] {logging_mixin.py:188} INFO - [2026-05-16T03:03:04.792+0000] {dag.py:3823} INFO - Setting next_dagrun for example_task_group to 2026-05-15 00:00:00+00:00, run_after=2026-05-16 00:00:00+00:00
[2026-05-16T03:03:04.826+0000] {processor.py:183} INFO - Processing /home/airflow/.local/lib/python3.8/site-packages/airflow/example_dags/example_task_group.py took 0.137 seconds
[2026-05-16T03:03:35.152+0000] {processor.py:161} INFO - Started process (PID=2564) to work on /home/airflow/.local/lib/python3.8/site-packages/airflow/example_dags/example_task_group.py
[2026-05-16T03:03:35.154+0000] {processor.py:830} INFO - Processing file /home/airflow/.local/lib/python3.8/site-packages/airflow/example_dags/example_task_group.py for tasks to queue
[2026-05-16T03:03:35.157+0000] {logging_mixin.py:188} INFO - [2026-05-16T03:03:35.156+0000] {dagbag.py:538} INFO - Filling up the DagBag from /home/airflow/.local/lib/python3.8/site-packages/airflow/example_dags/example_task_group.py
[2026-05-16T03:03:35.171+0000] {processor.py:840} INFO - DAG(s) 'example_task_group' retrieved from /home/airflow/.local/lib/python3.8/site-packages/airflow/example_dags/example_task_group.py
[2026-05-16T03:03:35.218+0000] {logging_mixin.py:188} INFO - [2026-05-16T03:03:35.218+0000] {dag.py:3036} INFO - Sync 1 DAGs
[2026-05-16T03:03:35.264+0000] {logging_mixin.py:188} INFO - [2026-05-16T03:03:35.263+0000] {dag.py:3823} INFO - Setting next_dagrun for example_task_group to 2026-05-15 00:00:00+00:00, run_after=2026-05-16 00:00:00+00:00
[2026-05-16T03:03:35.295+0000] {processor.py:183} INFO - Processing /home/airflow/.local/lib/python3.8/site-packages/airflow/example_dags/example_task_group.py took 0.148 seconds
[2026-05-16T03:04:05.793+0000] {processor.py:161} INFO - Started process (PID=2629) to work on /home/airflow/.local/lib/python3.8/site-packages/airflow/example_dags/example_task_group.py
[2026-05-16T03:04:05.795+0000] {processor.py:830} INFO - Processing file /home/airflow/.local/lib/python3.8/site-packages/airflow/example_dags/example_task_group.py for tasks to queue
[2026-05-16T03:04:05.798+0000] {logging_mixin.py:188} INFO - [2026-05-16T03:04:05.798+0000] {dagbag.py:538} INFO - Filling up the DagBag from /home/airflow/.local/lib/python3.8/site-packages/airflow/example_dags/example_task_group.py
[2026-05-16T03:04:05.812+0000] {processor.py:840} INFO - DAG(s) 'example_task_group' retrieved from /home/airflow/.local/lib/python3.8/site-packages/airflow/example_dags/example_task_group.py
[2026-05-16T03:04:05.860+0000] {logging_mixin.py:188} INFO - [2026-05-16T03:04:05.859+0000] {dag.py:3036} INFO - Sync 1 DAGs
[2026-05-16T03:04:05.900+0000] {logging_mixin.py:188} INFO - [2026-05-16T03:04:05.900+0000] {dag.py:3823} INFO - Setting next_dagrun for example_task_group to 2026-05-15 00:00:00+00:00, run_after=2026-05-16 00:00:00+00:00
[2026-05-16T03:04:05.937+0000] {processor.py:183} INFO - Processing /home/airflow/.local/lib/python3.8/site-packages/airflow/example_dags/example_task_group.py took 0.149 seconds
[2026-05-16T03:04:36.375+0000] {processor.py:161} INFO - Started process (PID=2694) to work on /home/airflow/.local/lib/python3.8/site-packages/airflow/example_dags/example_task_group.py
[2026-05-16T03:04:36.376+0000] {processor.py:830} INFO - Processing file /home/airflow/.local/lib/python3.8/site-packages/airflow/example_dags/example_task_group.py for tasks to queue
[2026-05-16T03:04:36.379+0000] {logging_mixin.py:188} INFO - [2026-05-16T03:04:36.378+0000] {dagbag.py:538} INFO - Filling up the DagBag from /home/airflow/.local/lib/python3.8/site-packages/airflow/example_dags/example_task_group.py
[2026-05-16T03:04:36.390+0000] {processor.py:840} INFO - DAG(s) 'example_task_group' retrieved from /home/airflow/.local/lib/python3.8/site-packages/airflow/example_dags/example_task_group.py
[2026-05-16T03:04:36.433+0000] {logging_mixin.py:188} INFO - [2026-05-16T03:04:36.432+0000] {dag.py:3036} INFO - Sync 1 DAGs
[2026-05-16T03:04:36.470+0000] {logging_mixin.py:188} INFO - [2026-05-16T03:04:36.470+0000] {dag.py:3823} INFO - Setting next_dagrun for example_task_group to 2026-05-15 00:00:00+00:00, run_after=2026-05-16 00:00:00+00:00
[2026-05-16T03:04:36.500+0000] {processor.py:183} INFO - Processing /home/airflow/.local/lib/python3.8/site-packages/airflow/example_dags/example_task_group.py took 0.130 seconds
[2026-05-16T03:05:07.039+0000] {processor.py:161} INFO - Started process (PID=2760) to work on /home/airflow/.local/lib/python3.8/site-packages/airflow/example_dags/example_task_group.py
[2026-05-16T03:05:07.041+0000] {processor.py:830} INFO - Processing file /home/airflow/.local/lib/python3.8/site-packages/airflow/example_dags/example_task_group.py for tasks to queue
[2026-05-16T03:05:07.044+0000] {logging_mixin.py:188} INFO - [2026-05-16T03:05:07.043+0000] {dagbag.py:538} INFO - Filling up the DagBag from /home/airflow/.local/lib/python3.8/site-packages/airflow/example_dags/example_task_group.py
[2026-05-16T03:05:07.057+0000] {processor.py:840} INFO - DAG(s) 'example_task_group' retrieved from /home/airflow/.local/lib/python3.8/site-packages/airflow/example_dags/example_task_group.py
[2026-05-16T03:05:07.101+0000] {logging_mixin.py:188} INFO - [2026-05-16T03:05:07.101+0000] {dag.py:3036} INFO - Sync 1 DAGs
[2026-05-16T03:05:07.148+0000] {logging_mixin.py:188} INFO - [2026-05-16T03:05:07.147+0000] {dag.py:3823} INFO - Setting next_dagrun for example_task_group to 2026-05-15 00:00:00+00:00, run_after=2026-05-16 00:00:00+00:00
[2026-05-16T03:05:07.188+0000] {processor.py:183} INFO - Processing /home/airflow/.local/lib/python3.8/site-packages/airflow/example_dags/example_task_group.py took 0.155 seconds
[2026-05-16T03:05:37.376+0000] {processor.py:161} INFO - Started process (PID=2825) to work on /home/airflow/.local/lib/python3.8/site-packages/airflow/example_dags/example_task_group.py
[2026-05-16T03:05:37.378+0000] {processor.py:830} INFO - Processing file /home/airflow/.local/lib/python3.8/site-packages/airflow/example_dags/example_task_group.py for tasks to queue
[2026-05-16T03:05:37.381+0000] {logging_mixin.py:188} INFO - [2026-05-16T03:05:37.380+0000] {dagbag.py:538} INFO - Filling up the DagBag from /home/airflow/.local/lib/python3.8/site-packages/airflow/example_dags/example_task_group.py
[2026-05-16T03:05:37.392+0000] {processor.py:840} INFO - DAG(s) 'example_task_group' retrieved from /home/airflow/.local/lib/python3.8/site-packages/airflow/example_dags/example_task_group.py
[2026-05-16T03:05:37.434+0000] {logging_mixin.py:188} INFO - [2026-05-16T03:05:37.434+0000] {dag.py:3036} INFO - Sync 1 DAGs
[2026-05-16T03:05:37.474+0000] {logging_mixin.py:188} INFO - [2026-05-16T03:05:37.474+0000] {dag.py:3823} INFO - Setting next_dagrun for example_task_group to 2026-05-15 00:00:00+00:00, run_after=2026-05-16 00:00:00+00:00
[2026-05-16T03:05:37.506+0000] {processor.py:183} INFO - Processing /home/airflow/.local/lib/python3.8/site-packages/airflow/example_dags/example_task_group.py took 0.136 seconds
[2026-05-16T03:06:07.752+0000] {processor.py:161} INFO - Started process (PID=2891) to work on /home/airflow/.local/lib/python3.8/site-packages/airflow/example_dags/example_task_group.py
[2026-05-16T03:06:07.754+0000] {processor.py:830} INFO - Processing file /home/airflow/.local/lib/python3.8/site-packages/airflow/example_dags/example_task_group.py for tasks to queue
[2026-05-16T03:06:07.757+0000] {logging_mixin.py:188} INFO - [2026-05-16T03:06:07.756+0000] {dagbag.py:538} INFO - Filling up the DagBag from /home/airflow/.local/lib/python3.8/site-packages/airflow/example_dags/example_task_group.py
[2026-05-16T03:06:07.770+0000] {processor.py:840} INFO - DAG(s) 'example_task_group' retrieved from /home/airflow/.local/lib/python3.8/site-packages/airflow/example_dags/example_task_group.py
[2026-05-16T03:06:07.811+0000] {logging_mixin.py:188} INFO - [2026-05-16T03:06:07.811+0000] {dag.py:3036} INFO - Sync 1 DAGs
[2026-05-16T03:06:07.853+0000] {logging_mixin.py:188} INFO - [2026-05-16T03:06:07.852+0000] {dag.py:3823} INFO - Setting next_dagrun for example_task_group to 2026-05-15 00:00:00+00:00, run_after=2026-05-16 00:00:00+00:00
[2026-05-16T03:06:07.886+0000] {processor.py:183} INFO - Processing /home/airflow/.local/lib/python3.8/site-packages/airflow/example_dags/example_task_group.py took 0.140 seconds
[2026-05-16T03:06:37.967+0000] {processor.py:161} INFO - Started process (PID=2956) to work on /home/airflow/.local/lib/python3.8/site-packages/airflow/example_dags/example_task_group.py
[2026-05-16T03:06:37.969+0000] {processor.py:830} INFO - Processing file /home/airflow/.local/lib/python3.8/site-packages/airflow/example_dags/example_task_group.py for tasks to queue
[2026-05-16T03:06:37.971+0000] {logging_mixin.py:188} INFO - [2026-05-16T03:06:37.971+0000] {dagbag.py:538} INFO - Filling up the DagBag from /home/airflow/.local/lib/python3.8/site-packages/airflow/example_dags/example_task_group.py
[2026-05-16T03:06:37.983+0000] {processor.py:840} INFO - DAG(s) 'example_task_group' retrieved from /home/airflow/.local/lib/python3.8/site-packages/airflow/example_dags/example_task_group.py
[2026-05-16T03:06:38.023+0000] {logging_mixin.py:188} INFO - [2026-05-16T03:06:38.022+0000] {dag.py:3036} INFO - Sync 1 DAGs
[2026-05-16T03:06:38.064+0000] {logging_mixin.py:188} INFO - [2026-05-16T03:06:38.064+0000] {dag.py:3823} INFO - Setting next_dagrun for example_task_group to 2026-05-15 00:00:00+00:00, run_after=2026-05-16 00:00:00+00:00
[2026-05-16T03:06:38.097+0000] {processor.py:183} INFO - Processing /home/airflow/.local/lib/python3.8/site-packages/airflow/example_dags/example_task_group.py took 0.134 seconds
[2026-05-16T03:07:08.461+0000] {processor.py:161} INFO - Started process (PID=3021) to work on /home/airflow/.local/lib/python3.8/site-packages/airflow/example_dags/example_task_group.py
[2026-05-16T03:07:08.462+0000] {processor.py:830} INFO - Processing file /home/airflow/.local/lib/python3.8/site-packages/airflow/example_dags/example_task_group.py for tasks to queue
[2026-05-16T03:07:08.465+0000] {logging_mixin.py:188} INFO - [2026-05-16T03:07:08.465+0000] {dagbag.py:538} INFO - Filling up the DagBag from /home/airflow/.local/lib/python3.8/site-packages/airflow/example_dags/example_task_group.py
[2026-05-16T03:07:08.477+0000] {processor.py:840} INFO - DAG(s) 'example_task_group' retrieved from /home/airflow/.local/lib/python3.8/site-packages/airflow/example_dags/example_task_group.py
[2026-05-16T03:07:08.520+0000] {logging_mixin.py:188} INFO - [2026-05-16T03:07:08.519+0000] {dag.py:3036} INFO - Sync 1 DAGs
[2026-05-16T03:07:08.563+0000] {logging_mixin.py:188} INFO - [2026-05-16T03:07:08.562+0000] {dag.py:3823} INFO - Setting next_dagrun for example_task_group to 2026-05-15 00:00:00+00:00, run_after=2026-05-16 00:00:00+00:00
[2026-05-16T03:07:08.597+0000] {processor.py:183} INFO - Processing /home/airflow/.local/lib/python3.8/site-packages/airflow/example_dags/example_task_group.py took 0.142 seconds
[2026-05-16T03:07:38.656+0000] {processor.py:161} INFO - Started process (PID=3086) to work on /home/airflow/.local/lib/python3.8/site-packages/airflow/example_dags/example_task_group.py
[2026-05-16T03:07:38.657+0000] {processor.py:830} INFO - Processing file /home/airflow/.local/lib/python3.8/site-packages/airflow/example_dags/example_task_group.py for tasks to queue
[2026-05-16T03:07:38.660+0000] {logging_mixin.py:188} INFO - [2026-05-16T03:07:38.660+0000] {dagbag.py:538} INFO - Filling up the DagBag from /home/airflow/.local/lib/python3.8/site-packages/airflow/example_dags/example_task_group.py
[2026-05-16T03:07:38.671+0000] {processor.py:840} INFO - DAG(s) 'example_task_group' retrieved from /home/airflow/.local/lib/python3.8/site-packages/airflow/example_dags/example_task_group.py
[2026-05-16T03:07:38.709+0000] {logging_mixin.py:188} INFO - [2026-05-16T03:07:38.709+0000] {dag.py:3036} INFO - Sync 1 DAGs
[2026-05-16T03:07:38.742+0000] {logging_mixin.py:188} INFO - [2026-05-16T03:07:38.742+0000] {dag.py:3823} INFO - Setting next_dagrun for example_task_group to 2026-05-15 00:00:00+00:00, run_after=2026-05-16 00:00:00+00:00
[2026-05-16T03:07:38.772+0000] {processor.py:183} INFO - Processing /home/airflow/.local/lib/python3.8/site-packages/airflow/example_dags/example_task_group.py took 0.121 seconds
[2026-05-16T03:08:09.571+0000] {processor.py:161} INFO - Started process (PID=3151) to work on /home/airflow/.local/lib/python3.8/site-packages/airflow/example_dags/example_task_group.py
[2026-05-16T03:08:09.574+0000] {processor.py:830} INFO - Processing file /home/airflow/.local/lib/python3.8/site-packages/airflow/example_dags/example_task_group.py for tasks to queue
[2026-05-16T03:08:09.577+0000] {logging_mixin.py:188} INFO - [2026-05-16T03:08:09.576+0000] {dagbag.py:538} INFO - Filling up the DagBag from /home/airflow/.local/lib/python3.8/site-packages/airflow/example_dags/example_task_group.py
[2026-05-16T03:08:09.589+0000] {processor.py:840} INFO - DAG(s) 'example_task_group' retrieved from /home/airflow/.local/lib/python3.8/site-packages/airflow/example_dags/example_task_group.py
[2026-05-16T03:08:09.633+0000] {logging_mixin.py:188} INFO - [2026-05-16T03:08:09.632+0000] {dag.py:3036} INFO - Sync 1 DAGs
[2026-05-16T03:08:09.672+0000] {logging_mixin.py:188} INFO - [2026-05-16T03:08:09.672+0000] {dag.py:3823} INFO - Setting next_dagrun for example_task_group to 2026-05-15 00:00:00+00:00, run_after=2026-05-16 00:00:00+00:00
[2026-05-16T03:08:09.706+0000] {processor.py:183} INFO - Processing /home/airflow/.local/lib/python3.8/site-packages/airflow/example_dags/example_task_group.py took 0.140 seconds
[2026-05-16T03:08:40.463+0000] {processor.py:161} INFO - Started process (PID=3217) to work on /home/airflow/.local/lib/python3.8/site-packages/airflow/example_dags/example_task_group.py
[2026-05-16T03:08:40.466+0000] {processor.py:830} INFO - Processing file /home/airflow/.local/lib/python3.8/site-packages/airflow/example_dags/example_task_group.py for tasks to queue
[2026-05-16T03:08:40.469+0000] {logging_mixin.py:188} INFO - [2026-05-16T03:08:40.468+0000] {dagbag.py:538} INFO - Filling up the DagBag from /home/airflow/.local/lib/python3.8/site-packages/airflow/example_dags/example_task_group.py
[2026-05-16T03:08:40.483+0000] {processor.py:840} INFO - DAG(s) 'example_task_group' retrieved from /home/airflow/.local/lib/python3.8/site-packages/airflow/example_dags/example_task_group.py
[2026-05-16T03:08:40.531+0000] {logging_mixin.py:188} INFO - [2026-05-16T03:08:40.530+0000] {dag.py:3036} INFO - Sync 1 DAGs
[2026-05-16T03:08:40.571+0000] {logging_mixin.py:188} INFO - [2026-05-16T03:08:40.570+0000] {dag.py:3823} INFO - Setting next_dagrun for example_task_group to 2026-05-15 00:00:00+00:00, run_after=2026-05-16 00:00:00+00:00
[2026-05-16T03:08:40.600+0000] {processor.py:183} INFO - Processing /home/airflow/.local/lib/python3.8/site-packages/airflow/example_dags/example_task_group.py took 0.143 seconds
[2026-05-16T03:09:11.126+0000] {processor.py:161} INFO - Started process (PID=3289) to work on /home/airflow/.local/lib/python3.8/site-packages/airflow/example_dags/example_task_group.py
[2026-05-16T03:09:11.128+0000] {processor.py:830} INFO - Processing file /home/airflow/.local/lib/python3.8/site-packages/airflow/example_dags/example_task_group.py for tasks to queue
[2026-05-16T03:09:11.132+0000] {logging_mixin.py:188} INFO - [2026-05-16T03:09:11.131+0000] {dagbag.py:538} INFO - Filling up the DagBag from /home/airflow/.local/lib/python3.8/site-packages/airflow/example_dags/example_task_group.py
[2026-05-16T03:09:11.146+0000] {processor.py:840} INFO - DAG(s) 'example_task_group' retrieved from /home/airflow/.local/lib/python3.8/site-packages/airflow/example_dags/example_task_group.py
[2026-05-16T03:09:11.196+0000] {logging_mixin.py:188} INFO - [2026-05-16T03:09:11.195+0000] {dag.py:3036} INFO - Sync 1 DAGs
[2026-05-16T03:09:11.254+0000] {logging_mixin.py:188} INFO - [2026-05-16T03:09:11.253+0000] {dag.py:3823} INFO - Setting next_dagrun for example_task_group to 2026-05-15 00:00:00+00:00, run_after=2026-05-16 00:00:00+00:00
[2026-05-16T03:09:11.307+0000] {processor.py:183} INFO - Processing /home/airflow/.local/lib/python3.8/site-packages/airflow/example_dags/example_task_group.py took 0.187 seconds
[2026-05-16T03:09:41.836+0000] {processor.py:161} INFO - Started process (PID=3355) to work on /home/airflow/.local/lib/python3.8/site-packages/airflow/example_dags/example_task_group.py
[2026-05-16T03:09:41.838+0000] {processor.py:830} INFO - Processing file /home/airflow/.local/lib/python3.8/site-packages/airflow/example_dags/example_task_group.py for tasks to queue
[2026-05-16T03:09:41.841+0000] {logging_mixin.py:188} INFO - [2026-05-16T03:09:41.841+0000] {dagbag.py:538} INFO - Filling up the DagBag from /home/airflow/.local/lib/python3.8/site-packages/airflow/example_dags/example_task_group.py
[2026-05-16T03:09:41.855+0000] {processor.py:840} INFO - DAG(s) 'example_task_group' retrieved from /home/airflow/.local/lib/python3.8/site-packages/airflow/example_dags/example_task_group.py
[2026-05-16T03:09:41.900+0000] {logging_mixin.py:188} INFO - [2026-05-16T03:09:41.900+0000] {dag.py:3036} INFO - Sync 1 DAGs
[2026-05-16T03:09:41.947+0000] {logging_mixin.py:188} INFO - [2026-05-16T03:09:41.947+0000] {dag.py:3823} INFO - Setting next_dagrun for example_task_group to 2026-05-15 00:00:00+00:00, run_after=2026-05-16 00:00:00+00:00
[2026-05-16T03:09:41.982+0000] {processor.py:183} INFO - Processing /home/airflow/.local/lib/python3.8/site-packages/airflow/example_dags/example_task_group.py took 0.152 seconds
[2026-05-16T03:10:12.239+0000] {processor.py:161} INFO - Started process (PID=3421) to work on /home/airflow/.local/lib/python3.8/site-packages/airflow/example_dags/example_task_group.py
[2026-05-16T03:10:12.241+0000] {processor.py:830} INFO - Processing file /home/airflow/.local/lib/python3.8/site-packages/airflow/example_dags/example_task_group.py for tasks to queue
[2026-05-16T03:10:12.244+0000] {logging_mixin.py:188} INFO - [2026-05-16T03:10:12.243+0000] {dagbag.py:538} INFO - Filling up the DagBag from /home/airflow/.local/lib/python3.8/site-packages/airflow/example_dags/example_task_group.py
[2026-05-16T03:10:12.257+0000] {processor.py:840} INFO - DAG(s) 'example_task_group' retrieved from /home/airflow/.local/lib/python3.8/site-packages/airflow/example_dags/example_task_group.py
[2026-05-16T03:10:12.305+0000] {logging_mixin.py:188} INFO - [2026-05-16T03:10:12.304+0000] {dag.py:3036} INFO - Sync 1 DAGs
[2026-05-16T03:10:12.352+0000] {logging_mixin.py:188} INFO - [2026-05-16T03:10:12.352+0000] {dag.py:3823} INFO - Setting next_dagrun for example_task_group to 2026-05-15 00:00:00+00:00, run_after=2026-05-16 00:00:00+00:00
[2026-05-16T03:10:12.391+0000] {processor.py:183} INFO - Processing /home/airflow/.local/lib/python3.8/site-packages/airflow/example_dags/example_task_group.py took 0.157 seconds
[2026-05-16T03:10:43.401+0000] {processor.py:161} INFO - Started process (PID=3486) to work on /home/airflow/.local/lib/python3.8/site-packages/airflow/example_dags/example_task_group.py
[2026-05-16T03:10:43.403+0000] {processor.py:830} INFO - Processing file /home/airflow/.local/lib/python3.8/site-packages/airflow/example_dags/example_task_group.py for tasks to queue
[2026-05-16T03:10:43.406+0000] {logging_mixin.py:188} INFO - [2026-05-16T03:10:43.406+0000] {dagbag.py:538} INFO - Filling up the DagBag from /home/airflow/.local/lib/python3.8/site-packages/airflow/example_dags/example_task_group.py
[2026-05-16T03:10:43.419+0000] {processor.py:840} INFO - DAG(s) 'example_task_group' retrieved from /home/airflow/.local/lib/python3.8/site-packages/airflow/example_dags/example_task_group.py
[2026-05-16T03:10:43.465+0000] {logging_mixin.py:188} INFO - [2026-05-16T03:10:43.465+0000] {dag.py:3036} INFO - Sync 1 DAGs
[2026-05-16T03:10:43.505+0000] {logging_mixin.py:188} INFO - [2026-05-16T03:10:43.505+0000] {dag.py:3823} INFO - Setting next_dagrun for example_task_group to 2026-05-15 00:00:00+00:00, run_after=2026-05-16 00:00:00+00:00
[2026-05-16T03:10:43.542+0000] {processor.py:183} INFO - Processing /home/airflow/.local/lib/python3.8/site-packages/airflow/example_dags/example_task_group.py took 0.145 seconds
[2026-05-16T03:11:13.653+0000] {processor.py:161} INFO - Started process (PID=3551) to work on /home/airflow/.local/lib/python3.8/site-packages/airflow/example_dags/example_task_group.py
[2026-05-16T03:11:13.655+0000] {processor.py:830} INFO - Processing file /home/airflow/.local/lib/python3.8/site-packages/airflow/example_dags/example_task_group.py for tasks to queue
[2026-05-16T03:11:13.657+0000] {logging_mixin.py:188} INFO - [2026-05-16T03:11:13.657+0000] {dagbag.py:538} INFO - Filling up the DagBag from /home/airflow/.local/lib/python3.8/site-packages/airflow/example_dags/example_task_group.py
[2026-05-16T03:11:13.669+0000] {processor.py:840} INFO - DAG(s) 'example_task_group' retrieved from /home/airflow/.local/lib/python3.8/site-packages/airflow/example_dags/example_task_group.py
[2026-05-16T03:11:13.715+0000] {logging_mixin.py:188} INFO - [2026-05-16T03:11:13.714+0000] {dag.py:3036} INFO - Sync 1 DAGs
[2026-05-16T03:11:13.975+0000] {logging_mixin.py:188} INFO - [2026-05-16T03:11:13.973+0000] {dag.py:3823} INFO - Setting next_dagrun for example_task_group to 2026-05-15 00:00:00+00:00, run_after=2026-05-16 00:00:00+00:00
[2026-05-16T03:11:14.029+0000] {processor.py:183} INFO - Processing /home/airflow/.local/lib/python3.8/site-packages/airflow/example_dags/example_task_group.py took 0.382 seconds
[2026-05-16T03:11:44.459+0000] {processor.py:161} INFO - Started process (PID=3616) to work on /home/airflow/.local/lib/python3.8/site-packages/airflow/example_dags/example_task_group.py
[2026-05-16T03:11:44.461+0000] {processor.py:830} INFO - Processing file /home/airflow/.local/lib/python3.8/site-packages/airflow/example_dags/example_task_group.py for tasks to queue
[2026-05-16T03:11:44.464+0000] {logging_mixin.py:188} INFO - [2026-05-16T03:11:44.463+0000] {dagbag.py:538} INFO - Filling up the DagBag from /home/airflow/.local/lib/python3.8/site-packages/airflow/example_dags/example_task_group.py
[2026-05-16T03:11:44.478+0000] {processor.py:840} INFO - DAG(s) 'example_task_group' retrieved from /home/airflow/.local/lib/python3.8/site-packages/airflow/example_dags/example_task_group.py
[2026-05-16T03:11:44.522+0000] {logging_mixin.py:188} INFO - [2026-05-16T03:11:44.522+0000] {dag.py:3036} INFO - Sync 1 DAGs
[2026-05-16T03:11:44.564+0000] {logging_mixin.py:188} INFO - [2026-05-16T03:11:44.564+0000] {dag.py:3823} INFO - Setting next_dagrun for example_task_group to 2026-05-15 00:00:00+00:00, run_after=2026-05-16 00:00:00+00:00
[2026-05-16T03:11:44.801+0000] {processor.py:183} INFO - Processing /home/airflow/.local/lib/python3.8/site-packages/airflow/example_dags/example_task_group.py took 0.348 seconds
[2026-05-16T03:12:15.356+0000] {processor.py:161} INFO - Started process (PID=3682) to work on /home/airflow/.local/lib/python3.8/site-packages/airflow/example_dags/example_task_group.py
[2026-05-16T03:12:15.359+0000] {processor.py:830} INFO - Processing file /home/airflow/.local/lib/python3.8/site-packages/airflow/example_dags/example_task_group.py for tasks to queue
[2026-05-16T03:12:15.361+0000] {logging_mixin.py:188} INFO - [2026-05-16T03:12:15.361+0000] {dagbag.py:538} INFO - Filling up the DagBag from /home/airflow/.local/lib/python3.8/site-packages/airflow/example_dags/example_task_group.py
[2026-05-16T03:12:15.373+0000] {processor.py:840} INFO - DAG(s) 'example_task_group' retrieved from /home/airflow/.local/lib/python3.8/site-packages/airflow/example_dags/example_task_group.py
[2026-05-16T03:12:15.420+0000] {logging_mixin.py:188} INFO - [2026-05-16T03:12:15.420+0000] {dag.py:3036} INFO - Sync 1 DAGs
[2026-05-16T03:12:15.465+0000] {logging_mixin.py:188} INFO - [2026-05-16T03:12:15.465+0000] {dag.py:3823} INFO - Setting next_dagrun for example_task_group to 2026-05-15 00:00:00+00:00, run_after=2026-05-16 00:00:00+00:00
[2026-05-16T03:12:15.499+0000] {processor.py:183} INFO - Processing /home/airflow/.local/lib/python3.8/site-packages/airflow/example_dags/example_task_group.py took 0.148 seconds
[2026-05-16T03:12:45.969+0000] {processor.py:161} INFO - Started process (PID=3747) to work on /home/airflow/.local/lib/python3.8/site-packages/airflow/example_dags/example_task_group.py
[2026-05-16T03:12:45.970+0000] {processor.py:830} INFO - Processing file /home/airflow/.local/lib/python3.8/site-packages/airflow/example_dags/example_task_group.py for tasks to queue
[2026-05-16T03:12:45.973+0000] {logging_mixin.py:188} INFO - [2026-05-16T03:12:45.972+0000] {dagbag.py:538} INFO - Filling up the DagBag from /home/airflow/.local/lib/python3.8/site-packages/airflow/example_dags/example_task_group.py
[2026-05-16T03:12:45.985+0000] {processor.py:840} INFO - DAG(s) 'example_task_group' retrieved from /home/airflow/.local/lib/python3.8/site-packages/airflow/example_dags/example_task_group.py
[2026-05-16T03:12:46.036+0000] {logging_mixin.py:188} INFO - [2026-05-16T03:12:46.035+0000] {dag.py:3036} INFO - Sync 1 DAGs
[2026-05-16T03:12:46.077+0000] {logging_mixin.py:188} INFO - [2026-05-16T03:12:46.076+0000] {dag.py:3823} INFO - Setting next_dagrun for example_task_group to 2026-05-15 00:00:00+00:00, run_after=2026-05-16 00:00:00+00:00
[2026-05-16T03:12:46.113+0000] {processor.py:183} INFO - Processing /home/airflow/.local/lib/python3.8/site-packages/airflow/example_dags/example_task_group.py took 0.149 seconds
[2026-05-16T03:13:17.189+0000] {processor.py:161} INFO - Started process (PID=3812) to work on /home/airflow/.local/lib/python3.8/site-packages/airflow/example_dags/example_task_group.py
[2026-05-16T03:13:17.191+0000] {processor.py:830} INFO - Processing file /home/airflow/.local/lib/python3.8/site-packages/airflow/example_dags/example_task_group.py for tasks to queue
[2026-05-16T03:13:17.194+0000] {logging_mixin.py:188} INFO - [2026-05-16T03:13:17.194+0000] {dagbag.py:538} INFO - Filling up the DagBag from /home/airflow/.local/lib/python3.8/site-packages/airflow/example_dags/example_task_group.py
[2026-05-16T03:13:17.208+0000] {processor.py:840} INFO - DAG(s) 'example_task_group' retrieved from /home/airflow/.local/lib/python3.8/site-packages/airflow/example_dags/example_task_group.py
[2026-05-16T03:13:17.254+0000] {logging_mixin.py:188} INFO - [2026-05-16T03:13:17.254+0000] {dag.py:3036} INFO - Sync 1 DAGs
[2026-05-16T03:13:17.525+0000] {logging_mixin.py:188} INFO - [2026-05-16T03:13:17.525+0000] {dag.py:3823} INFO - Setting next_dagrun for example_task_group to 2026-05-15 00:00:00+00:00, run_after=2026-05-16 00:00:00+00:00
[2026-05-16T03:13:17.559+0000] {processor.py:183} INFO - Processing /home/airflow/.local/lib/python3.8/site-packages/airflow/example_dags/example_task_group.py took 0.376 seconds
[2026-05-16T03:13:48.221+0000] {processor.py:161} INFO - Started process (PID=3878) to work on /home/airflow/.local/lib/python3.8/site-packages/airflow/example_dags/example_task_group.py
[2026-05-16T03:13:48.223+0000] {processor.py:830} INFO - Processing file /home/airflow/.local/lib/python3.8/site-packages/airflow/example_dags/example_task_group.py for tasks to queue
[2026-05-16T03:13:48.226+0000] {logging_mixin.py:188} INFO - [2026-05-16T03:13:48.225+0000] {dagbag.py:538} INFO - Filling up the DagBag from /home/airflow/.local/lib/python3.8/site-packages/airflow/example_dags/example_task_group.py
[2026-05-16T03:13:48.239+0000] {processor.py:840} INFO - DAG(s) 'example_task_group' retrieved from /home/airflow/.local/lib/python3.8/site-packages/airflow/example_dags/example_task_group.py
[2026-05-16T03:13:48.298+0000] {logging_mixin.py:188} INFO - [2026-05-16T03:13:48.298+0000] {dag.py:3036} INFO - Sync 1 DAGs
[2026-05-16T03:13:48.352+0000] {logging_mixin.py:188} INFO - [2026-05-16T03:13:48.352+0000] {dag.py:3823} INFO - Setting next_dagrun for example_task_group to 2026-05-15 00:00:00+00:00, run_after=2026-05-16 00:00:00+00:00
[2026-05-16T03:13:48.388+0000] {processor.py:183} INFO - Processing /home/airflow/.local/lib/python3.8/site-packages/airflow/example_dags/example_task_group.py took 0.173 seconds
[2026-05-16T03:14:18.477+0000] {processor.py:161} INFO - Started process (PID=3943) to work on /home/airflow/.local/lib/python3.8/site-packages/airflow/example_dags/example_task_group.py
[2026-05-16T03:14:18.479+0000] {processor.py:830} INFO - Processing file /home/airflow/.local/lib/python3.8/site-packages/airflow/example_dags/example_task_group.py for tasks to queue
[2026-05-16T03:14:18.482+0000] {logging_mixin.py:188} INFO - [2026-05-16T03:14:18.482+0000] {dagbag.py:538} INFO - Filling up the DagBag from /home/airflow/.local/lib/python3.8/site-packages/airflow/example_dags/example_task_group.py
[2026-05-16T03:14:18.494+0000] {processor.py:840} INFO - DAG(s) 'example_task_group' retrieved from /home/airflow/.local/lib/python3.8/site-packages/airflow/example_dags/example_task_group.py
[2026-05-16T03:14:18.535+0000] {logging_mixin.py:188} INFO - [2026-05-16T03:14:18.535+0000] {dag.py:3036} INFO - Sync 1 DAGs
[2026-05-16T03:14:18.574+0000] {logging_mixin.py:188} INFO - [2026-05-16T03:14:18.574+0000] {dag.py:3823} INFO - Setting next_dagrun for example_task_group to 2026-05-15 00:00:00+00:00, run_after=2026-05-16 00:00:00+00:00
[2026-05-16T03:14:18.608+0000] {processor.py:183} INFO - Processing /home/airflow/.local/lib/python3.8/site-packages/airflow/example_dags/example_task_group.py took 0.136 seconds
[2026-05-16T03:14:48.948+0000] {processor.py:161} INFO - Started process (PID=4007) to work on /home/airflow/.local/lib/python3.8/site-packages/airflow/example_dags/example_task_group.py
[2026-05-16T03:14:48.949+0000] {processor.py:830} INFO - Processing file /home/airflow/.local/lib/python3.8/site-packages/airflow/example_dags/example_task_group.py for tasks to queue
[2026-05-16T03:14:48.952+0000] {logging_mixin.py:188} INFO - [2026-05-16T03:14:48.952+0000] {dagbag.py:538} INFO - Filling up the DagBag from /home/airflow/.local/lib/python3.8/site-packages/airflow/example_dags/example_task_group.py
[2026-05-16T03:14:48.965+0000] {processor.py:840} INFO - DAG(s) 'example_task_group' retrieved from /home/airflow/.local/lib/python3.8/site-packages/airflow/example_dags/example_task_group.py
[2026-05-16T03:14:49.013+0000] {logging_mixin.py:188} INFO - [2026-05-16T03:14:49.013+0000] {dag.py:3036} INFO - Sync 1 DAGs
[2026-05-16T03:14:49.059+0000] {logging_mixin.py:188} INFO - [2026-05-16T03:14:49.058+0000] {dag.py:3823} INFO - Setting next_dagrun for example_task_group to 2026-05-15 00:00:00+00:00, run_after=2026-05-16 00:00:00+00:00
[2026-05-16T03:14:49.094+0000] {processor.py:183} INFO - Processing /home/airflow/.local/lib/python3.8/site-packages/airflow/example_dags/example_task_group.py took 0.152 seconds
[2026-05-16T03:15:19.433+0000] {processor.py:161} INFO - Started process (PID=4079) to work on /home/airflow/.local/lib/python3.8/site-packages/airflow/example_dags/example_task_group.py
[2026-05-16T03:15:19.436+0000] {processor.py:830} INFO - Processing file /home/airflow/.local/lib/python3.8/site-packages/airflow/example_dags/example_task_group.py for tasks to queue
[2026-05-16T03:15:19.439+0000] {logging_mixin.py:188} INFO - [2026-05-16T03:15:19.438+0000] {dagbag.py:538} INFO - Filling up the DagBag from /home/airflow/.local/lib/python3.8/site-packages/airflow/example_dags/example_task_group.py
[2026-05-16T03:15:19.452+0000] {processor.py:840} INFO - DAG(s) 'example_task_group' retrieved from /home/airflow/.local/lib/python3.8/site-packages/airflow/example_dags/example_task_group.py
[2026-05-16T03:15:19.496+0000] {logging_mixin.py:188} INFO - [2026-05-16T03:15:19.496+0000] {dag.py:3036} INFO - Sync 1 DAGs
[2026-05-16T03:15:19.537+0000] {logging_mixin.py:188} INFO - [2026-05-16T03:15:19.536+0000] {dag.py:3823} INFO - Setting next_dagrun for example_task_group to 2026-05-15 00:00:00+00:00, run_after=2026-05-16 00:00:00+00:00
[2026-05-16T03:15:19.576+0000] {processor.py:183} INFO - Processing /home/airflow/.local/lib/python3.8/site-packages/airflow/example_dags/example_task_group.py took 0.149 seconds
[2026-05-16T03:15:49.950+0000] {processor.py:161} INFO - Started process (PID=4145) to work on /home/airflow/.local/lib/python3.8/site-packages/airflow/example_dags/example_task_group.py
[2026-05-16T03:15:49.951+0000] {processor.py:830} INFO - Processing file /home/airflow/.local/lib/python3.8/site-packages/airflow/example_dags/example_task_group.py for tasks to queue
[2026-05-16T03:15:49.954+0000] {logging_mixin.py:188} INFO - [2026-05-16T03:15:49.954+0000] {dagbag.py:538} INFO - Filling up the DagBag from /home/airflow/.local/lib/python3.8/site-packages/airflow/example_dags/example_task_group.py
[2026-05-16T03:15:49.967+0000] {processor.py:840} INFO - DAG(s) 'example_task_group' retrieved from /home/airflow/.local/lib/python3.8/site-packages/airflow/example_dags/example_task_group.py
[2026-05-16T03:15:50.014+0000] {logging_mixin.py:188} INFO - [2026-05-16T03:15:50.013+0000] {dag.py:3036} INFO - Sync 1 DAGs
[2026-05-16T03:15:50.059+0000] {logging_mixin.py:188} INFO - [2026-05-16T03:15:50.059+0000] {dag.py:3823} INFO - Setting next_dagrun for example_task_group to 2026-05-15 00:00:00+00:00, run_after=2026-05-16 00:00:00+00:00
[2026-05-16T03:15:50.095+0000] {processor.py:183} INFO - Processing /home/airflow/.local/lib/python3.8/site-packages/airflow/example_dags/example_task_group.py took 0.151 seconds
[2026-05-16T03:16:20.348+0000] {processor.py:161} INFO - Started process (PID=4209) to work on /home/airflow/.local/lib/python3.8/site-packages/airflow/example_dags/example_task_group.py
[2026-05-16T03:16:20.351+0000] {processor.py:830} INFO - Processing file /home/airflow/.local/lib/python3.8/site-packages/airflow/example_dags/example_task_group.py for tasks to queue
[2026-05-16T03:16:20.354+0000] {logging_mixin.py:188} INFO - [2026-05-16T03:16:20.353+0000] {dagbag.py:538} INFO - Filling up the DagBag from /home/airflow/.local/lib/python3.8/site-packages/airflow/example_dags/example_task_group.py
[2026-05-16T03:16:20.367+0000] {processor.py:840} INFO - DAG(s) 'example_task_group' retrieved from /home/airflow/.local/lib/python3.8/site-packages/airflow/example_dags/example_task_group.py
[2026-05-16T03:16:20.414+0000] {logging_mixin.py:188} INFO - [2026-05-16T03:16:20.413+0000] {dag.py:3036} INFO - Sync 1 DAGs
[2026-05-16T03:16:20.461+0000] {logging_mixin.py:188} INFO - [2026-05-16T03:16:20.461+0000] {dag.py:3823} INFO - Setting next_dagrun for example_task_group to 2026-05-15 00:00:00+00:00, run_after=2026-05-16 00:00:00+00:00
[2026-05-16T03:16:20.516+0000] {processor.py:183} INFO - Processing /home/airflow/.local/lib/python3.8/site-packages/airflow/example_dags/example_task_group.py took 0.174 seconds
[2026-05-16T03:16:50.835+0000] {processor.py:161} INFO - Started process (PID=4274) to work on /home/airflow/.local/lib/python3.8/site-packages/airflow/example_dags/example_task_group.py
[2026-05-16T03:16:50.836+0000] {processor.py:830} INFO - Processing file /home/airflow/.local/lib/python3.8/site-packages/airflow/example_dags/example_task_group.py for tasks to queue
[2026-05-16T03:16:50.841+0000] {logging_mixin.py:188} INFO - [2026-05-16T03:16:50.840+0000] {dagbag.py:538} INFO - Filling up the DagBag from /home/airflow/.local/lib/python3.8/site-packages/airflow/example_dags/example_task_group.py
[2026-05-16T03:16:50.860+0000] {processor.py:840} INFO - DAG(s) 'example_task_group' retrieved from /home/airflow/.local/lib/python3.8/site-packages/airflow/example_dags/example_task_group.py
[2026-05-16T03:16:50.946+0000] {logging_mixin.py:188} INFO - [2026-05-16T03:16:50.946+0000] {dag.py:3036} INFO - Sync 1 DAGs
[2026-05-16T03:16:50.993+0000] {logging_mixin.py:188} INFO - [2026-05-16T03:16:50.992+0000] {dag.py:3823} INFO - Setting next_dagrun for example_task_group to 2026-05-15 00:00:00+00:00, run_after=2026-05-16 00:00:00+00:00
[2026-05-16T03:16:51.026+0000] {processor.py:183} INFO - Processing /home/airflow/.local/lib/python3.8/site-packages/airflow/example_dags/example_task_group.py took 0.198 seconds
[2026-05-16T03:17:21.133+0000] {processor.py:161} INFO - Started process (PID=4339) to work on /home/airflow/.local/lib/python3.8/site-packages/airflow/example_dags/example_task_group.py
[2026-05-16T03:17:21.137+0000] {processor.py:830} INFO - Processing file /home/airflow/.local/lib/python3.8/site-packages/airflow/example_dags/example_task_group.py for tasks to queue
[2026-05-16T03:17:21.140+0000] {logging_mixin.py:188} INFO - [2026-05-16T03:17:21.139+0000] {dagbag.py:538} INFO - Filling up the DagBag from /home/airflow/.local/lib/python3.8/site-packages/airflow/example_dags/example_task_group.py
[2026-05-16T03:17:21.153+0000] {processor.py:840} INFO - DAG(s) 'example_task_group' retrieved from /home/airflow/.local/lib/python3.8/site-packages/airflow/example_dags/example_task_group.py
[2026-05-16T03:17:21.196+0000] {logging_mixin.py:188} INFO - [2026-05-16T03:17:21.196+0000] {dag.py:3036} INFO - Sync 1 DAGs
[2026-05-16T03:17:21.235+0000] {logging_mixin.py:188} INFO - [2026-05-16T03:17:21.234+0000] {dag.py:3823} INFO - Setting next_dagrun for example_task_group to 2026-05-15 00:00:00+00:00, run_after=2026-05-16 00:00:00+00:00
[2026-05-16T03:17:21.265+0000] {processor.py:183} INFO - Processing /home/airflow/.local/lib/python3.8/site-packages/airflow/example_dags/example_task_group.py took 0.138 seconds
[2026-05-16T03:17:51.403+0000] {processor.py:161} INFO - Started process (PID=4404) to work on /home/airflow/.local/lib/python3.8/site-packages/airflow/example_dags/example_task_group.py
[2026-05-16T03:17:51.404+0000] {processor.py:830} INFO - Processing file /home/airflow/.local/lib/python3.8/site-packages/airflow/example_dags/example_task_group.py for tasks to queue
[2026-05-16T03:17:51.407+0000] {logging_mixin.py:188} INFO - [2026-05-16T03:17:51.406+0000] {dagbag.py:538} INFO - Filling up the DagBag from /home/airflow/.local/lib/python3.8/site-packages/airflow/example_dags/example_task_group.py
[2026-05-16T03:17:51.420+0000] {processor.py:840} INFO - DAG(s) 'example_task_group' retrieved from /home/airflow/.local/lib/python3.8/site-packages/airflow/example_dags/example_task_group.py
[2026-05-16T03:17:51.463+0000] {logging_mixin.py:188} INFO - [2026-05-16T03:17:51.463+0000] {dag.py:3036} INFO - Sync 1 DAGs
[2026-05-16T03:17:51.505+0000] {logging_mixin.py:188} INFO - [2026-05-16T03:17:51.504+0000] {dag.py:3823} INFO - Setting next_dagrun for example_task_group to 2026-05-15 00:00:00+00:00, run_after=2026-05-16 00:00:00+00:00
[2026-05-16T03:17:51.545+0000] {processor.py:183} INFO - Processing /home/airflow/.local/lib/python3.8/site-packages/airflow/example_dags/example_task_group.py took 0.148 seconds
[2026-05-16T03:18:21.690+0000] {processor.py:161} INFO - Started process (PID=4469) to work on /home/airflow/.local/lib/python3.8/site-packages/airflow/example_dags/example_task_group.py
[2026-05-16T03:18:21.693+0000] {processor.py:830} INFO - Processing file /home/airflow/.local/lib/python3.8/site-packages/airflow/example_dags/example_task_group.py for tasks to queue
[2026-05-16T03:18:21.695+0000] {logging_mixin.py:188} INFO - [2026-05-16T03:18:21.694+0000] {dagbag.py:538} INFO - Filling up the DagBag from /home/airflow/.local/lib/python3.8/site-packages/airflow/example_dags/example_task_group.py
[2026-05-16T03:18:21.706+0000] {processor.py:840} INFO - DAG(s) 'example_task_group' retrieved from /home/airflow/.local/lib/python3.8/site-packages/airflow/example_dags/example_task_group.py
[2026-05-16T03:18:21.750+0000] {logging_mixin.py:188} INFO - [2026-05-16T03:18:21.749+0000] {dag.py:3036} INFO - Sync 1 DAGs
[2026-05-16T03:18:21.791+0000] {logging_mixin.py:188} INFO - [2026-05-16T03:18:21.791+0000] {dag.py:3823} INFO - Setting next_dagrun for example_task_group to 2026-05-15 00:00:00+00:00, run_after=2026-05-16 00:00:00+00:00
[2026-05-16T03:18:21.824+0000] {processor.py:183} INFO - Processing /home/airflow/.local/lib/python3.8/site-packages/airflow/example_dags/example_task_group.py took 0.138 seconds
[2026-05-16T03:18:52.716+0000] {processor.py:161} INFO - Started process (PID=4534) to work on /home/airflow/.local/lib/python3.8/site-packages/airflow/example_dags/example_task_group.py
[2026-05-16T03:18:52.718+0000] {processor.py:830} INFO - Processing file /home/airflow/.local/lib/python3.8/site-packages/airflow/example_dags/example_task_group.py for tasks to queue
[2026-05-16T03:18:52.721+0000] {logging_mixin.py:188} INFO - [2026-05-16T03:18:52.720+0000] {dagbag.py:538} INFO - Filling up the DagBag from /home/airflow/.local/lib/python3.8/site-packages/airflow/example_dags/example_task_group.py
[2026-05-16T03:18:52.734+0000] {processor.py:840} INFO - DAG(s) 'example_task_group' retrieved from /home/airflow/.local/lib/python3.8/site-packages/airflow/example_dags/example_task_group.py
[2026-05-16T03:18:52.781+0000] {logging_mixin.py:188} INFO - [2026-05-16T03:18:52.780+0000] {dag.py:3036} INFO - Sync 1 DAGs
[2026-05-16T03:18:52.831+0000] {logging_mixin.py:188} INFO - [2026-05-16T03:18:52.830+0000] {dag.py:3823} INFO - Setting next_dagrun for example_task_group to 2026-05-15 00:00:00+00:00, run_after=2026-05-16 00:00:00+00:00
[2026-05-16T03:18:52.866+0000] {processor.py:183} INFO - Processing /home/airflow/.local/lib/python3.8/site-packages/airflow/example_dags/example_task_group.py took 0.156 seconds
[2026-05-16T03:19:23.411+0000] {processor.py:161} INFO - Started process (PID=4599) to work on /home/airflow/.local/lib/python3.8/site-packages/airflow/example_dags/example_task_group.py
[2026-05-16T03:19:23.414+0000] {processor.py:830} INFO - Processing file /home/airflow/.local/lib/python3.8/site-packages/airflow/example_dags/example_task_group.py for tasks to queue
[2026-05-16T03:19:23.416+0000] {logging_mixin.py:188} INFO - [2026-05-16T03:19:23.416+0000] {dagbag.py:538} INFO - Filling up the DagBag from /home/airflow/.local/lib/python3.8/site-packages/airflow/example_dags/example_task_group.py
[2026-05-16T03:19:23.429+0000] {processor.py:840} INFO - DAG(s) 'example_task_group' retrieved from /home/airflow/.local/lib/python3.8/site-packages/airflow/example_dags/example_task_group.py
[2026-05-16T03:19:23.474+0000] {logging_mixin.py:188} INFO - [2026-05-16T03:19:23.474+0000] {dag.py:3036} INFO - Sync 1 DAGs
[2026-05-16T03:19:23.514+0000] {logging_mixin.py:188} INFO - [2026-05-16T03:19:23.513+0000] {dag.py:3823} INFO - Setting next_dagrun for example_task_group to 2026-05-15 00:00:00+00:00, run_after=2026-05-16 00:00:00+00:00
[2026-05-16T03:19:23.552+0000] {processor.py:183} INFO - Processing /home/airflow/.local/lib/python3.8/site-packages/airflow/example_dags/example_task_group.py took 0.146 seconds
[2026-05-16T03:19:53.718+0000] {processor.py:161} INFO - Started process (PID=4664) to work on /home/airflow/.local/lib/python3.8/site-packages/airflow/example_dags/example_task_group.py
[2026-05-16T03:19:53.719+0000] {processor.py:830} INFO - Processing file /home/airflow/.local/lib/python3.8/site-packages/airflow/example_dags/example_task_group.py for tasks to queue
[2026-05-16T03:19:53.721+0000] {logging_mixin.py:188} INFO - [2026-05-16T03:19:53.721+0000] {dagbag.py:538} INFO - Filling up the DagBag from /home/airflow/.local/lib/python3.8/site-packages/airflow/example_dags/example_task_group.py
[2026-05-16T03:19:53.734+0000] {processor.py:840} INFO - DAG(s) 'example_task_group' retrieved from /home/airflow/.local/lib/python3.8/site-packages/airflow/example_dags/example_task_group.py
[2026-05-16T03:19:53.777+0000] {logging_mixin.py:188} INFO - [2026-05-16T03:19:53.776+0000] {dag.py:3036} INFO - Sync 1 DAGs
[2026-05-16T03:19:53.816+0000] {logging_mixin.py:188} INFO - [2026-05-16T03:19:53.816+0000] {dag.py:3823} INFO - Setting next_dagrun for example_task_group to 2026-05-15 00:00:00+00:00, run_after=2026-05-16 00:00:00+00:00
[2026-05-16T03:19:53.846+0000] {processor.py:183} INFO - Processing /home/airflow/.local/lib/python3.8/site-packages/airflow/example_dags/example_task_group.py took 0.133 seconds
[2026-05-16T03:20:24.054+0000] {processor.py:161} INFO - Started process (PID=4728) to work on /home/airflow/.local/lib/python3.8/site-packages/airflow/example_dags/example_task_group.py
[2026-05-16T03:20:24.056+0000] {processor.py:830} INFO - Processing file /home/airflow/.local/lib/python3.8/site-packages/airflow/example_dags/example_task_group.py for tasks to queue
[2026-05-16T03:20:24.060+0000] {logging_mixin.py:188} INFO - [2026-05-16T03:20:24.059+0000] {dagbag.py:538} INFO - Filling up the DagBag from /home/airflow/.local/lib/python3.8/site-packages/airflow/example_dags/example_task_group.py
[2026-05-16T03:20:24.073+0000] {processor.py:840} INFO - DAG(s) 'example_task_group' retrieved from /home/airflow/.local/lib/python3.8/site-packages/airflow/example_dags/example_task_group.py
[2026-05-16T03:20:24.119+0000] {logging_mixin.py:188} INFO - [2026-05-16T03:20:24.119+0000] {dag.py:3036} INFO - Sync 1 DAGs
[2026-05-16T03:20:24.161+0000] {logging_mixin.py:188} INFO - [2026-05-16T03:20:24.161+0000] {dag.py:3823} INFO - Setting next_dagrun for example_task_group to 2026-05-15 00:00:00+00:00, run_after=2026-05-16 00:00:00+00:00
[2026-05-16T03:20:24.196+0000] {processor.py:183} INFO - Processing /home/airflow/.local/lib/python3.8/site-packages/airflow/example_dags/example_task_group.py took 0.147 seconds
[2026-05-16T03:20:54.360+0000] {processor.py:161} INFO - Started process (PID=4793) to work on /home/airflow/.local/lib/python3.8/site-packages/airflow/example_dags/example_task_group.py
[2026-05-16T03:20:54.362+0000] {processor.py:830} INFO - Processing file /home/airflow/.local/lib/python3.8/site-packages/airflow/example_dags/example_task_group.py for tasks to queue
[2026-05-16T03:20:54.364+0000] {logging_mixin.py:188} INFO - [2026-05-16T03:20:54.364+0000] {dagbag.py:538} INFO - Filling up the DagBag from /home/airflow/.local/lib/python3.8/site-packages/airflow/example_dags/example_task_group.py
[2026-05-16T03:20:54.377+0000] {processor.py:840} INFO - DAG(s) 'example_task_group' retrieved from /home/airflow/.local/lib/python3.8/site-packages/airflow/example_dags/example_task_group.py
[2026-05-16T03:20:54.415+0000] {logging_mixin.py:188} INFO - [2026-05-16T03:20:54.415+0000] {dag.py:3036} INFO - Sync 1 DAGs
[2026-05-16T03:20:54.458+0000] {logging_mixin.py:188} INFO - [2026-05-16T03:20:54.458+0000] {dag.py:3823} INFO - Setting next_dagrun for example_task_group to 2026-05-15 00:00:00+00:00, run_after=2026-05-16 00:00:00+00:00
[2026-05-16T03:20:54.492+0000] {processor.py:183} INFO - Processing /home/airflow/.local/lib/python3.8/site-packages/airflow/example_dags/example_task_group.py took 0.138 seconds
[2026-05-16T03:21:24.683+0000] {processor.py:161} INFO - Started process (PID=4858) to work on /home/airflow/.local/lib/python3.8/site-packages/airflow/example_dags/example_task_group.py
[2026-05-16T03:21:24.685+0000] {processor.py:830} INFO - Processing file /home/airflow/.local/lib/python3.8/site-packages/airflow/example_dags/example_task_group.py for tasks to queue
[2026-05-16T03:21:24.688+0000] {logging_mixin.py:188} INFO - [2026-05-16T03:21:24.688+0000] {dagbag.py:538} INFO - Filling up the DagBag from /home/airflow/.local/lib/python3.8/site-packages/airflow/example_dags/example_task_group.py
[2026-05-16T03:21:24.702+0000] {processor.py:840} INFO - DAG(s) 'example_task_group' retrieved from /home/airflow/.local/lib/python3.8/site-packages/airflow/example_dags/example_task_group.py
[2026-05-16T03:21:24.746+0000] {logging_mixin.py:188} INFO - [2026-05-16T03:21:24.746+0000] {dag.py:3036} INFO - Sync 1 DAGs
[2026-05-16T03:21:24.792+0000] {logging_mixin.py:188} INFO - [2026-05-16T03:21:24.791+0000] {dag.py:3823} INFO - Setting next_dagrun for example_task_group to 2026-05-15 00:00:00+00:00, run_after=2026-05-16 00:00:00+00:00
[2026-05-16T03:21:24.831+0000] {processor.py:183} INFO - Processing /home/airflow/.local/lib/python3.8/site-packages/airflow/example_dags/example_task_group.py took 0.153 seconds
[2026-05-16T03:21:54.930+0000] {processor.py:161} INFO - Started process (PID=4923) to work on /home/airflow/.local/lib/python3.8/site-packages/airflow/example_dags/example_task_group.py
[2026-05-16T03:21:54.932+0000] {processor.py:830} INFO - Processing file /home/airflow/.local/lib/python3.8/site-packages/airflow/example_dags/example_task_group.py for tasks to queue
[2026-05-16T03:21:54.936+0000] {logging_mixin.py:188} INFO - [2026-05-16T03:21:54.936+0000] {dagbag.py:538} INFO - Filling up the DagBag from /home/airflow/.local/lib/python3.8/site-packages/airflow/example_dags/example_task_group.py
[2026-05-16T03:21:54.950+0000] {processor.py:840} INFO - DAG(s) 'example_task_group' retrieved from /home/airflow/.local/lib/python3.8/site-packages/airflow/example_dags/example_task_group.py
[2026-05-16T03:21:54.997+0000] {logging_mixin.py:188} INFO - [2026-05-16T03:21:54.997+0000] {dag.py:3036} INFO - Sync 1 DAGs
[2026-05-16T03:21:55.040+0000] {logging_mixin.py:188} INFO - [2026-05-16T03:21:55.039+0000] {dag.py:3823} INFO - Setting next_dagrun for example_task_group to 2026-05-15 00:00:00+00:00, run_after=2026-05-16 00:00:00+00:00
[2026-05-16T03:21:55.075+0000] {processor.py:183} INFO - Processing /home/airflow/.local/lib/python3.8/site-packages/airflow/example_dags/example_task_group.py took 0.151 seconds
[2026-05-16T03:22:25.502+0000] {processor.py:161} INFO - Started process (PID=4988) to work on /home/airflow/.local/lib/python3.8/site-packages/airflow/example_dags/example_task_group.py
[2026-05-16T03:22:25.503+0000] {processor.py:830} INFO - Processing file /home/airflow/.local/lib/python3.8/site-packages/airflow/example_dags/example_task_group.py for tasks to queue
[2026-05-16T03:22:25.506+0000] {logging_mixin.py:188} INFO - [2026-05-16T03:22:25.506+0000] {dagbag.py:538} INFO - Filling up the DagBag from /home/airflow/.local/lib/python3.8/site-packages/airflow/example_dags/example_task_group.py
[2026-05-16T03:22:25.520+0000] {processor.py:840} INFO - DAG(s) 'example_task_group' retrieved from /home/airflow/.local/lib/python3.8/site-packages/airflow/example_dags/example_task_group.py
[2026-05-16T03:22:25.567+0000] {logging_mixin.py:188} INFO - [2026-05-16T03:22:25.567+0000] {dag.py:3036} INFO - Sync 1 DAGs
[2026-05-16T03:22:25.612+0000] {logging_mixin.py:188} INFO - [2026-05-16T03:22:25.612+0000] {dag.py:3823} INFO - Setting next_dagrun for example_task_group to 2026-05-15 00:00:00+00:00, run_after=2026-05-16 00:00:00+00:00
[2026-05-16T03:22:25.644+0000] {processor.py:183} INFO - Processing /home/airflow/.local/lib/python3.8/site-packages/airflow/example_dags/example_task_group.py took 0.148 seconds
[2026-05-16T03:22:55.799+0000] {processor.py:161} INFO - Started process (PID=5059) to work on /home/airflow/.local/lib/python3.8/site-packages/airflow/example_dags/example_task_group.py
[2026-05-16T03:22:55.801+0000] {processor.py:830} INFO - Processing file /home/airflow/.local/lib/python3.8/site-packages/airflow/example_dags/example_task_group.py for tasks to queue
[2026-05-16T03:22:55.804+0000] {logging_mixin.py:188} INFO - [2026-05-16T03:22:55.804+0000] {dagbag.py:538} INFO - Filling up the DagBag from /home/airflow/.local/lib/python3.8/site-packages/airflow/example_dags/example_task_group.py
[2026-05-16T03:22:55.816+0000] {processor.py:840} INFO - DAG(s) 'example_task_group' retrieved from /home/airflow/.local/lib/python3.8/site-packages/airflow/example_dags/example_task_group.py
[2026-05-16T03:22:55.860+0000] {logging_mixin.py:188} INFO - [2026-05-16T03:22:55.860+0000] {dag.py:3036} INFO - Sync 1 DAGs
[2026-05-16T03:22:55.902+0000] {logging_mixin.py:188} INFO - [2026-05-16T03:22:55.902+0000] {dag.py:3823} INFO - Setting next_dagrun for example_task_group to 2026-05-15 00:00:00+00:00, run_after=2026-05-16 00:00:00+00:00
[2026-05-16T03:22:55.936+0000] {processor.py:183} INFO - Processing /home/airflow/.local/lib/python3.8/site-packages/airflow/example_dags/example_task_group.py took 0.142 seconds
[2026-05-16T03:23:26.610+0000] {processor.py:161} INFO - Started process (PID=5127) to work on /home/airflow/.local/lib/python3.8/site-packages/airflow/example_dags/example_task_group.py
[2026-05-16T03:23:26.612+0000] {processor.py:830} INFO - Processing file /home/airflow/.local/lib/python3.8/site-packages/airflow/example_dags/example_task_group.py for tasks to queue
[2026-05-16T03:23:26.615+0000] {logging_mixin.py:188} INFO - [2026-05-16T03:23:26.615+0000] {dagbag.py:538} INFO - Filling up the DagBag from /home/airflow/.local/lib/python3.8/site-packages/airflow/example_dags/example_task_group.py
[2026-05-16T03:23:26.629+0000] {processor.py:840} INFO - DAG(s) 'example_task_group' retrieved from /home/airflow/.local/lib/python3.8/site-packages/airflow/example_dags/example_task_group.py
[2026-05-16T03:23:26.676+0000] {logging_mixin.py:188} INFO - [2026-05-16T03:23:26.675+0000] {dag.py:3036} INFO - Sync 1 DAGs
[2026-05-16T03:23:26.726+0000] {logging_mixin.py:188} INFO - [2026-05-16T03:23:26.725+0000] {dag.py:3823} INFO - Setting next_dagrun for example_task_group to 2026-05-15 00:00:00+00:00, run_after=2026-05-16 00:00:00+00:00
[2026-05-16T03:23:26.760+0000] {processor.py:183} INFO - Processing /home/airflow/.local/lib/python3.8/site-packages/airflow/example_dags/example_task_group.py took 0.156 seconds
[2026-05-16T03:23:57.106+0000] {processor.py:161} INFO - Started process (PID=5193) to work on /home/airflow/.local/lib/python3.8/site-packages/airflow/example_dags/example_task_group.py
[2026-05-16T03:23:57.108+0000] {processor.py:830} INFO - Processing file /home/airflow/.local/lib/python3.8/site-packages/airflow/example_dags/example_task_group.py for tasks to queue
[2026-05-16T03:23:57.111+0000] {logging_mixin.py:188} INFO - [2026-05-16T03:23:57.111+0000] {dagbag.py:538} INFO - Filling up the DagBag from /home/airflow/.local/lib/python3.8/site-packages/airflow/example_dags/example_task_group.py
[2026-05-16T03:23:57.125+0000] {processor.py:840} INFO - DAG(s) 'example_task_group' retrieved from /home/airflow/.local/lib/python3.8/site-packages/airflow/example_dags/example_task_group.py
[2026-05-16T03:23:57.167+0000] {logging_mixin.py:188} INFO - [2026-05-16T03:23:57.167+0000] {dag.py:3036} INFO - Sync 1 DAGs
[2026-05-16T03:23:57.254+0000] {logging_mixin.py:188} INFO - [2026-05-16T03:23:57.254+0000] {dag.py:3823} INFO - Setting next_dagrun for example_task_group to 2026-05-15 00:00:00+00:00, run_after=2026-05-16 00:00:00+00:00
[2026-05-16T03:23:57.292+0000] {processor.py:183} INFO - Processing /home/airflow/.local/lib/python3.8/site-packages/airflow/example_dags/example_task_group.py took 0.191 seconds
[2026-05-16T03:24:27.752+0000] {processor.py:161} INFO - Started process (PID=5259) to work on /home/airflow/.local/lib/python3.8/site-packages/airflow/example_dags/example_task_group.py
[2026-05-16T03:24:27.753+0000] {processor.py:830} INFO - Processing file /home/airflow/.local/lib/python3.8/site-packages/airflow/example_dags/example_task_group.py for tasks to queue
[2026-05-16T03:24:27.756+0000] {logging_mixin.py:188} INFO - [2026-05-16T03:24:27.756+0000] {dagbag.py:538} INFO - Filling up the DagBag from /home/airflow/.local/lib/python3.8/site-packages/airflow/example_dags/example_task_group.py
[2026-05-16T03:24:27.767+0000] {processor.py:840} INFO - DAG(s) 'example_task_group' retrieved from /home/airflow/.local/lib/python3.8/site-packages/airflow/example_dags/example_task_group.py
[2026-05-16T03:24:27.811+0000] {logging_mixin.py:188} INFO - [2026-05-16T03:24:27.810+0000] {dag.py:3036} INFO - Sync 1 DAGs
[2026-05-16T03:24:27.854+0000] {logging_mixin.py:188} INFO - [2026-05-16T03:24:27.853+0000] {dag.py:3823} INFO - Setting next_dagrun for example_task_group to 2026-05-15 00:00:00+00:00, run_after=2026-05-16 00:00:00+00:00
[2026-05-16T03:24:27.887+0000] {processor.py:183} INFO - Processing /home/airflow/.local/lib/python3.8/site-packages/airflow/example_dags/example_task_group.py took 0.142 seconds
[2026-05-16T03:24:58.279+0000] {processor.py:161} INFO - Started process (PID=5325) to work on /home/airflow/.local/lib/python3.8/site-packages/airflow/example_dags/example_task_group.py
[2026-05-16T03:24:58.281+0000] {processor.py:830} INFO - Processing file /home/airflow/.local/lib/python3.8/site-packages/airflow/example_dags/example_task_group.py for tasks to queue
[2026-05-16T03:24:58.283+0000] {logging_mixin.py:188} INFO - [2026-05-16T03:24:58.283+0000] {dagbag.py:538} INFO - Filling up the DagBag from /home/airflow/.local/lib/python3.8/site-packages/airflow/example_dags/example_task_group.py
[2026-05-16T03:24:58.295+0000] {processor.py:840} INFO - DAG(s) 'example_task_group' retrieved from /home/airflow/.local/lib/python3.8/site-packages/airflow/example_dags/example_task_group.py
[2026-05-16T03:24:58.338+0000] {logging_mixin.py:188} INFO - [2026-05-16T03:24:58.338+0000] {dag.py:3036} INFO - Sync 1 DAGs
[2026-05-16T03:24:58.378+0000] {logging_mixin.py:188} INFO - [2026-05-16T03:24:58.378+0000] {dag.py:3823} INFO - Setting next_dagrun for example_task_group to 2026-05-15 00:00:00+00:00, run_after=2026-05-16 00:00:00+00:00
[2026-05-16T03:24:58.411+0000] {processor.py:183} INFO - Processing /home/airflow/.local/lib/python3.8/site-packages/airflow/example_dags/example_task_group.py took 0.137 seconds
[2026-05-16T03:25:28.626+0000] {processor.py:161} INFO - Started process (PID=5390) to work on /home/airflow/.local/lib/python3.8/site-packages/airflow/example_dags/example_task_group.py
[2026-05-16T03:25:28.628+0000] {processor.py:830} INFO - Processing file /home/airflow/.local/lib/python3.8/site-packages/airflow/example_dags/example_task_group.py for tasks to queue
[2026-05-16T03:25:28.631+0000] {logging_mixin.py:188} INFO - [2026-05-16T03:25:28.630+0000] {dagbag.py:538} INFO - Filling up the DagBag from /home/airflow/.local/lib/python3.8/site-packages/airflow/example_dags/example_task_group.py
[2026-05-16T03:25:28.642+0000] {processor.py:840} INFO - DAG(s) 'example_task_group' retrieved from /home/airflow/.local/lib/python3.8/site-packages/airflow/example_dags/example_task_group.py
[2026-05-16T03:25:28.685+0000] {logging_mixin.py:188} INFO - [2026-05-16T03:25:28.684+0000] {dag.py:3036} INFO - Sync 1 DAGs
[2026-05-16T03:25:28.724+0000] {logging_mixin.py:188} INFO - [2026-05-16T03:25:28.724+0000] {dag.py:3823} INFO - Setting next_dagrun for example_task_group to 2026-05-15 00:00:00+00:00, run_after=2026-05-16 00:00:00+00:00
[2026-05-16T03:25:28.759+0000] {processor.py:183} INFO - Processing /home/airflow/.local/lib/python3.8/site-packages/airflow/example_dags/example_task_group.py took 0.139 seconds
[2026-05-16T03:25:59.038+0000] {processor.py:161} INFO - Started process (PID=5450) to work on /home/airflow/.local/lib/python3.8/site-packages/airflow/example_dags/example_task_group.py
[2026-05-16T03:25:59.041+0000] {processor.py:830} INFO - Processing file /home/airflow/.local/lib/python3.8/site-packages/airflow/example_dags/example_task_group.py for tasks to queue
[2026-05-16T03:25:59.044+0000] {logging_mixin.py:188} INFO - [2026-05-16T03:25:59.043+0000] {dagbag.py:538} INFO - Filling up the DagBag from /home/airflow/.local/lib/python3.8/site-packages/airflow/example_dags/example_task_group.py
[2026-05-16T03:25:59.058+0000] {processor.py:840} INFO - DAG(s) 'example_task_group' retrieved from /home/airflow/.local/lib/python3.8/site-packages/airflow/example_dags/example_task_group.py
[2026-05-16T03:25:59.097+0000] {logging_mixin.py:188} INFO - [2026-05-16T03:25:59.097+0000] {dag.py:3036} INFO - Sync 1 DAGs
[2026-05-16T03:25:59.136+0000] {logging_mixin.py:188} INFO - [2026-05-16T03:25:59.135+0000] {dag.py:3823} INFO - Setting next_dagrun for example_task_group to 2026-05-15 00:00:00+00:00, run_after=2026-05-16 00:00:00+00:00
[2026-05-16T03:25:59.165+0000] {processor.py:183} INFO - Processing /home/airflow/.local/lib/python3.8/site-packages/airflow/example_dags/example_task_group.py took 0.133 seconds
[2026-05-16T03:26:29.416+0000] {processor.py:161} INFO - Started process (PID=5515) to work on /home/airflow/.local/lib/python3.8/site-packages/airflow/example_dags/example_task_group.py
[2026-05-16T03:26:29.417+0000] {processor.py:830} INFO - Processing file /home/airflow/.local/lib/python3.8/site-packages/airflow/example_dags/example_task_group.py for tasks to queue
[2026-05-16T03:26:29.421+0000] {logging_mixin.py:188} INFO - [2026-05-16T03:26:29.420+0000] {dagbag.py:538} INFO - Filling up the DagBag from /home/airflow/.local/lib/python3.8/site-packages/airflow/example_dags/example_task_group.py
[2026-05-16T03:26:29.433+0000] {processor.py:840} INFO - DAG(s) 'example_task_group' retrieved from /home/airflow/.local/lib/python3.8/site-packages/airflow/example_dags/example_task_group.py
[2026-05-16T03:26:29.482+0000] {logging_mixin.py:188} INFO - [2026-05-16T03:26:29.481+0000] {dag.py:3036} INFO - Sync 1 DAGs
[2026-05-16T03:26:29.525+0000] {logging_mixin.py:188} INFO - [2026-05-16T03:26:29.525+0000] {dag.py:3823} INFO - Setting next_dagrun for example_task_group to 2026-05-15 00:00:00+00:00, run_after=2026-05-16 00:00:00+00:00
[2026-05-16T03:26:29.559+0000] {processor.py:183} INFO - Processing /home/airflow/.local/lib/python3.8/site-packages/airflow/example_dags/example_task_group.py took 0.148 seconds
[2026-05-16T03:27:00.064+0000] {processor.py:161} INFO - Started process (PID=5580) to work on /home/airflow/.local/lib/python3.8/site-packages/airflow/example_dags/example_task_group.py
[2026-05-16T03:27:00.066+0000] {processor.py:830} INFO - Processing file /home/airflow/.local/lib/python3.8/site-packages/airflow/example_dags/example_task_group.py for tasks to queue
[2026-05-16T03:27:00.069+0000] {logging_mixin.py:188} INFO - [2026-05-16T03:27:00.068+0000] {dagbag.py:538} INFO - Filling up the DagBag from /home/airflow/.local/lib/python3.8/site-packages/airflow/example_dags/example_task_group.py
[2026-05-16T03:27:00.083+0000] {processor.py:840} INFO - DAG(s) 'example_task_group' retrieved from /home/airflow/.local/lib/python3.8/site-packages/airflow/example_dags/example_task_group.py
[2026-05-16T03:27:00.124+0000] {logging_mixin.py:188} INFO - [2026-05-16T03:27:00.124+0000] {dag.py:3036} INFO - Sync 1 DAGs
[2026-05-16T03:27:00.163+0000] {logging_mixin.py:188} INFO - [2026-05-16T03:27:00.163+0000] {dag.py:3823} INFO - Setting next_dagrun for example_task_group to 2026-05-15 00:00:00+00:00, run_after=2026-05-16 00:00:00+00:00
[2026-05-16T03:27:00.196+0000] {processor.py:183} INFO - Processing /home/airflow/.local/lib/python3.8/site-packages/airflow/example_dags/example_task_group.py took 0.137 seconds
[2026-05-16T03:27:30.666+0000] {processor.py:161} INFO - Started process (PID=5645) to work on /home/airflow/.local/lib/python3.8/site-packages/airflow/example_dags/example_task_group.py
[2026-05-16T03:27:30.668+0000] {processor.py:830} INFO - Processing file /home/airflow/.local/lib/python3.8/site-packages/airflow/example_dags/example_task_group.py for tasks to queue
[2026-05-16T03:27:30.671+0000] {logging_mixin.py:188} INFO - [2026-05-16T03:27:30.670+0000] {dagbag.py:538} INFO - Filling up the DagBag from /home/airflow/.local/lib/python3.8/site-packages/airflow/example_dags/example_task_group.py
[2026-05-16T03:27:30.684+0000] {processor.py:840} INFO - DAG(s) 'example_task_group' retrieved from /home/airflow/.local/lib/python3.8/site-packages/airflow/example_dags/example_task_group.py
[2026-05-16T03:27:30.727+0000] {logging_mixin.py:188} INFO - [2026-05-16T03:27:30.727+0000] {dag.py:3036} INFO - Sync 1 DAGs
[2026-05-16T03:27:30.764+0000] {logging_mixin.py:188} INFO - [2026-05-16T03:27:30.764+0000] {dag.py:3823} INFO - Setting next_dagrun for example_task_group to 2026-05-15 00:00:00+00:00, run_after=2026-05-16 00:00:00+00:00
[2026-05-16T03:27:30.793+0000] {processor.py:183} INFO - Processing /home/airflow/.local/lib/python3.8/site-packages/airflow/example_dags/example_task_group.py took 0.133 seconds
[2026-05-16T03:28:01.473+0000] {processor.py:161} INFO - Started process (PID=5710) to work on /home/airflow/.local/lib/python3.8/site-packages/airflow/example_dags/example_task_group.py
[2026-05-16T03:28:01.476+0000] {processor.py:830} INFO - Processing file /home/airflow/.local/lib/python3.8/site-packages/airflow/example_dags/example_task_group.py for tasks to queue
[2026-05-16T03:28:01.479+0000] {logging_mixin.py:188} INFO - [2026-05-16T03:28:01.478+0000] {dagbag.py:538} INFO - Filling up the DagBag from /home/airflow/.local/lib/python3.8/site-packages/airflow/example_dags/example_task_group.py
[2026-05-16T03:28:01.493+0000] {processor.py:840} INFO - DAG(s) 'example_task_group' retrieved from /home/airflow/.local/lib/python3.8/site-packages/airflow/example_dags/example_task_group.py
[2026-05-16T03:28:01.536+0000] {logging_mixin.py:188} INFO - [2026-05-16T03:28:01.535+0000] {dag.py:3036} INFO - Sync 1 DAGs
[2026-05-16T03:28:01.578+0000] {logging_mixin.py:188} INFO - [2026-05-16T03:28:01.577+0000] {dag.py:3823} INFO - Setting next_dagrun for example_task_group to 2026-05-15 00:00:00+00:00, run_after=2026-05-16 00:00:00+00:00
[2026-05-16T03:28:01.613+0000] {processor.py:183} INFO - Processing /home/airflow/.local/lib/python3.8/site-packages/airflow/example_dags/example_task_group.py took 0.145 seconds
[2026-05-16T03:28:32.137+0000] {processor.py:161} INFO - Started process (PID=5782) to work on /home/airflow/.local/lib/python3.8/site-packages/airflow/example_dags/example_task_group.py
[2026-05-16T03:28:32.138+0000] {processor.py:830} INFO - Processing file /home/airflow/.local/lib/python3.8/site-packages/airflow/example_dags/example_task_group.py for tasks to queue
[2026-05-16T03:28:32.141+0000] {logging_mixin.py:188} INFO - [2026-05-16T03:28:32.141+0000] {dagbag.py:538} INFO - Filling up the DagBag from /home/airflow/.local/lib/python3.8/site-packages/airflow/example_dags/example_task_group.py
[2026-05-16T03:28:32.156+0000] {processor.py:840} INFO - DAG(s) 'example_task_group' retrieved from /home/airflow/.local/lib/python3.8/site-packages/airflow/example_dags/example_task_group.py
[2026-05-16T03:28:32.199+0000] {logging_mixin.py:188} INFO - [2026-05-16T03:28:32.198+0000] {dag.py:3036} INFO - Sync 1 DAGs
[2026-05-16T03:28:32.236+0000] {logging_mixin.py:188} INFO - [2026-05-16T03:28:32.236+0000] {dag.py:3823} INFO - Setting next_dagrun for example_task_group to 2026-05-15 00:00:00+00:00, run_after=2026-05-16 00:00:00+00:00
[2026-05-16T03:28:32.270+0000] {processor.py:183} INFO - Processing /home/airflow/.local/lib/python3.8/site-packages/airflow/example_dags/example_task_group.py took 0.140 seconds
[2026-05-16T03:29:02.461+0000] {processor.py:161} INFO - Started process (PID=5845) to work on /home/airflow/.local/lib/python3.8/site-packages/airflow/example_dags/example_task_group.py
[2026-05-16T03:29:02.464+0000] {processor.py:830} INFO - Processing file /home/airflow/.local/lib/python3.8/site-packages/airflow/example_dags/example_task_group.py for tasks to queue
[2026-05-16T03:29:02.467+0000] {logging_mixin.py:188} INFO - [2026-05-16T03:29:02.466+0000] {dagbag.py:538} INFO - Filling up the DagBag from /home/airflow/.local/lib/python3.8/site-packages/airflow/example_dags/example_task_group.py
[2026-05-16T03:29:02.482+0000] {processor.py:840} INFO - DAG(s) 'example_task_group' retrieved from /home/airflow/.local/lib/python3.8/site-packages/airflow/example_dags/example_task_group.py
[2026-05-16T03:29:02.530+0000] {logging_mixin.py:188} INFO - [2026-05-16T03:29:02.530+0000] {dag.py:3036} INFO - Sync 1 DAGs
[2026-05-16T03:29:02.574+0000] {logging_mixin.py:188} INFO - [2026-05-16T03:29:02.574+0000] {dag.py:3823} INFO - Setting next_dagrun for example_task_group to 2026-05-15 00:00:00+00:00, run_after=2026-05-16 00:00:00+00:00
[2026-05-16T03:29:02.610+0000] {processor.py:183} INFO - Processing /home/airflow/.local/lib/python3.8/site-packages/airflow/example_dags/example_task_group.py took 0.157 seconds
[2026-05-16T03:29:32.770+0000] {processor.py:161} INFO - Started process (PID=5910) to work on /home/airflow/.local/lib/python3.8/site-packages/airflow/example_dags/example_task_group.py
[2026-05-16T03:29:32.803+0000] {processor.py:830} INFO - Processing file /home/airflow/.local/lib/python3.8/site-packages/airflow/example_dags/example_task_group.py for tasks to queue
[2026-05-16T03:29:32.807+0000] {logging_mixin.py:188} INFO - [2026-05-16T03:29:32.806+0000] {dagbag.py:538} INFO - Filling up the DagBag from /home/airflow/.local/lib/python3.8/site-packages/airflow/example_dags/example_task_group.py
[2026-05-16T03:29:32.843+0000] {processor.py:840} INFO - DAG(s) 'example_task_group' retrieved from /home/airflow/.local/lib/python3.8/site-packages/airflow/example_dags/example_task_group.py
[2026-05-16T03:29:32.917+0000] {logging_mixin.py:188} INFO - [2026-05-16T03:29:32.917+0000] {dag.py:3036} INFO - Sync 1 DAGs
[2026-05-16T03:29:32.974+0000] {logging_mixin.py:188} INFO - [2026-05-16T03:29:32.973+0000] {dag.py:3823} INFO - Setting next_dagrun for example_task_group to 2026-05-15 00:00:00+00:00, run_after=2026-05-16 00:00:00+00:00
[2026-05-16T03:29:33.008+0000] {processor.py:183} INFO - Processing /home/airflow/.local/lib/python3.8/site-packages/airflow/example_dags/example_task_group.py took 0.244 seconds
[2026-05-16T03:30:03.147+0000] {processor.py:161} INFO - Started process (PID=5974) to work on /home/airflow/.local/lib/python3.8/site-packages/airflow/example_dags/example_task_group.py
[2026-05-16T03:30:03.149+0000] {processor.py:830} INFO - Processing file /home/airflow/.local/lib/python3.8/site-packages/airflow/example_dags/example_task_group.py for tasks to queue
[2026-05-16T03:30:03.152+0000] {logging_mixin.py:188} INFO - [2026-05-16T03:30:03.151+0000] {dagbag.py:538} INFO - Filling up the DagBag from /home/airflow/.local/lib/python3.8/site-packages/airflow/example_dags/example_task_group.py
[2026-05-16T03:30:03.166+0000] {processor.py:840} INFO - DAG(s) 'example_task_group' retrieved from /home/airflow/.local/lib/python3.8/site-packages/airflow/example_dags/example_task_group.py
[2026-05-16T03:30:03.214+0000] {logging_mixin.py:188} INFO - [2026-05-16T03:30:03.213+0000] {dag.py:3036} INFO - Sync 1 DAGs
[2026-05-16T03:30:03.261+0000] {logging_mixin.py:188} INFO - [2026-05-16T03:30:03.261+0000] {dag.py:3823} INFO - Setting next_dagrun for example_task_group to 2026-05-15 00:00:00+00:00, run_after=2026-05-16 00:00:00+00:00
[2026-05-16T03:30:03.296+0000] {processor.py:183} INFO - Processing /home/airflow/.local/lib/python3.8/site-packages/airflow/example_dags/example_task_group.py took 0.155 seconds
[2026-05-16T03:30:33.414+0000] {processor.py:161} INFO - Started process (PID=6039) to work on /home/airflow/.local/lib/python3.8/site-packages/airflow/example_dags/example_task_group.py
[2026-05-16T03:30:33.416+0000] {processor.py:830} INFO - Processing file /home/airflow/.local/lib/python3.8/site-packages/airflow/example_dags/example_task_group.py for tasks to queue
[2026-05-16T03:30:33.420+0000] {logging_mixin.py:188} INFO - [2026-05-16T03:30:33.419+0000] {dagbag.py:538} INFO - Filling up the DagBag from /home/airflow/.local/lib/python3.8/site-packages/airflow/example_dags/example_task_group.py
[2026-05-16T03:30:33.434+0000] {processor.py:840} INFO - DAG(s) 'example_task_group' retrieved from /home/airflow/.local/lib/python3.8/site-packages/airflow/example_dags/example_task_group.py
[2026-05-16T03:30:33.482+0000] {logging_mixin.py:188} INFO - [2026-05-16T03:30:33.481+0000] {dag.py:3036} INFO - Sync 1 DAGs
[2026-05-16T03:30:33.532+0000] {logging_mixin.py:188} INFO - [2026-05-16T03:30:33.532+0000] {dag.py:3823} INFO - Setting next_dagrun for example_task_group to 2026-05-15 00:00:00+00:00, run_after=2026-05-16 00:00:00+00:00
[2026-05-16T03:30:33.568+0000] {processor.py:183} INFO - Processing /home/airflow/.local/lib/python3.8/site-packages/airflow/example_dags/example_task_group.py took 0.160 seconds
[2026-05-16T03:31:03.858+0000] {processor.py:161} INFO - Started process (PID=6104) to work on /home/airflow/.local/lib/python3.8/site-packages/airflow/example_dags/example_task_group.py
[2026-05-16T03:31:03.860+0000] {processor.py:830} INFO - Processing file /home/airflow/.local/lib/python3.8/site-packages/airflow/example_dags/example_task_group.py for tasks to queue
[2026-05-16T03:31:03.862+0000] {logging_mixin.py:188} INFO - [2026-05-16T03:31:03.862+0000] {dagbag.py:538} INFO - Filling up the DagBag from /home/airflow/.local/lib/python3.8/site-packages/airflow/example_dags/example_task_group.py
[2026-05-16T03:31:03.873+0000] {processor.py:840} INFO - DAG(s) 'example_task_group' retrieved from /home/airflow/.local/lib/python3.8/site-packages/airflow/example_dags/example_task_group.py
[2026-05-16T03:31:03.915+0000] {logging_mixin.py:188} INFO - [2026-05-16T03:31:03.915+0000] {dag.py:3036} INFO - Sync 1 DAGs
[2026-05-16T03:31:03.953+0000] {logging_mixin.py:188} INFO - [2026-05-16T03:31:03.953+0000] {dag.py:3823} INFO - Setting next_dagrun for example_task_group to 2026-05-15 00:00:00+00:00, run_after=2026-05-16 00:00:00+00:00
[2026-05-16T03:31:03.986+0000] {processor.py:183} INFO - Processing /home/airflow/.local/lib/python3.8/site-packages/airflow/example_dags/example_task_group.py took 0.133 seconds
[2026-05-16T03:31:34.440+0000] {processor.py:161} INFO - Started process (PID=6168) to work on /home/airflow/.local/lib/python3.8/site-packages/airflow/example_dags/example_task_group.py
[2026-05-16T03:31:34.442+0000] {processor.py:830} INFO - Processing file /home/airflow/.local/lib/python3.8/site-packages/airflow/example_dags/example_task_group.py for tasks to queue
[2026-05-16T03:31:34.446+0000] {logging_mixin.py:188} INFO - [2026-05-16T03:31:34.445+0000] {dagbag.py:538} INFO - Filling up the DagBag from /home/airflow/.local/lib/python3.8/site-packages/airflow/example_dags/example_task_group.py
[2026-05-16T03:31:34.461+0000] {processor.py:840} INFO - DAG(s) 'example_task_group' retrieved from /home/airflow/.local/lib/python3.8/site-packages/airflow/example_dags/example_task_group.py
[2026-05-16T03:31:34.520+0000] {logging_mixin.py:188} INFO - [2026-05-16T03:31:34.519+0000] {dag.py:3036} INFO - Sync 1 DAGs
[2026-05-16T03:31:34.565+0000] {logging_mixin.py:188} INFO - [2026-05-16T03:31:34.565+0000] {dag.py:3823} INFO - Setting next_dagrun for example_task_group to 2026-05-15 00:00:00+00:00, run_after=2026-05-16 00:00:00+00:00
[2026-05-16T03:31:34.601+0000] {processor.py:183} INFO - Processing /home/airflow/.local/lib/python3.8/site-packages/airflow/example_dags/example_task_group.py took 0.167 seconds
[2026-05-16T03:32:04.639+0000] {processor.py:161} INFO - Started process (PID=6234) to work on /home/airflow/.local/lib/python3.8/site-packages/airflow/example_dags/example_task_group.py
[2026-05-16T03:32:04.641+0000] {processor.py:830} INFO - Processing file /home/airflow/.local/lib/python3.8/site-packages/airflow/example_dags/example_task_group.py for tasks to queue
[2026-05-16T03:32:04.644+0000] {logging_mixin.py:188} INFO - [2026-05-16T03:32:04.644+0000] {dagbag.py:538} INFO - Filling up the DagBag from /home/airflow/.local/lib/python3.8/site-packages/airflow/example_dags/example_task_group.py
[2026-05-16T03:32:04.657+0000] {processor.py:840} INFO - DAG(s) 'example_task_group' retrieved from /home/airflow/.local/lib/python3.8/site-packages/airflow/example_dags/example_task_group.py
[2026-05-16T03:32:04.698+0000] {logging_mixin.py:188} INFO - [2026-05-16T03:32:04.697+0000] {dag.py:3036} INFO - Sync 1 DAGs
[2026-05-16T03:32:04.734+0000] {logging_mixin.py:188} INFO - [2026-05-16T03:32:04.734+0000] {dag.py:3823} INFO - Setting next_dagrun for example_task_group to 2026-05-15 00:00:00+00:00, run_after=2026-05-16 00:00:00+00:00
[2026-05-16T03:32:04.761+0000] {processor.py:183} INFO - Processing /home/airflow/.local/lib/python3.8/site-packages/airflow/example_dags/example_task_group.py took 0.127 seconds
[2026-05-16T03:32:35.064+0000] {processor.py:161} INFO - Started process (PID=6299) to work on /home/airflow/.local/lib/python3.8/site-packages/airflow/example_dags/example_task_group.py
[2026-05-16T03:32:35.067+0000] {processor.py:830} INFO - Processing file /home/airflow/.local/lib/python3.8/site-packages/airflow/example_dags/example_task_group.py for tasks to queue
[2026-05-16T03:32:35.069+0000] {logging_mixin.py:188} INFO - [2026-05-16T03:32:35.069+0000] {dagbag.py:538} INFO - Filling up the DagBag from /home/airflow/.local/lib/python3.8/site-packages/airflow/example_dags/example_task_group.py
[2026-05-16T03:32:35.083+0000] {processor.py:840} INFO - DAG(s) 'example_task_group' retrieved from /home/airflow/.local/lib/python3.8/site-packages/airflow/example_dags/example_task_group.py
[2026-05-16T03:32:35.126+0000] {logging_mixin.py:188} INFO - [2026-05-16T03:32:35.126+0000] {dag.py:3036} INFO - Sync 1 DAGs
[2026-05-16T03:32:35.170+0000] {logging_mixin.py:188} INFO - [2026-05-16T03:32:35.169+0000] {dag.py:3823} INFO - Setting next_dagrun for example_task_group to 2026-05-15 00:00:00+00:00, run_after=2026-05-16 00:00:00+00:00
[2026-05-16T03:32:35.202+0000] {processor.py:183} INFO - Processing /home/airflow/.local/lib/python3.8/site-packages/airflow/example_dags/example_task_group.py took 0.142 seconds
[2026-05-16T03:33:05.620+0000] {processor.py:161} INFO - Started process (PID=6364) to work on /home/airflow/.local/lib/python3.8/site-packages/airflow/example_dags/example_task_group.py
[2026-05-16T03:33:05.622+0000] {processor.py:830} INFO - Processing file /home/airflow/.local/lib/python3.8/site-packages/airflow/example_dags/example_task_group.py for tasks to queue
[2026-05-16T03:33:05.625+0000] {logging_mixin.py:188} INFO - [2026-05-16T03:33:05.625+0000] {dagbag.py:538} INFO - Filling up the DagBag from /home/airflow/.local/lib/python3.8/site-packages/airflow/example_dags/example_task_group.py
[2026-05-16T03:33:05.637+0000] {processor.py:840} INFO - DAG(s) 'example_task_group' retrieved from /home/airflow/.local/lib/python3.8/site-packages/airflow/example_dags/example_task_group.py
[2026-05-16T03:33:05.677+0000] {logging_mixin.py:188} INFO - [2026-05-16T03:33:05.677+0000] {dag.py:3036} INFO - Sync 1 DAGs
[2026-05-16T03:33:05.717+0000] {logging_mixin.py:188} INFO - [2026-05-16T03:33:05.717+0000] {dag.py:3823} INFO - Setting next_dagrun for example_task_group to 2026-05-15 00:00:00+00:00, run_after=2026-05-16 00:00:00+00:00
[2026-05-16T03:33:05.748+0000] {processor.py:183} INFO - Processing /home/airflow/.local/lib/python3.8/site-packages/airflow/example_dags/example_task_group.py took 0.133 seconds
[2026-05-16T03:33:36.152+0000] {processor.py:161} INFO - Started process (PID=6429) to work on /home/airflow/.local/lib/python3.8/site-packages/airflow/example_dags/example_task_group.py
[2026-05-16T03:33:36.154+0000] {processor.py:830} INFO - Processing file /home/airflow/.local/lib/python3.8/site-packages/airflow/example_dags/example_task_group.py for tasks to queue
[2026-05-16T03:33:36.157+0000] {logging_mixin.py:188} INFO - [2026-05-16T03:33:36.157+0000] {dagbag.py:538} INFO - Filling up the DagBag from /home/airflow/.local/lib/python3.8/site-packages/airflow/example_dags/example_task_group.py
[2026-05-16T03:33:36.171+0000] {processor.py:840} INFO - DAG(s) 'example_task_group' retrieved from /home/airflow/.local/lib/python3.8/site-packages/airflow/example_dags/example_task_group.py
[2026-05-16T03:33:36.214+0000] {logging_mixin.py:188} INFO - [2026-05-16T03:33:36.213+0000] {dag.py:3036} INFO - Sync 1 DAGs
[2026-05-16T03:33:36.252+0000] {logging_mixin.py:188} INFO - [2026-05-16T03:33:36.251+0000] {dag.py:3823} INFO - Setting next_dagrun for example_task_group to 2026-05-15 00:00:00+00:00, run_after=2026-05-16 00:00:00+00:00
[2026-05-16T03:33:36.282+0000] {processor.py:183} INFO - Processing /home/airflow/.local/lib/python3.8/site-packages/airflow/example_dags/example_task_group.py took 0.136 seconds
[2026-05-16T03:34:06.588+0000] {processor.py:161} INFO - Started process (PID=6494) to work on /home/airflow/.local/lib/python3.8/site-packages/airflow/example_dags/example_task_group.py
[2026-05-16T03:34:06.590+0000] {processor.py:830} INFO - Processing file /home/airflow/.local/lib/python3.8/site-packages/airflow/example_dags/example_task_group.py for tasks to queue
[2026-05-16T03:34:06.593+0000] {logging_mixin.py:188} INFO - [2026-05-16T03:34:06.593+0000] {dagbag.py:538} INFO - Filling up the DagBag from /home/airflow/.local/lib/python3.8/site-packages/airflow/example_dags/example_task_group.py
[2026-05-16T03:34:06.604+0000] {processor.py:840} INFO - DAG(s) 'example_task_group' retrieved from /home/airflow/.local/lib/python3.8/site-packages/airflow/example_dags/example_task_group.py
[2026-05-16T03:34:06.642+0000] {logging_mixin.py:188} INFO - [2026-05-16T03:34:06.642+0000] {dag.py:3036} INFO - Sync 1 DAGs
[2026-05-16T03:34:06.678+0000] {logging_mixin.py:188} INFO - [2026-05-16T03:34:06.677+0000] {dag.py:3823} INFO - Setting next_dagrun for example_task_group to 2026-05-15 00:00:00+00:00, run_after=2026-05-16 00:00:00+00:00
[2026-05-16T03:34:06.705+0000] {processor.py:183} INFO - Processing /home/airflow/.local/lib/python3.8/site-packages/airflow/example_dags/example_task_group.py took 0.123 seconds
[2026-05-16T03:34:36.869+0000] {processor.py:161} INFO - Started process (PID=6560) to work on /home/airflow/.local/lib/python3.8/site-packages/airflow/example_dags/example_task_group.py
[2026-05-16T03:34:36.870+0000] {processor.py:830} INFO - Processing file /home/airflow/.local/lib/python3.8/site-packages/airflow/example_dags/example_task_group.py for tasks to queue
[2026-05-16T03:34:36.873+0000] {logging_mixin.py:188} INFO - [2026-05-16T03:34:36.872+0000] {dagbag.py:538} INFO - Filling up the DagBag from /home/airflow/.local/lib/python3.8/site-packages/airflow/example_dags/example_task_group.py
[2026-05-16T03:34:36.884+0000] {processor.py:840} INFO - DAG(s) 'example_task_group' retrieved from /home/airflow/.local/lib/python3.8/site-packages/airflow/example_dags/example_task_group.py
[2026-05-16T03:34:36.929+0000] {logging_mixin.py:188} INFO - [2026-05-16T03:34:36.928+0000] {dag.py:3036} INFO - Sync 1 DAGs
[2026-05-16T03:34:36.969+0000] {logging_mixin.py:188} INFO - [2026-05-16T03:34:36.968+0000] {dag.py:3823} INFO - Setting next_dagrun for example_task_group to 2026-05-15 00:00:00+00:00, run_after=2026-05-16 00:00:00+00:00
[2026-05-16T03:34:36.998+0000] {processor.py:183} INFO - Processing /home/airflow/.local/lib/python3.8/site-packages/airflow/example_dags/example_task_group.py took 0.135 seconds
[2026-05-16T03:35:07.201+0000] {processor.py:161} INFO - Started process (PID=6626) to work on /home/airflow/.local/lib/python3.8/site-packages/airflow/example_dags/example_task_group.py
[2026-05-16T03:35:07.203+0000] {processor.py:830} INFO - Processing file /home/airflow/.local/lib/python3.8/site-packages/airflow/example_dags/example_task_group.py for tasks to queue
[2026-05-16T03:35:07.206+0000] {logging_mixin.py:188} INFO - [2026-05-16T03:35:07.206+0000] {dagbag.py:538} INFO - Filling up the DagBag from /home/airflow/.local/lib/python3.8/site-packages/airflow/example_dags/example_task_group.py
[2026-05-16T03:35:07.221+0000] {processor.py:840} INFO - DAG(s) 'example_task_group' retrieved from /home/airflow/.local/lib/python3.8/site-packages/airflow/example_dags/example_task_group.py
[2026-05-16T03:35:07.268+0000] {logging_mixin.py:188} INFO - [2026-05-16T03:35:07.268+0000] {dag.py:3036} INFO - Sync 1 DAGs
[2026-05-16T03:35:07.313+0000] {logging_mixin.py:188} INFO - [2026-05-16T03:35:07.313+0000] {dag.py:3823} INFO - Setting next_dagrun for example_task_group to 2026-05-15 00:00:00+00:00, run_after=2026-05-16 00:00:00+00:00
[2026-05-16T03:35:07.345+0000] {processor.py:183} INFO - Processing /home/airflow/.local/lib/python3.8/site-packages/airflow/example_dags/example_task_group.py took 0.150 seconds
[2026-05-16T03:35:37.513+0000] {processor.py:161} INFO - Started process (PID=6690) to work on /home/airflow/.local/lib/python3.8/site-packages/airflow/example_dags/example_task_group.py
[2026-05-16T03:35:37.514+0000] {processor.py:830} INFO - Processing file /home/airflow/.local/lib/python3.8/site-packages/airflow/example_dags/example_task_group.py for tasks to queue
[2026-05-16T03:35:37.517+0000] {logging_mixin.py:188} INFO - [2026-05-16T03:35:37.517+0000] {dagbag.py:538} INFO - Filling up the DagBag from /home/airflow/.local/lib/python3.8/site-packages/airflow/example_dags/example_task_group.py
[2026-05-16T03:35:37.530+0000] {processor.py:840} INFO - DAG(s) 'example_task_group' retrieved from /home/airflow/.local/lib/python3.8/site-packages/airflow/example_dags/example_task_group.py
[2026-05-16T03:35:37.573+0000] {logging_mixin.py:188} INFO - [2026-05-16T03:35:37.572+0000] {dag.py:3036} INFO - Sync 1 DAGs
[2026-05-16T03:35:37.617+0000] {logging_mixin.py:188} INFO - [2026-05-16T03:35:37.616+0000] {dag.py:3823} INFO - Setting next_dagrun for example_task_group to 2026-05-15 00:00:00+00:00, run_after=2026-05-16 00:00:00+00:00
[2026-05-16T03:35:37.650+0000] {processor.py:183} INFO - Processing /home/airflow/.local/lib/python3.8/site-packages/airflow/example_dags/example_task_group.py took 0.143 seconds
[2026-05-16T03:36:07.759+0000] {processor.py:161} INFO - Started process (PID=6755) to work on /home/airflow/.local/lib/python3.8/site-packages/airflow/example_dags/example_task_group.py
[2026-05-16T03:36:07.761+0000] {processor.py:830} INFO - Processing file /home/airflow/.local/lib/python3.8/site-packages/airflow/example_dags/example_task_group.py for tasks to queue
[2026-05-16T03:36:07.764+0000] {logging_mixin.py:188} INFO - [2026-05-16T03:36:07.764+0000] {dagbag.py:538} INFO - Filling up the DagBag from /home/airflow/.local/lib/python3.8/site-packages/airflow/example_dags/example_task_group.py
[2026-05-16T03:36:07.776+0000] {processor.py:840} INFO - DAG(s) 'example_task_group' retrieved from /home/airflow/.local/lib/python3.8/site-packages/airflow/example_dags/example_task_group.py
[2026-05-16T03:36:07.820+0000] {logging_mixin.py:188} INFO - [2026-05-16T03:36:07.820+0000] {dag.py:3036} INFO - Sync 1 DAGs
[2026-05-16T03:36:07.861+0000] {logging_mixin.py:188} INFO - [2026-05-16T03:36:07.860+0000] {dag.py:3823} INFO - Setting next_dagrun for example_task_group to 2026-05-15 00:00:00+00:00, run_after=2026-05-16 00:00:00+00:00
[2026-05-16T03:36:07.893+0000] {processor.py:183} INFO - Processing /home/airflow/.local/lib/python3.8/site-packages/airflow/example_dags/example_task_group.py took 0.139 seconds
[2026-05-16T03:36:38.350+0000] {processor.py:161} INFO - Started process (PID=6820) to work on /home/airflow/.local/lib/python3.8/site-packages/airflow/example_dags/example_task_group.py
[2026-05-16T03:36:38.352+0000] {processor.py:830} INFO - Processing file /home/airflow/.local/lib/python3.8/site-packages/airflow/example_dags/example_task_group.py for tasks to queue
[2026-05-16T03:36:38.355+0000] {logging_mixin.py:188} INFO - [2026-05-16T03:36:38.354+0000] {dagbag.py:538} INFO - Filling up the DagBag from /home/airflow/.local/lib/python3.8/site-packages/airflow/example_dags/example_task_group.py
[2026-05-16T03:36:38.365+0000] {processor.py:840} INFO - DAG(s) 'example_task_group' retrieved from /home/airflow/.local/lib/python3.8/site-packages/airflow/example_dags/example_task_group.py
[2026-05-16T03:36:38.412+0000] {logging_mixin.py:188} INFO - [2026-05-16T03:36:38.412+0000] {dag.py:3036} INFO - Sync 1 DAGs
[2026-05-16T03:36:38.457+0000] {logging_mixin.py:188} INFO - [2026-05-16T03:36:38.457+0000] {dag.py:3823} INFO - Setting next_dagrun for example_task_group to 2026-05-15 00:00:00+00:00, run_after=2026-05-16 00:00:00+00:00
[2026-05-16T03:36:38.492+0000] {processor.py:183} INFO - Processing /home/airflow/.local/lib/python3.8/site-packages/airflow/example_dags/example_task_group.py took 0.148 seconds
[2026-05-16T03:37:08.819+0000] {processor.py:161} INFO - Started process (PID=6891) to work on /home/airflow/.local/lib/python3.8/site-packages/airflow/example_dags/example_task_group.py
[2026-05-16T03:37:08.821+0000] {processor.py:830} INFO - Processing file /home/airflow/.local/lib/python3.8/site-packages/airflow/example_dags/example_task_group.py for tasks to queue
[2026-05-16T03:37:08.823+0000] {logging_mixin.py:188} INFO - [2026-05-16T03:37:08.823+0000] {dagbag.py:538} INFO - Filling up the DagBag from /home/airflow/.local/lib/python3.8/site-packages/airflow/example_dags/example_task_group.py
[2026-05-16T03:37:08.834+0000] {processor.py:840} INFO - DAG(s) 'example_task_group' retrieved from /home/airflow/.local/lib/python3.8/site-packages/airflow/example_dags/example_task_group.py
[2026-05-16T03:37:08.875+0000] {logging_mixin.py:188} INFO - [2026-05-16T03:37:08.874+0000] {dag.py:3036} INFO - Sync 1 DAGs
[2026-05-16T03:37:08.917+0000] {logging_mixin.py:188} INFO - [2026-05-16T03:37:08.916+0000] {dag.py:3823} INFO - Setting next_dagrun for example_task_group to 2026-05-15 00:00:00+00:00, run_after=2026-05-16 00:00:00+00:00
[2026-05-16T03:37:08.951+0000] {processor.py:183} INFO - Processing /home/airflow/.local/lib/python3.8/site-packages/airflow/example_dags/example_task_group.py took 0.137 seconds
[2026-05-16T03:37:39.037+0000] {processor.py:161} INFO - Started process (PID=6957) to work on /home/airflow/.local/lib/python3.8/site-packages/airflow/example_dags/example_task_group.py
[2026-05-16T03:37:39.039+0000] {processor.py:830} INFO - Processing file /home/airflow/.local/lib/python3.8/site-packages/airflow/example_dags/example_task_group.py for tasks to queue
[2026-05-16T03:37:39.043+0000] {logging_mixin.py:188} INFO - [2026-05-16T03:37:39.042+0000] {dagbag.py:538} INFO - Filling up the DagBag from /home/airflow/.local/lib/python3.8/site-packages/airflow/example_dags/example_task_group.py
[2026-05-16T03:37:39.057+0000] {processor.py:840} INFO - DAG(s) 'example_task_group' retrieved from /home/airflow/.local/lib/python3.8/site-packages/airflow/example_dags/example_task_group.py
[2026-05-16T03:37:39.099+0000] {logging_mixin.py:188} INFO - [2026-05-16T03:37:39.098+0000] {dag.py:3036} INFO - Sync 1 DAGs
[2026-05-16T03:37:39.137+0000] {logging_mixin.py:188} INFO - [2026-05-16T03:37:39.137+0000] {dag.py:3823} INFO - Setting next_dagrun for example_task_group to 2026-05-15 00:00:00+00:00, run_after=2026-05-16 00:00:00+00:00
[2026-05-16T03:37:39.168+0000] {processor.py:183} INFO - Processing /home/airflow/.local/lib/python3.8/site-packages/airflow/example_dags/example_task_group.py took 0.136 seconds
[2026-05-16T03:38:09.421+0000] {processor.py:161} INFO - Started process (PID=7021) to work on /home/airflow/.local/lib/python3.8/site-packages/airflow/example_dags/example_task_group.py
[2026-05-16T03:38:09.423+0000] {processor.py:830} INFO - Processing file /home/airflow/.local/lib/python3.8/site-packages/airflow/example_dags/example_task_group.py for tasks to queue
[2026-05-16T03:38:09.426+0000] {logging_mixin.py:188} INFO - [2026-05-16T03:38:09.426+0000] {dagbag.py:538} INFO - Filling up the DagBag from /home/airflow/.local/lib/python3.8/site-packages/airflow/example_dags/example_task_group.py
[2026-05-16T03:38:09.438+0000] {processor.py:840} INFO - DAG(s) 'example_task_group' retrieved from /home/airflow/.local/lib/python3.8/site-packages/airflow/example_dags/example_task_group.py
[2026-05-16T03:38:09.484+0000] {logging_mixin.py:188} INFO - [2026-05-16T03:38:09.484+0000] {dag.py:3036} INFO - Sync 1 DAGs
[2026-05-16T03:38:09.521+0000] {logging_mixin.py:188} INFO - [2026-05-16T03:38:09.521+0000] {dag.py:3823} INFO - Setting next_dagrun for example_task_group to 2026-05-15 00:00:00+00:00, run_after=2026-05-16 00:00:00+00:00
[2026-05-16T03:38:09.553+0000] {processor.py:183} INFO - Processing /home/airflow/.local/lib/python3.8/site-packages/airflow/example_dags/example_task_group.py took 0.137 seconds
[2026-05-16T03:38:40.158+0000] {processor.py:161} INFO - Started process (PID=7086) to work on /home/airflow/.local/lib/python3.8/site-packages/airflow/example_dags/example_task_group.py
[2026-05-16T03:38:40.160+0000] {processor.py:830} INFO - Processing file /home/airflow/.local/lib/python3.8/site-packages/airflow/example_dags/example_task_group.py for tasks to queue
[2026-05-16T03:38:40.163+0000] {logging_mixin.py:188} INFO - [2026-05-16T03:38:40.163+0000] {dagbag.py:538} INFO - Filling up the DagBag from /home/airflow/.local/lib/python3.8/site-packages/airflow/example_dags/example_task_group.py
[2026-05-16T03:38:40.177+0000] {processor.py:840} INFO - DAG(s) 'example_task_group' retrieved from /home/airflow/.local/lib/python3.8/site-packages/airflow/example_dags/example_task_group.py
[2026-05-16T03:38:40.225+0000] {logging_mixin.py:188} INFO - [2026-05-16T03:38:40.224+0000] {dag.py:3036} INFO - Sync 1 DAGs
[2026-05-16T03:38:40.269+0000] {logging_mixin.py:188} INFO - [2026-05-16T03:38:40.269+0000] {dag.py:3823} INFO - Setting next_dagrun for example_task_group to 2026-05-15 00:00:00+00:00, run_after=2026-05-16 00:00:00+00:00
[2026-05-16T03:38:40.304+0000] {processor.py:183} INFO - Processing /home/airflow/.local/lib/python3.8/site-packages/airflow/example_dags/example_task_group.py took 0.152 seconds
[2026-05-16T03:39:10.989+0000] {processor.py:161} INFO - Started process (PID=7150) to work on /home/airflow/.local/lib/python3.8/site-packages/airflow/example_dags/example_task_group.py
[2026-05-16T03:39:10.992+0000] {processor.py:830} INFO - Processing file /home/airflow/.local/lib/python3.8/site-packages/airflow/example_dags/example_task_group.py for tasks to queue
[2026-05-16T03:39:10.995+0000] {logging_mixin.py:188} INFO - [2026-05-16T03:39:10.994+0000] {dagbag.py:538} INFO - Filling up the DagBag from /home/airflow/.local/lib/python3.8/site-packages/airflow/example_dags/example_task_group.py
[2026-05-16T03:39:11.008+0000] {processor.py:840} INFO - DAG(s) 'example_task_group' retrieved from /home/airflow/.local/lib/python3.8/site-packages/airflow/example_dags/example_task_group.py
[2026-05-16T03:39:11.050+0000] {logging_mixin.py:188} INFO - [2026-05-16T03:39:11.049+0000] {dag.py:3036} INFO - Sync 1 DAGs
[2026-05-16T03:39:11.088+0000] {logging_mixin.py:188} INFO - [2026-05-16T03:39:11.087+0000] {dag.py:3823} INFO - Setting next_dagrun for example_task_group to 2026-05-15 00:00:00+00:00, run_after=2026-05-16 00:00:00+00:00
[2026-05-16T03:39:11.115+0000] {processor.py:183} INFO - Processing /home/airflow/.local/lib/python3.8/site-packages/airflow/example_dags/example_task_group.py took 0.131 seconds
