[2026-05-16T02:44:21.533+0000] {processor.py:161} INFO - Started process (PID=95) to work on /home/airflow/.local/lib/python3.8/site-packages/airflow/example_dags/example_latest_only_with_trigger.py
[2026-05-16T02:44:21.535+0000] {processor.py:830} INFO - Processing file /home/airflow/.local/lib/python3.8/site-packages/airflow/example_dags/example_latest_only_with_trigger.py for tasks to queue
[2026-05-16T02:44:21.537+0000] {logging_mixin.py:188} INFO - [2026-05-16T02:44:21.537+0000] {dagbag.py:538} INFO - Filling up the DagBag from /home/airflow/.local/lib/python3.8/site-packages/airflow/example_dags/example_latest_only_with_trigger.py
[2026-05-16T02:44:21.549+0000] {processor.py:840} INFO - DAG(s) 'latest_only_with_trigger' retrieved from /home/airflow/.local/lib/python3.8/site-packages/airflow/example_dags/example_latest_only_with_trigger.py
[2026-05-16T02:44:21.765+0000] {logging_mixin.py:188} INFO - [2026-05-16T02:44:21.764+0000] {dag.py:3036} INFO - Sync 1 DAGs
[2026-05-16T02:44:21.813+0000] {logging_mixin.py:188} INFO - [2026-05-16T02:44:21.813+0000] {dag.py:3823} INFO - Setting next_dagrun for latest_only_with_trigger to 2026-05-15 20:00:00+00:00, run_after=2026-05-16 00:00:00+00:00
[2026-05-16T02:44:21.848+0000] {processor.py:183} INFO - Processing /home/airflow/.local/lib/python3.8/site-packages/airflow/example_dags/example_latest_only_with_trigger.py took 0.320 seconds
[2026-05-16T02:44:52.301+0000] {processor.py:161} INFO - Started process (PID=161) to work on /home/airflow/.local/lib/python3.8/site-packages/airflow/example_dags/example_latest_only_with_trigger.py
[2026-05-16T02:44:52.302+0000] {processor.py:830} INFO - Processing file /home/airflow/.local/lib/python3.8/site-packages/airflow/example_dags/example_latest_only_with_trigger.py for tasks to queue
[2026-05-16T02:44:52.305+0000] {logging_mixin.py:188} INFO - [2026-05-16T02:44:52.304+0000] {dagbag.py:538} INFO - Filling up the DagBag from /home/airflow/.local/lib/python3.8/site-packages/airflow/example_dags/example_latest_only_with_trigger.py
[2026-05-16T02:44:52.314+0000] {processor.py:840} INFO - DAG(s) 'latest_only_with_trigger' retrieved from /home/airflow/.local/lib/python3.8/site-packages/airflow/example_dags/example_latest_only_with_trigger.py
[2026-05-16T02:44:52.355+0000] {logging_mixin.py:188} INFO - [2026-05-16T02:44:52.355+0000] {dag.py:3036} INFO - Sync 1 DAGs
[2026-05-16T02:44:52.393+0000] {logging_mixin.py:188} INFO - [2026-05-16T02:44:52.393+0000] {dag.py:3823} INFO - Setting next_dagrun for latest_only_with_trigger to 2026-05-15 20:00:00+00:00, run_after=2026-05-16 00:00:00+00:00
[2026-05-16T02:44:52.423+0000] {processor.py:183} INFO - Processing /home/airflow/.local/lib/python3.8/site-packages/airflow/example_dags/example_latest_only_with_trigger.py took 0.128 seconds
[2026-05-16T02:45:22.575+0000] {processor.py:161} INFO - Started process (PID=226) to work on /home/airflow/.local/lib/python3.8/site-packages/airflow/example_dags/example_latest_only_with_trigger.py
[2026-05-16T02:45:22.577+0000] {processor.py:830} INFO - Processing file /home/airflow/.local/lib/python3.8/site-packages/airflow/example_dags/example_latest_only_with_trigger.py for tasks to queue
[2026-05-16T02:45:22.579+0000] {logging_mixin.py:188} INFO - [2026-05-16T02:45:22.579+0000] {dagbag.py:538} INFO - Filling up the DagBag from /home/airflow/.local/lib/python3.8/site-packages/airflow/example_dags/example_latest_only_with_trigger.py
[2026-05-16T02:45:22.589+0000] {processor.py:840} INFO - DAG(s) 'latest_only_with_trigger' retrieved from /home/airflow/.local/lib/python3.8/site-packages/airflow/example_dags/example_latest_only_with_trigger.py
[2026-05-16T02:45:22.629+0000] {logging_mixin.py:188} INFO - [2026-05-16T02:45:22.629+0000] {dag.py:3036} INFO - Sync 1 DAGs
[2026-05-16T02:45:22.668+0000] {logging_mixin.py:188} INFO - [2026-05-16T02:45:22.668+0000] {dag.py:3823} INFO - Setting next_dagrun for latest_only_with_trigger to 2026-05-15 20:00:00+00:00, run_after=2026-05-16 00:00:00+00:00
[2026-05-16T02:45:22.708+0000] {processor.py:183} INFO - Processing /home/airflow/.local/lib/python3.8/site-packages/airflow/example_dags/example_latest_only_with_trigger.py took 0.139 seconds
[2026-05-16T02:45:52.955+0000] {processor.py:161} INFO - Started process (PID=290) to work on /home/airflow/.local/lib/python3.8/site-packages/airflow/example_dags/example_latest_only_with_trigger.py
[2026-05-16T02:45:52.956+0000] {processor.py:830} INFO - Processing file /home/airflow/.local/lib/python3.8/site-packages/airflow/example_dags/example_latest_only_with_trigger.py for tasks to queue
[2026-05-16T02:45:52.959+0000] {logging_mixin.py:188} INFO - [2026-05-16T02:45:52.958+0000] {dagbag.py:538} INFO - Filling up the DagBag from /home/airflow/.local/lib/python3.8/site-packages/airflow/example_dags/example_latest_only_with_trigger.py
[2026-05-16T02:45:52.968+0000] {processor.py:840} INFO - DAG(s) 'latest_only_with_trigger' retrieved from /home/airflow/.local/lib/python3.8/site-packages/airflow/example_dags/example_latest_only_with_trigger.py
[2026-05-16T02:45:53.005+0000] {logging_mixin.py:188} INFO - [2026-05-16T02:45:53.004+0000] {dag.py:3036} INFO - Sync 1 DAGs
[2026-05-16T02:45:53.045+0000] {logging_mixin.py:188} INFO - [2026-05-16T02:45:53.045+0000] {dag.py:3823} INFO - Setting next_dagrun for latest_only_with_trigger to 2026-05-15 20:00:00+00:00, run_after=2026-05-16 00:00:00+00:00
[2026-05-16T02:45:53.075+0000] {processor.py:183} INFO - Processing /home/airflow/.local/lib/python3.8/site-packages/airflow/example_dags/example_latest_only_with_trigger.py took 0.126 seconds
[2026-05-16T02:46:23.385+0000] {processor.py:161} INFO - Started process (PID=355) to work on /home/airflow/.local/lib/python3.8/site-packages/airflow/example_dags/example_latest_only_with_trigger.py
[2026-05-16T02:46:23.387+0000] {processor.py:830} INFO - Processing file /home/airflow/.local/lib/python3.8/site-packages/airflow/example_dags/example_latest_only_with_trigger.py for tasks to queue
[2026-05-16T02:46:23.390+0000] {logging_mixin.py:188} INFO - [2026-05-16T02:46:23.390+0000] {dagbag.py:538} INFO - Filling up the DagBag from /home/airflow/.local/lib/python3.8/site-packages/airflow/example_dags/example_latest_only_with_trigger.py
[2026-05-16T02:46:23.400+0000] {processor.py:840} INFO - DAG(s) 'latest_only_with_trigger' retrieved from /home/airflow/.local/lib/python3.8/site-packages/airflow/example_dags/example_latest_only_with_trigger.py
[2026-05-16T02:46:23.451+0000] {logging_mixin.py:188} INFO - [2026-05-16T02:46:23.451+0000] {dag.py:3036} INFO - Sync 1 DAGs
[2026-05-16T02:46:23.496+0000] {logging_mixin.py:188} INFO - [2026-05-16T02:46:23.496+0000] {dag.py:3823} INFO - Setting next_dagrun for latest_only_with_trigger to 2026-05-15 20:00:00+00:00, run_after=2026-05-16 00:00:00+00:00
[2026-05-16T02:46:23.532+0000] {processor.py:183} INFO - Processing /home/airflow/.local/lib/python3.8/site-packages/airflow/example_dags/example_latest_only_with_trigger.py took 0.153 seconds
[2026-05-16T02:46:53.742+0000] {processor.py:161} INFO - Started process (PID=419) to work on /home/airflow/.local/lib/python3.8/site-packages/airflow/example_dags/example_latest_only_with_trigger.py
[2026-05-16T02:46:53.744+0000] {processor.py:830} INFO - Processing file /home/airflow/.local/lib/python3.8/site-packages/airflow/example_dags/example_latest_only_with_trigger.py for tasks to queue
[2026-05-16T02:46:53.747+0000] {logging_mixin.py:188} INFO - [2026-05-16T02:46:53.746+0000] {dagbag.py:538} INFO - Filling up the DagBag from /home/airflow/.local/lib/python3.8/site-packages/airflow/example_dags/example_latest_only_with_trigger.py
[2026-05-16T02:46:53.757+0000] {processor.py:840} INFO - DAG(s) 'latest_only_with_trigger' retrieved from /home/airflow/.local/lib/python3.8/site-packages/airflow/example_dags/example_latest_only_with_trigger.py
[2026-05-16T02:46:53.797+0000] {logging_mixin.py:188} INFO - [2026-05-16T02:46:53.797+0000] {dag.py:3036} INFO - Sync 1 DAGs
[2026-05-16T02:46:53.842+0000] {logging_mixin.py:188} INFO - [2026-05-16T02:46:53.842+0000] {dag.py:3823} INFO - Setting next_dagrun for latest_only_with_trigger to 2026-05-15 20:00:00+00:00, run_after=2026-05-16 00:00:00+00:00
[2026-05-16T02:46:53.875+0000] {processor.py:183} INFO - Processing /home/airflow/.local/lib/python3.8/site-packages/airflow/example_dags/example_latest_only_with_trigger.py took 0.138 seconds
[2026-05-16T02:47:24.290+0000] {processor.py:161} INFO - Started process (PID=483) to work on /home/airflow/.local/lib/python3.8/site-packages/airflow/example_dags/example_latest_only_with_trigger.py
[2026-05-16T02:47:24.292+0000] {processor.py:830} INFO - Processing file /home/airflow/.local/lib/python3.8/site-packages/airflow/example_dags/example_latest_only_with_trigger.py for tasks to queue
[2026-05-16T02:47:24.295+0000] {logging_mixin.py:188} INFO - [2026-05-16T02:47:24.294+0000] {dagbag.py:538} INFO - Filling up the DagBag from /home/airflow/.local/lib/python3.8/site-packages/airflow/example_dags/example_latest_only_with_trigger.py
[2026-05-16T02:47:24.304+0000] {processor.py:840} INFO - DAG(s) 'latest_only_with_trigger' retrieved from /home/airflow/.local/lib/python3.8/site-packages/airflow/example_dags/example_latest_only_with_trigger.py
[2026-05-16T02:47:24.346+0000] {logging_mixin.py:188} INFO - [2026-05-16T02:47:24.346+0000] {dag.py:3036} INFO - Sync 1 DAGs
[2026-05-16T02:47:24.392+0000] {logging_mixin.py:188} INFO - [2026-05-16T02:47:24.392+0000] {dag.py:3823} INFO - Setting next_dagrun for latest_only_with_trigger to 2026-05-15 20:00:00+00:00, run_after=2026-05-16 00:00:00+00:00
[2026-05-16T02:47:24.435+0000] {processor.py:183} INFO - Processing /home/airflow/.local/lib/python3.8/site-packages/airflow/example_dags/example_latest_only_with_trigger.py took 0.150 seconds
[2026-05-16T02:47:54.935+0000] {processor.py:161} INFO - Started process (PID=548) to work on /home/airflow/.local/lib/python3.8/site-packages/airflow/example_dags/example_latest_only_with_trigger.py
[2026-05-16T02:47:54.937+0000] {processor.py:830} INFO - Processing file /home/airflow/.local/lib/python3.8/site-packages/airflow/example_dags/example_latest_only_with_trigger.py for tasks to queue
[2026-05-16T02:47:54.941+0000] {logging_mixin.py:188} INFO - [2026-05-16T02:47:54.940+0000] {dagbag.py:538} INFO - Filling up the DagBag from /home/airflow/.local/lib/python3.8/site-packages/airflow/example_dags/example_latest_only_with_trigger.py
[2026-05-16T02:47:54.952+0000] {processor.py:840} INFO - DAG(s) 'latest_only_with_trigger' retrieved from /home/airflow/.local/lib/python3.8/site-packages/airflow/example_dags/example_latest_only_with_trigger.py
[2026-05-16T02:47:55.015+0000] {logging_mixin.py:188} INFO - [2026-05-16T02:47:55.014+0000] {dag.py:3036} INFO - Sync 1 DAGs
[2026-05-16T02:47:55.070+0000] {logging_mixin.py:188} INFO - [2026-05-16T02:47:55.069+0000] {dag.py:3823} INFO - Setting next_dagrun for latest_only_with_trigger to 2026-05-15 20:00:00+00:00, run_after=2026-05-16 00:00:00+00:00
[2026-05-16T02:47:55.129+0000] {processor.py:183} INFO - Processing /home/airflow/.local/lib/python3.8/site-packages/airflow/example_dags/example_latest_only_with_trigger.py took 0.200 seconds
[2026-05-16T02:48:25.956+0000] {processor.py:161} INFO - Started process (PID=622) to work on /home/airflow/.local/lib/python3.8/site-packages/airflow/example_dags/example_latest_only_with_trigger.py
[2026-05-16T02:48:25.957+0000] {processor.py:830} INFO - Processing file /home/airflow/.local/lib/python3.8/site-packages/airflow/example_dags/example_latest_only_with_trigger.py for tasks to queue
[2026-05-16T02:48:25.960+0000] {logging_mixin.py:188} INFO - [2026-05-16T02:48:25.960+0000] {dagbag.py:538} INFO - Filling up the DagBag from /home/airflow/.local/lib/python3.8/site-packages/airflow/example_dags/example_latest_only_with_trigger.py
[2026-05-16T02:48:25.971+0000] {processor.py:840} INFO - DAG(s) 'latest_only_with_trigger' retrieved from /home/airflow/.local/lib/python3.8/site-packages/airflow/example_dags/example_latest_only_with_trigger.py
[2026-05-16T02:48:26.016+0000] {logging_mixin.py:188} INFO - [2026-05-16T02:48:26.016+0000] {dag.py:3036} INFO - Sync 1 DAGs
[2026-05-16T02:48:26.063+0000] {logging_mixin.py:188} INFO - [2026-05-16T02:48:26.063+0000] {dag.py:3823} INFO - Setting next_dagrun for latest_only_with_trigger to 2026-05-15 20:00:00+00:00, run_after=2026-05-16 00:00:00+00:00
[2026-05-16T02:48:26.100+0000] {processor.py:183} INFO - Processing /home/airflow/.local/lib/python3.8/site-packages/airflow/example_dags/example_latest_only_with_trigger.py took 0.150 seconds
[2026-05-16T02:48:56.176+0000] {processor.py:161} INFO - Started process (PID=685) to work on /home/airflow/.local/lib/python3.8/site-packages/airflow/example_dags/example_latest_only_with_trigger.py
[2026-05-16T02:48:56.177+0000] {processor.py:830} INFO - Processing file /home/airflow/.local/lib/python3.8/site-packages/airflow/example_dags/example_latest_only_with_trigger.py for tasks to queue
[2026-05-16T02:48:56.180+0000] {logging_mixin.py:188} INFO - [2026-05-16T02:48:56.179+0000] {dagbag.py:538} INFO - Filling up the DagBag from /home/airflow/.local/lib/python3.8/site-packages/airflow/example_dags/example_latest_only_with_trigger.py
[2026-05-16T02:48:56.189+0000] {processor.py:840} INFO - DAG(s) 'latest_only_with_trigger' retrieved from /home/airflow/.local/lib/python3.8/site-packages/airflow/example_dags/example_latest_only_with_trigger.py
[2026-05-16T02:48:56.227+0000] {logging_mixin.py:188} INFO - [2026-05-16T02:48:56.226+0000] {dag.py:3036} INFO - Sync 1 DAGs
[2026-05-16T02:48:56.265+0000] {logging_mixin.py:188} INFO - [2026-05-16T02:48:56.264+0000] {dag.py:3823} INFO - Setting next_dagrun for latest_only_with_trigger to 2026-05-15 20:00:00+00:00, run_after=2026-05-16 00:00:00+00:00
[2026-05-16T02:48:56.299+0000] {processor.py:183} INFO - Processing /home/airflow/.local/lib/python3.8/site-packages/airflow/example_dags/example_latest_only_with_trigger.py took 0.128 seconds
[2026-05-16T02:49:26.632+0000] {processor.py:161} INFO - Started process (PID=749) to work on /home/airflow/.local/lib/python3.8/site-packages/airflow/example_dags/example_latest_only_with_trigger.py
[2026-05-16T02:49:26.634+0000] {processor.py:830} INFO - Processing file /home/airflow/.local/lib/python3.8/site-packages/airflow/example_dags/example_latest_only_with_trigger.py for tasks to queue
[2026-05-16T02:49:26.637+0000] {logging_mixin.py:188} INFO - [2026-05-16T02:49:26.636+0000] {dagbag.py:538} INFO - Filling up the DagBag from /home/airflow/.local/lib/python3.8/site-packages/airflow/example_dags/example_latest_only_with_trigger.py
[2026-05-16T02:49:26.645+0000] {processor.py:840} INFO - DAG(s) 'latest_only_with_trigger' retrieved from /home/airflow/.local/lib/python3.8/site-packages/airflow/example_dags/example_latest_only_with_trigger.py
[2026-05-16T02:49:26.685+0000] {logging_mixin.py:188} INFO - [2026-05-16T02:49:26.684+0000] {dag.py:3036} INFO - Sync 1 DAGs
[2026-05-16T02:49:26.723+0000] {logging_mixin.py:188} INFO - [2026-05-16T02:49:26.722+0000] {dag.py:3823} INFO - Setting next_dagrun for latest_only_with_trigger to 2026-05-15 20:00:00+00:00, run_after=2026-05-16 00:00:00+00:00
[2026-05-16T02:49:26.756+0000] {processor.py:183} INFO - Processing /home/airflow/.local/lib/python3.8/site-packages/airflow/example_dags/example_latest_only_with_trigger.py took 0.128 seconds
[2026-05-16T02:49:56.888+0000] {processor.py:161} INFO - Started process (PID=814) to work on /home/airflow/.local/lib/python3.8/site-packages/airflow/example_dags/example_latest_only_with_trigger.py
[2026-05-16T02:49:56.890+0000] {processor.py:830} INFO - Processing file /home/airflow/.local/lib/python3.8/site-packages/airflow/example_dags/example_latest_only_with_trigger.py for tasks to queue
[2026-05-16T02:49:56.893+0000] {logging_mixin.py:188} INFO - [2026-05-16T02:49:56.892+0000] {dagbag.py:538} INFO - Filling up the DagBag from /home/airflow/.local/lib/python3.8/site-packages/airflow/example_dags/example_latest_only_with_trigger.py
[2026-05-16T02:49:56.904+0000] {processor.py:840} INFO - DAG(s) 'latest_only_with_trigger' retrieved from /home/airflow/.local/lib/python3.8/site-packages/airflow/example_dags/example_latest_only_with_trigger.py
[2026-05-16T02:49:56.943+0000] {logging_mixin.py:188} INFO - [2026-05-16T02:49:56.942+0000] {dag.py:3036} INFO - Sync 1 DAGs
[2026-05-16T02:49:56.976+0000] {logging_mixin.py:188} INFO - [2026-05-16T02:49:56.976+0000] {dag.py:3823} INFO - Setting next_dagrun for latest_only_with_trigger to 2026-05-15 20:00:00+00:00, run_after=2026-05-16 00:00:00+00:00
[2026-05-16T02:49:57.004+0000] {processor.py:183} INFO - Processing /home/airflow/.local/lib/python3.8/site-packages/airflow/example_dags/example_latest_only_with_trigger.py took 0.121 seconds
[2026-05-16T02:50:27.232+0000] {processor.py:161} INFO - Started process (PID=878) to work on /home/airflow/.local/lib/python3.8/site-packages/airflow/example_dags/example_latest_only_with_trigger.py
[2026-05-16T02:50:27.234+0000] {processor.py:830} INFO - Processing file /home/airflow/.local/lib/python3.8/site-packages/airflow/example_dags/example_latest_only_with_trigger.py for tasks to queue
[2026-05-16T02:50:27.236+0000] {logging_mixin.py:188} INFO - [2026-05-16T02:50:27.236+0000] {dagbag.py:538} INFO - Filling up the DagBag from /home/airflow/.local/lib/python3.8/site-packages/airflow/example_dags/example_latest_only_with_trigger.py
[2026-05-16T02:50:27.245+0000] {processor.py:840} INFO - DAG(s) 'latest_only_with_trigger' retrieved from /home/airflow/.local/lib/python3.8/site-packages/airflow/example_dags/example_latest_only_with_trigger.py
[2026-05-16T02:50:27.281+0000] {logging_mixin.py:188} INFO - [2026-05-16T02:50:27.280+0000] {dag.py:3036} INFO - Sync 1 DAGs
[2026-05-16T02:50:27.317+0000] {logging_mixin.py:188} INFO - [2026-05-16T02:50:27.317+0000] {dag.py:3823} INFO - Setting next_dagrun for latest_only_with_trigger to 2026-05-15 20:00:00+00:00, run_after=2026-05-16 00:00:00+00:00
[2026-05-16T02:50:27.348+0000] {processor.py:183} INFO - Processing /home/airflow/.local/lib/python3.8/site-packages/airflow/example_dags/example_latest_only_with_trigger.py took 0.121 seconds
[2026-05-16T02:50:57.792+0000] {processor.py:161} INFO - Started process (PID=943) to work on /home/airflow/.local/lib/python3.8/site-packages/airflow/example_dags/example_latest_only_with_trigger.py
[2026-05-16T02:50:57.794+0000] {processor.py:830} INFO - Processing file /home/airflow/.local/lib/python3.8/site-packages/airflow/example_dags/example_latest_only_with_trigger.py for tasks to queue
[2026-05-16T02:50:57.797+0000] {logging_mixin.py:188} INFO - [2026-05-16T02:50:57.797+0000] {dagbag.py:538} INFO - Filling up the DagBag from /home/airflow/.local/lib/python3.8/site-packages/airflow/example_dags/example_latest_only_with_trigger.py
[2026-05-16T02:50:57.808+0000] {processor.py:840} INFO - DAG(s) 'latest_only_with_trigger' retrieved from /home/airflow/.local/lib/python3.8/site-packages/airflow/example_dags/example_latest_only_with_trigger.py
[2026-05-16T02:50:57.856+0000] {logging_mixin.py:188} INFO - [2026-05-16T02:50:57.856+0000] {dag.py:3036} INFO - Sync 1 DAGs
[2026-05-16T02:50:57.892+0000] {logging_mixin.py:188} INFO - [2026-05-16T02:50:57.892+0000] {dag.py:3823} INFO - Setting next_dagrun for latest_only_with_trigger to 2026-05-15 20:00:00+00:00, run_after=2026-05-16 00:00:00+00:00
[2026-05-16T02:50:57.925+0000] {processor.py:183} INFO - Processing /home/airflow/.local/lib/python3.8/site-packages/airflow/example_dags/example_latest_only_with_trigger.py took 0.138 seconds
[2026-05-16T02:51:28.343+0000] {processor.py:161} INFO - Started process (PID=1007) to work on /home/airflow/.local/lib/python3.8/site-packages/airflow/example_dags/example_latest_only_with_trigger.py
[2026-05-16T02:51:28.345+0000] {processor.py:830} INFO - Processing file /home/airflow/.local/lib/python3.8/site-packages/airflow/example_dags/example_latest_only_with_trigger.py for tasks to queue
[2026-05-16T02:51:28.348+0000] {logging_mixin.py:188} INFO - [2026-05-16T02:51:28.348+0000] {dagbag.py:538} INFO - Filling up the DagBag from /home/airflow/.local/lib/python3.8/site-packages/airflow/example_dags/example_latest_only_with_trigger.py
[2026-05-16T02:51:28.358+0000] {processor.py:840} INFO - DAG(s) 'latest_only_with_trigger' retrieved from /home/airflow/.local/lib/python3.8/site-packages/airflow/example_dags/example_latest_only_with_trigger.py
[2026-05-16T02:51:28.401+0000] {logging_mixin.py:188} INFO - [2026-05-16T02:51:28.401+0000] {dag.py:3036} INFO - Sync 1 DAGs
[2026-05-16T02:51:28.441+0000] {logging_mixin.py:188} INFO - [2026-05-16T02:51:28.441+0000] {dag.py:3823} INFO - Setting next_dagrun for latest_only_with_trigger to 2026-05-15 20:00:00+00:00, run_after=2026-05-16 00:00:00+00:00
[2026-05-16T02:51:28.472+0000] {processor.py:183} INFO - Processing /home/airflow/.local/lib/python3.8/site-packages/airflow/example_dags/example_latest_only_with_trigger.py took 0.134 seconds
[2026-05-16T02:51:59.251+0000] {processor.py:161} INFO - Started process (PID=1072) to work on /home/airflow/.local/lib/python3.8/site-packages/airflow/example_dags/example_latest_only_with_trigger.py
[2026-05-16T02:51:59.253+0000] {processor.py:830} INFO - Processing file /home/airflow/.local/lib/python3.8/site-packages/airflow/example_dags/example_latest_only_with_trigger.py for tasks to queue
[2026-05-16T02:51:59.255+0000] {logging_mixin.py:188} INFO - [2026-05-16T02:51:59.255+0000] {dagbag.py:538} INFO - Filling up the DagBag from /home/airflow/.local/lib/python3.8/site-packages/airflow/example_dags/example_latest_only_with_trigger.py
[2026-05-16T02:51:59.263+0000] {processor.py:840} INFO - DAG(s) 'latest_only_with_trigger' retrieved from /home/airflow/.local/lib/python3.8/site-packages/airflow/example_dags/example_latest_only_with_trigger.py
[2026-05-16T02:51:59.303+0000] {logging_mixin.py:188} INFO - [2026-05-16T02:51:59.302+0000] {dag.py:3036} INFO - Sync 1 DAGs
[2026-05-16T02:51:59.342+0000] {logging_mixin.py:188} INFO - [2026-05-16T02:51:59.341+0000] {dag.py:3823} INFO - Setting next_dagrun for latest_only_with_trigger to 2026-05-15 20:00:00+00:00, run_after=2026-05-16 00:00:00+00:00
[2026-05-16T02:51:59.372+0000] {processor.py:183} INFO - Processing /home/airflow/.local/lib/python3.8/site-packages/airflow/example_dags/example_latest_only_with_trigger.py took 0.126 seconds
[2026-05-16T02:52:29.524+0000] {processor.py:161} INFO - Started process (PID=1137) to work on /home/airflow/.local/lib/python3.8/site-packages/airflow/example_dags/example_latest_only_with_trigger.py
[2026-05-16T02:52:29.526+0000] {processor.py:830} INFO - Processing file /home/airflow/.local/lib/python3.8/site-packages/airflow/example_dags/example_latest_only_with_trigger.py for tasks to queue
[2026-05-16T02:52:29.528+0000] {logging_mixin.py:188} INFO - [2026-05-16T02:52:29.528+0000] {dagbag.py:538} INFO - Filling up the DagBag from /home/airflow/.local/lib/python3.8/site-packages/airflow/example_dags/example_latest_only_with_trigger.py
[2026-05-16T02:52:29.537+0000] {processor.py:840} INFO - DAG(s) 'latest_only_with_trigger' retrieved from /home/airflow/.local/lib/python3.8/site-packages/airflow/example_dags/example_latest_only_with_trigger.py
[2026-05-16T02:52:29.573+0000] {logging_mixin.py:188} INFO - [2026-05-16T02:52:29.573+0000] {dag.py:3036} INFO - Sync 1 DAGs
[2026-05-16T02:52:29.610+0000] {logging_mixin.py:188} INFO - [2026-05-16T02:52:29.610+0000] {dag.py:3823} INFO - Setting next_dagrun for latest_only_with_trigger to 2026-05-15 20:00:00+00:00, run_after=2026-05-16 00:00:00+00:00
[2026-05-16T02:52:29.638+0000] {processor.py:183} INFO - Processing /home/airflow/.local/lib/python3.8/site-packages/airflow/example_dags/example_latest_only_with_trigger.py took 0.119 seconds
[2026-05-16T02:52:59.754+0000] {processor.py:161} INFO - Started process (PID=1203) to work on /home/airflow/.local/lib/python3.8/site-packages/airflow/example_dags/example_latest_only_with_trigger.py
[2026-05-16T02:52:59.755+0000] {processor.py:830} INFO - Processing file /home/airflow/.local/lib/python3.8/site-packages/airflow/example_dags/example_latest_only_with_trigger.py for tasks to queue
[2026-05-16T02:52:59.758+0000] {logging_mixin.py:188} INFO - [2026-05-16T02:52:59.757+0000] {dagbag.py:538} INFO - Filling up the DagBag from /home/airflow/.local/lib/python3.8/site-packages/airflow/example_dags/example_latest_only_with_trigger.py
[2026-05-16T02:52:59.766+0000] {processor.py:840} INFO - DAG(s) 'latest_only_with_trigger' retrieved from /home/airflow/.local/lib/python3.8/site-packages/airflow/example_dags/example_latest_only_with_trigger.py
[2026-05-16T02:52:59.802+0000] {logging_mixin.py:188} INFO - [2026-05-16T02:52:59.802+0000] {dag.py:3036} INFO - Sync 1 DAGs
[2026-05-16T02:52:59.838+0000] {logging_mixin.py:188} INFO - [2026-05-16T02:52:59.837+0000] {dag.py:3823} INFO - Setting next_dagrun for latest_only_with_trigger to 2026-05-15 20:00:00+00:00, run_after=2026-05-16 00:00:00+00:00
[2026-05-16T02:52:59.868+0000] {processor.py:183} INFO - Processing /home/airflow/.local/lib/python3.8/site-packages/airflow/example_dags/example_latest_only_with_trigger.py took 0.119 seconds
[2026-05-16T02:53:30.504+0000] {processor.py:161} INFO - Started process (PID=1275) to work on /home/airflow/.local/lib/python3.8/site-packages/airflow/example_dags/example_latest_only_with_trigger.py
[2026-05-16T02:53:30.506+0000] {processor.py:830} INFO - Processing file /home/airflow/.local/lib/python3.8/site-packages/airflow/example_dags/example_latest_only_with_trigger.py for tasks to queue
[2026-05-16T02:53:30.510+0000] {logging_mixin.py:188} INFO - [2026-05-16T02:53:30.509+0000] {dagbag.py:538} INFO - Filling up the DagBag from /home/airflow/.local/lib/python3.8/site-packages/airflow/example_dags/example_latest_only_with_trigger.py
[2026-05-16T02:53:30.520+0000] {processor.py:840} INFO - DAG(s) 'latest_only_with_trigger' retrieved from /home/airflow/.local/lib/python3.8/site-packages/airflow/example_dags/example_latest_only_with_trigger.py
[2026-05-16T02:53:30.559+0000] {logging_mixin.py:188} INFO - [2026-05-16T02:53:30.558+0000] {dag.py:3036} INFO - Sync 1 DAGs
[2026-05-16T02:53:30.598+0000] {logging_mixin.py:188} INFO - [2026-05-16T02:53:30.597+0000] {dag.py:3823} INFO - Setting next_dagrun for latest_only_with_trigger to 2026-05-15 20:00:00+00:00, run_after=2026-05-16 00:00:00+00:00
[2026-05-16T02:53:30.631+0000] {processor.py:183} INFO - Processing /home/airflow/.local/lib/python3.8/site-packages/airflow/example_dags/example_latest_only_with_trigger.py took 0.132 seconds
[2026-05-16T02:54:01.593+0000] {processor.py:161} INFO - Started process (PID=1340) to work on /home/airflow/.local/lib/python3.8/site-packages/airflow/example_dags/example_latest_only_with_trigger.py
[2026-05-16T02:54:01.594+0000] {processor.py:830} INFO - Processing file /home/airflow/.local/lib/python3.8/site-packages/airflow/example_dags/example_latest_only_with_trigger.py for tasks to queue
[2026-05-16T02:54:01.597+0000] {logging_mixin.py:188} INFO - [2026-05-16T02:54:01.597+0000] {dagbag.py:538} INFO - Filling up the DagBag from /home/airflow/.local/lib/python3.8/site-packages/airflow/example_dags/example_latest_only_with_trigger.py
[2026-05-16T02:54:01.608+0000] {processor.py:840} INFO - DAG(s) 'latest_only_with_trigger' retrieved from /home/airflow/.local/lib/python3.8/site-packages/airflow/example_dags/example_latest_only_with_trigger.py
[2026-05-16T02:54:01.652+0000] {logging_mixin.py:188} INFO - [2026-05-16T02:54:01.652+0000] {dag.py:3036} INFO - Sync 1 DAGs
[2026-05-16T02:54:01.692+0000] {logging_mixin.py:188} INFO - [2026-05-16T02:54:01.692+0000] {dag.py:3823} INFO - Setting next_dagrun for latest_only_with_trigger to 2026-05-15 20:00:00+00:00, run_after=2026-05-16 00:00:00+00:00
[2026-05-16T02:54:01.732+0000] {processor.py:183} INFO - Processing /home/airflow/.local/lib/python3.8/site-packages/airflow/example_dags/example_latest_only_with_trigger.py took 0.144 seconds
[2026-05-16T02:54:32.273+0000] {processor.py:161} INFO - Started process (PID=1405) to work on /home/airflow/.local/lib/python3.8/site-packages/airflow/example_dags/example_latest_only_with_trigger.py
[2026-05-16T02:54:32.275+0000] {processor.py:830} INFO - Processing file /home/airflow/.local/lib/python3.8/site-packages/airflow/example_dags/example_latest_only_with_trigger.py for tasks to queue
[2026-05-16T02:54:32.278+0000] {logging_mixin.py:188} INFO - [2026-05-16T02:54:32.278+0000] {dagbag.py:538} INFO - Filling up the DagBag from /home/airflow/.local/lib/python3.8/site-packages/airflow/example_dags/example_latest_only_with_trigger.py
[2026-05-16T02:54:32.290+0000] {processor.py:840} INFO - DAG(s) 'latest_only_with_trigger' retrieved from /home/airflow/.local/lib/python3.8/site-packages/airflow/example_dags/example_latest_only_with_trigger.py
[2026-05-16T02:54:32.334+0000] {logging_mixin.py:188} INFO - [2026-05-16T02:54:32.334+0000] {dag.py:3036} INFO - Sync 1 DAGs
[2026-05-16T02:54:32.381+0000] {logging_mixin.py:188} INFO - [2026-05-16T02:54:32.381+0000] {dag.py:3823} INFO - Setting next_dagrun for latest_only_with_trigger to 2026-05-15 20:00:00+00:00, run_after=2026-05-16 00:00:00+00:00
[2026-05-16T02:54:32.424+0000] {processor.py:183} INFO - Processing /home/airflow/.local/lib/python3.8/site-packages/airflow/example_dags/example_latest_only_with_trigger.py took 0.156 seconds
[2026-05-16T02:55:02.888+0000] {processor.py:161} INFO - Started process (PID=1470) to work on /home/airflow/.local/lib/python3.8/site-packages/airflow/example_dags/example_latest_only_with_trigger.py
[2026-05-16T02:55:02.890+0000] {processor.py:830} INFO - Processing file /home/airflow/.local/lib/python3.8/site-packages/airflow/example_dags/example_latest_only_with_trigger.py for tasks to queue
[2026-05-16T02:55:02.894+0000] {logging_mixin.py:188} INFO - [2026-05-16T02:55:02.893+0000] {dagbag.py:538} INFO - Filling up the DagBag from /home/airflow/.local/lib/python3.8/site-packages/airflow/example_dags/example_latest_only_with_trigger.py
[2026-05-16T02:55:02.908+0000] {processor.py:840} INFO - DAG(s) 'latest_only_with_trigger' retrieved from /home/airflow/.local/lib/python3.8/site-packages/airflow/example_dags/example_latest_only_with_trigger.py
[2026-05-16T02:55:03.022+0000] {logging_mixin.py:188} INFO - [2026-05-16T02:55:03.022+0000] {dag.py:3036} INFO - Sync 1 DAGs
[2026-05-16T02:55:03.093+0000] {logging_mixin.py:188} INFO - [2026-05-16T02:55:03.092+0000] {dag.py:3823} INFO - Setting next_dagrun for latest_only_with_trigger to 2026-05-15 20:00:00+00:00, run_after=2026-05-16 00:00:00+00:00
[2026-05-16T02:55:03.155+0000] {processor.py:183} INFO - Processing /home/airflow/.local/lib/python3.8/site-packages/airflow/example_dags/example_latest_only_with_trigger.py took 0.276 seconds
[2026-05-16T02:55:33.377+0000] {processor.py:161} INFO - Started process (PID=1537) to work on /home/airflow/.local/lib/python3.8/site-packages/airflow/example_dags/example_latest_only_with_trigger.py
[2026-05-16T02:55:33.379+0000] {processor.py:830} INFO - Processing file /home/airflow/.local/lib/python3.8/site-packages/airflow/example_dags/example_latest_only_with_trigger.py for tasks to queue
[2026-05-16T02:55:33.381+0000] {logging_mixin.py:188} INFO - [2026-05-16T02:55:33.381+0000] {dagbag.py:538} INFO - Filling up the DagBag from /home/airflow/.local/lib/python3.8/site-packages/airflow/example_dags/example_latest_only_with_trigger.py
[2026-05-16T02:55:33.390+0000] {processor.py:840} INFO - DAG(s) 'latest_only_with_trigger' retrieved from /home/airflow/.local/lib/python3.8/site-packages/airflow/example_dags/example_latest_only_with_trigger.py
[2026-05-16T02:55:33.425+0000] {logging_mixin.py:188} INFO - [2026-05-16T02:55:33.425+0000] {dag.py:3036} INFO - Sync 1 DAGs
[2026-05-16T02:55:33.461+0000] {logging_mixin.py:188} INFO - [2026-05-16T02:55:33.461+0000] {dag.py:3823} INFO - Setting next_dagrun for latest_only_with_trigger to 2026-05-15 20:00:00+00:00, run_after=2026-05-16 00:00:00+00:00
[2026-05-16T02:55:33.494+0000] {processor.py:183} INFO - Processing /home/airflow/.local/lib/python3.8/site-packages/airflow/example_dags/example_latest_only_with_trigger.py took 0.122 seconds
[2026-05-16T02:56:03.646+0000] {processor.py:161} INFO - Started process (PID=1601) to work on /home/airflow/.local/lib/python3.8/site-packages/airflow/example_dags/example_latest_only_with_trigger.py
[2026-05-16T02:56:03.647+0000] {processor.py:830} INFO - Processing file /home/airflow/.local/lib/python3.8/site-packages/airflow/example_dags/example_latest_only_with_trigger.py for tasks to queue
[2026-05-16T02:56:03.650+0000] {logging_mixin.py:188} INFO - [2026-05-16T02:56:03.650+0000] {dagbag.py:538} INFO - Filling up the DagBag from /home/airflow/.local/lib/python3.8/site-packages/airflow/example_dags/example_latest_only_with_trigger.py
[2026-05-16T02:56:03.661+0000] {processor.py:840} INFO - DAG(s) 'latest_only_with_trigger' retrieved from /home/airflow/.local/lib/python3.8/site-packages/airflow/example_dags/example_latest_only_with_trigger.py
[2026-05-16T02:56:03.707+0000] {logging_mixin.py:188} INFO - [2026-05-16T02:56:03.706+0000] {dag.py:3036} INFO - Sync 1 DAGs
[2026-05-16T02:56:03.747+0000] {logging_mixin.py:188} INFO - [2026-05-16T02:56:03.747+0000] {dag.py:3823} INFO - Setting next_dagrun for latest_only_with_trigger to 2026-05-15 20:00:00+00:00, run_after=2026-05-16 00:00:00+00:00
[2026-05-16T02:56:03.778+0000] {processor.py:183} INFO - Processing /home/airflow/.local/lib/python3.8/site-packages/airflow/example_dags/example_latest_only_with_trigger.py took 0.137 seconds
[2026-05-16T02:56:34.049+0000] {processor.py:161} INFO - Started process (PID=1666) to work on /home/airflow/.local/lib/python3.8/site-packages/airflow/example_dags/example_latest_only_with_trigger.py
[2026-05-16T02:56:34.051+0000] {processor.py:830} INFO - Processing file /home/airflow/.local/lib/python3.8/site-packages/airflow/example_dags/example_latest_only_with_trigger.py for tasks to queue
[2026-05-16T02:56:34.054+0000] {logging_mixin.py:188} INFO - [2026-05-16T02:56:34.053+0000] {dagbag.py:538} INFO - Filling up the DagBag from /home/airflow/.local/lib/python3.8/site-packages/airflow/example_dags/example_latest_only_with_trigger.py
[2026-05-16T02:56:34.063+0000] {processor.py:840} INFO - DAG(s) 'latest_only_with_trigger' retrieved from /home/airflow/.local/lib/python3.8/site-packages/airflow/example_dags/example_latest_only_with_trigger.py
[2026-05-16T02:56:34.101+0000] {logging_mixin.py:188} INFO - [2026-05-16T02:56:34.100+0000] {dag.py:3036} INFO - Sync 1 DAGs
[2026-05-16T02:56:34.137+0000] {logging_mixin.py:188} INFO - [2026-05-16T02:56:34.137+0000] {dag.py:3823} INFO - Setting next_dagrun for latest_only_with_trigger to 2026-05-15 20:00:00+00:00, run_after=2026-05-16 00:00:00+00:00
[2026-05-16T02:56:34.168+0000] {processor.py:183} INFO - Processing /home/airflow/.local/lib/python3.8/site-packages/airflow/example_dags/example_latest_only_with_trigger.py took 0.124 seconds
[2026-05-16T02:57:04.459+0000] {processor.py:161} INFO - Started process (PID=1732) to work on /home/airflow/.local/lib/python3.8/site-packages/airflow/example_dags/example_latest_only_with_trigger.py
[2026-05-16T02:57:04.460+0000] {processor.py:830} INFO - Processing file /home/airflow/.local/lib/python3.8/site-packages/airflow/example_dags/example_latest_only_with_trigger.py for tasks to queue
[2026-05-16T02:57:04.464+0000] {logging_mixin.py:188} INFO - [2026-05-16T02:57:04.463+0000] {dagbag.py:538} INFO - Filling up the DagBag from /home/airflow/.local/lib/python3.8/site-packages/airflow/example_dags/example_latest_only_with_trigger.py
[2026-05-16T02:57:04.473+0000] {processor.py:840} INFO - DAG(s) 'latest_only_with_trigger' retrieved from /home/airflow/.local/lib/python3.8/site-packages/airflow/example_dags/example_latest_only_with_trigger.py
[2026-05-16T02:57:04.513+0000] {logging_mixin.py:188} INFO - [2026-05-16T02:57:04.513+0000] {dag.py:3036} INFO - Sync 1 DAGs
[2026-05-16T02:57:04.557+0000] {logging_mixin.py:188} INFO - [2026-05-16T02:57:04.556+0000] {dag.py:3823} INFO - Setting next_dagrun for latest_only_with_trigger to 2026-05-15 20:00:00+00:00, run_after=2026-05-16 00:00:00+00:00
[2026-05-16T02:57:04.594+0000] {processor.py:183} INFO - Processing /home/airflow/.local/lib/python3.8/site-packages/airflow/example_dags/example_latest_only_with_trigger.py took 0.140 seconds
[2026-05-16T02:57:34.846+0000] {processor.py:161} INFO - Started process (PID=1798) to work on /home/airflow/.local/lib/python3.8/site-packages/airflow/example_dags/example_latest_only_with_trigger.py
[2026-05-16T02:57:34.848+0000] {processor.py:830} INFO - Processing file /home/airflow/.local/lib/python3.8/site-packages/airflow/example_dags/example_latest_only_with_trigger.py for tasks to queue
[2026-05-16T02:57:34.851+0000] {logging_mixin.py:188} INFO - [2026-05-16T02:57:34.850+0000] {dagbag.py:538} INFO - Filling up the DagBag from /home/airflow/.local/lib/python3.8/site-packages/airflow/example_dags/example_latest_only_with_trigger.py
[2026-05-16T02:57:34.859+0000] {processor.py:840} INFO - DAG(s) 'latest_only_with_trigger' retrieved from /home/airflow/.local/lib/python3.8/site-packages/airflow/example_dags/example_latest_only_with_trigger.py
[2026-05-16T02:57:34.897+0000] {logging_mixin.py:188} INFO - [2026-05-16T02:57:34.897+0000] {dag.py:3036} INFO - Sync 1 DAGs
[2026-05-16T02:57:34.934+0000] {logging_mixin.py:188} INFO - [2026-05-16T02:57:34.934+0000] {dag.py:3823} INFO - Setting next_dagrun for latest_only_with_trigger to 2026-05-15 20:00:00+00:00, run_after=2026-05-16 00:00:00+00:00
[2026-05-16T02:57:34.966+0000] {processor.py:183} INFO - Processing /home/airflow/.local/lib/python3.8/site-packages/airflow/example_dags/example_latest_only_with_trigger.py took 0.125 seconds
[2026-05-16T02:58:05.119+0000] {processor.py:161} INFO - Started process (PID=1864) to work on /home/airflow/.local/lib/python3.8/site-packages/airflow/example_dags/example_latest_only_with_trigger.py
[2026-05-16T02:58:05.121+0000] {processor.py:830} INFO - Processing file /home/airflow/.local/lib/python3.8/site-packages/airflow/example_dags/example_latest_only_with_trigger.py for tasks to queue
[2026-05-16T02:58:05.124+0000] {logging_mixin.py:188} INFO - [2026-05-16T02:58:05.123+0000] {dagbag.py:538} INFO - Filling up the DagBag from /home/airflow/.local/lib/python3.8/site-packages/airflow/example_dags/example_latest_only_with_trigger.py
[2026-05-16T02:58:05.132+0000] {processor.py:840} INFO - DAG(s) 'latest_only_with_trigger' retrieved from /home/airflow/.local/lib/python3.8/site-packages/airflow/example_dags/example_latest_only_with_trigger.py
[2026-05-16T02:58:05.170+0000] {logging_mixin.py:188} INFO - [2026-05-16T02:58:05.170+0000] {dag.py:3036} INFO - Sync 1 DAGs
[2026-05-16T02:58:05.208+0000] {logging_mixin.py:188} INFO - [2026-05-16T02:58:05.208+0000] {dag.py:3823} INFO - Setting next_dagrun for latest_only_with_trigger to 2026-05-15 20:00:00+00:00, run_after=2026-05-16 00:00:00+00:00
[2026-05-16T02:58:05.238+0000] {processor.py:183} INFO - Processing /home/airflow/.local/lib/python3.8/site-packages/airflow/example_dags/example_latest_only_with_trigger.py took 0.124 seconds
[2026-05-16T02:58:35.328+0000] {processor.py:161} INFO - Started process (PID=1929) to work on /home/airflow/.local/lib/python3.8/site-packages/airflow/example_dags/example_latest_only_with_trigger.py
[2026-05-16T02:58:35.330+0000] {processor.py:830} INFO - Processing file /home/airflow/.local/lib/python3.8/site-packages/airflow/example_dags/example_latest_only_with_trigger.py for tasks to queue
[2026-05-16T02:58:35.333+0000] {logging_mixin.py:188} INFO - [2026-05-16T02:58:35.333+0000] {dagbag.py:538} INFO - Filling up the DagBag from /home/airflow/.local/lib/python3.8/site-packages/airflow/example_dags/example_latest_only_with_trigger.py
[2026-05-16T02:58:35.343+0000] {processor.py:840} INFO - DAG(s) 'latest_only_with_trigger' retrieved from /home/airflow/.local/lib/python3.8/site-packages/airflow/example_dags/example_latest_only_with_trigger.py
[2026-05-16T02:58:35.387+0000] {logging_mixin.py:188} INFO - [2026-05-16T02:58:35.386+0000] {dag.py:3036} INFO - Sync 1 DAGs
[2026-05-16T02:58:35.430+0000] {logging_mixin.py:188} INFO - [2026-05-16T02:58:35.430+0000] {dag.py:3823} INFO - Setting next_dagrun for latest_only_with_trigger to 2026-05-15 20:00:00+00:00, run_after=2026-05-16 00:00:00+00:00
[2026-05-16T02:58:35.464+0000] {processor.py:183} INFO - Processing /home/airflow/.local/lib/python3.8/site-packages/airflow/example_dags/example_latest_only_with_trigger.py took 0.141 seconds
[2026-05-16T02:59:06.045+0000] {processor.py:161} INFO - Started process (PID=1994) to work on /home/airflow/.local/lib/python3.8/site-packages/airflow/example_dags/example_latest_only_with_trigger.py
[2026-05-16T02:59:06.046+0000] {processor.py:830} INFO - Processing file /home/airflow/.local/lib/python3.8/site-packages/airflow/example_dags/example_latest_only_with_trigger.py for tasks to queue
[2026-05-16T02:59:06.049+0000] {logging_mixin.py:188} INFO - [2026-05-16T02:59:06.048+0000] {dagbag.py:538} INFO - Filling up the DagBag from /home/airflow/.local/lib/python3.8/site-packages/airflow/example_dags/example_latest_only_with_trigger.py
[2026-05-16T02:59:06.059+0000] {processor.py:840} INFO - DAG(s) 'latest_only_with_trigger' retrieved from /home/airflow/.local/lib/python3.8/site-packages/airflow/example_dags/example_latest_only_with_trigger.py
[2026-05-16T02:59:06.100+0000] {logging_mixin.py:188} INFO - [2026-05-16T02:59:06.100+0000] {dag.py:3036} INFO - Sync 1 DAGs
[2026-05-16T02:59:06.135+0000] {logging_mixin.py:188} INFO - [2026-05-16T02:59:06.135+0000] {dag.py:3823} INFO - Setting next_dagrun for latest_only_with_trigger to 2026-05-15 20:00:00+00:00, run_after=2026-05-16 00:00:00+00:00
[2026-05-16T02:59:06.168+0000] {processor.py:183} INFO - Processing /home/airflow/.local/lib/python3.8/site-packages/airflow/example_dags/example_latest_only_with_trigger.py took 0.128 seconds
[2026-05-16T02:59:36.843+0000] {processor.py:161} INFO - Started process (PID=2065) to work on /home/airflow/.local/lib/python3.8/site-packages/airflow/example_dags/example_latest_only_with_trigger.py
[2026-05-16T02:59:36.845+0000] {processor.py:830} INFO - Processing file /home/airflow/.local/lib/python3.8/site-packages/airflow/example_dags/example_latest_only_with_trigger.py for tasks to queue
[2026-05-16T02:59:36.849+0000] {logging_mixin.py:188} INFO - [2026-05-16T02:59:36.848+0000] {dagbag.py:538} INFO - Filling up the DagBag from /home/airflow/.local/lib/python3.8/site-packages/airflow/example_dags/example_latest_only_with_trigger.py
[2026-05-16T02:59:36.860+0000] {processor.py:840} INFO - DAG(s) 'latest_only_with_trigger' retrieved from /home/airflow/.local/lib/python3.8/site-packages/airflow/example_dags/example_latest_only_with_trigger.py
[2026-05-16T02:59:36.905+0000] {logging_mixin.py:188} INFO - [2026-05-16T02:59:36.904+0000] {dag.py:3036} INFO - Sync 1 DAGs
[2026-05-16T02:59:36.947+0000] {logging_mixin.py:188} INFO - [2026-05-16T02:59:36.946+0000] {dag.py:3823} INFO - Setting next_dagrun for latest_only_with_trigger to 2026-05-15 20:00:00+00:00, run_after=2026-05-16 00:00:00+00:00
[2026-05-16T02:59:36.979+0000] {processor.py:183} INFO - Processing /home/airflow/.local/lib/python3.8/site-packages/airflow/example_dags/example_latest_only_with_trigger.py took 0.141 seconds
[2026-05-16T03:00:07.880+0000] {processor.py:161} INFO - Started process (PID=2131) to work on /home/airflow/.local/lib/python3.8/site-packages/airflow/example_dags/example_latest_only_with_trigger.py
[2026-05-16T03:00:07.882+0000] {processor.py:830} INFO - Processing file /home/airflow/.local/lib/python3.8/site-packages/airflow/example_dags/example_latest_only_with_trigger.py for tasks to queue
[2026-05-16T03:00:07.885+0000] {logging_mixin.py:188} INFO - [2026-05-16T03:00:07.884+0000] {dagbag.py:538} INFO - Filling up the DagBag from /home/airflow/.local/lib/python3.8/site-packages/airflow/example_dags/example_latest_only_with_trigger.py
[2026-05-16T03:00:07.894+0000] {processor.py:840} INFO - DAG(s) 'latest_only_with_trigger' retrieved from /home/airflow/.local/lib/python3.8/site-packages/airflow/example_dags/example_latest_only_with_trigger.py
[2026-05-16T03:00:07.937+0000] {logging_mixin.py:188} INFO - [2026-05-16T03:00:07.937+0000] {dag.py:3036} INFO - Sync 1 DAGs
[2026-05-16T03:00:07.980+0000] {logging_mixin.py:188} INFO - [2026-05-16T03:00:07.979+0000] {dag.py:3823} INFO - Setting next_dagrun for latest_only_with_trigger to 2026-05-15 20:00:00+00:00, run_after=2026-05-16 00:00:00+00:00
[2026-05-16T03:00:08.014+0000] {processor.py:183} INFO - Processing /home/airflow/.local/lib/python3.8/site-packages/airflow/example_dags/example_latest_only_with_trigger.py took 0.139 seconds
[2026-05-16T03:00:38.407+0000] {processor.py:161} INFO - Started process (PID=2196) to work on /home/airflow/.local/lib/python3.8/site-packages/airflow/example_dags/example_latest_only_with_trigger.py
[2026-05-16T03:00:38.409+0000] {processor.py:830} INFO - Processing file /home/airflow/.local/lib/python3.8/site-packages/airflow/example_dags/example_latest_only_with_trigger.py for tasks to queue
[2026-05-16T03:00:38.412+0000] {logging_mixin.py:188} INFO - [2026-05-16T03:00:38.412+0000] {dagbag.py:538} INFO - Filling up the DagBag from /home/airflow/.local/lib/python3.8/site-packages/airflow/example_dags/example_latest_only_with_trigger.py
[2026-05-16T03:00:38.423+0000] {processor.py:840} INFO - DAG(s) 'latest_only_with_trigger' retrieved from /home/airflow/.local/lib/python3.8/site-packages/airflow/example_dags/example_latest_only_with_trigger.py
[2026-05-16T03:00:38.465+0000] {logging_mixin.py:188} INFO - [2026-05-16T03:00:38.464+0000] {dag.py:3036} INFO - Sync 1 DAGs
[2026-05-16T03:00:38.509+0000] {logging_mixin.py:188} INFO - [2026-05-16T03:00:38.509+0000] {dag.py:3823} INFO - Setting next_dagrun for latest_only_with_trigger to 2026-05-15 20:00:00+00:00, run_after=2026-05-16 00:00:00+00:00
[2026-05-16T03:00:38.542+0000] {processor.py:183} INFO - Processing /home/airflow/.local/lib/python3.8/site-packages/airflow/example_dags/example_latest_only_with_trigger.py took 0.140 seconds
[2026-05-16T03:01:08.877+0000] {processor.py:161} INFO - Started process (PID=2260) to work on /home/airflow/.local/lib/python3.8/site-packages/airflow/example_dags/example_latest_only_with_trigger.py
[2026-05-16T03:01:08.879+0000] {processor.py:830} INFO - Processing file /home/airflow/.local/lib/python3.8/site-packages/airflow/example_dags/example_latest_only_with_trigger.py for tasks to queue
[2026-05-16T03:01:08.882+0000] {logging_mixin.py:188} INFO - [2026-05-16T03:01:08.881+0000] {dagbag.py:538} INFO - Filling up the DagBag from /home/airflow/.local/lib/python3.8/site-packages/airflow/example_dags/example_latest_only_with_trigger.py
[2026-05-16T03:01:08.892+0000] {processor.py:840} INFO - DAG(s) 'latest_only_with_trigger' retrieved from /home/airflow/.local/lib/python3.8/site-packages/airflow/example_dags/example_latest_only_with_trigger.py
[2026-05-16T03:01:08.942+0000] {logging_mixin.py:188} INFO - [2026-05-16T03:01:08.942+0000] {dag.py:3036} INFO - Sync 1 DAGs
[2026-05-16T03:01:08.984+0000] {logging_mixin.py:188} INFO - [2026-05-16T03:01:08.983+0000] {dag.py:3823} INFO - Setting next_dagrun for latest_only_with_trigger to 2026-05-15 20:00:00+00:00, run_after=2026-05-16 00:00:00+00:00
[2026-05-16T03:01:09.016+0000] {processor.py:183} INFO - Processing /home/airflow/.local/lib/python3.8/site-packages/airflow/example_dags/example_latest_only_with_trigger.py took 0.145 seconds
[2026-05-16T03:01:39.130+0000] {processor.py:161} INFO - Started process (PID=2327) to work on /home/airflow/.local/lib/python3.8/site-packages/airflow/example_dags/example_latest_only_with_trigger.py
[2026-05-16T03:01:39.132+0000] {processor.py:830} INFO - Processing file /home/airflow/.local/lib/python3.8/site-packages/airflow/example_dags/example_latest_only_with_trigger.py for tasks to queue
[2026-05-16T03:01:39.135+0000] {logging_mixin.py:188} INFO - [2026-05-16T03:01:39.135+0000] {dagbag.py:538} INFO - Filling up the DagBag from /home/airflow/.local/lib/python3.8/site-packages/airflow/example_dags/example_latest_only_with_trigger.py
[2026-05-16T03:01:39.145+0000] {processor.py:840} INFO - DAG(s) 'latest_only_with_trigger' retrieved from /home/airflow/.local/lib/python3.8/site-packages/airflow/example_dags/example_latest_only_with_trigger.py
[2026-05-16T03:01:39.186+0000] {logging_mixin.py:188} INFO - [2026-05-16T03:01:39.186+0000] {dag.py:3036} INFO - Sync 1 DAGs
[2026-05-16T03:01:39.228+0000] {logging_mixin.py:188} INFO - [2026-05-16T03:01:39.228+0000] {dag.py:3823} INFO - Setting next_dagrun for latest_only_with_trigger to 2026-05-15 20:00:00+00:00, run_after=2026-05-16 00:00:00+00:00
[2026-05-16T03:01:39.259+0000] {processor.py:183} INFO - Processing /home/airflow/.local/lib/python3.8/site-packages/airflow/example_dags/example_latest_only_with_trigger.py took 0.134 seconds
[2026-05-16T03:02:09.832+0000] {processor.py:161} INFO - Started process (PID=2392) to work on /home/airflow/.local/lib/python3.8/site-packages/airflow/example_dags/example_latest_only_with_trigger.py
[2026-05-16T03:02:09.835+0000] {processor.py:830} INFO - Processing file /home/airflow/.local/lib/python3.8/site-packages/airflow/example_dags/example_latest_only_with_trigger.py for tasks to queue
[2026-05-16T03:02:09.838+0000] {logging_mixin.py:188} INFO - [2026-05-16T03:02:09.838+0000] {dagbag.py:538} INFO - Filling up the DagBag from /home/airflow/.local/lib/python3.8/site-packages/airflow/example_dags/example_latest_only_with_trigger.py
[2026-05-16T03:02:09.847+0000] {processor.py:840} INFO - DAG(s) 'latest_only_with_trigger' retrieved from /home/airflow/.local/lib/python3.8/site-packages/airflow/example_dags/example_latest_only_with_trigger.py
[2026-05-16T03:02:09.888+0000] {logging_mixin.py:188} INFO - [2026-05-16T03:02:09.887+0000] {dag.py:3036} INFO - Sync 1 DAGs
[2026-05-16T03:02:09.933+0000] {logging_mixin.py:188} INFO - [2026-05-16T03:02:09.933+0000] {dag.py:3823} INFO - Setting next_dagrun for latest_only_with_trigger to 2026-05-15 20:00:00+00:00, run_after=2026-05-16 00:00:00+00:00
[2026-05-16T03:02:09.968+0000] {processor.py:183} INFO - Processing /home/airflow/.local/lib/python3.8/site-packages/airflow/example_dags/example_latest_only_with_trigger.py took 0.140 seconds
[2026-05-16T03:02:40.512+0000] {processor.py:161} INFO - Started process (PID=2458) to work on /home/airflow/.local/lib/python3.8/site-packages/airflow/example_dags/example_latest_only_with_trigger.py
[2026-05-16T03:02:40.514+0000] {processor.py:830} INFO - Processing file /home/airflow/.local/lib/python3.8/site-packages/airflow/example_dags/example_latest_only_with_trigger.py for tasks to queue
[2026-05-16T03:02:40.517+0000] {logging_mixin.py:188} INFO - [2026-05-16T03:02:40.516+0000] {dagbag.py:538} INFO - Filling up the DagBag from /home/airflow/.local/lib/python3.8/site-packages/airflow/example_dags/example_latest_only_with_trigger.py
[2026-05-16T03:02:40.527+0000] {processor.py:840} INFO - DAG(s) 'latest_only_with_trigger' retrieved from /home/airflow/.local/lib/python3.8/site-packages/airflow/example_dags/example_latest_only_with_trigger.py
[2026-05-16T03:02:40.571+0000] {logging_mixin.py:188} INFO - [2026-05-16T03:02:40.571+0000] {dag.py:3036} INFO - Sync 1 DAGs
[2026-05-16T03:02:40.615+0000] {logging_mixin.py:188} INFO - [2026-05-16T03:02:40.614+0000] {dag.py:3823} INFO - Setting next_dagrun for latest_only_with_trigger to 2026-05-15 20:00:00+00:00, run_after=2026-05-16 00:00:00+00:00
[2026-05-16T03:02:40.651+0000] {processor.py:183} INFO - Processing /home/airflow/.local/lib/python3.8/site-packages/airflow/example_dags/example_latest_only_with_trigger.py took 0.145 seconds
[2026-05-16T03:03:11.101+0000] {processor.py:161} INFO - Started process (PID=2523) to work on /home/airflow/.local/lib/python3.8/site-packages/airflow/example_dags/example_latest_only_with_trigger.py
[2026-05-16T03:03:11.103+0000] {processor.py:830} INFO - Processing file /home/airflow/.local/lib/python3.8/site-packages/airflow/example_dags/example_latest_only_with_trigger.py for tasks to queue
[2026-05-16T03:03:11.106+0000] {logging_mixin.py:188} INFO - [2026-05-16T03:03:11.105+0000] {dagbag.py:538} INFO - Filling up the DagBag from /home/airflow/.local/lib/python3.8/site-packages/airflow/example_dags/example_latest_only_with_trigger.py
[2026-05-16T03:03:11.115+0000] {processor.py:840} INFO - DAG(s) 'latest_only_with_trigger' retrieved from /home/airflow/.local/lib/python3.8/site-packages/airflow/example_dags/example_latest_only_with_trigger.py
[2026-05-16T03:03:11.174+0000] {logging_mixin.py:188} INFO - [2026-05-16T03:03:11.173+0000] {dag.py:3036} INFO - Sync 1 DAGs
[2026-05-16T03:03:11.220+0000] {logging_mixin.py:188} INFO - [2026-05-16T03:03:11.220+0000] {dag.py:3823} INFO - Setting next_dagrun for latest_only_with_trigger to 2026-05-15 20:00:00+00:00, run_after=2026-05-16 00:00:00+00:00
[2026-05-16T03:03:11.255+0000] {processor.py:183} INFO - Processing /home/airflow/.local/lib/python3.8/site-packages/airflow/example_dags/example_latest_only_with_trigger.py took 0.159 seconds
[2026-05-16T03:03:41.702+0000] {processor.py:161} INFO - Started process (PID=2588) to work on /home/airflow/.local/lib/python3.8/site-packages/airflow/example_dags/example_latest_only_with_trigger.py
[2026-05-16T03:03:41.703+0000] {processor.py:830} INFO - Processing file /home/airflow/.local/lib/python3.8/site-packages/airflow/example_dags/example_latest_only_with_trigger.py for tasks to queue
[2026-05-16T03:03:41.706+0000] {logging_mixin.py:188} INFO - [2026-05-16T03:03:41.706+0000] {dagbag.py:538} INFO - Filling up the DagBag from /home/airflow/.local/lib/python3.8/site-packages/airflow/example_dags/example_latest_only_with_trigger.py
[2026-05-16T03:03:41.716+0000] {processor.py:840} INFO - DAG(s) 'latest_only_with_trigger' retrieved from /home/airflow/.local/lib/python3.8/site-packages/airflow/example_dags/example_latest_only_with_trigger.py
[2026-05-16T03:03:41.755+0000] {logging_mixin.py:188} INFO - [2026-05-16T03:03:41.755+0000] {dag.py:3036} INFO - Sync 1 DAGs
[2026-05-16T03:03:41.792+0000] {logging_mixin.py:188} INFO - [2026-05-16T03:03:41.791+0000] {dag.py:3823} INFO - Setting next_dagrun for latest_only_with_trigger to 2026-05-15 20:00:00+00:00, run_after=2026-05-16 00:00:00+00:00
[2026-05-16T03:03:41.823+0000] {processor.py:183} INFO - Processing /home/airflow/.local/lib/python3.8/site-packages/airflow/example_dags/example_latest_only_with_trigger.py took 0.126 seconds
[2026-05-16T03:04:12.320+0000] {processor.py:161} INFO - Started process (PID=2653) to work on /home/airflow/.local/lib/python3.8/site-packages/airflow/example_dags/example_latest_only_with_trigger.py
[2026-05-16T03:04:12.322+0000] {processor.py:830} INFO - Processing file /home/airflow/.local/lib/python3.8/site-packages/airflow/example_dags/example_latest_only_with_trigger.py for tasks to queue
[2026-05-16T03:04:12.324+0000] {logging_mixin.py:188} INFO - [2026-05-16T03:04:12.324+0000] {dagbag.py:538} INFO - Filling up the DagBag from /home/airflow/.local/lib/python3.8/site-packages/airflow/example_dags/example_latest_only_with_trigger.py
[2026-05-16T03:04:12.334+0000] {processor.py:840} INFO - DAG(s) 'latest_only_with_trigger' retrieved from /home/airflow/.local/lib/python3.8/site-packages/airflow/example_dags/example_latest_only_with_trigger.py
[2026-05-16T03:04:12.373+0000] {logging_mixin.py:188} INFO - [2026-05-16T03:04:12.373+0000] {dag.py:3036} INFO - Sync 1 DAGs
[2026-05-16T03:04:12.410+0000] {logging_mixin.py:188} INFO - [2026-05-16T03:04:12.410+0000] {dag.py:3823} INFO - Setting next_dagrun for latest_only_with_trigger to 2026-05-15 20:00:00+00:00, run_after=2026-05-16 00:00:00+00:00
[2026-05-16T03:04:12.448+0000] {processor.py:183} INFO - Processing /home/airflow/.local/lib/python3.8/site-packages/airflow/example_dags/example_latest_only_with_trigger.py took 0.134 seconds
[2026-05-16T03:04:42.517+0000] {processor.py:161} INFO - Started process (PID=2716) to work on /home/airflow/.local/lib/python3.8/site-packages/airflow/example_dags/example_latest_only_with_trigger.py
[2026-05-16T03:04:42.519+0000] {processor.py:830} INFO - Processing file /home/airflow/.local/lib/python3.8/site-packages/airflow/example_dags/example_latest_only_with_trigger.py for tasks to queue
[2026-05-16T03:04:42.522+0000] {logging_mixin.py:188} INFO - [2026-05-16T03:04:42.521+0000] {dagbag.py:538} INFO - Filling up the DagBag from /home/airflow/.local/lib/python3.8/site-packages/airflow/example_dags/example_latest_only_with_trigger.py
[2026-05-16T03:04:42.532+0000] {processor.py:840} INFO - DAG(s) 'latest_only_with_trigger' retrieved from /home/airflow/.local/lib/python3.8/site-packages/airflow/example_dags/example_latest_only_with_trigger.py
[2026-05-16T03:04:42.576+0000] {logging_mixin.py:188} INFO - [2026-05-16T03:04:42.576+0000] {dag.py:3036} INFO - Sync 1 DAGs
[2026-05-16T03:04:42.615+0000] {logging_mixin.py:188} INFO - [2026-05-16T03:04:42.614+0000] {dag.py:3823} INFO - Setting next_dagrun for latest_only_with_trigger to 2026-05-15 20:00:00+00:00, run_after=2026-05-16 00:00:00+00:00
[2026-05-16T03:04:42.653+0000] {processor.py:183} INFO - Processing /home/airflow/.local/lib/python3.8/site-packages/airflow/example_dags/example_latest_only_with_trigger.py took 0.141 seconds
[2026-05-16T03:05:13.072+0000] {processor.py:161} INFO - Started process (PID=2782) to work on /home/airflow/.local/lib/python3.8/site-packages/airflow/example_dags/example_latest_only_with_trigger.py
[2026-05-16T03:05:13.074+0000] {processor.py:830} INFO - Processing file /home/airflow/.local/lib/python3.8/site-packages/airflow/example_dags/example_latest_only_with_trigger.py for tasks to queue
[2026-05-16T03:05:13.077+0000] {logging_mixin.py:188} INFO - [2026-05-16T03:05:13.076+0000] {dagbag.py:538} INFO - Filling up the DagBag from /home/airflow/.local/lib/python3.8/site-packages/airflow/example_dags/example_latest_only_with_trigger.py
[2026-05-16T03:05:13.087+0000] {processor.py:840} INFO - DAG(s) 'latest_only_with_trigger' retrieved from /home/airflow/.local/lib/python3.8/site-packages/airflow/example_dags/example_latest_only_with_trigger.py
[2026-05-16T03:05:13.130+0000] {logging_mixin.py:188} INFO - [2026-05-16T03:05:13.130+0000] {dag.py:3036} INFO - Sync 1 DAGs
[2026-05-16T03:05:13.169+0000] {logging_mixin.py:188} INFO - [2026-05-16T03:05:13.169+0000] {dag.py:3823} INFO - Setting next_dagrun for latest_only_with_trigger to 2026-05-15 20:00:00+00:00, run_after=2026-05-16 00:00:00+00:00
[2026-05-16T03:05:13.202+0000] {processor.py:183} INFO - Processing /home/airflow/.local/lib/python3.8/site-packages/airflow/example_dags/example_latest_only_with_trigger.py took 0.135 seconds
[2026-05-16T03:05:43.540+0000] {processor.py:161} INFO - Started process (PID=2847) to work on /home/airflow/.local/lib/python3.8/site-packages/airflow/example_dags/example_latest_only_with_trigger.py
[2026-05-16T03:05:43.543+0000] {processor.py:830} INFO - Processing file /home/airflow/.local/lib/python3.8/site-packages/airflow/example_dags/example_latest_only_with_trigger.py for tasks to queue
[2026-05-16T03:05:43.545+0000] {logging_mixin.py:188} INFO - [2026-05-16T03:05:43.545+0000] {dagbag.py:538} INFO - Filling up the DagBag from /home/airflow/.local/lib/python3.8/site-packages/airflow/example_dags/example_latest_only_with_trigger.py
[2026-05-16T03:05:43.555+0000] {processor.py:840} INFO - DAG(s) 'latest_only_with_trigger' retrieved from /home/airflow/.local/lib/python3.8/site-packages/airflow/example_dags/example_latest_only_with_trigger.py
[2026-05-16T03:05:43.595+0000] {logging_mixin.py:188} INFO - [2026-05-16T03:05:43.595+0000] {dag.py:3036} INFO - Sync 1 DAGs
[2026-05-16T03:05:43.636+0000] {logging_mixin.py:188} INFO - [2026-05-16T03:05:43.636+0000] {dag.py:3823} INFO - Setting next_dagrun for latest_only_with_trigger to 2026-05-15 20:00:00+00:00, run_after=2026-05-16 00:00:00+00:00
[2026-05-16T03:05:43.679+0000] {processor.py:183} INFO - Processing /home/airflow/.local/lib/python3.8/site-packages/airflow/example_dags/example_latest_only_with_trigger.py took 0.143 seconds
[2026-05-16T03:06:14.141+0000] {processor.py:161} INFO - Started process (PID=2921) to work on /home/airflow/.local/lib/python3.8/site-packages/airflow/example_dags/example_latest_only_with_trigger.py
[2026-05-16T03:06:14.143+0000] {processor.py:830} INFO - Processing file /home/airflow/.local/lib/python3.8/site-packages/airflow/example_dags/example_latest_only_with_trigger.py for tasks to queue
[2026-05-16T03:06:14.146+0000] {logging_mixin.py:188} INFO - [2026-05-16T03:06:14.145+0000] {dagbag.py:538} INFO - Filling up the DagBag from /home/airflow/.local/lib/python3.8/site-packages/airflow/example_dags/example_latest_only_with_trigger.py
[2026-05-16T03:06:14.156+0000] {processor.py:840} INFO - DAG(s) 'latest_only_with_trigger' retrieved from /home/airflow/.local/lib/python3.8/site-packages/airflow/example_dags/example_latest_only_with_trigger.py
[2026-05-16T03:06:14.198+0000] {logging_mixin.py:188} INFO - [2026-05-16T03:06:14.197+0000] {dag.py:3036} INFO - Sync 1 DAGs
[2026-05-16T03:06:14.241+0000] {logging_mixin.py:188} INFO - [2026-05-16T03:06:14.241+0000] {dag.py:3823} INFO - Setting next_dagrun for latest_only_with_trigger to 2026-05-15 20:00:00+00:00, run_after=2026-05-16 00:00:00+00:00
[2026-05-16T03:06:14.273+0000] {processor.py:183} INFO - Processing /home/airflow/.local/lib/python3.8/site-packages/airflow/example_dags/example_latest_only_with_trigger.py took 0.137 seconds
[2026-05-16T03:06:44.482+0000] {processor.py:161} INFO - Started process (PID=2986) to work on /home/airflow/.local/lib/python3.8/site-packages/airflow/example_dags/example_latest_only_with_trigger.py
[2026-05-16T03:06:44.484+0000] {processor.py:830} INFO - Processing file /home/airflow/.local/lib/python3.8/site-packages/airflow/example_dags/example_latest_only_with_trigger.py for tasks to queue
[2026-05-16T03:06:44.487+0000] {logging_mixin.py:188} INFO - [2026-05-16T03:06:44.487+0000] {dagbag.py:538} INFO - Filling up the DagBag from /home/airflow/.local/lib/python3.8/site-packages/airflow/example_dags/example_latest_only_with_trigger.py
[2026-05-16T03:06:44.498+0000] {processor.py:840} INFO - DAG(s) 'latest_only_with_trigger' retrieved from /home/airflow/.local/lib/python3.8/site-packages/airflow/example_dags/example_latest_only_with_trigger.py
[2026-05-16T03:06:44.542+0000] {logging_mixin.py:188} INFO - [2026-05-16T03:06:44.542+0000] {dag.py:3036} INFO - Sync 1 DAGs
[2026-05-16T03:06:44.597+0000] {logging_mixin.py:188} INFO - [2026-05-16T03:06:44.596+0000] {dag.py:3823} INFO - Setting next_dagrun for latest_only_with_trigger to 2026-05-15 20:00:00+00:00, run_after=2026-05-16 00:00:00+00:00
[2026-05-16T03:06:44.645+0000] {processor.py:183} INFO - Processing /home/airflow/.local/lib/python3.8/site-packages/airflow/example_dags/example_latest_only_with_trigger.py took 0.170 seconds
[2026-05-16T03:07:14.860+0000] {processor.py:161} INFO - Started process (PID=3051) to work on /home/airflow/.local/lib/python3.8/site-packages/airflow/example_dags/example_latest_only_with_trigger.py
[2026-05-16T03:07:14.863+0000] {processor.py:830} INFO - Processing file /home/airflow/.local/lib/python3.8/site-packages/airflow/example_dags/example_latest_only_with_trigger.py for tasks to queue
[2026-05-16T03:07:14.867+0000] {logging_mixin.py:188} INFO - [2026-05-16T03:07:14.866+0000] {dagbag.py:538} INFO - Filling up the DagBag from /home/airflow/.local/lib/python3.8/site-packages/airflow/example_dags/example_latest_only_with_trigger.py
[2026-05-16T03:07:14.878+0000] {processor.py:840} INFO - DAG(s) 'latest_only_with_trigger' retrieved from /home/airflow/.local/lib/python3.8/site-packages/airflow/example_dags/example_latest_only_with_trigger.py
[2026-05-16T03:07:14.919+0000] {logging_mixin.py:188} INFO - [2026-05-16T03:07:14.919+0000] {dag.py:3036} INFO - Sync 1 DAGs
[2026-05-16T03:07:14.965+0000] {logging_mixin.py:188} INFO - [2026-05-16T03:07:14.964+0000] {dag.py:3823} INFO - Setting next_dagrun for latest_only_with_trigger to 2026-05-15 20:00:00+00:00, run_after=2026-05-16 00:00:00+00:00
[2026-05-16T03:07:14.998+0000] {processor.py:183} INFO - Processing /home/airflow/.local/lib/python3.8/site-packages/airflow/example_dags/example_latest_only_with_trigger.py took 0.147 seconds
[2026-05-16T03:07:45.157+0000] {processor.py:161} INFO - Started process (PID=3116) to work on /home/airflow/.local/lib/python3.8/site-packages/airflow/example_dags/example_latest_only_with_trigger.py
[2026-05-16T03:07:45.160+0000] {processor.py:830} INFO - Processing file /home/airflow/.local/lib/python3.8/site-packages/airflow/example_dags/example_latest_only_with_trigger.py for tasks to queue
[2026-05-16T03:07:45.163+0000] {logging_mixin.py:188} INFO - [2026-05-16T03:07:45.162+0000] {dagbag.py:538} INFO - Filling up the DagBag from /home/airflow/.local/lib/python3.8/site-packages/airflow/example_dags/example_latest_only_with_trigger.py
[2026-05-16T03:07:45.174+0000] {processor.py:840} INFO - DAG(s) 'latest_only_with_trigger' retrieved from /home/airflow/.local/lib/python3.8/site-packages/airflow/example_dags/example_latest_only_with_trigger.py
[2026-05-16T03:07:45.218+0000] {logging_mixin.py:188} INFO - [2026-05-16T03:07:45.217+0000] {dag.py:3036} INFO - Sync 1 DAGs
[2026-05-16T03:07:45.270+0000] {logging_mixin.py:188} INFO - [2026-05-16T03:07:45.269+0000] {dag.py:3823} INFO - Setting next_dagrun for latest_only_with_trigger to 2026-05-15 20:00:00+00:00, run_after=2026-05-16 00:00:00+00:00
[2026-05-16T03:07:45.323+0000] {processor.py:183} INFO - Processing /home/airflow/.local/lib/python3.8/site-packages/airflow/example_dags/example_latest_only_with_trigger.py took 0.172 seconds
[2026-05-16T03:08:15.609+0000] {processor.py:161} INFO - Started process (PID=3181) to work on /home/airflow/.local/lib/python3.8/site-packages/airflow/example_dags/example_latest_only_with_trigger.py
[2026-05-16T03:08:15.611+0000] {processor.py:830} INFO - Processing file /home/airflow/.local/lib/python3.8/site-packages/airflow/example_dags/example_latest_only_with_trigger.py for tasks to queue
[2026-05-16T03:08:15.614+0000] {logging_mixin.py:188} INFO - [2026-05-16T03:08:15.614+0000] {dagbag.py:538} INFO - Filling up the DagBag from /home/airflow/.local/lib/python3.8/site-packages/airflow/example_dags/example_latest_only_with_trigger.py
[2026-05-16T03:08:15.626+0000] {processor.py:840} INFO - DAG(s) 'latest_only_with_trigger' retrieved from /home/airflow/.local/lib/python3.8/site-packages/airflow/example_dags/example_latest_only_with_trigger.py
[2026-05-16T03:08:15.699+0000] {logging_mixin.py:188} INFO - [2026-05-16T03:08:15.698+0000] {dag.py:3036} INFO - Sync 1 DAGs
[2026-05-16T03:08:15.750+0000] {logging_mixin.py:188} INFO - [2026-05-16T03:08:15.749+0000] {dag.py:3823} INFO - Setting next_dagrun for latest_only_with_trigger to 2026-05-15 20:00:00+00:00, run_after=2026-05-16 00:00:00+00:00
[2026-05-16T03:08:15.800+0000] {processor.py:183} INFO - Processing /home/airflow/.local/lib/python3.8/site-packages/airflow/example_dags/example_latest_only_with_trigger.py took 0.197 seconds
[2026-05-16T03:08:46.025+0000] {processor.py:161} INFO - Started process (PID=3247) to work on /home/airflow/.local/lib/python3.8/site-packages/airflow/example_dags/example_latest_only_with_trigger.py
[2026-05-16T03:08:46.026+0000] {processor.py:830} INFO - Processing file /home/airflow/.local/lib/python3.8/site-packages/airflow/example_dags/example_latest_only_with_trigger.py for tasks to queue
[2026-05-16T03:08:46.029+0000] {logging_mixin.py:188} INFO - [2026-05-16T03:08:46.029+0000] {dagbag.py:538} INFO - Filling up the DagBag from /home/airflow/.local/lib/python3.8/site-packages/airflow/example_dags/example_latest_only_with_trigger.py
[2026-05-16T03:08:46.040+0000] {processor.py:840} INFO - DAG(s) 'latest_only_with_trigger' retrieved from /home/airflow/.local/lib/python3.8/site-packages/airflow/example_dags/example_latest_only_with_trigger.py
[2026-05-16T03:08:46.081+0000] {logging_mixin.py:188} INFO - [2026-05-16T03:08:46.080+0000] {dag.py:3036} INFO - Sync 1 DAGs
[2026-05-16T03:08:46.118+0000] {logging_mixin.py:188} INFO - [2026-05-16T03:08:46.118+0000] {dag.py:3823} INFO - Setting next_dagrun for latest_only_with_trigger to 2026-05-15 20:00:00+00:00, run_after=2026-05-16 00:00:00+00:00
[2026-05-16T03:08:46.148+0000] {processor.py:183} INFO - Processing /home/airflow/.local/lib/python3.8/site-packages/airflow/example_dags/example_latest_only_with_trigger.py took 0.128 seconds
[2026-05-16T03:09:16.728+0000] {processor.py:161} INFO - Started process (PID=3312) to work on /home/airflow/.local/lib/python3.8/site-packages/airflow/example_dags/example_latest_only_with_trigger.py
[2026-05-16T03:09:16.730+0000] {processor.py:830} INFO - Processing file /home/airflow/.local/lib/python3.8/site-packages/airflow/example_dags/example_latest_only_with_trigger.py for tasks to queue
[2026-05-16T03:09:16.733+0000] {logging_mixin.py:188} INFO - [2026-05-16T03:09:16.732+0000] {dagbag.py:538} INFO - Filling up the DagBag from /home/airflow/.local/lib/python3.8/site-packages/airflow/example_dags/example_latest_only_with_trigger.py
[2026-05-16T03:09:16.742+0000] {processor.py:840} INFO - DAG(s) 'latest_only_with_trigger' retrieved from /home/airflow/.local/lib/python3.8/site-packages/airflow/example_dags/example_latest_only_with_trigger.py
[2026-05-16T03:09:16.783+0000] {logging_mixin.py:188} INFO - [2026-05-16T03:09:16.782+0000] {dag.py:3036} INFO - Sync 1 DAGs
[2026-05-16T03:09:16.827+0000] {logging_mixin.py:188} INFO - [2026-05-16T03:09:16.826+0000] {dag.py:3823} INFO - Setting next_dagrun for latest_only_with_trigger to 2026-05-15 20:00:00+00:00, run_after=2026-05-16 00:00:00+00:00
[2026-05-16T03:09:16.858+0000] {processor.py:183} INFO - Processing /home/airflow/.local/lib/python3.8/site-packages/airflow/example_dags/example_latest_only_with_trigger.py took 0.135 seconds
[2026-05-16T03:09:46.966+0000] {processor.py:161} INFO - Started process (PID=3378) to work on /home/airflow/.local/lib/python3.8/site-packages/airflow/example_dags/example_latest_only_with_trigger.py
[2026-05-16T03:09:46.968+0000] {processor.py:830} INFO - Processing file /home/airflow/.local/lib/python3.8/site-packages/airflow/example_dags/example_latest_only_with_trigger.py for tasks to queue
[2026-05-16T03:09:46.971+0000] {logging_mixin.py:188} INFO - [2026-05-16T03:09:46.970+0000] {dagbag.py:538} INFO - Filling up the DagBag from /home/airflow/.local/lib/python3.8/site-packages/airflow/example_dags/example_latest_only_with_trigger.py
[2026-05-16T03:09:46.981+0000] {processor.py:840} INFO - DAG(s) 'latest_only_with_trigger' retrieved from /home/airflow/.local/lib/python3.8/site-packages/airflow/example_dags/example_latest_only_with_trigger.py
[2026-05-16T03:09:47.021+0000] {logging_mixin.py:188} INFO - [2026-05-16T03:09:47.021+0000] {dag.py:3036} INFO - Sync 1 DAGs
[2026-05-16T03:09:47.060+0000] {logging_mixin.py:188} INFO - [2026-05-16T03:09:47.059+0000] {dag.py:3823} INFO - Setting next_dagrun for latest_only_with_trigger to 2026-05-15 20:00:00+00:00, run_after=2026-05-16 00:00:00+00:00
[2026-05-16T03:09:47.280+0000] {processor.py:183} INFO - Processing /home/airflow/.local/lib/python3.8/site-packages/airflow/example_dags/example_latest_only_with_trigger.py took 0.319 seconds
[2026-05-16T03:10:17.423+0000] {processor.py:161} INFO - Started process (PID=3443) to work on /home/airflow/.local/lib/python3.8/site-packages/airflow/example_dags/example_latest_only_with_trigger.py
[2026-05-16T03:10:17.424+0000] {processor.py:830} INFO - Processing file /home/airflow/.local/lib/python3.8/site-packages/airflow/example_dags/example_latest_only_with_trigger.py for tasks to queue
[2026-05-16T03:10:17.427+0000] {logging_mixin.py:188} INFO - [2026-05-16T03:10:17.427+0000] {dagbag.py:538} INFO - Filling up the DagBag from /home/airflow/.local/lib/python3.8/site-packages/airflow/example_dags/example_latest_only_with_trigger.py
[2026-05-16T03:10:17.437+0000] {processor.py:840} INFO - DAG(s) 'latest_only_with_trigger' retrieved from /home/airflow/.local/lib/python3.8/site-packages/airflow/example_dags/example_latest_only_with_trigger.py
[2026-05-16T03:10:17.481+0000] {logging_mixin.py:188} INFO - [2026-05-16T03:10:17.480+0000] {dag.py:3036} INFO - Sync 1 DAGs
[2026-05-16T03:10:17.523+0000] {logging_mixin.py:188} INFO - [2026-05-16T03:10:17.522+0000] {dag.py:3823} INFO - Setting next_dagrun for latest_only_with_trigger to 2026-05-15 20:00:00+00:00, run_after=2026-05-16 00:00:00+00:00
[2026-05-16T03:10:17.564+0000] {processor.py:183} INFO - Processing /home/airflow/.local/lib/python3.8/site-packages/airflow/example_dags/example_latest_only_with_trigger.py took 0.145 seconds
[2026-05-16T03:10:47.656+0000] {processor.py:161} INFO - Started process (PID=3508) to work on /home/airflow/.local/lib/python3.8/site-packages/airflow/example_dags/example_latest_only_with_trigger.py
[2026-05-16T03:10:47.658+0000] {processor.py:830} INFO - Processing file /home/airflow/.local/lib/python3.8/site-packages/airflow/example_dags/example_latest_only_with_trigger.py for tasks to queue
[2026-05-16T03:10:47.661+0000] {logging_mixin.py:188} INFO - [2026-05-16T03:10:47.660+0000] {dagbag.py:538} INFO - Filling up the DagBag from /home/airflow/.local/lib/python3.8/site-packages/airflow/example_dags/example_latest_only_with_trigger.py
[2026-05-16T03:10:47.671+0000] {processor.py:840} INFO - DAG(s) 'latest_only_with_trigger' retrieved from /home/airflow/.local/lib/python3.8/site-packages/airflow/example_dags/example_latest_only_with_trigger.py
[2026-05-16T03:10:47.712+0000] {logging_mixin.py:188} INFO - [2026-05-16T03:10:47.712+0000] {dag.py:3036} INFO - Sync 1 DAGs
[2026-05-16T03:10:47.752+0000] {logging_mixin.py:188} INFO - [2026-05-16T03:10:47.752+0000] {dag.py:3823} INFO - Setting next_dagrun for latest_only_with_trigger to 2026-05-15 20:00:00+00:00, run_after=2026-05-16 00:00:00+00:00
[2026-05-16T03:10:47.785+0000] {processor.py:183} INFO - Processing /home/airflow/.local/lib/python3.8/site-packages/airflow/example_dags/example_latest_only_with_trigger.py took 0.136 seconds
[2026-05-16T03:11:18.790+0000] {processor.py:161} INFO - Started process (PID=3573) to work on /home/airflow/.local/lib/python3.8/site-packages/airflow/example_dags/example_latest_only_with_trigger.py
[2026-05-16T03:11:18.792+0000] {processor.py:830} INFO - Processing file /home/airflow/.local/lib/python3.8/site-packages/airflow/example_dags/example_latest_only_with_trigger.py for tasks to queue
[2026-05-16T03:11:18.796+0000] {logging_mixin.py:188} INFO - [2026-05-16T03:11:18.795+0000] {dagbag.py:538} INFO - Filling up the DagBag from /home/airflow/.local/lib/python3.8/site-packages/airflow/example_dags/example_latest_only_with_trigger.py
[2026-05-16T03:11:18.806+0000] {processor.py:840} INFO - DAG(s) 'latest_only_with_trigger' retrieved from /home/airflow/.local/lib/python3.8/site-packages/airflow/example_dags/example_latest_only_with_trigger.py
[2026-05-16T03:11:18.852+0000] {logging_mixin.py:188} INFO - [2026-05-16T03:11:18.852+0000] {dag.py:3036} INFO - Sync 1 DAGs
[2026-05-16T03:11:18.902+0000] {logging_mixin.py:188} INFO - [2026-05-16T03:11:18.902+0000] {dag.py:3823} INFO - Setting next_dagrun for latest_only_with_trigger to 2026-05-15 20:00:00+00:00, run_after=2026-05-16 00:00:00+00:00
[2026-05-16T03:11:18.939+0000] {processor.py:183} INFO - Processing /home/airflow/.local/lib/python3.8/site-packages/airflow/example_dags/example_latest_only_with_trigger.py took 0.157 seconds
[2026-05-16T03:11:50.427+0000] {processor.py:161} INFO - Started process (PID=3638) to work on /home/airflow/.local/lib/python3.8/site-packages/airflow/example_dags/example_latest_only_with_trigger.py
[2026-05-16T03:11:50.429+0000] {processor.py:830} INFO - Processing file /home/airflow/.local/lib/python3.8/site-packages/airflow/example_dags/example_latest_only_with_trigger.py for tasks to queue
[2026-05-16T03:11:50.434+0000] {logging_mixin.py:188} INFO - [2026-05-16T03:11:50.433+0000] {dagbag.py:538} INFO - Filling up the DagBag from /home/airflow/.local/lib/python3.8/site-packages/airflow/example_dags/example_latest_only_with_trigger.py
[2026-05-16T03:11:50.444+0000] {processor.py:840} INFO - DAG(s) 'latest_only_with_trigger' retrieved from /home/airflow/.local/lib/python3.8/site-packages/airflow/example_dags/example_latest_only_with_trigger.py
[2026-05-16T03:11:50.485+0000] {logging_mixin.py:188} INFO - [2026-05-16T03:11:50.484+0000] {dag.py:3036} INFO - Sync 1 DAGs
[2026-05-16T03:11:50.522+0000] {logging_mixin.py:188} INFO - [2026-05-16T03:11:50.522+0000] {dag.py:3823} INFO - Setting next_dagrun for latest_only_with_trigger to 2026-05-15 20:00:00+00:00, run_after=2026-05-16 00:00:00+00:00
[2026-05-16T03:11:50.556+0000] {processor.py:183} INFO - Processing /home/airflow/.local/lib/python3.8/site-packages/airflow/example_dags/example_latest_only_with_trigger.py took 0.135 seconds
[2026-05-16T03:12:21.810+0000] {processor.py:161} INFO - Started process (PID=3704) to work on /home/airflow/.local/lib/python3.8/site-packages/airflow/example_dags/example_latest_only_with_trigger.py
[2026-05-16T03:12:21.812+0000] {processor.py:830} INFO - Processing file /home/airflow/.local/lib/python3.8/site-packages/airflow/example_dags/example_latest_only_with_trigger.py for tasks to queue
[2026-05-16T03:12:21.815+0000] {logging_mixin.py:188} INFO - [2026-05-16T03:12:21.815+0000] {dagbag.py:538} INFO - Filling up the DagBag from /home/airflow/.local/lib/python3.8/site-packages/airflow/example_dags/example_latest_only_with_trigger.py
[2026-05-16T03:12:21.825+0000] {processor.py:840} INFO - DAG(s) 'latest_only_with_trigger' retrieved from /home/airflow/.local/lib/python3.8/site-packages/airflow/example_dags/example_latest_only_with_trigger.py
[2026-05-16T03:12:21.865+0000] {logging_mixin.py:188} INFO - [2026-05-16T03:12:21.865+0000] {dag.py:3036} INFO - Sync 1 DAGs
[2026-05-16T03:12:22.102+0000] {logging_mixin.py:188} INFO - [2026-05-16T03:12:22.102+0000] {dag.py:3823} INFO - Setting next_dagrun for latest_only_with_trigger to 2026-05-15 20:00:00+00:00, run_after=2026-05-16 00:00:00+00:00
[2026-05-16T03:12:22.133+0000] {processor.py:183} INFO - Processing /home/airflow/.local/lib/python3.8/site-packages/airflow/example_dags/example_latest_only_with_trigger.py took 0.327 seconds
[2026-05-16T03:12:52.364+0000] {processor.py:161} INFO - Started process (PID=3776) to work on /home/airflow/.local/lib/python3.8/site-packages/airflow/example_dags/example_latest_only_with_trigger.py
[2026-05-16T03:12:52.365+0000] {processor.py:830} INFO - Processing file /home/airflow/.local/lib/python3.8/site-packages/airflow/example_dags/example_latest_only_with_trigger.py for tasks to queue
[2026-05-16T03:12:52.368+0000] {logging_mixin.py:188} INFO - [2026-05-16T03:12:52.367+0000] {dagbag.py:538} INFO - Filling up the DagBag from /home/airflow/.local/lib/python3.8/site-packages/airflow/example_dags/example_latest_only_with_trigger.py
[2026-05-16T03:12:52.376+0000] {processor.py:840} INFO - DAG(s) 'latest_only_with_trigger' retrieved from /home/airflow/.local/lib/python3.8/site-packages/airflow/example_dags/example_latest_only_with_trigger.py
[2026-05-16T03:12:52.417+0000] {logging_mixin.py:188} INFO - [2026-05-16T03:12:52.416+0000] {dag.py:3036} INFO - Sync 1 DAGs
[2026-05-16T03:12:52.460+0000] {logging_mixin.py:188} INFO - [2026-05-16T03:12:52.459+0000] {dag.py:3823} INFO - Setting next_dagrun for latest_only_with_trigger to 2026-05-15 20:00:00+00:00, run_after=2026-05-16 00:00:00+00:00
[2026-05-16T03:12:52.685+0000] {processor.py:183} INFO - Processing /home/airflow/.local/lib/python3.8/site-packages/airflow/example_dags/example_latest_only_with_trigger.py took 0.326 seconds
[2026-05-16T03:13:22.796+0000] {processor.py:161} INFO - Started process (PID=3842) to work on /home/airflow/.local/lib/python3.8/site-packages/airflow/example_dags/example_latest_only_with_trigger.py
[2026-05-16T03:13:22.798+0000] {processor.py:830} INFO - Processing file /home/airflow/.local/lib/python3.8/site-packages/airflow/example_dags/example_latest_only_with_trigger.py for tasks to queue
[2026-05-16T03:13:22.801+0000] {logging_mixin.py:188} INFO - [2026-05-16T03:13:22.801+0000] {dagbag.py:538} INFO - Filling up the DagBag from /home/airflow/.local/lib/python3.8/site-packages/airflow/example_dags/example_latest_only_with_trigger.py
[2026-05-16T03:13:22.810+0000] {processor.py:840} INFO - DAG(s) 'latest_only_with_trigger' retrieved from /home/airflow/.local/lib/python3.8/site-packages/airflow/example_dags/example_latest_only_with_trigger.py
[2026-05-16T03:13:22.848+0000] {logging_mixin.py:188} INFO - [2026-05-16T03:13:22.848+0000] {dag.py:3036} INFO - Sync 1 DAGs
[2026-05-16T03:13:22.889+0000] {logging_mixin.py:188} INFO - [2026-05-16T03:13:22.889+0000] {dag.py:3823} INFO - Setting next_dagrun for latest_only_with_trigger to 2026-05-15 20:00:00+00:00, run_after=2026-05-16 00:00:00+00:00
[2026-05-16T03:13:22.924+0000] {processor.py:183} INFO - Processing /home/airflow/.local/lib/python3.8/site-packages/airflow/example_dags/example_latest_only_with_trigger.py took 0.134 seconds
[2026-05-16T03:13:53.049+0000] {processor.py:161} INFO - Started process (PID=3908) to work on /home/airflow/.local/lib/python3.8/site-packages/airflow/example_dags/example_latest_only_with_trigger.py
[2026-05-16T03:13:53.050+0000] {processor.py:830} INFO - Processing file /home/airflow/.local/lib/python3.8/site-packages/airflow/example_dags/example_latest_only_with_trigger.py for tasks to queue
[2026-05-16T03:13:53.053+0000] {logging_mixin.py:188} INFO - [2026-05-16T03:13:53.053+0000] {dagbag.py:538} INFO - Filling up the DagBag from /home/airflow/.local/lib/python3.8/site-packages/airflow/example_dags/example_latest_only_with_trigger.py
[2026-05-16T03:13:53.062+0000] {processor.py:840} INFO - DAG(s) 'latest_only_with_trigger' retrieved from /home/airflow/.local/lib/python3.8/site-packages/airflow/example_dags/example_latest_only_with_trigger.py
[2026-05-16T03:13:53.102+0000] {logging_mixin.py:188} INFO - [2026-05-16T03:13:53.102+0000] {dag.py:3036} INFO - Sync 1 DAGs
[2026-05-16T03:13:53.139+0000] {logging_mixin.py:188} INFO - [2026-05-16T03:13:53.139+0000] {dag.py:3823} INFO - Setting next_dagrun for latest_only_with_trigger to 2026-05-15 20:00:00+00:00, run_after=2026-05-16 00:00:00+00:00
[2026-05-16T03:13:53.170+0000] {processor.py:183} INFO - Processing /home/airflow/.local/lib/python3.8/site-packages/airflow/example_dags/example_latest_only_with_trigger.py took 0.126 seconds
[2026-05-16T03:14:23.332+0000] {processor.py:161} INFO - Started process (PID=3973) to work on /home/airflow/.local/lib/python3.8/site-packages/airflow/example_dags/example_latest_only_with_trigger.py
[2026-05-16T03:14:23.334+0000] {processor.py:830} INFO - Processing file /home/airflow/.local/lib/python3.8/site-packages/airflow/example_dags/example_latest_only_with_trigger.py for tasks to queue
[2026-05-16T03:14:23.337+0000] {logging_mixin.py:188} INFO - [2026-05-16T03:14:23.336+0000] {dagbag.py:538} INFO - Filling up the DagBag from /home/airflow/.local/lib/python3.8/site-packages/airflow/example_dags/example_latest_only_with_trigger.py
[2026-05-16T03:14:23.347+0000] {processor.py:840} INFO - DAG(s) 'latest_only_with_trigger' retrieved from /home/airflow/.local/lib/python3.8/site-packages/airflow/example_dags/example_latest_only_with_trigger.py
[2026-05-16T03:14:23.390+0000] {logging_mixin.py:188} INFO - [2026-05-16T03:14:23.390+0000] {dag.py:3036} INFO - Sync 1 DAGs
[2026-05-16T03:14:23.430+0000] {logging_mixin.py:188} INFO - [2026-05-16T03:14:23.430+0000] {dag.py:3823} INFO - Setting next_dagrun for latest_only_with_trigger to 2026-05-15 20:00:00+00:00, run_after=2026-05-16 00:00:00+00:00
[2026-05-16T03:14:23.460+0000] {processor.py:183} INFO - Processing /home/airflow/.local/lib/python3.8/site-packages/airflow/example_dags/example_latest_only_with_trigger.py took 0.132 seconds
[2026-05-16T03:14:53.714+0000] {processor.py:161} INFO - Started process (PID=4037) to work on /home/airflow/.local/lib/python3.8/site-packages/airflow/example_dags/example_latest_only_with_trigger.py
[2026-05-16T03:14:53.716+0000] {processor.py:830} INFO - Processing file /home/airflow/.local/lib/python3.8/site-packages/airflow/example_dags/example_latest_only_with_trigger.py for tasks to queue
[2026-05-16T03:14:53.719+0000] {logging_mixin.py:188} INFO - [2026-05-16T03:14:53.718+0000] {dagbag.py:538} INFO - Filling up the DagBag from /home/airflow/.local/lib/python3.8/site-packages/airflow/example_dags/example_latest_only_with_trigger.py
[2026-05-16T03:14:53.729+0000] {processor.py:840} INFO - DAG(s) 'latest_only_with_trigger' retrieved from /home/airflow/.local/lib/python3.8/site-packages/airflow/example_dags/example_latest_only_with_trigger.py
[2026-05-16T03:14:53.772+0000] {logging_mixin.py:188} INFO - [2026-05-16T03:14:53.772+0000] {dag.py:3036} INFO - Sync 1 DAGs
[2026-05-16T03:14:53.818+0000] {logging_mixin.py:188} INFO - [2026-05-16T03:14:53.818+0000] {dag.py:3823} INFO - Setting next_dagrun for latest_only_with_trigger to 2026-05-15 20:00:00+00:00, run_after=2026-05-16 00:00:00+00:00
[2026-05-16T03:14:53.855+0000] {processor.py:183} INFO - Processing /home/airflow/.local/lib/python3.8/site-packages/airflow/example_dags/example_latest_only_with_trigger.py took 0.146 seconds
[2026-05-16T03:15:24.687+0000] {processor.py:161} INFO - Started process (PID=4102) to work on /home/airflow/.local/lib/python3.8/site-packages/airflow/example_dags/example_latest_only_with_trigger.py
[2026-05-16T03:15:24.689+0000] {processor.py:830} INFO - Processing file /home/airflow/.local/lib/python3.8/site-packages/airflow/example_dags/example_latest_only_with_trigger.py for tasks to queue
[2026-05-16T03:15:24.691+0000] {logging_mixin.py:188} INFO - [2026-05-16T03:15:24.691+0000] {dagbag.py:538} INFO - Filling up the DagBag from /home/airflow/.local/lib/python3.8/site-packages/airflow/example_dags/example_latest_only_with_trigger.py
[2026-05-16T03:15:24.701+0000] {processor.py:840} INFO - DAG(s) 'latest_only_with_trigger' retrieved from /home/airflow/.local/lib/python3.8/site-packages/airflow/example_dags/example_latest_only_with_trigger.py
[2026-05-16T03:15:24.748+0000] {logging_mixin.py:188} INFO - [2026-05-16T03:15:24.748+0000] {dag.py:3036} INFO - Sync 1 DAGs
[2026-05-16T03:15:24.788+0000] {logging_mixin.py:188} INFO - [2026-05-16T03:15:24.788+0000] {dag.py:3823} INFO - Setting next_dagrun for latest_only_with_trigger to 2026-05-15 20:00:00+00:00, run_after=2026-05-16 00:00:00+00:00
[2026-05-16T03:15:24.823+0000] {processor.py:183} INFO - Processing /home/airflow/.local/lib/python3.8/site-packages/airflow/example_dags/example_latest_only_with_trigger.py took 0.142 seconds
[2026-05-16T03:15:55.015+0000] {processor.py:161} INFO - Started process (PID=4167) to work on /home/airflow/.local/lib/python3.8/site-packages/airflow/example_dags/example_latest_only_with_trigger.py
[2026-05-16T03:15:55.016+0000] {processor.py:830} INFO - Processing file /home/airflow/.local/lib/python3.8/site-packages/airflow/example_dags/example_latest_only_with_trigger.py for tasks to queue
[2026-05-16T03:15:55.019+0000] {logging_mixin.py:188} INFO - [2026-05-16T03:15:55.019+0000] {dagbag.py:538} INFO - Filling up the DagBag from /home/airflow/.local/lib/python3.8/site-packages/airflow/example_dags/example_latest_only_with_trigger.py
[2026-05-16T03:15:55.030+0000] {processor.py:840} INFO - DAG(s) 'latest_only_with_trigger' retrieved from /home/airflow/.local/lib/python3.8/site-packages/airflow/example_dags/example_latest_only_with_trigger.py
[2026-05-16T03:15:55.075+0000] {logging_mixin.py:188} INFO - [2026-05-16T03:15:55.075+0000] {dag.py:3036} INFO - Sync 1 DAGs
[2026-05-16T03:15:55.118+0000] {logging_mixin.py:188} INFO - [2026-05-16T03:15:55.117+0000] {dag.py:3823} INFO - Setting next_dagrun for latest_only_with_trigger to 2026-05-15 20:00:00+00:00, run_after=2026-05-16 00:00:00+00:00
[2026-05-16T03:15:55.149+0000] {processor.py:183} INFO - Processing /home/airflow/.local/lib/python3.8/site-packages/airflow/example_dags/example_latest_only_with_trigger.py took 0.141 seconds
[2026-05-16T03:16:25.567+0000] {processor.py:161} INFO - Started process (PID=4231) to work on /home/airflow/.local/lib/python3.8/site-packages/airflow/example_dags/example_latest_only_with_trigger.py
[2026-05-16T03:16:25.569+0000] {processor.py:830} INFO - Processing file /home/airflow/.local/lib/python3.8/site-packages/airflow/example_dags/example_latest_only_with_trigger.py for tasks to queue
[2026-05-16T03:16:25.572+0000] {logging_mixin.py:188} INFO - [2026-05-16T03:16:25.572+0000] {dagbag.py:538} INFO - Filling up the DagBag from /home/airflow/.local/lib/python3.8/site-packages/airflow/example_dags/example_latest_only_with_trigger.py
[2026-05-16T03:16:25.580+0000] {processor.py:840} INFO - DAG(s) 'latest_only_with_trigger' retrieved from /home/airflow/.local/lib/python3.8/site-packages/airflow/example_dags/example_latest_only_with_trigger.py
[2026-05-16T03:16:25.622+0000] {logging_mixin.py:188} INFO - [2026-05-16T03:16:25.621+0000] {dag.py:3036} INFO - Sync 1 DAGs
[2026-05-16T03:16:25.666+0000] {logging_mixin.py:188} INFO - [2026-05-16T03:16:25.666+0000] {dag.py:3823} INFO - Setting next_dagrun for latest_only_with_trigger to 2026-05-15 20:00:00+00:00, run_after=2026-05-16 00:00:00+00:00
[2026-05-16T03:16:25.699+0000] {processor.py:183} INFO - Processing /home/airflow/.local/lib/python3.8/site-packages/airflow/example_dags/example_latest_only_with_trigger.py took 0.137 seconds
[2026-05-16T03:16:56.177+0000] {processor.py:161} INFO - Started process (PID=4296) to work on /home/airflow/.local/lib/python3.8/site-packages/airflow/example_dags/example_latest_only_with_trigger.py
[2026-05-16T03:16:56.179+0000] {processor.py:830} INFO - Processing file /home/airflow/.local/lib/python3.8/site-packages/airflow/example_dags/example_latest_only_with_trigger.py for tasks to queue
[2026-05-16T03:16:56.182+0000] {logging_mixin.py:188} INFO - [2026-05-16T03:16:56.181+0000] {dagbag.py:538} INFO - Filling up the DagBag from /home/airflow/.local/lib/python3.8/site-packages/airflow/example_dags/example_latest_only_with_trigger.py
[2026-05-16T03:16:56.191+0000] {processor.py:840} INFO - DAG(s) 'latest_only_with_trigger' retrieved from /home/airflow/.local/lib/python3.8/site-packages/airflow/example_dags/example_latest_only_with_trigger.py
[2026-05-16T03:16:56.233+0000] {logging_mixin.py:188} INFO - [2026-05-16T03:16:56.233+0000] {dag.py:3036} INFO - Sync 1 DAGs
[2026-05-16T03:16:56.273+0000] {logging_mixin.py:188} INFO - [2026-05-16T03:16:56.271+0000] {dag.py:3823} INFO - Setting next_dagrun for latest_only_with_trigger to 2026-05-15 20:00:00+00:00, run_after=2026-05-16 00:00:00+00:00
[2026-05-16T03:16:56.304+0000] {processor.py:183} INFO - Processing /home/airflow/.local/lib/python3.8/site-packages/airflow/example_dags/example_latest_only_with_trigger.py took 0.132 seconds
[2026-05-16T03:17:26.377+0000] {processor.py:161} INFO - Started process (PID=4361) to work on /home/airflow/.local/lib/python3.8/site-packages/airflow/example_dags/example_latest_only_with_trigger.py
[2026-05-16T03:17:26.379+0000] {processor.py:830} INFO - Processing file /home/airflow/.local/lib/python3.8/site-packages/airflow/example_dags/example_latest_only_with_trigger.py for tasks to queue
[2026-05-16T03:17:26.381+0000] {logging_mixin.py:188} INFO - [2026-05-16T03:17:26.381+0000] {dagbag.py:538} INFO - Filling up the DagBag from /home/airflow/.local/lib/python3.8/site-packages/airflow/example_dags/example_latest_only_with_trigger.py
[2026-05-16T03:17:26.390+0000] {processor.py:840} INFO - DAG(s) 'latest_only_with_trigger' retrieved from /home/airflow/.local/lib/python3.8/site-packages/airflow/example_dags/example_latest_only_with_trigger.py
[2026-05-16T03:17:26.429+0000] {logging_mixin.py:188} INFO - [2026-05-16T03:17:26.429+0000] {dag.py:3036} INFO - Sync 1 DAGs
[2026-05-16T03:17:26.468+0000] {logging_mixin.py:188} INFO - [2026-05-16T03:17:26.467+0000] {dag.py:3823} INFO - Setting next_dagrun for latest_only_with_trigger to 2026-05-15 20:00:00+00:00, run_after=2026-05-16 00:00:00+00:00
[2026-05-16T03:17:26.497+0000] {processor.py:183} INFO - Processing /home/airflow/.local/lib/python3.8/site-packages/airflow/example_dags/example_latest_only_with_trigger.py took 0.125 seconds
[2026-05-16T03:17:56.690+0000] {processor.py:161} INFO - Started process (PID=4426) to work on /home/airflow/.local/lib/python3.8/site-packages/airflow/example_dags/example_latest_only_with_trigger.py
[2026-05-16T03:17:56.692+0000] {processor.py:830} INFO - Processing file /home/airflow/.local/lib/python3.8/site-packages/airflow/example_dags/example_latest_only_with_trigger.py for tasks to queue
[2026-05-16T03:17:56.694+0000] {logging_mixin.py:188} INFO - [2026-05-16T03:17:56.694+0000] {dagbag.py:538} INFO - Filling up the DagBag from /home/airflow/.local/lib/python3.8/site-packages/airflow/example_dags/example_latest_only_with_trigger.py
[2026-05-16T03:17:56.704+0000] {processor.py:840} INFO - DAG(s) 'latest_only_with_trigger' retrieved from /home/airflow/.local/lib/python3.8/site-packages/airflow/example_dags/example_latest_only_with_trigger.py
[2026-05-16T03:17:56.746+0000] {logging_mixin.py:188} INFO - [2026-05-16T03:17:56.745+0000] {dag.py:3036} INFO - Sync 1 DAGs
[2026-05-16T03:17:56.790+0000] {logging_mixin.py:188} INFO - [2026-05-16T03:17:56.790+0000] {dag.py:3823} INFO - Setting next_dagrun for latest_only_with_trigger to 2026-05-15 20:00:00+00:00, run_after=2026-05-16 00:00:00+00:00
[2026-05-16T03:17:56.820+0000] {processor.py:183} INFO - Processing /home/airflow/.local/lib/python3.8/site-packages/airflow/example_dags/example_latest_only_with_trigger.py took 0.135 seconds
[2026-05-16T03:18:26.979+0000] {processor.py:161} INFO - Started process (PID=4491) to work on /home/airflow/.local/lib/python3.8/site-packages/airflow/example_dags/example_latest_only_with_trigger.py
[2026-05-16T03:18:26.981+0000] {processor.py:830} INFO - Processing file /home/airflow/.local/lib/python3.8/site-packages/airflow/example_dags/example_latest_only_with_trigger.py for tasks to queue
[2026-05-16T03:18:26.984+0000] {logging_mixin.py:188} INFO - [2026-05-16T03:18:26.984+0000] {dagbag.py:538} INFO - Filling up the DagBag from /home/airflow/.local/lib/python3.8/site-packages/airflow/example_dags/example_latest_only_with_trigger.py
[2026-05-16T03:18:26.994+0000] {processor.py:840} INFO - DAG(s) 'latest_only_with_trigger' retrieved from /home/airflow/.local/lib/python3.8/site-packages/airflow/example_dags/example_latest_only_with_trigger.py
[2026-05-16T03:18:27.035+0000] {logging_mixin.py:188} INFO - [2026-05-16T03:18:27.034+0000] {dag.py:3036} INFO - Sync 1 DAGs
[2026-05-16T03:18:27.078+0000] {logging_mixin.py:188} INFO - [2026-05-16T03:18:27.077+0000] {dag.py:3823} INFO - Setting next_dagrun for latest_only_with_trigger to 2026-05-15 20:00:00+00:00, run_after=2026-05-16 00:00:00+00:00
[2026-05-16T03:18:27.110+0000] {processor.py:183} INFO - Processing /home/airflow/.local/lib/python3.8/site-packages/airflow/example_dags/example_latest_only_with_trigger.py took 0.136 seconds
[2026-05-16T03:18:57.743+0000] {processor.py:161} INFO - Started process (PID=4563) to work on /home/airflow/.local/lib/python3.8/site-packages/airflow/example_dags/example_latest_only_with_trigger.py
[2026-05-16T03:18:57.745+0000] {processor.py:830} INFO - Processing file /home/airflow/.local/lib/python3.8/site-packages/airflow/example_dags/example_latest_only_with_trigger.py for tasks to queue
[2026-05-16T03:18:57.748+0000] {logging_mixin.py:188} INFO - [2026-05-16T03:18:57.748+0000] {dagbag.py:538} INFO - Filling up the DagBag from /home/airflow/.local/lib/python3.8/site-packages/airflow/example_dags/example_latest_only_with_trigger.py
[2026-05-16T03:18:57.759+0000] {processor.py:840} INFO - DAG(s) 'latest_only_with_trigger' retrieved from /home/airflow/.local/lib/python3.8/site-packages/airflow/example_dags/example_latest_only_with_trigger.py
[2026-05-16T03:18:57.804+0000] {logging_mixin.py:188} INFO - [2026-05-16T03:18:57.804+0000] {dag.py:3036} INFO - Sync 1 DAGs
[2026-05-16T03:18:57.851+0000] {logging_mixin.py:188} INFO - [2026-05-16T03:18:57.851+0000] {dag.py:3823} INFO - Setting next_dagrun for latest_only_with_trigger to 2026-05-15 20:00:00+00:00, run_after=2026-05-16 00:00:00+00:00
[2026-05-16T03:18:57.886+0000] {processor.py:183} INFO - Processing /home/airflow/.local/lib/python3.8/site-packages/airflow/example_dags/example_latest_only_with_trigger.py took 0.148 seconds
[2026-05-16T03:19:27.994+0000] {processor.py:161} INFO - Started process (PID=4628) to work on /home/airflow/.local/lib/python3.8/site-packages/airflow/example_dags/example_latest_only_with_trigger.py
[2026-05-16T03:19:27.996+0000] {processor.py:830} INFO - Processing file /home/airflow/.local/lib/python3.8/site-packages/airflow/example_dags/example_latest_only_with_trigger.py for tasks to queue
[2026-05-16T03:19:27.999+0000] {logging_mixin.py:188} INFO - [2026-05-16T03:19:27.998+0000] {dagbag.py:538} INFO - Filling up the DagBag from /home/airflow/.local/lib/python3.8/site-packages/airflow/example_dags/example_latest_only_with_trigger.py
[2026-05-16T03:19:28.009+0000] {processor.py:840} INFO - DAG(s) 'latest_only_with_trigger' retrieved from /home/airflow/.local/lib/python3.8/site-packages/airflow/example_dags/example_latest_only_with_trigger.py
[2026-05-16T03:19:28.053+0000] {logging_mixin.py:188} INFO - [2026-05-16T03:19:28.052+0000] {dag.py:3036} INFO - Sync 1 DAGs
[2026-05-16T03:19:28.104+0000] {logging_mixin.py:188} INFO - [2026-05-16T03:19:28.103+0000] {dag.py:3823} INFO - Setting next_dagrun for latest_only_with_trigger to 2026-05-15 20:00:00+00:00, run_after=2026-05-16 00:00:00+00:00
[2026-05-16T03:19:28.145+0000] {processor.py:183} INFO - Processing /home/airflow/.local/lib/python3.8/site-packages/airflow/example_dags/example_latest_only_with_trigger.py took 0.157 seconds
[2026-05-16T03:19:58.249+0000] {processor.py:161} INFO - Started process (PID=4694) to work on /home/airflow/.local/lib/python3.8/site-packages/airflow/example_dags/example_latest_only_with_trigger.py
[2026-05-16T03:19:58.251+0000] {processor.py:830} INFO - Processing file /home/airflow/.local/lib/python3.8/site-packages/airflow/example_dags/example_latest_only_with_trigger.py for tasks to queue
[2026-05-16T03:19:58.254+0000] {logging_mixin.py:188} INFO - [2026-05-16T03:19:58.254+0000] {dagbag.py:538} INFO - Filling up the DagBag from /home/airflow/.local/lib/python3.8/site-packages/airflow/example_dags/example_latest_only_with_trigger.py
[2026-05-16T03:19:58.264+0000] {processor.py:840} INFO - DAG(s) 'latest_only_with_trigger' retrieved from /home/airflow/.local/lib/python3.8/site-packages/airflow/example_dags/example_latest_only_with_trigger.py
[2026-05-16T03:19:58.307+0000] {logging_mixin.py:188} INFO - [2026-05-16T03:19:58.307+0000] {dag.py:3036} INFO - Sync 1 DAGs
[2026-05-16T03:19:58.352+0000] {logging_mixin.py:188} INFO - [2026-05-16T03:19:58.351+0000] {dag.py:3823} INFO - Setting next_dagrun for latest_only_with_trigger to 2026-05-15 20:00:00+00:00, run_after=2026-05-16 00:00:00+00:00
[2026-05-16T03:19:58.388+0000] {processor.py:183} INFO - Processing /home/airflow/.local/lib/python3.8/site-packages/airflow/example_dags/example_latest_only_with_trigger.py took 0.144 seconds
[2026-05-16T03:20:28.590+0000] {processor.py:161} INFO - Started process (PID=4758) to work on /home/airflow/.local/lib/python3.8/site-packages/airflow/example_dags/example_latest_only_with_trigger.py
[2026-05-16T03:20:28.592+0000] {processor.py:830} INFO - Processing file /home/airflow/.local/lib/python3.8/site-packages/airflow/example_dags/example_latest_only_with_trigger.py for tasks to queue
[2026-05-16T03:20:28.594+0000] {logging_mixin.py:188} INFO - [2026-05-16T03:20:28.594+0000] {dagbag.py:538} INFO - Filling up the DagBag from /home/airflow/.local/lib/python3.8/site-packages/airflow/example_dags/example_latest_only_with_trigger.py
[2026-05-16T03:20:28.605+0000] {processor.py:840} INFO - DAG(s) 'latest_only_with_trigger' retrieved from /home/airflow/.local/lib/python3.8/site-packages/airflow/example_dags/example_latest_only_with_trigger.py
[2026-05-16T03:20:28.650+0000] {logging_mixin.py:188} INFO - [2026-05-16T03:20:28.650+0000] {dag.py:3036} INFO - Sync 1 DAGs
[2026-05-16T03:20:28.696+0000] {logging_mixin.py:188} INFO - [2026-05-16T03:20:28.696+0000] {dag.py:3823} INFO - Setting next_dagrun for latest_only_with_trigger to 2026-05-15 20:00:00+00:00, run_after=2026-05-16 00:00:00+00:00
[2026-05-16T03:20:28.731+0000] {processor.py:183} INFO - Processing /home/airflow/.local/lib/python3.8/site-packages/airflow/example_dags/example_latest_only_with_trigger.py took 0.147 seconds
[2026-05-16T03:20:58.904+0000] {processor.py:161} INFO - Started process (PID=4822) to work on /home/airflow/.local/lib/python3.8/site-packages/airflow/example_dags/example_latest_only_with_trigger.py
[2026-05-16T03:20:58.906+0000] {processor.py:830} INFO - Processing file /home/airflow/.local/lib/python3.8/site-packages/airflow/example_dags/example_latest_only_with_trigger.py for tasks to queue
[2026-05-16T03:20:58.910+0000] {logging_mixin.py:188} INFO - [2026-05-16T03:20:58.909+0000] {dagbag.py:538} INFO - Filling up the DagBag from /home/airflow/.local/lib/python3.8/site-packages/airflow/example_dags/example_latest_only_with_trigger.py
[2026-05-16T03:20:58.920+0000] {processor.py:840} INFO - DAG(s) 'latest_only_with_trigger' retrieved from /home/airflow/.local/lib/python3.8/site-packages/airflow/example_dags/example_latest_only_with_trigger.py
[2026-05-16T03:20:58.979+0000] {logging_mixin.py:188} INFO - [2026-05-16T03:20:58.979+0000] {dag.py:3036} INFO - Sync 1 DAGs
[2026-05-16T03:20:59.025+0000] {logging_mixin.py:188} INFO - [2026-05-16T03:20:59.024+0000] {dag.py:3823} INFO - Setting next_dagrun for latest_only_with_trigger to 2026-05-15 20:00:00+00:00, run_after=2026-05-16 00:00:00+00:00
[2026-05-16T03:20:59.071+0000] {processor.py:183} INFO - Processing /home/airflow/.local/lib/python3.8/site-packages/airflow/example_dags/example_latest_only_with_trigger.py took 0.173 seconds
[2026-05-16T03:21:29.401+0000] {processor.py:161} INFO - Started process (PID=4888) to work on /home/airflow/.local/lib/python3.8/site-packages/airflow/example_dags/example_latest_only_with_trigger.py
[2026-05-16T03:21:29.402+0000] {processor.py:830} INFO - Processing file /home/airflow/.local/lib/python3.8/site-packages/airflow/example_dags/example_latest_only_with_trigger.py for tasks to queue
[2026-05-16T03:21:29.405+0000] {logging_mixin.py:188} INFO - [2026-05-16T03:21:29.405+0000] {dagbag.py:538} INFO - Filling up the DagBag from /home/airflow/.local/lib/python3.8/site-packages/airflow/example_dags/example_latest_only_with_trigger.py
[2026-05-16T03:21:29.416+0000] {processor.py:840} INFO - DAG(s) 'latest_only_with_trigger' retrieved from /home/airflow/.local/lib/python3.8/site-packages/airflow/example_dags/example_latest_only_with_trigger.py
[2026-05-16T03:21:29.462+0000] {logging_mixin.py:188} INFO - [2026-05-16T03:21:29.461+0000] {dag.py:3036} INFO - Sync 1 DAGs
[2026-05-16T03:21:29.509+0000] {logging_mixin.py:188} INFO - [2026-05-16T03:21:29.509+0000] {dag.py:3823} INFO - Setting next_dagrun for latest_only_with_trigger to 2026-05-15 20:00:00+00:00, run_after=2026-05-16 00:00:00+00:00
[2026-05-16T03:21:29.542+0000] {processor.py:183} INFO - Processing /home/airflow/.local/lib/python3.8/site-packages/airflow/example_dags/example_latest_only_with_trigger.py took 0.148 seconds
[2026-05-16T03:22:00.044+0000] {processor.py:161} INFO - Started process (PID=4953) to work on /home/airflow/.local/lib/python3.8/site-packages/airflow/example_dags/example_latest_only_with_trigger.py
[2026-05-16T03:22:00.046+0000] {processor.py:830} INFO - Processing file /home/airflow/.local/lib/python3.8/site-packages/airflow/example_dags/example_latest_only_with_trigger.py for tasks to queue
[2026-05-16T03:22:00.049+0000] {logging_mixin.py:188} INFO - [2026-05-16T03:22:00.049+0000] {dagbag.py:538} INFO - Filling up the DagBag from /home/airflow/.local/lib/python3.8/site-packages/airflow/example_dags/example_latest_only_with_trigger.py
[2026-05-16T03:22:00.060+0000] {processor.py:840} INFO - DAG(s) 'latest_only_with_trigger' retrieved from /home/airflow/.local/lib/python3.8/site-packages/airflow/example_dags/example_latest_only_with_trigger.py
[2026-05-16T03:22:00.103+0000] {logging_mixin.py:188} INFO - [2026-05-16T03:22:00.103+0000] {dag.py:3036} INFO - Sync 1 DAGs
[2026-05-16T03:22:00.147+0000] {logging_mixin.py:188} INFO - [2026-05-16T03:22:00.146+0000] {dag.py:3823} INFO - Setting next_dagrun for latest_only_with_trigger to 2026-05-15 20:00:00+00:00, run_after=2026-05-16 00:00:00+00:00
[2026-05-16T03:22:00.179+0000] {processor.py:183} INFO - Processing /home/airflow/.local/lib/python3.8/site-packages/airflow/example_dags/example_latest_only_with_trigger.py took 0.141 seconds
[2026-05-16T03:22:30.834+0000] {processor.py:161} INFO - Started process (PID=5017) to work on /home/airflow/.local/lib/python3.8/site-packages/airflow/example_dags/example_latest_only_with_trigger.py
[2026-05-16T03:22:30.835+0000] {processor.py:830} INFO - Processing file /home/airflow/.local/lib/python3.8/site-packages/airflow/example_dags/example_latest_only_with_trigger.py for tasks to queue
[2026-05-16T03:22:30.838+0000] {logging_mixin.py:188} INFO - [2026-05-16T03:22:30.837+0000] {dagbag.py:538} INFO - Filling up the DagBag from /home/airflow/.local/lib/python3.8/site-packages/airflow/example_dags/example_latest_only_with_trigger.py
[2026-05-16T03:22:30.846+0000] {processor.py:840} INFO - DAG(s) 'latest_only_with_trigger' retrieved from /home/airflow/.local/lib/python3.8/site-packages/airflow/example_dags/example_latest_only_with_trigger.py
[2026-05-16T03:22:30.882+0000] {logging_mixin.py:188} INFO - [2026-05-16T03:22:30.882+0000] {dag.py:3036} INFO - Sync 1 DAGs
[2026-05-16T03:22:30.916+0000] {logging_mixin.py:188} INFO - [2026-05-16T03:22:30.915+0000] {dag.py:3823} INFO - Setting next_dagrun for latest_only_with_trigger to 2026-05-15 20:00:00+00:00, run_after=2026-05-16 00:00:00+00:00
[2026-05-16T03:22:30.949+0000] {processor.py:183} INFO - Processing /home/airflow/.local/lib/python3.8/site-packages/airflow/example_dags/example_latest_only_with_trigger.py took 0.120 seconds
[2026-05-16T03:23:01.160+0000] {processor.py:161} INFO - Started process (PID=5082) to work on /home/airflow/.local/lib/python3.8/site-packages/airflow/example_dags/example_latest_only_with_trigger.py
[2026-05-16T03:23:01.162+0000] {processor.py:830} INFO - Processing file /home/airflow/.local/lib/python3.8/site-packages/airflow/example_dags/example_latest_only_with_trigger.py for tasks to queue
[2026-05-16T03:23:01.165+0000] {logging_mixin.py:188} INFO - [2026-05-16T03:23:01.165+0000] {dagbag.py:538} INFO - Filling up the DagBag from /home/airflow/.local/lib/python3.8/site-packages/airflow/example_dags/example_latest_only_with_trigger.py
[2026-05-16T03:23:01.174+0000] {processor.py:840} INFO - DAG(s) 'latest_only_with_trigger' retrieved from /home/airflow/.local/lib/python3.8/site-packages/airflow/example_dags/example_latest_only_with_trigger.py
[2026-05-16T03:23:01.212+0000] {logging_mixin.py:188} INFO - [2026-05-16T03:23:01.212+0000] {dag.py:3036} INFO - Sync 1 DAGs
[2026-05-16T03:23:01.249+0000] {logging_mixin.py:188} INFO - [2026-05-16T03:23:01.248+0000] {dag.py:3823} INFO - Setting next_dagrun for latest_only_with_trigger to 2026-05-15 20:00:00+00:00, run_after=2026-05-16 00:00:00+00:00
[2026-05-16T03:23:01.280+0000] {processor.py:183} INFO - Processing /home/airflow/.local/lib/python3.8/site-packages/airflow/example_dags/example_latest_only_with_trigger.py took 0.125 seconds
[2026-05-16T03:23:31.496+0000] {processor.py:161} INFO - Started process (PID=5149) to work on /home/airflow/.local/lib/python3.8/site-packages/airflow/example_dags/example_latest_only_with_trigger.py
[2026-05-16T03:23:31.498+0000] {processor.py:830} INFO - Processing file /home/airflow/.local/lib/python3.8/site-packages/airflow/example_dags/example_latest_only_with_trigger.py for tasks to queue
[2026-05-16T03:23:31.501+0000] {logging_mixin.py:188} INFO - [2026-05-16T03:23:31.501+0000] {dagbag.py:538} INFO - Filling up the DagBag from /home/airflow/.local/lib/python3.8/site-packages/airflow/example_dags/example_latest_only_with_trigger.py
[2026-05-16T03:23:31.511+0000] {processor.py:840} INFO - DAG(s) 'latest_only_with_trigger' retrieved from /home/airflow/.local/lib/python3.8/site-packages/airflow/example_dags/example_latest_only_with_trigger.py
[2026-05-16T03:23:31.548+0000] {logging_mixin.py:188} INFO - [2026-05-16T03:23:31.547+0000] {dag.py:3036} INFO - Sync 1 DAGs
[2026-05-16T03:23:31.594+0000] {logging_mixin.py:188} INFO - [2026-05-16T03:23:31.593+0000] {dag.py:3823} INFO - Setting next_dagrun for latest_only_with_trigger to 2026-05-15 20:00:00+00:00, run_after=2026-05-16 00:00:00+00:00
[2026-05-16T03:23:31.628+0000] {processor.py:183} INFO - Processing /home/airflow/.local/lib/python3.8/site-packages/airflow/example_dags/example_latest_only_with_trigger.py took 0.137 seconds
[2026-05-16T03:24:02.215+0000] {processor.py:161} INFO - Started process (PID=5215) to work on /home/airflow/.local/lib/python3.8/site-packages/airflow/example_dags/example_latest_only_with_trigger.py
[2026-05-16T03:24:02.217+0000] {processor.py:830} INFO - Processing file /home/airflow/.local/lib/python3.8/site-packages/airflow/example_dags/example_latest_only_with_trigger.py for tasks to queue
[2026-05-16T03:24:02.220+0000] {logging_mixin.py:188} INFO - [2026-05-16T03:24:02.220+0000] {dagbag.py:538} INFO - Filling up the DagBag from /home/airflow/.local/lib/python3.8/site-packages/airflow/example_dags/example_latest_only_with_trigger.py
[2026-05-16T03:24:02.230+0000] {processor.py:840} INFO - DAG(s) 'latest_only_with_trigger' retrieved from /home/airflow/.local/lib/python3.8/site-packages/airflow/example_dags/example_latest_only_with_trigger.py
[2026-05-16T03:24:02.274+0000] {logging_mixin.py:188} INFO - [2026-05-16T03:24:02.274+0000] {dag.py:3036} INFO - Sync 1 DAGs
[2026-05-16T03:24:02.333+0000] {logging_mixin.py:188} INFO - [2026-05-16T03:24:02.333+0000] {dag.py:3823} INFO - Setting next_dagrun for latest_only_with_trigger to 2026-05-15 20:00:00+00:00, run_after=2026-05-16 00:00:00+00:00
[2026-05-16T03:24:02.397+0000] {processor.py:183} INFO - Processing /home/airflow/.local/lib/python3.8/site-packages/airflow/example_dags/example_latest_only_with_trigger.py took 0.189 seconds
[2026-05-16T03:24:32.856+0000] {processor.py:161} INFO - Started process (PID=5281) to work on /home/airflow/.local/lib/python3.8/site-packages/airflow/example_dags/example_latest_only_with_trigger.py
[2026-05-16T03:24:32.857+0000] {processor.py:830} INFO - Processing file /home/airflow/.local/lib/python3.8/site-packages/airflow/example_dags/example_latest_only_with_trigger.py for tasks to queue
[2026-05-16T03:24:32.860+0000] {logging_mixin.py:188} INFO - [2026-05-16T03:24:32.859+0000] {dagbag.py:538} INFO - Filling up the DagBag from /home/airflow/.local/lib/python3.8/site-packages/airflow/example_dags/example_latest_only_with_trigger.py
[2026-05-16T03:24:32.870+0000] {processor.py:840} INFO - DAG(s) 'latest_only_with_trigger' retrieved from /home/airflow/.local/lib/python3.8/site-packages/airflow/example_dags/example_latest_only_with_trigger.py
[2026-05-16T03:24:32.913+0000] {logging_mixin.py:188} INFO - [2026-05-16T03:24:32.912+0000] {dag.py:3036} INFO - Sync 1 DAGs
[2026-05-16T03:24:32.956+0000] {logging_mixin.py:188} INFO - [2026-05-16T03:24:32.955+0000] {dag.py:3823} INFO - Setting next_dagrun for latest_only_with_trigger to 2026-05-15 20:00:00+00:00, run_after=2026-05-16 00:00:00+00:00
[2026-05-16T03:24:32.987+0000] {processor.py:183} INFO - Processing /home/airflow/.local/lib/python3.8/site-packages/airflow/example_dags/example_latest_only_with_trigger.py took 0.137 seconds
[2026-05-16T03:25:03.655+0000] {processor.py:161} INFO - Started process (PID=5347) to work on /home/airflow/.local/lib/python3.8/site-packages/airflow/example_dags/example_latest_only_with_trigger.py
[2026-05-16T03:25:03.657+0000] {processor.py:830} INFO - Processing file /home/airflow/.local/lib/python3.8/site-packages/airflow/example_dags/example_latest_only_with_trigger.py for tasks to queue
[2026-05-16T03:25:03.660+0000] {logging_mixin.py:188} INFO - [2026-05-16T03:25:03.660+0000] {dagbag.py:538} INFO - Filling up the DagBag from /home/airflow/.local/lib/python3.8/site-packages/airflow/example_dags/example_latest_only_with_trigger.py
[2026-05-16T03:25:03.669+0000] {processor.py:840} INFO - DAG(s) 'latest_only_with_trigger' retrieved from /home/airflow/.local/lib/python3.8/site-packages/airflow/example_dags/example_latest_only_with_trigger.py
[2026-05-16T03:25:03.708+0000] {logging_mixin.py:188} INFO - [2026-05-16T03:25:03.708+0000] {dag.py:3036} INFO - Sync 1 DAGs
[2026-05-16T03:25:03.750+0000] {logging_mixin.py:188} INFO - [2026-05-16T03:25:03.749+0000] {dag.py:3823} INFO - Setting next_dagrun for latest_only_with_trigger to 2026-05-15 20:00:00+00:00, run_after=2026-05-16 00:00:00+00:00
[2026-05-16T03:25:03.784+0000] {processor.py:183} INFO - Processing /home/airflow/.local/lib/python3.8/site-packages/airflow/example_dags/example_latest_only_with_trigger.py took 0.133 seconds
[2026-05-16T03:25:33.910+0000] {processor.py:161} INFO - Started process (PID=5412) to work on /home/airflow/.local/lib/python3.8/site-packages/airflow/example_dags/example_latest_only_with_trigger.py
[2026-05-16T03:25:33.911+0000] {processor.py:830} INFO - Processing file /home/airflow/.local/lib/python3.8/site-packages/airflow/example_dags/example_latest_only_with_trigger.py for tasks to queue
[2026-05-16T03:25:33.913+0000] {logging_mixin.py:188} INFO - [2026-05-16T03:25:33.913+0000] {dagbag.py:538} INFO - Filling up the DagBag from /home/airflow/.local/lib/python3.8/site-packages/airflow/example_dags/example_latest_only_with_trigger.py
[2026-05-16T03:25:33.923+0000] {processor.py:840} INFO - DAG(s) 'latest_only_with_trigger' retrieved from /home/airflow/.local/lib/python3.8/site-packages/airflow/example_dags/example_latest_only_with_trigger.py
[2026-05-16T03:25:33.961+0000] {logging_mixin.py:188} INFO - [2026-05-16T03:25:33.960+0000] {dag.py:3036} INFO - Sync 1 DAGs
[2026-05-16T03:25:33.996+0000] {logging_mixin.py:188} INFO - [2026-05-16T03:25:33.996+0000] {dag.py:3823} INFO - Setting next_dagrun for latest_only_with_trigger to 2026-05-15 20:00:00+00:00, run_after=2026-05-16 00:00:00+00:00
[2026-05-16T03:25:34.025+0000] {processor.py:183} INFO - Processing /home/airflow/.local/lib/python3.8/site-packages/airflow/example_dags/example_latest_only_with_trigger.py took 0.121 seconds
[2026-05-16T03:26:04.148+0000] {processor.py:161} INFO - Started process (PID=5482) to work on /home/airflow/.local/lib/python3.8/site-packages/airflow/example_dags/example_latest_only_with_trigger.py
[2026-05-16T03:26:04.150+0000] {processor.py:830} INFO - Processing file /home/airflow/.local/lib/python3.8/site-packages/airflow/example_dags/example_latest_only_with_trigger.py for tasks to queue
[2026-05-16T03:26:04.153+0000] {logging_mixin.py:188} INFO - [2026-05-16T03:26:04.153+0000] {dagbag.py:538} INFO - Filling up the DagBag from /home/airflow/.local/lib/python3.8/site-packages/airflow/example_dags/example_latest_only_with_trigger.py
[2026-05-16T03:26:04.164+0000] {processor.py:840} INFO - DAG(s) 'latest_only_with_trigger' retrieved from /home/airflow/.local/lib/python3.8/site-packages/airflow/example_dags/example_latest_only_with_trigger.py
[2026-05-16T03:26:04.211+0000] {logging_mixin.py:188} INFO - [2026-05-16T03:26:04.210+0000] {dag.py:3036} INFO - Sync 1 DAGs
[2026-05-16T03:26:04.257+0000] {logging_mixin.py:188} INFO - [2026-05-16T03:26:04.256+0000] {dag.py:3823} INFO - Setting next_dagrun for latest_only_with_trigger to 2026-05-15 20:00:00+00:00, run_after=2026-05-16 00:00:00+00:00
[2026-05-16T03:26:04.292+0000] {processor.py:183} INFO - Processing /home/airflow/.local/lib/python3.8/site-packages/airflow/example_dags/example_latest_only_with_trigger.py took 0.152 seconds
[2026-05-16T03:26:34.976+0000] {processor.py:161} INFO - Started process (PID=5548) to work on /home/airflow/.local/lib/python3.8/site-packages/airflow/example_dags/example_latest_only_with_trigger.py
[2026-05-16T03:26:34.978+0000] {processor.py:830} INFO - Processing file /home/airflow/.local/lib/python3.8/site-packages/airflow/example_dags/example_latest_only_with_trigger.py for tasks to queue
[2026-05-16T03:26:34.981+0000] {logging_mixin.py:188} INFO - [2026-05-16T03:26:34.980+0000] {dagbag.py:538} INFO - Filling up the DagBag from /home/airflow/.local/lib/python3.8/site-packages/airflow/example_dags/example_latest_only_with_trigger.py
[2026-05-16T03:26:34.992+0000] {processor.py:840} INFO - DAG(s) 'latest_only_with_trigger' retrieved from /home/airflow/.local/lib/python3.8/site-packages/airflow/example_dags/example_latest_only_with_trigger.py
[2026-05-16T03:26:35.035+0000] {logging_mixin.py:188} INFO - [2026-05-16T03:26:35.035+0000] {dag.py:3036} INFO - Sync 1 DAGs
[2026-05-16T03:26:35.080+0000] {logging_mixin.py:188} INFO - [2026-05-16T03:26:35.080+0000] {dag.py:3823} INFO - Setting next_dagrun for latest_only_with_trigger to 2026-05-15 20:00:00+00:00, run_after=2026-05-16 00:00:00+00:00
[2026-05-16T03:26:35.114+0000] {processor.py:183} INFO - Processing /home/airflow/.local/lib/python3.8/site-packages/airflow/example_dags/example_latest_only_with_trigger.py took 0.144 seconds
[2026-05-16T03:27:05.679+0000] {processor.py:161} INFO - Started process (PID=5613) to work on /home/airflow/.local/lib/python3.8/site-packages/airflow/example_dags/example_latest_only_with_trigger.py
[2026-05-16T03:27:05.681+0000] {processor.py:830} INFO - Processing file /home/airflow/.local/lib/python3.8/site-packages/airflow/example_dags/example_latest_only_with_trigger.py for tasks to queue
[2026-05-16T03:27:05.684+0000] {logging_mixin.py:188} INFO - [2026-05-16T03:27:05.684+0000] {dagbag.py:538} INFO - Filling up the DagBag from /home/airflow/.local/lib/python3.8/site-packages/airflow/example_dags/example_latest_only_with_trigger.py
[2026-05-16T03:27:05.695+0000] {processor.py:840} INFO - DAG(s) 'latest_only_with_trigger' retrieved from /home/airflow/.local/lib/python3.8/site-packages/airflow/example_dags/example_latest_only_with_trigger.py
[2026-05-16T03:27:05.739+0000] {logging_mixin.py:188} INFO - [2026-05-16T03:27:05.739+0000] {dag.py:3036} INFO - Sync 1 DAGs
[2026-05-16T03:27:05.784+0000] {logging_mixin.py:188} INFO - [2026-05-16T03:27:05.783+0000] {dag.py:3823} INFO - Setting next_dagrun for latest_only_with_trigger to 2026-05-15 20:00:00+00:00, run_after=2026-05-16 00:00:00+00:00
[2026-05-16T03:27:05.818+0000] {processor.py:183} INFO - Processing /home/airflow/.local/lib/python3.8/site-packages/airflow/example_dags/example_latest_only_with_trigger.py took 0.146 seconds
[2026-05-16T03:27:36.477+0000] {processor.py:161} INFO - Started process (PID=5677) to work on /home/airflow/.local/lib/python3.8/site-packages/airflow/example_dags/example_latest_only_with_trigger.py
[2026-05-16T03:27:36.484+0000] {processor.py:830} INFO - Processing file /home/airflow/.local/lib/python3.8/site-packages/airflow/example_dags/example_latest_only_with_trigger.py for tasks to queue
[2026-05-16T03:27:36.496+0000] {logging_mixin.py:188} INFO - [2026-05-16T03:27:36.495+0000] {dagbag.py:538} INFO - Filling up the DagBag from /home/airflow/.local/lib/python3.8/site-packages/airflow/example_dags/example_latest_only_with_trigger.py
[2026-05-16T03:27:36.509+0000] {processor.py:840} INFO - DAG(s) 'latest_only_with_trigger' retrieved from /home/airflow/.local/lib/python3.8/site-packages/airflow/example_dags/example_latest_only_with_trigger.py
[2026-05-16T03:27:36.571+0000] {logging_mixin.py:188} INFO - [2026-05-16T03:27:36.570+0000] {dag.py:3036} INFO - Sync 1 DAGs
[2026-05-16T03:27:36.629+0000] {logging_mixin.py:188} INFO - [2026-05-16T03:27:36.629+0000] {dag.py:3823} INFO - Setting next_dagrun for latest_only_with_trigger to 2026-05-15 20:00:00+00:00, run_after=2026-05-16 00:00:00+00:00
[2026-05-16T03:27:36.665+0000] {processor.py:183} INFO - Processing /home/airflow/.local/lib/python3.8/site-packages/airflow/example_dags/example_latest_only_with_trigger.py took 0.194 seconds
[2026-05-16T03:28:07.225+0000] {processor.py:161} INFO - Started process (PID=5743) to work on /home/airflow/.local/lib/python3.8/site-packages/airflow/example_dags/example_latest_only_with_trigger.py
[2026-05-16T03:28:07.227+0000] {processor.py:830} INFO - Processing file /home/airflow/.local/lib/python3.8/site-packages/airflow/example_dags/example_latest_only_with_trigger.py for tasks to queue
[2026-05-16T03:28:07.230+0000] {logging_mixin.py:188} INFO - [2026-05-16T03:28:07.230+0000] {dagbag.py:538} INFO - Filling up the DagBag from /home/airflow/.local/lib/python3.8/site-packages/airflow/example_dags/example_latest_only_with_trigger.py
[2026-05-16T03:28:07.240+0000] {processor.py:840} INFO - DAG(s) 'latest_only_with_trigger' retrieved from /home/airflow/.local/lib/python3.8/site-packages/airflow/example_dags/example_latest_only_with_trigger.py
[2026-05-16T03:28:07.284+0000] {logging_mixin.py:188} INFO - [2026-05-16T03:28:07.284+0000] {dag.py:3036} INFO - Sync 1 DAGs
[2026-05-16T03:28:07.323+0000] {logging_mixin.py:188} INFO - [2026-05-16T03:28:07.322+0000] {dag.py:3823} INFO - Setting next_dagrun for latest_only_with_trigger to 2026-05-15 20:00:00+00:00, run_after=2026-05-16 00:00:00+00:00
[2026-05-16T03:28:07.357+0000] {processor.py:183} INFO - Processing /home/airflow/.local/lib/python3.8/site-packages/airflow/example_dags/example_latest_only_with_trigger.py took 0.137 seconds
[2026-05-16T03:28:37.468+0000] {processor.py:161} INFO - Started process (PID=5807) to work on /home/airflow/.local/lib/python3.8/site-packages/airflow/example_dags/example_latest_only_with_trigger.py
[2026-05-16T03:28:37.470+0000] {processor.py:830} INFO - Processing file /home/airflow/.local/lib/python3.8/site-packages/airflow/example_dags/example_latest_only_with_trigger.py for tasks to queue
[2026-05-16T03:28:37.473+0000] {logging_mixin.py:188} INFO - [2026-05-16T03:28:37.472+0000] {dagbag.py:538} INFO - Filling up the DagBag from /home/airflow/.local/lib/python3.8/site-packages/airflow/example_dags/example_latest_only_with_trigger.py
[2026-05-16T03:28:37.482+0000] {processor.py:840} INFO - DAG(s) 'latest_only_with_trigger' retrieved from /home/airflow/.local/lib/python3.8/site-packages/airflow/example_dags/example_latest_only_with_trigger.py
[2026-05-16T03:28:37.526+0000] {logging_mixin.py:188} INFO - [2026-05-16T03:28:37.526+0000] {dag.py:3036} INFO - Sync 1 DAGs
[2026-05-16T03:28:37.568+0000] {logging_mixin.py:188} INFO - [2026-05-16T03:28:37.568+0000] {dag.py:3823} INFO - Setting next_dagrun for latest_only_with_trigger to 2026-05-15 20:00:00+00:00, run_after=2026-05-16 00:00:00+00:00
[2026-05-16T03:28:37.599+0000] {processor.py:183} INFO - Processing /home/airflow/.local/lib/python3.8/site-packages/airflow/example_dags/example_latest_only_with_trigger.py took 0.137 seconds
[2026-05-16T03:29:08.235+0000] {processor.py:161} INFO - Started process (PID=5870) to work on /home/airflow/.local/lib/python3.8/site-packages/airflow/example_dags/example_latest_only_with_trigger.py
[2026-05-16T03:29:08.238+0000] {processor.py:830} INFO - Processing file /home/airflow/.local/lib/python3.8/site-packages/airflow/example_dags/example_latest_only_with_trigger.py for tasks to queue
[2026-05-16T03:29:08.241+0000] {logging_mixin.py:188} INFO - [2026-05-16T03:29:08.241+0000] {dagbag.py:538} INFO - Filling up the DagBag from /home/airflow/.local/lib/python3.8/site-packages/airflow/example_dags/example_latest_only_with_trigger.py
[2026-05-16T03:29:08.253+0000] {processor.py:840} INFO - DAG(s) 'latest_only_with_trigger' retrieved from /home/airflow/.local/lib/python3.8/site-packages/airflow/example_dags/example_latest_only_with_trigger.py
[2026-05-16T03:29:08.296+0000] {logging_mixin.py:188} INFO - [2026-05-16T03:29:08.296+0000] {dag.py:3036} INFO - Sync 1 DAGs
[2026-05-16T03:29:08.342+0000] {logging_mixin.py:188} INFO - [2026-05-16T03:29:08.342+0000] {dag.py:3823} INFO - Setting next_dagrun for latest_only_with_trigger to 2026-05-15 20:00:00+00:00, run_after=2026-05-16 00:00:00+00:00
[2026-05-16T03:29:08.377+0000] {processor.py:183} INFO - Processing /home/airflow/.local/lib/python3.8/site-packages/airflow/example_dags/example_latest_only_with_trigger.py took 0.148 seconds
[2026-05-16T03:29:38.680+0000] {processor.py:161} INFO - Started process (PID=5935) to work on /home/airflow/.local/lib/python3.8/site-packages/airflow/example_dags/example_latest_only_with_trigger.py
[2026-05-16T03:29:38.682+0000] {processor.py:830} INFO - Processing file /home/airflow/.local/lib/python3.8/site-packages/airflow/example_dags/example_latest_only_with_trigger.py for tasks to queue
[2026-05-16T03:29:38.685+0000] {logging_mixin.py:188} INFO - [2026-05-16T03:29:38.685+0000] {dagbag.py:538} INFO - Filling up the DagBag from /home/airflow/.local/lib/python3.8/site-packages/airflow/example_dags/example_latest_only_with_trigger.py
[2026-05-16T03:29:38.694+0000] {processor.py:840} INFO - DAG(s) 'latest_only_with_trigger' retrieved from /home/airflow/.local/lib/python3.8/site-packages/airflow/example_dags/example_latest_only_with_trigger.py
[2026-05-16T03:29:38.736+0000] {logging_mixin.py:188} INFO - [2026-05-16T03:29:38.736+0000] {dag.py:3036} INFO - Sync 1 DAGs
[2026-05-16T03:29:38.780+0000] {logging_mixin.py:188} INFO - [2026-05-16T03:29:38.779+0000] {dag.py:3823} INFO - Setting next_dagrun for latest_only_with_trigger to 2026-05-15 20:00:00+00:00, run_after=2026-05-16 00:00:00+00:00
[2026-05-16T03:29:38.819+0000] {processor.py:183} INFO - Processing /home/airflow/.local/lib/python3.8/site-packages/airflow/example_dags/example_latest_only_with_trigger.py took 0.146 seconds
[2026-05-16T03:30:09.335+0000] {processor.py:161} INFO - Started process (PID=5999) to work on /home/airflow/.local/lib/python3.8/site-packages/airflow/example_dags/example_latest_only_with_trigger.py
[2026-05-16T03:30:09.337+0000] {processor.py:830} INFO - Processing file /home/airflow/.local/lib/python3.8/site-packages/airflow/example_dags/example_latest_only_with_trigger.py for tasks to queue
[2026-05-16T03:30:09.340+0000] {logging_mixin.py:188} INFO - [2026-05-16T03:30:09.339+0000] {dagbag.py:538} INFO - Filling up the DagBag from /home/airflow/.local/lib/python3.8/site-packages/airflow/example_dags/example_latest_only_with_trigger.py
[2026-05-16T03:30:09.349+0000] {processor.py:840} INFO - DAG(s) 'latest_only_with_trigger' retrieved from /home/airflow/.local/lib/python3.8/site-packages/airflow/example_dags/example_latest_only_with_trigger.py
[2026-05-16T03:30:09.392+0000] {logging_mixin.py:188} INFO - [2026-05-16T03:30:09.391+0000] {dag.py:3036} INFO - Sync 1 DAGs
[2026-05-16T03:30:09.430+0000] {logging_mixin.py:188} INFO - [2026-05-16T03:30:09.430+0000] {dag.py:3823} INFO - Setting next_dagrun for latest_only_with_trigger to 2026-05-15 20:00:00+00:00, run_after=2026-05-16 00:00:00+00:00
[2026-05-16T03:30:09.461+0000] {processor.py:183} INFO - Processing /home/airflow/.local/lib/python3.8/site-packages/airflow/example_dags/example_latest_only_with_trigger.py took 0.131 seconds
[2026-05-16T03:30:39.658+0000] {processor.py:161} INFO - Started process (PID=6064) to work on /home/airflow/.local/lib/python3.8/site-packages/airflow/example_dags/example_latest_only_with_trigger.py
[2026-05-16T03:30:39.660+0000] {processor.py:830} INFO - Processing file /home/airflow/.local/lib/python3.8/site-packages/airflow/example_dags/example_latest_only_with_trigger.py for tasks to queue
[2026-05-16T03:30:39.663+0000] {logging_mixin.py:188} INFO - [2026-05-16T03:30:39.663+0000] {dagbag.py:538} INFO - Filling up the DagBag from /home/airflow/.local/lib/python3.8/site-packages/airflow/example_dags/example_latest_only_with_trigger.py
[2026-05-16T03:30:39.674+0000] {processor.py:840} INFO - DAG(s) 'latest_only_with_trigger' retrieved from /home/airflow/.local/lib/python3.8/site-packages/airflow/example_dags/example_latest_only_with_trigger.py
[2026-05-16T03:30:39.718+0000] {logging_mixin.py:188} INFO - [2026-05-16T03:30:39.718+0000] {dag.py:3036} INFO - Sync 1 DAGs
[2026-05-16T03:30:39.763+0000] {logging_mixin.py:188} INFO - [2026-05-16T03:30:39.763+0000] {dag.py:3823} INFO - Setting next_dagrun for latest_only_with_trigger to 2026-05-15 20:00:00+00:00, run_after=2026-05-16 00:00:00+00:00
[2026-05-16T03:30:39.796+0000] {processor.py:183} INFO - Processing /home/airflow/.local/lib/python3.8/site-packages/airflow/example_dags/example_latest_only_with_trigger.py took 0.143 seconds
[2026-05-16T03:31:10.713+0000] {processor.py:161} INFO - Started process (PID=6127) to work on /home/airflow/.local/lib/python3.8/site-packages/airflow/example_dags/example_latest_only_with_trigger.py
[2026-05-16T03:31:10.715+0000] {processor.py:830} INFO - Processing file /home/airflow/.local/lib/python3.8/site-packages/airflow/example_dags/example_latest_only_with_trigger.py for tasks to queue
[2026-05-16T03:31:10.718+0000] {logging_mixin.py:188} INFO - [2026-05-16T03:31:10.717+0000] {dagbag.py:538} INFO - Filling up the DagBag from /home/airflow/.local/lib/python3.8/site-packages/airflow/example_dags/example_latest_only_with_trigger.py
[2026-05-16T03:31:10.726+0000] {processor.py:840} INFO - DAG(s) 'latest_only_with_trigger' retrieved from /home/airflow/.local/lib/python3.8/site-packages/airflow/example_dags/example_latest_only_with_trigger.py
[2026-05-16T03:31:10.766+0000] {logging_mixin.py:188} INFO - [2026-05-16T03:31:10.766+0000] {dag.py:3036} INFO - Sync 1 DAGs
[2026-05-16T03:31:10.803+0000] {logging_mixin.py:188} INFO - [2026-05-16T03:31:10.803+0000] {dag.py:3823} INFO - Setting next_dagrun for latest_only_with_trigger to 2026-05-15 20:00:00+00:00, run_after=2026-05-16 00:00:00+00:00
[2026-05-16T03:31:10.834+0000] {processor.py:183} INFO - Processing /home/airflow/.local/lib/python3.8/site-packages/airflow/example_dags/example_latest_only_with_trigger.py took 0.126 seconds
[2026-05-16T03:31:41.010+0000] {processor.py:161} INFO - Started process (PID=6191) to work on /home/airflow/.local/lib/python3.8/site-packages/airflow/example_dags/example_latest_only_with_trigger.py
[2026-05-16T03:31:41.012+0000] {processor.py:830} INFO - Processing file /home/airflow/.local/lib/python3.8/site-packages/airflow/example_dags/example_latest_only_with_trigger.py for tasks to queue
[2026-05-16T03:31:41.016+0000] {logging_mixin.py:188} INFO - [2026-05-16T03:31:41.015+0000] {dagbag.py:538} INFO - Filling up the DagBag from /home/airflow/.local/lib/python3.8/site-packages/airflow/example_dags/example_latest_only_with_trigger.py
[2026-05-16T03:31:41.026+0000] {processor.py:840} INFO - DAG(s) 'latest_only_with_trigger' retrieved from /home/airflow/.local/lib/python3.8/site-packages/airflow/example_dags/example_latest_only_with_trigger.py
[2026-05-16T03:31:41.072+0000] {logging_mixin.py:188} INFO - [2026-05-16T03:31:41.071+0000] {dag.py:3036} INFO - Sync 1 DAGs
[2026-05-16T03:31:41.119+0000] {logging_mixin.py:188} INFO - [2026-05-16T03:31:41.118+0000] {dag.py:3823} INFO - Setting next_dagrun for latest_only_with_trigger to 2026-05-15 20:00:00+00:00, run_after=2026-05-16 00:00:00+00:00
[2026-05-16T03:31:41.152+0000] {processor.py:183} INFO - Processing /home/airflow/.local/lib/python3.8/site-packages/airflow/example_dags/example_latest_only_with_trigger.py took 0.147 seconds
[2026-05-16T03:32:11.250+0000] {processor.py:161} INFO - Started process (PID=6257) to work on /home/airflow/.local/lib/python3.8/site-packages/airflow/example_dags/example_latest_only_with_trigger.py
[2026-05-16T03:32:11.252+0000] {processor.py:830} INFO - Processing file /home/airflow/.local/lib/python3.8/site-packages/airflow/example_dags/example_latest_only_with_trigger.py for tasks to queue
[2026-05-16T03:32:11.255+0000] {logging_mixin.py:188} INFO - [2026-05-16T03:32:11.255+0000] {dagbag.py:538} INFO - Filling up the DagBag from /home/airflow/.local/lib/python3.8/site-packages/airflow/example_dags/example_latest_only_with_trigger.py
[2026-05-16T03:32:11.265+0000] {processor.py:840} INFO - DAG(s) 'latest_only_with_trigger' retrieved from /home/airflow/.local/lib/python3.8/site-packages/airflow/example_dags/example_latest_only_with_trigger.py
[2026-05-16T03:32:11.312+0000] {logging_mixin.py:188} INFO - [2026-05-16T03:32:11.312+0000] {dag.py:3036} INFO - Sync 1 DAGs
[2026-05-16T03:32:11.357+0000] {logging_mixin.py:188} INFO - [2026-05-16T03:32:11.356+0000] {dag.py:3823} INFO - Setting next_dagrun for latest_only_with_trigger to 2026-05-15 20:00:00+00:00, run_after=2026-05-16 00:00:00+00:00
[2026-05-16T03:32:11.393+0000] {processor.py:183} INFO - Processing /home/airflow/.local/lib/python3.8/site-packages/airflow/example_dags/example_latest_only_with_trigger.py took 0.149 seconds
[2026-05-16T03:32:41.630+0000] {processor.py:161} INFO - Started process (PID=6322) to work on /home/airflow/.local/lib/python3.8/site-packages/airflow/example_dags/example_latest_only_with_trigger.py
[2026-05-16T03:32:41.632+0000] {processor.py:830} INFO - Processing file /home/airflow/.local/lib/python3.8/site-packages/airflow/example_dags/example_latest_only_with_trigger.py for tasks to queue
[2026-05-16T03:32:41.634+0000] {logging_mixin.py:188} INFO - [2026-05-16T03:32:41.633+0000] {dagbag.py:538} INFO - Filling up the DagBag from /home/airflow/.local/lib/python3.8/site-packages/airflow/example_dags/example_latest_only_with_trigger.py
[2026-05-16T03:32:41.644+0000] {processor.py:840} INFO - DAG(s) 'latest_only_with_trigger' retrieved from /home/airflow/.local/lib/python3.8/site-packages/airflow/example_dags/example_latest_only_with_trigger.py
[2026-05-16T03:32:41.691+0000] {logging_mixin.py:188} INFO - [2026-05-16T03:32:41.691+0000] {dag.py:3036} INFO - Sync 1 DAGs
[2026-05-16T03:32:41.734+0000] {logging_mixin.py:188} INFO - [2026-05-16T03:32:41.733+0000] {dag.py:3823} INFO - Setting next_dagrun for latest_only_with_trigger to 2026-05-15 20:00:00+00:00, run_after=2026-05-16 00:00:00+00:00
[2026-05-16T03:32:41.768+0000] {processor.py:183} INFO - Processing /home/airflow/.local/lib/python3.8/site-packages/airflow/example_dags/example_latest_only_with_trigger.py took 0.143 seconds
[2026-05-16T03:33:12.815+0000] {processor.py:161} INFO - Started process (PID=6387) to work on /home/airflow/.local/lib/python3.8/site-packages/airflow/example_dags/example_latest_only_with_trigger.py
[2026-05-16T03:33:12.817+0000] {processor.py:830} INFO - Processing file /home/airflow/.local/lib/python3.8/site-packages/airflow/example_dags/example_latest_only_with_trigger.py for tasks to queue
[2026-05-16T03:33:12.820+0000] {logging_mixin.py:188} INFO - [2026-05-16T03:33:12.819+0000] {dagbag.py:538} INFO - Filling up the DagBag from /home/airflow/.local/lib/python3.8/site-packages/airflow/example_dags/example_latest_only_with_trigger.py
[2026-05-16T03:33:12.830+0000] {processor.py:840} INFO - DAG(s) 'latest_only_with_trigger' retrieved from /home/airflow/.local/lib/python3.8/site-packages/airflow/example_dags/example_latest_only_with_trigger.py
[2026-05-16T03:33:12.904+0000] {logging_mixin.py:188} INFO - [2026-05-16T03:33:12.903+0000] {dag.py:3036} INFO - Sync 1 DAGs
[2026-05-16T03:33:12.951+0000] {logging_mixin.py:188} INFO - [2026-05-16T03:33:12.950+0000] {dag.py:3823} INFO - Setting next_dagrun for latest_only_with_trigger to 2026-05-15 20:00:00+00:00, run_after=2026-05-16 00:00:00+00:00
[2026-05-16T03:33:13.007+0000] {processor.py:183} INFO - Processing /home/airflow/.local/lib/python3.8/site-packages/airflow/example_dags/example_latest_only_with_trigger.py took 0.211 seconds
[2026-05-16T03:33:43.190+0000] {processor.py:161} INFO - Started process (PID=6452) to work on /home/airflow/.local/lib/python3.8/site-packages/airflow/example_dags/example_latest_only_with_trigger.py
[2026-05-16T03:33:43.193+0000] {processor.py:830} INFO - Processing file /home/airflow/.local/lib/python3.8/site-packages/airflow/example_dags/example_latest_only_with_trigger.py for tasks to queue
[2026-05-16T03:33:43.196+0000] {logging_mixin.py:188} INFO - [2026-05-16T03:33:43.195+0000] {dagbag.py:538} INFO - Filling up the DagBag from /home/airflow/.local/lib/python3.8/site-packages/airflow/example_dags/example_latest_only_with_trigger.py
[2026-05-16T03:33:43.205+0000] {processor.py:840} INFO - DAG(s) 'latest_only_with_trigger' retrieved from /home/airflow/.local/lib/python3.8/site-packages/airflow/example_dags/example_latest_only_with_trigger.py
[2026-05-16T03:33:43.252+0000] {logging_mixin.py:188} INFO - [2026-05-16T03:33:43.252+0000] {dag.py:3036} INFO - Sync 1 DAGs
[2026-05-16T03:33:43.306+0000] {logging_mixin.py:188} INFO - [2026-05-16T03:33:43.305+0000] {dag.py:3823} INFO - Setting next_dagrun for latest_only_with_trigger to 2026-05-15 20:00:00+00:00, run_after=2026-05-16 00:00:00+00:00
[2026-05-16T03:33:43.389+0000] {processor.py:183} INFO - Processing /home/airflow/.local/lib/python3.8/site-packages/airflow/example_dags/example_latest_only_with_trigger.py took 0.205 seconds
[2026-05-16T03:34:13.995+0000] {processor.py:161} INFO - Started process (PID=6526) to work on /home/airflow/.local/lib/python3.8/site-packages/airflow/example_dags/example_latest_only_with_trigger.py
[2026-05-16T03:34:13.997+0000] {processor.py:830} INFO - Processing file /home/airflow/.local/lib/python3.8/site-packages/airflow/example_dags/example_latest_only_with_trigger.py for tasks to queue
[2026-05-16T03:34:14.001+0000] {logging_mixin.py:188} INFO - [2026-05-16T03:34:14.000+0000] {dagbag.py:538} INFO - Filling up the DagBag from /home/airflow/.local/lib/python3.8/site-packages/airflow/example_dags/example_latest_only_with_trigger.py
[2026-05-16T03:34:14.012+0000] {processor.py:840} INFO - DAG(s) 'latest_only_with_trigger' retrieved from /home/airflow/.local/lib/python3.8/site-packages/airflow/example_dags/example_latest_only_with_trigger.py
[2026-05-16T03:34:14.057+0000] {logging_mixin.py:188} INFO - [2026-05-16T03:34:14.057+0000] {dag.py:3036} INFO - Sync 1 DAGs
[2026-05-16T03:34:14.120+0000] {logging_mixin.py:188} INFO - [2026-05-16T03:34:14.120+0000] {dag.py:3823} INFO - Setting next_dagrun for latest_only_with_trigger to 2026-05-15 20:00:00+00:00, run_after=2026-05-16 00:00:00+00:00
[2026-05-16T03:34:14.200+0000] {processor.py:183} INFO - Processing /home/airflow/.local/lib/python3.8/site-packages/airflow/example_dags/example_latest_only_with_trigger.py took 0.211 seconds
[2026-05-16T03:34:44.424+0000] {processor.py:161} INFO - Started process (PID=6591) to work on /home/airflow/.local/lib/python3.8/site-packages/airflow/example_dags/example_latest_only_with_trigger.py
[2026-05-16T03:34:44.426+0000] {processor.py:830} INFO - Processing file /home/airflow/.local/lib/python3.8/site-packages/airflow/example_dags/example_latest_only_with_trigger.py for tasks to queue
[2026-05-16T03:34:44.428+0000] {logging_mixin.py:188} INFO - [2026-05-16T03:34:44.428+0000] {dagbag.py:538} INFO - Filling up the DagBag from /home/airflow/.local/lib/python3.8/site-packages/airflow/example_dags/example_latest_only_with_trigger.py
[2026-05-16T03:34:44.437+0000] {processor.py:840} INFO - DAG(s) 'latest_only_with_trigger' retrieved from /home/airflow/.local/lib/python3.8/site-packages/airflow/example_dags/example_latest_only_with_trigger.py
[2026-05-16T03:34:44.483+0000] {logging_mixin.py:188} INFO - [2026-05-16T03:34:44.483+0000] {dag.py:3036} INFO - Sync 1 DAGs
[2026-05-16T03:34:44.530+0000] {logging_mixin.py:188} INFO - [2026-05-16T03:34:44.529+0000] {dag.py:3823} INFO - Setting next_dagrun for latest_only_with_trigger to 2026-05-15 20:00:00+00:00, run_after=2026-05-16 00:00:00+00:00
[2026-05-16T03:34:44.567+0000] {processor.py:183} INFO - Processing /home/airflow/.local/lib/python3.8/site-packages/airflow/example_dags/example_latest_only_with_trigger.py took 0.149 seconds
[2026-05-16T03:35:15.563+0000] {processor.py:161} INFO - Started process (PID=6656) to work on /home/airflow/.local/lib/python3.8/site-packages/airflow/example_dags/example_latest_only_with_trigger.py
[2026-05-16T03:35:15.566+0000] {processor.py:830} INFO - Processing file /home/airflow/.local/lib/python3.8/site-packages/airflow/example_dags/example_latest_only_with_trigger.py for tasks to queue
[2026-05-16T03:35:15.570+0000] {logging_mixin.py:188} INFO - [2026-05-16T03:35:15.569+0000] {dagbag.py:538} INFO - Filling up the DagBag from /home/airflow/.local/lib/python3.8/site-packages/airflow/example_dags/example_latest_only_with_trigger.py
[2026-05-16T03:35:15.581+0000] {processor.py:840} INFO - DAG(s) 'latest_only_with_trigger' retrieved from /home/airflow/.local/lib/python3.8/site-packages/airflow/example_dags/example_latest_only_with_trigger.py
[2026-05-16T03:35:15.659+0000] {logging_mixin.py:188} INFO - [2026-05-16T03:35:15.659+0000] {dag.py:3036} INFO - Sync 1 DAGs
[2026-05-16T03:35:15.748+0000] {logging_mixin.py:188} INFO - [2026-05-16T03:35:15.748+0000] {dag.py:3823} INFO - Setting next_dagrun for latest_only_with_trigger to 2026-05-15 20:00:00+00:00, run_after=2026-05-16 00:00:00+00:00
[2026-05-16T03:35:15.786+0000] {processor.py:183} INFO - Processing /home/airflow/.local/lib/python3.8/site-packages/airflow/example_dags/example_latest_only_with_trigger.py took 0.231 seconds
[2026-05-16T03:35:45.958+0000] {processor.py:161} INFO - Started process (PID=6721) to work on /home/airflow/.local/lib/python3.8/site-packages/airflow/example_dags/example_latest_only_with_trigger.py
[2026-05-16T03:35:45.960+0000] {processor.py:830} INFO - Processing file /home/airflow/.local/lib/python3.8/site-packages/airflow/example_dags/example_latest_only_with_trigger.py for tasks to queue
[2026-05-16T03:35:45.964+0000] {logging_mixin.py:188} INFO - [2026-05-16T03:35:45.963+0000] {dagbag.py:538} INFO - Filling up the DagBag from /home/airflow/.local/lib/python3.8/site-packages/airflow/example_dags/example_latest_only_with_trigger.py
[2026-05-16T03:35:45.973+0000] {processor.py:840} INFO - DAG(s) 'latest_only_with_trigger' retrieved from /home/airflow/.local/lib/python3.8/site-packages/airflow/example_dags/example_latest_only_with_trigger.py
[2026-05-16T03:35:46.012+0000] {logging_mixin.py:188} INFO - [2026-05-16T03:35:46.012+0000] {dag.py:3036} INFO - Sync 1 DAGs
[2026-05-16T03:35:46.057+0000] {logging_mixin.py:188} INFO - [2026-05-16T03:35:46.057+0000] {dag.py:3823} INFO - Setting next_dagrun for latest_only_with_trigger to 2026-05-15 20:00:00+00:00, run_after=2026-05-16 00:00:00+00:00
[2026-05-16T03:35:46.107+0000] {processor.py:183} INFO - Processing /home/airflow/.local/lib/python3.8/site-packages/airflow/example_dags/example_latest_only_with_trigger.py took 0.154 seconds
[2026-05-16T03:36:16.425+0000] {processor.py:161} INFO - Started process (PID=6787) to work on /home/airflow/.local/lib/python3.8/site-packages/airflow/example_dags/example_latest_only_with_trigger.py
[2026-05-16T03:36:16.428+0000] {processor.py:830} INFO - Processing file /home/airflow/.local/lib/python3.8/site-packages/airflow/example_dags/example_latest_only_with_trigger.py for tasks to queue
[2026-05-16T03:36:16.430+0000] {logging_mixin.py:188} INFO - [2026-05-16T03:36:16.430+0000] {dagbag.py:538} INFO - Filling up the DagBag from /home/airflow/.local/lib/python3.8/site-packages/airflow/example_dags/example_latest_only_with_trigger.py
[2026-05-16T03:36:16.439+0000] {processor.py:840} INFO - DAG(s) 'latest_only_with_trigger' retrieved from /home/airflow/.local/lib/python3.8/site-packages/airflow/example_dags/example_latest_only_with_trigger.py
[2026-05-16T03:36:16.476+0000] {logging_mixin.py:188} INFO - [2026-05-16T03:36:16.476+0000] {dag.py:3036} INFO - Sync 1 DAGs
[2026-05-16T03:36:16.522+0000] {logging_mixin.py:188} INFO - [2026-05-16T03:36:16.521+0000] {dag.py:3823} INFO - Setting next_dagrun for latest_only_with_trigger to 2026-05-15 20:00:00+00:00, run_after=2026-05-16 00:00:00+00:00
[2026-05-16T03:36:16.573+0000] {processor.py:183} INFO - Processing /home/airflow/.local/lib/python3.8/site-packages/airflow/example_dags/example_latest_only_with_trigger.py took 0.153 seconds
[2026-05-16T03:36:47.035+0000] {processor.py:161} INFO - Started process (PID=6850) to work on /home/airflow/.local/lib/python3.8/site-packages/airflow/example_dags/example_latest_only_with_trigger.py
[2026-05-16T03:36:47.038+0000] {processor.py:830} INFO - Processing file /home/airflow/.local/lib/python3.8/site-packages/airflow/example_dags/example_latest_only_with_trigger.py for tasks to queue
[2026-05-16T03:36:47.046+0000] {logging_mixin.py:188} INFO - [2026-05-16T03:36:47.045+0000] {dagbag.py:538} INFO - Filling up the DagBag from /home/airflow/.local/lib/python3.8/site-packages/airflow/example_dags/example_latest_only_with_trigger.py
[2026-05-16T03:36:47.063+0000] {processor.py:840} INFO - DAG(s) 'latest_only_with_trigger' retrieved from /home/airflow/.local/lib/python3.8/site-packages/airflow/example_dags/example_latest_only_with_trigger.py
[2026-05-16T03:36:47.107+0000] {logging_mixin.py:188} INFO - [2026-05-16T03:36:47.107+0000] {dag.py:3036} INFO - Sync 1 DAGs
[2026-05-16T03:36:47.152+0000] {logging_mixin.py:188} INFO - [2026-05-16T03:36:47.152+0000] {dag.py:3823} INFO - Setting next_dagrun for latest_only_with_trigger to 2026-05-15 20:00:00+00:00, run_after=2026-05-16 00:00:00+00:00
[2026-05-16T03:36:47.186+0000] {processor.py:183} INFO - Processing /home/airflow/.local/lib/python3.8/site-packages/airflow/example_dags/example_latest_only_with_trigger.py took 0.176 seconds
[2026-05-16T03:37:18.098+0000] {processor.py:161} INFO - Started process (PID=6915) to work on /home/airflow/.local/lib/python3.8/site-packages/airflow/example_dags/example_latest_only_with_trigger.py
[2026-05-16T03:37:18.101+0000] {processor.py:830} INFO - Processing file /home/airflow/.local/lib/python3.8/site-packages/airflow/example_dags/example_latest_only_with_trigger.py for tasks to queue
[2026-05-16T03:37:18.104+0000] {logging_mixin.py:188} INFO - [2026-05-16T03:37:18.103+0000] {dagbag.py:538} INFO - Filling up the DagBag from /home/airflow/.local/lib/python3.8/site-packages/airflow/example_dags/example_latest_only_with_trigger.py
[2026-05-16T03:37:18.115+0000] {processor.py:840} INFO - DAG(s) 'latest_only_with_trigger' retrieved from /home/airflow/.local/lib/python3.8/site-packages/airflow/example_dags/example_latest_only_with_trigger.py
[2026-05-16T03:37:18.165+0000] {logging_mixin.py:188} INFO - [2026-05-16T03:37:18.165+0000] {dag.py:3036} INFO - Sync 1 DAGs
[2026-05-16T03:37:18.204+0000] {logging_mixin.py:188} INFO - [2026-05-16T03:37:18.204+0000] {dag.py:3823} INFO - Setting next_dagrun for latest_only_with_trigger to 2026-05-15 20:00:00+00:00, run_after=2026-05-16 00:00:00+00:00
[2026-05-16T03:37:18.240+0000] {processor.py:183} INFO - Processing /home/airflow/.local/lib/python3.8/site-packages/airflow/example_dags/example_latest_only_with_trigger.py took 0.147 seconds
[2026-05-16T03:37:48.336+0000] {processor.py:161} INFO - Started process (PID=6979) to work on /home/airflow/.local/lib/python3.8/site-packages/airflow/example_dags/example_latest_only_with_trigger.py
[2026-05-16T03:37:48.337+0000] {processor.py:830} INFO - Processing file /home/airflow/.local/lib/python3.8/site-packages/airflow/example_dags/example_latest_only_with_trigger.py for tasks to queue
[2026-05-16T03:37:48.340+0000] {logging_mixin.py:188} INFO - [2026-05-16T03:37:48.339+0000] {dagbag.py:538} INFO - Filling up the DagBag from /home/airflow/.local/lib/python3.8/site-packages/airflow/example_dags/example_latest_only_with_trigger.py
[2026-05-16T03:37:48.350+0000] {processor.py:840} INFO - DAG(s) 'latest_only_with_trigger' retrieved from /home/airflow/.local/lib/python3.8/site-packages/airflow/example_dags/example_latest_only_with_trigger.py
[2026-05-16T03:37:48.389+0000] {logging_mixin.py:188} INFO - [2026-05-16T03:37:48.388+0000] {dag.py:3036} INFO - Sync 1 DAGs
[2026-05-16T03:37:48.428+0000] {logging_mixin.py:188} INFO - [2026-05-16T03:37:48.427+0000] {dag.py:3823} INFO - Setting next_dagrun for latest_only_with_trigger to 2026-05-15 20:00:00+00:00, run_after=2026-05-16 00:00:00+00:00
[2026-05-16T03:37:48.458+0000] {processor.py:183} INFO - Processing /home/airflow/.local/lib/python3.8/site-packages/airflow/example_dags/example_latest_only_with_trigger.py took 0.127 seconds
[2026-05-16T03:38:18.582+0000] {processor.py:161} INFO - Started process (PID=7043) to work on /home/airflow/.local/lib/python3.8/site-packages/airflow/example_dags/example_latest_only_with_trigger.py
[2026-05-16T03:38:18.584+0000] {processor.py:830} INFO - Processing file /home/airflow/.local/lib/python3.8/site-packages/airflow/example_dags/example_latest_only_with_trigger.py for tasks to queue
[2026-05-16T03:38:18.586+0000] {logging_mixin.py:188} INFO - [2026-05-16T03:38:18.586+0000] {dagbag.py:538} INFO - Filling up the DagBag from /home/airflow/.local/lib/python3.8/site-packages/airflow/example_dags/example_latest_only_with_trigger.py
[2026-05-16T03:38:18.595+0000] {processor.py:840} INFO - DAG(s) 'latest_only_with_trigger' retrieved from /home/airflow/.local/lib/python3.8/site-packages/airflow/example_dags/example_latest_only_with_trigger.py
[2026-05-16T03:38:18.635+0000] {logging_mixin.py:188} INFO - [2026-05-16T03:38:18.634+0000] {dag.py:3036} INFO - Sync 1 DAGs
[2026-05-16T03:38:18.677+0000] {logging_mixin.py:188} INFO - [2026-05-16T03:38:18.676+0000] {dag.py:3823} INFO - Setting next_dagrun for latest_only_with_trigger to 2026-05-15 20:00:00+00:00, run_after=2026-05-16 00:00:00+00:00
[2026-05-16T03:38:18.708+0000] {processor.py:183} INFO - Processing /home/airflow/.local/lib/python3.8/site-packages/airflow/example_dags/example_latest_only_with_trigger.py took 0.132 seconds
[2026-05-16T03:38:49.218+0000] {processor.py:161} INFO - Started process (PID=7108) to work on /home/airflow/.local/lib/python3.8/site-packages/airflow/example_dags/example_latest_only_with_trigger.py
[2026-05-16T03:38:49.219+0000] {processor.py:830} INFO - Processing file /home/airflow/.local/lib/python3.8/site-packages/airflow/example_dags/example_latest_only_with_trigger.py for tasks to queue
[2026-05-16T03:38:49.222+0000] {logging_mixin.py:188} INFO - [2026-05-16T03:38:49.221+0000] {dagbag.py:538} INFO - Filling up the DagBag from /home/airflow/.local/lib/python3.8/site-packages/airflow/example_dags/example_latest_only_with_trigger.py
[2026-05-16T03:38:49.230+0000] {processor.py:840} INFO - DAG(s) 'latest_only_with_trigger' retrieved from /home/airflow/.local/lib/python3.8/site-packages/airflow/example_dags/example_latest_only_with_trigger.py
[2026-05-16T03:38:49.267+0000] {logging_mixin.py:188} INFO - [2026-05-16T03:38:49.266+0000] {dag.py:3036} INFO - Sync 1 DAGs
[2026-05-16T03:38:49.308+0000] {logging_mixin.py:188} INFO - [2026-05-16T03:38:49.307+0000] {dag.py:3823} INFO - Setting next_dagrun for latest_only_with_trigger to 2026-05-15 20:00:00+00:00, run_after=2026-05-16 00:00:00+00:00
[2026-05-16T03:38:49.337+0000] {processor.py:183} INFO - Processing /home/airflow/.local/lib/python3.8/site-packages/airflow/example_dags/example_latest_only_with_trigger.py took 0.125 seconds
[2026-05-16T03:39:20.036+0000] {processor.py:161} INFO - Started process (PID=7180) to work on /home/airflow/.local/lib/python3.8/site-packages/airflow/example_dags/example_latest_only_with_trigger.py
[2026-05-16T03:39:20.038+0000] {processor.py:830} INFO - Processing file /home/airflow/.local/lib/python3.8/site-packages/airflow/example_dags/example_latest_only_with_trigger.py for tasks to queue
[2026-05-16T03:39:20.041+0000] {logging_mixin.py:188} INFO - [2026-05-16T03:39:20.041+0000] {dagbag.py:538} INFO - Filling up the DagBag from /home/airflow/.local/lib/python3.8/site-packages/airflow/example_dags/example_latest_only_with_trigger.py
[2026-05-16T03:39:20.051+0000] {processor.py:840} INFO - DAG(s) 'latest_only_with_trigger' retrieved from /home/airflow/.local/lib/python3.8/site-packages/airflow/example_dags/example_latest_only_with_trigger.py
[2026-05-16T03:39:20.101+0000] {logging_mixin.py:188} INFO - [2026-05-16T03:39:20.100+0000] {dag.py:3036} INFO - Sync 1 DAGs
[2026-05-16T03:39:20.146+0000] {logging_mixin.py:188} INFO - [2026-05-16T03:39:20.145+0000] {dag.py:3823} INFO - Setting next_dagrun for latest_only_with_trigger to 2026-05-15 20:00:00+00:00, run_after=2026-05-16 00:00:00+00:00
[2026-05-16T03:39:20.176+0000] {processor.py:183} INFO - Processing /home/airflow/.local/lib/python3.8/site-packages/airflow/example_dags/example_latest_only_with_trigger.py took 0.145 seconds
